origin_year,cbsa_code,member,y_pred
2014,10180,0,-0.00629
2014,10420,0,0.000184
2014,10580,0,0.001585
2014,10740,0,-0.005921
2014,10780,0,-0.004187
2014,10900,0,0.001989
2014,11020,0,-0.004599
2014,11260,0,-0.003759
2014,11460,0,0.003998
2014,11500,0,-0.004321
2014,11540,0,0.003678
2014,11700,0,0.001665
2014,12020,0,-1.7e-05
2014,12100,0,0.003205
2014,12220,0,0.010766
2014,12420,0,0.017675
2014,12540,0,0.004158
2014,12580,0,-0.002986
2014,12620,0,-0.001506
2014,12700,0,0.000365
2014,12980,0,0.001847
2014,13020,0,-0.000678
2014,13380,0,-0.003118
2014,13460,0,0.015415
2014,13780,0,-0.001645
2014,14260,0,0.010413
2014,14500,0,-0.002219
2014,14740,0,-0.00654
2014,14860,0,0.003283
2014,15180,0,-0.003993
2014,15260,0,-0.000978
2014,15380,0,-0.000942
2014,15500,0,-0.003839
2014,15540,0,0.001645
2014,15940,0,-0.000158
2014,15980,0,0.011487
2014,16180,0,-0.009301
2014,16220,0,0.008413
2014,16300,0,-0.003793
2014,16700,0,0.01067
2014,16860,0,-0.003104
2014,16940,0,-0.00172
2014,17020,0,-0.001842
2014,17420,0,0.001053
2014,17660,0,0.006149
2014,17780,0,0.00603
2014,17820,0,0.000881
2014,17900,0,0.002536
2014,18020,0,0.00369
2014,18700,0,-0.005446
2014,19140,0,-0.005532
2014,19340,0,2.5e-05
2014,19460,0,-0.005808
2014,19500,0,-0.004028
2014,19740,0,0.004872
2014,20020,0,-0.000863
2014,20100,0,0.003483
2014,20220,0,-0.0024
2014,20740,0,0.0047
2014,20940,0,-0.002814
2014,21140,0,0.003826
2014,21300,0,-0.006062
2014,21500,0,-0.000808
2014,21660,0,-0.002587
2014,21820,0,-0.008161
2014,22020,0,0.017825
2014,22140,0,-0.015487
2014,22380,0,0.001745
2014,22420,0,0.000598
2014,22500,0,-0.006312
2014,22520,0,-0.001333
2014,22540,0,-0.001193
2014,22660,0,0.003648
2014,23420,0,0.001682
2014,23460,0,-0.004985
2014,23580,0,0.003654
2014,24020,0,-0.000712
2014,24140,0,-0.006441
2014,24220,0,0.005173
2014,24300,0,-0.00499
2014,24500,0,-0.006377
2014,24540,0,0.006379
2014,24580,0,0.002566
2014,24660,0,-0.002172
2014,25260,0,-0.005711
2014,25420,0,0.002995
2014,25500,0,0.000557
2014,25540,0,-0.001221
2014,25860,0,-0.006837
2014,25980,0,-0.010091
2014,26300,0,-0.006407
2014,26380,0,-0.002421
2014,26620,0,0.007639
2014,26980,0,0.005581
2014,27060,0,0.004157
2014,27100,0,0.002902
2014,27260,0,0.00697
2014,27340,0,0.008281
2014,27500,0,0.002146
2014,27620,0,-0.00782
2014,27740,0,-0.000333
2014,27780,0,-0.005144
2014,27860,0,0.002371
2014,27900,0,-0.006111
2014,28100,0,-0.003221
2014,28420,0,0.003006
2014,28660,0,0.000207
2014,28700,0,-0.007816
2014,28740,0,-0.001481
2014,29100,0,0.001573
2014,29340,0,-0.001964
2014,29420,0,-0.004092
2014,29460,0,0.004559
2014,29540,0,0.003265
2014,29700,0,0.00416
2014,29740,0,-0.006245
2014,29820,0,0.010604
2014,29940,0,0.001873
2014,30140,0,0.001215
2014,30300,0,-0.006369
2014,30340,0,-0.001307
2014,30460,0,0.004202
2014,30620,0,-0.00389
2014,30700,0,0.001099
2014,30780,0,0.000153
2014,30860,0,-1.8e-05
2014,31020,0,-0.00539
2014,31420,0,-0.008779
2014,31700,0,0.000214
2014,31900,0,-0.003202
2014,32580,0,0.001946
2014,32780,0,0.002583
2014,32900,0,0.002384
2014,33140,0,0.000218
2014,33340,0,0.000763
2014,33540,0,-0.004448
2014,33700,0,0.00439
2014,33780,0,-0.0013
2014,33860,0,-0.004853
2014,34060,0,-0.003408
2014,34580,0,-0.001535
2014,34620,0,-0.001424
2014,34740,0,0.002985
2014,34900,0,0.001482
2014,34940,0,0.010979
2014,35300,0,-0.002782
2014,35660,0,-0.00279
2014,35980,0,-0.001734
2014,36100,0,0.001209
2014,36220,0,0.014655
2014,36420,0,0.004942
2014,36500,0,0.00215
2014,36540,0,0.001931
2014,36740,0,0.012058
2014,36780,0,0.001721
2014,36980,0,-0.000847
2014,37100,0,-0.002236
2014,37340,0,0.001391
2014,37860,0,0.000847
2014,38060,0,0.008691
2014,38300,0,-5.1e-05
2014,38340,0,-0.00246
2014,38860,0,0.00231
2014,38900,0,0.002855
2014,38940,0,0.004782
2014,39300,0,4.6e-05
2014,39340,0,0.006866
2014,39380,0,-0.006912
2014,39460,0,0.004458
2014,39540,0,0.001174
2014,39580,0,0.015411
2014,39740,0,0.001309
2014,39820,0,-0.001316
2014,39900,0,0.004822
2014,40140,0,0.002655
2014,40220,0,-0.004933
2014,40420,0,-0.00113
2014,40580,0,-0.008485
2014,40660,0,-0.006762
2014,40900,0,0.003205
2014,40980,0,-0.004845
2014,41060,0,-0.002124
2014,41100,0,0.014518
2014,41140,0,-0.00845
2014,41420,0,-0.001757
2014,41500,0,-0.000222
2014,41700,0,0.004649
2014,41740,0,0.000478
2014,41940,0,0.002801
2014,42020,0,-0.001184
2014,42100,0,0.000152
2014,42140,0,-0.005999
2014,42220,0,0.000853
2014,42340,0,0.002376
2014,42540,0,-0.002678
2014,42680,0,0.002859
2014,43100,0,0.000254
2014,43300,0,-0.005597
2014,43620,0,0.011107
2014,43780,0,0.000613
2014,44100,0,-0.001973
2014,44180,0,0.000242
2014,44220,0,-0.001319
2014,44300,0,0.0036
2014,44700,0,0.002059
2014,45060,0,-0.000105
2014,45220,0,-0.005423
2014,45820,0,-0.007312
2014,45940,0,0.002575
2014,46060,0,-0.001824
2014,46140,0,0.000375
2014,46340,0,-0.004658
2014,46540,0,-0.003002
2014,46660,0,-0.010476
2014,46700,0,0.00419
2014,47220,0,-0.000202
2014,47300,0,0.000458
2014,47940,0,-0.002834
2014,48300,0,-0.002979
2014,48540,0,-0.007472
2014,48660,0,-0.005842
2014,48700,0,-0.005637
2014,49020,0,0.000502
2014,49420,0,-0.007547
2014,49620,0,0.003092
2014,49660,0,-0.002835
2014,49700,0,0.002281
2014,49740,0,-0.005312
2014,10180,1,-0.005704
2014,10420,1,3.8e-05
2014,10580,1,0.001847
2014,10740,1,-0.006124
2014,10780,1,-0.003877
2014,10900,1,0.001638
2014,11020,1,-0.004352
2014,11260,1,-0.003823
2014,11460,1,0.0046
2014,11500,1,-0.004309
2014,11540,1,0.003811
2014,11700,1,0.001731
2014,12020,1,-0.00042
2014,12100,1,0.003352
2014,12220,1,0.010257
2014,12420,1,0.016766
2014,12540,1,0.004532
2014,12580,1,-0.002172
2014,12620,1,-0.001727
2014,12700,1,0.000928
2014,12980,1,0.00105
2014,13020,1,-0.000871
2014,13380,1,-0.003409
2014,13460,1,0.014546
2014,13780,1,-0.001667
2014,14260,1,0.009962
2014,14500,1,-0.001619
2014,14740,1,-0.007167
2014,14860,1,0.003074
2014,15180,1,-0.003994
2014,15260,1,-0.001146
2014,15380,1,-0.000864
2014,15500,1,-0.004133
2014,15540,1,0.001946
2014,15940,1,-0.000182
2014,15980,1,0.012623
2014,16180,1,-0.008629
2014,16220,1,0.008998
2014,16300,1,-0.003993
2014,16700,1,0.01027
2014,16860,1,-0.003025
2014,16940,1,-0.00144
2014,17020,1,-0.0017
2014,17420,1,0.001164
2014,17660,1,0.005714
2014,17780,1,0.005764
2014,17820,1,0.000753
2014,17900,1,0.002112
2014,18020,1,0.003712
2014,18700,1,-0.005339
2014,19140,1,-0.006134
2014,19340,1,0.000423
2014,19460,1,-0.005584
2014,19500,1,-0.004031
2014,19740,1,0.004836
2014,20020,1,-0.000754
2014,20100,1,0.003158
2014,20220,1,-0.002068
2014,20740,1,0.004798
2014,20940,1,-0.002694
2014,21140,1,0.003468
2014,21300,1,-0.005531
2014,21500,1,-0.000975
2014,21660,1,-0.003212
2014,21820,1,-0.008489
2014,22020,1,0.017342
2014,22140,1,-0.014789
2014,22380,1,0.001743
2014,22420,1,9.8e-05
2014,22500,1,-0.006123
2014,22520,1,-0.001022
2014,22540,1,-0.000765
2014,22660,1,0.003619
2014,23420,1,0.002004
2014,23460,1,-0.00479
2014,23580,1,0.002851
2014,24020,1,-0.000432
2014,24140,1,-0.006339
2014,24220,1,0.005699
2014,24300,1,-0.005027
2014,24500,1,-0.006077
2014,24540,1,0.006108
2014,24580,1,0.002578
2014,24660,1,-0.002603
2014,25260,1,-0.005647
2014,25420,1,0.002797
2014,25500,1,0.000251
2014,25540,1,-0.001377
2014,25860,1,-0.007063
2014,25980,1,-0.010308
2014,26300,1,-0.006176
2014,26380,1,-0.002068
2014,26620,1,0.007288
2014,26980,1,0.005321
2014,27060,1,0.004334
2014,27100,1,0.002209
2014,27260,1,0.006679
2014,27340,1,0.007822
2014,27500,1,0.001787
2014,27620,1,-0.007366
2014,27740,1,-0.000157
2014,27780,1,-0.004915
2014,27860,1,0.002103
2014,27900,1,-0.005627
2014,28100,1,-0.003257
2014,28420,1,0.002205
2014,28660,1,-0.000142
2014,28700,1,-0.007414
2014,28740,1,-0.001419
2014,29100,1,0.001882
2014,29340,1,-0.001746
2014,29420,1,-0.003754
2014,29460,1,0.004204
2014,29540,1,0.003132
2014,29700,1,0.003565
2014,29740,1,-0.006553
2014,29820,1,0.010389
2014,29940,1,0.001687
2014,30140,1,0.000797
2014,30300,1,-0.00582
2014,30340,1,-0.001352
2014,30460,1,0.003947
2014,30620,1,-0.003104
2014,30700,1,0.000957
2014,30780,1,8e-06
2014,30860,1,-0.000296
2014,31020,1,-0.006501
2014,31420,1,-0.009071
2014,31700,1,0.000375
2014,31900,1,-0.00351
2014,32580,1,0.001468
2014,32780,1,0.002133
2014,32900,1,0.003371
2014,33140,1,0.000251
2014,33340,1,0.001038
2014,33540,1,-0.003902
2014,33700,1,0.004797
2014,33780,1,-0.001163
2014,33860,1,-0.004893
2014,34060,1,-0.002792
2014,34580,1,-0.002386
2014,34620,1,-0.001093
2014,34740,1,0.002903
2014,34900,1,0.002092
2014,34940,1,0.012208
2014,35300,1,-0.002515
2014,35660,1,-0.002639
2014,35980,1,-0.002002
2014,36100,1,0.000772
2014,36220,1,0.01508
2014,36420,1,0.004755
2014,36500,1,0.001249
2014,36540,1,0.001537
2014,36740,1,0.011815
2014,36780,1,0.001765
2014,36980,1,-0.000722
2014,37100,1,-0.00121
2014,37340,1,0.002148
2014,37860,1,0.001
2014,38060,1,0.008879
2014,38300,1,-9e-05
2014,38340,1,-0.002939
2014,38860,1,0.002263
2014,38900,1,0.002097
2014,38940,1,0.005594
2014,39300,1,0.00031
2014,39340,1,0.00629
2014,39380,1,-0.007301
2014,39460,1,0.005343
2014,39540,1,0.00106
2014,39580,1,0.014043
2014,39740,1,0.00089
2014,39820,1,-0.001419
2014,39900,1,0.004729
2014,40140,1,0.003547
2014,40220,1,-0.004677
2014,40420,1,-0.001585
2014,40580,1,-0.008753
2014,40660,1,-0.006988
2014,40900,1,0.003669
2014,40980,1,-0.004537
2014,41060,1,-0.00207
2014,41100,1,0.013614
2014,41140,1,-0.007943
2014,41420,1,-0.002804
2014,41500,1,0.000458
2014,41700,1,0.004482
2014,41740,1,0.001578
2014,41940,1,0.003443
2014,42020,1,-0.000833
2014,42100,1,0.00029
2014,42140,1,-0.00591
2014,42220,1,0.001455
2014,42340,1,0.002153
2014,42540,1,-0.002854
2014,42680,1,0.003191
2014,43100,1,-7.3e-05
2014,43300,1,-0.00522
2014,43620,1,0.010451
2014,43780,1,0.000517
2014,44100,1,-0.001785
2014,44180,1,-0.000131
2014,44220,1,-0.001467
2014,44300,1,0.003582
2014,44700,1,0.003204
2014,45060,1,1.4e-05
2014,45220,1,-0.005566
2014,45820,1,-0.007407
2014,45940,1,0.002901
2014,46060,1,-0.001879
2014,46140,1,0.000224
2014,46340,1,-0.004346
2014,46540,1,-0.00257
2014,46660,1,-0.010557
2014,46700,1,0.004851
2014,47220,1,-0.000546
2014,47300,1,0.000281
2014,47940,1,-0.002318
2014,48300,1,-0.003834
2014,48540,1,-0.007944
2014,48660,1,-0.005693
2014,48700,1,-0.005001
2014,49020,1,0.00108
2014,49420,1,-0.008129
2014,49620,1,0.002535
2014,49660,1,-0.003013
2014,49700,1,0.002254
2014,49740,1,-0.005485
2014,10180,2,-0.006265
2014,10420,2,7e-05
2014,10580,2,0.00176
2014,10740,2,-0.00641
2014,10780,2,-0.004222
2014,10900,2,0.001884
2014,11020,2,-0.004667
2014,11260,2,-0.004212
2014,11460,2,0.004519
2014,11500,2,-0.00434
2014,11540,2,0.003817
2014,11700,2,0.001711
2014,12020,2,-0.000288
2014,12100,2,0.003483
2014,12220,2,0.010838
2014,12420,2,0.018144
2014,12540,2,0.004738
2014,12580,2,-0.002768
2014,12620,2,-0.001693
2014,12700,2,0.00078
2014,12980,2,0.001664
2014,13020,2,-0.000801
2014,13380,2,-0.003601
2014,13460,2,0.015677
2014,13780,2,-0.0016
2014,14260,2,0.010735
2014,14500,2,-0.002194
2014,14740,2,-0.007359
2014,14860,2,0.003254
2014,15180,2,-0.004192
2014,15260,2,-0.001253
2014,15380,2,-0.000971
2014,15500,2,-0.004303
2014,15540,2,0.001862
2014,15940,2,-0.000214
2014,15980,2,0.012853
2014,16180,2,-0.009293
2014,16220,2,0.008948
2014,16300,2,-0.004073
2014,16700,2,0.010864
2014,16860,2,-0.003316
2014,16940,2,-0.001759
2014,17020,2,-0.001873
2014,17420,2,0.00109
2014,17660,2,0.006225
2014,17780,2,0.006265
2014,17820,2,0.000702
2014,17900,2,0.002278
2014,18020,2,0.003808
2014,18700,2,-0.006048
2014,19140,2,-0.006031
2014,19340,2,0.000212
2014,19460,2,-0.005929
2014,19500,2,-0.004079
2014,19740,2,0.005064
2014,20020,2,-0.00092
2014,20100,2,0.003342
2014,20220,2,-0.002379
2014,20740,2,0.004965
2014,20940,2,-0.00272
2014,21140,2,0.003812
2014,21300,2,-0.006013
2014,21500,2,-0.000942
2014,21660,2,-0.00327
2014,21820,2,-0.008933
2014,22020,2,0.018409
2014,22140,2,-0.015759
2014,22380,2,0.001846
2014,22420,2,0.000549
2014,22500,2,-0.006609
2014,22520,2,-0.001217
2014,22540,2,-0.001126
2014,22660,2,0.003694
2014,23420,2,0.001987
2014,23460,2,-0.005007
2014,23580,2,0.003319
2014,24020,2,-0.000556
2014,24140,2,-0.006754
2014,24220,2,0.005778
2014,24300,2,-0.005146
2014,24500,2,-0.006502
2014,24540,2,0.006433
2014,24580,2,0.002582
2014,24660,2,-0.002629
2014,25260,2,-0.006006
2014,25420,2,0.002913
2014,25500,2,0.000421
2014,25540,2,-0.001405
2014,25860,2,-0.007311
2014,25980,2,-0.010603
2014,26300,2,-0.006597
2014,26380,2,-0.002249
2014,26620,2,0.007783
2014,26980,2,0.005671
2014,27060,2,0.004478
2014,27100,2,0.002819
2014,27260,2,0.007136
2014,27340,2,0.008392
2014,27500,2,0.002113
2014,27620,2,-0.007994
2014,27740,2,-0.000212
2014,27780,2,-0.005226
2014,27860,2,0.002243
2014,27900,2,-0.006166
2014,28100,2,-0.003322
2014,28420,2,0.00237
2014,28660,2,4e-06
2014,28700,2,-0.008009
2014,28740,2,-0.001438
2014,29100,2,0.00185
2014,29340,2,-0.001927
2014,29420,2,-0.003871
2014,29460,2,0.004586
2014,29540,2,0.003231
2014,29700,2,0.003963
2014,29740,2,-0.006779
2014,29820,2,0.01133
2014,29940,2,0.001827
2014,30140,2,0.001054
2014,30300,2,-0.006493
2014,30340,2,-0.00142
2014,30460,2,0.004245
2014,30620,2,-0.003825
2014,30700,2,0.001001
2014,30780,2,4e-06
2014,30860,2,-0.000309
2014,31020,2,-0.006471
2014,31420,2,-0.009396
2014,31700,2,0.00026
2014,31900,2,-0.003488
2014,32580,2,0.001699
2014,32780,2,0.002346
2014,32900,2,0.003492
2014,33140,2,0.000267
2014,33340,2,0.000906
2014,33540,2,-0.00442
2014,33700,2,0.0053
2014,33780,2,-0.001269
2014,33860,2,-0.005132
2014,34060,2,-0.003361
2014,34580,2,-0.002283
2014,34620,2,-0.001375
2014,34740,2,0.003049
2014,34900,2,0.002021
2014,34940,2,0.012297
2014,35300,2,-0.002823
2014,35660,2,-0.002809
2014,35980,2,-0.002003
2014,36100,2,0.001073
2014,36220,2,0.015559
2014,36420,2,0.005016
2014,36500,2,0.001444
2014,36540,2,0.001787
2014,36740,2,0.012536
2014,36780,2,0.001767
2014,36980,2,-0.000842
2014,37100,2,-0.001651
2014,37340,2,0.002023
2014,37860,2,0.000854
2014,38060,2,0.009514
2014,38300,2,-8.6e-05
2014,38340,2,-0.002613
2014,38860,2,0.002414
2014,38900,2,0.002436
2014,38940,2,0.005683
2014,39300,2,0.000222
2014,39340,2,0.006756
2014,39380,2,-0.007512
2014,39460,2,0.005352
2014,39540,2,0.00117
2014,39580,2,0.015303
2014,39740,2,0.001155
2014,39820,2,-0.001356
2014,39900,2,0.005264
2014,40140,2,0.003551
2014,40220,2,-0.005122
2014,40420,2,-0.001432
2014,40580,2,-0.009053
2014,40660,2,-0.007219
2014,40900,2,0.003826
2014,40980,2,-0.004987
2014,41060,2,-0.002158
2014,41100,2,0.01469
2014,41140,2,-0.008564
2014,41420,2,-0.002647
2014,41500,2,0.000312
2014,41700,2,0.004729
2014,41740,2,0.001173
2014,41940,2,0.003244
2014,42020,2,-0.000989
2014,42100,2,0.000227
2014,42140,2,-0.006374
2014,42220,2,0.001348
2014,42340,2,0.00235
2014,42540,2,-0.002929
2014,42680,2,0.003237
2014,43100,2,0.000198
2014,43300,2,-0.005665
2014,43620,2,0.011266
2014,43780,2,0.000579
2014,44100,2,-0.001926
2014,44180,2,3.4e-05
2014,44220,2,-0.001501
2014,44300,2,0.003766
2014,44700,2,0.003177
2014,45060,2,-0.000113
2014,45220,2,-0.00571
2014,45820,2,-0.007634
2014,45940,2,0.002801
2014,46060,2,-0.001914
2014,46140,2,0.000288
2014,46340,2,-0.00475
2014,46540,2,-0.002934
2014,46660,2,-0.010976
2014,46700,2,0.004965
2014,47220,2,-0.000408
2014,47300,2,0.000422
2014,47940,2,-0.002692
2014,48300,2,-0.003765
2014,48540,2,-0.007804
2014,48660,2,-0.006003
2014,48700,2,-0.005589
2014,49020,2,0.000903
2014,49420,2,-0.00847
2014,49620,2,0.002889
2014,49660,2,-0.003027
2014,49700,2,0.002693
2014,49740,2,-0.005605
2014,10180,3,-0.006265
2014,10420,3,7e-05
2014,10580,3,0.00176
2014,10740,3,-0.00641
2014,10780,3,-0.004222
2014,10900,3,0.001884
2014,11020,3,-0.004667
2014,11260,3,-0.004212
2014,11460,3,0.004519
2014,11500,3,-0.00434
2014,11540,3,0.003817
2014,11700,3,0.001711
2014,12020,3,-0.000288
2014,12100,3,0.003483
2014,12220,3,0.010838
2014,12420,3,0.018144
2014,12540,3,0.004738
2014,12580,3,-0.002768
2014,12620,3,-0.001693
2014,12700,3,0.00078
2014,12980,3,0.001664
2014,13020,3,-0.000801
2014,13380,3,-0.003601
2014,13460,3,0.015677
2014,13780,3,-0.0016
2014,14260,3,0.010735
2014,14500,3,-0.002194
2014,14740,3,-0.007359
2014,14860,3,0.003254
2014,15180,3,-0.004192
2014,15260,3,-0.001253
2014,15380,3,-0.000971
2014,15500,3,-0.004303
2014,15540,3,0.001862
2014,15940,3,-0.000214
2014,15980,3,0.012853
2014,16180,3,-0.009293
2014,16220,3,0.008948
2014,16300,3,-0.004073
2014,16700,3,0.010864
2014,16860,3,-0.003316
2014,16940,3,-0.001759
2014,17020,3,-0.001873
2014,17420,3,0.00109
2014,17660,3,0.006225
2014,17780,3,0.006265
2014,17820,3,0.000702
2014,17900,3,0.002278
2014,18020,3,0.003808
2014,18700,3,-0.006048
2014,19140,3,-0.006031
2014,19340,3,0.000212
2014,19460,3,-0.005929
2014,19500,3,-0.004079
2014,19740,3,0.005064
2014,20020,3,-0.00092
2014,20100,3,0.003342
2014,20220,3,-0.002379
2014,20740,3,0.004965
2014,20940,3,-0.00272
2014,21140,3,0.003812
2014,21300,3,-0.006013
2014,21500,3,-0.000942
2014,21660,3,-0.00327
2014,21820,3,-0.008933
2014,22020,3,0.018409
2014,22140,3,-0.015759
2014,22380,3,0.001846
2014,22420,3,0.000549
2014,22500,3,-0.006609
2014,22520,3,-0.001217
2014,22540,3,-0.001126
2014,22660,3,0.003694
2014,23420,3,0.001987
2014,23460,3,-0.005007
2014,23580,3,0.003319
2014,24020,3,-0.000556
2014,24140,3,-0.006754
2014,24220,3,0.005778
2014,24300,3,-0.005146
2014,24500,3,-0.006502
2014,24540,3,0.006433
2014,24580,3,0.002582
2014,24660,3,-0.002629
2014,25260,3,-0.006006
2014,25420,3,0.002913
2014,25500,3,0.000421
2014,25540,3,-0.001405
2014,25860,3,-0.007311
2014,25980,3,-0.010603
2014,26300,3,-0.006597
2014,26380,3,-0.002249
2014,26620,3,0.007783
2014,26980,3,0.005671
2014,27060,3,0.004478
2014,27100,3,0.002819
2014,27260,3,0.007136
2014,27340,3,0.008392
2014,27500,3,0.002113
2014,27620,3,-0.007994
2014,27740,3,-0.000212
2014,27780,3,-0.005226
2014,27860,3,0.002243
2014,27900,3,-0.006166
2014,28100,3,-0.003322
2014,28420,3,0.00237
2014,28660,3,4e-06
2014,28700,3,-0.008009
2014,28740,3,-0.001438
2014,29100,3,0.00185
2014,29340,3,-0.001927
2014,29420,3,-0.003871
2014,29460,3,0.004586
2014,29540,3,0.003231
2014,29700,3,0.003963
2014,29740,3,-0.006779
2014,29820,3,0.01133
2014,29940,3,0.001827
2014,30140,3,0.001054
2014,30300,3,-0.006493
2014,30340,3,-0.00142
2014,30460,3,0.004245
2014,30620,3,-0.003825
2014,30700,3,0.001001
2014,30780,3,4e-06
2014,30860,3,-0.000309
2014,31020,3,-0.006471
2014,31420,3,-0.009396
2014,31700,3,0.00026
2014,31900,3,-0.003488
2014,32580,3,0.001699
2014,32780,3,0.002346
2014,32900,3,0.003492
2014,33140,3,0.000267
2014,33340,3,0.000906
2014,33540,3,-0.00442
2014,33700,3,0.0053
2014,33780,3,-0.001269
2014,33860,3,-0.005132
2014,34060,3,-0.003361
2014,34580,3,-0.002283
2014,34620,3,-0.001375
2014,34740,3,0.003049
2014,34900,3,0.002021
2014,34940,3,0.012297
2014,35300,3,-0.002823
2014,35660,3,-0.002809
2014,35980,3,-0.002003
2014,36100,3,0.001073
2014,36220,3,0.015559
2014,36420,3,0.005016
2014,36500,3,0.001444
2014,36540,3,0.001787
2014,36740,3,0.012536
2014,36780,3,0.001767
2014,36980,3,-0.000842
2014,37100,3,-0.001651
2014,37340,3,0.002023
2014,37860,3,0.000854
2014,38060,3,0.009514
2014,38300,3,-8.6e-05
2014,38340,3,-0.002613
2014,38860,3,0.002414
2014,38900,3,0.002436
2014,38940,3,0.005683
2014,39300,3,0.000222
2014,39340,3,0.006756
2014,39380,3,-0.007512
2014,39460,3,0.005352
2014,39540,3,0.00117
2014,39580,3,0.015303
2014,39740,3,0.001155
2014,39820,3,-0.001356
2014,39900,3,0.005264
2014,40140,3,0.003551
2014,40220,3,-0.005122
2014,40420,3,-0.001432
2014,40580,3,-0.009053
2014,40660,3,-0.007219
2014,40900,3,0.003826
2014,40980,3,-0.004987
2014,41060,3,-0.002158
2014,41100,3,0.01469
2014,41140,3,-0.008564
2014,41420,3,-0.002647
2014,41500,3,0.000312
2014,41700,3,0.004729
2014,41740,3,0.001173
2014,41940,3,0.003244
2014,42020,3,-0.000989
2014,42100,3,0.000227
2014,42140,3,-0.006374
2014,42220,3,0.001348
2014,42340,3,0.00235
2014,42540,3,-0.002929
2014,42680,3,0.003237
2014,43100,3,0.000198
2014,43300,3,-0.005665
2014,43620,3,0.011266
2014,43780,3,0.000579
2014,44100,3,-0.001926
2014,44180,3,3.4e-05
2014,44220,3,-0.001501
2014,44300,3,0.003766
2014,44700,3,0.003177
2014,45060,3,-0.000113
2014,45220,3,-0.00571
2014,45820,3,-0.007634
2014,45940,3,0.002801
2014,46060,3,-0.001914
2014,46140,3,0.000288
2014,46340,3,-0.00475
2014,46540,3,-0.002934
2014,46660,3,-0.010976
2014,46700,3,0.004965
2014,47220,3,-0.000408
2014,47300,3,0.000422
2014,47940,3,-0.002692
2014,48300,3,-0.003765
2014,48540,3,-0.007804
2014,48660,3,-0.006003
2014,48700,3,-0.005589
2014,49020,3,0.000903
2014,49420,3,-0.00847
2014,49620,3,0.002889
2014,49660,3,-0.003027
2014,49700,3,0.002693
2014,49740,3,-0.005605
2014,10180,4,-0.007269
2014,10420,4,0.000613
2014,10580,4,0.001171
2014,10740,4,-0.005313
2014,10780,4,-0.004612
2014,10900,4,0.002235
2014,11020,4,-0.004832
2014,11260,4,-0.00259
2014,11460,4,0.003092
2014,11500,4,-0.005005
2014,11540,4,0.003829
2014,11700,4,0.001887
2014,12020,4,0.000935
2014,12100,4,0.002129
2014,12220,4,0.011721
2014,12420,4,0.018824
2014,12540,4,0.002856
2014,12580,4,-0.004351
2014,12620,4,-0.000995
2014,12700,4,-0.000914
2014,12980,4,0.002633
2014,13020,4,-0.000377
2014,13380,4,-0.002136
2014,13460,4,0.017117
2014,13780,4,-0.001958
2014,14260,4,0.011035
2014,14500,4,-0.002268
2014,14740,4,-0.005275
2014,14860,4,0.003745
2014,15180,4,-0.004099
2014,15260,4,-0.000514
2014,15380,4,-0.000566
2014,15500,4,-0.002489
2014,15540,4,0.001449
2014,15940,4,0.000105
2014,15980,4,0.008826
2014,16180,4,-0.011251
2014,16220,4,0.008209
2014,16300,4,-0.003522
2014,16700,4,0.011552
2014,16860,4,-0.002555
2014,16940,4,-0.001587
2014,17020,4,-0.002206
2014,17420,4,0.001101
2014,17660,4,0.006653
2014,17780,4,0.006357
2014,17820,4,0.00184
2014,17900,4,0.004037
2014,18020,4,0.003976
2014,18700,4,-0.003879
2014,19140,4,-0.00479
2014,19340,4,-0.000464
2014,19460,4,-0.006292
2014,19500,4,-0.004505
2014,19740,4,0.005457
2014,20020,4,-0.000899
2014,20100,4,0.004293
2014,20220,4,-0.002703
2014,20740,4,0.004542
2014,20940,4,-0.003638
2014,21140,4,0.004461
2014,21300,4,-0.00687
2014,21500,4,-7.9e-05
2014,21660,4,-0.000662
2014,21820,4,-0.006644
2014,22020,4,0.018946
2014,22140,4,-0.016991
2014,22380,4,0.001388
2014,22420,4,0.000946
2014,22500,4,-0.005835
2014,22520,4,-0.0016
2014,22540,4,-0.001559
2014,22660,4,0.004543
2014,23420,4,0.000687
2014,23460,4,-0.00565
2014,23580,4,0.005126
2014,24020,4,-0.001567
2014,24140,4,-0.006006
2014,24220,4,0.004505
2014,24300,4,-0.005616
2014,24500,4,-0.00651
2014,24540,4,0.007711
2014,24580,4,0.002829
2014,24660,4,-0.000639
2014,25260,4,-0.005786
2014,25420,4,0.00381
2014,25500,4,0.000954
2014,25540,4,-0.000727
2014,25860,4,-0.00598
2014,25980,4,-0.010695
2014,26300,4,-0.007017
2014,26380,4,-0.003331
2014,26620,4,0.008318
2014,26980,4,0.006086
2014,27060,4,0.00387
2014,27100,4,0.003408
2014,27260,4,0.007227
2014,27340,4,0.009342
2014,27500,4,0.002458
2014,27620,4,-0.008419
2014,27740,4,-0.000744
2014,27780,4,-0.005436
2014,27860,4,0.003369
2014,27900,4,-0.006654
2014,28100,4,-0.003687
2014,28420,4,0.00591
2014,28660,4,0.00072
2014,28700,4,-0.007899
2014,28740,4,-0.002492
2014,29100,4,0.000908
2014,29340,4,-0.002228
2014,29420,4,-0.005954
2014,29460,4,0.004746
2014,29540,4,0.003857
2014,29700,4,0.005226
2014,29740,4,-0.005766
2014,29820,4,0.009588
2014,29940,4,0.002184
2014,30140,4,0.001801
2014,30300,4,-0.006765
2014,30340,4,-0.001073
2014,30460,4,0.004661
2014,30620,4,-0.004468
2014,30700,4,0.001615
2014,30780,4,0.000598
2014,30860,4,0.001298
2014,31020,4,-0.002604
2014,31420,4,-0.008017
2014,31700,4,7.7e-05
2014,31900,4,-0.002832
2014,32580,4,0.00281
2014,32780,4,0.003561
2014,32900,4,-0.000861
2014,33140,4,7.8e-05
2014,33340,4,0.000111
2014,33540,4,-0.005198
2014,33700,4,0.002058
2014,33780,4,-0.00153
2014,33860,4,-0.004798
2014,34060,4,-0.003837
2014,34580,4,0.000514
2014,34620,4,-0.001574
2014,34740,4,0.003421
2014,34900,4,-7.1e-05
2014,34940,4,0.008256
2014,35300,4,-0.003139
2014,35660,4,-0.003362
2014,35980,4,-0.001372
2014,36100,4,0.001251
2014,36220,4,0.014133
2014,36420,4,0.005436
2014,36500,4,0.004567
2014,36540,4,0.002653
2014,36740,4,0.011954
2014,36780,4,0.00177
2014,36980,4,-0.000641
2014,37100,4,-0.004523
2014,37340,4,-0.000645
2014,37860,4,0.000866
2014,38060,4,0.007309
2014,38300,4,0.000432
2014,38340,4,-0.00234
2014,38860,4,0.002373
2014,38900,4,0.004765
2014,38940,4,0.002335
2014,39300,4,-0.000687
2014,39340,4,0.008509
2014,39380,4,-0.005851
2014,39460,4,0.00214
2014,39540,4,0.001009
2014,39580,4,0.018538
2014,39740,4,0.001807
2014,39820,4,-0.00163
2014,39900,4,0.003806
2014,40140,4,-3.8e-05
2014,40220,4,-0.004918
2014,40420,4,-0.000676
2014,40580,4,-0.007502
2014,40660,4,-0.006069
2014,40900,4,0.001683
2014,40980,4,-0.005038
2014,41060,4,-0.002765
2014,41100,4,0.01615
2014,41140,4,-0.009562
2014,41420,4,0.000825
2014,41500,4,-0.002348
2014,41700,4,0.004944
2014,41740,4,-0.001676
2014,41940,4,0.002236
2014,42020,4,-0.002188
2014,42100,4,3.5e-05
2014,42140,4,-0.005953
2014,42220,4,-0.000456
2014,42340,4,0.002461
2014,42540,4,-0.002286
2014,42680,4,0.001721
2014,43100,4,0.000292
2014,43300,4,-0.006142
2014,43620,4,0.012311
2014,43780,4,0.000852
2014,44100,4,-0.002257
2014,44180,4,0.000773
2014,44220,4,-0.00073
2014,44300,4,0.003919
2014,44700,4,-0.001177
2014,45060,4,0.000148
2014,45220,4,-0.005786
2014,45820,4,-0.007586
2014,45940,4,0.001895
2014,46060,4,-0.002163
2014,46140,4,0.000782
2014,46340,4,-0.005233
2014,46540,4,-0.003542
2014,46660,4,-0.010808
2014,46700,4,0.002305
2014,47220,4,-0.00015
2014,47300,4,0.000418
2014,47940,4,-0.003607
2014,48300,4,-0.000896
2014,48540,4,-0.007036
2014,48660,4,-0.006096
2014,48700,4,-0.006333
2014,49020,4,-0.000869
2014,49420,4,-0.005362
2014,49620,4,0.00399
2014,49660,4,-0.002529
2014,49700,4,0.001167
2014,49740,4,-0.005899
2014,10180,5,-0.007242
2014,10420,5,0.000585
2014,10580,5,0.0012
2014,10740,5,-0.00536
2014,10780,5,-0.004604
2014,10900,5,0.00223
2014,11020,5,-0.004838
2014,11260,5,-0.002661
2014,11460,5,0.003132
2014,11500,5,-0.004968
2014,11540,5,0.003828
2014,11700,5,0.001883
2014,12020,5,0.000883
2014,12100,5,0.00221
2014,12220,5,0.011697
2014,12420,5,0.018829
2014,12540,5,0.002937
2014,12580,5,-0.004287
2014,12620,5,-0.001028
2014,12700,5,-0.000835
2014,12980,5,0.002615
2014,13020,5,-0.000396
2014,13380,5,-0.002189
2014,13460,5,0.017057
2014,13780,5,-0.00194
2014,14260,5,0.011019
2014,14500,5,-0.002285
2014,14740,5,-0.005353
2014,14860,5,0.003723
2014,15180,5,-0.004106
2014,15260,5,-0.000548
2014,15380,5,-0.000598
2014,15500,5,-0.002582
2014,15540,5,0.001463
2014,15940,5,8.3e-05
2014,15980,5,0.008989
2014,16180,5,-0.011188
2014,16220,5,0.008245
2014,16300,5,-0.003547
2014,16700,5,0.011539
2014,16860,5,-0.002596
2014,16940,5,-0.001593
2014,17020,5,-0.002185
2014,17420,5,0.001095
2014,17660,5,0.006652
2014,17780,5,0.006372
2014,17820,5,0.001788
2014,17900,5,0.003963
2014,18020,5,0.003967
2014,18700,5,-0.004005
2014,19140,5,-0.004836
2014,19340,5,-0.000436
2014,19460,5,-0.006286
2014,19500,5,-0.004472
2014,19740,5,0.005442
2014,20020,5,-0.000907
2014,20100,5,0.004261
2014,20220,5,-0.002698
2014,20740,5,0.004573
2014,20940,5,-0.003608
2014,21140,5,0.004438
2014,21300,5,-0.006848
2014,21500,5,-0.000127
2014,21660,5,-0.000778
2014,21820,5,-0.006745
2014,22020,5,0.018947
2014,22140,5,-0.01694
2014,22380,5,0.001415
2014,22420,5,0.000922
2014,22500,5,-0.005886
2014,22520,5,-0.001594
2014,22540,5,-0.001549
2014,22660,5,0.004504
2014,23420,5,0.000744
2014,23460,5,-0.005624
2014,23580,5,0.005047
2014,24020,5,-0.001516
2014,24140,5,-0.006052
2014,24220,5,0.004557
2014,24300,5,-0.005588
2014,24500,5,-0.006512
2014,24540,5,0.007651
2014,24580,5,0.002817
2014,24660,5,-0.000734
2014,25260,5,-0.0058
2014,25420,5,0.003765
2014,25500,5,0.000951
2014,25540,5,-0.000761
2014,25860,5,-0.006044
2014,25980,5,-0.010685
2014,26300,5,-0.007008
2014,26380,5,-0.00328
2014,26620,5,0.008308
2014,26980,5,0.006076
2014,27060,5,0.003901
2014,27100,5,0.003396
2014,27260,5,0.007235
2014,27340,5,0.009328
2014,27500,5,0.002455
2014,27620,5,-0.008419
2014,27740,5,-0.00072
2014,27780,5,-0.005437
2014,27860,5,0.003314
2014,27900,5,-0.006651
2014,28100,5,-0.003662
2014,28420,5,0.005762
2014,28660,5,0.000696
2014,28700,5,-0.007919
2014,28740,5,-0.002422
2014,29100,5,0.00096
2014,29340,5,-0.00222
2014,29420,5,-0.005857
2014,29460,5,0.004739
2014,29540,5,0.003825
2014,29700,5,0.005182
2014,29740,5,-0.005798
2014,29820,5,0.009662
2014,29940,5,0.002173
2014,30140,5,0.001776
2014,30300,5,-0.006763
2014,30340,5,-0.001097
2014,30460,5,0.004653
2014,30620,5,-0.004468
2014,30700,5,0.001581
2014,30780,5,0.000571
2014,30860,5,0.001224
2014,31020,5,-0.002775
2014,31420,5,-0.008086
2014,31700,5,7.6e-05
2014,31900,5,-0.002857
2014,32580,5,0.002768
2014,32780,5,0.003511
2014,32900,5,-0.000682
2014,33140,5,8.9e-05
2014,33340,5,0.000151
2014,33540,5,-0.005163
2014,33700,5,0.002207
2014,33780,5,-0.001535
2014,33860,5,-0.004822
2014,34060,5,-0.003827
2014,34580,5,0.000402
2014,34620,5,-0.00158
2014,34740,5,0.003395
2014,34900,5,1.6e-05
2014,34940,5,0.008423
2014,35300,5,-0.003136
2014,35660,5,-0.003334
2014,35980,5,-0.001396
2014,36100,5,0.001253
2014,36220,5,0.014197
2014,36420,5,0.005423
2014,36500,5,0.004444
2014,36540,5,0.00262
2014,36740,5,0.011984
2014,36780,5,0.001774
2014,36980,5,-0.000661
2014,37100,5,-0.004396
2014,37340,5,-0.000535
2014,37860,5,0.000859
2014,38060,5,0.007401
2014,38300,5,0.000401
2014,38340,5,-0.002326
2014,38860,5,0.002378
2014,38900,5,0.004666
2014,38940,5,0.002477
2014,39300,5,-0.000646
2014,39340,5,0.008421
2014,39380,5,-0.005922
2014,39460,5,0.002276
2014,39540,5,0.00103
2014,39580,5,0.018423
2014,39740,5,0.001787
2014,39820,5,-0.001608
2014,39900,5,0.003868
2014,40140,5,0.00012
2014,40220,5,-0.004934
2014,40420,5,-0.000695
2014,40580,5,-0.007581
2014,40660,5,-0.006127
2014,40900,5,0.001779
2014,40980,5,-0.005063
2014,41060,5,-0.002733
2014,41100,5,0.016097
2014,41140,5,-0.009533
2014,41420,5,0.000673
2014,41500,5,-0.002234
2014,41700,5,0.004942
2014,41740,5,-0.001554
2014,41940,5,0.002262
2014,42020,5,-0.002126
2014,42100,5,4.3e-05
2014,42140,5,-0.005973
2014,42220,5,-0.000383
2014,42340,5,0.002468
2014,42540,5,-0.00232
2014,42680,5,0.00179
2014,43100,5,0.000308
2014,43300,5,-0.006142
2014,43620,5,0.012284
2014,43780,5,0.000843
2014,44100,5,-0.002242
2014,44180,5,0.000743
2014,44220,5,-0.000766
2014,44300,5,0.003913
2014,44700,5,-0.001005
2014,45060,5,0.000127
2014,45220,5,-0.005773
2014,45820,5,-0.007584
2014,45940,5,0.001935
2014,46060,5,-0.002149
2014,46140,5,0.000759
2014,46340,5,-0.005221
2014,46540,5,-0.003528
2014,46660,5,-0.010816
2014,46700,5,0.002407
2014,47220,5,-0.00015
2014,47300,5,0.000419
2014,47940,5,-0.003574
2014,48300,5,-0.001014
2014,48540,5,-0.007052
2014,48660,5,-0.006096
2014,48700,5,-0.006325
2014,49020,5,-0.000793
2014,49420,5,-0.005507
2014,49620,5,0.003948
2014,49660,5,-0.002552
2014,49700,5,0.001253
2014,49740,5,-0.005878
2014,10180,6,-0.006747
2014,10420,6,0.000134
2014,10580,6,0.001647
2014,10740,6,-0.006385
2014,10780,6,-0.004463
2014,10900,6,0.002033
2014,11020,6,-0.004868
2014,11260,6,-0.004115
2014,11460,6,0.004194
2014,11500,6,-0.004463
2014,11540,6,0.003881
2014,11700,6,0.001752
2014,12020,6,-4.8e-05
2014,12100,6,0.003368
2014,12220,6,0.011304
2014,12420,6,0.019019
2014,12540,6,0.004553
2014,12580,6,-0.003296
2014,12620,6,-0.001594
2014,12700,6,0.000506
2014,12980,6,0.00212
2014,13020,6,-0.000695
2014,13380,6,-0.003431
2014,13460,6,0.016438
2014,13780,6,-0.001622
2014,14260,6,0.011123
2014,14500,6,-0.002498
2014,14740,6,-0.007129
2014,14860,6,0.003422
2014,15180,6,-0.004322
2014,15260,6,-0.0012
2014,15380,6,-0.000994
2014,15500,6,-0.004136
2014,15540,6,0.001796
2014,15940,6,-0.00021
2014,15980,6,0.012418
2014,16180,6,-0.010087
2014,16220,6,0.008937
2014,16300,6,-0.004055
2014,16700,6,0.011336
2014,16860,6,-0.003346
2014,16940,6,-0.001822
2014,17020,6,-0.002018
2014,17420,6,0.001036
2014,17660,6,0.006595
2014,17780,6,0.00665
2014,17820,6,0.000886
2014,17900,6,0.002704
2014,18020,6,0.003923
2014,18700,6,-0.006056
2014,19140,6,-0.005852
2014,19340,6,3.1e-05
2014,19460,6,-0.006184
2014,19500,6,-0.004116
2014,19740,6,0.005281
2014,20020,6,-0.001003
2014,20100,6,0.003621
2014,20220,6,-0.002581
2014,20740,6,0.00505
2014,20940,6,-0.002881
2014,21140,6,0.004075
2014,21300,6,-0.006388
2014,21500,6,-0.000826
2014,21660,6,-0.002904
2014,21820,6,-0.008788
2014,22020,6,0.019161
2014,22140,6,-0.016419
2014,22380,6,0.001848
2014,22420,6,0.000729
2014,22500,6,-0.006717
2014,22520,6,-0.001361
2014,22540,6,-0.001321
2014,22660,6,0.003925
2014,23420,6,0.001786
2014,23460,6,-0.005254
2014,23580,6,0.003723
2014,24020,6,-0.000732
2014,24140,6,-0.00686
2014,24220,6,0.00565
2014,24300,6,-0.005282
2014,24500,6,-0.00669
2014,24540,6,0.006831
2014,24580,6,0.002649
2014,24660,6,-0.002356
2014,25260,6,-0.006142
2014,25420,6,0.003115
2014,25500,6,0.000656
2014,25540,6,-0.001337
2014,25860,6,-0.007239
2014,25980,6,-0.010857
2014,26300,6,-0.006931
2014,26380,6,-0.002482
2014,26620,6,0.0082
2014,26980,6,0.005924
2014,27060,6,0.004489
2014,27100,6,0.003152
2014,27260,6,0.007386
2014,27340,6,0.009047
2014,27500,6,0.00233
2014,27620,6,-0.008419
2014,27740,6,-0.000298
2014,27780,6,-0.00539
2014,27860,6,0.002505
2014,27900,6,-0.006514
2014,28100,6,-0.003424
2014,28420,6,0.00316
2014,28660,6,0.000216
2014,28700,6,-0.008297
2014,28740,6,-0.001592
2014,29100,6,0.001741
2014,29340,6,-0.002065
2014,29420,6,-0.004282
2014,29460,6,0.004714
2014,29540,6,0.003364
2014,29700,6,0.004387
2014,29740,6,-0.006687
2014,29820,6,0.011389
2014,29940,6,0.001963
2014,30140,6,0.001292
2014,30300,6,-0.006834
2014,30340,6,-0.001441
2014,30460,6,0.004469
2014,30620,6,-0.004261
2014,30700,6,0.001094
2014,30780,6,8.7e-05
2014,30860,6,4e-06
2014,31020,6,-0.00589
2014,31420,6,-0.009395
2014,31700,6,0.000154
2014,31900,6,-0.003383
2014,32580,6,0.001987
2014,32780,6,0.002609
2014,32900,6,0.002894
2014,33140,6,0.000245
2014,33340,6,0.00073
2014,33540,6,-0.004738
2014,33700,6,0.005008
2014,33780,6,-0.001412
2014,33860,6,-0.005256
2014,34060,6,-0.00373
2014,34580,6,-0.001797
2014,34620,6,-0.00156
2014,34740,6,0.003149
2014,34900,6,0.001612
2014,34940,6,0.011803
2014,35300,6,-0.00306
2014,35660,6,-0.002991
2014,35980,6,-0.001919
2014,36100,6,0.001171
2014,36220,6,0.015638
2014,36420,6,0.00523
2014,36500,6,0.002066
2014,36540,6,0.002043
2014,36740,6,0.012754
2014,36780,6,0.001797
2014,36980,6,-0.000906
2014,37100,6,-0.002273
2014,37340,6,0.001534
2014,37860,6,0.000776
2014,38060,6,0.009414
2014,38300,6,-2.4e-05
2014,38340,6,-0.002386
2014,38860,6,0.002497
2014,38900,6,0.002945
2014,38940,6,0.0052
2014,39300,6,4e-05
2014,39340,6,0.007206
2014,39380,6,-0.007355
2014,39460,6,0.004866
2014,39540,6,0.001224
2014,39580,6,0.016576
2014,39740,6,0.001346
2014,39820,6,-0.001402
2014,39900,6,0.005145
2014,40140,6,0.003014
2014,40220,6,-0.005303
2014,40420,6,-0.001217
2014,40580,6,-0.008987
2014,40660,6,-0.0072
2014,40900,6,0.003537
2014,40980,6,-0.005296
2014,41060,6,-0.002327
2014,41100,6,0.015523
2014,41140,6,-0.00909
2014,41420,6,-0.002078
2014,41500,6,-0.000169
2014,41700,6,0.004883
2014,41740,6,0.000587
2014,41940,6,0.002997
2014,42020,6,-0.001249
2014,42100,6,0.000153
2014,42140,6,-0.006562
2014,42220,6,0.000981
2014,42340,6,0.002439
2014,42540,6,-0.002899
2014,42680,6,0.00305
2014,43100,6,0.000368
2014,43300,6,-0.006075
2014,43620,6,0.011887
2014,43780,6,0.000668
2014,44100,6,-0.002049
2014,44180,6,0.000198
2014,44220,6,-0.00138
2014,44300,6,0.003926
2014,44700,6,0.002443
2014,45060,6,-0.000135
2014,45220,6,-0.005846
2014,45820,6,-0.007779
2014,45940,6,0.002611
2014,46060,6,-0.00201
2014,46140,6,0.000401
2014,46340,6,-0.005075
2014,46540,6,-0.003225
2014,46660,6,-0.011209
2014,46700,6,0.004544
2014,47220,6,-0.000308
2014,47300,6,0.000455
2014,47940,6,-0.00301
2014,48300,6,-0.003278
2014,48540,6,-0.007625
2014,48660,6,-0.006177
2014,48700,6,-0.006036
2014,49020,6,0.000552
2014,49420,6,-0.008161
2014,49620,6,0.0032
2014,49660,6,-0.002984
2014,49700,6,0.00266
2014,49740,6,-0.00577
2014,10180,7,-0.006747
2014,10420,7,0.000134
2014,10580,7,0.001647
2014,10740,7,-0.006385
2014,10780,7,-0.004463
2014,10900,7,0.002033
2014,11020,7,-0.004868
2014,11260,7,-0.004115
2014,11460,7,0.004194
2014,11500,7,-0.004463
2014,11540,7,0.003881
2014,11700,7,0.001752
2014,12020,7,-4.8e-05
2014,12100,7,0.003368
2014,12220,7,0.011304
2014,12420,7,0.019019
2014,12540,7,0.004553
2014,12580,7,-0.003296
2014,12620,7,-0.001594
2014,12700,7,0.000506
2014,12980,7,0.00212
2014,13020,7,-0.000695
2014,13380,7,-0.003431
2014,13460,7,0.016438
2014,13780,7,-0.001622
2014,14260,7,0.011123
2014,14500,7,-0.002498
2014,14740,7,-0.007129
2014,14860,7,0.003422
2014,15180,7,-0.004322
2014,15260,7,-0.0012
2014,15380,7,-0.000994
2014,15500,7,-0.004136
2014,15540,7,0.001796
2014,15940,7,-0.00021
2014,15980,7,0.012418
2014,16180,7,-0.010087
2014,16220,7,0.008937
2014,16300,7,-0.004055
2014,16700,7,0.011336
2014,16860,7,-0.003346
2014,16940,7,-0.001822
2014,17020,7,-0.002018
2014,17420,7,0.001036
2014,17660,7,0.006595
2014,17780,7,0.00665
2014,17820,7,0.000886
2014,17900,7,0.002704
2014,18020,7,0.003923
2014,18700,7,-0.006056
2014,19140,7,-0.005852
2014,19340,7,3.1e-05
2014,19460,7,-0.006184
2014,19500,7,-0.004116
2014,19740,7,0.005281
2014,20020,7,-0.001003
2014,20100,7,0.003621
2014,20220,7,-0.002581
2014,20740,7,0.00505
2014,20940,7,-0.002881
2014,21140,7,0.004075
2014,21300,7,-0.006388
2014,21500,7,-0.000826
2014,21660,7,-0.002904
2014,21820,7,-0.008788
2014,22020,7,0.019161
2014,22140,7,-0.016419
2014,22380,7,0.001848
2014,22420,7,0.000729
2014,22500,7,-0.006717
2014,22520,7,-0.001361
2014,22540,7,-0.001321
2014,22660,7,0.003925
2014,23420,7,0.001786
2014,23460,7,-0.005254
2014,23580,7,0.003723
2014,24020,7,-0.000732
2014,24140,7,-0.00686
2014,24220,7,0.00565
2014,24300,7,-0.005282
2014,24500,7,-0.00669
2014,24540,7,0.006831
2014,24580,7,0.002649
2014,24660,7,-0.002356
2014,25260,7,-0.006142
2014,25420,7,0.003115
2014,25500,7,0.000656
2014,25540,7,-0.001337
2014,25860,7,-0.007239
2014,25980,7,-0.010857
2014,26300,7,-0.006931
2014,26380,7,-0.002482
2014,26620,7,0.0082
2014,26980,7,0.005924
2014,27060,7,0.004489
2014,27100,7,0.003152
2014,27260,7,0.007386
2014,27340,7,0.009047
2014,27500,7,0.00233
2014,27620,7,-0.008419
2014,27740,7,-0.000298
2014,27780,7,-0.00539
2014,27860,7,0.002505
2014,27900,7,-0.006514
2014,28100,7,-0.003424
2014,28420,7,0.00316
2014,28660,7,0.000216
2014,28700,7,-0.008297
2014,28740,7,-0.001592
2014,29100,7,0.001741
2014,29340,7,-0.002065
2014,29420,7,-0.004282
2014,29460,7,0.004714
2014,29540,7,0.003364
2014,29700,7,0.004387
2014,29740,7,-0.006687
2014,29820,7,0.011389
2014,29940,7,0.001963
2014,30140,7,0.001292
2014,30300,7,-0.006834
2014,30340,7,-0.001441
2014,30460,7,0.004469
2014,30620,7,-0.004261
2014,30700,7,0.001094
2014,30780,7,8.7e-05
2014,30860,7,4e-06
2014,31020,7,-0.00589
2014,31420,7,-0.009395
2014,31700,7,0.000154
2014,31900,7,-0.003383
2014,32580,7,0.001987
2014,32780,7,0.002609
2014,32900,7,0.002894
2014,33140,7,0.000245
2014,33340,7,0.00073
2014,33540,7,-0.004738
2014,33700,7,0.005008
2014,33780,7,-0.001412
2014,33860,7,-0.005256
2014,34060,7,-0.00373
2014,34580,7,-0.001797
2014,34620,7,-0.00156
2014,34740,7,0.003149
2014,34900,7,0.001612
2014,34940,7,0.011803
2014,35300,7,-0.00306
2014,35660,7,-0.002991
2014,35980,7,-0.001919
2014,36100,7,0.001171
2014,36220,7,0.015638
2014,36420,7,0.00523
2014,36500,7,0.002066
2014,36540,7,0.002043
2014,36740,7,0.012754
2014,36780,7,0.001797
2014,36980,7,-0.000906
2014,37100,7,-0.002273
2014,37340,7,0.001534
2014,37860,7,0.000776
2014,38060,7,0.009414
2014,38300,7,-2.4e-05
2014,38340,7,-0.002386
2014,38860,7,0.002497
2014,38900,7,0.002945
2014,38940,7,0.0052
2014,39300,7,4e-05
2014,39340,7,0.007206
2014,39380,7,-0.007355
2014,39460,7,0.004866
2014,39540,7,0.001224
2014,39580,7,0.016576
2014,39740,7,0.001346
2014,39820,7,-0.001402
2014,39900,7,0.005145
2014,40140,7,0.003014
2014,40220,7,-0.005303
2014,40420,7,-0.001217
2014,40580,7,-0.008987
2014,40660,7,-0.0072
2014,40900,7,0.003537
2014,40980,7,-0.005296
2014,41060,7,-0.002327
2014,41100,7,0.015523
2014,41140,7,-0.00909
2014,41420,7,-0.002078
2014,41500,7,-0.000169
2014,41700,7,0.004883
2014,41740,7,0.000587
2014,41940,7,0.002997
2014,42020,7,-0.001249
2014,42100,7,0.000153
2014,42140,7,-0.006562
2014,42220,7,0.000981
2014,42340,7,0.002439
2014,42540,7,-0.002899
2014,42680,7,0.00305
2014,43100,7,0.000368
2014,43300,7,-0.006075
2014,43620,7,0.011887
2014,43780,7,0.000668
2014,44100,7,-0.002049
2014,44180,7,0.000198
2014,44220,7,-0.00138
2014,44300,7,0.003926
2014,44700,7,0.002443
2014,45060,7,-0.000135
2014,45220,7,-0.005846
2014,45820,7,-0.007779
2014,45940,7,0.002611
2014,46060,7,-0.00201
2014,46140,7,0.000401
2014,46340,7,-0.005075
2014,46540,7,-0.003225
2014,46660,7,-0.011209
2014,46700,7,0.004544
2014,47220,7,-0.000308
2014,47300,7,0.000455
2014,47940,7,-0.00301
2014,48300,7,-0.003278
2014,48540,7,-0.007625
2014,48660,7,-0.006177
2014,48700,7,-0.006036
2014,49020,7,0.000552
2014,49420,7,-0.008161
2014,49620,7,0.0032
2014,49660,7,-0.002984
2014,49700,7,0.00266
2014,49740,7,-0.00577
2014,10180,8,-0.006747
2014,10420,8,0.000134
2014,10580,8,0.001647
2014,10740,8,-0.006385
2014,10780,8,-0.004463
2014,10900,8,0.002033
2014,11020,8,-0.004868
2014,11260,8,-0.004115
2014,11460,8,0.004194
2014,11500,8,-0.004463
2014,11540,8,0.003881
2014,11700,8,0.001752
2014,12020,8,-4.8e-05
2014,12100,8,0.003368
2014,12220,8,0.011304
2014,12420,8,0.019019
2014,12540,8,0.004553
2014,12580,8,-0.003296
2014,12620,8,-0.001594
2014,12700,8,0.000506
2014,12980,8,0.00212
2014,13020,8,-0.000695
2014,13380,8,-0.003431
2014,13460,8,0.016438
2014,13780,8,-0.001622
2014,14260,8,0.011123
2014,14500,8,-0.002498
2014,14740,8,-0.007129
2014,14860,8,0.003422
2014,15180,8,-0.004322
2014,15260,8,-0.0012
2014,15380,8,-0.000994
2014,15500,8,-0.004136
2014,15540,8,0.001796
2014,15940,8,-0.00021
2014,15980,8,0.012418
2014,16180,8,-0.010087
2014,16220,8,0.008937
2014,16300,8,-0.004055
2014,16700,8,0.011336
2014,16860,8,-0.003346
2014,16940,8,-0.001822
2014,17020,8,-0.002018
2014,17420,8,0.001036
2014,17660,8,0.006595
2014,17780,8,0.00665
2014,17820,8,0.000886
2014,17900,8,0.002704
2014,18020,8,0.003923
2014,18700,8,-0.006056
2014,19140,8,-0.005852
2014,19340,8,3.1e-05
2014,19460,8,-0.006184
2014,19500,8,-0.004116
2014,19740,8,0.005281
2014,20020,8,-0.001003
2014,20100,8,0.003621
2014,20220,8,-0.002581
2014,20740,8,0.00505
2014,20940,8,-0.002881
2014,21140,8,0.004075
2014,21300,8,-0.006388
2014,21500,8,-0.000826
2014,21660,8,-0.002904
2014,21820,8,-0.008788
2014,22020,8,0.019161
2014,22140,8,-0.016419
2014,22380,8,0.001848
2014,22420,8,0.000729
2014,22500,8,-0.006717
2014,22520,8,-0.001361
2014,22540,8,-0.001321
2014,22660,8,0.003925
2014,23420,8,0.001786
2014,23460,8,-0.005254
2014,23580,8,0.003723
2014,24020,8,-0.000732
2014,24140,8,-0.00686
2014,24220,8,0.00565
2014,24300,8,-0.005282
2014,24500,8,-0.00669
2014,24540,8,0.006831
2014,24580,8,0.002649
2014,24660,8,-0.002356
2014,25260,8,-0.006142
2014,25420,8,0.003115
2014,25500,8,0.000656
2014,25540,8,-0.001337
2014,25860,8,-0.007239
2014,25980,8,-0.010857
2014,26300,8,-0.006931
2014,26380,8,-0.002482
2014,26620,8,0.0082
2014,26980,8,0.005924
2014,27060,8,0.004489
2014,27100,8,0.003152
2014,27260,8,0.007386
2014,27340,8,0.009047
2014,27500,8,0.00233
2014,27620,8,-0.008419
2014,27740,8,-0.000298
2014,27780,8,-0.00539
2014,27860,8,0.002505
2014,27900,8,-0.006514
2014,28100,8,-0.003424
2014,28420,8,0.00316
2014,28660,8,0.000216
2014,28700,8,-0.008297
2014,28740,8,-0.001592
2014,29100,8,0.001741
2014,29340,8,-0.002065
2014,29420,8,-0.004282
2014,29460,8,0.004714
2014,29540,8,0.003364
2014,29700,8,0.004387
2014,29740,8,-0.006687
2014,29820,8,0.011389
2014,29940,8,0.001963
2014,30140,8,0.001292
2014,30300,8,-0.006834
2014,30340,8,-0.001441
2014,30460,8,0.004469
2014,30620,8,-0.004261
2014,30700,8,0.001094
2014,30780,8,8.7e-05
2014,30860,8,4e-06
2014,31020,8,-0.00589
2014,31420,8,-0.009395
2014,31700,8,0.000154
2014,31900,8,-0.003383
2014,32580,8,0.001987
2014,32780,8,0.002609
2014,32900,8,0.002894
2014,33140,8,0.000245
2014,33340,8,0.00073
2014,33540,8,-0.004738
2014,33700,8,0.005008
2014,33780,8,-0.001412
2014,33860,8,-0.005256
2014,34060,8,-0.00373
2014,34580,8,-0.001797
2014,34620,8,-0.00156
2014,34740,8,0.003149
2014,34900,8,0.001612
2014,34940,8,0.011803
2014,35300,8,-0.00306
2014,35660,8,-0.002991
2014,35980,8,-0.001919
2014,36100,8,0.001171
2014,36220,8,0.015638
2014,36420,8,0.00523
2014,36500,8,0.002066
2014,36540,8,0.002043
2014,36740,8,0.012754
2014,36780,8,0.001797
2014,36980,8,-0.000906
2014,37100,8,-0.002273
2014,37340,8,0.001534
2014,37860,8,0.000776
2014,38060,8,0.009414
2014,38300,8,-2.4e-05
2014,38340,8,-0.002386
2014,38860,8,0.002497
2014,38900,8,0.002945
2014,38940,8,0.0052
2014,39300,8,4e-05
2014,39340,8,0.007206
2014,39380,8,-0.007355
2014,39460,8,0.004866
2014,39540,8,0.001224
2014,39580,8,0.016576
2014,39740,8,0.001346
2014,39820,8,-0.001402
2014,39900,8,0.005145
2014,40140,8,0.003014
2014,40220,8,-0.005303
2014,40420,8,-0.001217
2014,40580,8,-0.008987
2014,40660,8,-0.0072
2014,40900,8,0.003537
2014,40980,8,-0.005296
2014,41060,8,-0.002327
2014,41100,8,0.015523
2014,41140,8,-0.00909
2014,41420,8,-0.002078
2014,41500,8,-0.000169
2014,41700,8,0.004883
2014,41740,8,0.000587
2014,41940,8,0.002997
2014,42020,8,-0.001249
2014,42100,8,0.000153
2014,42140,8,-0.006562
2014,42220,8,0.000981
2014,42340,8,0.002439
2014,42540,8,-0.002899
2014,42680,8,0.00305
2014,43100,8,0.000368
2014,43300,8,-0.006075
2014,43620,8,0.011887
2014,43780,8,0.000668
2014,44100,8,-0.002049
2014,44180,8,0.000198
2014,44220,8,-0.00138
2014,44300,8,0.003926
2014,44700,8,0.002443
2014,45060,8,-0.000135
2014,45220,8,-0.005846
2014,45820,8,-0.007779
2014,45940,8,0.002611
2014,46060,8,-0.00201
2014,46140,8,0.000401
2014,46340,8,-0.005075
2014,46540,8,-0.003225
2014,46660,8,-0.011209
2014,46700,8,0.004544
2014,47220,8,-0.000308
2014,47300,8,0.000455
2014,47940,8,-0.00301
2014,48300,8,-0.003278
2014,48540,8,-0.007625
2014,48660,8,-0.006177
2014,48700,8,-0.006036
2014,49020,8,0.000552
2014,49420,8,-0.008161
2014,49620,8,0.0032
2014,49660,8,-0.002984
2014,49700,8,0.00266
2014,49740,8,-0.00577
2014,10180,9,-0.006265
2014,10420,9,7e-05
2014,10580,9,0.00176
2014,10740,9,-0.00641
2014,10780,9,-0.004222
2014,10900,9,0.001884
2014,11020,9,-0.004667
2014,11260,9,-0.004212
2014,11460,9,0.004519
2014,11500,9,-0.00434
2014,11540,9,0.003817
2014,11700,9,0.001711
2014,12020,9,-0.000288
2014,12100,9,0.003483
2014,12220,9,0.010838
2014,12420,9,0.018144
2014,12540,9,0.004738
2014,12580,9,-0.002768
2014,12620,9,-0.001693
2014,12700,9,0.00078
2014,12980,9,0.001664
2014,13020,9,-0.000801
2014,13380,9,-0.003601
2014,13460,9,0.015677
2014,13780,9,-0.0016
2014,14260,9,0.010735
2014,14500,9,-0.002194
2014,14740,9,-0.007359
2014,14860,9,0.003254
2014,15180,9,-0.004192
2014,15260,9,-0.001253
2014,15380,9,-0.000971
2014,15500,9,-0.004303
2014,15540,9,0.001862
2014,15940,9,-0.000214
2014,15980,9,0.012853
2014,16180,9,-0.009293
2014,16220,9,0.008948
2014,16300,9,-0.004073
2014,16700,9,0.010864
2014,16860,9,-0.003316
2014,16940,9,-0.001759
2014,17020,9,-0.001873
2014,17420,9,0.00109
2014,17660,9,0.006225
2014,17780,9,0.006265
2014,17820,9,0.000702
2014,17900,9,0.002278
2014,18020,9,0.003808
2014,18700,9,-0.006048
2014,19140,9,-0.006031
2014,19340,9,0.000212
2014,19460,9,-0.005929
2014,19500,9,-0.004079
2014,19740,9,0.005064
2014,20020,9,-0.00092
2014,20100,9,0.003342
2014,20220,9,-0.002379
2014,20740,9,0.004965
2014,20940,9,-0.00272
2014,21140,9,0.003812
2014,21300,9,-0.006013
2014,21500,9,-0.000942
2014,21660,9,-0.00327
2014,21820,9,-0.008933
2014,22020,9,0.018409
2014,22140,9,-0.015759
2014,22380,9,0.001846
2014,22420,9,0.000549
2014,22500,9,-0.006609
2014,22520,9,-0.001217
2014,22540,9,-0.001126
2014,22660,9,0.003694
2014,23420,9,0.001987
2014,23460,9,-0.005007
2014,23580,9,0.003319
2014,24020,9,-0.000556
2014,24140,9,-0.006754
2014,24220,9,0.005778
2014,24300,9,-0.005146
2014,24500,9,-0.006502
2014,24540,9,0.006433
2014,24580,9,0.002582
2014,24660,9,-0.002629
2014,25260,9,-0.006006
2014,25420,9,0.002913
2014,25500,9,0.000421
2014,25540,9,-0.001405
2014,25860,9,-0.007311
2014,25980,9,-0.010603
2014,26300,9,-0.006597
2014,26380,9,-0.002249
2014,26620,9,0.007783
2014,26980,9,0.005671
2014,27060,9,0.004478
2014,27100,9,0.002819
2014,27260,9,0.007136
2014,27340,9,0.008392
2014,27500,9,0.002113
2014,27620,9,-0.007994
2014,27740,9,-0.000212
2014,27780,9,-0.005226
2014,27860,9,0.002243
2014,27900,9,-0.006166
2014,28100,9,-0.003322
2014,28420,9,0.00237
2014,28660,9,4e-06
2014,28700,9,-0.008009
2014,28740,9,-0.001438
2014,29100,9,0.00185
2014,29340,9,-0.001927
2014,29420,9,-0.003871
2014,29460,9,0.004586
2014,29540,9,0.003231
2014,29700,9,0.003963
2014,29740,9,-0.006779
2014,29820,9,0.01133
2014,29940,9,0.001827
2014,30140,9,0.001054
2014,30300,9,-0.006493
2014,30340,9,-0.00142
2014,30460,9,0.004245
2014,30620,9,-0.003825
2014,30700,9,0.001001
2014,30780,9,4e-06
2014,30860,9,-0.000309
2014,31020,9,-0.006471
2014,31420,9,-0.009396
2014,31700,9,0.00026
2014,31900,9,-0.003488
2014,32580,9,0.001699
2014,32780,9,0.002346
2014,32900,9,0.003492
2014,33140,9,0.000267
2014,33340,9,0.000906
2014,33540,9,-0.00442
2014,33700,9,0.0053
2014,33780,9,-0.001269
2014,33860,9,-0.005132
2014,34060,9,-0.003361
2014,34580,9,-0.002283
2014,34620,9,-0.001375
2014,34740,9,0.003049
2014,34900,9,0.002021
2014,34940,9,0.012297
2014,35300,9,-0.002823
2014,35660,9,-0.002809
2014,35980,9,-0.002003
2014,36100,9,0.001073
2014,36220,9,0.015559
2014,36420,9,0.005016
2014,36500,9,0.001444
2014,36540,9,0.001787
2014,36740,9,0.012536
2014,36780,9,0.001767
2014,36980,9,-0.000842
2014,37100,9,-0.001651
2014,37340,9,0.002023
2014,37860,9,0.000854
2014,38060,9,0.009514
2014,38300,9,-8.6e-05
2014,38340,9,-0.002613
2014,38860,9,0.002414
2014,38900,9,0.002436
2014,38940,9,0.005683
2014,39300,9,0.000222
2014,39340,9,0.006756
2014,39380,9,-0.007512
2014,39460,9,0.005352
2014,39540,9,0.00117
2014,39580,9,0.015303
2014,39740,9,0.001155
2014,39820,9,-0.001356
2014,39900,9,0.005264
2014,40140,9,0.003551
2014,40220,9,-0.005122
2014,40420,9,-0.001432
2014,40580,9,-0.009053
2014,40660,9,-0.007219
2014,40900,9,0.003826
2014,40980,9,-0.004987
2014,41060,9,-0.002158
2014,41100,9,0.01469
2014,41140,9,-0.008564
2014,41420,9,-0.002647
2014,41500,9,0.000312
2014,41700,9,0.004729
2014,41740,9,0.001173
2014,41940,9,0.003244
2014,42020,9,-0.000989
2014,42100,9,0.000227
2014,42140,9,-0.006374
2014,42220,9,0.001348
2014,42340,9,0.00235
2014,42540,9,-0.002929
2014,42680,9,0.003237
2014,43100,9,0.000198
2014,43300,9,-0.005665
2014,43620,9,0.011266
2014,43780,9,0.000579
2014,44100,9,-0.001926
2014,44180,9,3.4e-05
2014,44220,9,-0.001501
2014,44300,9,0.003766
2014,44700,9,0.003177
2014,45060,9,-0.000113
2014,45220,9,-0.00571
2014,45820,9,-0.007634
2014,45940,9,0.002801
2014,46060,9,-0.001914
2014,46140,9,0.000288
2014,46340,9,-0.00475
2014,46540,9,-0.002934
2014,46660,9,-0.010976
2014,46700,9,0.004965
2014,47220,9,-0.000408
2014,47300,9,0.000422
2014,47940,9,-0.002692
2014,48300,9,-0.003765
2014,48540,9,-0.007804
2014,48660,9,-0.006003
2014,48700,9,-0.005589
2014,49020,9,0.000903
2014,49420,9,-0.00847
2014,49620,9,0.002889
2014,49660,9,-0.003027
2014,49700,9,0.002693
2014,49740,9,-0.005605
2014,10180,10,-0.006265
2014,10420,10,7e-05
2014,10580,10,0.00176
2014,10740,10,-0.00641
2014,10780,10,-0.004222
2014,10900,10,0.001884
2014,11020,10,-0.004667
2014,11260,10,-0.004212
2014,11460,10,0.004519
2014,11500,10,-0.00434
2014,11540,10,0.003817
2014,11700,10,0.001711
2014,12020,10,-0.000288
2014,12100,10,0.003483
2014,12220,10,0.010838
2014,12420,10,0.018144
2014,12540,10,0.004738
2014,12580,10,-0.002768
2014,12620,10,-0.001693
2014,12700,10,0.00078
2014,12980,10,0.001664
2014,13020,10,-0.000801
2014,13380,10,-0.003601
2014,13460,10,0.015677
2014,13780,10,-0.0016
2014,14260,10,0.010735
2014,14500,10,-0.002194
2014,14740,10,-0.007359
2014,14860,10,0.003254
2014,15180,10,-0.004192
2014,15260,10,-0.001253
2014,15380,10,-0.000971
2014,15500,10,-0.004303
2014,15540,10,0.001862
2014,15940,10,-0.000214
2014,15980,10,0.012853
2014,16180,10,-0.009293
2014,16220,10,0.008948
2014,16300,10,-0.004073
2014,16700,10,0.010864
2014,16860,10,-0.003316
2014,16940,10,-0.001759
2014,17020,10,-0.001873
2014,17420,10,0.00109
2014,17660,10,0.006225
2014,17780,10,0.006265
2014,17820,10,0.000702
2014,17900,10,0.002278
2014,18020,10,0.003808
2014,18700,10,-0.006048
2014,19140,10,-0.006031
2014,19340,10,0.000212
2014,19460,10,-0.005929
2014,19500,10,-0.004079
2014,19740,10,0.005064
2014,20020,10,-0.00092
2014,20100,10,0.003342
2014,20220,10,-0.002379
2014,20740,10,0.004965
2014,20940,10,-0.00272
2014,21140,10,0.003812
2014,21300,10,-0.006013
2014,21500,10,-0.000942
2014,21660,10,-0.00327
2014,21820,10,-0.008933
2014,22020,10,0.018409
2014,22140,10,-0.015759
2014,22380,10,0.001846
2014,22420,10,0.000549
2014,22500,10,-0.006609
2014,22520,10,-0.001217
2014,22540,10,-0.001126
2014,22660,10,0.003694
2014,23420,10,0.001987
2014,23460,10,-0.005007
2014,23580,10,0.003319
2014,24020,10,-0.000556
2014,24140,10,-0.006754
2014,24220,10,0.005778
2014,24300,10,-0.005146
2014,24500,10,-0.006502
2014,24540,10,0.006433
2014,24580,10,0.002582
2014,24660,10,-0.002629
2014,25260,10,-0.006006
2014,25420,10,0.002913
2014,25500,10,0.000421
2014,25540,10,-0.001405
2014,25860,10,-0.007311
2014,25980,10,-0.010603
2014,26300,10,-0.006597
2014,26380,10,-0.002249
2014,26620,10,0.007783
2014,26980,10,0.005671
2014,27060,10,0.004478
2014,27100,10,0.002819
2014,27260,10,0.007136
2014,27340,10,0.008392
2014,27500,10,0.002113
2014,27620,10,-0.007994
2014,27740,10,-0.000212
2014,27780,10,-0.005226
2014,27860,10,0.002243
2014,27900,10,-0.006166
2014,28100,10,-0.003322
2014,28420,10,0.00237
2014,28660,10,4e-06
2014,28700,10,-0.008009
2014,28740,10,-0.001438
2014,29100,10,0.00185
2014,29340,10,-0.001927
2014,29420,10,-0.003871
2014,29460,10,0.004586
2014,29540,10,0.003231
2014,29700,10,0.003963
2014,29740,10,-0.006779
2014,29820,10,0.01133
2014,29940,10,0.001827
2014,30140,10,0.001054
2014,30300,10,-0.006493
2014,30340,10,-0.00142
2014,30460,10,0.004245
2014,30620,10,-0.003825
2014,30700,10,0.001001
2014,30780,10,4e-06
2014,30860,10,-0.000309
2014,31020,10,-0.006471
2014,31420,10,-0.009396
2014,31700,10,0.00026
2014,31900,10,-0.003488
2014,32580,10,0.001699
2014,32780,10,0.002346
2014,32900,10,0.003492
2014,33140,10,0.000267
2014,33340,10,0.000906
2014,33540,10,-0.00442
2014,33700,10,0.0053
2014,33780,10,-0.001269
2014,33860,10,-0.005132
2014,34060,10,-0.003361
2014,34580,10,-0.002283
2014,34620,10,-0.001375
2014,34740,10,0.003049
2014,34900,10,0.002021
2014,34940,10,0.012297
2014,35300,10,-0.002823
2014,35660,10,-0.002809
2014,35980,10,-0.002003
2014,36100,10,0.001073
2014,36220,10,0.015559
2014,36420,10,0.005016
2014,36500,10,0.001444
2014,36540,10,0.001787
2014,36740,10,0.012536
2014,36780,10,0.001767
2014,36980,10,-0.000842
2014,37100,10,-0.001651
2014,37340,10,0.002023
2014,37860,10,0.000854
2014,38060,10,0.009514
2014,38300,10,-8.6e-05
2014,38340,10,-0.002613
2014,38860,10,0.002414
2014,38900,10,0.002436
2014,38940,10,0.005683
2014,39300,10,0.000222
2014,39340,10,0.006756
2014,39380,10,-0.007512
2014,39460,10,0.005352
2014,39540,10,0.00117
2014,39580,10,0.015303
2014,39740,10,0.001155
2014,39820,10,-0.001356
2014,39900,10,0.005264
2014,40140,10,0.003551
2014,40220,10,-0.005122
2014,40420,10,-0.001432
2014,40580,10,-0.009053
2014,40660,10,-0.007219
2014,40900,10,0.003826
2014,40980,10,-0.004987
2014,41060,10,-0.002158
2014,41100,10,0.01469
2014,41140,10,-0.008564
2014,41420,10,-0.002647
2014,41500,10,0.000312
2014,41700,10,0.004729
2014,41740,10,0.001173
2014,41940,10,0.003244
2014,42020,10,-0.000989
2014,42100,10,0.000227
2014,42140,10,-0.006374
2014,42220,10,0.001348
2014,42340,10,0.00235
2014,42540,10,-0.002929
2014,42680,10,0.003237
2014,43100,10,0.000198
2014,43300,10,-0.005665
2014,43620,10,0.011266
2014,43780,10,0.000579
2014,44100,10,-0.001926
2014,44180,10,3.4e-05
2014,44220,10,-0.001501
2014,44300,10,0.003766
2014,44700,10,0.003177
2014,45060,10,-0.000113
2014,45220,10,-0.00571
2014,45820,10,-0.007634
2014,45940,10,0.002801
2014,46060,10,-0.001914
2014,46140,10,0.000288
2014,46340,10,-0.00475
2014,46540,10,-0.002934
2014,46660,10,-0.010976
2014,46700,10,0.004965
2014,47220,10,-0.000408
2014,47300,10,0.000422
2014,47940,10,-0.002692
2014,48300,10,-0.003765
2014,48540,10,-0.007804
2014,48660,10,-0.006003
2014,48700,10,-0.005589
2014,49020,10,0.000903
2014,49420,10,-0.00847
2014,49620,10,0.002889
2014,49660,10,-0.003027
2014,49700,10,0.002693
2014,49740,10,-0.005605
2014,10180,11,-0.006265
2014,10420,11,7e-05
2014,10580,11,0.00176
2014,10740,11,-0.00641
2014,10780,11,-0.004222
2014,10900,11,0.001884
2014,11020,11,-0.004667
2014,11260,11,-0.004212
2014,11460,11,0.004519
2014,11500,11,-0.00434
2014,11540,11,0.003817
2014,11700,11,0.001711
2014,12020,11,-0.000288
2014,12100,11,0.003483
2014,12220,11,0.010838
2014,12420,11,0.018144
2014,12540,11,0.004738
2014,12580,11,-0.002768
2014,12620,11,-0.001693
2014,12700,11,0.00078
2014,12980,11,0.001664
2014,13020,11,-0.000801
2014,13380,11,-0.003601
2014,13460,11,0.015677
2014,13780,11,-0.0016
2014,14260,11,0.010735
2014,14500,11,-0.002194
2014,14740,11,-0.007359
2014,14860,11,0.003254
2014,15180,11,-0.004192
2014,15260,11,-0.001253
2014,15380,11,-0.000971
2014,15500,11,-0.004303
2014,15540,11,0.001862
2014,15940,11,-0.000214
2014,15980,11,0.012853
2014,16180,11,-0.009293
2014,16220,11,0.008948
2014,16300,11,-0.004073
2014,16700,11,0.010864
2014,16860,11,-0.003316
2014,16940,11,-0.001759
2014,17020,11,-0.001873
2014,17420,11,0.00109
2014,17660,11,0.006225
2014,17780,11,0.006265
2014,17820,11,0.000702
2014,17900,11,0.002278
2014,18020,11,0.003808
2014,18700,11,-0.006048
2014,19140,11,-0.006031
2014,19340,11,0.000212
2014,19460,11,-0.005929
2014,19500,11,-0.004079
2014,19740,11,0.005064
2014,20020,11,-0.00092
2014,20100,11,0.003342
2014,20220,11,-0.002379
2014,20740,11,0.004965
2014,20940,11,-0.00272
2014,21140,11,0.003812
2014,21300,11,-0.006013
2014,21500,11,-0.000942
2014,21660,11,-0.00327
2014,21820,11,-0.008933
2014,22020,11,0.018409
2014,22140,11,-0.015759
2014,22380,11,0.001846
2014,22420,11,0.000549
2014,22500,11,-0.006609
2014,22520,11,-0.001217
2014,22540,11,-0.001126
2014,22660,11,0.003694
2014,23420,11,0.001987
2014,23460,11,-0.005007
2014,23580,11,0.003319
2014,24020,11,-0.000556
2014,24140,11,-0.006754
2014,24220,11,0.005778
2014,24300,11,-0.005146
2014,24500,11,-0.006502
2014,24540,11,0.006433
2014,24580,11,0.002582
2014,24660,11,-0.002629
2014,25260,11,-0.006006
2014,25420,11,0.002913
2014,25500,11,0.000421
2014,25540,11,-0.001405
2014,25860,11,-0.007311
2014,25980,11,-0.010603
2014,26300,11,-0.006597
2014,26380,11,-0.002249
2014,26620,11,0.007783
2014,26980,11,0.005671
2014,27060,11,0.004478
2014,27100,11,0.002819
2014,27260,11,0.007136
2014,27340,11,0.008392
2014,27500,11,0.002113
2014,27620,11,-0.007994
2014,27740,11,-0.000212
2014,27780,11,-0.005226
2014,27860,11,0.002243
2014,27900,11,-0.006166
2014,28100,11,-0.003322
2014,28420,11,0.00237
2014,28660,11,4e-06
2014,28700,11,-0.008009
2014,28740,11,-0.001438
2014,29100,11,0.00185
2014,29340,11,-0.001927
2014,29420,11,-0.003871
2014,29460,11,0.004586
2014,29540,11,0.003231
2014,29700,11,0.003963
2014,29740,11,-0.006779
2014,29820,11,0.01133
2014,29940,11,0.001827
2014,30140,11,0.001054
2014,30300,11,-0.006493
2014,30340,11,-0.00142
2014,30460,11,0.004245
2014,30620,11,-0.003825
2014,30700,11,0.001001
2014,30780,11,4e-06
2014,30860,11,-0.000309
2014,31020,11,-0.006471
2014,31420,11,-0.009396
2014,31700,11,0.00026
2014,31900,11,-0.003488
2014,32580,11,0.001699
2014,32780,11,0.002346
2014,32900,11,0.003492
2014,33140,11,0.000267
2014,33340,11,0.000906
2014,33540,11,-0.00442
2014,33700,11,0.0053
2014,33780,11,-0.001269
2014,33860,11,-0.005132
2014,34060,11,-0.003361
2014,34580,11,-0.002283
2014,34620,11,-0.001375
2014,34740,11,0.003049
2014,34900,11,0.002021
2014,34940,11,0.012297
2014,35300,11,-0.002823
2014,35660,11,-0.002809
2014,35980,11,-0.002003
2014,36100,11,0.001073
2014,36220,11,0.015559
2014,36420,11,0.005016
2014,36500,11,0.001444
2014,36540,11,0.001787
2014,36740,11,0.012536
2014,36780,11,0.001767
2014,36980,11,-0.000842
2014,37100,11,-0.001651
2014,37340,11,0.002023
2014,37860,11,0.000854
2014,38060,11,0.009514
2014,38300,11,-8.6e-05
2014,38340,11,-0.002613
2014,38860,11,0.002414
2014,38900,11,0.002436
2014,38940,11,0.005683
2014,39300,11,0.000222
2014,39340,11,0.006756
2014,39380,11,-0.007512
2014,39460,11,0.005352
2014,39540,11,0.00117
2014,39580,11,0.015303
2014,39740,11,0.001155
2014,39820,11,-0.001356
2014,39900,11,0.005264
2014,40140,11,0.003551
2014,40220,11,-0.005122
2014,40420,11,-0.001432
2014,40580,11,-0.009053
2014,40660,11,-0.007219
2014,40900,11,0.003826
2014,40980,11,-0.004987
2014,41060,11,-0.002158
2014,41100,11,0.01469
2014,41140,11,-0.008564
2014,41420,11,-0.002647
2014,41500,11,0.000312
2014,41700,11,0.004729
2014,41740,11,0.001173
2014,41940,11,0.003244
2014,42020,11,-0.000989
2014,42100,11,0.000227
2014,42140,11,-0.006374
2014,42220,11,0.001348
2014,42340,11,0.00235
2014,42540,11,-0.002929
2014,42680,11,0.003237
2014,43100,11,0.000198
2014,43300,11,-0.005665
2014,43620,11,0.011266
2014,43780,11,0.000579
2014,44100,11,-0.001926
2014,44180,11,3.4e-05
2014,44220,11,-0.001501
2014,44300,11,0.003766
2014,44700,11,0.003177
2014,45060,11,-0.000113
2014,45220,11,-0.00571
2014,45820,11,-0.007634
2014,45940,11,0.002801
2014,46060,11,-0.001914
2014,46140,11,0.000288
2014,46340,11,-0.00475
2014,46540,11,-0.002934
2014,46660,11,-0.010976
2014,46700,11,0.004965
2014,47220,11,-0.000408
2014,47300,11,0.000422
2014,47940,11,-0.002692
2014,48300,11,-0.003765
2014,48540,11,-0.007804
2014,48660,11,-0.006003
2014,48700,11,-0.005589
2014,49020,11,0.000903
2014,49420,11,-0.00847
2014,49620,11,0.002889
2014,49660,11,-0.003027
2014,49700,11,0.002693
2014,49740,11,-0.005605
2014,10180,12,-0.006265
2014,10420,12,7e-05
2014,10580,12,0.00176
2014,10740,12,-0.00641
2014,10780,12,-0.004222
2014,10900,12,0.001884
2014,11020,12,-0.004667
2014,11260,12,-0.004212
2014,11460,12,0.004519
2014,11500,12,-0.00434
2014,11540,12,0.003817
2014,11700,12,0.001711
2014,12020,12,-0.000288
2014,12100,12,0.003483
2014,12220,12,0.010838
2014,12420,12,0.018144
2014,12540,12,0.004738
2014,12580,12,-0.002768
2014,12620,12,-0.001693
2014,12700,12,0.00078
2014,12980,12,0.001664
2014,13020,12,-0.000801
2014,13380,12,-0.003601
2014,13460,12,0.015677
2014,13780,12,-0.0016
2014,14260,12,0.010735
2014,14500,12,-0.002194
2014,14740,12,-0.007359
2014,14860,12,0.003254
2014,15180,12,-0.004192
2014,15260,12,-0.001253
2014,15380,12,-0.000971
2014,15500,12,-0.004303
2014,15540,12,0.001862
2014,15940,12,-0.000214
2014,15980,12,0.012853
2014,16180,12,-0.009293
2014,16220,12,0.008948
2014,16300,12,-0.004073
2014,16700,12,0.010864
2014,16860,12,-0.003316
2014,16940,12,-0.001759
2014,17020,12,-0.001873
2014,17420,12,0.00109
2014,17660,12,0.006225
2014,17780,12,0.006265
2014,17820,12,0.000702
2014,17900,12,0.002278
2014,18020,12,0.003808
2014,18700,12,-0.006048
2014,19140,12,-0.006031
2014,19340,12,0.000212
2014,19460,12,-0.005929
2014,19500,12,-0.004079
2014,19740,12,0.005064
2014,20020,12,-0.00092
2014,20100,12,0.003342
2014,20220,12,-0.002379
2014,20740,12,0.004965
2014,20940,12,-0.00272
2014,21140,12,0.003812
2014,21300,12,-0.006013
2014,21500,12,-0.000942
2014,21660,12,-0.00327
2014,21820,12,-0.008933
2014,22020,12,0.018409
2014,22140,12,-0.015759
2014,22380,12,0.001846
2014,22420,12,0.000549
2014,22500,12,-0.006609
2014,22520,12,-0.001217
2014,22540,12,-0.001126
2014,22660,12,0.003694
2014,23420,12,0.001987
2014,23460,12,-0.005007
2014,23580,12,0.003319
2014,24020,12,-0.000556
2014,24140,12,-0.006754
2014,24220,12,0.005778
2014,24300,12,-0.005146
2014,24500,12,-0.006502
2014,24540,12,0.006433
2014,24580,12,0.002582
2014,24660,12,-0.002629
2014,25260,12,-0.006006
2014,25420,12,0.002913
2014,25500,12,0.000421
2014,25540,12,-0.001405
2014,25860,12,-0.007311
2014,25980,12,-0.010603
2014,26300,12,-0.006597
2014,26380,12,-0.002249
2014,26620,12,0.007783
2014,26980,12,0.005671
2014,27060,12,0.004478
2014,27100,12,0.002819
2014,27260,12,0.007136
2014,27340,12,0.008392
2014,27500,12,0.002113
2014,27620,12,-0.007994
2014,27740,12,-0.000212
2014,27780,12,-0.005226
2014,27860,12,0.002243
2014,27900,12,-0.006166
2014,28100,12,-0.003322
2014,28420,12,0.00237
2014,28660,12,4e-06
2014,28700,12,-0.008009
2014,28740,12,-0.001438
2014,29100,12,0.00185
2014,29340,12,-0.001927
2014,29420,12,-0.003871
2014,29460,12,0.004586
2014,29540,12,0.003231
2014,29700,12,0.003963
2014,29740,12,-0.006779
2014,29820,12,0.01133
2014,29940,12,0.001827
2014,30140,12,0.001054
2014,30300,12,-0.006493
2014,30340,12,-0.00142
2014,30460,12,0.004245
2014,30620,12,-0.003825
2014,30700,12,0.001001
2014,30780,12,4e-06
2014,30860,12,-0.000309
2014,31020,12,-0.006471
2014,31420,12,-0.009396
2014,31700,12,0.00026
2014,31900,12,-0.003488
2014,32580,12,0.001699
2014,32780,12,0.002346
2014,32900,12,0.003492
2014,33140,12,0.000267
2014,33340,12,0.000906
2014,33540,12,-0.00442
2014,33700,12,0.0053
2014,33780,12,-0.001269
2014,33860,12,-0.005132
2014,34060,12,-0.003361
2014,34580,12,-0.002283
2014,34620,12,-0.001375
2014,34740,12,0.003049
2014,34900,12,0.002021
2014,34940,12,0.012297
2014,35300,12,-0.002823
2014,35660,12,-0.002809
2014,35980,12,-0.002003
2014,36100,12,0.001073
2014,36220,12,0.015559
2014,36420,12,0.005016
2014,36500,12,0.001444
2014,36540,12,0.001787
2014,36740,12,0.012536
2014,36780,12,0.001767
2014,36980,12,-0.000842
2014,37100,12,-0.001651
2014,37340,12,0.002023
2014,37860,12,0.000854
2014,38060,12,0.009514
2014,38300,12,-8.6e-05
2014,38340,12,-0.002613
2014,38860,12,0.002414
2014,38900,12,0.002436
2014,38940,12,0.005683
2014,39300,12,0.000222
2014,39340,12,0.006756
2014,39380,12,-0.007512
2014,39460,12,0.005352
2014,39540,12,0.00117
2014,39580,12,0.015303
2014,39740,12,0.001155
2014,39820,12,-0.001356
2014,39900,12,0.005264
2014,40140,12,0.003551
2014,40220,12,-0.005122
2014,40420,12,-0.001432
2014,40580,12,-0.009053
2014,40660,12,-0.007219
2014,40900,12,0.003826
2014,40980,12,-0.004987
2014,41060,12,-0.002158
2014,41100,12,0.01469
2014,41140,12,-0.008564
2014,41420,12,-0.002647
2014,41500,12,0.000312
2014,41700,12,0.004729
2014,41740,12,0.001173
2014,41940,12,0.003244
2014,42020,12,-0.000989
2014,42100,12,0.000227
2014,42140,12,-0.006374
2014,42220,12,0.001348
2014,42340,12,0.00235
2014,42540,12,-0.002929
2014,42680,12,0.003237
2014,43100,12,0.000198
2014,43300,12,-0.005665
2014,43620,12,0.011266
2014,43780,12,0.000579
2014,44100,12,-0.001926
2014,44180,12,3.4e-05
2014,44220,12,-0.001501
2014,44300,12,0.003766
2014,44700,12,0.003177
2014,45060,12,-0.000113
2014,45220,12,-0.00571
2014,45820,12,-0.007634
2014,45940,12,0.002801
2014,46060,12,-0.001914
2014,46140,12,0.000288
2014,46340,12,-0.00475
2014,46540,12,-0.002934
2014,46660,12,-0.010976
2014,46700,12,0.004965
2014,47220,12,-0.000408
2014,47300,12,0.000422
2014,47940,12,-0.002692
2014,48300,12,-0.003765
2014,48540,12,-0.007804
2014,48660,12,-0.006003
2014,48700,12,-0.005589
2014,49020,12,0.000903
2014,49420,12,-0.00847
2014,49620,12,0.002889
2014,49660,12,-0.003027
2014,49700,12,0.002693
2014,49740,12,-0.005605
2014,10180,13,-0.006446
2014,10420,13,3.7e-05
2014,10580,13,0.001854
2014,10740,13,-0.006694
2014,10780,13,-0.004351
2014,10900,13,0.001923
2014,11020,13,-0.004831
2014,11260,13,-0.004421
2014,11460,13,0.00469
2014,11500,13,-0.004406
2014,11540,13,0.003921
2014,11700,13,0.001786
2014,12020,13,-0.000349
2014,12100,13,0.003679
2014,12220,13,0.011092
2014,12420,13,0.018822
2014,12540,13,0.00499
2014,12580,13,-0.002807
2014,12620,13,-0.00177
2014,12700,13,0.000926
2014,12980,13,0.001759
2014,13020,13,-0.000866
2014,13380,13,-0.003787
2014,13460,13,0.016142
2014,13780,13,-0.001605
2014,14260,13,0.011064
2014,14500,13,-0.002307
2014,14740,13,-0.007725
2014,14860,13,0.003292
2014,15180,13,-0.004359
2014,15260,13,-0.00138
2014,15380,13,-0.001015
2014,15500,13,-0.004552
2014,15540,13,0.001959
2014,15940,13,-0.000249
2014,15980,13,0.013397
2014,16180,13,-0.009574
2014,16220,13,0.009284
2014,16300,13,-0.004243
2014,16700,13,0.011209
2014,16860,13,-0.003456
2014,16940,13,-0.0018
2014,17020,13,-0.001891
2014,17420,13,0.001108
2014,17660,13,0.006443
2014,17780,13,0.006542
2014,17820,13,0.000661
2014,17900,13,0.002265
2014,18020,13,0.003898
2014,18700,13,-0.006457
2014,19140,13,-0.006243
2014,19340,13,0.000271
2014,19460,13,-0.006137
2014,19500,13,-0.00414
2014,19740,13,0.005272
2014,20020,13,-0.000996
2014,20100,13,0.003391
2014,20220,13,-0.002456
2014,20740,13,0.005191
2014,20940,13,-0.002836
2014,21140,13,0.003918
2014,21300,13,-0.006193
2014,21500,13,-0.000999
2014,21660,13,-0.00353
2014,21820,13,-0.009343
2014,22020,13,0.019094
2014,22140,13,-0.01619
2014,22380,13,0.001936
2014,22420,13,0.000569
2014,22500,13,-0.006885
2014,22520,13,-0.001235
2014,22540,13,-0.001197
2014,22660,13,0.003803
2014,23420,13,0.00209
2014,23460,13,-0.005107
2014,23580,13,0.003313
2014,24020,13,-0.000525
2014,24140,13,-0.007018
2014,24220,13,0.00611
2014,24300,13,-0.005299
2014,24500,13,-0.006658
2014,24540,13,0.006596
2014,24580,13,0.002616
2014,24660,13,-0.002815
2014,25260,13,-0.006254
2014,25420,13,0.002924
2014,25500,13,0.00046
2014,25540,13,-0.001494
2014,25860,13,-0.0076
2014,25980,13,-0.011001
2014,26300,13,-0.006854
2014,26380,13,-0.002235
2014,26620,13,0.008024
2014,26980,13,0.005843
2014,27060,13,0.004687
2014,27100,13,0.002929
2014,27260,13,0.007386
2014,27340,13,0.008702
2014,27500,13,0.002197
2014,27620,13,-0.008293
2014,27740,13,-0.00018
2014,27780,13,-0.005415
2014,27860,13,0.00224
2014,27900,13,-0.006399
2014,28100,13,-0.003395
2014,28420,13,0.002245
2014,28660,13,-4.6e-05
2014,28700,13,-0.008255
2014,28740,13,-0.001395
2014,29100,13,0.002009
2014,29340,13,-0.001957
2014,29420,13,-0.003914
2014,29460,13,0.004688
2014,29540,13,0.00327
2014,29700,13,0.004016
2014,29740,13,-0.007061
2014,29820,13,0.011803
2014,29940,13,0.001863
2014,30140,13,0.001058
2014,30300,13,-0.00673
2014,30340,13,-0.001505
2014,30460,13,0.004398
2014,30620,13,-0.004022
2014,30700,13,0.000969
2014,30780,13,-4.9e-05
2014,30860,13,-0.000412
2014,31020,13,-0.006907
2014,31420,13,-0.00979
2014,31700,13,0.000241
2014,31900,13,-0.003635
2014,32580,13,0.001664
2014,32780,13,0.002348
2014,32900,13,0.00379
2014,33140,13,0.000305
2014,33340,13,0.000963
2014,33540,13,-0.004522
2014,33700,13,0.005715
2014,33780,13,-0.001347
2014,33860,13,-0.005351
2014,34060,13,-0.00345
2014,34580,13,-0.002507
2014,34620,13,-0.00144
2014,34740,13,0.003118
2014,34900,13,0.002225
2014,34940,13,0.012831
2014,35300,13,-0.002948
2014,35660,13,-0.002865
2014,35980,13,-0.002133
2014,36100,13,0.00108
2014,36220,13,0.016154
2014,36420,13,0.005163
2014,36500,13,0.001301
2014,36540,13,0.001805
2014,36740,13,0.012955
2014,36780,13,0.00182
2014,36980,13,-0.000861
2014,37100,13,-0.001533
2014,37340,13,0.002205
2014,37860,13,0.000839
2014,38060,13,0.009959
2014,38300,13,-9.2e-05
2014,38340,13,-0.002591
2014,38860,13,0.002519
2014,38900,13,0.002407
2014,38940,13,0.006008
2014,39300,13,0.000262
2014,39340,13,0.006844
2014,39380,13,-0.007829
2014,39460,13,0.005682
2014,39540,13,0.001223
2014,39580,13,0.015735
2014,39740,13,0.001172
2014,39820,13,-0.001347
2014,39900,13,0.005537
2014,40140,13,0.003853
2014,40220,13,-0.005312
2014,40420,13,-0.001526
2014,40580,13,-0.00942
2014,40660,13,-0.0075
2014,40900,13,0.004124
2014,40980,13,-0.005231
2014,41060,13,-0.002213
2014,41100,13,0.015081
2014,41140,13,-0.008861
2014,41420,13,-0.002949
2014,41500,13,0.000408
2014,41700,13,0.00487
2014,41740,13,0.001368
2014,41940,13,0.003391
2014,42020,13,-0.000916
2014,42100,13,0.000266
2014,42140,13,-0.006651
2014,42220,13,0.001527
2014,42340,13,0.002427
2014,42540,13,-0.003091
2014,42680,13,0.003377
2014,43100,13,0.000263
2014,43300,13,-0.005863
2014,43620,13,0.011633
2014,43780,13,0.000599
2014,44100,13,-0.001935
2014,44180,13,-2.7e-05
2014,44220,13,-0.00158
2014,44300,13,0.003922
2014,44700,13,0.003496
2014,45060,13,-0.000143
2014,45220,13,-0.005882
2014,45820,13,-0.007881
2014,45940,13,0.0029
2014,46060,13,-0.00198
2014,46140,13,0.000265
2014,46340,13,-0.004935
2014,46540,13,-0.003025
2014,46660,13,-0.011383
2014,46700,13,0.005249
2014,47220,13,-0.000475
2014,47300,13,0.000412
2014,47940,13,-0.00273
2014,48300,13,-0.004039
2014,48540,13,-0.007919
2014,48660,13,-0.006188
2014,48700,13,-0.005783
2014,49020,13,0.001009
2014,49420,13,-0.008938
2014,49620,13,0.002915
2014,49660,13,-0.003122
2014,49700,13,0.002964
2014,49740,13,-0.005817
2014,10180,14,-0.00629
2014,10420,14,0.000184
2014,10580,14,0.001585
2014,10740,14,-0.005921
2014,10780,14,-0.004187
2014,10900,14,0.001989
2014,11020,14,-0.004599
2014,11260,14,-0.003759
2014,11460,14,0.003998
2014,11500,14,-0.004321
2014,11540,14,0.003678
2014,11700,14,0.001665
2014,12020,14,-1.7e-05
2014,12100,14,0.003205
2014,12220,14,0.010766
2014,12420,14,0.017675
2014,12540,14,0.004158
2014,12580,14,-0.002986
2014,12620,14,-0.001506
2014,12700,14,0.000365
2014,12980,14,0.001847
2014,13020,14,-0.000678
2014,13380,14,-0.003118
2014,13460,14,0.015415
2014,13780,14,-0.001645
2014,14260,14,0.010413
2014,14500,14,-0.002219
2014,14740,14,-0.00654
2014,14860,14,0.003283
2014,15180,14,-0.003993
2014,15260,14,-0.000978
2014,15380,14,-0.000942
2014,15500,14,-0.003839
2014,15540,14,0.001645
2014,15940,14,-0.000158
2014,15980,14,0.011487
2014,16180,14,-0.009301
2014,16220,14,0.008413
2014,16300,14,-0.003793
2014,16700,14,0.01067
2014,16860,14,-0.003104
2014,16940,14,-0.00172
2014,17020,14,-0.001842
2014,17420,14,0.001053
2014,17660,14,0.006149
2014,17780,14,0.00603
2014,17820,14,0.000881
2014,17900,14,0.002536
2014,18020,14,0.00369
2014,18700,14,-0.005446
2014,19140,14,-0.005532
2014,19340,14,2.5e-05
2014,19460,14,-0.005808
2014,19500,14,-0.004028
2014,19740,14,0.004872
2014,20020,14,-0.000863
2014,20100,14,0.003483
2014,20220,14,-0.0024
2014,20740,14,0.0047
2014,20940,14,-0.002814
2014,21140,14,0.003826
2014,21300,14,-0.006062
2014,21500,14,-0.000808
2014,21660,14,-0.002587
2014,21820,14,-0.008161
2014,22020,14,0.017825
2014,22140,14,-0.015487
2014,22380,14,0.001745
2014,22420,14,0.000598
2014,22500,14,-0.006312
2014,22520,14,-0.001333
2014,22540,14,-0.001193
2014,22660,14,0.003648
2014,23420,14,0.001682
2014,23460,14,-0.004985
2014,23580,14,0.003654
2014,24020,14,-0.000712
2014,24140,14,-0.006441
2014,24220,14,0.005173
2014,24300,14,-0.00499
2014,24500,14,-0.006377
2014,24540,14,0.006379
2014,24580,14,0.002566
2014,24660,14,-0.002172
2014,25260,14,-0.005711
2014,25420,14,0.002995
2014,25500,14,0.000557
2014,25540,14,-0.001221
2014,25860,14,-0.006837
2014,25980,14,-0.010091
2014,26300,14,-0.006407
2014,26380,14,-0.002421
2014,26620,14,0.007639
2014,26980,14,0.005581
2014,27060,14,0.004157
2014,27100,14,0.002902
2014,27260,14,0.00697
2014,27340,14,0.008281
2014,27500,14,0.002146
2014,27620,14,-0.00782
2014,27740,14,-0.000333
2014,27780,14,-0.005144
2014,27860,14,0.002371
2014,27900,14,-0.006111
2014,28100,14,-0.003221
2014,28420,14,0.003006
2014,28660,14,0.000207
2014,28700,14,-0.007816
2014,28740,14,-0.001481
2014,29100,14,0.001573
2014,29340,14,-0.001964
2014,29420,14,-0.004092
2014,29460,14,0.004559
2014,29540,14,0.003265
2014,29700,14,0.00416
2014,29740,14,-0.006245
2014,29820,14,0.010604
2014,29940,14,0.001873
2014,30140,14,0.001215
2014,30300,14,-0.006369
2014,30340,14,-0.001307
2014,30460,14,0.004202
2014,30620,14,-0.00389
2014,30700,14,0.001099
2014,30780,14,0.000153
2014,30860,14,-1.8e-05
2014,31020,14,-0.00539
2014,31420,14,-0.008779
2014,31700,14,0.000214
2014,31900,14,-0.003202
2014,32580,14,0.001946
2014,32780,14,0.002583
2014,32900,14,0.002384
2014,33140,14,0.000218
2014,33340,14,0.000763
2014,33540,14,-0.004448
2014,33700,14,0.00439
2014,33780,14,-0.0013
2014,33860,14,-0.004853
2014,34060,14,-0.003408
2014,34580,14,-0.001535
2014,34620,14,-0.001424
2014,34740,14,0.002985
2014,34900,14,0.001482
2014,34940,14,0.010979
2014,35300,14,-0.002782
2014,35660,14,-0.00279
2014,35980,14,-0.001734
2014,36100,14,0.001209
2014,36220,14,0.014655
2014,36420,14,0.004942
2014,36500,14,0.00215
2014,36540,14,0.001931
2014,36740,14,0.012058
2014,36780,14,0.001721
2014,36980,14,-0.000847
2014,37100,14,-0.002236
2014,37340,14,0.001391
2014,37860,14,0.000847
2014,38060,14,0.008691
2014,38300,14,-5.1e-05
2014,38340,14,-0.00246
2014,38860,14,0.00231
2014,38900,14,0.002855
2014,38940,14,0.004782
2014,39300,14,4.6e-05
2014,39340,14,0.006866
2014,39380,14,-0.006912
2014,39460,14,0.004458
2014,39540,14,0.001174
2014,39580,14,0.015411
2014,39740,14,0.001309
2014,39820,14,-0.001316
2014,39900,14,0.004822
2014,40140,14,0.002655
2014,40220,14,-0.004933
2014,40420,14,-0.00113
2014,40580,14,-0.008485
2014,40660,14,-0.006762
2014,40900,14,0.003205
2014,40980,14,-0.004845
2014,41060,14,-0.002124
2014,41100,14,0.014518
2014,41140,14,-0.00845
2014,41420,14,-0.001757
2014,41500,14,-0.000222
2014,41700,14,0.004649
2014,41740,14,0.000478
2014,41940,14,0.002801
2014,42020,14,-0.001184
2014,42100,14,0.000152
2014,42140,14,-0.005999
2014,42220,14,0.000853
2014,42340,14,0.002376
2014,42540,14,-0.002678
2014,42680,14,0.002859
2014,43100,14,0.000254
2014,43300,14,-0.005597
2014,43620,14,0.011107
2014,43780,14,0.000613
2014,44100,14,-0.001973
2014,44180,14,0.000242
2014,44220,14,-0.001319
2014,44300,14,0.0036
2014,44700,14,0.002059
2014,45060,14,-0.000105
2014,45220,14,-0.005423
2014,45820,14,-0.007312
2014,45940,14,0.002575
2014,46060,14,-0.001824
2014,46140,14,0.000375
2014,46340,14,-0.004658
2014,46540,14,-0.003002
2014,46660,14,-0.010476
2014,46700,14,0.00419
2014,47220,14,-0.000202
2014,47300,14,0.000458
2014,47940,14,-0.002834
2014,48300,14,-0.002979
2014,48540,14,-0.007472
2014,48660,14,-0.005842
2014,48700,14,-0.005637
2014,49020,14,0.000502
2014,49420,14,-0.007547
2014,49620,14,0.003092
2014,49660,14,-0.002835
2014,49700,14,0.002281
2014,49740,14,-0.005312
2014,10180,15,-0.006446
2014,10420,15,3.7e-05
2014,10580,15,0.001854
2014,10740,15,-0.006694
2014,10780,15,-0.004351
2014,10900,15,0.001923
2014,11020,15,-0.004831
2014,11260,15,-0.004421
2014,11460,15,0.00469
2014,11500,15,-0.004406
2014,11540,15,0.003921
2014,11700,15,0.001786
2014,12020,15,-0.000349
2014,12100,15,0.003679
2014,12220,15,0.011092
2014,12420,15,0.018822
2014,12540,15,0.00499
2014,12580,15,-0.002807
2014,12620,15,-0.00177
2014,12700,15,0.000926
2014,12980,15,0.001759
2014,13020,15,-0.000866
2014,13380,15,-0.003787
2014,13460,15,0.016142
2014,13780,15,-0.001605
2014,14260,15,0.011064
2014,14500,15,-0.002307
2014,14740,15,-0.007725
2014,14860,15,0.003292
2014,15180,15,-0.004359
2014,15260,15,-0.00138
2014,15380,15,-0.001015
2014,15500,15,-0.004552
2014,15540,15,0.001959
2014,15940,15,-0.000249
2014,15980,15,0.013397
2014,16180,15,-0.009574
2014,16220,15,0.009284
2014,16300,15,-0.004243
2014,16700,15,0.011209
2014,16860,15,-0.003456
2014,16940,15,-0.0018
2014,17020,15,-0.001891
2014,17420,15,0.001108
2014,17660,15,0.006443
2014,17780,15,0.006542
2014,17820,15,0.000661
2014,17900,15,0.002265
2014,18020,15,0.003898
2014,18700,15,-0.006457
2014,19140,15,-0.006243
2014,19340,15,0.000271
2014,19460,15,-0.006137
2014,19500,15,-0.00414
2014,19740,15,0.005272
2014,20020,15,-0.000996
2014,20100,15,0.003391
2014,20220,15,-0.002456
2014,20740,15,0.005191
2014,20940,15,-0.002836
2014,21140,15,0.003918
2014,21300,15,-0.006193
2014,21500,15,-0.000999
2014,21660,15,-0.00353
2014,21820,15,-0.009343
2014,22020,15,0.019094
2014,22140,15,-0.01619
2014,22380,15,0.001936
2014,22420,15,0.000569
2014,22500,15,-0.006885
2014,22520,15,-0.001235
2014,22540,15,-0.001197
2014,22660,15,0.003803
2014,23420,15,0.00209
2014,23460,15,-0.005107
2014,23580,15,0.003313
2014,24020,15,-0.000525
2014,24140,15,-0.007018
2014,24220,15,0.00611
2014,24300,15,-0.005299
2014,24500,15,-0.006658
2014,24540,15,0.006596
2014,24580,15,0.002616
2014,24660,15,-0.002815
2014,25260,15,-0.006254
2014,25420,15,0.002924
2014,25500,15,0.00046
2014,25540,15,-0.001494
2014,25860,15,-0.0076
2014,25980,15,-0.011001
2014,26300,15,-0.006854
2014,26380,15,-0.002235
2014,26620,15,0.008024
2014,26980,15,0.005843
2014,27060,15,0.004687
2014,27100,15,0.002929
2014,27260,15,0.007386
2014,27340,15,0.008702
2014,27500,15,0.002197
2014,27620,15,-0.008293
2014,27740,15,-0.00018
2014,27780,15,-0.005415
2014,27860,15,0.00224
2014,27900,15,-0.006399
2014,28100,15,-0.003395
2014,28420,15,0.002245
2014,28660,15,-4.6e-05
2014,28700,15,-0.008255
2014,28740,15,-0.001395
2014,29100,15,0.002009
2014,29340,15,-0.001957
2014,29420,15,-0.003914
2014,29460,15,0.004688
2014,29540,15,0.00327
2014,29700,15,0.004016
2014,29740,15,-0.007061
2014,29820,15,0.011803
2014,29940,15,0.001863
2014,30140,15,0.001058
2014,30300,15,-0.00673
2014,30340,15,-0.001505
2014,30460,15,0.004398
2014,30620,15,-0.004022
2014,30700,15,0.000969
2014,30780,15,-4.9e-05
2014,30860,15,-0.000412
2014,31020,15,-0.006907
2014,31420,15,-0.00979
2014,31700,15,0.000241
2014,31900,15,-0.003635
2014,32580,15,0.001664
2014,32780,15,0.002348
2014,32900,15,0.00379
2014,33140,15,0.000305
2014,33340,15,0.000963
2014,33540,15,-0.004522
2014,33700,15,0.005715
2014,33780,15,-0.001347
2014,33860,15,-0.005351
2014,34060,15,-0.00345
2014,34580,15,-0.002507
2014,34620,15,-0.00144
2014,34740,15,0.003118
2014,34900,15,0.002225
2014,34940,15,0.012831
2014,35300,15,-0.002948
2014,35660,15,-0.002865
2014,35980,15,-0.002133
2014,36100,15,0.00108
2014,36220,15,0.016154
2014,36420,15,0.005163
2014,36500,15,0.001301
2014,36540,15,0.001805
2014,36740,15,0.012955
2014,36780,15,0.00182
2014,36980,15,-0.000861
2014,37100,15,-0.001533
2014,37340,15,0.002205
2014,37860,15,0.000839
2014,38060,15,0.009959
2014,38300,15,-9.2e-05
2014,38340,15,-0.002591
2014,38860,15,0.002519
2014,38900,15,0.002407
2014,38940,15,0.006008
2014,39300,15,0.000262
2014,39340,15,0.006844
2014,39380,15,-0.007829
2014,39460,15,0.005682
2014,39540,15,0.001223
2014,39580,15,0.015735
2014,39740,15,0.001172
2014,39820,15,-0.001347
2014,39900,15,0.005537
2014,40140,15,0.003853
2014,40220,15,-0.005312
2014,40420,15,-0.001526
2014,40580,15,-0.00942
2014,40660,15,-0.0075
2014,40900,15,0.004124
2014,40980,15,-0.005231
2014,41060,15,-0.002213
2014,41100,15,0.015081
2014,41140,15,-0.008861
2014,41420,15,-0.002949
2014,41500,15,0.000408
2014,41700,15,0.00487
2014,41740,15,0.001368
2014,41940,15,0.003391
2014,42020,15,-0.000916
2014,42100,15,0.000266
2014,42140,15,-0.006651
2014,42220,15,0.001527
2014,42340,15,0.002427
2014,42540,15,-0.003091
2014,42680,15,0.003377
2014,43100,15,0.000263
2014,43300,15,-0.005863
2014,43620,15,0.011633
2014,43780,15,0.000599
2014,44100,15,-0.001935
2014,44180,15,-2.7e-05
2014,44220,15,-0.00158
2014,44300,15,0.003922
2014,44700,15,0.003496
2014,45060,15,-0.000143
2014,45220,15,-0.005882
2014,45820,15,-0.007881
2014,45940,15,0.0029
2014,46060,15,-0.00198
2014,46140,15,0.000265
2014,46340,15,-0.004935
2014,46540,15,-0.003025
2014,46660,15,-0.011383
2014,46700,15,0.005249
2014,47220,15,-0.000475
2014,47300,15,0.000412
2014,47940,15,-0.00273
2014,48300,15,-0.004039
2014,48540,15,-0.007919
2014,48660,15,-0.006188
2014,48700,15,-0.005783
2014,49020,15,0.001009
2014,49420,15,-0.008938
2014,49620,15,0.002915
2014,49660,15,-0.003122
2014,49700,15,0.002964
2014,49740,15,-0.005817
2014,10180,16,-0.007242
2014,10420,16,0.000585
2014,10580,16,0.0012
2014,10740,16,-0.00536
2014,10780,16,-0.004604
2014,10900,16,0.00223
2014,11020,16,-0.004838
2014,11260,16,-0.002661
2014,11460,16,0.003132
2014,11500,16,-0.004968
2014,11540,16,0.003828
2014,11700,16,0.001883
2014,12020,16,0.000883
2014,12100,16,0.00221
2014,12220,16,0.011697
2014,12420,16,0.018829
2014,12540,16,0.002937
2014,12580,16,-0.004287
2014,12620,16,-0.001028
2014,12700,16,-0.000835
2014,12980,16,0.002615
2014,13020,16,-0.000396
2014,13380,16,-0.002189
2014,13460,16,0.017057
2014,13780,16,-0.00194
2014,14260,16,0.011019
2014,14500,16,-0.002285
2014,14740,16,-0.005353
2014,14860,16,0.003723
2014,15180,16,-0.004106
2014,15260,16,-0.000548
2014,15380,16,-0.000598
2014,15500,16,-0.002582
2014,15540,16,0.001463
2014,15940,16,8.3e-05
2014,15980,16,0.008989
2014,16180,16,-0.011188
2014,16220,16,0.008245
2014,16300,16,-0.003547
2014,16700,16,0.011539
2014,16860,16,-0.002596
2014,16940,16,-0.001593
2014,17020,16,-0.002185
2014,17420,16,0.001095
2014,17660,16,0.006652
2014,17780,16,0.006372
2014,17820,16,0.001788
2014,17900,16,0.003963
2014,18020,16,0.003967
2014,18700,16,-0.004005
2014,19140,16,-0.004836
2014,19340,16,-0.000436
2014,19460,16,-0.006286
2014,19500,16,-0.004472
2014,19740,16,0.005442
2014,20020,16,-0.000907
2014,20100,16,0.004261
2014,20220,16,-0.002698
2014,20740,16,0.004573
2014,20940,16,-0.003608
2014,21140,16,0.004438
2014,21300,16,-0.006848
2014,21500,16,-0.000127
2014,21660,16,-0.000778
2014,21820,16,-0.006745
2014,22020,16,0.018947
2014,22140,16,-0.01694
2014,22380,16,0.001415
2014,22420,16,0.000922
2014,22500,16,-0.005886
2014,22520,16,-0.001594
2014,22540,16,-0.001549
2014,22660,16,0.004504
2014,23420,16,0.000744
2014,23460,16,-0.005624
2014,23580,16,0.005047
2014,24020,16,-0.001516
2014,24140,16,-0.006052
2014,24220,16,0.004557
2014,24300,16,-0.005588
2014,24500,16,-0.006512
2014,24540,16,0.007651
2014,24580,16,0.002817
2014,24660,16,-0.000734
2014,25260,16,-0.0058
2014,25420,16,0.003765
2014,25500,16,0.000951
2014,25540,16,-0.000761
2014,25860,16,-0.006044
2014,25980,16,-0.010685
2014,26300,16,-0.007008
2014,26380,16,-0.00328
2014,26620,16,0.008308
2014,26980,16,0.006076
2014,27060,16,0.003901
2014,27100,16,0.003396
2014,27260,16,0.007235
2014,27340,16,0.009328
2014,27500,16,0.002455
2014,27620,16,-0.008419
2014,27740,16,-0.00072
2014,27780,16,-0.005437
2014,27860,16,0.003314
2014,27900,16,-0.006651
2014,28100,16,-0.003662
2014,28420,16,0.005762
2014,28660,16,0.000696
2014,28700,16,-0.007919
2014,28740,16,-0.002422
2014,29100,16,0.00096
2014,29340,16,-0.00222
2014,29420,16,-0.005857
2014,29460,16,0.004739
2014,29540,16,0.003825
2014,29700,16,0.005182
2014,29740,16,-0.005798
2014,29820,16,0.009662
2014,29940,16,0.002173
2014,30140,16,0.001776
2014,30300,16,-0.006763
2014,30340,16,-0.001097
2014,30460,16,0.004653
2014,30620,16,-0.004468
2014,30700,16,0.001581
2014,30780,16,0.000571
2014,30860,16,0.001224
2014,31020,16,-0.002775
2014,31420,16,-0.008086
2014,31700,16,7.6e-05
2014,31900,16,-0.002857
2014,32580,16,0.002768
2014,32780,16,0.003511
2014,32900,16,-0.000682
2014,33140,16,8.9e-05
2014,33340,16,0.000151
2014,33540,16,-0.005163
2014,33700,16,0.002207
2014,33780,16,-0.001535
2014,33860,16,-0.004822
2014,34060,16,-0.003827
2014,34580,16,0.000402
2014,34620,16,-0.00158
2014,34740,16,0.003395
2014,34900,16,1.6e-05
2014,34940,16,0.008423
2014,35300,16,-0.003136
2014,35660,16,-0.003334
2014,35980,16,-0.001396
2014,36100,16,0.001253
2014,36220,16,0.014197
2014,36420,16,0.005423
2014,36500,16,0.004444
2014,36540,16,0.00262
2014,36740,16,0.011984
2014,36780,16,0.001774
2014,36980,16,-0.000661
2014,37100,16,-0.004396
2014,37340,16,-0.000535
2014,37860,16,0.000859
2014,38060,16,0.007401
2014,38300,16,0.000401
2014,38340,16,-0.002326
2014,38860,16,0.002378
2014,38900,16,0.004666
2014,38940,16,0.002477
2014,39300,16,-0.000646
2014,39340,16,0.008421
2014,39380,16,-0.005922
2014,39460,16,0.002276
2014,39540,16,0.00103
2014,39580,16,0.018423
2014,39740,16,0.001787
2014,39820,16,-0.001608
2014,39900,16,0.003868
2014,40140,16,0.00012
2014,40220,16,-0.004934
2014,40420,16,-0.000695
2014,40580,16,-0.007581
2014,40660,16,-0.006127
2014,40900,16,0.001779
2014,40980,16,-0.005063
2014,41060,16,-0.002733
2014,41100,16,0.016097
2014,41140,16,-0.009533
2014,41420,16,0.000673
2014,41500,16,-0.002234
2014,41700,16,0.004942
2014,41740,16,-0.001554
2014,41940,16,0.002262
2014,42020,16,-0.002126
2014,42100,16,4.3e-05
2014,42140,16,-0.005973
2014,42220,16,-0.000383
2014,42340,16,0.002468
2014,42540,16,-0.00232
2014,42680,16,0.00179
2014,43100,16,0.000308
2014,43300,16,-0.006142
2014,43620,16,0.012284
2014,43780,16,0.000843
2014,44100,16,-0.002242
2014,44180,16,0.000743
2014,44220,16,-0.000766
2014,44300,16,0.003913
2014,44700,16,-0.001005
2014,45060,16,0.000127
2014,45220,16,-0.005773
2014,45820,16,-0.007584
2014,45940,16,0.001935
2014,46060,16,-0.002149
2014,46140,16,0.000759
2014,46340,16,-0.005221
2014,46540,16,-0.003528
2014,46660,16,-0.010816
2014,46700,16,0.002407
2014,47220,16,-0.00015
2014,47300,16,0.000419
2014,47940,16,-0.003574
2014,48300,16,-0.001014
2014,48540,16,-0.007052
2014,48660,16,-0.006096
2014,48700,16,-0.006325
2014,49020,16,-0.000793
2014,49420,16,-0.005507
2014,49620,16,0.003948
2014,49660,16,-0.002552
2014,49700,16,0.001253
2014,49740,16,-0.005878
2014,10180,17,-0.007242
2014,10420,17,0.000585
2014,10580,17,0.0012
2014,10740,17,-0.00536
2014,10780,17,-0.004604
2014,10900,17,0.00223
2014,11020,17,-0.004838
2014,11260,17,-0.002661
2014,11460,17,0.003132
2014,11500,17,-0.004968
2014,11540,17,0.003828
2014,11700,17,0.001883
2014,12020,17,0.000883
2014,12100,17,0.00221
2014,12220,17,0.011697
2014,12420,17,0.018829
2014,12540,17,0.002937
2014,12580,17,-0.004287
2014,12620,17,-0.001028
2014,12700,17,-0.000835
2014,12980,17,0.002615
2014,13020,17,-0.000396
2014,13380,17,-0.002189
2014,13460,17,0.017057
2014,13780,17,-0.00194
2014,14260,17,0.011019
2014,14500,17,-0.002285
2014,14740,17,-0.005353
2014,14860,17,0.003723
2014,15180,17,-0.004106
2014,15260,17,-0.000548
2014,15380,17,-0.000598
2014,15500,17,-0.002582
2014,15540,17,0.001463
2014,15940,17,8.3e-05
2014,15980,17,0.008989
2014,16180,17,-0.011188
2014,16220,17,0.008245
2014,16300,17,-0.003547
2014,16700,17,0.011539
2014,16860,17,-0.002596
2014,16940,17,-0.001593
2014,17020,17,-0.002185
2014,17420,17,0.001095
2014,17660,17,0.006652
2014,17780,17,0.006372
2014,17820,17,0.001788
2014,17900,17,0.003963
2014,18020,17,0.003967
2014,18700,17,-0.004005
2014,19140,17,-0.004836
2014,19340,17,-0.000436
2014,19460,17,-0.006286
2014,19500,17,-0.004472
2014,19740,17,0.005442
2014,20020,17,-0.000907
2014,20100,17,0.004261
2014,20220,17,-0.002698
2014,20740,17,0.004573
2014,20940,17,-0.003608
2014,21140,17,0.004438
2014,21300,17,-0.006848
2014,21500,17,-0.000127
2014,21660,17,-0.000778
2014,21820,17,-0.006745
2014,22020,17,0.018947
2014,22140,17,-0.01694
2014,22380,17,0.001415
2014,22420,17,0.000922
2014,22500,17,-0.005886
2014,22520,17,-0.001594
2014,22540,17,-0.001549
2014,22660,17,0.004504
2014,23420,17,0.000744
2014,23460,17,-0.005624
2014,23580,17,0.005047
2014,24020,17,-0.001516
2014,24140,17,-0.006052
2014,24220,17,0.004557
2014,24300,17,-0.005588
2014,24500,17,-0.006512
2014,24540,17,0.007651
2014,24580,17,0.002817
2014,24660,17,-0.000734
2014,25260,17,-0.0058
2014,25420,17,0.003765
2014,25500,17,0.000951
2014,25540,17,-0.000761
2014,25860,17,-0.006044
2014,25980,17,-0.010685
2014,26300,17,-0.007008
2014,26380,17,-0.00328
2014,26620,17,0.008308
2014,26980,17,0.006076
2014,27060,17,0.003901
2014,27100,17,0.003396
2014,27260,17,0.007235
2014,27340,17,0.009328
2014,27500,17,0.002455
2014,27620,17,-0.008419
2014,27740,17,-0.00072
2014,27780,17,-0.005437
2014,27860,17,0.003314
2014,27900,17,-0.006651
2014,28100,17,-0.003662
2014,28420,17,0.005762
2014,28660,17,0.000696
2014,28700,17,-0.007919
2014,28740,17,-0.002422
2014,29100,17,0.00096
2014,29340,17,-0.00222
2014,29420,17,-0.005857
2014,29460,17,0.004739
2014,29540,17,0.003825
2014,29700,17,0.005182
2014,29740,17,-0.005798
2014,29820,17,0.009662
2014,29940,17,0.002173
2014,30140,17,0.001776
2014,30300,17,-0.006763
2014,30340,17,-0.001097
2014,30460,17,0.004653
2014,30620,17,-0.004468
2014,30700,17,0.001581
2014,30780,17,0.000571
2014,30860,17,0.001224
2014,31020,17,-0.002775
2014,31420,17,-0.008086
2014,31700,17,7.6e-05
2014,31900,17,-0.002857
2014,32580,17,0.002768
2014,32780,17,0.003511
2014,32900,17,-0.000682
2014,33140,17,8.9e-05
2014,33340,17,0.000151
2014,33540,17,-0.005163
2014,33700,17,0.002207
2014,33780,17,-0.001535
2014,33860,17,-0.004822
2014,34060,17,-0.003827
2014,34580,17,0.000402
2014,34620,17,-0.00158
2014,34740,17,0.003395
2014,34900,17,1.6e-05
2014,34940,17,0.008423
2014,35300,17,-0.003136
2014,35660,17,-0.003334
2014,35980,17,-0.001396
2014,36100,17,0.001253
2014,36220,17,0.014197
2014,36420,17,0.005423
2014,36500,17,0.004444
2014,36540,17,0.00262
2014,36740,17,0.011984
2014,36780,17,0.001774
2014,36980,17,-0.000661
2014,37100,17,-0.004396
2014,37340,17,-0.000535
2014,37860,17,0.000859
2014,38060,17,0.007401
2014,38300,17,0.000401
2014,38340,17,-0.002326
2014,38860,17,0.002378
2014,38900,17,0.004666
2014,38940,17,0.002477
2014,39300,17,-0.000646
2014,39340,17,0.008421
2014,39380,17,-0.005922
2014,39460,17,0.002276
2014,39540,17,0.00103
2014,39580,17,0.018423
2014,39740,17,0.001787
2014,39820,17,-0.001608
2014,39900,17,0.003868
2014,40140,17,0.00012
2014,40220,17,-0.004934
2014,40420,17,-0.000695
2014,40580,17,-0.007581
2014,40660,17,-0.006127
2014,40900,17,0.001779
2014,40980,17,-0.005063
2014,41060,17,-0.002733
2014,41100,17,0.016097
2014,41140,17,-0.009533
2014,41420,17,0.000673
2014,41500,17,-0.002234
2014,41700,17,0.004942
2014,41740,17,-0.001554
2014,41940,17,0.002262
2014,42020,17,-0.002126
2014,42100,17,4.3e-05
2014,42140,17,-0.005973
2014,42220,17,-0.000383
2014,42340,17,0.002468
2014,42540,17,-0.00232
2014,42680,17,0.00179
2014,43100,17,0.000308
2014,43300,17,-0.006142
2014,43620,17,0.012284
2014,43780,17,0.000843
2014,44100,17,-0.002242
2014,44180,17,0.000743
2014,44220,17,-0.000766
2014,44300,17,0.003913
2014,44700,17,-0.001005
2014,45060,17,0.000127
2014,45220,17,-0.005773
2014,45820,17,-0.007584
2014,45940,17,0.001935
2014,46060,17,-0.002149
2014,46140,17,0.000759
2014,46340,17,-0.005221
2014,46540,17,-0.003528
2014,46660,17,-0.010816
2014,46700,17,0.002407
2014,47220,17,-0.00015
2014,47300,17,0.000419
2014,47940,17,-0.003574
2014,48300,17,-0.001014
2014,48540,17,-0.007052
2014,48660,17,-0.006096
2014,48700,17,-0.006325
2014,49020,17,-0.000793
2014,49420,17,-0.005507
2014,49620,17,0.003948
2014,49660,17,-0.002552
2014,49700,17,0.001253
2014,49740,17,-0.005878
2014,10180,18,-0.005704
2014,10420,18,3.8e-05
2014,10580,18,0.001847
2014,10740,18,-0.006124
2014,10780,18,-0.003877
2014,10900,18,0.001638
2014,11020,18,-0.004352
2014,11260,18,-0.003823
2014,11460,18,0.0046
2014,11500,18,-0.004309
2014,11540,18,0.003811
2014,11700,18,0.001731
2014,12020,18,-0.00042
2014,12100,18,0.003352
2014,12220,18,0.010257
2014,12420,18,0.016766
2014,12540,18,0.004532
2014,12580,18,-0.002172
2014,12620,18,-0.001727
2014,12700,18,0.000928
2014,12980,18,0.00105
2014,13020,18,-0.000871
2014,13380,18,-0.003409
2014,13460,18,0.014546
2014,13780,18,-0.001667
2014,14260,18,0.009962
2014,14500,18,-0.001619
2014,14740,18,-0.007167
2014,14860,18,0.003074
2014,15180,18,-0.003994
2014,15260,18,-0.001146
2014,15380,18,-0.000864
2014,15500,18,-0.004133
2014,15540,18,0.001946
2014,15940,18,-0.000182
2014,15980,18,0.012623
2014,16180,18,-0.008629
2014,16220,18,0.008998
2014,16300,18,-0.003993
2014,16700,18,0.01027
2014,16860,18,-0.003025
2014,16940,18,-0.00144
2014,17020,18,-0.0017
2014,17420,18,0.001164
2014,17660,18,0.005714
2014,17780,18,0.005764
2014,17820,18,0.000753
2014,17900,18,0.002112
2014,18020,18,0.003712
2014,18700,18,-0.005339
2014,19140,18,-0.006134
2014,19340,18,0.000423
2014,19460,18,-0.005584
2014,19500,18,-0.004031
2014,19740,18,0.004836
2014,20020,18,-0.000754
2014,20100,18,0.003158
2014,20220,18,-0.002068
2014,20740,18,0.004798
2014,20940,18,-0.002694
2014,21140,18,0.003468
2014,21300,18,-0.005531
2014,21500,18,-0.000975
2014,21660,18,-0.003212
2014,21820,18,-0.008489
2014,22020,18,0.017342
2014,22140,18,-0.014789
2014,22380,18,0.001743
2014,22420,18,9.8e-05
2014,22500,18,-0.006123
2014,22520,18,-0.001022
2014,22540,18,-0.000765
2014,22660,18,0.003619
2014,23420,18,0.002004
2014,23460,18,-0.00479
2014,23580,18,0.002851
2014,24020,18,-0.000432
2014,24140,18,-0.006339
2014,24220,18,0.005699
2014,24300,18,-0.005027
2014,24500,18,-0.006077
2014,24540,18,0.006108
2014,24580,18,0.002578
2014,24660,18,-0.002603
2014,25260,18,-0.005647
2014,25420,18,0.002797
2014,25500,18,0.000251
2014,25540,18,-0.001377
2014,25860,18,-0.007063
2014,25980,18,-0.010308
2014,26300,18,-0.006176
2014,26380,18,-0.002068
2014,26620,18,0.007288
2014,26980,18,0.005321
2014,27060,18,0.004334
2014,27100,18,0.002209
2014,27260,18,0.006679
2014,27340,18,0.007822
2014,27500,18,0.001787
2014,27620,18,-0.007366
2014,27740,18,-0.000157
2014,27780,18,-0.004915
2014,27860,18,0.002103
2014,27900,18,-0.005627
2014,28100,18,-0.003257
2014,28420,18,0.002205
2014,28660,18,-0.000142
2014,28700,18,-0.007414
2014,28740,18,-0.001419
2014,29100,18,0.001882
2014,29340,18,-0.001746
2014,29420,18,-0.003754
2014,29460,18,0.004204
2014,29540,18,0.003132
2014,29700,18,0.003565
2014,29740,18,-0.006553
2014,29820,18,0.010389
2014,29940,18,0.001687
2014,30140,18,0.000797
2014,30300,18,-0.00582
2014,30340,18,-0.001352
2014,30460,18,0.003947
2014,30620,18,-0.003104
2014,30700,18,0.000957
2014,30780,18,8e-06
2014,30860,18,-0.000296
2014,31020,18,-0.006501
2014,31420,18,-0.009071
2014,31700,18,0.000375
2014,31900,18,-0.00351
2014,32580,18,0.001468
2014,32780,18,0.002133
2014,32900,18,0.003371
2014,33140,18,0.000251
2014,33340,18,0.001038
2014,33540,18,-0.003902
2014,33700,18,0.004797
2014,33780,18,-0.001163
2014,33860,18,-0.004893
2014,34060,18,-0.002792
2014,34580,18,-0.002386
2014,34620,18,-0.001093
2014,34740,18,0.002903
2014,34900,18,0.002092
2014,34940,18,0.012208
2014,35300,18,-0.002515
2014,35660,18,-0.002639
2014,35980,18,-0.002002
2014,36100,18,0.000772
2014,36220,18,0.01508
2014,36420,18,0.004755
2014,36500,18,0.001249
2014,36540,18,0.001537
2014,36740,18,0.011815
2014,36780,18,0.001765
2014,36980,18,-0.000722
2014,37100,18,-0.00121
2014,37340,18,0.002148
2014,37860,18,0.001
2014,38060,18,0.008879
2014,38300,18,-9e-05
2014,38340,18,-0.002939
2014,38860,18,0.002263
2014,38900,18,0.002097
2014,38940,18,0.005594
2014,39300,18,0.00031
2014,39340,18,0.00629
2014,39380,18,-0.007301
2014,39460,18,0.005343
2014,39540,18,0.00106
2014,39580,18,0.014043
2014,39740,18,0.00089
2014,39820,18,-0.001419
2014,39900,18,0.004729
2014,40140,18,0.003547
2014,40220,18,-0.004677
2014,40420,18,-0.001585
2014,40580,18,-0.008753
2014,40660,18,-0.006988
2014,40900,18,0.003669
2014,40980,18,-0.004537
2014,41060,18,-0.00207
2014,41100,18,0.013614
2014,41140,18,-0.007943
2014,41420,18,-0.002804
2014,41500,18,0.000458
2014,41700,18,0.004482
2014,41740,18,0.001578
2014,41940,18,0.003443
2014,42020,18,-0.000833
2014,42100,18,0.00029
2014,42140,18,-0.00591
2014,42220,18,0.001455
2014,42340,18,0.002153
2014,42540,18,-0.002854
2014,42680,18,0.003191
2014,43100,18,-7.3e-05
2014,43300,18,-0.00522
2014,43620,18,0.010451
2014,43780,18,0.000517
2014,44100,18,-0.001785
2014,44180,18,-0.000131
2014,44220,18,-0.001467
2014,44300,18,0.003582
2014,44700,18,0.003204
2014,45060,18,1.4e-05
2014,45220,18,-0.005566
2014,45820,18,-0.007407
2014,45940,18,0.002901
2014,46060,18,-0.001879
2014,46140,18,0.000224
2014,46340,18,-0.004346
2014,46540,18,-0.00257
2014,46660,18,-0.010557
2014,46700,18,0.004851
2014,47220,18,-0.000546
2014,47300,18,0.000281
2014,47940,18,-0.002318
2014,48300,18,-0.003834
2014,48540,18,-0.007944
2014,48660,18,-0.005693
2014,48700,18,-0.005001
2014,49020,18,0.00108
2014,49420,18,-0.008129
2014,49620,18,0.002535
2014,49660,18,-0.003013
2014,49700,18,0.002254
2014,49740,18,-0.005485
2015,10180,0,-0.00406
2015,10420,0,0.000488
2015,10580,0,0.000287
2015,10740,0,-0.006687
2015,10780,0,-0.00645
2015,10900,0,0.003683
2015,11020,0,-0.004383
2015,11260,0,-0.006353
2015,11460,0,0.003664
2015,11500,0,-0.005753
2015,11540,0,0.005095
2015,11700,0,0.000602
2015,12020,0,-7.4e-05
2015,12100,0,-0.0002
2015,12220,0,0.010238
2015,12420,0,0.020541
2015,12540,0,0.001568
2015,12580,0,-0.004955
2015,12620,0,-0.001288
2015,12700,0,-1.7e-05
2015,12980,0,-0.000223
2015,13020,0,-0.003674
2015,13380,0,0.000526
2015,13460,0,0.017467
2015,13780,0,-0.002329
2015,14260,0,0.010438
2015,14500,0,-0.002521
2015,14740,0,-0.003073
2015,14860,0,0.001674
2015,15180,0,-0.003741
2015,15260,0,0.000173
2015,15380,0,-0.000223
2015,15500,0,-0.001511
2015,15540,0,0.002638
2015,15940,0,0.001156
2015,15980,0,0.009187
2015,16180,0,-0.002264
2015,16220,0,-0.000518
2015,16300,0,-0.001791
2015,16700,0,0.011358
2015,16860,0,-0.005761
2015,16940,0,-0.002323
2015,17020,0,0.000121
2015,17420,0,0.003014
2015,17660,0,0.012601
2015,17780,0,0.008932
2015,17820,0,0.000751
2015,17900,0,0.001156
2015,18020,0,0.005088
2015,18700,0,-0.005216
2015,19140,0,-0.00407
2015,19340,0,-0.001505
2015,19460,0,-0.004805
2015,19500,0,-0.004821
2015,19740,0,0.005438
2015,20020,0,-0.001031
2015,20100,0,0.004611
2015,20220,0,-0.004124
2015,20740,0,0.002374
2015,20940,0,-0.001075
2015,21140,0,0.004487
2015,21300,0,-0.006972
2015,21500,0,-0.002761
2015,21660,0,-0.000455
2015,21820,0,-0.01707
2015,22020,0,0.017532
2015,22140,0,-0.01982
2015,22380,0,-0.003009
2015,22420,0,-0.002022
2015,22500,0,-0.006366
2015,22520,0,-0.002189
2015,22540,0,-0.000183
2015,22660,0,0.009711
2015,23420,0,0.001542
2015,23460,0,-0.007008
2015,23580,0,0.003589
2015,24020,0,-0.001037
2015,24140,0,-0.009009
2015,24220,0,0.006072
2015,24300,0,-0.003457
2015,24500,0,-0.011045
2015,24540,0,0.011291
2015,24580,0,0.005437
2015,24660,0,-0.002854
2015,25260,0,-0.006724
2015,25420,0,0.003556
2015,25500,0,0.00067
2015,25540,0,-0.002319
2015,25860,0,-0.008418
2015,25980,0,0.002333
2015,26300,0,-0.007697
2015,26380,0,-0.002948
2015,26620,0,0.00726
2015,26980,0,0.005537
2015,27060,0,0.001127
2015,27100,0,0.000846
2015,27260,0,0.006704
2015,27340,0,0.005293
2015,27500,0,0.00193
2015,27620,0,-0.007529
2015,27740,0,0.000827
2015,27780,0,-0.005071
2015,27860,0,-0.002192
2015,27900,0,-0.005663
2015,28100,0,-0.00401
2015,28420,0,0.003995
2015,28660,0,-0.002215
2015,28700,0,-0.010073
2015,28740,0,-0.000223
2015,29100,0,0.004137
2015,29340,0,0.00095
2015,29420,0,-0.005048
2015,29460,0,0.006556
2015,29540,0,0.003435
2015,29700,0,0.004341
2015,29740,0,-0.005878
2015,29820,0,0.008332
2015,29940,0,0.004927
2015,30140,0,0.004671
2015,30300,0,-0.009346
2015,30340,0,-0.00096
2015,30460,0,0.003777
2015,30620,0,-0.001705
2015,30700,0,0.002984
2015,30780,0,-0.002272
2015,30860,0,-0.00182
2015,31020,0,-0.0026
2015,31420,0,-0.009724
2015,31700,0,0.001484
2015,31900,0,-0.000943
2015,32580,0,0.003545
2015,32780,0,0.002691
2015,32900,0,-0.000751
2015,33140,0,0.000588
2015,33340,0,0.00096
2015,33540,0,-0.001196
2015,33700,0,0.000739
2015,33780,0,-0.00093
2015,33860,0,-0.003912
2015,34060,0,-0.006007
2015,34580,0,0.002921
2015,34620,0,-0.001616
2015,34740,0,0.000361
2015,34900,0,-0.0018
2015,34940,0,0.01339
2015,35300,0,-0.002992
2015,35660,0,-0.000956
2015,35980,0,-0.001022
2015,36100,0,-4e-06
2015,36220,0,0.01485
2015,36420,0,0.003346
2015,36500,0,0.004007
2015,36540,0,0.002181
2015,36740,0,0.011454
2015,36780,0,0.001381
2015,36980,0,3.3e-05
2015,37100,0,-0.00388
2015,37340,0,-6.9e-05
2015,37860,0,0.001942
2015,38060,0,0.00497
2015,38300,0,-0.000638
2015,38340,0,-0.004311
2015,38860,0,0.003955
2015,38900,0,0.006053
2015,38940,0,0.002202
2015,39300,0,0.000183
2015,39340,0,0.004773
2015,39380,0,-0.007072
2015,39460,0,0.005553
2015,39540,0,0.001893
2015,39580,0,0.013493
2015,39740,0,9.2e-05
2015,39820,0,-0.00276
2015,39900,0,0.005176
2015,40140,0,0.001486
2015,40220,0,-0.005799
2015,40420,0,-0.002396
2015,40580,0,-0.010515
2015,40660,0,-0.00785
2015,40900,0,0.001593
2015,40980,0,-0.00509
2015,41060,0,-0.002466
2015,41100,0,0.020491
2015,41140,0,-0.009955
2015,41420,0,0.002955
2015,41500,0,-0.002779
2015,41700,0,0.00533
2015,41740,0,0.00019
2015,41940,0,0.001893
2015,42020,0,9.1e-05
2015,42100,0,-0.002776
2015,42140,0,-0.006791
2015,42220,0,-0.000781
2015,42340,0,0.005332
2015,42540,0,-0.002814
2015,42680,0,0.00683
2015,43100,0,0.002191
2015,43300,0,-0.004226
2015,43620,0,0.012035
2015,43780,0,0.001197
2015,44100,0,-0.001441
2015,44180,0,-0.000594
2015,44220,0,-0.002276
2015,44300,0,0.00504
2015,44700,0,0.002456
2015,45060,0,-0.001649
2015,45220,0,-0.001545
2015,45820,0,-0.007534
2015,45940,0,0.002628
2015,46060,0,-0.001572
2015,46140,0,-0.000832
2015,46340,0,-0.003225
2015,46540,0,-0.00476
2015,46660,0,-0.004188
2015,46700,0,0.003346
2015,47220,0,0.002021
2015,47300,0,0.000206
2015,47940,0,-0.006168
2015,48300,0,0.00016
2015,48540,0,-0.013522
2015,48660,0,-0.008665
2015,48700,0,-0.002912
2015,49020,0,-0.001128
2015,49420,0,-0.006986
2015,49620,0,0.003357
2015,49660,0,-0.002908
2015,49700,0,-0.000647
2015,49740,0,-0.002518
2015,10180,1,-0.00406
2015,10420,1,0.000488
2015,10580,1,0.000287
2015,10740,1,-0.006687
2015,10780,1,-0.00645
2015,10900,1,0.003683
2015,11020,1,-0.004383
2015,11260,1,-0.006353
2015,11460,1,0.003664
2015,11500,1,-0.005753
2015,11540,1,0.005095
2015,11700,1,0.000602
2015,12020,1,-7.4e-05
2015,12100,1,-0.0002
2015,12220,1,0.010238
2015,12420,1,0.020541
2015,12540,1,0.001568
2015,12580,1,-0.004955
2015,12620,1,-0.001288
2015,12700,1,-1.7e-05
2015,12980,1,-0.000223
2015,13020,1,-0.003674
2015,13380,1,0.000526
2015,13460,1,0.017467
2015,13780,1,-0.002329
2015,14260,1,0.010438
2015,14500,1,-0.002521
2015,14740,1,-0.003073
2015,14860,1,0.001674
2015,15180,1,-0.003741
2015,15260,1,0.000173
2015,15380,1,-0.000223
2015,15500,1,-0.001511
2015,15540,1,0.002638
2015,15940,1,0.001156
2015,15980,1,0.009187
2015,16180,1,-0.002264
2015,16220,1,-0.000518
2015,16300,1,-0.001791
2015,16700,1,0.011358
2015,16860,1,-0.005761
2015,16940,1,-0.002323
2015,17020,1,0.000121
2015,17420,1,0.003014
2015,17660,1,0.012601
2015,17780,1,0.008932
2015,17820,1,0.000751
2015,17900,1,0.001156
2015,18020,1,0.005088
2015,18700,1,-0.005216
2015,19140,1,-0.00407
2015,19340,1,-0.001505
2015,19460,1,-0.004805
2015,19500,1,-0.004821
2015,19740,1,0.005438
2015,20020,1,-0.001031
2015,20100,1,0.004611
2015,20220,1,-0.004124
2015,20740,1,0.002374
2015,20940,1,-0.001075
2015,21140,1,0.004487
2015,21300,1,-0.006972
2015,21500,1,-0.002761
2015,21660,1,-0.000455
2015,21820,1,-0.01707
2015,22020,1,0.017532
2015,22140,1,-0.01982
2015,22380,1,-0.003009
2015,22420,1,-0.002022
2015,22500,1,-0.006366
2015,22520,1,-0.002189
2015,22540,1,-0.000183
2015,22660,1,0.009711
2015,23420,1,0.001542
2015,23460,1,-0.007008
2015,23580,1,0.003589
2015,24020,1,-0.001037
2015,24140,1,-0.009009
2015,24220,1,0.006072
2015,24300,1,-0.003457
2015,24500,1,-0.011045
2015,24540,1,0.011291
2015,24580,1,0.005437
2015,24660,1,-0.002854
2015,25260,1,-0.006724
2015,25420,1,0.003556
2015,25500,1,0.00067
2015,25540,1,-0.002319
2015,25860,1,-0.008418
2015,25980,1,0.002333
2015,26300,1,-0.007697
2015,26380,1,-0.002948
2015,26620,1,0.00726
2015,26980,1,0.005537
2015,27060,1,0.001127
2015,27100,1,0.000846
2015,27260,1,0.006704
2015,27340,1,0.005293
2015,27500,1,0.00193
2015,27620,1,-0.007529
2015,27740,1,0.000827
2015,27780,1,-0.005071
2015,27860,1,-0.002192
2015,27900,1,-0.005663
2015,28100,1,-0.00401
2015,28420,1,0.003995
2015,28660,1,-0.002215
2015,28700,1,-0.010073
2015,28740,1,-0.000223
2015,29100,1,0.004137
2015,29340,1,0.00095
2015,29420,1,-0.005048
2015,29460,1,0.006556
2015,29540,1,0.003435
2015,29700,1,0.004341
2015,29740,1,-0.005878
2015,29820,1,0.008332
2015,29940,1,0.004927
2015,30140,1,0.004671
2015,30300,1,-0.009346
2015,30340,1,-0.00096
2015,30460,1,0.003777
2015,30620,1,-0.001705
2015,30700,1,0.002984
2015,30780,1,-0.002272
2015,30860,1,-0.00182
2015,31020,1,-0.0026
2015,31420,1,-0.009724
2015,31700,1,0.001484
2015,31900,1,-0.000943
2015,32580,1,0.003545
2015,32780,1,0.002691
2015,32900,1,-0.000751
2015,33140,1,0.000588
2015,33340,1,0.00096
2015,33540,1,-0.001196
2015,33700,1,0.000739
2015,33780,1,-0.00093
2015,33860,1,-0.003912
2015,34060,1,-0.006007
2015,34580,1,0.002921
2015,34620,1,-0.001616
2015,34740,1,0.000361
2015,34900,1,-0.0018
2015,34940,1,0.01339
2015,35300,1,-0.002992
2015,35660,1,-0.000956
2015,35980,1,-0.001022
2015,36100,1,-4e-06
2015,36220,1,0.01485
2015,36420,1,0.003346
2015,36500,1,0.004007
2015,36540,1,0.002181
2015,36740,1,0.011454
2015,36780,1,0.001381
2015,36980,1,3.3e-05
2015,37100,1,-0.00388
2015,37340,1,-6.9e-05
2015,37860,1,0.001942
2015,38060,1,0.00497
2015,38300,1,-0.000638
2015,38340,1,-0.004311
2015,38860,1,0.003955
2015,38900,1,0.006053
2015,38940,1,0.002202
2015,39300,1,0.000183
2015,39340,1,0.004773
2015,39380,1,-0.007072
2015,39460,1,0.005553
2015,39540,1,0.001893
2015,39580,1,0.013493
2015,39740,1,9.2e-05
2015,39820,1,-0.00276
2015,39900,1,0.005176
2015,40140,1,0.001486
2015,40220,1,-0.005799
2015,40420,1,-0.002396
2015,40580,1,-0.010515
2015,40660,1,-0.00785
2015,40900,1,0.001593
2015,40980,1,-0.00509
2015,41060,1,-0.002466
2015,41100,1,0.020491
2015,41140,1,-0.009955
2015,41420,1,0.002955
2015,41500,1,-0.002779
2015,41700,1,0.00533
2015,41740,1,0.00019
2015,41940,1,0.001893
2015,42020,1,9.1e-05
2015,42100,1,-0.002776
2015,42140,1,-0.006791
2015,42220,1,-0.000781
2015,42340,1,0.005332
2015,42540,1,-0.002814
2015,42680,1,0.00683
2015,43100,1,0.002191
2015,43300,1,-0.004226
2015,43620,1,0.012035
2015,43780,1,0.001197
2015,44100,1,-0.001441
2015,44180,1,-0.000594
2015,44220,1,-0.002276
2015,44300,1,0.00504
2015,44700,1,0.002456
2015,45060,1,-0.001649
2015,45220,1,-0.001545
2015,45820,1,-0.007534
2015,45940,1,0.002628
2015,46060,1,-0.001572
2015,46140,1,-0.000832
2015,46340,1,-0.003225
2015,46540,1,-0.00476
2015,46660,1,-0.004188
2015,46700,1,0.003346
2015,47220,1,0.002021
2015,47300,1,0.000206
2015,47940,1,-0.006168
2015,48300,1,0.00016
2015,48540,1,-0.013522
2015,48660,1,-0.008665
2015,48700,1,-0.002912
2015,49020,1,-0.001128
2015,49420,1,-0.006986
2015,49620,1,0.003357
2015,49660,1,-0.002908
2015,49700,1,-0.000647
2015,49740,1,-0.002518
2015,10180,2,-0.004225
2015,10420,2,0.001191
2015,10580,2,-0.000373
2015,10740,2,-0.00609
2015,10780,2,-0.006553
2015,10900,2,0.003615
2015,11020,2,-0.004047
2015,11260,2,-0.005397
2015,11460,2,0.003415
2015,11500,2,-0.005853
2015,11540,2,0.004805
2015,11700,2,0.000352
2015,12020,2,0.001149
2015,12100,2,-0.00179
2015,12220,2,0.01037
2015,12420,2,0.019484
2015,12540,2,-0.000276
2015,12580,2,-0.006775
2015,12620,2,-0.000867
2015,12700,2,-0.000847
2015,12980,2,0.000161
2015,13020,2,-0.003308
2015,13380,2,0.000927
2015,13460,2,0.016892
2015,13780,2,-0.002213
2015,14260,2,0.010312
2015,14500,2,-0.00167
2015,14740,2,-0.002268
2015,14860,2,0.001995
2015,15180,2,-0.003093
2015,15260,2,0.000986
2015,15380,2,0.000453
2015,15500,2,0.000432
2015,15540,2,0.001925
2015,15940,2,0.001807
2015,15980,2,0.006101
2015,16180,2,-0.002025
2015,16220,2,-0.002535
2015,16300,2,-0.001195
2015,16700,2,0.010777
2015,16860,2,-0.005114
2015,16940,2,-0.00268
2015,17020,2,0.000108
2015,17420,2,0.002973
2015,17660,2,0.01193
2015,17780,2,0.008507
2015,17820,2,0.001906
2015,17900,2,0.002336
2015,18020,2,0.004871
2015,18700,2,-0.003434
2015,19140,2,-0.002501
2015,19340,2,-0.002237
2015,19460,2,-0.004434
2015,19500,2,-0.005756
2015,19740,2,0.006351
2015,20020,2,-0.000779
2015,20100,2,0.004371
2015,20220,2,-0.004315
2015,20740,2,0.001336
2015,20940,2,-0.002186
2015,21140,2,0.004704
2015,21300,2,-0.006484
2015,21500,2,-0.001891
2015,21660,2,0.001075
2015,21820,2,-0.015737
2015,22020,2,0.015877
2015,22140,2,-0.020181
2015,22380,2,-0.003515
2015,22420,2,-0.001352
2015,22500,2,-0.005319
2015,22520,2,-0.002123
2015,22540,2,-0.000752
2015,22660,2,0.010518
2015,23420,2,0.000386
2015,23460,2,-0.0073
2015,23580,2,0.005692
2015,24020,2,-0.002397
2015,24140,2,-0.008198
2015,24220,2,0.00405
2015,24300,2,-0.002977
2015,24500,2,-0.010895
2015,24540,2,0.012741
2015,24580,2,0.005312
2015,24660,2,-0.001058
2015,25260,2,-0.007
2015,25420,2,0.004356
2015,25500,2,0.000192
2015,25540,2,-0.001715
2015,25860,2,-0.006888
2015,25980,2,0.003393
2015,26300,2,-0.007538
2015,26380,2,-0.003642
2015,26620,2,0.007035
2015,26980,2,0.005644
2015,27060,2,0.000464
2015,27100,2,0.00149
2015,27260,2,0.006128
2015,27340,2,0.004467
2015,27500,2,0.001811
2015,27620,2,-0.007117
2015,27740,2,1.3e-05
2015,27780,2,-0.004737
2015,27860,2,-0.001304
2015,27900,2,-0.005392
2015,28100,2,-0.004357
2015,28420,2,0.00597
2015,28660,2,-0.001805
2015,28700,2,-0.009711
2015,28740,2,-0.001363
2015,29100,2,0.002841
2015,29340,2,0.000515
2015,29420,2,-0.006675
2015,29460,2,0.006328
2015,29540,2,0.003955
2015,29700,2,0.004448
2015,29740,2,-0.005223
2015,29820,2,0.00659
2015,29940,2,0.005078
2015,30140,2,0.005155
2015,30300,2,-0.009182
2015,30340,2,-0.00083
2015,30460,2,0.00376
2015,30620,2,-0.001921
2015,30700,2,0.003611
2015,30780,2,-0.00188
2015,30860,2,-0.000475
2015,31020,2,-0.00041
2015,31420,2,-0.007759
2015,31700,2,0.001804
2015,31900,2,-1.4e-05
2015,32580,2,0.004183
2015,32780,2,0.003438
2015,32900,2,-0.003385
2015,33140,2,0.000423
2015,33340,2,9.6e-05
2015,33540,2,-0.001816
2015,33700,2,-0.000826
2015,33780,2,-0.000305
2015,33860,2,-0.003369
2015,34060,2,-0.006543
2015,34580,2,0.004684
2015,34620,2,-0.00093
2015,34740,2,0.001222
2015,34900,2,-0.002751
2015,34940,2,0.00978
2015,35300,2,-0.002903
2015,35660,2,-0.001353
2015,35980,2,-0.000707
2015,36100,2,-0.000279
2015,36220,2,0.012745
2015,36420,2,0.003302
2015,36500,2,0.005494
2015,36540,2,0.002756
2015,36740,2,0.010224
2015,36780,2,0.000964
2015,36980,2,0.000121
2015,37100,2,-0.005224
2015,37340,2,-0.001655
2015,37860,2,0.001875
2015,38060,2,0.003026
2015,38300,2,-8.2e-05
2015,38340,2,-0.00458
2015,38860,2,0.003796
2015,38900,2,0.006867
2015,38940,2,-0.000543
2015,39300,2,-0.000279
2015,39340,2,0.005265
2015,39380,2,-0.005125
2015,39460,2,0.003988
2015,39540,2,0.001469
2015,39580,2,0.014418
2015,39740,2,0.000527
2015,39820,2,-0.002947
2015,39900,2,0.004317
2015,40140,2,-0.0013
2015,40220,2,-0.00529
2015,40420,2,-0.002071
2015,40580,2,-0.008625
2015,40660,2,-0.006224
2015,40900,2,0.001065
2015,40980,2,-0.004213
2015,41060,2,-0.002481
2015,41100,2,0.019501
2015,41140,2,-0.009438
2015,41420,2,0.005361
2015,41500,2,-0.003655
2015,41700,2,0.005161
2015,41740,2,-0.001099
2015,41940,2,0.00094
2015,42020,2,-0.00055
2015,42100,2,-0.002482
2015,42140,2,-0.005969
2015,42220,2,-0.001006
2015,42340,2,0.005638
2015,42540,2,-0.002051
2015,42680,2,0.005852
2015,43100,2,0.001824
2015,43300,2,-0.003536
2015,43620,2,0.01184
2015,43780,2,0.001203
2015,44100,2,-0.002116
2015,44180,2,-1.6e-05
2015,44220,2,-0.001561
2015,44300,2,0.005015
2015,44700,2,0.000895
2015,45060,2,-0.001077
2015,45220,2,-0.00167
2015,45820,2,-0.007167
2015,45940,2,0.001857
2015,46060,2,-0.001673
2015,46140,2,-0.000177
2015,46340,2,-0.002739
2015,46540,2,-0.004585
2015,46660,2,-0.003367
2015,46700,2,0.001907
2015,47220,2,0.001513
2015,47300,2,-0.000232
2015,47940,2,-0.006336
2015,48300,2,0.001609
2015,48540,2,-0.012875
2015,48660,2,-0.008185
2015,48700,2,-0.003243
2015,49020,2,-0.002934
2015,49420,2,-0.004254
2015,49620,2,0.003814
2015,49660,2,-0.002381
2015,49700,2,-0.001362
2015,49740,2,-0.002749
2015,10180,3,-0.004384
2015,10420,3,0.001456
2015,10580,3,-0.000184
2015,10740,3,-0.006015
2015,10780,3,-0.006696
2015,10900,3,0.003678
2015,11020,3,-0.003616
2015,11260,3,-0.005355
2015,11460,3,0.003823
2015,11500,3,-0.00609
2015,11540,3,0.004852
2015,11700,3,-0.000312
2015,12020,3,0.001674
2015,12100,3,-0.001994
2015,12220,3,0.010889
2015,12420,3,0.018433
2015,12540,3,-0.000774
2015,12580,3,-0.007258
2015,12620,3,-0.001034
2015,12700,3,-0.001228
2015,12980,3,0.000278
2015,13020,3,-0.003391
2015,13380,3,0.000914
2015,13460,3,0.017085
2015,13780,3,-0.002759
2015,14260,3,0.011046
2015,14500,3,-0.001471
2015,14740,3,-0.002272
2015,14860,3,0.002766
2015,15180,3,-0.002508
2015,15260,3,0.001472
2015,15380,3,0.000527
2015,15500,3,0.000656
2015,15540,3,0.00144
2015,15940,3,0.002165
2015,15980,3,0.006089
2015,16180,3,-0.001055
2015,16220,3,-0.003622
2015,16300,3,-0.001347
2015,16700,3,0.010368
2015,16860,3,-0.005052
2015,16940,3,-0.003406
2015,17020,3,-3.7e-05
2015,17420,3,0.003027
2015,17660,3,0.011181
2015,17780,3,0.007841
2015,17820,3,0.002252
2015,17900,3,0.002357
2015,18020,3,0.005048
2015,18700,3,-0.001876
2015,19140,3,-0.002728
2015,19340,3,-0.002633
2015,19460,3,-0.004379
2015,19500,3,-0.007228
2015,19740,3,0.006367
2015,20020,3,-0.000113
2015,20100,3,0.004192
2015,20220,3,-0.004447
2015,20740,3,0.000768
2015,20940,3,-0.002117
2015,21140,3,0.004749
2015,21300,3,-0.005475
2015,21500,3,-0.001487
2015,21660,3,0.001583
2015,21820,3,-0.014957
2015,22020,3,0.014211
2015,22140,3,-0.020845
2015,22380,3,-0.00298
2015,22420,3,-0.000862
2015,22500,3,-0.005262
2015,22520,3,-0.002046
2015,22540,3,-0.000854
2015,22660,3,0.010122
2015,23420,3,0.000156
2015,23460,3,-0.007216
2015,23580,3,0.007102
2015,24020,3,-0.003039
2015,24140,3,-0.007823
2015,24220,3,0.002798
2015,24300,3,-0.002619
2015,24500,3,-0.01148
2015,24540,3,0.012598
2015,24580,3,0.005377
2015,24660,3,-0.000708
2015,25260,3,-0.007219
2015,25420,3,0.004889
2015,25500,3,-0.000522
2015,25540,3,-0.001416
2015,25860,3,-0.006976
2015,25980,3,0.004073
2015,26300,3,-0.006835
2015,26380,3,-0.004193
2015,26620,3,0.006806
2015,26980,3,0.005935
2015,27060,3,0.000271
2015,27100,3,0.001904
2015,27260,3,0.006225
2015,27340,3,0.004556
2015,27500,3,0.001801
2015,27620,3,-0.006731
2015,27740,3,-0.000745
2015,27780,3,-0.005038
2015,27860,3,-0.000612
2015,27900,3,-0.004851
2015,28100,3,-0.004595
2015,28420,3,0.006162
2015,28660,3,-0.001562
2015,28700,3,-0.009954
2015,28740,3,-0.002309
2015,29100,3,0.002001
2015,29340,3,-0.000195
2015,29420,3,-0.006961
2015,29460,3,0.006765
2015,29540,3,0.00434
2015,29700,3,0.004537
2015,29740,3,-0.00539
2015,29820,3,0.006701
2015,29940,3,0.005204
2015,30140,3,0.00507
2015,30300,3,-0.009049
2015,30340,3,-0.000853
2015,30460,3,0.003647
2015,30620,3,-0.00225
2015,30700,3,0.004159
2015,30780,3,-0.001614
2015,30860,3,-0.000115
2015,31020,3,-0.00021
2015,31420,3,-0.006924
2015,31700,3,0.002072
2015,31900,3,0.000202
2015,32580,3,0.00445
2015,32780,3,0.004106
2015,32900,3,-0.004216
2015,33140,3,0.000269
2015,33340,3,-9e-05
2015,33540,3,-0.002403
2015,33700,3,-0.001495
2015,33780,3,0.000279
2015,33860,3,-0.002996
2015,34060,3,-0.006834
2015,34580,3,0.00516
2015,34620,3,7.9e-05
2015,34740,3,0.002247
2015,34900,3,-0.002727
2015,34940,3,0.00868
2015,35300,3,-0.002592
2015,35660,3,-0.001469
2015,35980,3,-0.000516
2015,36100,3,0.000105
2015,36220,3,0.01243
2015,36420,3,0.003422
2015,36500,3,0.005748
2015,36540,3,0.00281
2015,36740,3,0.010699
2015,36780,3,0.000584
2015,36980,3,-0.00015
2015,37100,3,-0.005778
2015,37340,3,-0.001885
2015,37860,3,0.001984
2015,38060,3,0.003589
2015,38300,3,-0.00022
2015,38340,3,-0.005673
2015,38860,3,0.003736
2015,38900,3,0.007059
2015,38940,3,-0.001017
2015,39300,3,-0.000247
2015,39340,3,0.005935
2015,39380,3,-0.005207
2015,39460,3,0.004089
2015,39540,3,0.001206
2015,39580,3,0.014062
2015,39740,3,0.000795
2015,39820,3,-0.003124
2015,39900,3,0.004431
2015,40140,3,-0.002377
2015,40220,3,-0.005246
2015,40420,3,-0.002238
2015,40580,3,-0.008555
2015,40660,3,-0.005905
2015,40900,3,0.00105
2015,40980,3,-0.003383
2015,41060,3,-0.002082
2015,41100,3,0.019124
2015,41140,3,-0.008653
2015,41420,3,0.006047
2015,41500,3,-0.004026
2015,41700,3,0.005225
2015,41740,3,-0.001325
2015,41940,3,0.00071
2015,42020,3,-0.000983
2015,42100,3,-0.002042
2015,42140,3,-0.005173
2015,42220,3,-0.000945
2015,42340,3,0.005913
2015,42540,3,-0.001805
2015,42680,3,0.005569
2015,43100,3,0.001166
2015,43300,3,-0.002996
2015,43620,3,0.0114
2015,43780,3,0.001185
2015,44100,3,-0.002903
2015,44180,3,0.000549
2015,44220,3,-0.000887
2015,44300,3,0.005253
2015,44700,3,0.000695
2015,45060,3,-0.000869
2015,45220,3,-0.001595
2015,45820,3,-0.007316
2015,45940,3,0.002087
2015,46060,3,-0.001397
2015,46140,3,0.000104
2015,46340,3,-0.002058
2015,46540,3,-0.004262
2015,46660,3,-0.00329
2015,46700,3,0.001562
2015,47220,3,0.001672
2015,47300,3,-0.000512
2015,47940,3,-0.00616
2015,48300,3,0.00167
2015,48540,3,-0.012826
2015,48660,3,-0.007817
2015,48700,3,-0.003889
2015,49020,3,-0.003456
2015,49420,3,-0.003707
2015,49620,3,0.004086
2015,49660,3,-0.00246
2015,49700,3,-0.001837
2015,49740,3,-0.002628
2015,10180,4,-0.003829
2015,10420,4,0.000262
2015,10580,4,0.000648
2015,10740,4,-0.006672
2015,10780,4,-0.006307
2015,10900,4,0.003631
2015,11020,4,-0.00431
2015,11260,4,-0.006387
2015,11460,4,0.003734
2015,11500,4,-0.005747
2015,11540,4,0.005175
2015,11700,4,0.000664
2015,12020,4,-0.000471
2015,12100,4,0.000285
2015,12220,4,0.010018
2015,12420,4,0.020278
2015,12540,4,0.001996
2015,12580,4,-0.004151
2015,12620,4,-0.001429
2015,12700,4,0.000271
2015,12980,4,-0.000358
2015,13020,4,-0.00384
2015,13380,4,0.00051
2015,13460,4,0.017078
2015,13780,4,-0.002467
2015,14260,4,0.010114
2015,14500,4,-0.002576
2015,14740,4,-0.003201
2015,14860,4,0.001589
2015,15180,4,-0.003889
2015,15260,4,-5.9e-05
2015,15380,4,-0.000395
2015,15500,4,-0.002241
2015,15540,4,0.002844
2015,15940,4,0.000958
2015,15980,4,0.010059
2015,16180,4,-0.002115
2015,16220,4,6.8e-05
2015,16300,4,-0.00198
2015,16700,4,0.011278
2015,16860,4,-0.00577
2015,16940,4,-0.00217
2015,17020,4,8.5e-05
2015,17420,4,0.003037
2015,17660,4,0.012413
2015,17780,4,0.00884
2015,17820,4,0.000448
2015,17900,4,0.000733
2015,18020,4,0.005131
2015,18700,4,-0.005354
2015,19140,4,-0.004625
2015,19340,4,-0.001158
2015,19460,4,-0.004769
2015,19500,4,-0.004704
2015,19740,4,0.005153
2015,20020,4,-0.000975
2015,20100,4,0.004586
2015,20220,4,-0.003949
2015,20740,4,0.002665
2015,20940,4,-0.000705
2015,21140,4,0.004318
2015,21300,4,-0.006836
2015,21500,4,-0.003087
2015,21660,4,-0.000884
2015,21820,4,-0.017159
2015,22020,4,0.017408
2015,22140,4,-0.019422
2015,22380,4,-0.002646
2015,22420,4,-0.002369
2015,22500,4,-0.006545
2015,22520,4,-0.002078
2015,22540,4,2.2e-05
2015,22660,4,0.009314
2015,23420,4,0.00186
2015,23460,4,-0.006785
2015,23580,4,0.002958
2015,24020,4,-0.000601
2015,24140,4,-0.009161
2015,24220,4,0.00646
2015,24300,4,-0.003599
2015,24500,4,-0.010832
2015,24540,4,0.010625
2015,24580,4,0.0054
2015,24660,4,-0.003398
2015,25260,4,-0.006531
2015,25420,4,0.003293
2015,25500,4,0.00082
2015,25540,4,-0.002449
2015,25860,4,-0.008801
2015,25980,4,0.002136
2015,26300,4,-0.007501
2015,26380,4,-0.002632
2015,26620,4,0.007138
2015,26980,4,0.005399
2015,27060,4,0.001438
2015,27100,4,0.000531
2015,27260,4,0.006753
2015,27340,4,0.0052
2015,27500,4,0.001932
2015,27620,4,-0.007407
2015,27740,4,0.000951
2015,27780,4,-0.005169
2015,27860,4,-0.002468
2015,27900,4,-0.005476
2015,28100,4,-0.003881
2015,28420,4,0.0033
2015,28660,4,-0.002379
2015,28700,4,-0.009937
2015,28740,4,0.000102
2015,29100,4,0.004495
2015,29340,4,0.000996
2015,29420,4,-0.004476
2015,29460,4,0.006492
2015,29540,4,0.003279
2015,29700,4,0.004184
2015,29740,4,-0.006004
2015,29820,4,0.008522
2015,29940,4,0.004805
2015,30140,4,0.00439
2015,30300,4,-0.008949
2015,30340,4,-0.001039
2015,30460,4,0.003736
2015,30620,4,-0.00163
2015,30700,4,0.002825
2015,30780,4,-0.00237
2015,30860,4,-0.002151
2015,31020,4,-0.003288
2015,31420,4,-0.010134
2015,31700,4,0.001398
2015,31900,4,-0.001264
2015,32580,4,0.003288
2015,32780,4,0.002406
2015,32900,4,3e-06
2015,33140,4,0.000666
2015,33340,4,0.001296
2015,33540,4,-0.000893
2015,33700,4,0.001089
2015,33780,4,-0.001092
2015,33860,4,-0.003961
2015,34060,4,-0.005464
2015,34580,4,0.002371
2015,34620,4,-0.001642
2015,34740,4,0.000128
2015,34900,4,-0.001446
2015,34940,4,0.014217
2015,35300,4,-0.002947
2015,35660,4,-0.00071
2015,35980,4,-0.001131
2015,36100,4,7.2e-05
2015,36220,4,0.015227
2015,36420,4,0.003291
2015,36500,4,0.003471
2015,36540,4,0.001909
2015,36740,4,0.011566
2015,36780,4,0.001459
2015,36980,4,-7.9e-05
2015,37100,4,-0.003279
2015,37340,4,0.000427
2015,37860,4,0.001951
2015,38060,4,0.005376
2015,38300,4,-0.000828
2015,38340,4,-0.004325
2015,38860,4,0.003938
2015,38900,4,0.005646
2015,38940,4,0.003061
2015,39300,4,0.000381
2015,39340,4,0.004479
2015,39380,4,-0.007531
2015,39460,4,0.005989
2015,39540,4,0.001986
2015,39580,4,0.012794
2015,39740,4,-4e-05
2015,39820,4,-0.002762
2015,39900,4,0.005198
2015,40140,4,0.002296
2015,40220,4,-0.005765
2015,40420,4,-0.002572
2015,40580,4,-0.011024
2015,40660,4,-0.008225
2015,40900,4,0.001659
2015,40980,4,-0.005289
2015,41060,4,-0.002332
2015,41100,4,0.020104
2015,41140,4,-0.009884
2015,41420,4,0.002155
2015,41500,4,-0.00251
2015,41700,4,0.005395
2015,41740,4,0.000731
2015,41940,4,0.002151
2015,42020,4,0.000296
2015,42100,4,-0.002706
2015,42140,4,-0.006676
2015,42220,4,-0.000662
2015,42340,4,0.005189
2015,42540,4,-0.003019
2015,42680,4,0.007065
2015,43100,4,0.002204
2015,43300,4,-0.004238
2015,43620,4,0.011698
2015,43780,4,0.001236
2015,44100,4,-0.001225
2015,44180,4,-0.000764
2015,44220,4,-0.002316
2015,44300,4,0.004991
2015,44700,4,0.002834
2015,45060,4,-0.001764
2015,45220,4,-0.00147
2015,45820,4,-0.007502
2015,45940,4,0.002855
2015,46060,4,-0.001513
2015,46140,4,-0.001077
2015,46340,4,-0.00313
2015,46540,4,-0.004622
2015,46660,4,-0.004473
2015,46700,4,0.00366
2015,47220,4,0.002138
2015,47300,4,0.000245
2015,47940,4,-0.005862
2015,48300,4,-0.000297
2015,48540,4,-0.013268
2015,48660,4,-0.008575
2015,48700,4,-0.002793
2015,49020,4,-0.00052
2015,49420,4,-0.007684
2015,49620,4,0.003126
2015,49660,4,-0.003061
2015,49700,4,-0.000453
2015,49740,4,-0.002409
2015,10180,5,-0.004172
2015,10420,5,0.00076
2015,10580,5,4.9e-05
2015,10740,5,-0.006517
2015,10780,5,-0.006494
2015,10900,5,0.003638
2015,11020,5,-0.004169
2015,11260,5,-0.006118
2015,11460,5,0.003684
2015,11500,5,-0.005816
2015,11540,5,0.005017
2015,11700,5,0.000344
2015,12020,5,0.000471
2015,12100,5,-0.000827
2015,12220,5,0.010269
2015,12420,5,0.020126
2015,12540,5,0.000912
2015,12580,5,-0.005723
2015,12620,5,-0.001179
2015,12700,5,-0.000335
2015,12980,5,-8e-05
2015,13020,5,-0.003553
2015,13380,5,0.000612
2015,13460,5,0.017483
2015,13780,5,-0.002386
2015,14260,5,0.010648
2015,14500,5,-0.002254
2015,14740,5,-0.002846
2015,14860,5,0.001919
2015,15180,5,-0.003399
2015,15260,5,0.000494
2015,15380,5,4.4e-05
2015,15500,5,-0.000734
2015,15540,5,0.002345
2015,15940,5,0.001452
2015,15980,5,0.008193
2015,16180,5,-0.002082
2015,16220,5,-0.001449
2015,16300,5,-0.001614
2015,16700,5,0.011103
2015,16860,5,-0.005563
2015,16940,5,-0.002565
2015,17020,5,6.9e-05
2015,17420,5,0.00298
2015,17660,5,0.012337
2015,17780,5,0.008726
2015,17820,5,0.001208
2015,17900,5,0.001571
2015,18020,5,0.005046
2015,18700,5,-0.004309
2015,19140,5,-0.003619
2015,19340,5,-0.001851
2015,19460,5,-0.004699
2015,19500,5,-0.005364
2015,19740,5,0.005755
2015,20020,5,-0.000849
2015,20100,5,0.004491
2015,20220,5,-0.004244
2015,20740,5,0.001932
2015,20940,5,-0.001373
2015,21140,5,0.004559
2015,21300,5,-0.006583
2015,21500,5,-0.002289
2015,21660,5,0.000148
2015,21820,5,-0.016547
2015,22020,5,0.016839
2015,22140,5,-0.020071
2015,22380,5,-0.003191
2015,22420,5,-0.001602
2015,22500,5,-0.005985
2015,22520,5,-0.002155
2015,22540,5,-0.000385
2015,22660,5,0.009969
2015,23420,5,0.001108
2015,23460,5,-0.007088
2015,23580,5,0.004468
2015,24020,5,-0.001607
2015,24140,5,-0.008595
2015,24220,5,0.005306
2015,24300,5,-0.003231
2015,24500,5,-0.011161
2015,24540,5,0.011783
2015,24580,5,0.005424
2015,24660,5,-0.002169
2015,25260,5,-0.006858
2015,25420,5,0.003905
2015,25500,5,0.000342
2015,25540,5,-0.002063
2015,25860,5,-0.007912
2015,25980,5,0.002781
2015,26300,5,-0.007576
2015,26380,5,-0.003303
2015,26620,5,0.007161
2015,26980,5,0.005618
2015,27060,5,0.000768
2015,27100,5,0.001148
2015,27260,5,0.006525
2015,27340,5,0.00516
2015,27500,5,0.001859
2015,27620,5,-0.007367
2015,27740,5,0.000479
2015,27780,5,-0.004937
2015,27860,5,-0.001733
2015,27900,5,-0.005483
2015,28100,5,-0.004183
2015,28420,5,0.004778
2015,28660,5,-0.002024
2015,28700,5,-0.009992
2015,28740,5,-0.000852
2015,29100,5,0.003552
2015,29340,5,0.00074
2015,29420,5,-0.005635
2015,29460,5,0.006515
2015,29540,5,0.003624
2015,29700,5,0.004403
2015,29740,5,-0.005703
2015,29820,5,0.007835
2015,29940,5,0.004999
2015,30140,5,0.004817
2015,30300,5,-0.009419
2015,30340,5,-0.000911
2015,30460,5,0.003726
2015,30620,5,-0.001833
2015,30700,5,0.003281
2015,30780,5,-0.002096
2015,30860,5,-0.001304
2015,31020,5,-0.00185
2015,31420,5,-0.008895
2015,31700,5,0.001629
2015,31900,5,-0.000601
2015,32580,5,0.003767
2015,32780,5,0.003056
2015,32900,5,-0.001719
2015,33140,5,0.000471
2015,33340,5,0.000573
2015,33540,5,-0.001515
2015,33700,5,0.000118
2015,33780,5,-0.000566
2015,33860,5,-0.003641
2015,34060,5,-0.006371
2015,34580,5,0.003544
2015,34620,5,-0.001142
2015,34740,5,0.000801
2015,34900,5,-0.002119
2015,34940,5,0.012076
2015,35300,5,-0.002915
2015,35660,5,-0.001156
2015,35980,5,-0.000899
2015,36100,5,-9.5e-05
2015,36220,5,0.014102
2015,36420,5,0.003366
2015,36500,5,0.004473
2015,36540,5,0.002389
2015,36740,5,0.011156
2015,36780,5,0.001155
2015,36980,5,0.00012
2015,37100,5,-0.004475
2015,37340,5,-0.000654
2015,37860,5,0.001913
2015,38060,5,0.004512
2015,38300,5,-0.000426
2015,38340,5,-0.004594
2015,38860,5,0.003925
2015,38900,5,0.006407
2015,38940,5,0.001183
2015,39300,5,-1e-06
2015,39340,5,0.005109
2015,39380,5,-0.006506
2015,39460,5,0.005036
2015,39540,5,0.001643
2015,39580,5,0.013852
2015,39740,5,0.000231
2015,39820,5,-0.002872
2015,39900,5,0.004945
2015,40140,5,0.00037
2015,40220,5,-0.005673
2015,40420,5,-0.002354
2015,40580,5,-0.00981
2015,40660,5,-0.007264
2015,40900,5,0.001449
2015,40980,5,-0.004586
2015,41060,5,-0.002465
2015,41100,5,0.020333
2015,41140,5,-0.009689
2015,41420,5,0.00384
2015,41500,5,-0.003182
2015,41700,5,0.005188
2015,41740,5,-0.000302
2015,41940,5,0.001616
2015,42020,5,-0.000241
2015,42100,5,-0.002637
2015,42140,5,-0.006509
2015,42220,5,-0.000834
2015,42340,5,0.005433
2015,42540,5,-0.002528
2015,42680,5,0.006397
2015,43100,5,0.001927
2015,43300,5,-0.003963
2015,43620,5,0.011954
2015,43780,5,0.001194
2015,44100,5,-0.001795
2015,44180,5,-0.000332
2015,44220,5,-0.00193
2015,44300,5,0.005122
2015,44700,5,0.002005
2015,45060,5,-0.001428
2015,45220,5,-0.001573
2015,45820,5,-0.00749
2015,45940,5,0.002391
2015,46060,5,-0.001572
2015,46140,5,-0.000532
2015,46340,5,-0.003035
2015,46540,5,-0.004676
2015,46660,5,-0.003848
2015,46700,5,0.002834
2015,47220,5,0.001852
2015,47300,5,-6e-06
2015,47940,5,-0.006243
2015,48300,5,0.000613
2015,48540,5,-0.013315
2015,48660,5,-0.008493
2015,48700,5,-0.003119
2015,49020,5,-0.001836
2015,49420,5,-0.006004
2015,49620,5,0.003523
2015,49660,5,-0.00272
2015,49700,5,-0.000991
2015,49740,5,-0.00257
2015,10180,6,-0.003624
2015,10420,6,0.000255
2015,10580,6,0.000272
2015,10740,6,-0.007328
2015,10780,6,-0.006394
2015,10900,6,0.003825
2015,11020,6,-0.004606
2015,11260,6,-0.00756
2015,11460,6,0.004241
2015,11500,6,-0.005467
2015,11540,6,0.004794
2015,11700,6,0.000854
2015,12020,6,-0.000671
2015,12100,6,0.000372
2015,12220,6,0.010078
2015,12420,6,0.02128
2015,12540,6,0.002748
2015,12580,6,-0.004259
2015,12620,6,-0.00131
2015,12700,6,0.000449
2015,12980,6,-0.000328
2015,13020,6,-0.003625
2015,13380,6,-0.00057
2015,13460,6,0.017759
2015,13780,6,-0.002092
2015,14260,6,0.010603
2015,14500,6,-0.002792
2015,14740,6,-0.004038
2015,14860,6,0.001313
2015,15180,6,-0.004432
2015,15260,6,-0.000239
2015,15380,6,-0.00034
2015,15500,6,-0.002867
2015,15540,6,0.002822
2015,15940,6,0.000935
2015,15980,6,0.010929
2015,16180,6,-0.00127
2015,16220,6,6.6e-05
2015,16300,6,-0.002011
2015,16700,6,0.011502
2015,16860,6,-0.00624
2015,16940,6,-0.002657
2015,17020,6,-0.000135
2015,17420,6,0.003024
2015,17660,6,0.01269
2015,17780,6,0.009079
2015,17820,6,-0.0003
2015,17900,6,0.000156
2015,18020,6,0.00481
2015,18700,6,-0.007228
2015,19140,6,-0.004173
2015,19340,6,-0.001353
2015,19460,6,-0.004799
2015,19500,6,-0.00428
2015,19740,6,0.005152
2015,20020,6,-0.001337
2015,20100,6,0.004246
2015,20220,6,-0.004046
2015,20740,6,0.002654
2015,20940,6,-0.00016
2015,21140,6,0.004376
2015,21300,6,-0.007304
2015,21500,6,-0.003355
2015,21660,6,-0.001746
2015,21820,6,-0.018737
2015,22020,6,0.01831
2015,22140,6,-0.019824
2015,22380,6,-0.002536
2015,22420,6,-0.001455
2015,22500,6,-0.007139
2015,22520,6,-0.002058
2015,22540,6,-0.000409
2015,22660,6,0.009088
2015,23420,6,0.002238
2015,23460,6,-0.006893
2015,23580,6,0.00324
2015,24020,6,-0.000495
2015,24140,6,-0.010015
2015,24220,6,0.007231
2015,24300,6,-0.004014
2015,24500,6,-0.011232
2015,24540,6,0.010799
2015,24580,6,0.005086
2015,24660,6,-0.004006
2015,25260,6,-0.006513
2015,25420,6,0.002927
2015,25500,6,0.000646
2015,25540,6,-0.002695
2015,25860,6,-0.00918
2015,25980,6,0.001327
2015,26300,6,-0.007974
2015,26380,6,-0.002607
2015,26620,6,0.007079
2015,26980,6,0.005162
2015,27060,6,0.001905
2015,27100,6,0.001094
2015,27260,6,0.007095
2015,27340,6,0.004105
2015,27500,6,0.002004
2015,27620,6,-0.007707
2015,27740,6,0.001278
2015,27780,6,-0.005063
2015,27860,6,-0.003011
2015,27900,6,-0.005815
2015,28100,6,-0.004044
2015,28420,6,0.001677
2015,28660,6,-0.002687
2015,28700,6,-0.010517
2015,28740,6,0.000561
2015,29100,6,0.004527
2015,29340,6,0.001307
2015,29420,6,-0.003807
2015,29460,6,0.007271
2015,29540,6,0.00318
2015,29700,6,0.004367
2015,29740,6,-0.006909
2015,29820,6,0.010551
2015,29940,6,0.004562
2015,30140,6,0.004421
2015,30300,6,-0.009378
2015,30340,6,-0.000987
2015,30460,6,0.003725
2015,30620,6,-0.001684
2015,30700,6,0.002587
2015,30780,6,-0.002768
2015,30860,6,-0.003023
2015,31020,6,-0.003767
2015,31420,6,-0.010847
2015,31700,6,0.001542
2015,31900,6,-0.001188
2015,32580,6,0.003231
2015,32780,6,0.002204
2015,32900,6,0.001826
2015,33140,6,0.000708
2015,33340,6,0.001317
2015,33540,6,-0.001389
2015,33700,6,0.002926
2015,33780,6,-0.000796
2015,33860,6,-0.004195
2015,34060,6,-0.005899
2015,34580,6,0.001423
2015,34620,6,-0.002434
2015,34740,6,0.00023
2015,34900,6,-0.00081
2015,34940,6,0.015612
2015,35300,6,-0.00318
2015,35660,6,-0.000616
2015,35980,6,-0.001276
2015,36100,6,0.000605
2015,36220,6,0.015585
2015,36420,6,0.00316
2015,36500,6,0.002567
2015,36540,6,0.001931
2015,36740,6,0.012381
2015,36780,6,0.001356
2015,36980,6,-8.8e-05
2015,37100,6,-0.00308
2015,37340,6,0.001275
2015,37860,6,0.001829
2015,38060,6,0.006288
2015,38300,6,-0.000694
2015,38340,6,-0.003995
2015,38860,6,0.003947
2015,38900,6,0.005341
2015,38940,6,0.00439
2015,39300,6,0.000617
2015,39340,6,0.004386
2015,39380,6,-0.007904
2015,39460,6,0.006477
2015,39540,6,0.002132
2015,39580,6,0.012565
2015,39740,6,2.1e-05
2015,39820,6,-0.002555
2015,39900,6,0.006873
2015,40140,6,0.003555
2015,40220,6,-0.006249
2015,40420,6,-0.002622
2015,40580,6,-0.011486
2015,40660,6,-0.008427
2015,40900,6,0.002156
2015,40980,6,-0.005559
2015,41060,6,-0.002266
2015,41100,6,0.02039
2015,41140,6,-0.010151
2015,41420,6,0.001555
2015,41500,6,-0.001473
2015,41700,6,0.005561
2015,41740,6,0.000591
2015,41940,6,0.002272
2015,42020,6,0.00048
2015,42100,6,-0.002838
2015,42140,6,-0.007621
2015,42220,6,-0.000185
2015,42340,6,0.005078
2015,42540,6,-0.003186
2015,42680,6,0.00799
2015,43100,6,0.00228
2015,43300,6,-0.004136
2015,43620,6,0.011863
2015,43780,6,0.0011
2015,44100,6,-0.001231
2015,44180,6,-0.000904
2015,44220,6,-0.002775
2015,44300,6,0.004649
2015,44700,6,0.004053
2015,45060,6,-0.001893
2015,45220,6,-0.001726
2015,45820,6,-0.007463
2015,45940,6,0.002786
2015,46060,6,-0.001467
2015,46140,6,-0.001286
2015,46340,6,-0.003368
2015,46540,6,-0.004847
2015,46660,6,-0.005096
2015,46700,6,0.005275
2015,47220,6,0.00198
2015,47300,6,0.00081
2015,47940,6,-0.006059
2015,48300,6,-0.001036
2015,48540,6,-0.013405
2015,48660,6,-0.008837
2015,48700,6,-0.002428
2015,49020,6,-0.000115
2015,49420,6,-0.009085
2015,49620,6,0.003228
2015,49660,6,-0.003036
2015,49700,6,0.000722
2015,49740,6,-0.002595
2015,10180,7,-0.004384
2015,10420,7,0.001456
2015,10580,7,-0.000184
2015,10740,7,-0.006015
2015,10780,7,-0.006696
2015,10900,7,0.003678
2015,11020,7,-0.003616
2015,11260,7,-0.005355
2015,11460,7,0.003823
2015,11500,7,-0.00609
2015,11540,7,0.004852
2015,11700,7,-0.000312
2015,12020,7,0.001674
2015,12100,7,-0.001994
2015,12220,7,0.010889
2015,12420,7,0.018433
2015,12540,7,-0.000774
2015,12580,7,-0.007258
2015,12620,7,-0.001034
2015,12700,7,-0.001228
2015,12980,7,0.000278
2015,13020,7,-0.003391
2015,13380,7,0.000914
2015,13460,7,0.017085
2015,13780,7,-0.002759
2015,14260,7,0.011046
2015,14500,7,-0.001471
2015,14740,7,-0.002272
2015,14860,7,0.002766
2015,15180,7,-0.002508
2015,15260,7,0.001472
2015,15380,7,0.000527
2015,15500,7,0.000656
2015,15540,7,0.00144
2015,15940,7,0.002165
2015,15980,7,0.006089
2015,16180,7,-0.001055
2015,16220,7,-0.003622
2015,16300,7,-0.001347
2015,16700,7,0.010368
2015,16860,7,-0.005052
2015,16940,7,-0.003406
2015,17020,7,-3.7e-05
2015,17420,7,0.003027
2015,17660,7,0.011181
2015,17780,7,0.007841
2015,17820,7,0.002252
2015,17900,7,0.002357
2015,18020,7,0.005048
2015,18700,7,-0.001876
2015,19140,7,-0.002728
2015,19340,7,-0.002633
2015,19460,7,-0.004379
2015,19500,7,-0.007228
2015,19740,7,0.006367
2015,20020,7,-0.000113
2015,20100,7,0.004192
2015,20220,7,-0.004447
2015,20740,7,0.000768
2015,20940,7,-0.002117
2015,21140,7,0.004749
2015,21300,7,-0.005475
2015,21500,7,-0.001487
2015,21660,7,0.001583
2015,21820,7,-0.014957
2015,22020,7,0.014211
2015,22140,7,-0.020845
2015,22380,7,-0.00298
2015,22420,7,-0.000862
2015,22500,7,-0.005262
2015,22520,7,-0.002046
2015,22540,7,-0.000854
2015,22660,7,0.010122
2015,23420,7,0.000156
2015,23460,7,-0.007216
2015,23580,7,0.007102
2015,24020,7,-0.003039
2015,24140,7,-0.007823
2015,24220,7,0.002798
2015,24300,7,-0.002619
2015,24500,7,-0.01148
2015,24540,7,0.012598
2015,24580,7,0.005377
2015,24660,7,-0.000708
2015,25260,7,-0.007219
2015,25420,7,0.004889
2015,25500,7,-0.000522
2015,25540,7,-0.001416
2015,25860,7,-0.006976
2015,25980,7,0.004073
2015,26300,7,-0.006835
2015,26380,7,-0.004193
2015,26620,7,0.006806
2015,26980,7,0.005935
2015,27060,7,0.000271
2015,27100,7,0.001904
2015,27260,7,0.006225
2015,27340,7,0.004556
2015,27500,7,0.001801
2015,27620,7,-0.006731
2015,27740,7,-0.000745
2015,27780,7,-0.005038
2015,27860,7,-0.000612
2015,27900,7,-0.004851
2015,28100,7,-0.004595
2015,28420,7,0.006162
2015,28660,7,-0.001562
2015,28700,7,-0.009954
2015,28740,7,-0.002309
2015,29100,7,0.002001
2015,29340,7,-0.000195
2015,29420,7,-0.006961
2015,29460,7,0.006765
2015,29540,7,0.00434
2015,29700,7,0.004537
2015,29740,7,-0.00539
2015,29820,7,0.006701
2015,29940,7,0.005204
2015,30140,7,0.00507
2015,30300,7,-0.009049
2015,30340,7,-0.000853
2015,30460,7,0.003647
2015,30620,7,-0.00225
2015,30700,7,0.004159
2015,30780,7,-0.001614
2015,30860,7,-0.000115
2015,31020,7,-0.00021
2015,31420,7,-0.006924
2015,31700,7,0.002072
2015,31900,7,0.000202
2015,32580,7,0.00445
2015,32780,7,0.004106
2015,32900,7,-0.004216
2015,33140,7,0.000269
2015,33340,7,-9e-05
2015,33540,7,-0.002403
2015,33700,7,-0.001495
2015,33780,7,0.000279
2015,33860,7,-0.002996
2015,34060,7,-0.006834
2015,34580,7,0.00516
2015,34620,7,7.9e-05
2015,34740,7,0.002247
2015,34900,7,-0.002727
2015,34940,7,0.00868
2015,35300,7,-0.002592
2015,35660,7,-0.001469
2015,35980,7,-0.000516
2015,36100,7,0.000105
2015,36220,7,0.01243
2015,36420,7,0.003422
2015,36500,7,0.005748
2015,36540,7,0.00281
2015,36740,7,0.010699
2015,36780,7,0.000584
2015,36980,7,-0.00015
2015,37100,7,-0.005778
2015,37340,7,-0.001885
2015,37860,7,0.001984
2015,38060,7,0.003589
2015,38300,7,-0.00022
2015,38340,7,-0.005673
2015,38860,7,0.003736
2015,38900,7,0.007059
2015,38940,7,-0.001017
2015,39300,7,-0.000247
2015,39340,7,0.005935
2015,39380,7,-0.005207
2015,39460,7,0.004089
2015,39540,7,0.001206
2015,39580,7,0.014062
2015,39740,7,0.000795
2015,39820,7,-0.003124
2015,39900,7,0.004431
2015,40140,7,-0.002377
2015,40220,7,-0.005246
2015,40420,7,-0.002238
2015,40580,7,-0.008555
2015,40660,7,-0.005905
2015,40900,7,0.00105
2015,40980,7,-0.003383
2015,41060,7,-0.002082
2015,41100,7,0.019124
2015,41140,7,-0.008653
2015,41420,7,0.006047
2015,41500,7,-0.004026
2015,41700,7,0.005225
2015,41740,7,-0.001325
2015,41940,7,0.00071
2015,42020,7,-0.000983
2015,42100,7,-0.002042
2015,42140,7,-0.005173
2015,42220,7,-0.000945
2015,42340,7,0.005913
2015,42540,7,-0.001805
2015,42680,7,0.005569
2015,43100,7,0.001166
2015,43300,7,-0.002996
2015,43620,7,0.0114
2015,43780,7,0.001185
2015,44100,7,-0.002903
2015,44180,7,0.000549
2015,44220,7,-0.000887
2015,44300,7,0.005253
2015,44700,7,0.000695
2015,45060,7,-0.000869
2015,45220,7,-0.001595
2015,45820,7,-0.007316
2015,45940,7,0.002087
2015,46060,7,-0.001397
2015,46140,7,0.000104
2015,46340,7,-0.002058
2015,46540,7,-0.004262
2015,46660,7,-0.00329
2015,46700,7,0.001562
2015,47220,7,0.001672
2015,47300,7,-0.000512
2015,47940,7,-0.00616
2015,48300,7,0.00167
2015,48540,7,-0.012826
2015,48660,7,-0.007817
2015,48700,7,-0.003889
2015,49020,7,-0.003456
2015,49420,7,-0.003707
2015,49620,7,0.004086
2015,49660,7,-0.00246
2015,49700,7,-0.001837
2015,49740,7,-0.002628
2015,10180,8,-0.003909
2015,10420,8,0.000397
2015,10580,8,3.7e-05
2015,10740,8,-0.007083
2015,10780,8,-0.006444
2015,10900,8,0.003802
2015,11020,8,-0.004712
2015,11260,8,-0.007044
2015,11460,8,0.003825
2015,11500,8,-0.005452
2015,11540,8,0.004787
2015,11700,8,0.000906
2015,12020,8,-0.00039
2015,12100,8,6.5e-05
2015,12220,8,0.010236
2015,12420,8,0.02124
2015,12540,8,0.002217
2015,12580,8,-0.004785
2015,12620,8,-0.001189
2015,12700,8,0.000158
2015,12980,8,-0.000237
2015,13020,8,-0.003477
2015,13380,8,-0.000163
2015,13460,8,0.017703
2015,13780,8,-0.00193
2015,14260,8,0.0105
2015,14500,8,-0.002742
2015,14740,8,-0.003602
2015,14860,8,0.001326
2015,15180,8,-0.004201
2015,15260,8,-4.5e-05
2015,15380,8,-0.000294
2015,15500,8,-0.00205
2015,15540,8,0.002685
2015,15940,8,0.001001
2015,15980,8,0.009754
2015,16180,8,-0.001977
2015,16220,8,-6.5e-05
2015,16300,8,-0.001803
2015,16700,8,0.011548
2015,16860,8,-0.006066
2015,16940,8,-0.002434
2015,17020,8,5.5e-05
2015,17420,8,0.002971
2015,17660,8,0.012833
2015,17780,8,0.009126
2015,17820,8,0.000122
2015,17900,8,0.000728
2015,18020,8,0.004816
2015,18700,8,-0.006899
2015,19140,8,-0.003732
2015,19340,8,-0.001509
2015,19460,8,-0.004837
2015,19500,8,-0.004114
2015,19740,8,0.005279
2015,20020,8,-0.001415
2015,20100,8,0.004444
2015,20220,8,-0.004106
2015,20740,8,0.002512
2015,20940,8,-0.000764
2015,21140,8,0.004486
2015,21300,8,-0.007543
2015,21500,8,-0.00309
2015,21660,8,-0.001177
2015,21820,8,-0.018019
2015,22020,8,0.018368
2015,22140,8,-0.019724
2015,22380,8,-0.002948
2015,22420,8,-0.001619
2015,22500,8,-0.006798
2015,22520,8,-0.002234
2015,22540,8,-0.000412
2015,22660,8,0.009445
2015,23420,8,0.001882
2015,23460,8,-0.007031
2015,23580,8,0.003389
2015,24020,8,-0.000769
2015,24140,8,-0.009622
2015,24220,8,0.006778
2015,24300,8,-0.003754
2015,24500,8,-0.011081
2015,24540,8,0.011221
2015,24580,8,0.005178
2015,24660,8,-0.003376
2015,25260,8,-0.006603
2015,25420,8,0.003158
2015,25500,8,0.000752
2015,25540,8,-0.002551
2015,25860,8,-0.008653
2015,25980,8,0.001558
2015,26300,8,-0.008062
2015,26380,8,-0.002782
2015,26620,8,0.007246
2015,26980,8,0.005321
2015,27060,8,0.00153
2015,27100,8,0.001103
2015,27260,8,0.006889
2015,27340,8,0.004661
2015,27500,8,0.001998
2015,27620,8,-0.00777
2015,27740,8,0.001198
2015,27780,8,-0.004992
2015,27860,8,-0.002693
2015,27900,8,-0.006042
2015,28100,8,-0.003977
2015,28420,8,0.002759
2015,28660,8,-0.002411
2015,28700,8,-0.010375
2015,28740,8,0.000383
2015,29100,8,0.004348
2015,29340,8,0.001248
2015,29420,8,-0.004468
2015,29460,8,0.006961
2015,29540,8,0.003275
2015,29700,8,0.004422
2015,29740,8,-0.006362
2015,29820,8,0.009608
2015,29940,8,0.004704
2015,30140,8,0.004667
2015,30300,8,-0.009558
2015,30340,8,-0.000911
2015,30460,8,0.003782
2015,30620,8,-0.001653
2015,30700,8,0.002649
2015,30780,8,-0.002551
2015,30860,8,-0.002508
2015,31020,8,-0.003006
2015,31420,8,-0.010392
2015,31700,8,0.001476
2015,31900,8,-0.000956
2015,32580,8,0.00344
2015,32780,8,0.002395
2015,32900,8,0.000621
2015,33140,8,0.000658
2015,33340,8,0.00108
2015,33540,8,-0.001387
2015,33700,8,0.002085
2015,33780,8,-0.000956
2015,33860,8,-0.004185
2015,34060,8,-0.006138
2015,34580,8,0.002158
2015,34620,8,-0.00245
2015,34740,8,0.000207
2015,34900,8,-0.001357
2015,34940,8,0.01448
2015,35300,8,-0.003173
2015,35660,8,-0.000861
2015,35980,8,-0.001122
2015,36100,8,0.000339
2015,36220,8,0.015157
2015,36420,8,0.003226
2015,36500,8,0.003388
2015,36540,8,0.002158
2015,36740,8,0.011868
2015,36780,8,0.001442
2015,36980,8,4e-06
2015,37100,8,-0.003564
2015,37340,8,0.000587
2015,37860,8,0.001866
2015,38060,8,0.005461
2015,38300,8,-0.000603
2015,38340,8,-0.003789
2015,38860,8,0.003911
2015,38900,8,0.005719
2015,38940,8,0.003224
2015,39300,8,0.00035
2015,39340,8,0.004516
2015,39380,8,-0.007295
2015,39460,8,0.005869
2015,39540,8,0.002106
2015,39580,8,0.013245
2015,39740,8,0.000107
2015,39820,8,-0.002498
2015,39900,8,0.006211
2015,40140,8,0.002596
2015,40220,8,-0.006078
2015,40420,8,-0.002296
2015,40580,8,-0.010862
2015,40660,8,-0.008058
2015,40900,8,0.00191
2015,40980,8,-0.005474
2015,41060,8,-0.002461
2015,41100,8,0.020564
2015,41140,8,-0.010197
2015,41420,8,0.002342
2015,41500,8,-0.001939
2015,41700,8,0.005439
2015,41740,8,0.000174
2015,41940,8,0.001974
2015,42020,8,0.000355
2015,42100,8,-0.00295
2015,42140,8,-0.00749
2015,42220,8,-0.00052
2015,42340,8,0.00519
2015,42540,8,-0.002962
2015,42680,8,0.00747
2015,43100,8,0.002405
2015,43300,8,-0.004288
2015,43620,8,0.012182
2015,43780,8,0.001073
2015,44100,8,-0.001262
2015,44180,8,-0.00077
2015,44220,8,-0.002763
2015,44300,8,0.004698
2015,44700,8,0.003205
2015,45060,8,-0.001797
2015,45220,8,-0.0017
2015,45820,8,-0.007413
2015,45940,8,0.002585
2015,46060,8,-0.001563
2015,46140,8,-0.001044
2015,46340,8,-0.0035
2015,46540,8,-0.004949
2015,46660,8,-0.004603
2015,46700,8,0.00444
2015,47220,8,0.001941
2015,47300,8,0.000687
2015,47940,8,-0.006291
2015,48300,8,-0.000337
2015,48540,8,-0.013659
2015,48660,8,-0.008842
2015,48700,8,-0.002545
2015,49020,8,-0.000677
2015,49420,8,-0.008026
2015,49620,8,0.00337
2015,49660,8,-0.002903
2015,49700,8,0.000226
2015,49740,8,-0.002635
2015,10180,9,-0.00424
2015,10420,9,0.001028
2015,10580,9,-4.1e-05
2015,10740,9,-0.006366
2015,10780,9,-0.006551
2015,10900,9,0.003611
2015,11020,9,-0.003856
2015,11260,9,-0.005933
2015,11460,9,0.003866
2015,11500,9,-0.005972
2015,11540,9,0.004989
2015,11700,9,-2.4e-05
2015,12020,9,0.001041
2015,12100,9,-0.001372
2015,12220,9,0.010388
2015,12420,9,0.019528
2015,12540,9,0.000281
2015,12580,9,-0.006367
2015,12620,9,-0.001148
2015,12700,9,-0.000627
2015,12980,9,3.9e-05
2015,13020,9,-0.00352
2015,13380,9,0.000663
2015,13460,9,0.017492
2015,13780,9,-0.002627
2015,14260,9,0.010947
2015,14500,9,-0.001927
2015,14740,9,-0.002694
2015,14860,9,0.002311
2015,15180,9,-0.003028
2015,15260,9,0.000865
2015,15380,9,0.0003
2015,15500,9,-0.000178
2015,15540,9,0.002029
2015,15940,9,0.001788
2015,15980,9,0.0075
2015,16180,9,-0.001583
2015,16220,9,-0.002444
2015,16300,9,-0.001538
2015,16700,9,0.010796
2015,16860,9,-0.005373
2015,16940,9,-0.002921
2015,17020,9,-5e-05
2015,17420,9,0.002981
2015,17660,9,0.011901
2015,17780,9,0.008395
2015,17820,9,0.001643
2015,17900,9,0.001854
2015,18020,9,0.00507
2015,18700,9,-0.003132
2015,19140,9,-0.003393
2015,19340,9,-0.002183
2015,19460,9,-0.00458
2015,19500,9,-0.006247
2015,19740,9,0.006052
2015,20020,9,-0.000508
2015,20100,9,0.004323
2015,20220,9,-0.004364
2015,20740,9,0.001476
2015,20940,9,-0.001534
2015,21140,9,0.0046
2015,21300,9,-0.00594
2015,21500,9,-0.001863
2015,21660,9,0.00071
2015,21820,9,-0.016007
2015,22020,9,0.015855
2015,22140,9,-0.020443
2015,22380,9,-0.003139
2015,22420,9,-0.00115
2015,22500,9,-0.005686
2015,22520,9,-0.002058
2015,22540,9,-0.000588
2015,22660,9,0.010077
2015,23420,9,0.00073
2015,23460,9,-0.00713
2015,23580,9,0.005529
2015,24020,9,-0.002189
2015,24140,9,-0.008239
2015,24220,9,0.004466
2015,24300,9,-0.003027
2015,24500,9,-0.011407
2015,24540,9,0.012128
2015,24580,9,0.005429
2015,24660,9,-0.001605
2015,25260,9,-0.006993
2015,25420,9,0.004298
2015,25500,9,-0.000105
2015,25540,9,-0.001794
2015,25860,9,-0.007586
2015,25980,9,0.003285
2015,26300,9,-0.007307
2015,26380,9,-0.003695
2015,26620,9,0.006993
2015,26980,9,0.005729
2015,27060,9,0.000512
2015,27100,9,0.001472
2015,27260,9,0.006428
2015,27340,9,0.004931
2015,27500,9,0.001783
2015,27620,9,-0.00712
2015,27740,9,1.9e-05
2015,27780,9,-0.004922
2015,27860,9,-0.00125
2015,27900,9,-0.005156
2015,28100,9,-0.00441
2015,28420,9,0.005369
2015,28660,9,-0.001854
2015,28700,9,-0.009982
2015,28740,9,-0.00159
2015,29100,9,0.002918
2015,29340,9,0.000417
2015,29420,9,-0.006123
2015,29460,9,0.0066
2015,29540,9,0.003865
2015,29700,9,0.004483
2015,29740,9,-0.005673
2015,29820,9,0.007492
2015,29940,9,0.005061
2015,30140,9,0.004878
2015,30300,9,-0.009358
2015,30340,9,-0.00091
2015,30460,9,0.003654
2015,30620,9,-0.002035
2015,30700,9,0.003664
2015,30780,9,-0.00193
2015,30860,9,-0.000841
2015,31020,9,-0.001285
2015,31420,9,-0.008053
2015,31700,9,0.001831
2015,31900,9,-0.000306
2015,32580,9,0.003983
2015,32780,9,0.00349
2015,32900,9,-0.002596
2015,33140,9,0.00035
2015,33340,9,0.000257
2015,33540,9,-0.00188
2015,33700,9,-0.000485
2015,33780,9,-8.9e-05
2015,33860,9,-0.003312
2015,34060,9,-0.006652
2015,34580,9,0.004078
2015,34620,9,-0.000451
2015,34740,9,0.001419
2015,34900,9,-0.002304
2015,34940,9,0.010871
2015,35300,9,-0.002784
2015,35660,9,-0.001292
2015,35980,9,-0.000784
2015,36100,9,-6.8e-05
2015,36220,9,0.013458
2015,36420,9,0.003413
2015,36500,9,0.004815
2015,36540,9,0.002538
2015,36740,9,0.011067
2015,36780,9,0.000865
2015,36980,9,0.000125
2015,37100,9,-0.005006
2015,37340,9,-0.001115
2015,37860,9,0.001924
2015,38060,9,0.00429
2015,38300,9,-0.000281
2015,38340,9,-0.005156
2015,38860,9,0.003902
2015,38900,9,0.006705
2015,38940,9,0.000371
2015,39300,9,-0.000102
2015,39340,9,0.00551
2015,39380,9,-0.006132
2015,39460,9,0.004687
2015,39540,9,0.001367
2015,39580,9,0.013979
2015,39740,9,0.000388
2015,39820,9,-0.003055
2015,39900,9,0.004818
2015,40140,9,-0.000694
2015,40220,9,-0.005552
2015,40420,9,-0.002438
2015,40580,9,-0.009305
2015,40660,9,-0.006753
2015,40900,9,0.001327
2015,40980,9,-0.003984
2015,41060,9,-0.002337
2015,41100,9,0.020028
2015,41140,9,-0.009292
2015,41420,9,0.004632
2015,41500,9,-0.003557
2015,41700,9,0.005113
2015,41740,9,-0.000677
2015,41940,9,0.001381
2015,42020,9,-0.000605
2015,42100,9,-0.002384
2015,42140,9,-0.006068
2015,42220,9,-0.000809
2015,42340,9,0.005568
2015,42540,9,-0.002275
2015,42680,9,0.006052
2015,43100,9,0.001503
2015,43300,9,-0.003594
2015,43620,9,0.011719
2015,43780,9,0.001208
2015,44100,9,-0.002275
2015,44180,9,-1.5e-05
2015,44220,9,-0.001448
2015,44300,9,0.005263
2015,44700,9,0.001663
2015,45060,9,-0.001196
2015,45220,9,-0.001578
2015,45820,9,-0.007504
2015,45940,9,0.002278
2015,46060,9,-0.001503
2015,46140,9,-0.000261
2015,46340,9,-0.002673
2015,46540,9,-0.004495
2015,46660,9,-0.003646
2015,46700,9,0.002416
2015,47220,9,0.00173
2015,47300,9,-0.000258
2015,47940,9,-0.006205
2015,48300,9,0.00092
2015,48540,9,-0.013019
2015,48660,9,-0.008251
2015,48700,9,-0.003436
2015,49020,9,-0.002472
2015,49420,9,-0.005193
2015,49620,9,0.003691
2015,49660,9,-0.002602
2015,49700,9,-0.001323
2015,49740,9,-0.002603
2015,10180,10,-0.00427
2015,10420,10,0.001034
2015,10580,10,0.000192
2015,10740,10,-0.006334
2015,10780,10,-0.006567
2015,10900,10,0.003592
2015,11020,10,-0.003673
2015,11260,10,-0.005854
2015,11460,10,0.004079
2015,11500,10,-0.006158
2015,11540,10,0.005097
2015,11700,10,-0.000252
2015,12020,10,0.001196
2015,12100,10,-0.001272
2015,12220,10,0.010588
2015,12420,10,0.019176
2015,12540,10,0.000217
2015,12580,10,-0.006234
2015,12620,10,-0.001287
2015,12700,10,-0.000643
2015,12980,10,-1.3e-05
2015,13020,10,-0.003638
2015,13380,10,0.0007
2015,13460,10,0.017485
2015,13780,10,-0.002965
2015,14260,10,0.011111
2015,14500,10,-0.001787
2015,14740,10,-0.002756
2015,14860,10,0.002628
2015,15180,10,-0.002887
2015,15260,10,0.000985
2015,15380,10,0.000286
2015,15500,10,-0.000368
2015,15540,10,0.001976
2015,15940,10,0.001875
2015,15980,10,0.00781
2015,16180,10,-0.001293
2015,16220,10,-0.002467
2015,16300,10,-0.001709
2015,16700,10,0.01072
2015,16860,10,-0.005318
2015,16940,10,-0.002981
2015,17020,10,-0.000144
2015,17420,10,0.003004
2015,17660,10,0.011583
2015,17780,10,0.008147
2015,17820,10,0.001731
2015,17900,10,0.001758
2015,18020,10,0.005233
2015,18700,10,-0.002465
2015,19140,10,-0.003798
2015,19340,10,-0.002173
2015,19460,10,-0.004597
2015,19500,10,-0.006839
2015,19740,10,0.006024
2015,20020,10,-0.000221
2015,20100,10,0.00429
2015,20220,10,-0.004372
2015,20740,10,0.001459
2015,20940,10,-0.001414
2015,21140,10,0.004543
2015,21300,10,-0.00544
2015,21500,10,-0.001829
2015,21660,10,0.00077
2015,21820,10,-0.015604
2015,22020,10,0.015391
2015,22140,10,-0.020551
2015,22380,10,-0.002821
2015,22420,10,-0.00113
2015,22500,10,-0.005742
2015,22520,10,-0.001993
2015,22540,10,-0.000578
2015,22660,10,0.009861
2015,23420,10,0.000744
2015,23460,10,-0.007073
2015,23580,10,0.00584
2015,24020,10,-0.00227
2015,24140,10,-0.008167
2015,24220,10,0.004307
2015,24300,10,-0.00301
2015,24500,10,-0.011614
2015,24540,10,0.011903
2015,24580,10,0.005503
2015,24660,10,-0.001665
2015,25260,10,-0.007006
2015,25420,10,0.004429
2015,25500,10,-0.000321
2015,25540,10,-0.001726
2015,25860,10,-0.007802
2015,25980,10,0.003362
2015,26300,10,-0.007052
2015,26380,10,-0.003836
2015,26620,10,0.006908
2015,26980,10,0.005854
2015,27060,10,0.000604
2015,27100,10,0.001495
2015,27260,10,0.006512
2015,27340,10,0.005065
2015,27500,10,0.001745
2015,27620,10,-0.006985
2015,27740,10,-0.00019
2015,27780,10,-0.005145
2015,27860,10,-0.00107
2015,27900,10,-0.004972
2015,28100,10,-0.004491
2015,28420,10,0.005363
2015,28660,10,-0.001767
2015,28700,10,-0.010055
2015,28740,10,-0.001913
2015,29100,10,0.002807
2015,29340,10,0.000189
2015,29420,10,-0.006109
2015,29460,10,0.006685
2015,29540,10,0.003953
2015,29700,10,0.004553
2015,29740,10,-0.00579
2015,29820,10,0.007504
2015,29940,10,0.005052
2015,30140,10,0.004752
2015,30300,10,-0.009177
2015,30340,10,-0.000987
2015,30460,10,0.003617
2015,30620,10,-0.00218
2015,30700,10,0.003833
2015,30780,10,-0.00187
2015,30860,10,-0.0008
2015,31020,10,-0.001512
2015,31420,10,-0.007886
2015,31700,10,0.001894
2015,31900,10,-0.000365
2015,32580,10,0.003992
2015,32780,10,0.003666
2015,32900,10,-0.002736
2015,33140,10,0.000299
2015,33340,10,0.000324
2015,33540,10,-0.001952
2015,33700,10,-0.000709
2015,33780,10,8.2e-05
2015,33860,10,-0.003206
2015,34060,10,-0.006556
2015,34580,10,0.004028
2015,34620,10,2.5e-05
2015,34740,10,0.001762
2015,34900,10,-0.002173
2015,34940,10,0.010804
2015,35300,10,-0.002665
2015,35660,10,-0.001267
2015,35980,10,-0.000765
2015,36100,10,3.5e-05
2015,36220,10,0.013598
2015,36420,10,0.003519
2015,36500,10,0.004757
2015,36540,10,0.002473
2015,36740,10,0.011349
2015,36780,10,0.00078
2015,36980,10,5.2e-05
2015,37100,10,-0.005005
2015,37340,10,-0.001073
2015,37860,10,0.00203
2015,38060,10,0.004568
2015,38300,10,-0.000371
2015,38340,10,-0.005652
2015,38860,10,0.003911
2015,38900,10,0.006707
2015,38940,10,0.000446
2015,39300,10,-3.1e-05
2015,39340,10,0.005707
2015,39380,10,-0.006405
2015,39460,10,0.004842
2015,39540,10,0.001269
2015,39580,10,0.013743
2015,39740,10,0.000408
2015,39820,10,-0.003188
2015,39900,10,0.004793
2015,40140,10,-0.000843
2015,40220,10,-0.005511
2015,40420,10,-0.002613
2015,40580,10,-0.00951
2015,40660,10,-0.006826
2015,40900,10,0.001306
2015,40980,10,-0.003726
2015,41060,10,-0.002181
2015,41100,10,0.019852
2015,41140,10,-0.009048
2015,41420,10,0.004583
2015,41500,10,-0.003636
2015,41700,10,0.005156
2015,41740,10,-0.000526
2015,41940,10,0.001466
2015,42020,10,-0.000713
2015,42100,10,-0.002196
2015,42140,10,-0.005756
2015,42220,10,-0.000752
2015,42340,10,0.005623
2015,42540,10,-0.002289
2015,42680,10,0.006003
2015,43100,10,0.001171
2015,43300,10,-0.003501
2015,43620,10,0.011539
2015,43780,10,0.001217
2015,44100,10,-0.002519
2015,44180,10,0.000122
2015,44220,10,-0.001187
2015,44300,10,0.005442
2015,44700,10,0.00165
2015,45060,10,-0.00115
2015,45220,10,-0.001518
2015,45820,10,-0.00764
2015,45940,10,0.002485
2015,46060,10,-0.001411
2015,46140,10,-0.000235
2015,46340,10,-0.002416
2015,46540,10,-0.004322
2015,46660,10,-0.00376
2015,46700,10,0.002347
2015,47220,10,0.001785
2015,47300,10,-0.000383
2015,47940,10,-0.006049
2015,48300,10,0.000797
2015,48540,10,-0.012903
2015,48660,10,-0.008114
2015,48700,10,-0.003678
2015,49020,10,-0.002463
2015,49420,10,-0.005246
2015,49620,10,0.003691
2015,49660,10,-0.002706
2015,49700,10,-0.001477
2015,49740,10,-0.00261
2015,10180,11,-0.004172
2015,10420,11,0.00076
2015,10580,11,4.9e-05
2015,10740,11,-0.006517
2015,10780,11,-0.006494
2015,10900,11,0.003638
2015,11020,11,-0.004169
2015,11260,11,-0.006118
2015,11460,11,0.003684
2015,11500,11,-0.005816
2015,11540,11,0.005017
2015,11700,11,0.000344
2015,12020,11,0.000471
2015,12100,11,-0.000827
2015,12220,11,0.010269
2015,12420,11,0.020126
2015,12540,11,0.000912
2015,12580,11,-0.005723
2015,12620,11,-0.001179
2015,12700,11,-0.000335
2015,12980,11,-8e-05
2015,13020,11,-0.003553
2015,13380,11,0.000612
2015,13460,11,0.017483
2015,13780,11,-0.002386
2015,14260,11,0.010648
2015,14500,11,-0.002254
2015,14740,11,-0.002846
2015,14860,11,0.001919
2015,15180,11,-0.003399
2015,15260,11,0.000494
2015,15380,11,4.4e-05
2015,15500,11,-0.000734
2015,15540,11,0.002345
2015,15940,11,0.001452
2015,15980,11,0.008193
2015,16180,11,-0.002082
2015,16220,11,-0.001449
2015,16300,11,-0.001614
2015,16700,11,0.011103
2015,16860,11,-0.005563
2015,16940,11,-0.002565
2015,17020,11,6.9e-05
2015,17420,11,0.00298
2015,17660,11,0.012337
2015,17780,11,0.008726
2015,17820,11,0.001208
2015,17900,11,0.001571
2015,18020,11,0.005046
2015,18700,11,-0.004309
2015,19140,11,-0.003619
2015,19340,11,-0.001851
2015,19460,11,-0.004699
2015,19500,11,-0.005364
2015,19740,11,0.005755
2015,20020,11,-0.000849
2015,20100,11,0.004491
2015,20220,11,-0.004244
2015,20740,11,0.001932
2015,20940,11,-0.001373
2015,21140,11,0.004559
2015,21300,11,-0.006583
2015,21500,11,-0.002289
2015,21660,11,0.000148
2015,21820,11,-0.016547
2015,22020,11,0.016839
2015,22140,11,-0.020071
2015,22380,11,-0.003191
2015,22420,11,-0.001602
2015,22500,11,-0.005985
2015,22520,11,-0.002155
2015,22540,11,-0.000385
2015,22660,11,0.009969
2015,23420,11,0.001108
2015,23460,11,-0.007088
2015,23580,11,0.004468
2015,24020,11,-0.001607
2015,24140,11,-0.008595
2015,24220,11,0.005306
2015,24300,11,-0.003231
2015,24500,11,-0.011161
2015,24540,11,0.011783
2015,24580,11,0.005424
2015,24660,11,-0.002169
2015,25260,11,-0.006858
2015,25420,11,0.003905
2015,25500,11,0.000342
2015,25540,11,-0.002063
2015,25860,11,-0.007912
2015,25980,11,0.002781
2015,26300,11,-0.007576
2015,26380,11,-0.003303
2015,26620,11,0.007161
2015,26980,11,0.005618
2015,27060,11,0.000768
2015,27100,11,0.001148
2015,27260,11,0.006525
2015,27340,11,0.00516
2015,27500,11,0.001859
2015,27620,11,-0.007367
2015,27740,11,0.000479
2015,27780,11,-0.004937
2015,27860,11,-0.001733
2015,27900,11,-0.005483
2015,28100,11,-0.004183
2015,28420,11,0.004778
2015,28660,11,-0.002024
2015,28700,11,-0.009992
2015,28740,11,-0.000852
2015,29100,11,0.003552
2015,29340,11,0.00074
2015,29420,11,-0.005635
2015,29460,11,0.006515
2015,29540,11,0.003624
2015,29700,11,0.004403
2015,29740,11,-0.005703
2015,29820,11,0.007835
2015,29940,11,0.004999
2015,30140,11,0.004817
2015,30300,11,-0.009419
2015,30340,11,-0.000911
2015,30460,11,0.003726
2015,30620,11,-0.001833
2015,30700,11,0.003281
2015,30780,11,-0.002096
2015,30860,11,-0.001304
2015,31020,11,-0.00185
2015,31420,11,-0.008895
2015,31700,11,0.001629
2015,31900,11,-0.000601
2015,32580,11,0.003767
2015,32780,11,0.003056
2015,32900,11,-0.001719
2015,33140,11,0.000471
2015,33340,11,0.000573
2015,33540,11,-0.001515
2015,33700,11,0.000118
2015,33780,11,-0.000566
2015,33860,11,-0.003641
2015,34060,11,-0.006371
2015,34580,11,0.003544
2015,34620,11,-0.001142
2015,34740,11,0.000801
2015,34900,11,-0.002119
2015,34940,11,0.012076
2015,35300,11,-0.002915
2015,35660,11,-0.001156
2015,35980,11,-0.000899
2015,36100,11,-9.5e-05
2015,36220,11,0.014102
2015,36420,11,0.003366
2015,36500,11,0.004473
2015,36540,11,0.002389
2015,36740,11,0.011156
2015,36780,11,0.001155
2015,36980,11,0.00012
2015,37100,11,-0.004475
2015,37340,11,-0.000654
2015,37860,11,0.001913
2015,38060,11,0.004512
2015,38300,11,-0.000426
2015,38340,11,-0.004594
2015,38860,11,0.003925
2015,38900,11,0.006407
2015,38940,11,0.001183
2015,39300,11,-1e-06
2015,39340,11,0.005109
2015,39380,11,-0.006506
2015,39460,11,0.005036
2015,39540,11,0.001643
2015,39580,11,0.013852
2015,39740,11,0.000231
2015,39820,11,-0.002872
2015,39900,11,0.004945
2015,40140,11,0.00037
2015,40220,11,-0.005673
2015,40420,11,-0.002354
2015,40580,11,-0.00981
2015,40660,11,-0.007264
2015,40900,11,0.001449
2015,40980,11,-0.004586
2015,41060,11,-0.002465
2015,41100,11,0.020333
2015,41140,11,-0.009689
2015,41420,11,0.00384
2015,41500,11,-0.003182
2015,41700,11,0.005188
2015,41740,11,-0.000302
2015,41940,11,0.001616
2015,42020,11,-0.000241
2015,42100,11,-0.002637
2015,42140,11,-0.006509
2015,42220,11,-0.000834
2015,42340,11,0.005433
2015,42540,11,-0.002528
2015,42680,11,0.006397
2015,43100,11,0.001927
2015,43300,11,-0.003963
2015,43620,11,0.011954
2015,43780,11,0.001194
2015,44100,11,-0.001795
2015,44180,11,-0.000332
2015,44220,11,-0.00193
2015,44300,11,0.005122
2015,44700,11,0.002005
2015,45060,11,-0.001428
2015,45220,11,-0.001573
2015,45820,11,-0.00749
2015,45940,11,0.002391
2015,46060,11,-0.001572
2015,46140,11,-0.000532
2015,46340,11,-0.003035
2015,46540,11,-0.004676
2015,46660,11,-0.003848
2015,46700,11,0.002834
2015,47220,11,0.001852
2015,47300,11,-6e-06
2015,47940,11,-0.006243
2015,48300,11,0.000613
2015,48540,11,-0.013315
2015,48660,11,-0.008493
2015,48700,11,-0.003119
2015,49020,11,-0.001836
2015,49420,11,-0.006004
2015,49620,11,0.003523
2015,49660,11,-0.00272
2015,49700,11,-0.000991
2015,49740,11,-0.00257
2015,10180,12,-0.004384
2015,10420,12,0.001456
2015,10580,12,-0.000184
2015,10740,12,-0.006015
2015,10780,12,-0.006696
2015,10900,12,0.003678
2015,11020,12,-0.003616
2015,11260,12,-0.005355
2015,11460,12,0.003823
2015,11500,12,-0.00609
2015,11540,12,0.004852
2015,11700,12,-0.000312
2015,12020,12,0.001674
2015,12100,12,-0.001994
2015,12220,12,0.010889
2015,12420,12,0.018433
2015,12540,12,-0.000774
2015,12580,12,-0.007258
2015,12620,12,-0.001034
2015,12700,12,-0.001228
2015,12980,12,0.000278
2015,13020,12,-0.003391
2015,13380,12,0.000914
2015,13460,12,0.017085
2015,13780,12,-0.002759
2015,14260,12,0.011046
2015,14500,12,-0.001471
2015,14740,12,-0.002272
2015,14860,12,0.002766
2015,15180,12,-0.002508
2015,15260,12,0.001472
2015,15380,12,0.000527
2015,15500,12,0.000656
2015,15540,12,0.00144
2015,15940,12,0.002165
2015,15980,12,0.006089
2015,16180,12,-0.001055
2015,16220,12,-0.003622
2015,16300,12,-0.001347
2015,16700,12,0.010368
2015,16860,12,-0.005052
2015,16940,12,-0.003406
2015,17020,12,-3.7e-05
2015,17420,12,0.003027
2015,17660,12,0.011181
2015,17780,12,0.007841
2015,17820,12,0.002252
2015,17900,12,0.002357
2015,18020,12,0.005048
2015,18700,12,-0.001876
2015,19140,12,-0.002728
2015,19340,12,-0.002633
2015,19460,12,-0.004379
2015,19500,12,-0.007228
2015,19740,12,0.006367
2015,20020,12,-0.000113
2015,20100,12,0.004192
2015,20220,12,-0.004447
2015,20740,12,0.000768
2015,20940,12,-0.002117
2015,21140,12,0.004749
2015,21300,12,-0.005475
2015,21500,12,-0.001487
2015,21660,12,0.001583
2015,21820,12,-0.014957
2015,22020,12,0.014211
2015,22140,12,-0.020845
2015,22380,12,-0.00298
2015,22420,12,-0.000862
2015,22500,12,-0.005262
2015,22520,12,-0.002046
2015,22540,12,-0.000854
2015,22660,12,0.010122
2015,23420,12,0.000156
2015,23460,12,-0.007216
2015,23580,12,0.007102
2015,24020,12,-0.003039
2015,24140,12,-0.007823
2015,24220,12,0.002798
2015,24300,12,-0.002619
2015,24500,12,-0.01148
2015,24540,12,0.012598
2015,24580,12,0.005377
2015,24660,12,-0.000708
2015,25260,12,-0.007219
2015,25420,12,0.004889
2015,25500,12,-0.000522
2015,25540,12,-0.001416
2015,25860,12,-0.006976
2015,25980,12,0.004073
2015,26300,12,-0.006835
2015,26380,12,-0.004193
2015,26620,12,0.006806
2015,26980,12,0.005935
2015,27060,12,0.000271
2015,27100,12,0.001904
2015,27260,12,0.006225
2015,27340,12,0.004556
2015,27500,12,0.001801
2015,27620,12,-0.006731
2015,27740,12,-0.000745
2015,27780,12,-0.005038
2015,27860,12,-0.000612
2015,27900,12,-0.004851
2015,28100,12,-0.004595
2015,28420,12,0.006162
2015,28660,12,-0.001562
2015,28700,12,-0.009954
2015,28740,12,-0.002309
2015,29100,12,0.002001
2015,29340,12,-0.000195
2015,29420,12,-0.006961
2015,29460,12,0.006765
2015,29540,12,0.00434
2015,29700,12,0.004537
2015,29740,12,-0.00539
2015,29820,12,0.006701
2015,29940,12,0.005204
2015,30140,12,0.00507
2015,30300,12,-0.009049
2015,30340,12,-0.000853
2015,30460,12,0.003647
2015,30620,12,-0.00225
2015,30700,12,0.004159
2015,30780,12,-0.001614
2015,30860,12,-0.000115
2015,31020,12,-0.00021
2015,31420,12,-0.006924
2015,31700,12,0.002072
2015,31900,12,0.000202
2015,32580,12,0.00445
2015,32780,12,0.004106
2015,32900,12,-0.004216
2015,33140,12,0.000269
2015,33340,12,-9e-05
2015,33540,12,-0.002403
2015,33700,12,-0.001495
2015,33780,12,0.000279
2015,33860,12,-0.002996
2015,34060,12,-0.006834
2015,34580,12,0.00516
2015,34620,12,7.9e-05
2015,34740,12,0.002247
2015,34900,12,-0.002727
2015,34940,12,0.00868
2015,35300,12,-0.002592
2015,35660,12,-0.001469
2015,35980,12,-0.000516
2015,36100,12,0.000105
2015,36220,12,0.01243
2015,36420,12,0.003422
2015,36500,12,0.005748
2015,36540,12,0.00281
2015,36740,12,0.010699
2015,36780,12,0.000584
2015,36980,12,-0.00015
2015,37100,12,-0.005778
2015,37340,12,-0.001885
2015,37860,12,0.001984
2015,38060,12,0.003589
2015,38300,12,-0.00022
2015,38340,12,-0.005673
2015,38860,12,0.003736
2015,38900,12,0.007059
2015,38940,12,-0.001017
2015,39300,12,-0.000247
2015,39340,12,0.005935
2015,39380,12,-0.005207
2015,39460,12,0.004089
2015,39540,12,0.001206
2015,39580,12,0.014062
2015,39740,12,0.000795
2015,39820,12,-0.003124
2015,39900,12,0.004431
2015,40140,12,-0.002377
2015,40220,12,-0.005246
2015,40420,12,-0.002238
2015,40580,12,-0.008555
2015,40660,12,-0.005905
2015,40900,12,0.00105
2015,40980,12,-0.003383
2015,41060,12,-0.002082
2015,41100,12,0.019124
2015,41140,12,-0.008653
2015,41420,12,0.006047
2015,41500,12,-0.004026
2015,41700,12,0.005225
2015,41740,12,-0.001325
2015,41940,12,0.00071
2015,42020,12,-0.000983
2015,42100,12,-0.002042
2015,42140,12,-0.005173
2015,42220,12,-0.000945
2015,42340,12,0.005913
2015,42540,12,-0.001805
2015,42680,12,0.005569
2015,43100,12,0.001166
2015,43300,12,-0.002996
2015,43620,12,0.0114
2015,43780,12,0.001185
2015,44100,12,-0.002903
2015,44180,12,0.000549
2015,44220,12,-0.000887
2015,44300,12,0.005253
2015,44700,12,0.000695
2015,45060,12,-0.000869
2015,45220,12,-0.001595
2015,45820,12,-0.007316
2015,45940,12,0.002087
2015,46060,12,-0.001397
2015,46140,12,0.000104
2015,46340,12,-0.002058
2015,46540,12,-0.004262
2015,46660,12,-0.00329
2015,46700,12,0.001562
2015,47220,12,0.001672
2015,47300,12,-0.000512
2015,47940,12,-0.00616
2015,48300,12,0.00167
2015,48540,12,-0.012826
2015,48660,12,-0.007817
2015,48700,12,-0.003889
2015,49020,12,-0.003456
2015,49420,12,-0.003707
2015,49620,12,0.004086
2015,49660,12,-0.00246
2015,49700,12,-0.001837
2015,49740,12,-0.002628
2015,10180,13,-0.00427
2015,10420,13,0.001034
2015,10580,13,0.000192
2015,10740,13,-0.006334
2015,10780,13,-0.006567
2015,10900,13,0.003592
2015,11020,13,-0.003673
2015,11260,13,-0.005854
2015,11460,13,0.004079
2015,11500,13,-0.006158
2015,11540,13,0.005097
2015,11700,13,-0.000252
2015,12020,13,0.001196
2015,12100,13,-0.001272
2015,12220,13,0.010588
2015,12420,13,0.019176
2015,12540,13,0.000217
2015,12580,13,-0.006234
2015,12620,13,-0.001287
2015,12700,13,-0.000643
2015,12980,13,-1.3e-05
2015,13020,13,-0.003638
2015,13380,13,0.0007
2015,13460,13,0.017485
2015,13780,13,-0.002965
2015,14260,13,0.011111
2015,14500,13,-0.001787
2015,14740,13,-0.002756
2015,14860,13,0.002628
2015,15180,13,-0.002887
2015,15260,13,0.000985
2015,15380,13,0.000286
2015,15500,13,-0.000368
2015,15540,13,0.001976
2015,15940,13,0.001875
2015,15980,13,0.00781
2015,16180,13,-0.001293
2015,16220,13,-0.002467
2015,16300,13,-0.001709
2015,16700,13,0.01072
2015,16860,13,-0.005318
2015,16940,13,-0.002981
2015,17020,13,-0.000144
2015,17420,13,0.003004
2015,17660,13,0.011583
2015,17780,13,0.008147
2015,17820,13,0.001731
2015,17900,13,0.001758
2015,18020,13,0.005233
2015,18700,13,-0.002465
2015,19140,13,-0.003798
2015,19340,13,-0.002173
2015,19460,13,-0.004597
2015,19500,13,-0.006839
2015,19740,13,0.006024
2015,20020,13,-0.000221
2015,20100,13,0.00429
2015,20220,13,-0.004372
2015,20740,13,0.001459
2015,20940,13,-0.001414
2015,21140,13,0.004543
2015,21300,13,-0.00544
2015,21500,13,-0.001829
2015,21660,13,0.00077
2015,21820,13,-0.015604
2015,22020,13,0.015391
2015,22140,13,-0.020551
2015,22380,13,-0.002821
2015,22420,13,-0.00113
2015,22500,13,-0.005742
2015,22520,13,-0.001993
2015,22540,13,-0.000578
2015,22660,13,0.009861
2015,23420,13,0.000744
2015,23460,13,-0.007073
2015,23580,13,0.00584
2015,24020,13,-0.00227
2015,24140,13,-0.008167
2015,24220,13,0.004307
2015,24300,13,-0.00301
2015,24500,13,-0.011614
2015,24540,13,0.011903
2015,24580,13,0.005503
2015,24660,13,-0.001665
2015,25260,13,-0.007006
2015,25420,13,0.004429
2015,25500,13,-0.000321
2015,25540,13,-0.001726
2015,25860,13,-0.007802
2015,25980,13,0.003362
2015,26300,13,-0.007052
2015,26380,13,-0.003836
2015,26620,13,0.006908
2015,26980,13,0.005854
2015,27060,13,0.000604
2015,27100,13,0.001495
2015,27260,13,0.006512
2015,27340,13,0.005065
2015,27500,13,0.001745
2015,27620,13,-0.006985
2015,27740,13,-0.00019
2015,27780,13,-0.005145
2015,27860,13,-0.00107
2015,27900,13,-0.004972
2015,28100,13,-0.004491
2015,28420,13,0.005363
2015,28660,13,-0.001767
2015,28700,13,-0.010055
2015,28740,13,-0.001913
2015,29100,13,0.002807
2015,29340,13,0.000189
2015,29420,13,-0.006109
2015,29460,13,0.006685
2015,29540,13,0.003953
2015,29700,13,0.004553
2015,29740,13,-0.00579
2015,29820,13,0.007504
2015,29940,13,0.005052
2015,30140,13,0.004752
2015,30300,13,-0.009177
2015,30340,13,-0.000987
2015,30460,13,0.003617
2015,30620,13,-0.00218
2015,30700,13,0.003833
2015,30780,13,-0.00187
2015,30860,13,-0.0008
2015,31020,13,-0.001512
2015,31420,13,-0.007886
2015,31700,13,0.001894
2015,31900,13,-0.000365
2015,32580,13,0.003992
2015,32780,13,0.003666
2015,32900,13,-0.002736
2015,33140,13,0.000299
2015,33340,13,0.000324
2015,33540,13,-0.001952
2015,33700,13,-0.000709
2015,33780,13,8.2e-05
2015,33860,13,-0.003206
2015,34060,13,-0.006556
2015,34580,13,0.004028
2015,34620,13,2.5e-05
2015,34740,13,0.001762
2015,34900,13,-0.002173
2015,34940,13,0.010804
2015,35300,13,-0.002665
2015,35660,13,-0.001267
2015,35980,13,-0.000765
2015,36100,13,3.5e-05
2015,36220,13,0.013598
2015,36420,13,0.003519
2015,36500,13,0.004757
2015,36540,13,0.002473
2015,36740,13,0.011349
2015,36780,13,0.00078
2015,36980,13,5.2e-05
2015,37100,13,-0.005005
2015,37340,13,-0.001073
2015,37860,13,0.00203
2015,38060,13,0.004568
2015,38300,13,-0.000371
2015,38340,13,-0.005652
2015,38860,13,0.003911
2015,38900,13,0.006707
2015,38940,13,0.000446
2015,39300,13,-3.1e-05
2015,39340,13,0.005707
2015,39380,13,-0.006405
2015,39460,13,0.004842
2015,39540,13,0.001269
2015,39580,13,0.013743
2015,39740,13,0.000408
2015,39820,13,-0.003188
2015,39900,13,0.004793
2015,40140,13,-0.000843
2015,40220,13,-0.005511
2015,40420,13,-0.002613
2015,40580,13,-0.00951
2015,40660,13,-0.006826
2015,40900,13,0.001306
2015,40980,13,-0.003726
2015,41060,13,-0.002181
2015,41100,13,0.019852
2015,41140,13,-0.009048
2015,41420,13,0.004583
2015,41500,13,-0.003636
2015,41700,13,0.005156
2015,41740,13,-0.000526
2015,41940,13,0.001466
2015,42020,13,-0.000713
2015,42100,13,-0.002196
2015,42140,13,-0.005756
2015,42220,13,-0.000752
2015,42340,13,0.005623
2015,42540,13,-0.002289
2015,42680,13,0.006003
2015,43100,13,0.001171
2015,43300,13,-0.003501
2015,43620,13,0.011539
2015,43780,13,0.001217
2015,44100,13,-0.002519
2015,44180,13,0.000122
2015,44220,13,-0.001187
2015,44300,13,0.005442
2015,44700,13,0.00165
2015,45060,13,-0.00115
2015,45220,13,-0.001518
2015,45820,13,-0.00764
2015,45940,13,0.002485
2015,46060,13,-0.001411
2015,46140,13,-0.000235
2015,46340,13,-0.002416
2015,46540,13,-0.004322
2015,46660,13,-0.00376
2015,46700,13,0.002347
2015,47220,13,0.001785
2015,47300,13,-0.000383
2015,47940,13,-0.006049
2015,48300,13,0.000797
2015,48540,13,-0.012903
2015,48660,13,-0.008114
2015,48700,13,-0.003678
2015,49020,13,-0.002463
2015,49420,13,-0.005246
2015,49620,13,0.003691
2015,49660,13,-0.002706
2015,49700,13,-0.001477
2015,49740,13,-0.00261
2015,10180,14,-0.004172
2015,10420,14,0.00076
2015,10580,14,4.9e-05
2015,10740,14,-0.006517
2015,10780,14,-0.006494
2015,10900,14,0.003638
2015,11020,14,-0.004169
2015,11260,14,-0.006118
2015,11460,14,0.003684
2015,11500,14,-0.005816
2015,11540,14,0.005017
2015,11700,14,0.000344
2015,12020,14,0.000471
2015,12100,14,-0.000827
2015,12220,14,0.010269
2015,12420,14,0.020126
2015,12540,14,0.000912
2015,12580,14,-0.005723
2015,12620,14,-0.001179
2015,12700,14,-0.000335
2015,12980,14,-8e-05
2015,13020,14,-0.003553
2015,13380,14,0.000612
2015,13460,14,0.017483
2015,13780,14,-0.002386
2015,14260,14,0.010648
2015,14500,14,-0.002254
2015,14740,14,-0.002846
2015,14860,14,0.001919
2015,15180,14,-0.003399
2015,15260,14,0.000494
2015,15380,14,4.4e-05
2015,15500,14,-0.000734
2015,15540,14,0.002345
2015,15940,14,0.001452
2015,15980,14,0.008193
2015,16180,14,-0.002082
2015,16220,14,-0.001449
2015,16300,14,-0.001614
2015,16700,14,0.011103
2015,16860,14,-0.005563
2015,16940,14,-0.002565
2015,17020,14,6.9e-05
2015,17420,14,0.00298
2015,17660,14,0.012337
2015,17780,14,0.008726
2015,17820,14,0.001208
2015,17900,14,0.001571
2015,18020,14,0.005046
2015,18700,14,-0.004309
2015,19140,14,-0.003619
2015,19340,14,-0.001851
2015,19460,14,-0.004699
2015,19500,14,-0.005364
2015,19740,14,0.005755
2015,20020,14,-0.000849
2015,20100,14,0.004491
2015,20220,14,-0.004244
2015,20740,14,0.001932
2015,20940,14,-0.001373
2015,21140,14,0.004559
2015,21300,14,-0.006583
2015,21500,14,-0.002289
2015,21660,14,0.000148
2015,21820,14,-0.016547
2015,22020,14,0.016839
2015,22140,14,-0.020071
2015,22380,14,-0.003191
2015,22420,14,-0.001602
2015,22500,14,-0.005985
2015,22520,14,-0.002155
2015,22540,14,-0.000385
2015,22660,14,0.009969
2015,23420,14,0.001108
2015,23460,14,-0.007088
2015,23580,14,0.004468
2015,24020,14,-0.001607
2015,24140,14,-0.008595
2015,24220,14,0.005306
2015,24300,14,-0.003231
2015,24500,14,-0.011161
2015,24540,14,0.011783
2015,24580,14,0.005424
2015,24660,14,-0.002169
2015,25260,14,-0.006858
2015,25420,14,0.003905
2015,25500,14,0.000342
2015,25540,14,-0.002063
2015,25860,14,-0.007912
2015,25980,14,0.002781
2015,26300,14,-0.007576
2015,26380,14,-0.003303
2015,26620,14,0.007161
2015,26980,14,0.005618
2015,27060,14,0.000768
2015,27100,14,0.001148
2015,27260,14,0.006525
2015,27340,14,0.00516
2015,27500,14,0.001859
2015,27620,14,-0.007367
2015,27740,14,0.000479
2015,27780,14,-0.004937
2015,27860,14,-0.001733
2015,27900,14,-0.005483
2015,28100,14,-0.004183
2015,28420,14,0.004778
2015,28660,14,-0.002024
2015,28700,14,-0.009992
2015,28740,14,-0.000852
2015,29100,14,0.003552
2015,29340,14,0.00074
2015,29420,14,-0.005635
2015,29460,14,0.006515
2015,29540,14,0.003624
2015,29700,14,0.004403
2015,29740,14,-0.005703
2015,29820,14,0.007835
2015,29940,14,0.004999
2015,30140,14,0.004817
2015,30300,14,-0.009419
2015,30340,14,-0.000911
2015,30460,14,0.003726
2015,30620,14,-0.001833
2015,30700,14,0.003281
2015,30780,14,-0.002096
2015,30860,14,-0.001304
2015,31020,14,-0.00185
2015,31420,14,-0.008895
2015,31700,14,0.001629
2015,31900,14,-0.000601
2015,32580,14,0.003767
2015,32780,14,0.003056
2015,32900,14,-0.001719
2015,33140,14,0.000471
2015,33340,14,0.000573
2015,33540,14,-0.001515
2015,33700,14,0.000118
2015,33780,14,-0.000566
2015,33860,14,-0.003641
2015,34060,14,-0.006371
2015,34580,14,0.003544
2015,34620,14,-0.001142
2015,34740,14,0.000801
2015,34900,14,-0.002119
2015,34940,14,0.012076
2015,35300,14,-0.002915
2015,35660,14,-0.001156
2015,35980,14,-0.000899
2015,36100,14,-9.5e-05
2015,36220,14,0.014102
2015,36420,14,0.003366
2015,36500,14,0.004473
2015,36540,14,0.002389
2015,36740,14,0.011156
2015,36780,14,0.001155
2015,36980,14,0.00012
2015,37100,14,-0.004475
2015,37340,14,-0.000654
2015,37860,14,0.001913
2015,38060,14,0.004512
2015,38300,14,-0.000426
2015,38340,14,-0.004594
2015,38860,14,0.003925
2015,38900,14,0.006407
2015,38940,14,0.001183
2015,39300,14,-1e-06
2015,39340,14,0.005109
2015,39380,14,-0.006506
2015,39460,14,0.005036
2015,39540,14,0.001643
2015,39580,14,0.013852
2015,39740,14,0.000231
2015,39820,14,-0.002872
2015,39900,14,0.004945
2015,40140,14,0.00037
2015,40220,14,-0.005673
2015,40420,14,-0.002354
2015,40580,14,-0.00981
2015,40660,14,-0.007264
2015,40900,14,0.001449
2015,40980,14,-0.004586
2015,41060,14,-0.002465
2015,41100,14,0.020333
2015,41140,14,-0.009689
2015,41420,14,0.00384
2015,41500,14,-0.003182
2015,41700,14,0.005188
2015,41740,14,-0.000302
2015,41940,14,0.001616
2015,42020,14,-0.000241
2015,42100,14,-0.002637
2015,42140,14,-0.006509
2015,42220,14,-0.000834
2015,42340,14,0.005433
2015,42540,14,-0.002528
2015,42680,14,0.006397
2015,43100,14,0.001927
2015,43300,14,-0.003963
2015,43620,14,0.011954
2015,43780,14,0.001194
2015,44100,14,-0.001795
2015,44180,14,-0.000332
2015,44220,14,-0.00193
2015,44300,14,0.005122
2015,44700,14,0.002005
2015,45060,14,-0.001428
2015,45220,14,-0.001573
2015,45820,14,-0.00749
2015,45940,14,0.002391
2015,46060,14,-0.001572
2015,46140,14,-0.000532
2015,46340,14,-0.003035
2015,46540,14,-0.004676
2015,46660,14,-0.003848
2015,46700,14,0.002834
2015,47220,14,0.001852
2015,47300,14,-6e-06
2015,47940,14,-0.006243
2015,48300,14,0.000613
2015,48540,14,-0.013315
2015,48660,14,-0.008493
2015,48700,14,-0.003119
2015,49020,14,-0.001836
2015,49420,14,-0.006004
2015,49620,14,0.003523
2015,49660,14,-0.00272
2015,49700,14,-0.000991
2015,49740,14,-0.00257
2015,10180,15,-0.00427
2015,10420,15,0.001034
2015,10580,15,0.000192
2015,10740,15,-0.006334
2015,10780,15,-0.006567
2015,10900,15,0.003592
2015,11020,15,-0.003673
2015,11260,15,-0.005854
2015,11460,15,0.004079
2015,11500,15,-0.006158
2015,11540,15,0.005097
2015,11700,15,-0.000252
2015,12020,15,0.001196
2015,12100,15,-0.001272
2015,12220,15,0.010588
2015,12420,15,0.019176
2015,12540,15,0.000217
2015,12580,15,-0.006234
2015,12620,15,-0.001287
2015,12700,15,-0.000643
2015,12980,15,-1.3e-05
2015,13020,15,-0.003638
2015,13380,15,0.0007
2015,13460,15,0.017485
2015,13780,15,-0.002965
2015,14260,15,0.011111
2015,14500,15,-0.001787
2015,14740,15,-0.002756
2015,14860,15,0.002628
2015,15180,15,-0.002887
2015,15260,15,0.000985
2015,15380,15,0.000286
2015,15500,15,-0.000368
2015,15540,15,0.001976
2015,15940,15,0.001875
2015,15980,15,0.00781
2015,16180,15,-0.001293
2015,16220,15,-0.002467
2015,16300,15,-0.001709
2015,16700,15,0.01072
2015,16860,15,-0.005318
2015,16940,15,-0.002981
2015,17020,15,-0.000144
2015,17420,15,0.003004
2015,17660,15,0.011583
2015,17780,15,0.008147
2015,17820,15,0.001731
2015,17900,15,0.001758
2015,18020,15,0.005233
2015,18700,15,-0.002465
2015,19140,15,-0.003798
2015,19340,15,-0.002173
2015,19460,15,-0.004597
2015,19500,15,-0.006839
2015,19740,15,0.006024
2015,20020,15,-0.000221
2015,20100,15,0.00429
2015,20220,15,-0.004372
2015,20740,15,0.001459
2015,20940,15,-0.001414
2015,21140,15,0.004543
2015,21300,15,-0.00544
2015,21500,15,-0.001829
2015,21660,15,0.00077
2015,21820,15,-0.015604
2015,22020,15,0.015391
2015,22140,15,-0.020551
2015,22380,15,-0.002821
2015,22420,15,-0.00113
2015,22500,15,-0.005742
2015,22520,15,-0.001993
2015,22540,15,-0.000578
2015,22660,15,0.009861
2015,23420,15,0.000744
2015,23460,15,-0.007073
2015,23580,15,0.00584
2015,24020,15,-0.00227
2015,24140,15,-0.008167
2015,24220,15,0.004307
2015,24300,15,-0.00301
2015,24500,15,-0.011614
2015,24540,15,0.011903
2015,24580,15,0.005503
2015,24660,15,-0.001665
2015,25260,15,-0.007006
2015,25420,15,0.004429
2015,25500,15,-0.000321
2015,25540,15,-0.001726
2015,25860,15,-0.007802
2015,25980,15,0.003362
2015,26300,15,-0.007052
2015,26380,15,-0.003836
2015,26620,15,0.006908
2015,26980,15,0.005854
2015,27060,15,0.000604
2015,27100,15,0.001495
2015,27260,15,0.006512
2015,27340,15,0.005065
2015,27500,15,0.001745
2015,27620,15,-0.006985
2015,27740,15,-0.00019
2015,27780,15,-0.005145
2015,27860,15,-0.00107
2015,27900,15,-0.004972
2015,28100,15,-0.004491
2015,28420,15,0.005363
2015,28660,15,-0.001767
2015,28700,15,-0.010055
2015,28740,15,-0.001913
2015,29100,15,0.002807
2015,29340,15,0.000189
2015,29420,15,-0.006109
2015,29460,15,0.006685
2015,29540,15,0.003953
2015,29700,15,0.004553
2015,29740,15,-0.00579
2015,29820,15,0.007504
2015,29940,15,0.005052
2015,30140,15,0.004752
2015,30300,15,-0.009177
2015,30340,15,-0.000987
2015,30460,15,0.003617
2015,30620,15,-0.00218
2015,30700,15,0.003833
2015,30780,15,-0.00187
2015,30860,15,-0.0008
2015,31020,15,-0.001512
2015,31420,15,-0.007886
2015,31700,15,0.001894
2015,31900,15,-0.000365
2015,32580,15,0.003992
2015,32780,15,0.003666
2015,32900,15,-0.002736
2015,33140,15,0.000299
2015,33340,15,0.000324
2015,33540,15,-0.001952
2015,33700,15,-0.000709
2015,33780,15,8.2e-05
2015,33860,15,-0.003206
2015,34060,15,-0.006556
2015,34580,15,0.004028
2015,34620,15,2.5e-05
2015,34740,15,0.001762
2015,34900,15,-0.002173
2015,34940,15,0.010804
2015,35300,15,-0.002665
2015,35660,15,-0.001267
2015,35980,15,-0.000765
2015,36100,15,3.5e-05
2015,36220,15,0.013598
2015,36420,15,0.003519
2015,36500,15,0.004757
2015,36540,15,0.002473
2015,36740,15,0.011349
2015,36780,15,0.00078
2015,36980,15,5.2e-05
2015,37100,15,-0.005005
2015,37340,15,-0.001073
2015,37860,15,0.00203
2015,38060,15,0.004568
2015,38300,15,-0.000371
2015,38340,15,-0.005652
2015,38860,15,0.003911
2015,38900,15,0.006707
2015,38940,15,0.000446
2015,39300,15,-3.1e-05
2015,39340,15,0.005707
2015,39380,15,-0.006405
2015,39460,15,0.004842
2015,39540,15,0.001269
2015,39580,15,0.013743
2015,39740,15,0.000408
2015,39820,15,-0.003188
2015,39900,15,0.004793
2015,40140,15,-0.000843
2015,40220,15,-0.005511
2015,40420,15,-0.002613
2015,40580,15,-0.00951
2015,40660,15,-0.006826
2015,40900,15,0.001306
2015,40980,15,-0.003726
2015,41060,15,-0.002181
2015,41100,15,0.019852
2015,41140,15,-0.009048
2015,41420,15,0.004583
2015,41500,15,-0.003636
2015,41700,15,0.005156
2015,41740,15,-0.000526
2015,41940,15,0.001466
2015,42020,15,-0.000713
2015,42100,15,-0.002196
2015,42140,15,-0.005756
2015,42220,15,-0.000752
2015,42340,15,0.005623
2015,42540,15,-0.002289
2015,42680,15,0.006003
2015,43100,15,0.001171
2015,43300,15,-0.003501
2015,43620,15,0.011539
2015,43780,15,0.001217
2015,44100,15,-0.002519
2015,44180,15,0.000122
2015,44220,15,-0.001187
2015,44300,15,0.005442
2015,44700,15,0.00165
2015,45060,15,-0.00115
2015,45220,15,-0.001518
2015,45820,15,-0.00764
2015,45940,15,0.002485
2015,46060,15,-0.001411
2015,46140,15,-0.000235
2015,46340,15,-0.002416
2015,46540,15,-0.004322
2015,46660,15,-0.00376
2015,46700,15,0.002347
2015,47220,15,0.001785
2015,47300,15,-0.000383
2015,47940,15,-0.006049
2015,48300,15,0.000797
2015,48540,15,-0.012903
2015,48660,15,-0.008114
2015,48700,15,-0.003678
2015,49020,15,-0.002463
2015,49420,15,-0.005246
2015,49620,15,0.003691
2015,49660,15,-0.002706
2015,49700,15,-0.001477
2015,49740,15,-0.00261
2015,10180,16,-0.003909
2015,10420,16,0.000348
2015,10580,16,0.000622
2015,10740,16,-0.006583
2015,10780,16,-0.006334
2015,10900,16,0.003612
2015,11020,16,-0.004225
2015,11260,16,-0.006229
2015,11460,16,0.003721
2015,11500,16,-0.005824
2015,11540,16,0.00521
2015,11700,16,0.00055
2015,12020,16,-0.000256
2015,12100,16,9.8e-05
2015,12220,16,0.010081
2015,12420,16,0.020122
2015,12540,16,0.001731
2015,12580,16,-0.004389
2015,12620,16,-0.001422
2015,12700,16,0.000158
2015,12980,16,-0.000325
2015,13020,16,-0.003838
2015,13380,16,0.000637
2015,13460,16,0.017101
2015,13780,16,-0.002553
2015,14260,16,0.010194
2015,14500,16,-0.002476
2015,14740,16,-0.003072
2015,14860,16,0.001726
2015,15180,16,-0.003736
2015,15260,16,7.6e-05
2015,15380,16,-0.000322
2015,15500,16,-0.001961
2015,15540,16,0.00276
2015,15940,16,0.001064
2015,15980,16,0.009718
2015,16180,16,-0.002129
2015,16220,16,-0.000207
2015,16300,16,-0.001945
2015,16700,16,0.011224
2015,16860,16,-0.005685
2015,16940,16,-0.002202
2015,17020,16,8.4e-05
2015,17420,16,0.003034
2015,17660,16,0.012338
2015,17780,16,0.008769
2015,17820,16,0.000666
2015,17900,16,0.000915
2015,18020,16,0.005177
2015,18700,16,-0.004872
2015,19140,16,-0.004573
2015,19340,16,-0.001257
2015,19460,16,-0.004758
2015,19500,16,-0.004968
2015,19740,16,0.005261
2015,20020,16,-0.000869
2015,20100,16,0.004598
2015,20220,16,-0.003998
2015,20740,16,0.002544
2015,20940,16,-0.000843
2015,21140,16,0.004344
2015,21300,16,-0.006658
2015,21500,16,-0.00292
2015,21660,16,-0.000614
2015,21820,16,-0.016867
2015,22020,16,0.017171
2015,22140,16,-0.019528
2015,22380,16,-0.0027
2015,22420,16,-0.002314
2015,22500,16,-0.006405
2015,22520,16,-0.002077
2015,22540,16,-7e-06
2015,22660,16,0.009426
2015,23420,16,0.001701
2015,23460,16,-0.006823
2015,23580,16,0.003243
2015,24020,16,-0.000792
2015,24140,16,-0.008981
2015,24220,16,0.006186
2015,24300,16,-0.003499
2015,24500,16,-0.0109
2015,24540,16,0.01078
2015,24580,16,0.005453
2015,24660,16,-0.003146
2015,25260,16,-0.006588
2015,25420,16,0.003455
2015,25500,16,0.000716
2015,25540,16,-0.00235
2015,25860,16,-0.008657
2015,25980,16,0.002337
2015,26300,16,-0.007437
2015,26380,16,-0.002772
2015,26620,16,0.007137
2015,26980,16,0.005478
2015,27060,16,0.001292
2015,27100,16,0.000587
2015,27260,16,0.006704
2015,27340,16,0.005313
2015,27500,16,0.001904
2015,27620,16,-0.007355
2015,27740,16,0.000811
2015,27780,16,-0.005174
2015,27860,16,-0.002267
2015,27900,16,-0.005412
2015,28100,16,-0.003937
2015,28420,16,0.003713
2015,28660,16,-0.00228
2015,28700,16,-0.009909
2015,28740,16,-0.000162
2015,29100,16,0.004319
2015,29340,16,0.000896
2015,29420,16,-0.004734
2015,29460,16,0.00644
2015,29540,16,0.00336
2015,29700,16,0.004223
2015,29740,16,-0.005894
2015,29820,16,0.00822
2015,29940,16,0.004862
2015,30140,16,0.00444
2015,30300,16,-0.008966
2015,30340,16,-0.001038
2015,30460,16,0.003729
2015,30620,16,-0.001687
2015,30700,16,0.002956
2015,30780,16,-0.002282
2015,30860,16,-0.001919
2015,31020,16,-0.003037
2015,31420,16,-0.00983
2015,31700,16,0.001438
2015,31900,16,-0.001169
2015,32580,16,0.003375
2015,32780,16,0.002569
2015,32900,16,-0.000483
2015,33140,16,0.000619
2015,33340,16,0.001181
2015,33540,16,-0.000959
2015,33700,16,0.000713
2015,33780,16,-0.000991
2015,33860,16,-0.00386
2015,34060,16,-0.005571
2015,34580,16,0.002651
2015,34620,16,-0.001389
2015,34740,16,0.000289
2015,34900,16,-0.001599
2015,34940,16,0.013732
2015,35300,16,-0.002903
2015,35660,16,-0.000787
2015,35980,16,-0.001078
2015,36100,16,7e-06
2015,36220,16,0.015031
2015,36420,16,0.003338
2015,36500,16,0.003712
2015,36540,16,0.001978
2015,36740,16,0.011476
2015,36780,16,0.001399
2015,36980,16,-4.7e-05
2015,37100,16,-0.003501
2015,37340,16,0.000172
2015,37860,16,0.001974
2015,38060,16,0.005188
2015,38300,16,-0.000782
2015,38340,16,-0.004495
2015,38860,16,0.003944
2015,38900,16,0.005814
2015,38940,16,0.002633
2015,39300,16,0.000307
2015,39340,16,0.00463
2015,39380,16,-0.007379
2015,39460,16,0.005806
2015,39540,16,0.001894
2015,39580,16,0.012971
2015,39740,16,-1e-06
2015,39820,16,-0.002831
2015,39900,16,0.004999
2015,40140,16,0.001828
2015,40220,16,-0.005701
2015,40420,16,-0.002569
2015,40580,16,-0.010814
2015,40660,16,-0.008062
2015,40900,16,0.001573
2015,40980,16,-0.005099
2015,41060,16,-0.002336
2015,41100,16,0.020111
2015,41140,16,-0.009797
2015,41420,16,0.002489
2015,41500,16,-0.002742
2015,41700,16,0.005348
2015,41740,16,0.000596
2015,41940,16,0.00207
2015,42020,16,0.000166
2015,42100,16,-0.002653
2015,42140,16,-0.006517
2015,42220,16,-0.000723
2015,42340,16,0.00525
2015,42540,16,-0.002928
2015,42680,16,0.006864
2015,43100,16,0.002089
2015,43300,16,-0.00419
2015,43620,16,0.011702
2015,43780,16,0.001248
2015,44100,16,-0.001365
2015,44180,16,-0.00066
2015,44220,16,-0.002158
2015,44300,16,0.005084
2015,44700,16,0.002585
2015,45060,16,-0.001687
2015,45220,16,-0.001451
2015,45820,16,-0.007536
2015,45940,16,0.002819
2015,46060,16,-0.001512
2015,46140,16,-0.000961
2015,46340,16,-0.003053
2015,46540,16,-0.004584
2015,46660,16,-0.004332
2015,46700,16,0.003362
2015,47220,16,0.002111
2015,47300,16,0.000125
2015,47940,16,-0.005885
2015,48300,16,-9.6e-05
2015,48540,16,-0.01324
2015,48660,16,-0.008522
2015,48700,16,-0.002927
2015,49020,16,-0.000781
2015,49420,16,-0.007286
2015,49620,16,0.003182
2015,49660,16,-0.003022
2015,49700,16,-0.000677
2015,49740,16,-0.00242
2015,10180,17,-0.003207
2015,10420,17,0.000198
2015,10580,17,0.000527
2015,10740,17,-0.006709
2015,10780,17,-0.005858
2015,10900,17,0.003448
2015,11020,17,-0.003946
2015,11260,17,-0.006946
2015,11460,17,0.00414
2015,11500,17,-0.005218
2015,11540,17,0.004582
2015,11700,17,0.000556
2015,12020,17,-0.000627
2015,12100,17,0.000326
2015,12220,17,0.009114
2015,12420,17,0.019221
2015,12540,17,0.002517
2015,12580,17,-0.003707
2015,12620,17,-0.001337
2015,12700,17,0.000511
2015,12980,17,-0.000349
2015,13020,17,-0.00355
2015,13380,17,-0.000455
2015,13460,17,0.016264
2015,13780,17,-0.002261
2015,14260,17,0.009817
2015,14500,17,-0.002456
2015,14740,17,-0.003752
2015,14860,17,0.00139
2015,15180,17,-0.003975
2015,15260,17,-0.000263
2015,15380,17,-0.000265
2015,15500,17,-0.002858
2015,15540,17,0.002667
2015,15940,17,0.000918
2015,15980,17,0.01056
2015,16180,17,-0.00083
2015,16220,17,-0.000188
2015,16300,17,-0.001976
2015,16700,17,0.010418
2015,16860,17,-0.005681
2015,16940,17,-0.002565
2015,17020,17,-0.00025
2015,17420,17,0.002844
2015,17660,17,0.011426
2015,17780,17,0.008217
2015,17820,17,-0.000197
2015,17900,17,-8e-06
2015,18020,17,0.004575
2015,18700,17,-0.005912
2015,19140,17,-0.004317
2015,19340,17,-0.001149
2015,19460,17,-0.00436
2015,19500,17,-0.004476
2015,19740,17,0.004795
2015,20020,17,-0.000967
2015,20100,17,0.003829
2015,20220,17,-0.003695
2015,20740,17,0.002432
2015,20940,17,0.000117
2015,21140,17,0.003956
2015,21300,17,-0.006197
2015,21500,17,-0.00304
2015,21660,17,-0.001597
2015,21820,17,-0.017247
2015,22020,17,0.016305
2015,22140,17,-0.018416
2015,22380,17,-0.002123
2015,22420,17,-0.001403
2015,22500,17,-0.006535
2015,22520,17,-0.001728
2015,22540,17,-0.000259
2015,22660,17,0.008313
2015,23420,17,0.002088
2015,23460,17,-0.006233
2015,23580,17,0.003016
2015,24020,17,-0.000458
2015,24140,17,-0.009117
2015,24220,17,0.006554
2015,24300,17,-0.003729
2015,24500,17,-0.010416
2015,24540,17,0.009744
2015,24580,17,0.004749
2015,24660,17,-0.003796
2015,25260,17,-0.006034
2015,25420,17,0.002763
2015,25500,17,0.000445
2015,25540,17,-0.002443
2015,25860,17,-0.008657
2015,25980,17,0.001529
2015,26300,17,-0.007085
2015,26380,17,-0.002386
2015,26620,17,0.006389
2015,26980,17,0.004751
2015,27060,17,0.001768
2015,27100,17,0.000869
2015,27260,17,0.00654
2015,27340,17,0.003684
2015,27500,17,0.001801
2015,27620,17,-0.006904
2015,27740,17,0.001009
2015,27780,17,-0.004721
2015,27860,17,-0.002694
2015,27900,17,-0.004951
2015,28100,17,-0.003821
2015,28420,17,0.001502
2015,28660,17,-0.002574
2015,28700,17,-0.009589
2015,28740,17,0.000242
2015,29100,17,0.004143
2015,29340,17,0.001075
2015,29420,17,-0.003392
2015,29460,17,0.006663
2015,29540,17,0.00295
2015,29700,17,0.003914
2015,29740,17,-0.006501
2015,29820,17,0.009665
2015,29940,17,0.004221
2015,30140,17,0.003901
2015,30300,17,-0.008406
2015,30340,17,-0.000986
2015,30460,17,0.003382
2015,30620,17,-0.001603
2015,30700,17,0.002545
2015,30780,17,-0.002549
2015,30860,17,-0.002734
2015,31020,17,-0.003759
2015,31420,17,-0.009896
2015,31700,17,0.001481
2015,31900,17,-0.001242
2015,32580,17,0.002883
2015,32780,17,0.002046
2015,32900,17,0.001781
2015,33140,17,0.000639
2015,33340,17,0.001268
2015,33540,17,-0.001197
2015,33700,17,0.002547
2015,33780,17,-0.00057
2015,33860,17,-0.003704
2015,34060,17,-0.005196
2015,34580,17,0.001214
2015,34620,17,-0.001735
2015,34740,17,0.000323
2015,34900,17,-0.000613
2015,34940,17,0.014518
2015,35300,17,-0.002837
2015,35660,17,-0.000465
2015,35980,17,-0.001243
2015,36100,17,0.000512
2015,36220,17,0.01443
2015,36420,17,0.002917
2015,36500,17,0.002095
2015,36540,17,0.001636
2015,36740,17,0.01149
2015,36780,17,0.001129
2015,36980,17,-0.000103
2015,37100,17,-0.002694
2015,37340,17,0.001263
2015,37860,17,0.001677
2015,38060,17,0.006107
2015,38300,17,-0.000685
2015,38340,17,-0.004127
2015,38860,17,0.003686
2015,38900,17,0.004844
2015,38940,17,0.004262
2015,39300,17,0.000646
2015,39340,17,0.004112
2015,39380,17,-0.007545
2015,39460,17,0.006201
2015,39540,17,0.001817
2015,39580,17,0.011246
2015,39740,17,-6.1e-05
2015,39820,17,-0.002565
2015,39900,17,0.006214
2015,40140,17,0.003298
2015,40220,17,-0.005725
2015,40420,17,-0.002738
2015,40580,17,-0.010769
2015,40660,17,-0.007867
2015,40900,17,0.001992
2015,40980,17,-0.004935
2015,41060,17,-0.001975
2015,41100,17,0.018604
2015,41140,17,-0.009176
2015,41420,17,0.001238
2015,41500,17,-0.001517
2015,41700,17,0.005127
2015,41740,17,0.000831
2015,41940,17,0.002277
2015,42020,17,0.00036
2015,42100,17,-0.002423
2015,42140,17,-0.006736
2015,42220,17,-5.8e-05
2015,42340,17,0.004661
2015,42540,17,-0.002998
2015,42680,17,0.007336
2015,43100,17,0.001875
2015,43300,17,-0.003634
2015,43620,17,0.010597
2015,43780,17,0.001103
2015,44100,17,-0.001206
2015,44180,17,-0.000835
2015,44220,17,-0.002278
2015,44300,17,0.004444
2015,44700,17,0.003953
2015,45060,17,-0.001714
2015,45220,17,-0.001548
2015,45820,17,-0.006974
2015,45940,17,0.002685
2015,46060,17,-0.001311
2015,46140,17,-0.001227
2015,46340,17,-0.002853
2015,46540,17,-0.004279
2015,46660,17,-0.004793
2015,46700,17,0.004844
2015,47220,17,0.001855
2015,47300,17,0.000541
2015,47940,17,-0.005348
2015,48300,17,-0.001181
2015,48540,17,-0.012035
2015,48660,17,-0.008031
2015,48700,17,-0.002326
2015,49020,17,4e-06
2015,49420,17,-0.008493
2015,49620,17,0.00285
2015,49660,17,-0.002875
2015,49700,17,0.000517
2015,49740,17,-0.002316
2015,10180,18,-0.004225
2015,10420,18,0.001191
2015,10580,18,-0.000373
2015,10740,18,-0.00609
2015,10780,18,-0.006553
2015,10900,18,0.003615
2015,11020,18,-0.004047
2015,11260,18,-0.005397
2015,11460,18,0.003415
2015,11500,18,-0.005853
2015,11540,18,0.004805
2015,11700,18,0.000352
2015,12020,18,0.001149
2015,12100,18,-0.00179
2015,12220,18,0.01037
2015,12420,18,0.019484
2015,12540,18,-0.000276
2015,12580,18,-0.006775
2015,12620,18,-0.000867
2015,12700,18,-0.000847
2015,12980,18,0.000161
2015,13020,18,-0.003308
2015,13380,18,0.000927
2015,13460,18,0.016892
2015,13780,18,-0.002213
2015,14260,18,0.010312
2015,14500,18,-0.00167
2015,14740,18,-0.002268
2015,14860,18,0.001995
2015,15180,18,-0.003093
2015,15260,18,0.000986
2015,15380,18,0.000453
2015,15500,18,0.000432
2015,15540,18,0.001925
2015,15940,18,0.001807
2015,15980,18,0.006101
2015,16180,18,-0.002025
2015,16220,18,-0.002535
2015,16300,18,-0.001195
2015,16700,18,0.010777
2015,16860,18,-0.005114
2015,16940,18,-0.00268
2015,17020,18,0.000108
2015,17420,18,0.002973
2015,17660,18,0.01193
2015,17780,18,0.008507
2015,17820,18,0.001906
2015,17900,18,0.002336
2015,18020,18,0.004871
2015,18700,18,-0.003434
2015,19140,18,-0.002501
2015,19340,18,-0.002237
2015,19460,18,-0.004434
2015,19500,18,-0.005756
2015,19740,18,0.006351
2015,20020,18,-0.000779
2015,20100,18,0.004371
2015,20220,18,-0.004315
2015,20740,18,0.001336
2015,20940,18,-0.002186
2015,21140,18,0.004704
2015,21300,18,-0.006484
2015,21500,18,-0.001891
2015,21660,18,0.001075
2015,21820,18,-0.015737
2015,22020,18,0.015877
2015,22140,18,-0.020181
2015,22380,18,-0.003515
2015,22420,18,-0.001352
2015,22500,18,-0.005319
2015,22520,18,-0.002123
2015,22540,18,-0.000752
2015,22660,18,0.010518
2015,23420,18,0.000386
2015,23460,18,-0.0073
2015,23580,18,0.005692
2015,24020,18,-0.002397
2015,24140,18,-0.008198
2015,24220,18,0.00405
2015,24300,18,-0.002977
2015,24500,18,-0.010895
2015,24540,18,0.012741
2015,24580,18,0.005312
2015,24660,18,-0.001058
2015,25260,18,-0.007
2015,25420,18,0.004356
2015,25500,18,0.000192
2015,25540,18,-0.001715
2015,25860,18,-0.006888
2015,25980,18,0.003393
2015,26300,18,-0.007538
2015,26380,18,-0.003642
2015,26620,18,0.007035
2015,26980,18,0.005644
2015,27060,18,0.000464
2015,27100,18,0.00149
2015,27260,18,0.006128
2015,27340,18,0.004467
2015,27500,18,0.001811
2015,27620,18,-0.007117
2015,27740,18,1.3e-05
2015,27780,18,-0.004737
2015,27860,18,-0.001304
2015,27900,18,-0.005392
2015,28100,18,-0.004357
2015,28420,18,0.00597
2015,28660,18,-0.001805
2015,28700,18,-0.009711
2015,28740,18,-0.001363
2015,29100,18,0.002841
2015,29340,18,0.000515
2015,29420,18,-0.006675
2015,29460,18,0.006328
2015,29540,18,0.003955
2015,29700,18,0.004448
2015,29740,18,-0.005223
2015,29820,18,0.00659
2015,29940,18,0.005078
2015,30140,18,0.005155
2015,30300,18,-0.009182
2015,30340,18,-0.00083
2015,30460,18,0.00376
2015,30620,18,-0.001921
2015,30700,18,0.003611
2015,30780,18,-0.00188
2015,30860,18,-0.000475
2015,31020,18,-0.00041
2015,31420,18,-0.007759
2015,31700,18,0.001804
2015,31900,18,-1.4e-05
2015,32580,18,0.004183
2015,32780,18,0.003438
2015,32900,18,-0.003385
2015,33140,18,0.000423
2015,33340,18,9.6e-05
2015,33540,18,-0.001816
2015,33700,18,-0.000826
2015,33780,18,-0.000305
2015,33860,18,-0.003369
2015,34060,18,-0.006543
2015,34580,18,0.004684
2015,34620,18,-0.00093
2015,34740,18,0.001222
2015,34900,18,-0.002751
2015,34940,18,0.00978
2015,35300,18,-0.002903
2015,35660,18,-0.001353
2015,35980,18,-0.000707
2015,36100,18,-0.000279
2015,36220,18,0.012745
2015,36420,18,0.003302
2015,36500,18,0.005494
2015,36540,18,0.002756
2015,36740,18,0.010224
2015,36780,18,0.000964
2015,36980,18,0.000121
2015,37100,18,-0.005224
2015,37340,18,-0.001655
2015,37860,18,0.001875
2015,38060,18,0.003026
2015,38300,18,-8.2e-05
2015,38340,18,-0.00458
2015,38860,18,0.003796
2015,38900,18,0.006867
2015,38940,18,-0.000543
2015,39300,18,-0.000279
2015,39340,18,0.005265
2015,39380,18,-0.005125
2015,39460,18,0.003988
2015,39540,18,0.001469
2015,39580,18,0.014418
2015,39740,18,0.000527
2015,39820,18,-0.002947
2015,39900,18,0.004317
2015,40140,18,-0.0013
2015,40220,18,-0.00529
2015,40420,18,-0.002071
2015,40580,18,-0.008625
2015,40660,18,-0.006224
2015,40900,18,0.001065
2015,40980,18,-0.004213
2015,41060,18,-0.002481
2015,41100,18,0.019501
2015,41140,18,-0.009438
2015,41420,18,0.005361
2015,41500,18,-0.003655
2015,41700,18,0.005161
2015,41740,18,-0.001099
2015,41940,18,0.00094
2015,42020,18,-0.00055
2015,42100,18,-0.002482
2015,42140,18,-0.005969
2015,42220,18,-0.001006
2015,42340,18,0.005638
2015,42540,18,-0.002051
2015,42680,18,0.005852
2015,43100,18,0.001824
2015,43300,18,-0.003536
2015,43620,18,0.01184
2015,43780,18,0.001203
2015,44100,18,-0.002116
2015,44180,18,-1.6e-05
2015,44220,18,-0.001561
2015,44300,18,0.005015
2015,44700,18,0.000895
2015,45060,18,-0.001077
2015,45220,18,-0.00167
2015,45820,18,-0.007167
2015,45940,18,0.001857
2015,46060,18,-0.001673
2015,46140,18,-0.000177
2015,46340,18,-0.002739
2015,46540,18,-0.004585
2015,46660,18,-0.003367
2015,46700,18,0.001907
2015,47220,18,0.001513
2015,47300,18,-0.000232
2015,47940,18,-0.006336
2015,48300,18,0.001609
2015,48540,18,-0.012875
2015,48660,18,-0.008185
2015,48700,18,-0.003243
2015,49020,18,-0.002934
2015,49420,18,-0.004254
2015,49620,18,0.003814
2015,49660,18,-0.002381
2015,49700,18,-0.001362
2015,49740,18,-0.002749
2015,10180,19,-0.004071
2015,10420,19,0.000636
2015,10580,19,0.000442
2015,10740,19,-0.00646
2015,10780,19,-0.006423
2015,10900,19,0.003585
2015,11020,19,-0.003971
2015,11260,19,-0.006047
2015,11460,19,0.003861
2015,11500,19,-0.005988
2015,11540,19,0.005194
2015,11700,19,0.000194
2015,12020,19,0.000392
2015,12100,19,-0.000519
2015,12220,19,0.010246
2015,12420,19,0.019753
2015,12540,19,0.001061
2015,12580,19,-0.005187
2015,12620,19,-0.001367
2015,12700,19,-0.000166
2015,12980,19,-0.0002
2015,13020,19,-0.003769
2015,13380,19,0.00071
2015,13460,19,0.017293
2015,13780,19,-0.00275
2015,14260,19,0.010584
2015,14500,19,-0.002179
2015,14740,19,-0.002902
2015,14860,19,0.002112
2015,15180,19,-0.003362
2015,15260,19,0.000461
2015,15380,19,-4.6e-05
2015,15500,19,-0.001235
2015,15540,19,0.002455
2015,15940,19,0.001419
2015,15980,19,0.00887
2015,16180,19,-0.001831
2015,16220,19,-0.001192
2015,16300,19,-0.001838
2015,16700,19,0.011021
2015,16860,19,-0.005516
2015,16940,19,-0.002493
2015,17020,19,-1.3e-05
2015,17420,19,0.003016
2015,17660,19,0.012063
2015,17780,19,0.008537
2015,17820,19,0.001162
2015,17900,19,0.001312
2015,18020,19,0.005216
2015,18700,19,-0.003741
2015,19140,19,-0.004278
2015,19340,19,-0.001639
2015,19460,19,-0.004696
2015,19500,19,-0.005776
2015,19740,19,0.005611
2015,20020,19,-0.000587
2015,20100,19,0.004485
2015,20220,19,-0.004168
2015,20740,19,0.0021
2015,20940,19,-0.001094
2015,21140,19,0.004422
2015,21300,19,-0.00611
2015,21500,19,-0.00242
2015,21660,19,1.8e-05
2015,21820,19,-0.016322
2015,22020,19,0.016467
2015,22140,19,-0.01996
2015,22380,19,-0.002802
2015,22420,19,-0.001826
2015,22500,19,-0.006087
2015,22520,19,-0.002034
2015,22540,19,-0.000233
2015,22660,19,0.009675
2015,23420,19,0.001274
2015,23460,19,-0.006938
2015,23580,19,0.004302
2015,24020,19,-0.001416
2015,24140,19,-0.008594
2015,24220,19,0.005432
2015,24300,19,-0.003287
2015,24500,19,-0.01121
2015,24540,19,0.011289
2015,24580,19,0.005502
2015,24660,19,-0.002487
2015,25260,19,-0.006761
2015,25420,19,0.00388
2015,25500,19,0.000282
2015,25540,19,-0.002077
2015,25860,19,-0.008274
2015,25980,19,0.002801
2015,26300,19,-0.007295
2015,26380,19,-0.003224
2015,26620,19,0.007054
2015,26980,19,0.00564
2015,27060,19,0.000951
2015,27100,19,0.000942
2015,27260,19,0.006612
2015,27340,19,0.00527
2015,27500,19,0.001819
2015,27620,19,-0.007208
2015,27740,19,0.000404
2015,27780,19,-0.005136
2015,27860,19,-0.001741
2015,27900,19,-0.005213
2015,28100,19,-0.004177
2015,28420,19,0.004536
2015,28660,19,-0.002057
2015,28700,19,-0.009942
2015,28740,19,-0.000945
2015,29100,19,0.003694
2015,29340,19,0.000625
2015,29420,19,-0.005354
2015,29460,19,0.006489
2015,29540,19,0.003597
2015,29700,19,0.004366
2015,29740,19,-0.005815
2015,29820,19,0.007825
2015,29940,19,0.004955
2015,30140,19,0.004577
2015,30300,19,-0.009082
2015,30340,19,-0.001023
2015,30460,19,0.003678
2015,30620,19,-0.001893
2015,30700,19,0.003336
2015,30780,19,-0.002102
2015,30860,19,-0.001403
2015,31020,19,-0.002367
2015,31420,19,-0.008972
2015,31700,19,0.001626
2015,31900,19,-0.000835
2015,32580,19,0.003625
2015,32780,19,0.003039
2015,32900,19,-0.001506
2015,33140,19,0.000474
2015,33340,19,0.000799
2015,33540,19,-0.001341
2015,33700,19,3e-05
2015,33780,19,-0.000529
2015,33860,19,-0.00356
2015,34060,19,-0.006009
2015,34580,19,0.003266
2015,34620,19,-0.000725
2015,34740,19,0.000884
2015,34900,19,-0.001879
2015,34940,19,0.012478
2015,35300,19,-0.002805
2015,35660,19,-0.001
2015,35980,19,-0.000951
2015,36100,19,-4.2e-05
2015,36220,19,0.014413
2015,36420,19,0.003427
2015,36500,19,0.004174
2015,36540,19,0.00219
2015,36740,19,0.011387
2015,36780,19,0.001136
2015,36980,19,4.2e-05
2015,37100,19,-0.004157
2015,37340,19,-0.000403
2015,37860,19,0.001995
2015,38060,19,0.004875
2015,38300,19,-0.000586
2015,38340,19,-0.005001
2015,38860,19,0.003952
2015,38900,19,0.006234
2015,38940,19,0.001637
2015,39300,19,0.000143
2015,39340,19,0.005095
2015,39380,19,-0.006971
2015,39460,19,0.005359
2015,39540,19,0.001604
2015,39580,19,0.013373
2015,39740,19,0.000144
2015,39820,19,-0.003012
2015,39900,19,0.004839
2015,40140,19,0.000646
2015,40220,19,-0.005613
2015,40420,19,-0.002608
2015,40580,19,-0.010224
2015,40660,19,-0.007539
2015,40900,19,0.00144
2015,40980,19,-0.004496
2015,41060,19,-0.0023
2015,41100,19,0.020083
2015,41140,19,-0.009512
2015,41420,19,0.003394
2015,41500,19,-0.003191
2015,41700,19,0.005229
2015,41740,19,0.000124
2015,41940,19,0.001839
2015,42020,19,-0.000227
2015,42100,19,-0.002471
2015,42140,19,-0.006207
2015,42220,19,-0.000751
2015,42340,19,0.005398
2015,42540,19,-0.002662
2015,42680,19,0.006454
2015,43100,19,0.001691
2015,43300,19,-0.003932
2015,43620,19,0.011656
2015,43780,19,0.001251
2015,44100,19,-0.001845
2015,44180,19,-0.000348
2015,44220,19,-0.001726
2015,44300,19,0.005274
2015,44700,19,0.002165
2015,45060,19,-0.001455
2015,45220,19,-0.001467
2015,45820,19,-0.007605
2015,45940,19,0.002669
2015,46060,19,-0.001483
2015,46140,19,-0.000639
2015,46340,19,-0.00281
2015,46540,19,-0.004478
2015,46660,19,-0.004055
2015,46700,19,0.002869
2015,47220,19,0.001962
2015,47300,19,-0.000127
2015,47940,19,-0.005964
2015,48300,19,0.000309
2015,48540,19,-0.01308
2015,48660,19,-0.008367
2015,48700,19,-0.003253
2015,49020,19,-0.001517
2015,49420,19,-0.006373
2015,49620,19,0.003378
2015,49660,19,-0.002877
2015,49700,19,-0.001067
2015,49740,19,-0.002497
2016,10180,0,-0.00491
2016,10420,0,0.001425
2016,10580,0,0.000599
2016,10740,0,-0.004758
2016,10780,0,-0.008603
2016,10900,0,0.004179
2016,11020,0,-0.003258
2016,11260,0,-0.005326
2016,11460,0,0.002605
2016,11500,0,-0.005319
2016,11540,0,0.005943
2016,11700,0,-6.2e-05
2016,12020,0,0.009229
2016,12100,0,-0.000912
2016,12220,0,0.011451
2016,12420,0,0.015718
2016,12540,0,-0.002907
2016,12580,0,-0.007687
2016,12620,0,-0.004019
2016,12700,0,-0.00109
2016,12980,0,-0.001227
2016,13020,0,-0.002444
2016,13380,0,0.005124
2016,13460,0,0.012019
2016,13780,0,-0.003333
2016,14260,0,0.007411
2016,14500,0,0.003031
2016,14740,0,0.006613
2016,14860,0,0.002171
2016,15180,0,-0.002171
2016,15260,0,0.003033
2016,15380,0,-0.000362
2016,15500,0,0.00395
2016,15540,0,0.00051
2016,15940,0,0.000501
2016,15980,0,0.010525
2016,16020,0,-0.006668
2016,16180,0,-0.006657
2016,16220,0,-0.007962
2016,16300,0,0.000312
2016,16700,0,0.011075
2016,16860,0,-0.001931
2016,16940,0,-0.004178
2016,17020,0,-0.002039
2016,17420,0,0.003014
2016,17660,0,0.007794
2016,17780,0,0.012182
2016,17820,0,0.006199
2016,17900,0,0.00443
2016,18020,0,0.007258
2016,18700,0,0.004199
2016,19140,0,-0.002829
2016,19340,0,-0.002151
2016,19460,0,-0.004942
2016,19500,0,-0.006768
2016,19740,0,0.007385
2016,20020,0,-0.00174
2016,20100,0,0.001804
2016,20220,0,-0.003869
2016,20740,0,0.001547
2016,20940,0,-0.006732
2016,21140,0,0.00565
2016,21300,0,-0.003994
2016,21500,0,-0.000624
2016,21660,0,0.003876
2016,21820,0,-0.005983
2016,22020,0,0.017093
2016,22140,0,-0.032956
2016,22380,0,-0.001373
2016,22420,0,-0.001137
2016,22500,0,-0.007727
2016,22520,0,-0.007034
2016,22540,0,0.00068
2016,22660,0,0.012807
2016,23420,0,-0.001059
2016,23460,0,-0.00721
2016,23580,0,0.006274
2016,24020,0,-0.001996
2016,24140,0,-0.008384
2016,24220,0,-0.000645
2016,24300,0,-0.00314
2016,24500,0,-0.007653
2016,24540,0,0.018009
2016,24580,0,0.005736
2016,24660,0,-2.1e-05
2016,25260,0,-0.001696
2016,25420,0,0.005442
2016,25500,0,-0.004965
2016,25540,0,-0.000905
2016,25860,0,-0.005073
2016,25980,0,-0.020917
2016,26300,0,-0.00887
2016,26380,0,-0.005399
2016,26620,0,0.007141
2016,26980,0,0.004285
2016,27060,0,-0.000916
2016,27100,0,0.001171
2016,27260,0,0.006903
2016,27340,0,-0.000146
2016,27500,0,0.000923
2016,27620,0,-0.005444
2016,27740,0,-0.000655
2016,27780,0,-0.00493
2016,27860,0,0.00383
2016,27900,0,-0.00361
2016,28100,0,-0.002896
2016,28420,0,0.007301
2016,28660,0,0.003768
2016,28700,0,-0.01031
2016,28740,0,-0.001477
2016,29100,0,-0.000108
2016,29340,0,0.00107
2016,29420,0,-0.006695
2016,29460,0,0.007647
2016,29540,0,0.004264
2016,29700,0,0.003263
2016,29740,0,-0.004744
2016,29820,0,0.006808
2016,29940,0,0.003066
2016,30140,0,0.005824
2016,30300,0,-0.01039
2016,30340,0,-0.001819
2016,30460,0,0.004681
2016,30620,0,-0.003859
2016,30700,0,0.004423
2016,30780,0,-0.003699
2016,30860,0,0.007009
2016,31020,0,0.002921
2016,31420,0,-0.006644
2016,31700,0,0.003317
2016,31860,0,-0.003023
2016,31900,0,0.000844
2016,32580,0,0.003361
2016,32780,0,0.002942
2016,32900,0,-0.004326
2016,33140,0,-0.004137
2016,33340,0,0.000597
2016,33540,0,0.000545
2016,33700,0,-0.001839
2016,33780,0,0.000554
2016,33860,0,-0.000395
2016,34060,0,-0.006765
2016,34580,0,0.003559
2016,34620,0,-0.000974
2016,34740,0,0.003235
2016,34900,0,-0.005423
2016,34940,0,0.011154
2016,35300,0,-0.001336
2016,35660,0,-0.003118
2016,35980,0,0.000268
2016,36100,0,0.001556
2016,36220,0,0.006166
2016,36420,0,0.005208
2016,36500,0,0.005116
2016,36540,0,0.003752
2016,36740,0,0.010529
2016,36780,0,0.001312
2016,36980,0,0.001831
2016,37100,0,-0.005112
2016,37340,0,0.002671
2016,37860,0,0.001773
2016,38060,0,0.002045
2016,38300,0,-0.000375
2016,38340,0,-0.005539
2016,38860,0,0.003533
2016,38900,0,0.006507
2016,38940,0,0.003446
2016,39300,0,0.000597
2016,39340,0,0.010142
2016,39380,0,0.000289
2016,39460,0,0.008645
2016,39540,0,0.000961
2016,39580,0,0.014264
2016,39740,0,0.00212
2016,39820,0,-0.0079
2016,39900,0,0.002814
2016,40140,0,-0.002663
2016,40220,0,-0.006259
2016,40420,0,-0.000295
2016,40580,0,-0.009964
2016,40660,0,-0.003073
2016,40900,0,0.000621
2016,40980,0,-0.003498
2016,41060,0,0.00075
2016,41100,0,0.012344
2016,41140,0,-0.008373
2016,41420,0,0.005208
2016,41500,0,-0.003302
2016,41700,0,0.00614
2016,41740,0,-0.001836
2016,41940,0,0.001214
2016,42020,0,-0.002611
2016,42100,0,-0.00144
2016,42140,0,-0.005067
2016,42220,0,-0.003991
2016,42340,0,0.00629
2016,42540,0,-0.001374
2016,42680,0,0.007116
2016,43100,0,0.001457
2016,43300,0,0.000188
2016,43620,0,0.008272
2016,43780,0,0.001807
2016,44100,0,-0.002752
2016,44180,0,0.002377
2016,44220,0,-0.001085
2016,44300,0,0.004729
2016,44700,0,0.001412
2016,45060,0,-0.000423
2016,45220,0,-0.001832
2016,45820,0,-0.006128
2016,45940,0,0.00093
2016,46060,0,-0.002475
2016,46140,0,0.003499
2016,46340,0,-0.000395
2016,46540,0,-0.003726
2016,46660,0,-0.007561
2016,46700,0,0.000148
2016,47220,0,-0.002679
2016,47300,0,-0.002996
2016,47940,0,-0.005336
2016,48300,0,0.003959
2016,48540,0,-0.013819
2016,48660,0,-0.012639
2016,48700,0,-0.005173
2016,49020,0,-0.006647
2016,49420,0,-0.002535
2016,49620,0,0.004452
2016,49660,0,-0.002903
2016,49700,0,-0.001715
2016,49740,0,-0.004596
2016,10180,1,-0.004914
2016,10420,1,0.000289
2016,10580,1,0.001472
2016,10740,1,-0.005787
2016,10780,1,-0.008222
2016,10900,1,0.003902
2016,11020,1,-0.003638
2016,11260,1,-0.004672
2016,11460,1,0.002333
2016,11500,1,-0.004987
2016,11540,1,0.006382
2016,11700,1,0.0013
2016,12020,1,0.00583
2016,12100,1,0.000385
2016,12220,1,0.011473
2016,12420,1,0.017695
2016,12540,1,-0.001474
2016,12580,1,-0.005639
2016,12620,1,-0.004011
2016,12700,1,2.1e-05
2016,12980,1,-0.002608
2016,13020,1,-0.002719
2016,13380,1,0.005936
2016,13460,1,0.01465
2016,13780,1,-0.003555
2016,14260,1,0.007956
2016,14500,1,0.001348
2016,14740,1,0.00631
2016,14860,1,0.000797
2016,15180,1,-0.003165
2016,15260,1,0.002
2016,15380,1,-0.000731
2016,15500,1,0.002134
2016,15540,1,0.002246
2016,15940,1,-0.000694
2016,15980,1,0.012287
2016,16020,1,-0.007457
2016,16180,1,-0.008032
2016,16220,1,-0.005254
2016,16300,1,-0.000559
2016,16700,1,0.013059
2016,16860,1,-0.002147
2016,16940,1,-0.003368
2016,17020,1,-0.001666
2016,17420,1,0.002937
2016,17660,1,0.009182
2016,17780,1,0.012477
2016,17820,1,0.004331
2016,17900,1,0.003469
2016,18020,1,0.007836
2016,18700,1,0.004597
2016,19140,1,-0.004853
2016,19340,1,-0.000647
2016,19460,1,-0.005654
2016,19500,1,-0.00515
2016,19740,1,0.005981
2016,20020,1,-0.002353
2016,20100,1,0.00298
2016,20220,1,-0.003262
2016,20740,1,0.002638
2016,20940,1,-0.005626
2016,21140,1,0.004926
2016,21300,1,-0.004897
2016,21500,1,-0.00134
2016,21660,1,0.003431
2016,21820,1,-0.00644
2016,22020,1,0.021928
2016,22140,1,-0.029678
2016,22380,1,-0.000537
2016,22420,1,-0.002714
2016,22500,1,-0.008611
2016,22520,1,-0.007013
2016,22540,1,0.00159
2016,22660,1,0.012115
2016,23420,1,-0.000797
2016,23460,1,-0.00678
2016,23580,1,0.002739
2016,24020,1,0.000328
2016,24140,1,-0.009351
2016,24220,1,0.003375
2016,24300,1,-0.002979
2016,24500,1,-0.006421
2016,24540,1,0.017202
2016,24580,1,0.006006
2016,24660,1,-0.001813
2016,25260,1,-0.001502
2016,25420,1,0.004324
2016,25500,1,-0.003769
2016,25540,1,-0.001624
2016,25860,1,-0.006669
2016,25980,1,-0.020003
2016,26300,1,-0.009151
2016,26380,1,-0.004743
2016,26620,1,0.007752
2016,26980,1,0.004153
2016,27060,1,-0.000443
2016,27100,1,-0.0005
2016,27260,1,0.007283
2016,27340,1,0.000927
2016,27500,1,0.000893
2016,27620,1,-0.006171
2016,27740,1,0.000244
2016,27780,1,-0.005271
2016,27860,1,0.002955
2016,27900,1,-0.005007
2016,28100,1,-0.001855
2016,28420,1,0.005827
2016,28660,1,0.003244
2016,28700,1,-0.009818
2016,28740,1,-0.000742
2016,29100,1,0.001572
2016,29340,1,0.003068
2016,29420,1,-0.004768
2016,29460,1,0.007239
2016,29540,1,0.003683
2016,29700,1,0.003267
2016,29740,1,-0.005345
2016,29820,1,0.006272
2016,29940,1,0.0014
2016,30140,1,0.005096
2016,30300,1,-0.010937
2016,30340,1,-0.001634
2016,30460,1,0.004177
2016,30620,1,-0.003084
2016,30700,1,0.003882
2016,30780,1,-0.004197
2016,30860,1,0.005555
2016,31020,1,0.001577
2016,31420,1,-0.009541
2016,31700,1,0.002957
2016,31860,1,-0.003193
2016,31900,1,-0.000535
2016,32580,1,0.002256
2016,32780,1,0.002653
2016,32900,1,-0.004429
2016,33140,1,-0.003729
2016,33340,1,0.001446
2016,33540,1,0.001992
2016,33700,1,-0.002321
2016,33780,1,-0.000623
2016,33860,1,-0.000953
2016,34060,1,-0.006317
2016,34580,1,0.002546
2016,34620,1,-0.003061
2016,34740,1,0.001353
2016,34900,1,-0.004918
2016,34940,1,0.015463
2016,35300,1,-0.001498
2016,35660,1,-0.002492
2016,35980,1,-6.6e-05
2016,36100,1,0.000712
2016,36220,1,0.008169
2016,36420,1,0.004838
2016,36500,1,0.004223
2016,36540,1,0.002909
2016,36740,1,0.011481
2016,36780,1,0.002424
2016,36980,1,0.001734
2016,37100,1,-0.004803
2016,37340,1,0.003793
2016,37860,1,0.002144
2016,38060,1,0.00306
2016,38300,1,-0.000307
2016,38340,1,-0.005413
2016,38860,1,0.004139
2016,38900,1,0.007218
2016,38940,1,0.004834
2016,39300,1,0.000445
2016,39340,1,0.010065
2016,39380,1,-0.002473
2016,39460,1,0.008703
2016,39540,1,0.00148
2016,39580,1,0.013819
2016,39740,1,0.001254
2016,39820,1,-0.006875
2016,39900,1,0.003325
2016,40140,1,-0.000984
2016,40220,1,-0.006923
2016,40420,1,-0.000506
2016,40580,1,-0.011548
2016,40660,1,-0.005632
2016,40900,1,0.000172
2016,40980,1,-0.004163
2016,41060,1,-0.000646
2016,41100,1,0.013943
2016,41140,1,-0.009104
2016,41420,1,0.002967
2016,41500,1,-0.004202
2016,41700,1,0.006314
2016,41740,1,-0.001655
2016,41940,1,0.00234
2016,42020,1,-0.00199
2016,42100,1,-0.002418
2016,42140,1,-0.007046
2016,42220,1,-0.004483
2016,42340,1,0.006281
2016,42540,1,-0.002084
2016,42680,1,0.007701
2016,43100,1,0.001463
2016,43300,1,-0.001056
2016,43620,1,0.009217
2016,43780,1,0.0016
2016,44100,1,-0.00113
2016,44180,1,0.001315
2016,44220,1,-0.00169
2016,44300,1,0.004108
2016,44700,1,0.000849
2016,45060,1,-0.001152
2016,45220,1,-0.001408
2016,45820,1,-0.006632
2016,45940,1,0.00014
2016,46060,1,-0.00353
2016,46140,1,0.002521
2016,46340,1,-0.00224
2016,46540,1,-0.003858
2016,46660,1,-0.006794
2016,46700,1,-0.000656
2016,47220,1,-0.002209
2016,47300,1,-0.001959
2016,47940,1,-0.005285
2016,48300,1,0.004433
2016,48540,1,-0.014252
2016,48660,1,-0.013432
2016,48700,1,-0.003671
2016,49020,1,-0.004295
2016,49420,1,-0.004215
2016,49620,1,0.003314
2016,49660,1,-0.003533
2016,49700,1,-0.002464
2016,49740,1,-0.004781
2016,10180,2,-0.004388
2016,10420,2,0.001209
2016,10580,2,0.000933
2016,10740,2,-0.005509
2016,10780,2,-0.009333
2016,10900,2,0.004283
2016,11020,2,-0.002978
2016,11260,2,-0.006178
2016,11460,2,0.003321
2016,11500,2,-0.005216
2016,11540,2,0.00616
2016,11700,2,0.000249
2016,12020,2,0.009507
2016,12100,2,-0.001651
2016,12220,2,0.011345
2016,12420,2,0.016383
2016,12540,2,-0.002817
2016,12580,2,-0.007737
2016,12620,2,-0.004366
2016,12700,2,-0.001071
2016,12980,2,-0.001852
2016,13020,2,-0.00251
2016,13380,2,0.005707
2016,13460,2,0.013022
2016,13780,2,-0.003471
2016,14260,2,0.007073
2016,14500,2,0.003783
2016,14740,2,0.008599
2016,14860,2,0.001702
2016,15180,2,-0.002975
2016,15260,2,0.002542
2016,15380,2,-0.00026
2016,15500,2,0.003912
2016,15540,2,0.001116
2016,15940,2,-6.2e-05
2016,15980,2,0.013113
2016,16020,2,-0.007133
2016,16180,2,-0.007224
2016,16220,2,-0.007704
2016,16300,2,0.000732
2016,16700,2,0.0117
2016,16860,2,-0.002375
2016,16940,2,-0.00418
2016,17020,2,-0.002625
2016,17420,2,0.003513
2016,17660,2,0.008338
2016,17780,2,0.013085
2016,17820,2,0.006215
2016,17900,2,0.004009
2016,18020,2,0.008391
2016,18700,2,0.004423
2016,19140,2,-0.00281
2016,19340,2,-0.001624
2016,19460,2,-0.005104
2016,19500,2,-0.006737
2016,19740,2,0.007911
2016,20020,2,-0.00215
2016,20100,2,0.001185
2016,20220,2,-0.003171
2016,20740,2,0.002039
2016,20940,2,-0.006404
2016,21140,2,0.006425
2016,21300,2,-0.003841
2016,21500,2,-0.000551
2016,21660,2,0.00356
2016,21820,2,-0.006098
2016,22020,2,0.017175
2016,22140,2,-0.037352
2016,22380,2,-0.001128
2016,22420,2,-0.001571
2016,22500,2,-0.008673
2016,22520,2,-0.007534
2016,22540,2,0.000788
2016,22660,2,0.013783
2016,23420,2,-0.001001
2016,23460,2,-0.007163
2016,23580,2,0.005614
2016,24020,2,-0.001838
2016,24140,2,-0.009538
2016,24220,2,-0.000901
2016,24300,2,-0.003582
2016,24500,2,-0.008307
2016,24540,2,0.019164
2016,24580,2,0.006136
2016,24660,2,-0.000901
2016,25260,2,-0.002007
2016,25420,2,0.005871
2016,25500,2,-0.005132
2016,25540,2,-0.00102
2016,25860,2,-0.005728
2016,25980,2,-0.025374
2016,26300,2,-0.009376
2016,26380,2,-0.005844
2016,26620,2,0.006628
2016,26980,2,0.00399
2016,27060,2,-0.000744
2016,27100,2,0.001054
2016,27260,2,0.00737
2016,27340,2,-0.00101
2016,27500,2,0.001088
2016,27620,2,-0.005288
2016,27740,2,-0.000544
2016,27780,2,-0.004832
2016,27860,2,0.003646
2016,27900,2,-0.003454
2016,28100,2,-0.002718
2016,28420,2,0.007205
2016,28660,2,0.004141
2016,28700,2,-0.010524
2016,28740,2,-0.001551
2016,29100,2,0.000696
2016,29340,2,0.001373
2016,29420,2,-0.00571
2016,29460,2,0.008658
2016,29540,2,0.004735
2016,29700,2,0.00222
2016,29740,2,-0.005535
2016,29820,2,0.007919
2016,29940,2,0.003454
2016,30140,2,0.006267
2016,30300,2,-0.011058
2016,30340,2,-0.001484
2016,30460,2,0.005166
2016,30620,2,-0.003933
2016,30700,2,0.004153
2016,30780,2,-0.004397
2016,30860,2,0.007646
2016,31020,2,0.003282
2016,31420,2,-0.007815
2016,31700,2,0.003542
2016,31860,2,-0.003114
2016,31900,2,0.000648
2016,32580,2,0.002999
2016,32780,2,0.002405
2016,32900,2,-0.003515
2016,33140,2,-0.004851
2016,33340,2,0.000804
2016,33540,2,0.001298
2016,33700,2,-0.001
2016,33780,2,0.000326
2016,33860,2,-0.000557
2016,34060,2,-0.005745
2016,34580,2,0.003195
2016,34620,2,-0.001818
2016,34740,2,0.002932
2016,34900,2,-0.005263
2016,34940,2,0.012321
2016,35300,2,-0.001411
2016,35660,2,-0.003156
2016,35980,2,-0.00037
2016,36100,2,0.001845
2016,36220,2,0.008635
2016,36420,2,0.004927
2016,36500,2,0.004387
2016,36540,2,0.003844
2016,36740,2,0.011246
2016,36780,2,0.001168
2016,36980,2,0.00276
2016,37100,2,-0.005436
2016,37340,2,0.004767
2016,37860,2,0.001746
2016,38060,2,0.003229
2016,38300,2,-0.00029
2016,38340,2,-0.00559
2016,38860,2,0.003945
2016,38900,2,0.006557
2016,38940,2,0.005713
2016,39300,2,0.001026
2016,39340,2,0.010868
2016,39380,2,0.001023
2016,39460,2,0.01081
2016,39540,2,0.001145
2016,39580,2,0.01402
2016,39740,2,0.002426
2016,39820,2,-0.008822
2016,39900,2,0.003368
2016,40140,2,-0.001944
2016,40220,2,-0.006854
2016,40420,2,-0.000671
2016,40580,2,-0.011295
2016,40660,2,-0.003351
2016,40900,2,0.000953
2016,40980,2,-0.004117
2016,41060,2,0.001016
2016,41100,2,0.012424
2016,41140,2,-0.008655
2016,41420,2,0.005208
2016,41500,2,-0.003382
2016,41700,2,0.00709
2016,41740,2,-0.001897
2016,41940,2,0.000949
2016,42020,2,-0.002652
2016,42100,2,-0.001291
2016,42140,2,-0.005696
2016,42220,2,-0.004412
2016,42340,2,0.006628
2016,42540,2,-0.001383
2016,42680,2,0.008246
2016,43100,2,0.00197
2016,43300,2,0.001979
2016,43620,2,0.007881
2016,43780,2,0.002013
2016,44100,2,-0.002214
2016,44180,2,0.002299
2016,44220,2,-0.001287
2016,44300,2,0.004676
2016,44700,2,0.002496
2016,45060,2,-0.000544
2016,45220,2,-0.002162
2016,45820,2,-0.005981
2016,45940,2,0.000491
2016,46060,2,-0.003224
2016,46140,2,0.00313
2016,46340,2,-0.000103
2016,46540,2,-0.003733
2016,46660,2,-0.008362
2016,46700,2,0.000545
2016,47220,2,-0.003694
2016,47300,2,-0.00324
2016,47940,2,-0.00513
2016,48300,2,0.004479
2016,48540,2,-0.014203
2016,48660,2,-0.014543
2016,48700,2,-0.004164
2016,49020,2,-0.006859
2016,49420,2,-0.003066
2016,49620,2,0.00452
2016,49660,2,-0.003369
2016,49700,2,-0.001843
2016,49740,2,-0.005065
2016,10180,3,-0.00452
2016,10420,3,0.000921
2016,10580,3,0.001066
2016,10740,3,-0.005446
2016,10780,3,-0.008819
2016,10900,3,0.004121
2016,11020,3,-0.003137
2016,11260,3,-0.00571
2016,11460,3,0.002872
2016,11500,3,-0.005223
2016,11540,3,0.006228
2016,11700,3,0.000392
2016,12020,3,0.008706
2016,12100,3,-0.000859
2016,12220,3,0.011107
2016,12420,3,0.016698
2016,12540,3,-0.002368
2016,12580,3,-0.007084
2016,12620,3,-0.004307
2016,12700,3,-0.000614
2016,12980,3,-0.001745
2016,13020,3,-0.002653
2016,13380,3,0.005695
2016,13460,3,0.013455
2016,13780,3,-0.00367
2016,14260,3,0.007564
2016,14500,3,0.003012
2016,14740,3,0.007486
2016,14860,3,0.001719
2016,15180,3,-0.002835
2016,15260,3,0.002558
2016,15380,3,-0.00038
2016,15500,3,0.003129
2016,15540,3,0.001236
2016,15940,3,4.1e-05
2016,15980,3,0.012382
2016,16020,3,-0.006964
2016,16180,3,-0.006921
2016,16220,3,-0.007356
2016,16300,3,0.000143
2016,16700,3,0.011928
2016,16860,3,-0.002157
2016,16940,3,-0.004034
2016,17020,3,-0.002245
2016,17420,3,0.003141
2016,17660,3,0.008425
2016,17780,3,0.012717
2016,17820,3,0.005599
2016,17900,3,0.003837
2016,18020,3,0.00799
2016,18700,3,0.004613
2016,19140,3,-0.003588
2016,19340,3,-0.001588
2016,19460,3,-0.005194
2016,19500,3,-0.006454
2016,19740,3,0.007299
2016,20020,3,-0.001912
2016,20100,3,0.001757
2016,20220,3,-0.003611
2016,20740,3,0.002157
2016,20940,3,-0.006164
2016,21140,3,0.005843
2016,21300,3,-0.003776
2016,21500,3,-0.000811
2016,21660,3,0.003623
2016,21820,3,-0.006195
2016,22020,3,0.01853
2016,22140,3,-0.034144
2016,22380,3,-0.000781
2016,22420,3,-0.001351
2016,22500,3,-0.00851
2016,22520,3,-0.007132
2016,22540,3,0.000914
2016,22660,3,0.013023
2016,23420,3,-0.00096
2016,23460,3,-0.006981
2016,23580,3,0.005176
2016,24020,3,-0.001165
2016,24140,3,-0.009231
2016,24220,3,0.000725
2016,24300,3,-0.003279
2016,24500,3,-0.007628
2016,24540,3,0.018261
2016,24580,3,0.00596
2016,24660,3,-0.001118
2016,25260,3,-0.001546
2016,25420,3,0.005288
2016,25500,3,-0.004752
2016,25540,3,-0.0012
2016,25860,3,-0.005928
2016,25980,3,-0.022878
2016,26300,3,-0.009088
2016,26380,3,-0.005333
2016,26620,3,0.006955
2016,26980,3,0.00405
2016,27060,3,-0.000575
2016,27100,3,0.00085
2016,27260,3,0.007374
2016,27340,3,-0.000468
2016,27500,3,0.000985
2016,27620,3,-0.005604
2016,27740,3,-0.000206
2016,27780,3,-0.004793
2016,27860,3,0.003383
2016,27900,3,-0.003708
2016,28100,3,-0.002646
2016,28420,3,0.006616
2016,28660,3,0.003767
2016,28700,3,-0.010343
2016,28740,3,-0.00133
2016,29100,3,0.000718
2016,29340,3,0.001789
2016,29420,3,-0.005402
2016,29460,3,0.008167
2016,29540,3,0.004167
2016,29700,3,0.002932
2016,29740,3,-0.005501
2016,29820,3,0.007285
2016,29940,3,0.00266
2016,30140,3,0.005777
2016,30300,3,-0.010764
2016,30340,3,-0.001812
2016,30460,3,0.004727
2016,30620,3,-0.00378
2016,30700,3,0.004209
2016,30780,3,-0.004334
2016,30860,3,0.006756
2016,31020,3,0.002596
2016,31420,3,-0.007962
2016,31700,3,0.003279
2016,31860,3,-0.00295
2016,31900,3,0.000444
2016,32580,3,0.002752
2016,32780,3,0.00272
2016,32900,3,-0.003921
2016,33140,3,-0.004429
2016,33340,3,0.000982
2016,33540,3,0.001221
2016,33700,3,-0.001446
2016,33780,3,0.000339
2016,33860,3,-0.000471
2016,34060,3,-0.006225
2016,34580,3,0.002997
2016,34620,3,-0.001634
2016,34740,3,0.002781
2016,34900,3,-0.005148
2016,34940,3,0.013116
2016,35300,3,-0.001417
2016,35660,3,-0.00284
2016,35980,3,-6.3e-05
2016,36100,3,0.001611
2016,36220,3,0.007905
2016,36420,3,0.005103
2016,36500,3,0.004201
2016,36540,3,0.0035
2016,36740,3,0.011407
2016,36780,3,0.001479
2016,36980,3,0.002332
2016,37100,3,-0.005075
2016,37340,3,0.004121
2016,37860,3,0.001892
2016,38060,3,0.003063
2016,38300,3,-0.000277
2016,38340,3,-0.005313
2016,38860,3,0.003953
2016,38900,3,0.006873
2016,38940,3,0.005183
2016,39300,3,0.000776
2016,39340,3,0.010409
2016,39380,3,-0.000422
2016,39460,3,0.009729
2016,39540,3,0.001139
2016,39580,3,0.013981
2016,39740,3,0.001966
2016,39820,3,-0.008073
2016,39900,3,0.003563
2016,40140,3,-0.001778
2016,40220,3,-0.00676
2016,40420,3,-0.000724
2016,40580,3,-0.011177
2016,40660,3,-0.004083
2016,40900,3,0.000698
2016,40980,3,-0.003974
2016,41060,3,0.000654
2016,41100,3,0.012815
2016,41140,3,-0.008803
2016,41420,3,0.00447
2016,41500,3,-0.003571
2016,41700,3,0.0066
2016,41740,3,-0.001803
2016,41940,3,0.001567
2016,42020,3,-0.002435
2016,42100,3,-0.001609
2016,42140,3,-0.005941
2016,42220,3,-0.00431
2016,42340,3,0.006394
2016,42540,3,-0.001621
2016,42680,3,0.007944
2016,43100,3,0.001642
2016,43300,3,0.000604
2016,43620,3,0.008314
2016,43780,3,0.001917
2016,44100,3,-0.002145
2016,44180,3,0.002077
2016,44220,3,-0.001398
2016,44300,3,0.0047
2016,44700,3,0.001825
2016,45060,3,-0.000733
2016,45220,3,-0.001674
2016,45820,3,-0.006285
2016,45940,3,0.000525
2016,46060,3,-0.003071
2016,46140,3,0.003049
2016,46340,3,-0.000723
2016,46540,3,-0.00374
2016,46660,3,-0.007924
2016,46700,3,0.000138
2016,47220,3,-0.003068
2016,47300,3,-0.002916
2016,47940,3,-0.005221
2016,48300,3,0.004288
2016,48540,3,-0.013821
2016,48660,3,-0.013823
2016,48700,3,-0.004406
2016,49020,3,-0.00601
2016,49420,3,-0.003521
2016,49620,3,0.004058
2016,49660,3,-0.003236
2016,49700,3,-0.001776
2016,49740,3,-0.004839
2016,10180,4,-0.004902
2016,10420,4,0.000812
2016,10580,4,0.001014
2016,10740,4,-0.005154
2016,10780,4,-0.008227
2016,10900,4,0.003934
2016,11020,4,-0.003399
2016,11260,4,-0.004826
2016,11460,4,0.002354
2016,11500,4,-0.005196
2016,11540,4,0.006157
2016,11700,4,0.000558
2016,12020,4,0.00753
2016,12100,4,-0.000165
2016,12220,4,0.011208
2016,12420,4,0.016658
2016,12540,4,-0.002169
2016,12580,4,-0.006572
2016,12620,4,-0.004014
2016,12700,4,-0.000406
2016,12980,4,-0.001763
2016,13020,4,-0.002603
2016,13380,4,0.005481
2016,13460,4,0.013223
2016,13780,4,-0.003561
2016,14260,4,0.007701
2016,14500,4,0.002161
2016,14740,4,0.006105
2016,14860,4,0.001581
2016,15180,4,-0.002555
2016,15260,4,0.002511
2016,15380,4,-0.000491
2016,15500,4,0.00291
2016,15540,4,0.001333
2016,15940,4,4.3e-05
2016,15980,4,0.01107
2016,16020,4,-0.006913
2016,16180,4,-0.007207
2016,16220,4,-0.006685
2016,16300,4,-0.000256
2016,16700,4,0.011962
2016,16860,4,-0.001862
2016,16940,4,-0.003674
2016,17020,4,-0.001801
2016,17420,4,0.002832
2016,17660,4,0.008325
2016,17780,4,0.012174
2016,17820,4,0.005229
2016,17900,4,0.003959
2016,18020,4,0.007395
2016,18700,4,0.004534
2016,19140,4,-0.004001
2016,19340,4,-0.001462
2016,19460,4,-0.005248
2016,19500,4,-0.005965
2016,19740,4,0.006668
2016,20020,4,-0.001913
2016,20100,4,0.002447
2016,20220,4,-0.00376
2016,20740,4,0.002087
2016,20940,4,-0.006087
2016,21140,4,0.005123
2016,21300,4,-0.004231
2016,21500,4,-0.000966
2016,21660,4,0.003694
2016,21820,4,-0.006091
2016,22020,4,0.019622
2016,22140,4,-0.030365
2016,22380,4,-0.000926
2016,22420,4,-0.001666
2016,22500,4,-0.007985
2016,22520,4,-0.006836
2016,22540,4,0.001086
2016,22660,4,0.01233
2016,23420,4,-0.000981
2016,23460,4,-0.006924
2016,23580,4,0.00454
2016,24020,4,-0.000764
2016,24140,4,-0.008634
2016,24220,4,0.001722
2016,24300,4,-0.003029
2016,24500,4,-0.006785
2016,24540,4,0.017427
2016,24580,4,0.005774
2016,24660,4,-0.000838
2016,25260,4,-0.001425
2016,25420,4,0.004735
2016,25500,4,-0.004318
2016,25540,4,-0.001274
2016,25860,4,-0.005767
2016,25980,4,-0.019731
2016,26300,4,-0.008898
2016,26380,4,-0.004922
2016,26620,4,0.007455
2016,26980,4,0.004214
2016,27060,4,-0.00065
2016,27100,4,0.000387
2016,27260,4,0.006996
2016,27340,4,0.000417
2016,27500,4,0.000839
2016,27620,4,-0.005838
2016,27740,4,-0.000116
2016,27780,4,-0.004974
2016,27860,4,0.003368
2016,27900,4,-0.004259
2016,28100,4,-0.002474
2016,28420,4,0.00652
2016,28660,4,0.003424
2016,28700,4,-0.009946
2016,28740,4,-0.001146
2016,29100,4,0.000649
2016,29340,4,0.0021
2016,29420,4,-0.00572
2016,29460,4,0.007187
2016,29540,4,0.003764
2016,29700,4,0.003496
2016,29740,4,-0.005013
2016,29820,4,0.006251
2016,29940,4,0.002021
2016,30140,4,0.005322
2016,30300,4,-0.010484
2016,30340,4,-0.001882
2016,30460,4,0.004309
2016,30620,4,-0.003482
2016,30700,4,0.004223
2016,30780,4,-0.003917
2016,30860,4,0.006106
2016,31020,4,0.002086
2016,31420,4,-0.00789
2016,31700,4,0.003061
2016,31860,4,-0.003026
2016,31900,4,0.000181
2016,32580,4,0.002747
2016,32780,4,0.002869
2016,32900,4,-0.004426
2016,33140,4,-0.003848
2016,33340,4,0.000993
2016,33540,4,0.001174
2016,33700,4,-0.002196
2016,33780,4,0.000106
2016,33860,4,-0.000577
2016,34060,4,-0.006643
2016,34580,4,0.002976
2016,34620,4,-0.001734
2016,34740,4,0.002365
2016,34900,4,-0.005165
2016,34940,4,0.013294
2016,35300,4,-0.001418
2016,35660,4,-0.002737
2016,35980,4,0.000209
2016,36100,4,0.001018
2016,36220,4,0.006684
2016,36420,4,0.005119
2016,36500,4,0.004535
2016,36540,4,0.003258
2016,36740,4,0.010898
2016,36780,4,0.001888
2016,36980,4,0.001736
2016,37100,4,-0.004822
2016,37340,4,0.002919
2016,37860,4,0.001972
2016,38060,4,0.002347
2016,38300,4,-0.000254
2016,38340,4,-0.005331
2016,38860,4,0.003808
2016,38900,4,0.006928
2016,38940,4,0.003912
2016,39300,4,0.000429
2016,39340,4,0.00993
2016,39380,4,-0.001354
2016,39460,4,0.008281
2016,39540,4,0.001102
2016,39580,4,0.01406
2016,39740,4,0.001538
2016,39820,4,-0.007269
2016,39900,4,0.003053
2016,40140,4,-0.001871
2016,40220,4,-0.006493
2016,40420,4,-0.000506
2016,40580,4,-0.010535
2016,40660,4,-0.004417
2016,40900,4,0.000308
2016,40980,4,-0.003706
2016,41060,4,2e-06
2016,41100,4,0.013074
2016,41140,4,-0.008757
2016,41420,4,0.003924
2016,41500,4,-0.003728
2016,41700,4,0.006008
2016,41740,4,-0.001697
2016,41940,4,0.002028
2016,42020,4,-0.002266
2016,42100,4,-0.001923
2016,42140,4,-0.006011
2016,42220,4,-0.00415
2016,42340,4,0.006131
2016,42540,4,-0.001756
2016,42680,4,0.007221
2016,43100,4,0.001312
2016,43300,4,-0.000807
2016,43620,4,0.008786
2016,43780,4,0.001698
2016,44100,4,-0.001979
2016,44180,4,0.001807
2016,44220,4,-0.001381
2016,44300,4,0.004496
2016,44700,4,0.000961
2016,45060,4,-0.000782
2016,45220,4,-0.001482
2016,45820,4,-0.006437
2016,45940,4,0.00054
2016,46060,4,-0.002941
2016,46140,4,0.003047
2016,46340,4,-0.001405
2016,46540,4,-0.003753
2016,46660,4,-0.007079
2016,46700,4,-0.000363
2016,47220,4,-0.00235
2016,47300,4,-0.002491
2016,47940,4,-0.005312
2016,48300,4,0.00408
2016,48540,4,-0.013675
2016,48660,4,-0.012726
2016,48700,4,-0.00453
2016,49020,4,-0.005335
2016,49420,4,-0.003384
2016,49620,4,0.003717
2016,49660,4,-0.003092
2016,49700,4,-0.002033
2016,49740,4,-0.004659
2016,10180,5,-0.00423
2016,10420,5,0.000793
2016,10580,5,0.001294
2016,10740,5,-0.00561
2016,10780,5,-0.009136
2016,10900,5,0.004178
2016,11020,5,-0.003001
2016,11260,5,-0.005948
2016,11460,5,0.003059
2016,11500,5,-0.005202
2016,11540,5,0.006399
2016,11700,5,0.000482
2016,12020,5,0.008993
2016,12100,5,-0.001119
2016,12220,5,0.011039
2016,12420,5,0.016801
2016,12540,5,-0.002313
2016,12580,5,-0.006968
2016,12620,5,-0.00446
2016,12700,5,-0.000658
2016,12980,5,-0.001996
2016,13020,5,-0.002775
2016,13380,5,0.006148
2016,13460,5,0.013782
2016,13780,5,-0.003712
2016,14260,5,0.00733
2016,14500,5,0.003305
2016,14740,5,0.008493
2016,14860,5,0.001593
2016,15180,5,-0.003196
2016,15260,5,0.002396
2016,15380,5,-0.000413
2016,15500,5,0.003059
2016,15540,5,0.001487
2016,15940,5,-0.000176
2016,15980,5,0.013421
2016,16020,5,-0.007061
2016,16180,5,-0.007303
2016,16220,5,-0.007161
2016,16300,5,0.000335
2016,16700,5,0.012105
2016,16860,5,-0.002298
2016,16940,5,-0.003982
2016,17020,5,-0.002443
2016,17420,5,0.003366
2016,17660,5,0.008685
2016,17780,5,0.013057
2016,17820,5,0.005646
2016,17900,5,0.003681
2016,18020,5,0.008564
2016,18700,5,0.004844
2016,19140,5,-0.003613
2016,19340,5,-0.001323
2016,19460,5,-0.005277
2016,19500,5,-0.006471
2016,19740,5,0.007405
2016,20020,5,-0.002011
2016,20100,5,0.001544
2016,20220,5,-0.003332
2016,20740,5,0.002453
2016,20940,5,-0.006115
2016,21140,5,0.006224
2016,21300,5,-0.003587
2016,21500,5,-0.000892
2016,21660,5,0.00359
2016,21820,5,-0.006038
2016,22020,5,0.018325
2016,22140,5,-0.036165
2016,22380,5,-0.0006
2016,22420,5,-0.001671
2016,22500,5,-0.008879
2016,22520,5,-0.007319
2016,22540,5,0.000993
2016,22660,5,0.013357
2016,23420,5,-0.000903
2016,23460,5,-0.006947
2016,23580,5,0.00486
2016,24020,5,-0.001073
2016,24140,5,-0.009676
2016,24220,5,0.000531
2016,24300,5,-0.003421
2016,24500,5,-0.007842
2016,24540,5,0.01856
2016,24580,5,0.006171
2016,24660,5,-0.001497
2016,25260,5,-0.001576
2016,25420,5,0.005514
2016,25500,5,-0.004727
2016,25540,5,-0.00122
2016,25860,5,-0.006201
2016,25980,5,-0.024842
2016,26300,5,-0.009229
2016,26380,5,-0.005431
2016,26620,5,0.00671
2016,26980,5,0.003925
2016,27060,5,-0.000419
2016,27100,5,0.00073
2016,27260,5,0.007594
2016,27340,5,-0.000683
2016,27500,5,0.001082
2016,27620,5,-0.005493
2016,27740,5,-0.000142
2016,27780,5,-0.004733
2016,27860,5,0.003285
2016,27900,5,-0.003495
2016,28100,5,-0.002544
2016,28420,5,0.00668
2016,28660,5,0.003968
2016,28700,5,-0.010409
2016,28740,5,-0.001351
2016,29100,5,0.001138
2016,29340,5,0.001835
2016,29420,5,-0.00498
2016,29460,5,0.008628
2016,29540,5,0.004359
2016,29700,5,0.002465
2016,29740,5,-0.005708
2016,29820,5,0.007581
2016,29940,5,0.002929
2016,30140,5,0.00604
2016,30300,5,-0.01083
2016,30340,5,-0.001696
2016,30460,5,0.004943
2016,30620,5,-0.003866
2016,30700,5,0.004067
2016,30780,5,-0.004631
2016,30860,5,0.007124
2016,31020,5,0.00276
2016,31420,5,-0.008385
2016,31700,5,0.003279
2016,31860,5,-0.002969
2016,31900,5,0.000363
2016,32580,5,0.002614
2016,32780,5,0.002512
2016,32900,5,-0.003775
2016,33140,5,-0.004763
2016,33340,5,0.001144
2016,33540,5,0.001638
2016,33700,5,-0.001236
2016,33780,5,0.000138
2016,33860,5,-0.000505
2016,34060,5,-0.005625
2016,34580,5,0.002907
2016,34620,5,-0.00181
2016,34740,5,0.002626
2016,34900,5,-0.005174
2016,34940,5,0.013325
2016,35300,5,-0.001423
2016,35660,5,-0.002837
2016,35980,5,-0.000314
2016,36100,5,0.001781
2016,36220,5,0.009131
2016,36420,5,0.005026
2016,36500,5,0.003972
2016,36540,5,0.003506
2016,36740,5,0.011688
2016,36780,5,0.001425
2016,36980,5,0.00269
2016,37100,5,-0.005147
2016,37340,5,0.004901
2016,37860,5,0.001889
2016,38060,5,0.003539
2016,38300,5,-0.000359
2016,38340,5,-0.005256
2016,38860,5,0.004103
2016,38900,5,0.006885
2016,38940,5,0.006049
2016,39300,5,0.000935
2016,39340,5,0.01071
2016,39380,5,-0.00014
2016,39460,5,0.010581
2016,39540,5,0.001262
2016,39580,5,0.013874
2016,39740,5,0.00211
2016,39820,5,-0.008492
2016,39900,5,0.003569
2016,40140,5,-0.001505
2016,40220,5,-0.006883
2016,40420,5,-0.000885
2016,40580,5,-0.011744
2016,40660,5,-0.004171
2016,40900,5,0.000798
2016,40980,5,-0.004329
2016,41060,5,0.000867
2016,41100,5,0.012812
2016,41140,5,-0.008963
2016,41420,5,0.004527
2016,41500,5,-0.003745
2016,41700,5,0.00701
2016,41740,5,-0.001773
2016,41940,5,0.001335
2016,42020,5,-0.00244
2016,42100,5,-0.001583
2016,42140,5,-0.006012
2016,42220,5,-0.004646
2016,42340,5,0.006586
2016,42540,5,-0.001623
2016,42680,5,0.008325
2016,43100,5,0.001962
2016,43300,5,0.001338
2016,43620,5,0.008073
2016,43780,5,0.002075
2016,44100,5,-0.001917
2016,44180,5,0.002072
2016,44220,5,-0.001493
2016,44300,5,0.004718
2016,44700,5,0.002127
2016,45060,5,-0.00079
2016,45220,5,-0.001752
2016,45820,5,-0.00622
2016,45940,5,0.000381
2016,46060,5,-0.003291
2016,46140,5,0.002853
2016,46340,5,-0.000463
2016,46540,5,-0.003725
2016,46660,5,-0.008326
2016,46700,5,0.00012
2016,47220,5,-0.003501
2016,47300,5,-0.003084
2016,47940,5,-0.005078
2016,48300,5,0.004615
2016,48540,5,-0.013936
2016,48660,5,-0.014627
2016,48700,5,-0.00409
2016,49020,5,-0.006083
2016,49420,5,-0.003655
2016,49620,5,0.004097
2016,49660,5,-0.003423
2016,49700,5,-0.001846
2016,49740,5,-0.004964
2016,10180,6,-0.004812
2016,10420,6,0.000372
2016,10580,6,0.001412
2016,10740,6,-0.005559
2016,10780,6,-0.00814
2016,10900,6,0.003859
2016,11020,6,-0.003526
2016,11260,6,-0.004629
2016,11460,6,0.002308
2016,11500,6,-0.005002
2016,11540,6,0.006291
2016,11700,6,0.001111
2016,12020,6,0.006181
2016,12100,6,0.000286
2016,12220,6,0.011273
2016,12420,6,0.017218
2016,12540,6,-0.001548
2016,12580,6,-0.005689
2016,12620,6,-0.003973
2016,12700,6,-8.4e-05
2016,12980,6,-0.002368
2016,13020,6,-0.002725
2016,13380,6,0.005821
2016,13460,6,0.014212
2016,13780,6,-0.003525
2016,14260,6,0.007826
2016,14500,6,0.001509
2016,14740,6,0.00619
2016,14860,6,0.001015
2016,15180,6,-0.003032
2016,15260,6,0.002083
2016,15380,6,-0.000696
2016,15500,6,0.002182
2016,15540,6,0.002029
2016,15940,6,-0.000507
2016,15980,6,0.011945
2016,16020,6,-0.007195
2016,16180,6,-0.007765
2016,16220,6,-0.005417
2016,16300,6,-0.00052
2016,16700,6,0.012638
2016,16860,6,-0.002062
2016,16940,6,-0.003393
2016,17020,6,-0.001664
2016,17420,6,0.002889
2016,17660,6,0.008906
2016,17780,6,0.01223
2016,17820,6,0.004446
2016,17900,6,0.003493
2016,18020,6,0.0077
2016,18700,6,0.004515
2016,19140,6,-0.004663
2016,19340,6,-0.000798
2016,19460,6,-0.005511
2016,19500,6,-0.005311
2016,19740,6,0.006026
2016,20020,6,-0.002181
2016,20100,6,0.002835
2016,20220,6,-0.00335
2016,20740,6,0.002539
2016,20940,6,-0.005663
2016,21140,6,0.004949
2016,21300,6,-0.004623
2016,21500,6,-0.001313
2016,21660,6,0.003439
2016,21820,6,-0.006276
2016,22020,6,0.021041
2016,22140,6,-0.029586
2016,22380,6,-0.000553
2016,22420,6,-0.002479
2016,22500,6,-0.00839
2016,22520,6,-0.006844
2016,22540,6,0.001462
2016,22660,6,0.011963
2016,23420,6,-0.000795
2016,23460,6,-0.006713
2016,23580,6,0.003119
2016,24020,6,9.6e-05
2016,24140,6,-0.009095
2016,24220,6,0.002998
2016,24300,6,-0.002967
2016,24500,6,-0.006425
2016,24540,6,0.016924
2016,24580,6,0.005893
2016,24660,6,-0.001632
2016,25260,6,-0.00146
2016,25420,6,0.004382
2016,25500,6,-0.003796
2016,25540,6,-0.001531
2016,25860,6,-0.006452
2016,25980,6,-0.019714
2016,26300,6,-0.00894
2016,26380,6,-0.004676
2016,26620,6,0.007564
2016,26980,6,0.004128
2016,27060,6,-0.000375
2016,27100,6,-0.000312
2016,27260,6,0.007175
2016,27340,6,0.000798
2016,27500,6,0.000896
2016,27620,6,-0.006017
2016,27740,6,0.000164
2016,27780,6,-0.005164
2016,27860,6,0.002957
2016,27900,6,-0.00469
2016,28100,6,-0.001992
2016,28420,6,0.005865
2016,28660,6,0.003212
2016,28700,6,-0.009745
2016,28740,6,-0.000823
2016,29100,6,0.001405
2016,29340,6,0.002754
2016,29420,6,-0.004873
2016,29460,6,0.007212
2016,29540,6,0.003656
2016,29700,6,0.003271
2016,29740,6,-0.005238
2016,29820,6,0.006191
2016,29940,6,0.00157
2016,30140,6,0.005096
2016,30300,6,-0.010584
2016,30340,6,-0.001702
2016,30460,6,0.004169
2016,30620,6,-0.003161
2016,30700,6,0.003906
2016,30780,6,-0.004111
2016,30860,6,0.005584
2016,31020,6,0.001604
2016,31420,6,-0.009086
2016,31700,6,0.002894
2016,31860,6,-0.003098
2016,31900,6,-0.000384
2016,32580,6,0.002329
2016,32780,6,0.002677
2016,32900,6,-0.004407
2016,33140,6,-0.003708
2016,33340,6,0.001377
2016,33540,6,0.001796
2016,33700,6,-0.002257
2016,33780,6,-0.000494
2016,33860,6,-0.000866
2016,34060,6,-0.006211
2016,34580,6,0.0026
2016,34620,6,-0.002633
2016,34740,6,0.001594
2016,34900,6,-0.004896
2016,34940,6,0.014743
2016,35300,6,-0.001462
2016,35660,6,-0.002489
2016,35980,6,-2.6e-05
2016,36100,6,0.000817
2016,36220,6,0.00797
2016,36420,6,0.004864
2016,36500,6,0.004218
2016,36540,6,0.002919
2016,36740,6,0.011289
2016,36780,6,0.002266
2016,36980,6,0.001694
2016,37100,6,-0.004697
2016,37340,6,0.003557
2016,37860,6,0.002085
2016,38060,6,0.002963
2016,38300,6,-0.000346
2016,38340,6,-0.005287
2016,38860,6,0.004016
2016,38900,6,0.007063
2016,38940,6,0.004619
2016,39300,6,0.000438
2016,39340,6,0.00991
2016,39380,6,-0.002289
2016,39460,6,0.008522
2016,39540,6,0.001398
2016,39580,6,0.013677
2016,39740,6,0.001305
2016,39820,6,-0.006877
2016,39900,6,0.003209
2016,40140,6,-0.001125
2016,40220,6,-0.006699
2016,40420,6,-0.000553
2016,40580,6,-0.011261
2016,40660,6,-0.00534
2016,40900,6,0.000221
2016,40980,6,-0.004088
2016,41060,6,-0.000444
2016,41100,6,0.013588
2016,41140,6,-0.008958
2016,41420,6,0.003127
2016,41500,6,-0.004095
2016,41700,6,0.006209
2016,41740,6,-0.001592
2016,41940,6,0.002221
2016,42020,6,-0.002005
2016,42100,6,-0.002283
2016,42140,6,-0.006664
2016,42220,6,-0.004393
2016,42340,6,0.006191
2016,42540,6,-0.002005
2016,42680,6,0.0075
2016,43100,6,0.001451
2016,43300,6,-0.000994
2016,43620,6,0.008989
2016,43780,6,0.001636
2016,44100,6,-0.00131
2016,44180,6,0.001411
2016,44220,6,-0.001627
2016,44300,6,0.004216
2016,44700,6,0.000838
2016,45060,6,-0.001068
2016,45220,6,-0.001397
2016,45820,6,-0.00654
2016,45940,6,0.00026
2016,46060,6,-0.003319
2016,46140,6,0.002552
2016,46340,6,-0.00195
2016,46540,6,-0.003774
2016,46660,6,-0.006876
2016,46700,6,-0.000609
2016,47220,6,-0.002223
2016,47300,6,-0.002079
2016,47940,6,-0.005198
2016,48300,6,0.0043
2016,48540,6,-0.013913
2016,48660,6,-0.013116
2016,48700,6,-0.00386
2016,49020,6,-0.004416
2016,49420,6,-0.004029
2016,49620,6,0.003359
2016,49660,6,-0.003404
2016,49700,6,-0.002306
2016,49740,6,-0.004674
2016,10180,7,-0.004913
2016,10420,7,0.001122
2016,10580,7,0.000738
2016,10740,7,-0.005191
2016,10780,7,-0.008523
2016,10900,7,0.004004
2016,11020,7,-0.003267
2016,11260,7,-0.005077
2016,11460,7,0.002602
2016,11500,7,-0.005056
2016,11540,7,0.00596
2016,11700,7,0.000585
2016,12020,7,0.007926
2016,12100,7,-0.000964
2016,12220,7,0.011193
2016,12420,7,0.016398
2016,12540,7,-0.00296
2016,12580,7,-0.007362
2016,12620,7,-0.00408
2016,12700,7,-0.000687
2016,12980,7,-0.00192
2016,13020,7,-0.002204
2016,13380,7,0.005487
2016,13460,7,0.012417
2016,13780,7,-0.003495
2016,14260,7,0.006836
2016,14500,7,0.003002
2016,14740,7,0.007351
2016,14860,7,0.001288
2016,15180,7,-0.002469
2016,15260,7,0.002455
2016,15380,7,-0.000231
2016,15500,7,0.003961
2016,15540,7,0.001264
2016,15940,7,-0.00018
2016,15980,7,0.011369
2016,16020,7,-0.00726
2016,16180,7,-0.00748
2016,16220,7,-0.007191
2016,16300,7,0.000393
2016,16700,7,0.011855
2016,16860,7,-0.001935
2016,16940,7,-0.003564
2016,17020,7,-0.002196
2016,17420,7,0.003069
2016,17660,7,0.008065
2016,17780,7,0.012619
2016,17820,7,0.005931
2016,17900,7,0.004293
2016,18020,7,0.007529
2016,18700,7,0.004663
2016,19140,7,-0.003221
2016,19340,7,-0.001472
2016,19460,7,-0.005031
2016,19500,7,-0.005914
2016,19740,7,0.007411
2016,20020,7,-0.002277
2016,20100,7,0.001908
2016,20220,7,-0.003241
2016,20740,7,0.001838
2016,20940,7,-0.006176
2016,21140,7,0.005432
2016,21300,7,-0.004576
2016,21500,7,-0.00041
2016,21660,7,0.003751
2016,21820,7,-0.005742
2016,22020,7,0.018859
2016,22140,7,-0.03233
2016,22380,7,-0.001462
2016,22420,7,-0.001871
2016,22500,7,-0.007962
2016,22520,7,-0.007324
2016,22540,7,0.001031
2016,22660,7,0.013277
2016,23420,7,-0.001226
2016,23460,7,-0.007053
2016,23580,7,0.004618
2016,24020,7,-0.001266
2016,24140,7,-0.008753
2016,24220,7,0.00027
2016,24300,7,-0.0032
2016,24500,7,-0.007173
2016,24540,7,0.018664
2016,24580,7,0.005877
2016,24660,7,-0.000449
2016,25260,7,-0.001751
2016,25420,7,0.005132
2016,25500,7,-0.004727
2016,25540,7,-0.00111
2016,25860,7,-0.005265
2016,25980,7,-0.021868
2016,26300,7,-0.009233
2016,26380,7,-0.005489
2016,26620,7,0.007219
2016,26980,7,0.004064
2016,27060,7,-0.001315
2016,27100,7,0.000513
2016,27260,7,0.006709
2016,27340,7,-6.8e-05
2016,27500,7,0.000809
2016,27620,7,-0.005517
2016,27740,7,-0.000376
2016,27780,7,-0.004854
2016,27860,7,0.003755
2016,27900,7,-0.004396
2016,28100,7,-0.00237
2016,28420,7,0.00737
2016,28660,7,0.003894
2016,28700,7,-0.009818
2016,28740,7,-0.001286
2016,29100,7,0.00051
2016,29340,7,0.002055
2016,29420,7,-0.006094
2016,29460,7,0.007089
2016,29540,7,0.004211
2016,29700,7,0.002835
2016,29740,7,-0.004794
2016,29820,7,0.00633
2016,29940,7,0.002438
2016,30140,7,0.005601
2016,30300,7,-0.011099
2016,30340,7,-0.001492
2016,30460,7,0.00463
2016,30620,7,-0.003422
2016,30700,7,0.004179
2016,30780,7,-0.003858
2016,30860,7,0.007038
2016,31020,7,0.003102
2016,31420,7,-0.007644
2016,31700,7,0.003449
2016,31860,7,-0.003224
2016,31900,7,0.000378
2016,32580,7,0.002876
2016,32780,7,0.002486
2016,32900,7,-0.004095
2016,33140,7,-0.004202
2016,33340,7,0.000677
2016,33540,7,0.001365
2016,33700,7,-0.00213
2016,33780,7,0.000204
2016,33860,7,-0.000595
2016,34060,7,-0.006426
2016,34580,7,0.003319
2016,34620,7,-0.002335
2016,34740,7,0.002271
2016,34900,7,-0.005426
2016,34940,7,0.012898
2016,35300,7,-0.001399
2016,35660,7,-0.003043
2016,35980,7,2.9e-05
2016,36100,7,0.000923
2016,36220,7,0.006271
2016,36420,7,0.004852
2016,36500,7,0.004832
2016,36540,7,0.003655
2016,36740,7,0.010205
2016,36780,7,0.001697
2016,36980,7,0.002271
2016,37100,7,-0.005321
2016,37340,7,0.003557
2016,37860,7,0.001845
2016,38060,7,0.001742
2016,38300,7,2.7e-05
2016,38340,7,-0.005603
2016,38860,7,0.003815
2016,38900,7,0.006761
2016,38940,7,0.004288
2016,39300,7,0.000646
2016,39340,7,0.010204
2016,39380,7,0.000408
2016,39460,7,0.009148
2016,39540,7,0.001015
2016,39580,7,0.014103
2016,39740,7,0.001889
2016,39820,7,-0.007975
2016,39900,7,0.002761
2016,40140,7,-0.002281
2016,40220,7,-0.006684
2016,40420,7,-0.000257
2016,40580,7,-0.010306
2016,40660,7,-0.003687
2016,40900,7,0.000232
2016,40980,7,-0.00355
2016,41060,7,7.1e-05
2016,41100,7,0.012464
2016,41140,7,-0.008413
2016,41420,7,0.00464
2016,41500,7,-0.003415
2016,41700,7,0.006274
2016,41740,7,-0.001982
2016,41940,7,0.001704
2016,42020,7,-0.002538
2016,42100,7,-0.00155
2016,42140,7,-0.005985
2016,42220,7,-0.004162
2016,42340,7,0.006148
2016,42540,7,-0.001447
2016,42680,7,0.007446
2016,43100,7,0.001441
2016,43300,7,0.000432
2016,43620,7,0.008437
2016,43780,7,0.001658
2016,44100,7,-0.001887
2016,44180,7,0.001948
2016,44220,7,-0.001162
2016,44300,7,0.004225
2016,44700,7,0.001354
2016,45060,7,-0.000567
2016,45220,7,-0.001867
2016,45820,7,-0.005967
2016,45940,7,0.000341
2016,46060,7,-0.003374
2016,46140,7,0.003322
2016,46340,7,-0.001223
2016,46540,7,-0.003723
2016,46660,7,-0.006948
2016,46700,7,-0.000204
2016,47220,7,-0.002831
2016,47300,7,-0.00274
2016,47940,7,-0.005288
2016,48300,7,0.004434
2016,48540,7,-0.013965
2016,48660,7,-0.013323
2016,48700,7,-0.004046
2016,49020,7,-0.006295
2016,49420,7,-0.002606
2016,49620,7,0.004034
2016,49660,7,-0.003162
2016,49700,7,-0.002464
2016,49740,7,-0.004937
2016,10180,8,-0.004905
2016,10420,8,0.000634
2016,10580,8,0.00115
2016,10740,8,-0.005806
2016,10780,8,-0.008431
2016,10900,8,0.004
2016,11020,8,-0.003521
2016,11260,8,-0.005039
2016,11460,8,0.002616
2016,11500,8,-0.00482
2016,11540,8,0.006115
2016,11700,8,0.001221
2016,12020,8,0.006261
2016,12100,8,-0.000294
2016,12220,8,0.011487
2016,12420,8,0.017335
2016,12540,8,-0.002076
2016,12580,8,-0.006404
2016,12620,8,-0.003998
2016,12700,8,-0.000271
2016,12980,8,-0.002645
2016,13020,8,-0.002335
2016,13380,8,0.005691
2016,13460,8,0.013904
2016,13780,8,-0.003382
2016,14260,8,0.007391
2016,14500,8,0.001997
2016,14740,8,0.007122
2016,14860,8,0.000638
2016,15180,8,-0.003021
2016,15260,8,0.002045
2016,15380,8,-0.000514
2016,15500,8,0.003041
2016,15540,8,0.002039
2016,15940,8,-0.000783
2016,15980,8,0.012358
2016,16020,8,-0.007653
2016,16180,8,-0.007942
2016,16220,8,-0.005849
2016,16300,8,1e-06
2016,16700,8,0.012794
2016,16860,8,-0.002264
2016,16940,8,-0.003454
2016,17020,8,-0.001967
2016,17420,8,0.003122
2016,17660,8,0.008888
2016,17780,8,0.012717
2016,17820,8,0.004881
2016,17900,8,0.003722
2016,18020,8,0.007799
2016,18700,8,0.004473
2016,19140,8,-0.004008
2016,19340,8,-0.000794
2016,19460,8,-0.005415
2016,19500,8,-0.00518
2016,19740,8,0.006558
2016,20020,8,-0.002607
2016,20100,8,0.002465
2016,20220,8,-0.002872
2016,20740,8,0.002299
2016,20940,8,-0.005723
2016,21140,8,0.005175
2016,21300,8,-0.005126
2016,21500,8,-0.000844
2016,21660,8,0.003412
2016,21820,8,-0.006311
2016,22020,8,0.020954
2016,22140,8,-0.031248
2016,22380,8,-0.000984
2016,22420,8,-0.00266
2016,22500,8,-0.00854
2016,22520,8,-0.007366
2016,22540,8,0.001463
2016,22660,8,0.012742
2016,23420,8,-0.000948
2016,23460,8,-0.006874
2016,23580,8,0.003105
2016,24020,8,-0.000231
2016,24140,8,-0.009382
2016,24220,8,0.001976
2016,24300,8,-0.00308
2016,24500,8,-0.006876
2016,24540,8,0.018092
2016,24580,8,0.006013
2016,24660,8,-0.001416
2016,25260,8,-0.00181
2016,25420,8,0.004664
2016,25500,8,-0.004195
2016,25540,8,-0.001445
2016,25860,8,-0.006184
2016,25980,8,-0.021528
2016,26300,8,-0.009349
2016,26380,8,-0.005236
2016,26620,8,0.007503
2016,26980,8,0.004026
2016,27060,8,-0.000978
2016,27100,8,-0.000218
2016,27260,8,0.007051
2016,27340,8,0.000459
2016,27500,8,0.000882
2016,27620,8,-0.005859
2016,27740,8,-2.7e-05
2016,27780,8,-0.005143
2016,27860,8,0.003297
2016,27900,8,-0.005036
2016,28100,8,-0.001814
2016,28420,8,0.006371
2016,28660,8,0.003595
2016,28700,8,-0.009772
2016,28740,8,-0.000867
2016,29100,8,0.00129
2016,29340,8,0.002904
2016,29420,8,-0.005115
2016,29460,8,0.007274
2016,29540,8,0.004073
2016,29700,8,0.002757
2016,29740,8,-0.005181
2016,29820,8,0.006619
2016,29940,8,0.001818
2016,30140,8,0.005328
2016,30300,8,-0.011419
2016,30340,8,-0.001289
2016,30460,8,0.004419
2016,30620,8,-0.003056
2016,30700,8,0.003847
2016,30780,8,-0.004084
2016,30860,8,0.006241
2016,31020,8,0.002394
2016,31420,8,-0.009149
2016,31700,8,0.003314
2016,31860,8,-0.003308
2016,31900,8,-0.000276
2016,32580,8,0.002445
2016,32780,8,0.002398
2016,32900,8,-0.004008
2016,33140,8,-0.003983
2016,33340,8,0.001124
2016,33540,8,0.001945
2016,33700,8,-0.002033
2016,33780,8,-0.000422
2016,33860,8,-0.00094
2016,34060,8,-0.006278
2016,34580,8,0.002805
2016,34620,8,-0.003457
2016,34740,8,0.001427
2016,34900,8,-0.005018
2016,34940,8,0.014865
2016,35300,8,-0.00146
2016,35660,8,-0.00276
2016,35980,8,-0.000178
2016,36100,8,0.000773
2016,36220,8,0.007705
2016,36420,8,0.004595
2016,36500,8,0.004448
2016,36540,8,0.003269
2016,36740,8,0.010946
2016,36780,8,0.002174
2016,36980,8,0.002105
2016,37100,8,-0.005201
2016,37340,8,0.004263
2016,37860,8,0.002005
2016,38060,8,0.00271
2016,38300,8,-0.000101
2016,38340,8,-0.005658
2016,38860,8,0.004083
2016,38900,8,0.006958
2016,38940,8,0.005037
2016,39300,8,0.00065
2016,39340,8,0.010251
2016,39380,8,-0.000973
2016,39460,8,0.009365
2016,39540,8,0.001403
2016,39580,8,0.013761
2016,39740,8,0.001604
2016,39820,8,-0.007357
2016,39900,8,0.003255
2016,40140,8,-0.001326
2016,40220,8,-0.007055
2016,40420,8,-0.000246
2016,40580,8,-0.01122
2016,40660,8,-0.004852
2016,40900,8,0.000257
2016,40980,8,-0.003928
2016,41060,8,-0.000492
2016,41100,8,0.01338
2016,41140,8,-0.008689
2016,41420,8,0.003624
2016,41500,8,-0.003797
2016,41700,8,0.006476
2016,41740,8,-0.001909
2016,41940,8,0.001949
2016,42020,8,-0.002217
2016,42100,8,-0.002077
2016,42140,8,-0.006949
2016,42220,8,-0.004343
2016,42340,8,0.006295
2016,42540,8,-0.001788
2016,42680,8,0.007875
2016,43100,8,0.001536
2016,43300,8,2.1e-05
2016,43620,8,0.008854
2016,43780,8,0.00154
2016,44100,8,-0.001198
2016,44180,8,0.001501
2016,44220,8,-0.00147
2016,44300,8,0.003854
2016,44700,8,0.001362
2016,45060,8,-0.000941
2016,45220,8,-0.001745
2016,45820,8,-0.006192
2016,45940,8,5.1e-05
2016,46060,8,-0.003724
2016,46140,8,0.002788
2016,46340,8,-0.001996
2016,46540,8,-0.00383
2016,46660,8,-0.00669
2016,46700,8,-0.000277
2016,47220,8,-0.002563
2016,47300,8,-0.002115
2016,47940,8,-0.005263
2016,48300,8,0.004555
2016,48540,8,-0.014466
2016,48660,8,-0.013754
2016,48700,8,-0.003355
2016,49020,8,-0.005135
2016,49420,8,-0.003605
2016,49620,8,0.003664
2016,49660,8,-0.003532
2016,49700,8,-0.002611
2016,49740,8,-0.00493
2016,10180,9,-0.004828
2016,10420,9,0.000956
2016,10580,9,0.000868
2016,10740,9,-0.005304
2016,10780,9,-0.008453
2016,10900,9,0.004019
2016,11020,9,-0.003309
2016,11260,9,-0.005232
2016,11460,9,0.002607
2016,11500,9,-0.005118
2016,11540,9,0.006077
2016,11700,9,0.000512
2016,12020,9,0.007914
2016,12100,9,-0.0006
2016,12220,9,0.011187
2016,12420,9,0.016686
2016,12540,9,-0.002446
2016,12580,9,-0.007039
2016,12620,9,-0.004091
2016,12700,9,-0.000516
2016,12980,9,-0.001847
2016,13020,9,-0.002432
2016,13380,9,0.005414
2016,13460,9,0.013087
2016,13780,9,-0.003528
2016,14260,9,0.007493
2016,14500,9,0.002572
2016,14740,9,0.006754
2016,14860,9,0.001471
2016,15180,9,-0.002585
2016,15260,9,0.002511
2016,15380,9,-0.000364
2016,15500,9,0.003345
2016,15540,9,0.001273
2016,15940,9,-2.7e-05
2016,15980,9,0.01146
2016,16020,9,-0.00708
2016,16180,9,-0.007159
2016,16220,9,-0.00715
2016,16300,9,6.6e-05
2016,16700,9,0.011955
2016,16860,9,-0.001978
2016,16940,9,-0.003798
2016,17020,9,-0.002042
2016,17420,9,0.002971
2016,17660,9,0.008277
2016,17780,9,0.012476
2016,17820,9,0.005516
2016,17900,9,0.004037
2016,18020,9,0.007532
2016,18700,9,0.004567
2016,19140,9,-0.003596
2016,19340,9,-0.001536
2016,19460,9,-0.005173
2016,19500,9,-0.006039
2016,19740,9,0.007051
2016,20020,9,-0.002075
2016,20100,9,0.002096
2016,20220,9,-0.003571
2016,20740,9,0.001969
2016,20940,9,-0.006116
2016,21140,9,0.005355
2016,21300,9,-0.004239
2016,21500,9,-0.000692
2016,21660,9,0.003669
2016,21820,9,-0.006106
2016,22020,9,0.019307
2016,22140,9,-0.031836
2016,22380,9,-0.001088
2016,22420,9,-0.00154
2016,22500,9,-0.008124
2016,22520,9,-0.007103
2016,22540,9,0.001008
2016,22660,9,0.012808
2016,23420,9,-0.001061
2016,23460,9,-0.006996
2016,23580,9,0.004732
2016,24020,9,-0.001022
2016,24140,9,-0.008839
2016,24220,9,0.001072
2016,24300,9,-0.003135
2016,24500,9,-0.007147
2016,24540,9,0.018132
2016,24580,9,0.005836
2016,24660,9,-0.000766
2016,25260,9,-0.001553
2016,25420,9,0.004954
2016,25500,9,-0.004628
2016,25540,9,-0.00121
2016,25860,9,-0.005631
2016,25980,9,-0.021175
2016,26300,9,-0.009113
2016,26380,9,-0.005253
2016,26620,9,0.007289
2016,26980,9,0.004105
2016,27060,9,-0.000913
2016,27100,9,0.000591
2016,27260,9,0.006999
2016,27340,9,5e-05
2016,27500,9,0.000835
2016,27620,9,-0.00571
2016,27740,9,-0.000196
2016,27780,9,-0.004845
2016,27860,9,0.003542
2016,27900,9,-0.004256
2016,28100,9,-0.002472
2016,28420,9,0.006747
2016,28660,9,0.003681
2016,28700,9,-0.010036
2016,28740,9,-0.001243
2016,29100,9,0.000557
2016,29340,9,0.002101
2016,29420,9,-0.005748
2016,29460,9,0.0074
2016,29540,9,0.003984
2016,29700,9,0.003187
2016,29740,9,-0.005101
2016,29820,9,0.006688
2016,29940,9,0.002231
2016,30140,9,0.005521
2016,30300,9,-0.010911
2016,30340,9,-0.001713
2016,30460,9,0.004481
2016,30620,9,-0.003533
2016,30700,9,0.004205
2016,30780,9,-0.004
2016,30860,9,0.00653
2016,31020,9,0.002522
2016,31420,9,-0.007836
2016,31700,9,0.003294
2016,31860,9,-0.003075
2016,31900,9,0.000323
2016,32580,9,0.002793
2016,32780,9,0.002726
2016,32900,9,-0.004087
2016,33140,9,-0.00412
2016,33340,9,0.000842
2016,33540,9,0.001205
2016,33700,9,-0.001882
2016,33780,9,0.000269
2016,33860,9,-0.000538
2016,34060,9,-0.006636
2016,34580,9,0.003013
2016,34620,9,-0.001984
2016,34740,9,0.002414
2016,34900,9,-0.005208
2016,34940,9,0.013243
2016,35300,9,-0.001415
2016,35660,9,-0.002885
2016,35980,9,0.00011
2016,36100,9,0.001123
2016,36220,9,0.006667
2016,36420,9,0.005014
2016,36500,9,0.004477
2016,36540,9,0.003462
2016,36740,9,0.010835
2016,36780,9,0.001729
2016,36980,9,0.002066
2016,37100,9,-0.005082
2016,37340,9,0.003433
2016,37860,9,0.001905
2016,38060,9,0.002383
2016,38300,9,-0.000121
2016,38340,9,-0.005464
2016,38860,9,0.003857
2016,38900,9,0.006856
2016,38940,9,0.004326
2016,39300,9,0.00058
2016,39340,9,0.010168
2016,39380,9,-0.000578
2016,39460,9,0.008901
2016,39540,9,0.001063
2016,39580,9,0.014083
2016,39740,9,0.001737
2016,39820,9,-0.007662
2016,39900,9,0.003214
2016,40140,9,-0.001948
2016,40220,9,-0.006704
2016,40420,9,-0.000449
2016,40580,9,-0.010567
2016,40660,9,-0.004078
2016,40900,9,0.000427
2016,40980,9,-0.00363
2016,41060,9,0.000142
2016,41100,9,0.012893
2016,41140,9,-0.008639
2016,41420,9,0.004235
2016,41500,9,-0.003524
2016,41700,9,0.006183
2016,41740,9,-0.00187
2016,41940,9,0.001832
2016,42020,9,-0.002403
2016,42100,9,-0.001759
2016,42140,9,-0.006125
2016,42220,9,-0.00413
2016,42340,9,0.0062
2016,42540,9,-0.001623
2016,42680,9,0.007509
2016,43100,9,0.001382
2016,43300,9,-8.3e-05
2016,43620,9,0.00859
2016,43780,9,0.001703
2016,44100,9,-0.002
2016,44180,9,0.001911
2016,44220,9,-0.001306
2016,44300,9,0.004365
2016,44700,9,0.001437
2016,45060,9,-0.000709
2016,45220,9,-0.001651
2016,45820,9,-0.006244
2016,45940,9,0.000425
2016,46060,9,-0.003115
2016,46140,9,0.003179
2016,46340,9,-0.001277
2016,46540,9,-0.003775
2016,46660,9,-0.007168
2016,46700,9,-6.8e-05
2016,47220,9,-0.002684
2016,47300,9,-0.002613
2016,47940,9,-0.005322
2016,48300,9,0.004184
2016,48540,9,-0.013848
2016,48660,9,-0.013204
2016,48700,9,-0.004301
2016,49020,9,-0.005814
2016,49420,9,-0.003236
2016,49620,9,0.003895
2016,49660,9,-0.003132
2016,49700,9,-0.002045
2016,49740,9,-0.004814
2016,10180,10,-0.004753
2016,10420,10,0.001195
2016,10580,10,0.000742
2016,10740,10,-0.005298
2016,10780,10,-0.008768
2016,10900,10,0.004096
2016,11020,10,-0.003164
2016,11260,10,-0.005513
2016,11460,10,0.002875
2016,11500,10,-0.005117
2016,11540,10,0.005977
2016,11700,10,0.000414
2016,12020,10,0.008523
2016,12100,10,-0.001209
2016,12220,10,0.011223
2016,12420,10,0.016365
2016,12540,10,-0.002919
2016,12580,10,-0.007575
2016,12620,10,-0.004165
2016,12700,10,-0.000819
2016,12980,10,-0.001811
2016,13020,10,-0.002283
2016,13380,10,0.005423
2016,13460,10,0.012577
2016,13780,10,-0.003487
2016,14260,10,0.006996
2016,14500,10,0.00328
2016,14740,10,0.007602
2016,14860,10,0.001491
2016,15180,10,-0.002578
2016,15260,10,0.002526
2016,15380,10,-0.000213
2016,15500,10,0.003958
2016,15540,10,0.001125
2016,15940,10,-6.5e-05
2016,15980,10,0.011834
2016,16020,10,-0.007174
2016,16180,10,-0.007204
2016,16220,10,-0.007507
2016,16300,10,0.000487
2016,16700,10,0.011727
2016,16860,10,-0.002082
2016,16940,10,-0.003847
2016,17020,10,-0.002341
2016,17420,10,0.003185
2016,17660,10,0.008082
2016,17780,10,0.012721
2016,17820,10,0.006031
2016,17900,10,0.0042
2016,18020,10,0.007718
2016,18700,10,0.004497
2016,19140,10,-0.003028
2016,19340,10,-0.001623
2016,19460,10,-0.00502
2016,19500,10,-0.006256
2016,19740,10,0.007619
2016,20020,10,-0.002194
2016,20100,10,0.001626
2016,20220,10,-0.003291
2016,20740,10,0.001827
2016,20940,10,-0.006253
2016,21140,10,0.005741
2016,21300,10,-0.004287
2016,21500,10,-0.000418
2016,21660,10,0.003662
2016,21820,10,-0.005946
2016,22020,10,0.01819
2016,22140,10,-0.03388
2016,22380,10,-0.001368
2016,22420,10,-0.001591
2016,22500,10,-0.00816
2016,22520,10,-0.007352
2016,22540,10,0.000889
2016,22660,10,0.013406
2016,23420,10,-0.001156
2016,23460,10,-0.007092
2016,23580,10,0.005142
2016,24020,10,-0.001536
2016,24140,10,-0.00896
2016,24220,10,-0.000159
2016,24300,10,-0.003326
2016,24500,10,-0.0076
2016,24540,10,0.018815
2016,24580,10,0.00591
2016,24660,10,-0.000543
2016,25260,10,-0.001843
2016,25420,10,0.005372
2016,25500,10,-0.004928
2016,25540,10,-0.001068
2016,25860,10,-0.005373
2016,25980,10,-0.02284
2016,26300,10,-0.00925
2016,26380,10,-0.005621
2016,26620,10,0.007007
2016,26980,10,0.004047
2016,27060,10,-0.00113
2016,27100,10,0.000809
2016,27260,10,0.00692
2016,27340,10,-0.000462
2016,27500,10,0.000892
2016,27620,10,-0.005441
2016,27740,10,-0.000455
2016,27780,10,-0.004827
2016,27860,10,0.003732
2016,27900,10,-0.004049
2016,28100,10,-0.002554
2016,28420,10,0.007252
2016,28660,10,0.003942
2016,28700,10,-0.010088
2016,28740,10,-0.0014
2016,29100,10,0.000455
2016,29340,10,0.001765
2016,29420,10,-0.006013
2016,29460,10,0.007623
2016,29540,10,0.004367
2016,29700,10,0.0027
2016,29740,10,-0.005077
2016,29820,10,0.006952
2016,29940,10,0.002771
2016,30140,10,0.005794
2016,30300,10,-0.011083
2016,30340,10,-0.001523
2016,30460,10,0.00479
2016,30620,10,-0.003612
2016,30700,10,0.004207
2016,30780,10,-0.004015
2016,30860,10,0.007179
2016,31020,10,0.003138
2016,31420,10,-0.007585
2016,31700,10,0.003501
2016,31860,10,-0.003157
2016,31900,10,0.000527
2016,32580,10,0.002947
2016,32780,10,0.002502
2016,32900,10,-0.003835
2016,33140,10,-0.004394
2016,33340,10,0.00067
2016,33540,10,0.001204
2016,33700,10,-0.001665
2016,33780,10,0.000352
2016,33860,10,-0.000555
2016,34060,10,-0.006316
2016,34580,10,0.003267
2016,34620,10,-0.002071
2016,34740,10,0.002609
2016,34900,10,-0.005327
2016,34940,10,0.012623
2016,35300,10,-0.001404
2016,35660,10,-0.003086
2016,35980,10,-7.2e-05
2016,36100,10,0.00127
2016,36220,10,0.006886
2016,36420,10,0.004896
2016,36500,10,0.004654
2016,36540,10,0.003735
2016,36740,10,0.010564
2016,36780,10,0.001471
2016,36980,10,0.002407
2016,37100,10,-0.005352
2016,37340,10,0.003895
2016,37860,10,0.001798
2016,38060,10,0.002247
2016,38300,10,-5.6e-05
2016,38340,10,-0.005599
2016,38860,10,0.003832
2016,38900,10,0.006669
2016,38940,10,0.004698
2016,39300,10,0.000772
2016,39340,10,0.010388
2016,39380,10,0.00061
2016,39460,10,0.009637
2016,39540,10,0.001018
2016,39580,10,0.014069
2016,39740,10,0.002073
2016,39820,10,-0.008223
2016,39900,10,0.003072
2016,40140,10,-0.002204
2016,40220,10,-0.006738
2016,40420,10,-0.000402
2016,40580,10,-0.010556
2016,40660,10,-0.003514
2016,40900,10,0.00052
2016,40980,10,-0.003666
2016,41060,10,0.000417
2016,41100,10,0.012415
2016,41140,10,-0.008452
2016,41420,10,0.004851
2016,41500,10,-0.003317
2016,41700,10,0.006494
2016,41740,10,-0.001966
2016,41940,10,0.001468
2016,42020,10,-0.002587
2016,42100,10,-0.001428
2016,42140,10,-0.005866
2016,42220,10,-0.004146
2016,42340,10,0.006275
2016,42540,10,-0.001414
2016,42680,10,0.007699
2016,43100,10,0.001557
2016,43300,10,0.000913
2016,43620,10,0.008247
2016,43780,10,0.001758
2016,44100,10,-0.002092
2016,44180,10,0.002096
2016,44220,10,-0.001185
2016,44300,10,0.004403
2016,44700,10,0.001798
2016,45060,10,-0.000539
2016,45220,10,-0.001966
2016,45820,10,-0.005976
2016,45940,10,0.00043
2016,46060,10,-0.003263
2016,46140,10,0.003301
2016,46340,10,-0.000829
2016,46540,10,-0.003725
2016,46660,10,-0.007431
2016,46700,10,0.000155
2016,47220,10,-0.003094
2016,47300,10,-0.002907
2016,47940,10,-0.005257
2016,48300,10,0.004342
2016,48540,10,-0.013989
2016,48660,10,-0.01362
2016,48700,10,-0.004157
2016,49020,10,-0.00652
2016,49420,10,-0.002781
2016,49620,10,0.004215
2016,49660,10,-0.003188
2016,49700,10,-0.002161
2016,49740,10,-0.004964
2016,10180,11,-0.004618
2016,10420,11,0.000521
2016,10580,11,0.001353
2016,10740,11,-0.00585
2016,10780,11,-0.008583
2016,10900,11,0.004012
2016,11020,11,-0.003371
2016,11260,11,-0.005286
2016,11460,11,0.002733
2016,11500,11,-0.004907
2016,11540,11,0.006245
2016,11700,11,0.001113
2016,12020,11,0.006771
2016,12100,11,-0.000347
2016,12220,11,0.011282
2016,12420,11,0.017288
2016,12540,11,-0.001865
2016,12580,11,-0.006227
2016,12620,11,-0.004141
2016,12700,11,-0.000261
2016,12980,11,-0.002518
2016,13020,11,-0.002574
2016,13380,11,0.005907
2016,13460,11,0.014229
2016,13780,11,-0.003518
2016,14260,11,0.007519
2016,14500,11,0.002184
2016,14740,11,0.007417
2016,14860,11,0.000876
2016,15180,11,-0.00321
2016,15260,11,0.002054
2016,15380,11,-0.000557
2016,15500,11,0.002645
2016,15540,11,0.002028
2016,15940,11,-0.000677
2016,15980,11,0.012923
2016,16020,11,-0.007437
2016,16180,11,-0.007701
2016,16220,11,-0.005882
2016,16300,11,-6.9e-05
2016,16700,11,0.01271
2016,16860,11,-0.002328
2016,16940,11,-0.003585
2016,17020,11,-0.002045
2016,17420,11,0.00317
2016,17660,11,0.008972
2016,17780,11,0.012741
2016,17820,11,0.004794
2016,17900,11,0.003488
2016,18020,11,0.00809
2016,18700,11,0.004537
2016,19140,11,-0.004167
2016,19340,11,-0.000812
2016,19460,11,-0.005435
2016,19500,11,-0.005465
2016,19740,11,0.00658
2016,20020,11,-0.002387
2016,20100,11,0.002291
2016,20220,11,-0.003002
2016,20740,11,0.002499
2016,20940,11,-0.005683
2016,21140,11,0.005442
2016,21300,11,-0.004616
2016,21500,11,-0.001026
2016,21660,11,0.003363
2016,21820,11,-0.006336
2016,22020,11,0.020421
2016,22140,11,-0.032369
2016,22380,11,-0.000639
2016,22420,11,-0.002441
2016,22500,11,-0.008764
2016,22520,11,-0.007234
2016,22540,11,0.001392
2016,22660,11,0.012669
2016,23420,11,-0.000841
2016,23460,11,-0.006782
2016,23580,11,0.003359
2016,24020,11,-0.000217
2016,24140,11,-0.009575
2016,24220,11,0.002043
2016,24300,11,-0.003148
2016,24500,11,-0.007065
2016,24540,11,0.017861
2016,24580,11,0.00605
2016,24660,11,-0.001747
2016,25260,11,-0.001687
2016,25420,11,0.004794
2016,25500,11,-0.004174
2016,25540,11,-0.001464
2016,25860,11,-0.00645
2016,25980,11,-0.0223
2016,26300,11,-0.009211
2016,26380,11,-0.005136
2016,26620,11,0.007236
2016,26980,11,0.003971
2016,27060,11,-0.000592
2016,27100,11,-5.6e-05
2016,27260,11,0.007325
2016,27340,11,0.000155
2016,27500,11,0.000978
2016,27620,11,-0.005803
2016,27740,11,4.5e-05
2016,27780,11,-0.005051
2016,27860,11,0.003082
2016,27900,11,-0.004551
2016,28100,11,-0.001965
2016,28420,11,0.006101
2016,28660,11,0.003561
2016,28700,11,-0.009935
2016,28740,11,-0.000918
2016,29100,11,0.001448
2016,29340,11,0.002686
2016,29420,11,-0.004726
2016,29460,11,0.007776
2016,29540,11,0.004063
2016,29700,11,0.002683
2016,29740,11,-0.005489
2016,29820,11,0.006937
2016,29940,11,0.002014
2016,30140,11,0.005429
2016,30300,11,-0.011101
2016,30340,11,-0.001454
2016,30460,11,0.004506
2016,30620,11,-0.003245
2016,30700,11,0.00384
2016,30780,11,-0.00434
2016,30860,11,0.00621
2016,31020,11,0.002232
2016,31420,11,-0.00922
2016,31700,11,0.003194
2016,31860,11,-0.003146
2016,31900,11,-0.000223
2016,32580,11,0.002345
2016,32780,11,0.00244
2016,32900,11,-0.003929
2016,33140,11,-0.004143
2016,33340,11,0.001282
2016,33540,11,0.001939
2016,33700,11,-0.001738
2016,33780,11,-0.000372
2016,33860,11,-0.000857
2016,34060,11,-0.005942
2016,34580,11,0.002685
2016,34620,11,-0.003017
2016,34740,11,0.001696
2016,34900,11,-0.004914
2016,34940,11,0.014772
2016,35300,11,-0.001459
2016,35660,11,-0.002643
2016,35980,11,-0.000268
2016,36100,11,0.001117
2016,36220,11,0.00862
2016,36420,11,0.0047
2016,36500,11,0.004107
2016,36540,11,0.003188
2016,36740,11,0.011411
2016,36780,11,0.002014
2016,36980,11,0.002223
2016,37100,11,-0.005052
2016,37340,11,0.004617
2016,37860,11,0.002008
2016,38060,11,0.003275
2016,38300,11,-0.000247
2016,38340,11,-0.005423
2016,38860,11,0.004137
2016,38900,11,0.006982
2016,38940,11,0.005589
2016,39300,11,0.000737
2016,39340,11,0.010308
2016,39380,11,-0.0012
2016,39460,11,0.00974
2016,39540,11,0.001441
2016,39580,11,0.013603
2016,39740,11,0.001669
2016,39820,11,-0.007515
2016,39900,11,0.00352
2016,40140,11,-0.001112
2016,40220,11,-0.007008
2016,40420,11,-0.000538
2016,40580,11,-0.011636
2016,40660,11,-0.004982
2016,40900,11,0.000444
2016,40980,11,-0.004188
2016,41060,11,-0.000124
2016,41100,11,0.013334
2016,41140,11,-0.008848
2016,41420,11,0.003609
2016,41500,11,-0.003884
2016,41700,11,0.006675
2016,41740,11,-0.001784
2016,41940,11,0.001848
2016,42020,11,-0.002174
2016,42100,11,-0.00202
2016,42140,11,-0.006777
2016,42220,11,-0.004469
2016,42340,11,0.006374
2016,42540,11,-0.001838
2016,42680,11,0.008089
2016,43100,11,0.001688
2016,43300,11,0.000276
2016,43620,11,0.008648
2016,43780,11,0.001711
2016,44100,11,-0.001295
2016,44180,11,0.001575
2016,44220,11,-0.001576
2016,44300,11,0.004143
2016,44700,11,0.001546
2016,45060,11,-0.000996
2016,45220,11,-0.001654
2016,45820,11,-0.006279
2016,45940,11,0.000137
2016,46060,11,-0.003607
2016,46140,11,0.00262
2016,46340,11,-0.001614
2016,46540,11,-0.003778
2016,46660,11,-0.007239
2016,46700,11,-0.000199
2016,47220,11,-0.002772
2016,47300,11,-0.002308
2016,47940,11,-0.00515
2016,48300,11,0.004553
2016,48540,11,-0.014224
2016,48660,11,-0.014031
2016,48700,11,-0.003493
2016,49020,11,-0.005057
2016,49420,11,-0.003937
2016,49620,11,0.003659
2016,49660,11,-0.00356
2016,49700,11,-0.002326
2016,49740,11,-0.004883
2016,10180,12,-0.004888
2016,10420,12,0.000788
2016,10580,12,0.000987
2016,10740,12,-0.005524
2016,10780,12,-0.008394
2016,10900,12,0.003986
2016,11020,12,-0.003422
2016,11260,12,-0.005046
2016,11460,12,0.00257
2016,11500,12,-0.004944
2016,11540,12,0.006087
2016,11700,12,0.000891
2016,12020,12,0.006983
2016,12100,12,-0.000439
2016,12220,12,0.011314
2016,12420,12,0.017004
2016,12540,12,-0.002289
2016,12580,12,-0.006706
2016,12620,12,-0.004018
2016,12700,12,-0.000374
2016,12980,12,-0.002295
2016,13020,12,-0.002346
2016,13380,12,0.005557
2016,13460,12,0.013418
2016,13780,12,-0.003434
2016,14260,12,0.007368
2016,14500,12,0.002244
2016,14740,12,0.006919
2016,14860,12,0.000986
2016,15180,12,-0.002786
2016,15260,12,0.002244
2016,15380,12,-0.000429
2016,15500,12,0.003253
2016,15540,12,0.001693
2016,15940,12,-0.000438
2016,15980,12,0.011815
2016,16020,12,-0.007393
2016,16180,12,-0.007672
2016,16220,12,-0.006456
2016,16300,12,5.4e-05
2016,16700,12,0.012384
2016,16860,12,-0.002076
2016,16940,12,-0.003548
2016,17020,12,-0.001991
2016,17420,12,0.003033
2016,17660,12,0.008562
2016,17780,12,0.012587
2016,17820,12,0.005211
2016,17900,12,0.003919
2016,18020,12,0.00764
2016,18700,12,0.004576
2016,19140,12,-0.003799
2016,19340,12,-0.001122
2016,19460,12,-0.005292
2016,19500,12,-0.00552
2016,19740,12,0.006777
2016,20020,12,-0.002386
2016,20100,12,0.002319
2016,20220,12,-0.003182
2016,20740,12,0.00213
2016,20940,12,-0.005902
2016,21140,12,0.005202
2016,21300,12,-0.004728
2016,21500,12,-0.000738
2016,21660,12,0.003561
2016,21820,12,-0.006127
2016,22020,12,0.020263
2016,22140,12,-0.031281
2016,22380,12,-0.001092
2016,22420,12,-0.002167
2016,22500,12,-0.008272
2016,22520,12,-0.007249
2016,22540,12,0.001261
2016,22660,12,0.012788
2016,23420,12,-0.001031
2016,23460,12,-0.006932
2016,23580,12,0.003776
2016,24020,12,-0.00059
2016,24140,12,-0.009058
2016,24220,12,0.001567
2016,24300,12,-0.003097
2016,24500,12,-0.00691
2016,24540,12,0.018144
2016,24580,12,0.005924
2016,24660,12,-0.001039
2016,25260,12,-0.001669
2016,25420,12,0.004763
2016,25500,12,-0.004386
2016,25540,12,-0.001325
2016,25860,12,-0.005848
2016,25980,12,-0.021245
2016,26300,12,-0.009258
2016,26380,12,-0.005237
2016,26620,12,0.007432
2016,26980,12,0.004054
2016,27060,12,-0.001012
2016,27100,12,0.000117
2016,27260,12,0.006953
2016,27340,12,0.000345
2016,27500,12,0.000828
2016,27620,12,-0.005785
2016,27740,12,-9.4e-05
2016,27780,12,-0.004971
2016,27860,12,0.003457
2016,27900,12,-0.004731
2016,28100,12,-0.002098
2016,28420,12,0.00663
2016,28660,12,0.003661
2016,28700,12,-0.009827
2016,28740,12,-0.001052
2016,29100,12,0.000937
2016,29340,12,0.002582
2016,29420,12,-0.005462
2016,29460,12,0.007198
2016,29540,12,0.004001
2016,29700,12,0.00297
2016,29740,12,-0.005062
2016,29820,12,0.006529
2016,29940,12,0.001958
2016,30140,12,0.005409
2016,30300,12,-0.011201
2016,30340,12,-0.001468
2016,30460,12,0.004421
2016,30620,12,-0.003258
2016,30700,12,0.00401
2016,30780,12,-0.004005
2016,30860,12,0.006409
2016,31020,12,0.002474
2016,31420,12,-0.008485
2016,31700,12,0.003306
2016,31860,12,-0.00322
2016,31900,12,-5e-06
2016,32580,12,0.002609
2016,32780,12,0.002531
2016,32900,12,-0.004064
2016,33140,12,-0.004039
2016,33340,12,0.000963
2016,33540,12,0.001634
2016,33700,12,-0.002038
2016,33780,12,-0.000104
2016,33860,12,-0.000744
2016,34060,12,-0.006465
2016,34580,12,0.002895
2016,34620,12,-0.002795
2016,34740,12,0.001816
2016,34900,12,-0.005144
2016,34940,12,0.014078
2016,35300,12,-0.001436
2016,35660,12,-0.002838
2016,35980,12,-2.2e-05
2016,36100,12,0.000845
2016,36220,12,0.007014
2016,36420,12,0.004781
2016,36500,12,0.004483
2016,36540,12,0.003361
2016,36740,12,0.010767
2016,36780,12,0.001997
2016,36980,12,0.002089
2016,37100,12,-0.005149
2016,37340,12,0.003772
2016,37860,12,0.001955
2016,38060,12,0.002423
2016,38300,12,-7.4e-05
2016,38340,12,-0.005578
2016,38860,12,0.003966
2016,38900,12,0.006905
2016,38940,12,0.004583
2016,39300,12,0.000585
2016,39340,12,0.010195
2016,39380,12,-0.000748
2016,39460,12,0.009041
2016,39540,12,0.001216
2016,39580,12,0.013944
2016,39740,12,0.001631
2016,39820,12,-0.00749
2016,39900,12,0.003129
2016,40140,12,-0.001653
2016,40220,12,-0.006874
2016,40420,12,-0.000315
2016,40580,12,-0.010796
2016,40660,12,-0.004452
2016,40900,12,0.000285
2016,40980,12,-0.003732
2016,41060,12,-0.00026
2016,41100,12,0.013134
2016,41140,12,-0.008648
2016,41420,12,0.003887
2016,41500,12,-0.003671
2016,41700,12,0.006272
2016,41740,12,-0.001901
2016,41940,12,0.001929
2016,42020,12,-0.002308
2016,42100,12,-0.001943
2016,42140,12,-0.006578
2016,42220,12,-0.004244
2016,42340,12,0.006219
2016,42540,12,-0.0017
2016,42680,12,0.007624
2016,43100,12,0.001438
2016,43300,12,-9e-05
2016,43620,12,0.008741
2016,43780,12,0.001599
2016,44100,12,-0.001535
2016,44180,12,0.001668
2016,44220,12,-0.001373
2016,44300,12,0.004032
2016,44700,12,0.001351
2016,45060,12,-0.00082
2016,45220,12,-0.001697
2016,45820,12,-0.006193
2016,45940,12,0.000186
2016,46060,12,-0.003459
2016,46140,12,0.002998
2016,46340,12,-0.001723
2016,46540,12,-0.003805
2016,46660,12,-0.006802
2016,46700,12,-0.000235
2016,47220,12,-0.002611
2016,47300,12,-0.002332
2016,47940,12,-0.005292
2016,48300,12,0.004394
2016,48540,12,-0.014144
2016,48660,12,-0.013441
2016,48700,12,-0.003762
2016,49020,12,-0.005455
2016,49420,12,-0.003348
2016,49620,12,0.003737
2016,49660,12,-0.003318
2016,49700,12,-0.002399
2016,49740,12,-0.004889
2016,10180,13,-0.005073
2016,10420,13,0.001385
2016,10580,13,0.000603
2016,10740,13,-0.004378
2016,10780,13,-0.008297
2016,10900,13,0.004055
2016,11020,13,-0.003329
2016,11260,13,-0.004624
2016,11460,13,0.002126
2016,11500,13,-0.005294
2016,11540,13,0.005942
2016,11700,13,5.1e-05
2016,12020,13,0.008834
2016,12100,13,-0.00068
2016,12220,13,0.011309
2016,12420,13,0.015418
2016,12540,13,-0.003157
2016,12580,13,-0.007458
2016,12620,13,-0.003941
2016,12700,13,-0.001029
2016,12980,13,-0.001221
2016,13020,13,-0.00238
2016,13380,13,0.005376
2016,13460,13,0.011409
2016,13780,13,-0.003386
2016,14260,13,0.006942
2016,14500,13,0.002881
2016,14740,13,0.006535
2016,14860,13,0.002062
2016,15180,13,-0.001933
2016,15260,13,0.003038
2016,15380,13,-0.000385
2016,15500,13,0.004083
2016,15540,13,0.000561
2016,15940,13,0.000447
2016,15980,13,0.009696
2016,16020,13,-0.006644
2016,16180,13,-0.007038
2016,16220,13,-0.007678
2016,16300,13,0.000273
2016,16700,13,0.011008
2016,16860,13,-0.001641
2016,16940,13,-0.003741
2016,17020,13,-0.001861
2016,17420,13,0.002859
2016,17660,13,0.007626
2016,17780,13,0.012002
2016,17820,13,0.006297
2016,17900,13,0.004673
2016,18020,13,0.007027
2016,18700,13,0.004578
2016,19140,13,-0.002979
2016,19340,13,-0.002023
2016,19460,13,-0.004876
2016,19500,13,-0.006452
2016,19740,13,0.007202
2016,20020,13,-0.001732
2016,20100,13,0.002099
2016,20220,13,-0.003854
2016,20740,13,0.001549
2016,20940,13,-0.006766
2016,21140,13,0.005331
2016,21300,13,-0.004222
2016,21500,13,-0.00061
2016,21660,13,0.00414
2016,21820,13,-0.005407
2016,22020,13,0.017361
2016,22140,13,-0.031203
2016,22380,13,-0.001527
2016,22420,13,-0.001515
2016,22500,13,-0.007332
2016,22520,13,-0.00697
2016,22540,13,0.000828
2016,22660,13,0.012694
2016,23420,13,-0.001192
2016,23460,13,-0.007162
2016,23580,13,0.005793
2016,24020,13,-0.001792
2016,24140,13,-0.00796
2016,24220,13,-0.000484
2016,24300,13,-0.002953
2016,24500,13,-0.007081
2016,24540,13,0.017761
2016,24580,13,0.005696
2016,24660,13,0.000261
2016,25260,13,-0.001489
2016,25420,13,0.005251
2016,25500,13,-0.004703
2016,25540,13,-0.000879
2016,25860,13,-0.004751
2016,25980,13,-0.019787
2016,26300,13,-0.008747
2016,26380,13,-0.005198
2016,26620,13,0.007324
2016,26980,13,0.004308
2016,27060,13,-0.001183
2016,27100,13,0.000839
2016,27260,13,0.006559
2016,27340,13,0.00036
2016,27500,13,0.000827
2016,27620,13,-0.005428
2016,27740,13,-0.000611
2016,27780,13,-0.004908
2016,27860,13,0.003909
2016,27900,13,-0.00384
2016,28100,13,-0.002715
2016,28420,13,0.007752
2016,28660,13,0.003788
2016,28700,13,-0.009904
2016,28740,13,-0.001375
2016,29100,13,-9.9e-05
2016,29340,13,0.001228
2016,29420,13,-0.006967
2016,29460,13,0.006897
2016,29540,13,0.004089
2016,29700,13,0.003399
2016,29740,13,-0.004181
2016,29820,13,0.005709
2016,29940,13,0.002825
2016,30140,13,0.00565
2016,30300,13,-0.010164
2016,30340,13,-0.001831
2016,30460,13,0.004525
2016,30620,13,-0.003689
2016,30700,13,0.004418
2016,30780,13,-0.00345
2016,30860,13,0.007057
2016,31020,13,0.003067
2016,31420,13,-0.006402
2016,31700,13,0.003196
2016,31860,13,-0.00308
2016,31900,13,0.00076
2016,32580,13,0.003335
2016,32780,13,0.002929
2016,32900,13,-0.004871
2016,33140,13,-0.003938
2016,33340,13,0.00059
2016,33540,13,0.000753
2016,33700,13,-0.002644
2016,33780,13,0.000371
2016,33860,13,-0.000366
2016,34060,13,-0.006754
2016,34580,13,0.003823
2016,34620,13,-0.001017
2016,34740,13,0.002913
2016,34900,13,-0.005717
2016,34940,13,0.010953
2016,35300,13,-0.001297
2016,35660,13,-0.003083
2016,35980,13,0.000442
2016,36100,13,0.001152
2016,36220,13,0.005236
2016,36420,13,0.005211
2016,36500,13,0.005516
2016,36540,13,0.003691
2016,36740,13,0.009847
2016,36780,13,0.001529
2016,36980,13,0.00167
2016,37100,13,-0.005051
2016,37340,13,0.002065
2016,37860,13,0.001814
2016,38060,13,0.001104
2016,38300,13,-0.000324
2016,38340,13,-0.005454
2016,38860,13,0.003442
2016,38900,13,0.006598
2016,38940,13,0.002744
2016,39300,13,0.000427
2016,39340,13,0.00985
2016,39380,13,0.000314
2016,39460,13,0.007943
2016,39540,13,0.000929
2016,39580,13,0.014327
2016,39740,13,0.001949
2016,39820,13,-0.007721
2016,39900,13,0.002108
2016,40140,13,-0.002992
2016,40220,13,-0.00601
2016,40420,13,-9.7e-05
2016,40580,13,-0.009487
2016,40660,13,-0.003083
2016,40900,13,0.000158
2016,40980,13,-0.003366
2016,41060,13,0.000469
2016,41100,13,0.012141
2016,41140,13,-0.008278
2016,41420,13,0.005187
2016,41500,13,-0.003473
2016,41700,13,0.00584
2016,41740,13,-0.001833
2016,41940,13,0.001396
2016,42020,13,-0.0026
2016,42100,13,-0.001503
2016,42140,13,-0.00487
2016,42220,13,-0.004113
2016,42340,13,0.006112
2016,42540,13,-0.001345
2016,42680,13,0.006636
2016,43100,13,0.001373
2016,43300,13,-0.000351
2016,43620,13,0.00837
2016,43780,13,0.001749
2016,44100,13,-0.002586
2016,44180,13,0.00228
2016,44220,13,-0.001
2016,44300,13,0.004607
2016,44700,13,0.000636
2016,45060,13,-0.000393
2016,45220,13,-0.001674
2016,45820,13,-0.006049
2016,45940,13,0.000902
2016,46060,13,-0.002524
2016,46140,13,0.003587
2016,46340,13,-0.000666
2016,46540,13,-0.003671
2016,46660,13,-0.007007
2016,46700,13,-0.000512
2016,47220,13,-0.002374
2016,47300,13,-0.002957
2016,47940,13,-0.005326
2016,48300,13,0.004185
2016,48540,13,-0.013644
2016,48660,13,-0.012171
2016,48700,13,-0.005215
2016,49020,13,-0.006566
2016,49420,13,-0.002004
2016,49620,13,0.004285
2016,49660,13,-0.002806
2016,49700,13,-0.002165
2016,49740,13,-0.004502
2016,10180,14,-0.004954
2016,10420,14,-1.4e-05
2016,10580,14,0.00174
2016,10740,14,-0.006735
2016,10780,14,-0.008143
2016,10900,14,0.003873
2016,11020,14,-0.003854
2016,11260,14,-0.005135
2016,11460,14,0.00256
2016,11500,14,-0.004574
2016,11540,14,0.006063
2016,11700,14,0.002094
2016,12020,14,0.003887
2016,12100,14,0.000763
2016,12220,14,0.011535
2016,12420,14,0.018321
2016,12540,14,-0.000953
2016,12580,14,-0.005074
2016,12620,14,-0.004018
2016,12700,14,0.000395
2016,12980,14,-0.003056
2016,13020,14,-0.002571
2016,13380,14,0.005683
2016,13460,14,0.015837
2016,13780,14,-0.00363
2016,14260,14,0.008256
2016,14500,14,0.000875
2016,14740,14,0.006359
2016,14860,14,9e-05
2016,15180,14,-0.003509
2016,15260,14,0.001647
2016,15380,14,-0.000828
2016,15500,14,0.001252
2016,15540,14,0.002755
2016,15940,14,-0.001406
2016,15980,14,0.013405
2016,16020,14,-0.007944
2016,16180,14,-0.007169
2016,16220,14,-0.004163
2016,16300,14,-0.000926
2016,16700,14,0.013824
2016,16860,14,-0.002841
2016,16940,14,-0.003524
2016,17020,14,-0.001658
2016,17420,14,0.002943
2016,17660,14,0.009678
2016,17780,14,0.012497
2016,17820,14,0.003152
2016,17900,14,0.002642
2016,18020,14,0.007656
2016,18700,14,0.003793
2016,19140,14,-0.005313
2016,19340,14,-0.000242
2016,19460,14,-0.005689
2016,19500,14,-0.004477
2016,19740,14,0.005565
2016,20020,14,-0.002664
2016,20100,14,0.003027
2016,20220,14,-0.002721
2016,20740,14,0.002714
2016,20940,14,-0.004902
2016,21140,14,0.004733
2016,21300,14,-0.005874
2016,21500,14,-0.00145
2016,21660,14,0.002768
2016,21820,14,-0.007488
2016,22020,14,0.022975
2016,22140,14,-0.028699
2016,22380,14,-5.4e-05
2016,22420,14,-0.003109
2016,22500,14,-0.00933
2016,22520,14,-0.007034
2016,22540,14,0.001867
2016,22660,14,0.011571
2016,23420,14,-0.000579
2016,23460,14,-0.006425
2016,23580,14,0.001797
2016,24020,14,0.001116
2016,24140,14,-0.010106
2016,24220,14,0.004432
2016,24300,14,-0.002793
2016,24500,14,-0.006681
2016,24540,14,0.016609
2016,24580,14,0.005861
2016,24660,14,-0.002964
2016,25260,14,-0.001877
2016,25420,14,0.003951
2016,25500,14,-0.003497
2016,25540,14,-0.00199
2016,25860,14,-0.007537
2016,25980,14,-0.019884
2016,26300,14,-0.008968
2016,26380,14,-0.004756
2016,26620,14,0.007606
2016,26980,14,0.003975
2016,27060,14,-0.000395
2016,27100,14,-0.000787
2016,27260,14,0.007563
2016,27340,14,0.000447
2016,27500,14,0.001051
2016,27620,14,-0.006296
2016,27740,14,0.000318
2016,27780,14,-0.005646
2016,27860,14,0.002258
2016,27900,14,-0.005589
2016,28100,14,-0.001314
2016,28420,14,0.004389
2016,28660,14,0.002719
2016,28700,14,-0.009748
2016,28740,14,-0.000175
2016,29100,14,0.002005
2016,29340,14,0.003619
2016,29420,14,-0.003607
2016,29460,14,0.007617
2016,29540,14,0.003752
2016,29700,14,0.00287
2016,29740,14,-0.006014
2016,29820,14,0.006913
2016,29940,14,0.000897
2016,30140,14,0.004448
2016,30300,14,-0.011424
2016,30340,14,-0.001366
2016,30460,14,0.004035
2016,30620,14,-0.002479
2016,30700,14,0.003522
2016,30780,14,-0.004406
2016,30860,14,0.004477
2016,31020,14,0.001358
2016,31420,14,-0.010971
2016,31700,14,0.003057
2016,31860,14,-0.003143
2016,31900,14,-0.001015
2016,32580,14,0.001701
2016,32780,14,0.002465
2016,32900,14,-0.003947
2016,33140,14,-0.003369
2016,33340,14,0.001737
2016,33540,14,0.002121
2016,33700,14,-0.001854
2016,33780,14,-0.000955
2016,33860,14,-0.001373
2016,34060,14,-0.006253
2016,34580,14,0.002389
2016,34620,14,-0.004654
2016,34740,14,0.000959
2016,34900,14,-0.0042
2016,34940,14,0.017555
2016,35300,14,-0.001559
2016,35660,14,-0.002087
2016,35980,14,-0.000392
2016,36100,14,0.00093
2016,36220,14,0.009469
2016,36420,14,0.00427
2016,36500,14,0.003868
2016,36540,14,0.002648
2016,36740,14,0.012091
2016,36780,14,0.00256
2016,36980,14,0.001671
2016,37100,14,-0.004896
2016,37340,14,0.005433
2016,37860,14,0.002214
2016,38060,14,0.003925
2016,38300,14,-0.00028
2016,38340,14,-0.005416
2016,38860,14,0.004341
2016,38900,14,0.007309
2016,38940,14,0.006356
2016,39300,14,0.000762
2016,39340,14,0.009724
2016,39380,14,-0.003126
2016,39460,14,0.009584
2016,39540,14,0.001888
2016,39580,14,0.012737
2016,39740,14,0.001256
2016,39820,14,-0.006225
2016,39900,14,0.004614
2016,40140,14,-0.000211
2016,40220,14,-0.007456
2016,40420,14,-0.000354
2016,40580,14,-0.012648
2016,40660,14,-0.006711
2016,40900,14,0.000248
2016,40980,14,-0.004452
2016,41060,14,-0.001029
2016,41100,14,0.01406
2016,41140,14,-0.008816
2016,41420,14,0.002349
2016,41500,14,-0.004034
2016,41700,14,0.006735
2016,41740,14,-0.0018
2016,41940,14,0.002479
2016,42020,14,-0.001767
2016,42100,14,-0.002466
2016,42140,14,-0.007933
2016,42220,14,-0.004204
2016,42340,14,0.006189
2016,42540,14,-0.002279
2016,42680,14,0.00859
2016,43100,14,0.001417
2016,43300,14,-0.000681
2016,43620,14,0.009319
2016,43780,14,0.001299
2016,44100,14,-0.000672
2016,44180,14,0.001002
2016,44220,14,-0.001908
2016,44300,14,0.00382
2016,44700,14,0.001033
2016,45060,14,-0.001472
2016,45220,14,-0.001411
2016,45820,14,-0.006538
2016,45940,14,3.2e-05
2016,46060,14,-0.004095
2016,46140,14,0.002019
2016,46340,14,-0.002889
2016,46540,14,-0.003817
2016,46660,14,-0.006603
2016,46700,14,-0.000289
2016,47220,14,-0.001827
2016,47300,14,-0.001379
2016,47940,14,-0.005245
2016,48300,14,0.004433
2016,48540,14,-0.014715
2016,48660,14,-0.013797
2016,48700,14,-0.002816
2016,49020,14,-0.003521
2016,49420,14,-0.005207
2016,49620,14,0.003152
2016,49660,14,-0.004009
2016,49700,14,-0.002645
2016,49740,14,-0.004684
2016,10180,15,-0.004268
2016,10420,15,0.001346
2016,10580,15,0.001128
2016,10740,15,-0.005254
2016,10780,15,-0.009837
2016,10900,15,0.004695
2016,11020,15,-0.003063
2016,11260,15,-0.006655
2016,11460,15,0.003183
2016,11500,15,-0.005415
2016,11540,15,0.006445
2016,11700,15,-0.000141
2016,12020,15,0.011033
2016,12100,15,-0.001584
2016,12220,15,0.011809
2016,12420,15,0.016025
2016,12540,15,-0.002868
2016,12580,15,-0.007935
2016,12620,15,-0.004571
2016,12700,15,-0.001516
2016,12980,15,-0.001558
2016,13020,15,-0.002908
2016,13380,15,0.006245
2016,13460,15,0.013114
2016,13780,15,-0.003425
2016,14260,15,0.007406
2016,14500,15,0.003887
2016,14740,15,0.009496
2016,14860,15,0.002332
2016,15180,15,-0.003003
2016,15260,15,0.003207
2016,15380,15,-0.000619
2016,15500,15,0.00384
2016,15540,15,0.00064
2016,15940,15,0.000224
2016,15980,15,0.013218
2016,16020,15,-0.006877
2016,16180,15,-0.006849
2016,16220,15,-0.008382
2016,16300,15,0.000851
2016,16700,15,0.011478
2016,16860,15,-0.002633
2016,16940,15,-0.004811
2016,17020,15,-0.002549
2016,17420,15,0.003688
2016,17660,15,0.008687
2016,17780,15,0.013289
2016,17820,15,0.006531
2016,17900,15,0.004107
2016,18020,15,0.008754
2016,18700,15,0.004547
2016,19140,15,-0.002582
2016,19340,15,-0.002023
2016,19460,15,-0.00521
2016,19500,15,-0.007501
2016,19740,15,0.007784
2016,20020,15,-0.001759
2016,20100,15,0.001106
2016,20220,15,-0.003548
2016,20740,15,0.00209
2016,20940,15,-0.007172
2016,21140,15,0.007039
2016,21300,15,-0.003454
2016,21500,15,-0.000954
2016,21660,15,0.003958
2016,21820,15,-0.006134
2016,22020,15,0.015826
2016,22140,15,-0.040178
2016,22380,15,-0.000716
2016,22420,15,-0.001526
2016,22500,15,-0.009055
2016,22520,15,-0.007727
2016,22540,15,0.000725
2016,22660,15,0.013694
2016,23420,15,-0.000783
2016,23460,15,-0.0074
2016,23580,15,0.006752
2016,24020,15,-0.002207
2016,24140,15,-0.00984
2016,24220,15,-0.002005
2016,24300,15,-0.003386
2016,24500,15,-0.009102
2016,24540,15,0.018915
2016,24580,15,0.006364
2016,24660,15,-0.001003
2016,25260,15,-0.001766
2016,25420,15,0.006443
2016,25500,15,-0.005306
2016,25540,15,-0.000885
2016,25860,15,-0.005943
2016,25980,15,-0.026742
2016,26300,15,-0.009226
2016,26380,15,-0.005899
2016,26620,15,0.006543
2016,26980,15,0.004112
2016,27060,15,-0.000468
2016,27100,15,0.001419
2016,27260,15,0.007969
2016,27340,15,-0.000926
2016,27500,15,0.001343
2016,27620,15,-0.005222
2016,27740,15,-0.000701
2016,27780,15,-0.004961
2016,27860,15,0.003649
2016,27900,15,-0.002706
2016,28100,15,-0.002856
2016,28420,15,0.007397
2016,28660,15,0.004385
2016,28700,15,-0.011225
2016,28740,15,-0.001519
2016,29100,15,0.000543
2016,29340,15,0.000655
2016,29420,15,-0.00592
2016,29460,15,0.009774
2016,29540,15,0.005046
2016,29700,15,0.002223
2016,29740,15,-0.005464
2016,29820,15,0.008451
2016,29940,15,0.004312
2016,30140,15,0.006809
2016,30300,15,-0.010693
2016,30340,15,-0.001671
2016,30460,15,0.005434
2016,30620,15,-0.004411
2016,30700,15,0.004223
2016,30780,15,-0.004563
2016,30860,15,0.008142
2016,31020,15,0.003626
2016,31420,15,-0.007481
2016,31700,15,0.003441
2016,31860,15,-0.002986
2016,31900,15,0.000998
2016,32580,15,0.003342
2016,32780,15,0.0028
2016,32900,15,-0.004198
2016,33140,15,-0.005161
2016,33340,15,0.001027
2016,33540,15,0.001127
2016,33700,15,-0.001006
2016,33780,15,0.000277
2016,33860,15,-0.000358
2016,34060,15,-0.005759
2016,34580,15,0.00375
2016,34620,15,-0.000994
2016,34740,15,0.003543
2016,34900,15,-0.005604
2016,34940,15,0.011148
2016,35300,15,-0.001315
2016,35660,15,-0.003198
2016,35980,15,-0.000234
2016,36100,15,0.002768
2016,36220,15,0.009659
2016,36420,15,0.005238
2016,36500,15,0.004907
2016,36540,15,0.003991
2016,36740,15,0.011954
2016,36780,15,0.000875
2016,36980,15,0.002579
2016,37100,15,-0.005488
2016,37340,15,0.004843
2016,37860,15,0.001768
2016,38060,15,0.00372
2016,38300,15,-0.000931
2016,38340,15,-0.005529
2016,38860,15,0.003876
2016,38900,15,0.006581
2016,38940,15,0.005709
2016,39300,15,0.001164
2016,39340,15,0.011174
2016,39380,15,0.001185
2016,39460,15,0.011261
2016,39540,15,0.001448
2016,39580,15,0.01422
2016,39740,15,0.002877
2016,39820,15,-0.009169
2016,39900,15,0.003355
2016,40140,15,-0.002266
2016,40220,15,-0.006692
2016,40420,15,-0.000532
2016,40580,15,-0.011806
2016,40660,15,-0.00303
2016,40900,15,0.001205
2016,40980,15,-0.004525
2016,41060,15,0.00191
2016,41100,15,0.012533
2016,41140,15,-0.008825
2016,41420,15,0.006056
2016,41500,15,-0.003708
2016,41700,15,0.007455
2016,41740,15,-0.001925
2016,41940,15,5.2e-05
2016,42020,15,-0.002799
2016,42100,15,-0.001329
2016,42140,15,-0.004929
2016,42220,15,-0.004903
2016,42340,15,0.007152
2016,42540,15,-0.00133
2016,42680,15,0.008472
2016,43100,15,0.002424
2016,43300,15,0.002369
2016,43620,15,0.007646
2016,43780,15,0.002325
2016,44100,15,-0.002843
2016,44180,15,0.002796
2016,44220,15,-0.00131
2016,44300,15,0.005075
2016,44700,15,0.002406
2016,45060,15,-0.000565
2016,45220,15,-0.002004
2016,45820,15,-0.006097
2016,45940,15,0.000985
2016,46060,15,-0.002596
2016,46140,15,0.00321
2016,46340,15,0.000787
2016,46540,15,-0.003825
2016,46660,15,-0.009221
2016,46700,15,0.000456
2016,47220,15,-0.003736
2016,47300,15,-0.003627
2016,47940,15,-0.005178
2016,48300,15,0.004785
2016,48540,15,-0.01475
2016,48660,15,-0.01499
2016,48700,15,-0.005157
2016,49020,15,-0.007417
2016,49420,15,-0.00303
2016,49620,15,0.005103
2016,49660,15,-0.003426
2016,49700,15,-0.001463
2016,49740,15,-0.004728
2016,10180,16,-0.00456
2016,10420,16,0.001159
2016,10580,16,0.000868
2016,10740,16,-0.005517
2016,10780,16,-0.009063
2016,10900,16,0.004153
2016,11020,16,-0.00306
2016,11260,16,-0.005817
2016,11460,16,0.003166
2016,11500,16,-0.005106
2016,11540,16,0.006044
2016,11700,16,0.000474
2016,12020,16,0.008712
2016,12100,16,-0.001495
2016,12220,16,0.011276
2016,12420,16,0.016464
2016,12540,16,-0.002867
2016,12580,16,-0.007594
2016,12620,16,-0.004255
2016,12700,16,-0.000908
2016,12980,16,-0.001986
2016,13020,16,-0.002337
2016,13380,16,0.00559
2016,13460,16,0.012868
2016,13780,16,-0.003469
2016,14260,16,0.006893
2016,14500,16,0.003566
2016,14740,16,0.008252
2016,14860,16,0.001408
2016,15180,16,-0.002868
2016,15260,16,0.00238
2016,15380,16,-0.000202
2016,15500,16,0.00396
2016,15540,16,0.001284
2016,15940,16,-0.000226
2016,15980,16,0.012739
2016,16020,16,-0.007279
2016,16180,16,-0.007398
2016,16220,16,-0.007355
2016,16300,16,0.000651
2016,16700,16,0.01184
2016,16860,16,-0.00227
2016,16940,16,-0.003894
2016,17020,16,-0.002538
2016,17420,16,0.0034
2016,17660,16,0.008253
2016,17780,16,0.012971
2016,17820,16,0.006065
2016,17900,16,0.004049
2016,18020,16,0.008129
2016,18700,16,0.004432
2016,19140,16,-0.002939
2016,19340,16,-0.001461
2016,19460,16,-0.00507
2016,19500,16,-0.006327
2016,19740,16,0.007797
2016,20020,16,-0.002308
2016,20100,16,0.001385
2016,20220,16,-0.003029
2016,20740,16,0.001986
2016,20940,16,-0.006199
2016,21140,16,0.00608
2016,21300,16,-0.004226
2016,21500,16,-0.00044
2016,21660,16,0.003521
2016,21820,16,-0.006015
2016,22020,16,0.017873
2016,22140,16,-0.035672
2016,22380,16,-0.001294
2016,22420,16,-0.001787
2016,22500,16,-0.008473
2016,22520,16,-0.0075
2016,22540,16,0.000901
2016,22660,16,0.013698
2016,23420,16,-0.001092
2016,23460,16,-0.007091
2016,23580,16,0.005055
2016,24020,16,-0.001595
2016,24140,16,-0.009349
2016,24220,16,-0.000461
2016,24300,16,-0.003509
2016,24500,16,-0.007909
2016,24540,16,0.019108
2016,24580,16,0.006049
2016,24660,16,-0.000815
2016,25260,16,-0.002037
2016,25420,16,0.005596
2016,25500,16,-0.004979
2016,25540,16,-0.001077
2016,25860,16,-0.005604
2016,25980,16,-0.024386
2016,26300,16,-0.009382
2016,26380,16,-0.005776
2016,26620,16,0.006793
2016,26980,16,0.003979
2016,27060,16,-0.000978
2016,27100,16,0.000793
2016,27260,16,0.007097
2016,27340,16,-0.000787
2016,27500,16,0.00099
2016,27620,16,-0.005346
2016,27740,16,-0.000493
2016,27780,16,-0.004861
2016,27860,16,0.003658
2016,27900,16,-0.003888
2016,28100,16,-0.002535
2016,28420,16,0.00722
2016,28660,16,0.004043
2016,28700,16,-0.010203
2016,28740,16,-0.001446
2016,29100,16,0.000725
2016,29340,16,0.001706
2016,29420,16,-0.005745
2016,29460,16,0.008075
2016,29540,16,0.0046
2016,29700,16,0.002289
2016,29740,16,-0.005347
2016,29820,16,0.007419
2016,29940,16,0.003063
2016,30140,16,0.005996
2016,30300,16,-0.011191
2016,30340,16,-0.001393
2016,30460,16,0.005004
2016,30620,16,-0.003668
2016,30700,16,0.004111
2016,30780,16,-0.004229
2016,30860,16,0.007426
2016,31020,16,0.003245
2016,31420,16,-0.007932
2016,31700,16,0.003557
2016,31860,16,-0.003194
2016,31900,16,0.000481
2016,32580,16,0.002892
2016,32780,16,0.002314
2016,32900,16,-0.003549
2016,33140,16,-0.004627
2016,33340,16,0.00075
2016,33540,16,0.001407
2016,33700,16,-0.00131
2016,33780,16,0.000233
2016,33860,16,-0.000646
2016,34060,16,-0.005866
2016,34580,16,0.003174
2016,34620,16,-0.002264
2016,34740,16,0.002586
2016,34900,16,-0.005244
2016,34940,16,0.012763
2016,35300,16,-0.001424
2016,35660,16,-0.003119
2016,35980,16,-0.000328
2016,36100,16,0.001446
2016,36220,16,0.007964
2016,36420,16,0.004795
2016,36500,16,0.004467
2016,36540,16,0.003778
2016,36740,16,0.010836
2016,36780,16,0.001373
2016,36980,16,0.002681
2016,37100,16,-0.005441
2016,37340,16,0.004576
2016,37860,16,0.00177
2016,38060,16,0.002757
2016,38300,16,-0.000104
2016,38340,16,-0.005636
2016,38860,16,0.003936
2016,38900,16,0.006601
2016,38940,16,0.005444
2016,39300,16,0.000935
2016,39340,16,0.010653
2016,39380,16,0.000918
2016,39460,16,0.010417
2016,39540,16,0.001104
2016,39580,16,0.013955
2016,39740,16,0.002241
2016,39820,16,-0.00855
2016,39900,16,0.003209
2016,40140,16,-0.00196
2016,40220,16,-0.006871
2016,40420,16,-0.000538
2016,40580,16,-0.011024
2016,40660,16,-0.00352
2016,40900,16,0.000704
2016,40980,16,-0.003938
2016,41060,16,0.000588
2016,41100,16,0.012403
2016,41140,16,-0.008532
2016,41420,16,0.004939
2016,41500,16,-0.003343
2016,41700,16,0.00688
2016,41740,16,-0.001936
2016,41940,16,0.001256
2016,42020,16,-0.002599
2016,42100,16,-0.001347
2016,42140,16,-0.00594
2016,42220,16,-0.004286
2016,42340,16,0.006432
2016,42540,16,-0.001402
2016,42680,16,0.008059
2016,43100,16,0.001789
2016,43300,16,0.001617
2016,43620,16,0.008059
2016,43780,16,0.001851
2016,44100,16,-0.001964
2016,44180,16,0.002109
2016,44220,16,-0.001252
2016,44300,16,0.004446
2016,44700,16,0.002208
2016,45060,16,-0.000555
2016,45220,16,-0.002146
2016,45820,16,-0.00592
2016,45940,16,0.000351
2016,46060,16,-0.003439
2016,46140,16,0.003141
2016,46340,16,-0.000572
2016,46540,16,-0.003713
2016,46660,16,-0.007819
2016,46700,16,0.000352
2016,47220,16,-0.00346
2016,47300,16,-0.003019
2016,47940,16,-0.005155
2016,48300,16,0.004478
2016,48540,16,-0.014147
2016,48660,16,-0.014229
2016,48700,16,-0.003876
2016,49020,16,-0.006627
2016,49420,16,-0.002934
2016,49620,16,0.004318
2016,49660,16,-0.003358
2016,49700,16,-0.00215
2016,49740,16,-0.005096
2016,10180,17,-0.004954
2016,10420,17,-1.4e-05
2016,10580,17,0.00174
2016,10740,17,-0.006735
2016,10780,17,-0.008143
2016,10900,17,0.003873
2016,11020,17,-0.003854
2016,11260,17,-0.005135
2016,11460,17,0.00256
2016,11500,17,-0.004574
2016,11540,17,0.006063
2016,11700,17,0.002094
2016,12020,17,0.003887
2016,12100,17,0.000763
2016,12220,17,0.011535
2016,12420,17,0.018321
2016,12540,17,-0.000953
2016,12580,17,-0.005074
2016,12620,17,-0.004018
2016,12700,17,0.000395
2016,12980,17,-0.003056
2016,13020,17,-0.002571
2016,13380,17,0.005683
2016,13460,17,0.015837
2016,13780,17,-0.00363
2016,14260,17,0.008256
2016,14500,17,0.000875
2016,14740,17,0.006359
2016,14860,17,9e-05
2016,15180,17,-0.003509
2016,15260,17,0.001647
2016,15380,17,-0.000828
2016,15500,17,0.001252
2016,15540,17,0.002755
2016,15940,17,-0.001406
2016,15980,17,0.013405
2016,16020,17,-0.007944
2016,16180,17,-0.007169
2016,16220,17,-0.004163
2016,16300,17,-0.000926
2016,16700,17,0.013824
2016,16860,17,-0.002841
2016,16940,17,-0.003524
2016,17020,17,-0.001658
2016,17420,17,0.002943
2016,17660,17,0.009678
2016,17780,17,0.012497
2016,17820,17,0.003152
2016,17900,17,0.002642
2016,18020,17,0.007656
2016,18700,17,0.003793
2016,19140,17,-0.005313
2016,19340,17,-0.000242
2016,19460,17,-0.005689
2016,19500,17,-0.004477
2016,19740,17,0.005565
2016,20020,17,-0.002664
2016,20100,17,0.003027
2016,20220,17,-0.002721
2016,20740,17,0.002714
2016,20940,17,-0.004902
2016,21140,17,0.004733
2016,21300,17,-0.005874
2016,21500,17,-0.00145
2016,21660,17,0.002768
2016,21820,17,-0.007488
2016,22020,17,0.022975
2016,22140,17,-0.028699
2016,22380,17,-5.4e-05
2016,22420,17,-0.003109
2016,22500,17,-0.00933
2016,22520,17,-0.007034
2016,22540,17,0.001867
2016,22660,17,0.011571
2016,23420,17,-0.000579
2016,23460,17,-0.006425
2016,23580,17,0.001797
2016,24020,17,0.001116
2016,24140,17,-0.010106
2016,24220,17,0.004432
2016,24300,17,-0.002793
2016,24500,17,-0.006681
2016,24540,17,0.016609
2016,24580,17,0.005861
2016,24660,17,-0.002964
2016,25260,17,-0.001877
2016,25420,17,0.003951
2016,25500,17,-0.003497
2016,25540,17,-0.00199
2016,25860,17,-0.007537
2016,25980,17,-0.019884
2016,26300,17,-0.008968
2016,26380,17,-0.004756
2016,26620,17,0.007606
2016,26980,17,0.003975
2016,27060,17,-0.000395
2016,27100,17,-0.000787
2016,27260,17,0.007563
2016,27340,17,0.000447
2016,27500,17,0.001051
2016,27620,17,-0.006296
2016,27740,17,0.000318
2016,27780,17,-0.005646
2016,27860,17,0.002258
2016,27900,17,-0.005589
2016,28100,17,-0.001314
2016,28420,17,0.004389
2016,28660,17,0.002719
2016,28700,17,-0.009748
2016,28740,17,-0.000175
2016,29100,17,0.002005
2016,29340,17,0.003619
2016,29420,17,-0.003607
2016,29460,17,0.007617
2016,29540,17,0.003752
2016,29700,17,0.00287
2016,29740,17,-0.006014
2016,29820,17,0.006913
2016,29940,17,0.000897
2016,30140,17,0.004448
2016,30300,17,-0.011424
2016,30340,17,-0.001366
2016,30460,17,0.004035
2016,30620,17,-0.002479
2016,30700,17,0.003522
2016,30780,17,-0.004406
2016,30860,17,0.004477
2016,31020,17,0.001358
2016,31420,17,-0.010971
2016,31700,17,0.003057
2016,31860,17,-0.003143
2016,31900,17,-0.001015
2016,32580,17,0.001701
2016,32780,17,0.002465
2016,32900,17,-0.003947
2016,33140,17,-0.003369
2016,33340,17,0.001737
2016,33540,17,0.002121
2016,33700,17,-0.001854
2016,33780,17,-0.000955
2016,33860,17,-0.001373
2016,34060,17,-0.006253
2016,34580,17,0.002389
2016,34620,17,-0.004654
2016,34740,17,0.000959
2016,34900,17,-0.0042
2016,34940,17,0.017555
2016,35300,17,-0.001559
2016,35660,17,-0.002087
2016,35980,17,-0.000392
2016,36100,17,0.00093
2016,36220,17,0.009469
2016,36420,17,0.00427
2016,36500,17,0.003868
2016,36540,17,0.002648
2016,36740,17,0.012091
2016,36780,17,0.00256
2016,36980,17,0.001671
2016,37100,17,-0.004896
2016,37340,17,0.005433
2016,37860,17,0.002214
2016,38060,17,0.003925
2016,38300,17,-0.00028
2016,38340,17,-0.005416
2016,38860,17,0.004341
2016,38900,17,0.007309
2016,38940,17,0.006356
2016,39300,17,0.000762
2016,39340,17,0.009724
2016,39380,17,-0.003126
2016,39460,17,0.009584
2016,39540,17,0.001888
2016,39580,17,0.012737
2016,39740,17,0.001256
2016,39820,17,-0.006225
2016,39900,17,0.004614
2016,40140,17,-0.000211
2016,40220,17,-0.007456
2016,40420,17,-0.000354
2016,40580,17,-0.012648
2016,40660,17,-0.006711
2016,40900,17,0.000248
2016,40980,17,-0.004452
2016,41060,17,-0.001029
2016,41100,17,0.01406
2016,41140,17,-0.008816
2016,41420,17,0.002349
2016,41500,17,-0.004034
2016,41700,17,0.006735
2016,41740,17,-0.0018
2016,41940,17,0.002479
2016,42020,17,-0.001767
2016,42100,17,-0.002466
2016,42140,17,-0.007933
2016,42220,17,-0.004204
2016,42340,17,0.006189
2016,42540,17,-0.002279
2016,42680,17,0.00859
2016,43100,17,0.001417
2016,43300,17,-0.000681
2016,43620,17,0.009319
2016,43780,17,0.001299
2016,44100,17,-0.000672
2016,44180,17,0.001002
2016,44220,17,-0.001908
2016,44300,17,0.00382
2016,44700,17,0.001033
2016,45060,17,-0.001472
2016,45220,17,-0.001411
2016,45820,17,-0.006538
2016,45940,17,3.2e-05
2016,46060,17,-0.004095
2016,46140,17,0.002019
2016,46340,17,-0.002889
2016,46540,17,-0.003817
2016,46660,17,-0.006603
2016,46700,17,-0.000289
2016,47220,17,-0.001827
2016,47300,17,-0.001379
2016,47940,17,-0.005245
2016,48300,17,0.004433
2016,48540,17,-0.014715
2016,48660,17,-0.013797
2016,48700,17,-0.002816
2016,49020,17,-0.003521
2016,49420,17,-0.005207
2016,49620,17,0.003152
2016,49660,17,-0.004009
2016,49700,17,-0.002645
2016,49740,17,-0.004684
2016,10180,18,-0.004669
2016,10420,18,0.001097
2016,10580,18,0.000868
2016,10740,18,-0.005502
2016,10780,18,-0.008877
2016,10900,18,0.004079
2016,11020,18,-0.003136
2016,11260,18,-0.00554
2016,11460,18,0.003011
2016,11500,18,-0.005028
2016,11540,18,0.005996
2016,11700,18,0.000641
2016,12020,18,0.008149
2016,12100,18,-0.00132
2016,12220,18,0.011255
2016,12420,18,0.016509
2016,12540,18,-0.002855
2016,12580,18,-0.007416
2016,12620,18,-0.004179
2016,12700,18,-0.000797
2016,12980,18,-0.002097
2016,13020,18,-0.002257
2016,13380,18,0.00558
2016,13460,18,0.012808
2016,13780,18,-0.003456
2016,14260,18,0.006793
2016,14500,18,0.003343
2016,14740,18,0.008042
2016,14860,18,0.001211
2016,15180,18,-0.002815
2016,15260,18,0.002289
2016,15380,18,-0.00021
2016,15500,18,0.003927
2016,15540,18,0.001416
2016,15940,18,-0.000353
2016,15980,18,0.01248
2016,16020,18,-0.007367
2016,16180,18,-0.007549
2016,16220,18,-0.007049
2016,16300,18,0.000573
2016,16700,18,0.011955
2016,16860,18,-0.002209
2016,16940,18,-0.003699
2016,17020,18,-0.00244
2016,17420,18,0.003323
2016,17660,18,0.008252
2016,17780,18,0.012881
2016,17820,18,0.00592
2016,17900,18,0.00406
2016,18020,18,0.007974
2016,18700,18,0.004464
2016,19140,18,-0.003075
2016,19340,18,-0.001323
2016,19460,18,-0.005072
2016,19500,18,-0.006032
2016,19740,18,0.007629
2016,20020,18,-0.0024
2016,20100,18,0.001574
2016,20220,18,-0.002938
2016,20740,18,0.001987
2016,20940,18,-0.006085
2016,21140,18,0.005844
2016,21300,18,-0.004491
2016,21500,18,-0.000428
2016,21660,18,0.00352
2016,21820,18,-0.005942
2016,22020,18,0.018378
2016,22140,18,-0.034499
2016,22380,18,-0.001352
2016,22420,18,-0.002006
2016,22500,18,-0.008359
2016,22520,18,-0.007474
2016,22540,18,0.00101
2016,22660,18,0.01357
2016,23420,18,-0.001126
2016,23460,18,-0.007036
2016,23580,18,0.00462
2016,24020,18,-0.001374
2016,24140,18,-0.009237
2016,24220,18,-0.000113
2016,24300,18,-0.003422
2016,24500,18,-0.007619
2016,24540,18,0.018966
2016,24580,18,0.006007
2016,24660,18,-0.000804
2016,25260,18,-0.002021
2016,25420,18,0.0054
2016,25500,18,-0.004824
2016,25540,18,-0.001124
2016,25860,18,-0.005565
2016,25980,18,-0.023674
2016,26300,18,-0.009362
2016,26380,18,-0.005689
2016,26620,18,0.006922
2016,26980,18,0.003976
2016,27060,18,-0.001103
2016,27100,18,0.000568
2016,27260,18,0.006946
2016,27340,18,-0.00055
2016,27500,18,0.000938
2016,27620,18,-0.005396
2016,27740,18,-0.000441
2016,27780,18,-0.0049
2016,27860,18,0.003638
2016,27900,18,-0.004172
2016,28100,18,-0.002374
2016,28420,18,0.007205
2016,28660,18,0.003971
2016,28700,18,-0.009993
2016,28740,18,-0.001341
2016,29100,18,0.000788
2016,29340,18,0.00194
2016,29420,18,-0.005734
2016,29460,18,0.007709
2016,29540,18,0.004499
2016,29700,18,0.002344
2016,29740,18,-0.005191
2016,29820,18,0.007043
2016,29940,18,0.0028
2016,30140,18,0.005818
2016,30300,18,-0.011233
2016,30340,18,-0.001337
2016,30460,18,0.004881
2016,30620,18,-0.003489
2016,30700,18,0.004062
2016,30780,18,-0.00412
2016,30860,18,0.007256
2016,31020,18,0.003194
2016,31420,18,-0.008053
2016,31700,18,0.003532
2016,31860,18,-0.003242
2016,31900,18,0.000344
2016,32580,18,0.002813
2016,32780,18,0.002274
2016,32900,18,-0.003655
2016,33140,18,-0.004465
2016,33340,18,0.000759
2016,33540,18,0.001521
2016,33700,18,-0.001574
2016,33780,18,0.000111
2016,33860,18,-0.00071
2016,34060,18,-0.005925
2016,34580,18,0.003176
2016,34620,18,-0.00256
2016,34740,18,0.002316
2016,34900,18,-0.005247
2016,34940,18,0.013063
2016,35300,18,-0.001426
2016,35660,18,-0.003072
2016,35980,18,-0.00029
2016,36100,18,0.0012
2016,36220,18,0.007607
2016,36420,18,0.004713
2016,36500,18,0.004552
2016,36540,18,0.003707
2016,36740,18,0.010598
2016,36780,18,0.001537
2016,36980,18,0.002586
2016,37100,18,-0.005423
2016,37340,18,0.004432
2016,37860,18,0.001799
2016,38060,18,0.00247
2016,38300,18,-3.2e-05
2016,38340,18,-0.005649
2016,38860,18,0.003931
2016,38900,18,0.006644
2016,38940,18,0.005242
2016,39300,18,0.000866
2016,39340,18,0.010501
2016,39380,18,0.000757
2016,39460,18,0.010124
2016,39540,18,0.001117
2016,39580,18,0.013897
2016,39740,18,0.00211
2016,39820,18,-0.008329
2016,39900,18,0.003066
2016,40140,18,-0.001951
2016,40220,18,-0.006862
2016,40420,18,-0.00043
2016,40580,18,-0.010887
2016,40660,18,-0.003684
2016,40900,18,0.000522
2016,40980,18,-0.00386
2016,41060,18,0.000308
2016,41100,18,0.012431
2016,41140,18,-0.00847
2016,41420,18,0.00474
2016,41500,18,-0.00338
2016,41700,18,0.006745
2016,41740,18,-0.00195
2016,41940,18,0.001429
2016,42020,18,-0.002547
2016,42100,18,-0.001429
2016,42140,18,-0.006085
2016,42220,18,-0.004257
2016,42340,18,0.006327
2016,42540,18,-0.001432
2016,42680,18,0.007923
2016,43100,18,0.0017
2016,43300,18,0.00132
2016,43620,18,0.008187
2016,43780,18,0.001754
2016,44100,18,-0.001782
2016,44180,18,0.001977
2016,44220,18,-0.001245
2016,44300,18,0.004287
2016,44700,18,0.001945
2016,45060,18,-0.000586
2016,45220,18,-0.002099
2016,45820,18,-0.005895
2016,45940,18,0.000271
2016,46060,18,-0.003554
2016,46140,18,0.00312
2016,46340,18,-0.000889
2016,46540,18,-0.003705
2016,46660,18,-0.007454
2016,46700,18,0.000158
2016,47220,18,-0.003264
2016,47300,18,-0.002854
2016,47940,18,-0.005165
2016,48300,18,0.004516
2016,48540,18,-0.014142
2016,48660,18,-0.014023
2016,48700,18,-0.003714
2016,49020,18,-0.006414
2016,49420,18,-0.002867
2016,49620,18,0.004178
2016,49660,18,-0.003364
2016,49700,18,-0.002363
2016,49740,18,-0.00508
2016,10180,19,-0.004913
2016,10420,19,0.001122
2016,10580,19,0.000738
2016,10740,19,-0.005191
2016,10780,19,-0.008523
2016,10900,19,0.004004
2016,11020,19,-0.003267
2016,11260,19,-0.005077
2016,11460,19,0.002602
2016,11500,19,-0.005056
2016,11540,19,0.00596
2016,11700,19,0.000585
2016,12020,19,0.007926
2016,12100,19,-0.000964
2016,12220,19,0.011193
2016,12420,19,0.016398
2016,12540,19,-0.00296
2016,12580,19,-0.007362
2016,12620,19,-0.00408
2016,12700,19,-0.000687
2016,12980,19,-0.00192
2016,13020,19,-0.002204
2016,13380,19,0.005487
2016,13460,19,0.012417
2016,13780,19,-0.003495
2016,14260,19,0.006836
2016,14500,19,0.003002
2016,14740,19,0.007351
2016,14860,19,0.001288
2016,15180,19,-0.002469
2016,15260,19,0.002455
2016,15380,19,-0.000231
2016,15500,19,0.003961
2016,15540,19,0.001264
2016,15940,19,-0.00018
2016,15980,19,0.011369
2016,16020,19,-0.00726
2016,16180,19,-0.00748
2016,16220,19,-0.007191
2016,16300,19,0.000393
2016,16700,19,0.011855
2016,16860,19,-0.001935
2016,16940,19,-0.003564
2016,17020,19,-0.002196
2016,17420,19,0.003069
2016,17660,19,0.008065
2016,17780,19,0.012619
2016,17820,19,0.005931
2016,17900,19,0.004293
2016,18020,19,0.007529
2016,18700,19,0.004663
2016,19140,19,-0.003221
2016,19340,19,-0.001472
2016,19460,19,-0.005031
2016,19500,19,-0.005914
2016,19740,19,0.007411
2016,20020,19,-0.002277
2016,20100,19,0.001908
2016,20220,19,-0.003241
2016,20740,19,0.001838
2016,20940,19,-0.006176
2016,21140,19,0.005432
2016,21300,19,-0.004576
2016,21500,19,-0.00041
2016,21660,19,0.003751
2016,21820,19,-0.005742
2016,22020,19,0.018859
2016,22140,19,-0.03233
2016,22380,19,-0.001462
2016,22420,19,-0.001871
2016,22500,19,-0.007962
2016,22520,19,-0.007324
2016,22540,19,0.001031
2016,22660,19,0.013277
2016,23420,19,-0.001226
2016,23460,19,-0.007053
2016,23580,19,0.004618
2016,24020,19,-0.001266
2016,24140,19,-0.008753
2016,24220,19,0.00027
2016,24300,19,-0.0032
2016,24500,19,-0.007173
2016,24540,19,0.018664
2016,24580,19,0.005877
2016,24660,19,-0.000449
2016,25260,19,-0.001751
2016,25420,19,0.005132
2016,25500,19,-0.004727
2016,25540,19,-0.00111
2016,25860,19,-0.005265
2016,25980,19,-0.021868
2016,26300,19,-0.009233
2016,26380,19,-0.005489
2016,26620,19,0.007219
2016,26980,19,0.004064
2016,27060,19,-0.001315
2016,27100,19,0.000513
2016,27260,19,0.006709
2016,27340,19,-6.8e-05
2016,27500,19,0.000809
2016,27620,19,-0.005517
2016,27740,19,-0.000376
2016,27780,19,-0.004854
2016,27860,19,0.003755
2016,27900,19,-0.004396
2016,28100,19,-0.00237
2016,28420,19,0.00737
2016,28660,19,0.003894
2016,28700,19,-0.009818
2016,28740,19,-0.001286
2016,29100,19,0.00051
2016,29340,19,0.002055
2016,29420,19,-0.006094
2016,29460,19,0.007089
2016,29540,19,0.004211
2016,29700,19,0.002835
2016,29740,19,-0.004794
2016,29820,19,0.00633
2016,29940,19,0.002438
2016,30140,19,0.005601
2016,30300,19,-0.011099
2016,30340,19,-0.001492
2016,30460,19,0.00463
2016,30620,19,-0.003422
2016,30700,19,0.004179
2016,30780,19,-0.003858
2016,30860,19,0.007038
2016,31020,19,0.003102
2016,31420,19,-0.007644
2016,31700,19,0.003449
2016,31860,19,-0.003224
2016,31900,19,0.000378
2016,32580,19,0.002876
2016,32780,19,0.002486
2016,32900,19,-0.004095
2016,33140,19,-0.004202
2016,33340,19,0.000677
2016,33540,19,0.001365
2016,33700,19,-0.00213
2016,33780,19,0.000204
2016,33860,19,-0.000595
2016,34060,19,-0.006426
2016,34580,19,0.003319
2016,34620,19,-0.002335
2016,34740,19,0.002271
2016,34900,19,-0.005426
2016,34940,19,0.012898
2016,35300,19,-0.001399
2016,35660,19,-0.003043
2016,35980,19,2.9e-05
2016,36100,19,0.000923
2016,36220,19,0.006271
2016,36420,19,0.004852
2016,36500,19,0.004832
2016,36540,19,0.003655
2016,36740,19,0.010205
2016,36780,19,0.001697
2016,36980,19,0.002271
2016,37100,19,-0.005321
2016,37340,19,0.003557
2016,37860,19,0.001845
2016,38060,19,0.001742
2016,38300,19,2.7e-05
2016,38340,19,-0.005603
2016,38860,19,0.003815
2016,38900,19,0.006761
2016,38940,19,0.004288
2016,39300,19,0.000646
2016,39340,19,0.010204
2016,39380,19,0.000408
2016,39460,19,0.009148
2016,39540,19,0.001015
2016,39580,19,0.014103
2016,39740,19,0.001889
2016,39820,19,-0.007975
2016,39900,19,0.002761
2016,40140,19,-0.002281
2016,40220,19,-0.006684
2016,40420,19,-0.000257
2016,40580,19,-0.010306
2016,40660,19,-0.003687
2016,40900,19,0.000232
2016,40980,19,-0.00355
2016,41060,19,7.1e-05
2016,41100,19,0.012464
2016,41140,19,-0.008413
2016,41420,19,0.00464
2016,41500,19,-0.003415
2016,41700,19,0.006274
2016,41740,19,-0.001982
2016,41940,19,0.001704
2016,42020,19,-0.002538
2016,42100,19,-0.00155
2016,42140,19,-0.005985
2016,42220,19,-0.004162
2016,42340,19,0.006148
2016,42540,19,-0.001447
2016,42680,19,0.007446
2016,43100,19,0.001441
2016,43300,19,0.000432
2016,43620,19,0.008437
2016,43780,19,0.001658
2016,44100,19,-0.001887
2016,44180,19,0.001948
2016,44220,19,-0.001162
2016,44300,19,0.004225
2016,44700,19,0.001354
2016,45060,19,-0.000567
2016,45220,19,-0.001867
2016,45820,19,-0.005967
2016,45940,19,0.000341
2016,46060,19,-0.003374
2016,46140,19,0.003322
2016,46340,19,-0.001223
2016,46540,19,-0.003723
2016,46660,19,-0.006948
2016,46700,19,-0.000204
2016,47220,19,-0.002831
2016,47300,19,-0.00274
2016,47940,19,-0.005288
2016,48300,19,0.004434
2016,48540,19,-0.013965
2016,48660,19,-0.013323
2016,48700,19,-0.004046
2016,49020,19,-0.006295
2016,49420,19,-0.002606
2016,49620,19,0.004034
2016,49660,19,-0.003162
2016,49700,19,-0.002464
2016,49740,19,-0.004937
2017,10180,0,-0.004406
2017,10420,0,0.000887
2017,10580,0,0.00357
2017,10740,0,-0.003983
2017,10780,0,-0.00553
2017,10900,0,0.003679
2017,11020,0,-0.004118
2017,11260,0,-0.001328
2017,11460,0,0.006704
2017,11500,0,-0.007247
2017,11540,0,0.005309
2017,11700,0,0.00093
2017,12020,0,0.002366
2017,12100,0,-0.002085
2017,12220,0,0.009512
2017,12420,0,0.01683
2017,12540,0,-0.00602
2017,12580,0,-0.008945
2017,12620,0,-0.001832
2017,12700,0,-0.002226
2017,12980,0,0.000931
2017,13020,0,-0.002842
2017,13380,0,0.009164
2017,13460,0,0.020807
2017,13780,0,-0.004171
2017,14260,0,0.006744
2017,14500,0,-0.001398
2017,14740,0,0.005968
2017,14860,0,0.001122
2017,15180,0,-0.000401
2017,15260,0,-0.001022
2017,15380,0,-0.000571
2017,15500,0,0.003473
2017,15540,0,-0.000171
2017,15940,0,-0.000756
2017,15980,0,0.013959
2017,16020,0,-0.007093
2017,16180,0,-0.007472
2017,16220,0,-0.020867
2017,16300,0,0.001427
2017,16700,0,0.008522
2017,16860,0,-0.002495
2017,16940,0,-0.001223
2017,17020,0,-0.001759
2017,17420,0,0.002469
2017,17660,0,0.010732
2017,17780,0,0.00967
2017,17820,0,0.008744
2017,17900,0,0.001929
2017,18020,0,0.003877
2017,18700,0,0.000452
2017,19340,0,-0.001859
2017,19460,0,-0.003969
2017,19500,0,-0.004386
2017,19740,0,0.003445
2017,20020,0,-0.004186
2017,20100,0,-0.000975
2017,20220,0,-0.006182
2017,20740,0,0.00599
2017,20940,0,-0.004261
2017,21140,0,0.00196
2017,21300,0,-0.005979
2017,21500,0,-0.002544
2017,21660,0,0.005548
2017,21820,0,0.000291
2017,22020,0,0.011836
2017,22140,0,-0.028712
2017,22380,0,-0.001203
2017,22420,0,-0.002251
2017,22500,0,-0.009474
2017,22520,0,-0.004315
2017,22540,0,0.002674
2017,22660,0,0.006546
2017,23420,0,-0.002475
2017,23460,0,-0.005761
2017,23580,0,0.004484
2017,24020,0,-0.001282
2017,24220,0,-0.004811
2017,24300,0,-0.000627
2017,24500,0,-0.012338
2017,24540,0,0.019867
2017,24580,0,0.006514
2017,24660,0,-0.002339
2017,25420,0,0.006537
2017,25500,0,-0.000411
2017,25540,0,-0.001099
2017,25860,0,-0.005621
2017,25980,0,-0.001774
2017,26300,0,-0.004173
2017,26380,0,-0.0086
2017,26620,0,0.007717
2017,26980,0,0.004741
2017,27060,0,0.000875
2017,27100,0,-0.003715
2017,27260,0,0.00726
2017,27340,0,-0.004191
2017,27500,0,0.001349
2017,27740,0,-4.5e-05
2017,27780,0,-0.0058
2017,27860,0,0.004553
2017,27900,0,-0.00241
2017,28100,0,-0.003432
2017,28420,0,0.009318
2017,28660,0,0.006079
2017,28700,0,-0.010688
2017,28740,0,-0.000446
2017,29100,0,0.001466
2017,29340,0,0.001622
2017,29420,0,-0.006948
2017,29460,0,0.007553
2017,29540,0,0.003383
2017,29700,0,0.004044
2017,29740,0,-0.003212
2017,29820,0,0.004821
2017,29940,0,0.007605
2017,30140,0,0.007348
2017,30300,0,-0.007365
2017,30340,0,0.000255
2017,30460,0,0.007327
2017,30620,0,-0.002329
2017,30700,0,0.007527
2017,30780,0,-0.000326
2017,30860,0,0.007137
2017,31020,0,0.005529
2017,31420,0,-0.008895
2017,31700,0,0.003717
2017,31860,0,0.002952
2017,32580,0,0.005946
2017,32780,0,0.002496
2017,32900,0,-0.005687
2017,33140,0,-0.003774
2017,33340,0,3.3e-05
2017,33540,0,0.005118
2017,33700,0,-0.002871
2017,33780,0,-0.000252
2017,33860,0,5e-05
2017,34060,0,-0.008377
2017,34580,0,0.005409
2017,34620,0,-0.001453
2017,34740,0,0.002943
2017,34940,0,0.009143
2017,35300,0,-0.001527
2017,35660,0,-0.002807
2017,35840,0,0.011105
2017,35980,0,-0.001326
2017,36100,0,0.001838
2017,36220,0,-0.021125
2017,36420,0,0.003424
2017,36500,0,0.010871
2017,36540,0,0.004468
2017,36740,0,0.009383
2017,36780,0,0.004256
2017,36980,0,-0.000408
2017,37100,0,-0.00749
2017,37340,0,0.002375
2017,37860,0,0.003621
2017,38060,0,0.001397
2017,38300,0,-0.001419
2017,38340,0,-0.005405
2017,38860,0,0.004076
2017,38900,0,0.005077
2017,38940,0,0.005837
2017,39300,0,0.000651
2017,39340,0,0.014002
2017,39380,0,0.001889
2017,39460,0,0.011575
2017,39540,0,0.001602
2017,39580,0,0.013452
2017,39740,0,0.001272
2017,39820,0,-0.007104
2017,39900,0,0.002794
2017,40140,0,-0.001847
2017,40420,0,0.000344
2017,40660,0,-0.005755
2017,40900,0,0.00047
2017,40980,0,-0.000397
2017,41060,0,-0.00292
2017,41100,0,0.013348
2017,41140,0,-0.006212
2017,41420,0,0.007576
2017,41500,0,-0.002529
2017,41700,0,0.007039
2017,41740,0,-0.001932
2017,41940,0,-0.005312
2017,42020,0,-0.004459
2017,42100,0,-0.006293
2017,42140,0,-0.004202
2017,42220,0,-0.006879
2017,42340,0,0.002258
2017,42540,0,-0.001462
2017,42680,0,0.008217
2017,43100,0,-0.001042
2017,43620,0,0.007977
2017,43780,0,0.002918
2017,44100,0,-0.003069
2017,44180,0,-0.000185
2017,44220,0,-0.003031
2017,44300,0,0.004308
2017,44700,0,0.001152
2017,45060,0,-0.001747
2017,45220,0,-0.004117
2017,45820,0,-0.006115
2017,45940,0,0.002933
2017,46060,0,-0.002603
2017,46140,0,0.001084
2017,46340,0,0.001932
2017,46540,0,-0.002141
2017,46660,0,-0.001727
2017,46700,0,0.000812
2017,47220,0,-0.003687
2017,47300,0,-0.004327
2017,47940,0,-0.009005
2017,48300,0,0.003848
2017,48540,0,-0.017315
2017,48660,0,-0.004747
2017,48700,0,-0.003928
2017,49020,0,-0.00065
2017,49420,0,-0.001222
2017,49620,0,0.004098
2017,49660,0,-0.00414
2017,49740,0,-0.001664
2017,10180,1,-0.004036
2017,10420,1,0.000944
2017,10580,1,0.003783
2017,10740,1,-0.004011
2017,10780,1,-0.005575
2017,10900,1,0.00323
2017,11020,1,-0.004042
2017,11260,1,-0.00184
2017,11460,1,0.005328
2017,11500,1,-0.0068
2017,11540,1,0.00522
2017,11700,1,0.000608
2017,12020,1,0.002384
2017,12100,1,-0.00094
2017,12220,1,0.009233
2017,12420,1,0.016387
2017,12540,1,-0.004704
2017,12580,1,-0.008212
2017,12620,1,-0.001242
2017,12700,1,-0.002369
2017,12980,1,0.000406
2017,13020,1,-0.002418
2017,13380,1,0.007883
2017,13460,1,0.020164
2017,13780,1,-0.003699
2017,14260,1,0.007188
2017,14500,1,-0.001873
2017,14740,1,0.005282
2017,14860,1,0.001434
2017,15180,1,-0.000718
2017,15260,1,-0.000217
2017,15380,1,-0.000797
2017,15500,1,0.003235
2017,15540,1,0.000176
2017,15940,1,-0.000548
2017,15980,1,0.012939
2017,16020,1,-0.007312
2017,16180,1,-0.006647
2017,16220,1,-0.017
2017,16300,1,0.000998
2017,16700,1,0.008509
2017,16860,1,-0.003018
2017,16940,1,-0.001608
2017,17020,1,-0.001488
2017,17420,1,0.002788
2017,17660,1,0.010314
2017,17780,1,0.009202
2017,17820,1,0.007378
2017,17900,1,0.002393
2017,18020,1,0.003674
2017,18700,1,-0.000483
2017,19340,1,-0.001808
2017,19460,1,-0.003805
2017,19500,1,-0.004069
2017,19740,1,0.003359
2017,20020,1,-0.003601
2017,20100,1,2.4e-05
2017,20220,1,-0.005996
2017,20740,1,0.005523
2017,20940,1,-0.004408
2017,21140,1,0.001667
2017,21300,1,-0.005684
2017,21500,1,-0.00224
2017,21660,1,0.003911
2017,21820,1,-0.001451
2017,22020,1,0.012465
2017,22140,1,-0.025124
2017,22380,1,-0.001032
2017,22420,1,-0.002244
2017,22500,1,-0.008968
2017,22520,1,-0.004142
2017,22540,1,0.002313
2017,22660,1,0.006357
2017,23420,1,-0.001724
2017,23460,1,-0.005678
2017,23580,1,0.004171
2017,24020,1,-0.00071
2017,24220,1,-0.004479
2017,24300,1,-0.000674
2017,24500,1,-0.011483
2017,24540,1,0.017953
2017,24580,1,0.006096
2017,24660,1,-0.002369
2017,25420,1,0.006078
2017,25500,1,-0.000896
2017,25540,1,-0.000925
2017,25860,1,-0.006167
2017,25980,1,-0.001475
2017,26300,1,-0.004553
2017,26380,1,-0.007597
2017,26620,1,0.007663
2017,26980,1,0.004557
2017,27060,1,-1.5e-05
2017,27100,1,-0.003049
2017,27260,1,0.007034
2017,27340,1,-0.002662
2017,27500,1,0.000926
2017,27740,1,-0.000518
2017,27780,1,-0.0054
2017,27860,1,0.003707
2017,27900,1,-0.002913
2017,28100,1,-0.002855
2017,28420,1,0.008547
2017,28660,1,0.005608
2017,28700,1,-0.010483
2017,28740,1,-0.000257
2017,29100,1,0.001588
2017,29340,1,0.001259
2017,29420,1,-0.006395
2017,29460,1,0.006403
2017,29540,1,0.002666
2017,29700,1,0.004683
2017,29740,1,-0.002618
2017,29820,1,0.005376
2017,29940,1,0.007484
2017,30140,1,0.006072
2017,30300,1,-0.0081
2017,30340,1,-0.000138
2017,30460,1,0.006598
2017,30620,1,-0.002146
2017,30700,1,0.00748
2017,30780,1,-0.000153
2017,30860,1,0.004782
2017,31020,1,0.004005
2017,31420,1,-0.008269
2017,31700,1,0.003235
2017,31860,1,0.003118
2017,32580,1,0.005498
2017,32780,1,0.00231
2017,32900,1,-0.005079
2017,33140,1,-0.002962
2017,33340,1,0.000298
2017,33540,1,0.004121
2017,33700,1,-0.00275
2017,33780,1,-0.000396
2017,33860,1,0.00025
2017,34060,1,-0.008664
2017,34580,1,0.004663
2017,34620,1,-0.001942
2017,34740,1,0.002067
2017,34940,1,0.009745
2017,35300,1,-0.001352
2017,35660,1,-0.002624
2017,35840,1,0.01075
2017,35980,1,-0.001279
2017,36100,1,0.001415
2017,36220,1,-0.016099
2017,36420,1,0.002982
2017,36500,1,0.009467
2017,36540,1,0.004057
2017,36740,1,0.009497
2017,36780,1,0.004263
2017,36980,1,-0.000893
2017,37100,1,-0.006775
2017,37340,1,0.00133
2017,37860,1,0.003106
2017,38060,1,0.001708
2017,38300,1,-0.001587
2017,38340,1,-0.005173
2017,38860,1,0.003715
2017,38900,1,0.004905
2017,38940,1,0.003958
2017,39300,1,0.0004
2017,39340,1,0.012466
2017,39380,1,0.000835
2017,39460,1,0.009729
2017,39540,1,0.00133
2017,39580,1,0.012952
2017,39740,1,0.000962
2017,39820,1,-0.006042
2017,39900,1,0.003312
2017,40140,1,-0.001519
2017,40420,1,0.000624
2017,40660,1,-0.005747
2017,40900,1,0.000732
2017,40980,1,-0.000425
2017,41060,1,-0.003453
2017,41100,1,0.0123
2017,41140,1,-0.006256
2017,41420,1,0.005781
2017,41500,1,-0.002492
2017,41700,1,0.005565
2017,41740,1,-0.001547
2017,41940,1,-0.004489
2017,42020,1,-0.004345
2017,42100,1,-0.005946
2017,42140,1,-0.004794
2017,42220,1,-0.005925
2017,42340,1,0.00268
2017,42540,1,-0.001513
2017,42680,1,0.006852
2017,43100,1,-0.001259
2017,43620,1,0.007795
2017,43780,1,0.002275
2017,44100,1,-0.002936
2017,44180,1,-4.3e-05
2017,44220,1,-0.002364
2017,44300,1,0.003348
2017,44700,1,0.001439
2017,45060,1,-0.001572
2017,45220,1,-0.003363
2017,45820,1,-0.005843
2017,45940,1,0.003108
2017,46060,1,-0.002072
2017,46140,1,0.001153
2017,46340,1,0.000571
2017,46540,1,-0.002422
2017,46660,1,-0.001309
2017,46700,1,0.001267
2017,47220,1,-0.002473
2017,47300,1,-0.003307
2017,47940,1,-0.008371
2017,48300,1,0.00361
2017,48540,1,-0.017
2017,48660,1,-0.005415
2017,48700,1,-0.003963
2017,49020,1,-0.000458
2017,49420,1,-0.001841
2017,49620,1,0.003405
2017,49660,1,-0.003711
2017,49740,1,-0.001373
2017,10180,2,-0.003185
2017,10420,2,-2e-06
2017,10580,2,0.005107
2017,10740,2,-0.004857
2017,10780,2,-0.005811
2017,10900,2,0.00235
2017,11020,2,-0.003764
2017,11260,2,-0.001708
2017,11460,2,0.004327
2017,11500,2,-0.00717
2017,11540,2,0.006083
2017,11700,2,0.001957
2017,12020,2,0.001194
2017,12100,2,-0.000492
2017,12220,2,0.009662
2017,12420,2,0.018917
2017,12540,2,-0.00463
2017,12580,2,-0.007026
2017,12620,2,-0.000533
2017,12700,2,-0.002343
2017,12980,2,-0.000866
2017,13020,2,-0.004226
2017,13380,2,0.008874
2017,13460,2,0.023712
2017,13780,2,-0.003524
2017,14260,2,0.00899
2017,14500,2,-0.002044
2017,14740,2,0.005352
2017,14860,2,0.000696
2017,15180,2,-0.00267
2017,15260,2,-0.000483
2017,15380,2,-0.000685
2017,15500,2,0.001782
2017,15540,2,0.00195
2017,15940,2,-0.001284
2017,15980,2,0.01461
2017,16020,2,-0.007868
2017,16180,2,-0.007351
2017,16220,2,-0.0148
2017,16300,2,-0.000105
2017,16700,2,0.010474
2017,16860,2,-0.003452
2017,16940,2,-0.001273
2017,17020,2,-0.001643
2017,17420,2,0.003322
2017,17660,2,0.012078
2017,17780,2,0.010227
2017,17820,2,0.006137
2017,17900,2,0.001936
2017,18020,2,0.004554
2017,18700,2,-0.000332
2017,19340,2,-0.000414
2017,19460,2,-0.004977
2017,19500,2,-0.00366
2017,19740,2,0.003581
2017,20020,2,-0.003723
2017,20100,2,0.001353
2017,20220,2,-0.00568
2017,20740,2,0.007255
2017,20940,2,-0.00512
2017,21140,2,0.001749
2017,21300,2,-0.00703
2017,21500,2,-0.002664
2017,21660,2,0.003628
2017,21820,2,-0.002244
2017,22020,2,0.015509
2017,22140,2,-0.023217
2017,22380,2,-0.000475
2017,22420,2,-0.004347
2017,22500,2,-0.009517
2017,22520,2,-0.003365
2017,22540,2,0.002499
2017,22660,2,0.006558
2017,23420,2,-0.001862
2017,23460,2,-0.006029
2017,23580,2,0.001606
2017,24020,2,9.9e-05
2017,24220,2,-0.002393
2017,24300,2,-0.000748
2017,24500,2,-0.011523
2017,24540,2,0.017218
2017,24580,2,0.006585
2017,24660,2,-0.003688
2017,25420,2,0.005688
2017,25500,2,-0.000412
2017,25540,2,-0.00151
2017,25860,2,-0.007991
2017,25980,2,-0.00263
2017,26300,2,-0.00631
2017,26380,2,-0.007124
2017,26620,2,0.008281
2017,26980,2,0.004529
2017,27060,2,0.000872
2017,27100,2,-0.004705
2017,27260,2,0.007878
2017,27340,2,-0.001197
2017,27500,2,0.001097
2017,27740,2,-0.000497
2017,27780,2,-0.00578
2017,27860,2,0.002469
2017,27900,2,-0.004701
2017,28100,2,-0.002399
2017,28420,2,0.00899
2017,28660,2,0.005435
2017,28700,2,-0.010534
2017,28740,2,-0.00105
2017,29100,2,0.003638
2017,29340,2,0.002147
2017,29420,2,-0.006331
2017,29460,2,0.006219
2017,29540,2,0.002551
2017,29700,2,0.004559
2017,29740,2,-0.003173
2017,29820,2,0.004041
2017,29940,2,0.007713
2017,30140,2,0.005023
2017,30300,2,-0.008378
2017,30340,2,0.000333
2017,30460,2,0.006632
2017,30620,2,-0.00187
2017,30700,2,0.00765
2017,30780,2,-0.000391
2017,30860,2,0.003331
2017,31020,2,0.003061
2017,31420,2,-0.010099
2017,31700,2,0.002557
2017,31860,2,0.003469
2017,32580,2,0.004912
2017,32780,2,0.002109
2017,32900,2,-0.006574
2017,33140,2,-0.002336
2017,33340,2,0.001145
2017,33540,2,0.004902
2017,33700,2,-0.004302
2017,33780,2,-0.00179
2017,33860,2,-0.000477
2017,34060,2,-0.007846
2017,34580,2,0.004498
2017,34620,2,-0.002931
2017,34740,2,0.001026
2017,34940,2,0.012096
2017,35300,2,-0.001863
2017,35660,2,-0.002156
2017,35840,2,0.012449
2017,35980,2,-0.002346
2017,36100,2,0.000489
2017,36220,2,-0.01314
2017,36420,2,0.002502
2017,36500,2,0.009198
2017,36540,2,0.003468
2017,36740,2,0.010879
2017,36780,2,0.005091
2017,36980,2,-0.00121
2017,37100,2,-0.006989
2017,37340,2,0.002039
2017,37860,2,0.003324
2017,38060,2,0.002756
2017,38300,2,-0.001493
2017,38340,2,-0.005026
2017,38860,2,0.004216
2017,38900,2,0.007082
2017,38940,2,0.003455
2017,39300,2,-4.8e-05
2017,39340,2,0.012821
2017,39380,2,-0.001955
2017,39460,2,0.009457
2017,39540,2,0.001288
2017,39580,2,0.013806
2017,39740,2,0.000112
2017,39820,2,-0.005984
2017,39900,2,0.003373
2017,40140,2,-0.001619
2017,40420,2,0.000159
2017,40660,2,-0.007251
2017,40900,2,0.000238
2017,40980,2,-0.001183
2017,41060,2,-0.005203
2017,41100,2,0.012931
2017,41140,2,-0.006783
2017,41420,2,0.004959
2017,41500,2,-0.00393
2017,41700,2,0.00557
2017,41740,2,-0.001355
2017,41940,2,-0.003505
2017,42020,2,-0.004384
2017,42100,2,-0.006459
2017,42140,2,-0.006651
2017,42220,2,-0.006333
2017,42340,2,0.002966
2017,42540,2,-0.002246
2017,42680,2,0.006662
2017,43100,2,-0.00124
2017,43620,2,0.008526
2017,43780,2,0.002687
2017,44100,2,-0.0019
2017,44180,2,-0.00071
2017,44220,2,-0.002496
2017,44300,2,0.003579
2017,44700,2,-5.7e-05
2017,45060,2,-0.001645
2017,45220,2,-0.003523
2017,45820,2,-0.0067
2017,45940,2,0.002476
2017,46060,2,-0.002777
2017,46140,2,1.8e-05
2017,46340,2,-0.000869
2017,46540,2,-0.001985
2017,46660,2,-0.001662
2017,46700,2,-7.9e-05
2017,47220,2,-0.002262
2017,47300,2,-0.002964
2017,47940,2,-0.00838
2017,48300,2,0.004705
2017,48540,2,-0.01933
2017,48660,2,-0.00615
2017,48700,2,-0.003296
2017,49020,2,0.000584
2017,49420,2,-0.002883
2017,49620,2,0.002348
2017,49660,2,-0.003908
2017,49740,2,-0.002077
2017,10180,3,-0.003678
2017,10420,3,0.000451
2017,10580,3,0.004556
2017,10740,3,-0.004259
2017,10780,3,-0.005775
2017,10900,3,0.002716
2017,11020,3,-0.003929
2017,11260,3,-0.001459
2017,11460,3,0.004841
2017,11500,3,-0.007044
2017,11540,3,0.005695
2017,11700,3,0.001218
2017,12020,3,0.002067
2017,12100,3,-0.000819
2017,12220,3,0.009387
2017,12420,3,0.01764
2017,12540,3,-0.005258
2017,12580,3,-0.007854
2017,12620,3,-0.000802
2017,12700,3,-0.002427
2017,12980,3,-8.9e-05
2017,13020,3,-0.003305
2017,13380,3,0.008862
2017,13460,3,0.022088
2017,13780,3,-0.003843
2017,14260,3,0.007735
2017,14500,3,-0.001561
2017,14740,3,0.00558
2017,14860,3,0.001166
2017,15180,3,-0.001592
2017,15260,3,-0.000411
2017,15380,3,-0.000526
2017,15500,3,0.002702
2017,15540,3,0.000965
2017,15940,3,-0.000792
2017,15980,3,0.013943
2017,16020,3,-0.007644
2017,16180,3,-0.007539
2017,16220,3,-0.016867
2017,16300,3,0.00054
2017,16700,3,0.009364
2017,16860,3,-0.003008
2017,16940,3,-0.001105
2017,17020,3,-0.001504
2017,17420,3,0.003054
2017,17660,3,0.011154
2017,17780,3,0.009774
2017,17820,3,0.00722
2017,17900,3,0.002235
2017,18020,3,0.004092
2017,18700,3,-0.000278
2017,19340,3,-0.001194
2017,19460,3,-0.00445
2017,19500,3,-0.003936
2017,19740,3,0.003733
2017,20020,3,-0.003813
2017,20100,3,0.000555
2017,20220,3,-0.006125
2017,20740,3,0.006519
2017,20940,3,-0.004641
2017,21140,3,0.001718
2017,21300,3,-0.006111
2017,21500,3,-0.002553
2017,21660,3,0.004023
2017,21820,3,-0.001375
2017,22020,3,0.013923
2017,22140,3,-0.02447
2017,22380,3,-0.001104
2017,22420,3,-0.002995
2017,22500,3,-0.009307
2017,22520,3,-0.003812
2017,22540,3,0.002276
2017,22660,3,0.006797
2017,23420,3,-0.002072
2017,23460,3,-0.005957
2017,23580,3,0.002951
2017,24020,3,-0.00051
2017,24220,3,-0.003531
2017,24300,3,-0.000819
2017,24500,3,-0.011158
2017,24540,3,0.018263
2017,24580,3,0.00641
2017,24660,3,-0.002864
2017,25420,3,0.006021
2017,25500,3,-0.000812
2017,25540,3,-0.001228
2017,25860,3,-0.006938
2017,25980,3,-0.00227
2017,26300,3,-0.005404
2017,26380,3,-0.007437
2017,26620,3,0.008023
2017,26980,3,0.004581
2017,27060,3,0.000452
2017,27100,3,-0.003957
2017,27260,3,0.00736
2017,27340,3,-0.002275
2017,27500,3,0.001082
2017,27740,3,-0.000557
2017,27780,3,-0.005452
2017,27860,3,0.003254
2017,27900,3,-0.003593
2017,28100,3,-0.002907
2017,28420,3,0.009198
2017,28660,3,0.005761
2017,28700,3,-0.01077
2017,28740,3,-0.000678
2017,29100,3,0.002663
2017,29340,3,0.001806
2017,29420,3,-0.006429
2017,29460,3,0.006138
2017,29540,3,0.002385
2017,29700,3,0.004747
2017,29740,3,-0.002847
2017,29820,3,0.004045
2017,29940,3,0.00774
2017,30140,3,0.005753
2017,30300,3,-0.008226
2017,30340,3,-0.000105
2017,30460,3,0.006787
2017,30620,3,-0.002258
2017,30700,3,0.007861
2017,30780,3,-0.000261
2017,30860,3,0.004323
2017,31020,3,0.00381
2017,31420,3,-0.009204
2017,31700,3,0.002917
2017,31860,3,0.003288
2017,32580,3,0.005398
2017,32780,3,0.00222
2017,32900,3,-0.006225
2017,33140,3,-0.002817
2017,33340,3,0.000648
2017,33540,3,0.004714
2017,33700,3,-0.003955
2017,33780,3,-0.001088
2017,33860,3,-2.2e-05
2017,34060,3,-0.008326
2017,34580,3,0.004813
2017,34620,3,-0.002074
2017,34740,3,0.001629
2017,34940,3,0.010658
2017,35300,3,-0.001683
2017,35660,3,-0.002579
2017,35840,3,0.011605
2017,35980,3,-0.00173
2017,36100,3,0.000825
2017,36220,3,-0.016088
2017,36420,3,0.002905
2017,36500,3,0.009561
2017,36540,3,0.003881
2017,36740,3,0.009953
2017,36780,3,0.004832
2017,36980,3,-0.000857
2017,37100,3,-0.006976
2017,37340,3,0.001528
2017,37860,3,0.003269
2017,38060,3,0.001639
2017,38300,3,-0.001414
2017,38340,3,-0.005208
2017,38860,3,0.004039
2017,38900,3,0.006197
2017,38940,3,0.003916
2017,39300,3,0.000208
2017,39340,3,0.012896
2017,39380,3,-0.000254
2017,39460,3,0.009672
2017,39540,3,0.001314
2017,39580,3,0.013563
2017,39740,3,0.000388
2017,39820,3,-0.006348
2017,39900,3,0.003137
2017,40140,3,-0.001885
2017,40420,3,0.00018
2017,40660,3,-0.006504
2017,40900,3,0.000294
2017,40980,3,-0.000714
2017,41060,3,-0.004403
2017,41100,3,0.01256
2017,41140,3,-0.006764
2017,41420,3,0.005616
2017,41500,3,-0.003185
2017,41700,3,0.005662
2017,41740,3,-0.001441
2017,41940,3,-0.004049
2017,42020,3,-0.004428
2017,42100,3,-0.006219
2017,42140,3,-0.005448
2017,42220,3,-0.006439
2017,42340,3,0.002646
2017,42540,3,-0.001883
2017,42680,3,0.006767
2017,43100,3,-0.00124
2017,43620,3,0.008303
2017,43780,3,0.0025
2017,44100,3,-0.00251
2017,44180,3,-0.000397
2017,44220,3,-0.002627
2017,44300,3,0.003537
2017,44700,3,0.000373
2017,45060,3,-0.001571
2017,45220,3,-0.003551
2017,45820,3,-0.006308
2017,45940,3,0.002849
2017,46060,3,-0.002522
2017,46140,3,0.000691
2017,46340,3,8e-05
2017,46540,3,-0.002223
2017,46660,3,-0.001687
2017,46700,3,0.000303
2017,47220,3,-0.002555
2017,47300,3,-0.003366
2017,47940,3,-0.008657
2017,48300,3,0.004335
2017,48540,3,-0.017281
2017,48660,3,-0.005716
2017,48700,3,-0.003714
2017,49020,3,0.000108
2017,49420,3,-0.001927
2017,49620,3,0.002741
2017,49660,3,-0.003748
2017,49740,3,-0.001819
2017,10180,4,-0.003905
2017,10420,4,0.000796
2017,10580,4,0.003887
2017,10740,4,-0.004122
2017,10780,4,-0.005519
2017,10900,4,0.003008
2017,11020,4,-0.003848
2017,11260,4,-0.00181
2017,11460,4,0.005228
2017,11500,4,-0.006858
2017,11540,4,0.005279
2017,11700,4,0.000864
2017,12020,4,0.002122
2017,12100,4,-0.001041
2017,12220,4,0.009226
2017,12420,4,0.016736
2017,12540,4,-0.005053
2017,12580,4,-0.00817
2017,12620,4,-0.001146
2017,12700,4,-0.002275
2017,12980,4,0.000253
2017,13020,4,-0.002672
2017,13380,4,0.007924
2017,13460,4,0.020687
2017,13780,4,-0.003716
2017,14260,4,0.007239
2017,14500,4,-0.001648
2017,14740,4,0.005272
2017,14860,4,0.001226
2017,15180,4,-0.001011
2017,15260,4,-0.000288
2017,15380,4,-0.000669
2017,15500,4,0.003177
2017,15540,4,0.00041
2017,15940,4,-0.000716
2017,15980,4,0.013268
2017,16020,4,-0.00733
2017,16180,4,-0.006821
2017,16220,4,-0.017031
2017,16300,4,0.00085
2017,16700,4,0.00877
2017,16860,4,-0.003014
2017,16940,4,-0.001437
2017,17020,4,-0.001548
2017,17420,4,0.002845
2017,17660,4,0.010446
2017,17780,4,0.00938
2017,17820,4,0.007385
2017,17900,4,0.002339
2017,18020,4,0.003669
2017,18700,4,-0.000415
2017,19340,4,-0.001566
2017,19460,4,-0.004039
2017,19500,4,-0.004015
2017,19740,4,0.003619
2017,20020,4,-0.00368
2017,20100,4,0.000161
2017,20220,4,-0.005801
2017,20740,4,0.005802
2017,20940,4,-0.004324
2017,21140,4,0.00162
2017,21300,4,-0.006078
2017,21500,4,-0.002111
2017,21660,4,0.003887
2017,21820,4,-0.001322
2017,22020,4,0.012844
2017,22140,4,-0.024609
2017,22380,4,-0.001101
2017,22420,4,-0.002549
2017,22500,4,-0.008917
2017,22520,4,-0.00392
2017,22540,4,0.002305
2017,22660,4,0.006603
2017,23420,4,-0.001905
2017,23460,4,-0.005717
2017,23580,4,0.003561
2017,24020,4,-0.000814
2017,24220,4,-0.00435
2017,24300,4,-0.000772
2017,24500,4,-0.011546
2017,24540,4,0.018154
2017,24580,4,0.006172
2017,24660,4,-0.00243
2017,25420,4,0.005977
2017,25500,4,-0.000878
2017,25540,4,-0.001055
2017,25860,4,-0.006267
2017,25980,4,-0.002
2017,26300,4,-0.004961
2017,26380,4,-0.007693
2017,26620,4,0.007697
2017,26980,4,0.004462
2017,27060,4,0.000131
2017,27100,4,-0.003402
2017,27260,4,0.007093
2017,27340,4,-0.002436
2017,27500,4,0.000869
2017,27740,4,-0.000585
2017,27780,4,-0.005381
2017,27860,4,0.003685
2017,27900,4,-0.00336
2017,28100,4,-0.002814
2017,28420,4,0.00892
2017,28660,4,0.005711
2017,28700,4,-0.010324
2017,28740,4,-0.000526
2017,29100,4,0.001842
2017,29340,4,0.001474
2017,29420,4,-0.006446
2017,29460,4,0.006195
2017,29540,4,0.002728
2017,29700,4,0.004596
2017,29740,4,-0.002643
2017,29820,4,0.004889
2017,29940,4,0.007525
2017,30140,4,0.005838
2017,30300,4,-0.008227
2017,30340,4,0.000114
2017,30460,4,0.006641
2017,30620,4,-0.002034
2017,30700,4,0.007519
2017,30780,4,-7.9e-05
2017,30860,4,0.004757
2017,31020,4,0.004011
2017,31420,4,-0.008408
2017,31700,4,0.003235
2017,31860,4,0.003176
2017,32580,4,0.005466
2017,32780,4,0.002219
2017,32900,4,-0.005168
2017,33140,4,-0.002948
2017,33340,4,0.000298
2017,33540,4,0.004294
2017,33700,4,-0.003023
2017,33780,4,-0.000506
2017,33860,4,0.00013
2017,34060,4,-0.008516
2017,34580,4,0.004632
2017,34620,4,-0.002089
2017,34740,4,0.001956
2017,34940,4,0.010035
2017,35300,4,-0.001485
2017,35660,4,-0.002572
2017,35840,4,0.01105
2017,35980,4,-0.001518
2017,36100,4,0.00108
2017,36220,4,-0.01652
2017,36420,4,0.002832
2017,36500,4,0.009431
2017,36540,4,0.004015
2017,36740,4,0.009517
2017,36780,4,0.004338
2017,36980,4,-0.000816
2017,37100,4,-0.006936
2017,37340,4,0.001563
2017,37860,4,0.003168
2017,38060,4,0.001561
2017,38300,4,-0.001364
2017,38340,4,-0.005196
2017,38860,4,0.003802
2017,38900,4,0.005279
2017,38940,4,0.004022
2017,39300,4,0.000339
2017,39340,4,0.012539
2017,39380,4,0.000664
2017,39460,4,0.009744
2017,39540,4,0.001184
2017,39580,4,0.013171
2017,39740,4,0.000778
2017,39820,4,-0.006166
2017,39900,4,0.00317
2017,40140,4,-0.001721
2017,40420,4,0.000549
2017,40660,4,-0.005807
2017,40900,4,0.000569
2017,40980,4,-0.000303
2017,41060,4,-0.003762
2017,41100,4,0.0123
2017,41140,4,-0.006153
2017,41420,4,0.005739
2017,41500,4,-0.002559
2017,41700,4,0.005545
2017,41740,4,-0.001556
2017,41940,4,-0.004312
2017,42020,4,-0.004364
2017,42100,4,-0.005951
2017,42140,4,-0.005058
2017,42220,4,-0.005957
2017,42340,4,0.00256
2017,42540,4,-0.001592
2017,42680,4,0.006857
2017,43100,4,-0.001371
2017,43620,4,0.007854
2017,43780,4,0.002395
2017,44100,4,-0.002762
2017,44180,4,-0.000234
2017,44220,4,-0.002284
2017,44300,4,0.003405
2017,44700,4,0.001191
2017,45060,4,-0.001491
2017,45220,4,-0.003506
2017,45820,4,-0.005919
2017,45940,4,0.002934
2017,46060,4,-0.002299
2017,46140,4,0.000964
2017,46340,4,0.000316
2017,46540,4,-0.002231
2017,46660,4,-0.001361
2017,46700,4,0.000966
2017,47220,4,-0.002556
2017,47300,4,-0.003359
2017,47940,4,-0.008348
2017,48300,4,0.003675
2017,48540,4,-0.017728
2017,48660,4,-0.005267
2017,48700,4,-0.003751
2017,49020,4,-0.000312
2017,49420,4,-0.001871
2017,49620,4,0.003198
2017,49660,4,-0.003656
2017,49740,4,-0.001629
2017,10180,5,-0.004006
2017,10420,5,0.000744
2017,10580,5,0.004231
2017,10740,5,-0.003782
2017,10780,5,-0.005877
2017,10900,5,0.003065
2017,11020,5,-0.004132
2017,11260,5,-0.001223
2017,11460,5,0.005088
2017,11500,5,-0.006933
2017,11540,5,0.005514
2017,11700,5,0.000684
2017,12020,5,0.002775
2017,12100,5,-0.000939
2017,12220,5,0.009317
2017,12420,5,0.016604
2017,12540,5,-0.005479
2017,12580,5,-0.008211
2017,12620,5,-0.000997
2017,12700,5,-0.002563
2017,12980,5,0.000404
2017,13020,5,-0.002764
2017,13380,5,0.009037
2017,13460,5,0.020691
2017,13780,5,-0.004008
2017,14260,5,0.006893
2017,14500,5,-0.001305
2017,14740,5,0.005911
2017,14860,5,0.001551
2017,15180,5,-0.000923
2017,15260,5,-0.000257
2017,15380,5,-0.000508
2017,15500,5,0.003178
2017,15540,5,0.000345
2017,15940,5,-0.00041
2017,15980,5,0.013292
2017,16020,5,-0.007441
2017,16180,5,-0.007704
2017,16220,5,-0.017822
2017,16300,5,0.000959
2017,16700,5,0.008604
2017,16860,5,-0.00273
2017,16940,5,-0.001031
2017,17020,5,-0.001324
2017,17420,5,0.002895
2017,17660,5,0.010596
2017,17780,5,0.009492
2017,17820,5,0.007813
2017,17900,5,0.002439
2017,18020,5,0.00396
2017,18700,5,-5.7e-05
2017,19340,5,-0.001705
2017,19460,5,-0.004075
2017,19500,5,-0.004155
2017,19740,5,0.003684
2017,20020,5,-0.003773
2017,20100,5,0.000128
2017,20220,5,-0.006455
2017,20740,5,0.00595
2017,20940,5,-0.004452
2017,21140,5,0.001846
2017,21300,5,-0.005314
2017,21500,5,-0.002706
2017,21660,5,0.00436
2017,21820,5,-0.000985
2017,22020,5,0.012725
2017,22140,5,-0.02563
2017,22380,5,-0.001439
2017,22420,5,-0.002229
2017,22500,5,-0.009197
2017,22520,5,-0.004212
2017,22540,5,0.002163
2017,22660,5,0.006926
2017,23420,5,-0.002113
2017,23460,5,-0.00594
2017,23580,5,0.004
2017,24020,5,-0.000819
2017,24220,5,-0.004194
2017,24300,5,-0.000817
2017,24500,5,-0.010714
2017,24540,5,0.018596
2017,24580,5,0.006302
2017,24660,5,-0.002347
2017,25420,5,0.006295
2017,25500,5,-0.001005
2017,25540,5,-0.001017
2017,25860,5,-0.006314
2017,25980,5,-0.00191
2017,26300,5,-0.004679
2017,26380,5,-0.007422
2017,26620,5,0.007865
2017,26980,5,0.004713
2017,27060,5,0.000207
2017,27100,5,-0.0034
2017,27260,5,0.007023
2017,27340,5,-0.002919
2017,27500,5,0.001205
2017,27740,5,-0.000597
2017,27780,5,-0.005286
2017,27860,5,0.003609
2017,27900,5,-0.00263
2017,28100,5,-0.003216
2017,28420,5,0.009171
2017,28660,5,0.005803
2017,28700,5,-0.011023
2017,28740,5,-0.000304
2017,29100,5,0.002091
2017,29340,5,0.001455
2017,29420,5,-0.006488
2017,29460,5,0.006235
2017,29540,5,0.002263
2017,29700,5,0.004794
2017,29740,5,-0.002626
2017,29820,5,0.00403
2017,29940,5,0.007735
2017,30140,5,0.006389
2017,30300,5,-0.007895
2017,30340,5,-0.000546
2017,30460,5,0.006859
2017,30620,5,-0.002617
2017,30700,5,0.007902
2017,30780,5,-0.000319
2017,30860,5,0.004922
2017,31020,5,0.004256
2017,31420,5,-0.008682
2017,31700,5,0.003031
2017,31860,5,0.003044
2017,32580,5,0.005664
2017,32780,5,0.002397
2017,32900,5,-0.006276
2017,33140,5,-0.003073
2017,33340,5,0.000453
2017,33540,5,0.004551
2017,33700,5,-0.00386
2017,33780,5,-0.0008
2017,33860,5,0.000243
2017,34060,5,-0.008484
2017,34580,5,0.005164
2017,34620,5,-0.00143
2017,34740,5,0.001953
2017,34940,5,0.009494
2017,35300,5,-0.001523
2017,35660,5,-0.002841
2017,35840,5,0.010816
2017,35980,5,-0.001257
2017,36100,5,0.001204
2017,36220,5,-0.016982
2017,36420,5,0.003239
2017,36500,5,0.009858
2017,36540,5,0.004089
2017,36740,5,0.00936
2017,36780,5,0.004644
2017,36980,5,-0.000699
2017,37100,5,-0.006813
2017,37340,5,0.001046
2017,37860,5,0.003159
2017,38060,5,0.001004
2017,38300,5,-0.001564
2017,38340,5,-0.005297
2017,38860,5,0.003906
2017,38900,5,0.005593
2017,38940,5,0.004112
2017,39300,5,0.000393
2017,39340,5,0.012825
2017,39380,5,0.000746
2017,39460,5,0.009732
2017,39540,5,0.001497
2017,39580,5,0.013273
2017,39740,5,0.000639
2017,39820,5,-0.006561
2017,39900,5,0.00287
2017,40140,5,-0.001999
2017,40420,5,0.000166
2017,40660,5,-0.006092
2017,40900,5,0.000307
2017,40980,5,-0.000723
2017,41060,5,-0.003698
2017,41100,5,0.012341
2017,41140,5,-0.006943
2017,41420,5,0.006111
2017,41500,5,-0.00292
2017,41700,5,0.005833
2017,41740,5,-0.001438
2017,41940,5,-0.004436
2017,42020,5,-0.004382
2017,42100,5,-0.00604
2017,42140,5,-0.004463
2017,42220,5,-0.006602
2017,42340,5,0.002638
2017,42540,5,-0.001658
2017,42680,5,0.006778
2017,43100,5,-0.000987
2017,43620,5,0.008168
2017,43780,5,0.002351
2017,44100,5,-0.002895
2017,44180,5,-8.7e-05
2017,44220,5,-0.002802
2017,44300,5,0.003542
2017,44700,5,0.000496
2017,45060,5,-0.001587
2017,45220,5,-0.003427
2017,45820,5,-0.006066
2017,45940,5,0.003121
2017,46060,5,-0.002246
2017,46140,5,0.001123
2017,46340,5,0.000885
2017,46540,5,-0.002486
2017,46660,5,-0.001786
2017,46700,5,0.000426
2017,47220,5,-0.002618
2017,47300,5,-0.003619
2017,47940,5,-0.008785
2017,48300,5,0.004251
2017,48540,5,-0.015403
2017,48660,5,-0.005661
2017,48700,5,-0.004123
2017,49020,5,-0.000294
2017,49420,5,-0.001252
2017,49620,5,0.003067
2017,49660,5,-0.003701
2017,49740,5,-0.001541
2017,10180,6,-0.003167
2017,10420,6,-3.3e-05
2017,10580,6,0.004986
2017,10740,6,-0.005069
2017,10780,6,-0.005743
2017,10900,6,0.002464
2017,11020,6,-0.003681
2017,11260,6,-0.002001
2017,11460,6,0.004693
2017,11500,6,-0.007205
2017,11540,6,0.00603
2017,11700,6,0.0022
2017,12020,6,0.001028
2017,12100,6,-0.000771
2017,12220,6,0.009784
2017,12420,6,0.0192
2017,12540,6,-0.00479
2017,12580,6,-0.007174
2017,12620,6,-0.000683
2017,12700,6,-0.002198
2017,12980,6,-0.000811
2017,13020,6,-0.004453
2017,13380,6,0.008814
2017,13460,6,0.023954
2017,13780,6,-0.003517
2017,14260,6,0.009206
2017,14500,6,-0.001966
2017,14740,6,0.005372
2017,14860,6,0.000458
2017,15180,6,-0.002728
2017,15260,6,-0.000543
2017,15380,6,-0.000663
2017,15500,6,0.001646
2017,15540,6,0.001897
2017,15940,6,-0.001449
2017,15980,6,0.014901
2017,16020,6,-0.007734
2017,16180,6,-0.006923
2017,16220,6,-0.015536
2017,16300,6,-0.000128
2017,16700,6,0.010636
2017,16860,6,-0.00351
2017,16940,6,-0.00145
2017,17020,6,-0.001783
2017,17420,6,0.003231
2017,17660,6,0.012248
2017,17780,6,0.010434
2017,17820,6,0.006203
2017,17900,6,0.001664
2017,18020,6,0.004489
2017,18700,6,-0.000255
2017,19340,6,-0.000386
2017,19460,6,-0.005062
2017,19500,6,-0.003725
2017,19740,6,0.003603
2017,20020,6,-0.003806
2017,20100,6,0.001145
2017,20220,6,-0.005523
2017,20740,6,0.007356
2017,20940,6,-0.005126
2017,21140,6,0.00182
2017,21300,6,-0.007374
2017,21500,6,-0.002604
2017,21660,6,0.003874
2017,21820,6,-0.002195
2017,22020,6,0.015475
2017,22140,6,-0.023817
2017,22380,6,-0.000318
2017,22420,6,-0.004422
2017,22500,6,-0.009673
2017,22520,6,-0.003293
2017,22540,6,0.002619
2017,22660,6,0.006481
2017,23420,6,-0.00196
2017,23460,6,-0.006004
2017,23580,6,0.001597
2017,24020,6,-3.8e-05
2017,24220,6,-0.002364
2017,24300,6,-0.000669
2017,24500,6,-0.012126
2017,24540,6,0.017433
2017,24580,6,0.006643
2017,24660,6,-0.003853
2017,25420,6,0.00566
2017,25500,6,-0.000338
2017,25540,6,-0.001638
2017,25860,6,-0.007967
2017,25980,6,-0.00292
2017,26300,6,-0.006393
2017,26380,6,-0.007433
2017,26620,6,0.008247
2017,26980,6,0.004469
2017,27060,6,0.001176
2017,27100,6,-0.004842
2017,27260,6,0.008089
2017,27340,6,-0.00139
2017,27500,6,0.001193
2017,27740,6,-0.000365
2017,27780,6,-0.005881
2017,27860,6,0.002561
2017,27900,6,-0.00486
2017,28100,6,-0.002372
2017,28420,6,0.008921
2017,28660,6,0.005475
2017,28700,6,-0.010481
2017,28740,6,-0.001154
2017,29100,6,0.003592
2017,29340,6,0.002302
2017,29420,6,-0.006432
2017,29460,6,0.006681
2017,29540,6,0.002889
2017,29700,6,0.004298
2017,29740,6,-0.003457
2017,29820,6,0.004335
2017,29940,6,0.007681
2017,30140,6,0.005118
2017,30300,6,-0.008326
2017,30340,6,0.000689
2017,30460,6,0.006751
2017,30620,6,-0.001745
2017,30700,6,0.007497
2017,30780,6,-0.000449
2017,30860,6,0.003739
2017,31020,6,0.003363
2017,31420,6,-0.010286
2017,31700,6,0.00275
2017,31860,6,0.003474
2017,32580,6,0.004916
2017,32780,6,0.002157
2017,32900,6,-0.006386
2017,33140,6,-0.002454
2017,33340,6,0.001109
2017,33540,6,0.004994
2017,33700,6,-0.003972
2017,33780,6,-0.001686
2017,33860,6,-0.000605
2017,34060,6,-0.007836
2017,34580,6,0.00457
2017,34620,6,-0.003048
2017,34740,6,0.001296
2017,34940,6,0.012274
2017,35300,6,-0.001927
2017,35660,6,-0.002048
2017,35840,6,0.012747
2017,35980,6,-0.002443
2017,36100,6,0.000701
2017,36220,6,-0.013967
2017,36420,6,0.00245
2017,36500,6,0.009376
2017,36540,6,0.003524
2017,36740,6,0.011086
2017,36780,6,0.004965
2017,36980,6,-0.001138
2017,37100,6,-0.007181
2017,37340,6,0.002741
2017,37860,6,0.003461
2017,38060,6,0.003062
2017,38300,6,-0.001413
2017,38340,6,-0.005039
2017,38860,6,0.004311
2017,38900,6,0.007186
2017,38940,6,0.00407
2017,39300,6,7.4e-05
2017,39340,6,0.013056
2017,39380,6,-0.001893
2017,39460,6,0.01006
2017,39540,6,0.001344
2017,39580,6,0.013813
2017,39740,6,0.000234
2017,39820,6,-0.006118
2017,39900,6,0.003609
2017,40140,6,-0.001556
2017,40420,6,0.000231
2017,40660,6,-0.00722
2017,40900,6,0.000312
2017,40980,6,-0.001108
2017,41060,6,-0.005036
2017,41100,6,0.013154
2017,41140,6,-0.006475
2017,41420,6,0.005344
2017,41500,6,-0.003821
2017,41700,6,0.005918
2017,41740,6,-0.001509
2017,41940,6,-0.003658
2017,42020,6,-0.004392
2017,42100,6,-0.006515
2017,42140,6,-0.006768
2017,42220,6,-0.006301
2017,42340,6,0.002893
2017,42540,6,-0.002272
2017,42680,6,0.007207
2017,43100,6,-0.001229
2017,43620,6,0.008482
2017,43780,6,0.002898
2017,44100,6,-0.001922
2017,44180,6,-0.000754
2017,44220,6,-0.002531
2017,44300,6,0.003808
2017,44700,6,0.000136
2017,45060,6,-0.001686
2017,45220,6,-0.003674
2017,45820,6,-0.006743
2017,45940,6,0.002378
2017,46060,6,-0.002896
2017,46140,6,-0.000103
2017,46340,6,-0.000723
2017,46540,6,-0.0018
2017,46660,6,-0.001774
2017,46700,6,6.4e-05
2017,47220,6,-0.002461
2017,47300,6,-0.003101
2017,47940,6,-0.008428
2017,48300,6,0.004581
2017,48540,6,-0.020178
2017,48660,6,-0.005889
2017,48700,6,-0.003187
2017,49020,6,0.000477
2017,49420,6,-0.003111
2017,49620,6,0.002572
2017,49660,6,-0.004002
2017,49740,6,-0.002185
2017,10180,7,-0.003291
2017,10420,7,0.000542
2017,10580,7,0.004151
2017,10740,7,-0.004638
2017,10780,7,-0.005488
2017,10900,7,0.002753
2017,11020,7,-0.003631
2017,11260,7,-0.002536
2017,11460,7,0.004803
2017,11500,7,-0.006499
2017,11540,7,0.005279
2017,11700,7,0.001301
2017,12020,7,0.001772
2017,12100,7,-0.000585
2017,12220,7,0.009119
2017,12420,7,0.017165
2017,12540,7,-0.003958
2017,12580,7,-0.007323
2017,12620,7,-0.000818
2017,12700,7,-0.00209
2017,12980,7,-0.000204
2017,13020,7,-0.003172
2017,13380,7,0.007292
2017,13460,7,0.02099
2017,13780,7,-0.003316
2017,14260,7,0.008366
2017,14500,7,-0.001795
2017,14740,7,0.004763
2017,14860,7,0.000994
2017,15180,7,-0.001728
2017,15260,7,-4.9e-05
2017,15380,7,-0.000648
2017,15500,7,0.002104
2017,15540,7,0.000991
2017,15940,7,-0.000817
2017,15980,7,0.013351
2017,16020,7,-0.007172
2017,16180,7,-0.005467
2017,16220,7,-0.0148
2017,16300,7,0.00027
2017,16700,7,0.009248
2017,16860,7,-0.003399
2017,16940,7,-0.0019
2017,17020,7,-0.00158
2017,17420,7,0.002965
2017,17660,7,0.010708
2017,17780,7,0.009445
2017,17820,7,0.006018
2017,17900,7,0.00185
2017,18020,7,0.0038
2017,18700,7,-0.000833
2017,19340,7,-0.001177
2017,19460,7,-0.004132
2017,19500,7,-0.003786
2017,19740,7,0.003494
2017,20020,7,-0.00333
2017,20100,7,0.000636
2017,20220,7,-0.005472
2017,20740,7,0.005921
2017,20940,7,-0.004536
2017,21140,7,0.001744
2017,21300,7,-0.006088
2017,21500,7,-0.002158
2017,21660,7,0.00316
2017,21820,7,-0.002798
2017,22020,7,0.013547
2017,22140,7,-0.022992
2017,22380,7,-0.000464
2017,22420,7,-0.002728
2017,22500,7,-0.008975
2017,22520,7,-0.003509
2017,22540,7,0.002202
2017,22660,7,0.006124
2017,23420,7,-0.001443
2017,23460,7,-0.005538
2017,23580,7,0.003151
2017,24020,7,-0.000266
2017,24220,7,-0.002993
2017,24300,7,-0.000673
2017,24500,7,-0.011446
2017,24540,7,0.016526
2017,24580,7,0.005939
2017,24660,7,-0.003132
2017,25420,7,0.005497
2017,25500,7,-0.000931
2017,25540,7,-0.00123
2017,25860,7,-0.006993
2017,25980,7,-0.002248
2017,26300,7,-0.005343
2017,26380,7,-0.007007
2017,26620,7,0.007542
2017,26980,7,0.004278
2017,27060,7,0.000468
2017,27100,7,-0.003234
2017,27260,7,0.007383
2017,27340,7,-0.001931
2017,27500,7,0.001036
2017,27740,7,-0.000472
2017,27780,7,-0.005254
2017,27860,7,0.002708
2017,27900,7,-0.003777
2017,28100,7,-0.002425
2017,28420,7,0.007638
2017,28660,7,0.005068
2017,28700,7,-0.010175
2017,28740,7,-0.000564
2017,29100,7,0.002391
2017,29340,7,0.00163
2017,29420,7,-0.005857
2017,29460,7,0.006436
2017,29540,7,0.002593
2017,29700,7,0.004434
2017,29740,7,-0.003172
2017,29820,7,0.005658
2017,29940,7,0.007177
2017,30140,7,0.005043
2017,30300,7,-0.008193
2017,30340,7,0.000218
2017,30460,7,0.006264
2017,30620,7,-0.001815
2017,30700,7,0.007121
2017,30780,7,-0.000394
2017,30860,7,0.003349
2017,31020,7,0.003076
2017,31420,7,-0.008811
2017,31700,7,0.00293
2017,31860,7,0.003227
2017,32580,7,0.004836
2017,32780,7,0.002183
2017,32900,7,-0.004752
2017,33140,7,-0.002359
2017,33340,7,0.000753
2017,33540,7,0.003827
2017,33700,7,-0.002468
2017,33780,7,-0.00074
2017,33860,7,-0.000131
2017,34060,7,-0.008148
2017,34580,7,0.004115
2017,34620,7,-0.002519
2017,34740,7,0.001719
2017,34940,7,0.011121
2017,35300,7,-0.00152
2017,35660,7,-0.0021
2017,35840,7,0.011526
2017,35980,7,-0.001736
2017,36100,7,0.00127
2017,36220,7,-0.012734
2017,36420,7,0.002521
2017,36500,7,0.008391
2017,36540,7,0.003588
2017,36740,7,0.010272
2017,36780,7,0.004263
2017,36980,7,-0.000987
2017,37100,7,-0.006422
2017,37340,7,0.002273
2017,37860,7,0.003023
2017,38060,7,0.00295
2017,38300,7,-0.001394
2017,38340,7,-0.004831
2017,38860,7,0.003829
2017,38900,7,0.005732
2017,38940,7,0.00395
2017,39300,7,0.00038
2017,39340,7,0.011804
2017,39380,7,-0.000821
2017,39460,7,0.009503
2017,39540,7,0.001286
2017,39580,7,0.012509
2017,39740,7,0.000627
2017,39820,7,-0.005512
2017,39900,7,0.004212
2017,40140,7,-0.001068
2017,40420,7,0.000457
2017,40660,7,-0.006186
2017,40900,7,0.000907
2017,40980,7,-0.000716
2017,41060,7,-0.003939
2017,41100,7,0.011966
2017,41140,7,-0.005976
2017,41420,7,0.004904
2017,41500,7,-0.002675
2017,41700,7,0.005314
2017,41740,7,-0.001364
2017,41940,7,-0.003587
2017,42020,7,-0.004082
2017,42100,7,-0.005731
2017,42140,7,-0.005838
2017,42220,7,-0.005244
2017,42340,7,0.002831
2017,42540,7,-0.00183
2017,42680,7,0.00688
2017,43100,7,-0.001204
2017,43620,7,0.007749
2017,43780,7,0.002335
2017,44100,7,-0.002416
2017,44180,7,-0.00022
2017,44220,7,-0.002188
2017,44300,7,0.003311
2017,44700,7,0.001445
2017,45060,7,-0.001521
2017,45220,7,-0.003149
2017,45820,7,-0.00594
2017,45940,7,0.002737
2017,46060,7,-0.002182
2017,46140,7,0.000571
2017,46340,7,-0.000313
2017,46540,7,-0.002061
2017,46660,7,-0.001609
2017,46700,7,0.001394
2017,47220,7,-0.002031
2017,47300,7,-0.002729
2017,47940,7,-0.00789
2017,48300,7,0.003554
2017,48540,7,-0.017638
2017,48660,7,-0.005629
2017,48700,7,-0.003376
2017,49020,7,-7.4e-05
2017,49420,7,-0.002972
2017,49620,7,0.002843
2017,49660,7,-0.00358
2017,49740,7,-0.001642
2017,10180,8,-0.003664
2017,10420,8,0.000648
2017,10580,8,0.004182
2017,10740,8,-0.004287
2017,10780,8,-0.005628
2017,10900,8,0.002944
2017,11020,8,-0.003911
2017,11260,8,-0.001921
2017,11460,8,0.005133
2017,11500,8,-0.006745
2017,11540,8,0.005373
2017,11700,8,0.001024
2017,12020,8,0.002224
2017,12100,8,-0.000831
2017,12220,8,0.009183
2017,12420,8,0.017044
2017,12540,8,-0.004674
2017,12580,8,-0.007849
2017,12620,8,-0.000953
2017,12700,8,-0.002296
2017,12980,8,0.000147
2017,13020,8,-0.002966
2017,13380,8,0.008175
2017,13460,8,0.021068
2017,13780,8,-0.00369
2017,14260,8,0.007763
2017,14500,8,-0.001633
2017,14740,8,0.005247
2017,14860,8,0.001248
2017,15180,8,-0.001259
2017,15260,8,-0.000294
2017,15380,8,-0.000567
2017,15500,8,0.00261
2017,15540,8,0.00063
2017,15940,8,-0.000631
2017,15980,8,0.013493
2017,16020,8,-0.007332
2017,16180,8,-0.006494
2017,16220,8,-0.016675
2017,16300,8,0.000645
2017,16700,8,0.008944
2017,16860,8,-0.003049
2017,16940,8,-0.001511
2017,17020,8,-0.001522
2017,17420,8,0.002887
2017,17660,8,0.010714
2017,17780,8,0.009455
2017,17820,8,0.006954
2017,17900,8,0.002049
2017,18020,8,0.003861
2017,18700,8,-0.000532
2017,19340,8,-0.001472
2017,19460,8,-0.004073
2017,19500,8,-0.00396
2017,19740,8,0.003527
2017,20020,8,-0.003618
2017,20100,8,0.000234
2017,20220,8,-0.006033
2017,20740,8,0.005997
2017,20940,8,-0.004504
2017,21140,8,0.001765
2017,21300,8,-0.005703
2017,21500,8,-0.002424
2017,21660,8,0.003834
2017,21820,8,-0.001798
2017,22020,8,0.013183
2017,22140,8,-0.024546
2017,22380,8,-0.000889
2017,22420,8,-0.002357
2017,22500,8,-0.00919
2017,22520,8,-0.003858
2017,22540,8,0.002213
2017,22660,8,0.006365
2017,23420,8,-0.001786
2017,23460,8,-0.005704
2017,23580,8,0.003672
2017,24020,8,-0.000497
2017,24220,8,-0.003515
2017,24300,8,-0.000707
2017,24500,8,-0.011263
2017,24540,8,0.017705
2017,24580,8,0.006125
2017,24660,8,-0.002825
2017,25420,8,0.005908
2017,25500,8,-0.000929
2017,25540,8,-0.001126
2017,25860,8,-0.006653
2017,25980,8,-0.001936
2017,26300,8,-0.004931
2017,26380,8,-0.007331
2017,26620,8,0.007704
2017,26980,8,0.004491
2017,27060,8,0.000414
2017,27100,8,-0.003315
2017,27260,8,0.007258
2017,27340,8,-0.002659
2017,27500,8,0.001134
2017,27740,8,-0.000417
2017,27780,8,-0.005312
2017,27860,8,0.003222
2017,27900,8,-0.00317
2017,28100,8,-0.002869
2017,28420,8,0.008288
2017,28660,8,0.005476
2017,28700,8,-0.010631
2017,28740,8,-0.000431
2017,29100,8,0.002199
2017,29340,8,0.001607
2017,29420,8,-0.006148
2017,29460,8,0.006497
2017,29540,8,0.00246
2017,29700,8,0.004624
2017,29740,8,-0.003035
2017,29820,8,0.005071
2017,29940,8,0.007437
2017,30140,8,0.005768
2017,30300,8,-0.008039
2017,30340,8,-0.000136
2017,30460,8,0.006605
2017,30620,8,-0.002196
2017,30700,8,0.007533
2017,30780,8,-0.000363
2017,30860,8,0.004253
2017,31020,8,0.003725
2017,31420,8,-0.008837
2017,31700,8,0.003046
2017,31860,8,0.003193
2017,32580,8,0.005262
2017,32780,8,0.002274
2017,32900,8,-0.005394
2017,33140,8,-0.002771
2017,33340,8,0.000572
2017,33540,8,0.004242
2017,33700,8,-0.002968
2017,33780,8,-0.000676
2017,33860,8,6.4e-05
2017,34060,8,-0.008388
2017,34580,8,0.00458
2017,34620,8,-0.001981
2017,34740,8,0.001966
2017,34940,8,0.010444
2017,35300,8,-0.001519
2017,35660,8,-0.002466
2017,35840,8,0.011327
2017,35980,8,-0.001486
2017,36100,8,0.001338
2017,36220,8,-0.015394
2017,36420,8,0.002923
2017,36500,8,0.009161
2017,36540,8,0.003879
2017,36740,8,0.009922
2017,36780,8,0.004469
2017,36980,8,-0.000821
2017,37100,8,-0.006673
2017,37340,8,0.001826
2017,37860,8,0.003166
2017,38060,8,0.002152
2017,38300,8,-0.001458
2017,38340,8,-0.005051
2017,38860,8,0.003898
2017,38900,8,0.005629
2017,38940,8,0.004233
2017,39300,8,0.000409
2017,39340,8,0.012494
2017,39380,8,-3.4e-05
2017,39460,8,0.009831
2017,39540,8,0.001402
2017,39580,8,0.012896
2017,39740,8,0.000669
2017,39820,8,-0.006033
2017,39900,8,0.003726
2017,40140,8,-0.001432
2017,40420,8,0.000302
2017,40660,8,-0.006178
2017,40900,8,0.000691
2017,40980,8,-0.000658
2017,41060,8,-0.00382
2017,41100,8,0.012274
2017,41140,8,-0.006407
2017,41420,8,0.005564
2017,41500,8,-0.00271
2017,41700,8,0.005658
2017,41740,8,-0.001451
2017,41940,8,-0.004071
2017,42020,8,-0.004262
2017,42100,8,-0.005955
2017,42140,8,-0.005235
2017,42220,8,-0.005919
2017,42340,8,0.002656
2017,42540,8,-0.001743
2017,42680,8,0.007
2017,43100,8,-0.001166
2017,43620,8,0.007969
2017,43780,8,0.00238
2017,44100,8,-0.002688
2017,44180,8,-0.000169
2017,44220,8,-0.002565
2017,44300,8,0.003486
2017,44700,8,0.001125
2017,45060,8,-0.001589
2017,45220,8,-0.003369
2017,45820,8,-0.006032
2017,45940,8,0.002938
2017,46060,8,-0.002246
2017,46140,8,0.000858
2017,46340,8,0.000334
2017,46540,8,-0.002245
2017,46660,8,-0.001688
2017,46700,8,0.001079
2017,47220,8,-0.002454
2017,47300,8,-0.003191
2017,47940,8,-0.008419
2017,48300,8,0.003841
2017,48540,8,-0.016594
2017,48660,8,-0.005576
2017,48700,8,-0.003703
2017,49020,8,-0.000137
2017,49420,8,-0.002208
2017,49620,8,0.003017
2017,49660,8,-0.003694
2017,49740,8,-0.001582
2017,10180,9,-0.004201
2017,10420,9,0.000823
2017,10580,9,0.003795
2017,10740,9,-0.003809
2017,10780,9,-0.005611
2017,10900,9,0.003204
2017,11020,9,-0.003904
2017,11260,9,-0.001259
2017,11460,9,0.005681
2017,11500,9,-0.007092
2017,11540,9,0.005359
2017,11700,9,0.000836
2017,12020,9,0.002412
2017,12100,9,-0.001576
2017,12220,9,0.009394
2017,12420,9,0.016588
2017,12540,9,-0.006152
2017,12580,9,-0.008659
2017,12620,9,-0.00137
2017,12700,9,-0.002322
2017,12980,9,0.000598
2017,13020,9,-0.002733
2017,13380,9,0.008811
2017,13460,9,0.020611
2017,13780,9,-0.004058
2017,14260,9,0.006481
2017,14500,9,-0.001122
2017,14740,9,0.005927
2017,14860,9,0.00123
2017,15180,9,-0.000739
2017,15260,9,-0.000497
2017,15380,9,-0.000495
2017,15500,9,0.003625
2017,15540,9,0.000121
2017,15940,9,-0.00069
2017,15980,9,0.013505
2017,16020,9,-0.007235
2017,16180,9,-0.00776
2017,16220,9,-0.019144
2017,16300,9,0.00117
2017,16700,9,0.008574
2017,16860,9,-0.002623
2017,16940,9,-0.000984
2017,17020,9,-0.001527
2017,17420,9,0.002732
2017,17660,9,0.010464
2017,17780,9,0.009607
2017,17820,9,0.008416
2017,17900,9,0.002391
2017,18020,9,0.003736
2017,18700,9,0.00025
2017,19340,9,-0.001684
2017,19460,9,-0.004134
2017,19500,9,-0.004245
2017,19740,9,0.003863
2017,20020,9,-0.003971
2017,20100,9,-0.000247
2017,20220,9,-0.005994
2017,20740,9,0.005936
2017,20940,9,-0.004152
2017,21140,9,0.001778
2017,21300,9,-0.006052
2017,21500,9,-0.002296
2017,21660,9,0.00478
2017,21820,9,-0.000185
2017,22020,9,0.01229
2017,22140,9,-0.026352
2017,22380,9,-0.001529
2017,22420,9,-0.0025
2017,22500,9,-0.009018
2017,22520,9,-0.004118
2017,22540,9,0.002388
2017,22660,9,0.007124
2017,23420,9,-0.002423
2017,23460,9,-0.005872
2017,23580,9,0.003744
2017,24020,9,-0.001323
2017,24220,9,-0.004921
2017,24300,9,-0.000847
2017,24500,9,-0.011539
2017,24540,9,0.019409
2017,24580,9,0.00642
2017,24660,9,-0.002082
2017,25420,9,0.006328
2017,25500,9,-0.000784
2017,25540,9,-0.001086
2017,25860,9,-0.005798
2017,25980,9,-0.002338
2017,26300,9,-0.00477
2017,26380,9,-0.008137
2017,26620,9,0.00777
2017,26980,9,0.004606
2017,27060,9,0.000362
2017,27100,9,-0.003725
2017,27260,9,0.007021
2017,27340,9,-0.00306
2017,27500,9,0.001052
2017,27740,9,-0.000567
2017,27780,9,-0.005448
2017,27860,9,0.004245
2017,27900,9,-0.00296
2017,28100,9,-0.003197
2017,28420,9,0.009826
2017,28660,9,0.006099
2017,28700,9,-0.010529
2017,28740,9,-0.000585
2017,29100,9,0.001733
2017,29340,9,0.001556
2017,29420,9,-0.006859
2017,29460,9,0.006391
2017,29540,9,0.002927
2017,29700,9,0.004397
2017,29740,9,-0.002586
2017,29820,9,0.003938
2017,29940,9,0.007736
2017,30140,9,0.006601
2017,30300,9,-0.00789
2017,30340,9,0.000131
2017,30460,9,0.007054
2017,30620,9,-0.002301
2017,30700,9,0.007717
2017,30780,9,-8.1e-05
2017,30860,9,0.006045
2017,31020,9,0.004933
2017,31420,9,-0.008465
2017,31700,9,0.003439
2017,31860,9,0.003013
2017,32580,9,0.005867
2017,32780,9,0.002351
2017,32900,9,-0.005844
2017,33140,9,-0.003422
2017,33340,9,0.000105
2017,33540,9,0.004828
2017,33700,9,-0.003605
2017,33780,9,-0.000501
2017,33860,9,0.000142
2017,34060,9,-0.008415
2017,34580,9,0.005266
2017,34620,9,-0.001594
2017,34740,9,0.002276
2017,34940,9,0.009222
2017,35300,9,-0.001577
2017,35660,9,-0.002832
2017,35840,9,0.01088
2017,35980,9,-0.001438
2017,36100,9,0.001085
2017,36220,9,-0.01942
2017,36420,9,0.003117
2017,36500,9,0.010322
2017,36540,9,0.00429
2017,36740,9,0.009068
2017,36780,9,0.00439
2017,36980,9,-0.000511
2017,37100,9,-0.007301
2017,37340,9,0.001599
2017,37860,9,0.003349
2017,38060,9,0.000661
2017,38300,9,-0.001269
2017,38340,9,-0.005426
2017,38860,9,0.003943
2017,38900,9,0.005378
2017,38940,9,0.004704
2017,39300,9,0.000445
2017,39340,9,0.013221
2017,39380,9,0.001583
2017,39460,9,0.010365
2017,39540,9,0.001297
2017,39580,9,0.013568
2017,39740,9,0.000853
2017,39820,9,-0.006903
2017,39900,9,0.002428
2017,40140,9,-0.002255
2017,40420,9,0.000383
2017,40660,9,-0.005662
2017,40900,9,0.000208
2017,40980,9,-0.000247
2017,41060,9,-0.003478
2017,41100,9,0.012628
2017,41140,9,-0.006332
2017,41420,9,0.006754
2017,41500,9,-0.002635
2017,41700,9,0.006176
2017,41740,9,-0.001694
2017,41940,9,-0.004781
2017,42020,9,-0.004451
2017,42100,9,-0.006054
2017,42140,9,-0.004368
2017,42220,9,-0.006649
2017,42340,9,0.002358
2017,42540,9,-0.001514
2017,42680,9,0.007247
2017,43100,9,-0.00119
2017,43620,9,0.007995
2017,43780,9,0.002647
2017,44100,9,-0.002905
2017,44180,9,-0.000261
2017,44220,9,-0.002592
2017,44300,9,0.003798
2017,44700,9,0.000692
2017,45060,9,-0.001501
2017,45220,9,-0.003824
2017,45820,9,-0.005991
2017,45940,9,0.002932
2017,46060,9,-0.002526
2017,46140,9,0.001066
2017,46340,9,0.001111
2017,46540,9,-0.002193
2017,46660,9,-0.001597
2017,46700,9,0.00036
2017,47220,9,-0.003087
2017,47300,9,-0.004005
2017,47940,9,-0.008733
2017,48300,9,0.003961
2017,48540,9,-0.017315
2017,48660,9,-0.004954
2017,48700,9,-0.003926
2017,49020,9,-0.000505
2017,49420,9,-0.00105
2017,49620,9,0.003456
2017,49660,9,-0.003754
2017,49740,9,-0.001778
2017,10180,10,-0.003922
2017,10420,10,0.000774
2017,10580,10,0.003756
2017,10740,10,-0.004276
2017,10780,10,-0.005391
2017,10900,10,0.003145
2017,11020,10,-0.003809
2017,11260,10,-0.001922
2017,11460,10,0.005695
2017,11500,10,-0.006915
2017,11540,10,0.005227
2017,11700,10,0.001056
2017,12020,10,0.001921
2017,12100,10,-0.001357
2017,12220,10,0.00926
2017,12420,10,0.016953
2017,12540,10,-0.005118
2017,12580,10,-0.00828
2017,12620,10,-0.001345
2017,12700,10,-0.002134
2017,12980,10,0.000348
2017,13020,10,-0.002825
2017,13380,10,0.007956
2017,13460,10,0.020908
2017,13780,10,-0.003726
2017,14260,10,0.007393
2017,14500,10,-0.001681
2017,14740,10,0.00523
2017,14860,10,0.001029
2017,15180,10,-0.000972
2017,15260,10,-0.000538
2017,15380,10,-0.000659
2017,15500,10,0.003074
2017,15540,10,0.000354
2017,15940,10,-0.000858
2017,15980,10,0.013571
2017,16020,10,-0.007203
2017,16180,10,-0.006577
2017,16220,10,-0.017816
2017,16300,10,0.0009
2017,16700,10,0.008847
2017,16860,10,-0.002974
2017,16940,10,-0.001534
2017,17020,10,-0.001703
2017,17420,10,0.002721
2017,17660,10,0.010582
2017,17780,10,0.009467
2017,17820,10,0.007498
2017,17900,10,0.002063
2017,18020,10,0.003668
2017,18700,10,-0.000307
2017,19340,10,-0.001533
2017,19460,10,-0.004046
2017,19500,10,-0.004039
2017,19740,10,0.003525
2017,20020,10,-0.003792
2017,20100,10,-0.00014
2017,20220,10,-0.005694
2017,20740,10,0.005908
2017,20940,10,-0.004305
2017,21140,10,0.001669
2017,21300,10,-0.006301
2017,21500,10,-0.002089
2017,21660,10,0.004213
2017,21820,10,-0.001061
2017,22020,10,0.012724
2017,22140,10,-0.025365
2017,22380,10,-0.000927
2017,22420,10,-0.002582
2017,22500,10,-0.009054
2017,22520,10,-0.003869
2017,22540,10,0.002457
2017,22660,10,0.006389
2017,23420,10,-0.00199
2017,23460,10,-0.005634
2017,23580,10,0.003609
2017,24020,10,-0.000869
2017,24220,10,-0.004273
2017,24300,10,-0.000685
2017,24500,10,-0.012056
2017,24540,10,0.018377
2017,24580,10,0.006221
2017,24660,10,-0.002573
2017,25420,10,0.00598
2017,25500,10,-0.000682
2017,25540,10,-0.001126
2017,25860,10,-0.006173
2017,25980,10,-0.002008
2017,26300,10,-0.004868
2017,26380,10,-0.007986
2017,26620,10,0.007639
2017,26980,10,0.004436
2017,27060,10,0.000452
2017,27100,10,-0.003537
2017,27260,10,0.007235
2017,27340,10,-0.002812
2017,27500,10,0.000961
2017,27740,10,-0.000359
2017,27780,10,-0.005524
2017,27860,10,0.003838
2017,27900,10,-0.003364
2017,28100,10,-0.002842
2017,28420,10,0.008796
2017,28660,10,0.005733
2017,28700,10,-0.010216
2017,28740,10,-0.000597
2017,29100,10,0.001772
2017,29340,10,0.001609
2017,29420,10,-0.006502
2017,29460,10,0.006675
2017,29540,10,0.00305
2017,29700,10,0.00433
2017,29740,10,-0.002945
2017,29820,10,0.00519
2017,29940,10,0.007439
2017,30140,10,0.006032
2017,30300,10,-0.008032
2017,30340,10,0.000396
2017,30460,10,0.006758
2017,30620,10,-0.001917
2017,30700,10,0.007364
2017,30780,10,-0.000135
2017,30860,10,0.005287
2017,31020,10,0.004314
2017,31420,10,-0.0086
2017,31700,10,0.003408
2017,31860,10,0.003174
2017,32580,10,0.005465
2017,32780,10,0.002239
2017,32900,10,-0.004981
2017,33140,10,-0.003098
2017,33340,10,0.000241
2017,33540,10,0.004467
2017,33700,10,-0.002665
2017,33780,10,-0.000383
2017,33860,10,2.1e-05
2017,34060,10,-0.008417
2017,34580,10,0.004649
2017,34620,10,-0.002145
2017,34740,10,0.002253
2017,34940,10,0.010126
2017,35300,10,-0.001511
2017,35660,10,-0.002488
2017,35840,10,0.011279
2017,35980,10,-0.001584
2017,36100,10,0.001309
2017,36220,10,-0.017518
2017,36420,10,0.002855
2017,36500,10,0.009637
2017,36540,10,0.004076
2017,36740,10,0.009661
2017,36780,10,0.004239
2017,36980,10,-0.000731
2017,37100,10,-0.007101
2017,37340,10,0.002154
2017,37860,10,0.003328
2017,38060,10,0.001898
2017,38300,10,-0.001303
2017,38340,10,-0.005169
2017,38860,10,0.003886
2017,38900,10,0.005255
2017,38940,10,0.004629
2017,39300,10,0.000429
2017,39340,10,0.012877
2017,39380,10,0.000769
2017,39460,10,0.01035
2017,39540,10,0.001244
2017,39580,10,0.013151
2017,39740,10,0.000931
2017,39820,10,-0.006269
2017,39900,10,0.00332
2017,40140,10,-0.001589
2017,40420,10,0.000565
2017,40660,10,-0.005795
2017,40900,10,0.000654
2017,40980,10,-0.000253
2017,41060,10,-0.003582
2017,41100,10,0.012598
2017,41140,10,-0.005897
2017,41420,10,0.006118
2017,41500,10,-0.002466
2017,41700,10,0.005931
2017,41740,10,-0.001697
2017,41940,10,-0.004488
2017,42020,10,-0.004357
2017,42100,10,-0.006031
2017,42140,10,-0.005116
2017,42220,10,-0.005983
2017,42340,10,0.002443
2017,42540,10,-0.001583
2017,42680,10,0.007363
2017,43100,10,-0.001371
2017,43620,10,0.0078
2017,43780,10,0.002596
2017,44100,10,-0.002754
2017,44180,10,-0.000286
2017,44220,10,-0.002385
2017,44300,10,0.003665
2017,44700,10,0.001389
2017,45060,10,-0.001554
2017,45220,10,-0.003702
2017,45820,10,-0.005961
2017,45940,10,0.002831
2017,46060,10,-0.002428
2017,46140,10,0.000872
2017,46340,10,0.000563
2017,46540,10,-0.002068
2017,46660,10,-0.001405
2017,46700,10,0.001117
2017,47220,10,-0.002863
2017,47300,10,-0.003511
2017,47940,10,-0.008393
2017,48300,10,0.003565
2017,48540,10,-0.018304
2017,48660,10,-0.005
2017,48700,10,-0.00361
2017,49020,10,-0.000349
2017,49420,10,-0.002023
2017,49620,10,0.003452
2017,49660,10,-0.003794
2017,49740,10,-0.00169
2017,10180,11,-0.004187
2017,10420,11,0.001006
2017,10580,11,0.003694
2017,10740,11,-0.003927
2017,10780,11,-0.005596
2017,10900,11,0.003414
2017,11020,11,-0.00414
2017,11260,11,-0.001728
2017,11460,11,0.005631
2017,11500,11,-0.006873
2017,11540,11,0.005213
2017,11700,11,0.000552
2017,12020,11,0.002524
2017,12100,11,-0.001134
2017,12220,11,0.009304
2017,12420,11,0.01631
2017,12540,11,-0.004914
2017,12580,11,-0.008428
2017,12620,11,-0.001395
2017,12700,11,-0.002392
2017,12980,11,0.000595
2017,13020,11,-0.002377
2017,13380,11,0.008154
2017,13460,11,0.020064
2017,13780,11,-0.003806
2017,14260,11,0.007016
2017,14500,11,-0.001835
2017,14740,11,0.005471
2017,14860,11,0.001468
2017,15180,11,-0.000504
2017,15260,11,-0.000318
2017,15380,11,-0.000798
2017,15500,11,0.003365
2017,15540,11,-2.3e-05
2017,15940,11,-0.000513
2017,15980,11,0.012987
2017,16020,11,-0.007268
2017,16180,11,-0.006789
2017,16220,11,-0.017886
2017,16300,11,0.001165
2017,16700,11,0.008385
2017,16860,11,-0.002903
2017,16940,11,-0.001578
2017,17020,11,-0.001505
2017,17420,11,0.002701
2017,17660,11,0.010331
2017,17780,11,0.009233
2017,17820,11,0.007723
2017,17900,11,0.002357
2017,18020,11,0.003689
2017,18700,11,-0.000309
2017,19340,11,-0.001941
2017,19460,11,-0.003748
2017,19500,11,-0.004165
2017,19740,11,0.003298
2017,20020,11,-0.003699
2017,20100,11,-0.000237
2017,20220,11,-0.006132
2017,20740,11,0.005499
2017,20940,11,-0.004404
2017,21140,11,0.001735
2017,21300,11,-0.005588
2017,21500,11,-0.002344
2017,21660,11,0.004277
2017,21820,11,-0.001092
2017,22020,11,0.01216
2017,22140,11,-0.026067
2017,22380,11,-0.001084
2017,22420,11,-0.002104
2017,22500,11,-0.009085
2017,22520,11,-0.004283
2017,22540,11,0.002384
2017,22660,11,0.006343
2017,23420,11,-0.001832
2017,23460,11,-0.005697
2017,23580,11,0.004493
2017,24020,11,-0.000824
2017,24220,11,-0.004681
2017,24300,11,-0.000626
2017,24500,11,-0.011627
2017,24540,11,0.018344
2017,24580,11,0.006161
2017,24660,11,-0.002297
2017,25420,11,0.006231
2017,25500,11,-0.000832
2017,25540,11,-0.000903
2017,25860,11,-0.005982
2017,25980,11,-0.00135
2017,26300,11,-0.004315
2017,26380,11,-0.007791
2017,26620,11,0.007675
2017,26980,11,0.004633
2017,27060,11,7.6e-05
2017,27100,11,-0.003047
2017,27260,11,0.007046
2017,27340,11,-0.003045
2017,27500,11,0.001025
2017,27740,11,-0.00042
2017,27780,11,-0.005473
2017,27860,11,0.00393
2017,27900,11,-0.002629
2017,28100,11,-0.002997
2017,28420,11,0.008641
2017,28660,11,0.005711
2017,28700,11,-0.01061
2017,28740,11,-0.000183
2017,29100,11,0.001437
2017,29340,11,0.001245
2017,29420,11,-0.00652
2017,29460,11,0.006683
2017,29540,11,0.002777
2017,29700,11,0.004615
2017,29740,11,-0.002677
2017,29820,11,0.005394
2017,29940,11,0.007526
2017,30140,11,0.006444
2017,30300,11,-0.007928
2017,30340,11,-0.000162
2017,30460,11,0.006746
2017,30620,11,-0.002243
2017,30700,11,0.007506
2017,30780,11,-0.000193
2017,30860,11,0.005312
2017,31020,11,0.004365
2017,31420,11,-0.008302
2017,31700,11,0.003349
2017,31860,11,0.003065
2017,32580,11,0.005642
2017,32780,11,0.002391
2017,32900,11,-0.005202
2017,33140,11,-0.003154
2017,33340,11,0.000225
2017,33540,11,0.004266
2017,33700,11,-0.002717
2017,33780,11,-0.000313
2017,33860,11,0.000281
2017,34060,11,-0.00871
2017,34580,11,0.004871
2017,34620,11,-0.001758
2017,34740,11,0.002292
2017,34940,11,0.009448
2017,35300,11,-0.001336
2017,35660,11,-0.002706
2017,35840,11,0.010676
2017,35980,11,-0.001174
2017,36100,11,0.001619
2017,36220,11,-0.017154
2017,36420,11,0.003138
2017,36500,11,0.00982
2017,36540,11,0.004181
2017,36740,11,0.009423
2017,36780,11,0.004241
2017,36980,11,-0.000819
2017,37100,11,-0.006881
2017,37340,11,0.00141
2017,37860,11,0.00319
2017,38060,11,0.001598
2017,38300,11,-0.001636
2017,38340,11,-0.005233
2017,38860,11,0.003751
2017,38900,11,0.004793
2017,38940,11,0.0043
2017,39300,11,0.000479
2017,39340,11,0.012762
2017,39380,11,0.001195
2017,39460,11,0.010087
2017,39540,11,0.00144
2017,39580,11,0.013003
2017,39740,11,0.001094
2017,39820,11,-0.006242
2017,39900,11,0.003221
2017,40140,11,-0.00156
2017,40420,11,0.000617
2017,40660,11,-0.005695
2017,40900,11,0.00072
2017,40980,11,-0.000431
2017,41060,11,-0.00322
2017,41100,11,0.012498
2017,41140,11,-0.006289
2017,41420,11,0.006203
2017,41500,11,-0.002459
2017,41700,11,0.005861
2017,41740,11,-0.001631
2017,41940,11,-0.004762
2017,42020,11,-0.00438
2017,42100,11,-0.006022
2017,42140,11,-0.004523
2017,42220,11,-0.006136
2017,42340,11,0.002632
2017,42540,11,-0.001461
2017,42680,11,0.007114
2017,43100,11,-0.001179
2017,43620,11,0.007816
2017,43780,11,0.002357
2017,44100,11,-0.003061
2017,44180,11,1e-05
2017,44220,11,-0.002524
2017,44300,11,0.003507
2017,44700,11,0.001453
2017,45060,11,-0.00163
2017,45220,11,-0.003459
2017,45820,11,-0.005858
2017,45940,11,0.003163
2017,46060,11,-0.002084
2017,46140,11,0.001241
2017,46340,11,0.00096
2017,46540,11,-0.002448
2017,46660,11,-0.001366
2017,46700,11,0.001264
2017,47220,11,-0.002684
2017,47300,11,-0.003518
2017,47940,11,-0.008538
2017,48300,11,0.003645
2017,48540,11,-0.016779
2017,48660,11,-0.005313
2017,48700,11,-0.004072
2017,49020,11,-0.000574
2017,49420,11,-0.001639
2017,49620,11,0.003633
2017,49660,11,-0.003805
2017,49740,11,-0.001328
2017,10180,12,-0.003753
2017,10420,12,0.000503
2017,10580,12,0.004391
2017,10740,12,-0.00422
2017,10780,12,-0.0057
2017,10900,12,0.002816
2017,11020,12,-0.003901
2017,11260,12,-0.001461
2017,11460,12,0.005062
2017,11500,12,-0.007048
2017,11540,12,0.005616
2017,11700,12,0.001207
2017,12020,12,0.002051
2017,12100,12,-0.001005
2017,12220,12,0.009378
2017,12420,12,0.017487
2017,12540,12,-0.00539
2017,12580,12,-0.00798
2017,12620,12,-0.000937
2017,12700,12,-0.002369
2017,12980,12,3.1e-05
2017,13020,12,-0.003246
2017,13380,12,0.008819
2017,13460,12,0.021857
2017,13780,12,-0.003859
2017,14260,12,0.007565
2017,14500,12,-0.001511
2017,14740,12,0.005603
2017,14860,12,0.001119
2017,15180,12,-0.001453
2017,15260,12,-0.000476
2017,15380,12,-0.000527
2017,15500,12,0.002816
2017,15540,12,0.000824
2017,15940,12,-0.000818
2017,15980,12,0.013904
2017,16020,12,-0.007532
2017,16180,12,-0.007486
2017,16220,12,-0.017326
2017,16300,12,0.000644
2017,16700,12,0.009245
2017,16860,12,-0.002942
2017,16940,12,-0.001115
2017,17020,12,-0.001542
2017,17420,12,0.002969
2017,17660,12,0.011054
2017,17780,12,0.009745
2017,17820,12,0.007402
2017,17900,12,0.002193
2017,18020,12,0.004023
2017,18700,12,-0.000172
2017,19340,12,-0.001253
2017,19460,12,-0.004395
2017,19500,12,-0.003975
2017,19740,12,0.003717
2017,20020,12,-0.00385
2017,20100,12,0.00037
2017,20220,12,-0.006046
2017,20740,12,0.006436
2017,20940,12,-0.004552
2017,21140,12,0.001729
2017,21300,12,-0.006166
2017,21500,12,-0.00249
2017,21660,12,0.004197
2017,21820,12,-0.001134
2017,22020,12,0.013616
2017,22140,12,-0.024848
2017,22380,12,-0.001117
2017,22420,12,-0.002944
2017,22500,12,-0.009263
2017,22520,12,-0.003832
2017,22540,12,0.002331
2017,22660,12,0.006776
2017,23420,12,-0.002135
2017,23460,12,-0.005908
2017,23580,12,0.003058
2017,24020,12,-0.000646
2017,24220,12,-0.00373
2017,24300,12,-0.000797
2017,24500,12,-0.011329
2017,24540,12,0.01843
2017,24580,12,0.006408
2017,24660,12,-0.002771
2017,25420,12,0.006048
2017,25500,12,-0.000753
2017,25540,12,-0.00122
2017,25860,12,-0.006725
2017,25980,12,-0.002279
2017,26300,12,-0.005282
2017,26380,12,-0.0076
2017,26620,12,0.007952
2017,26980,12,0.004563
2017,27060,12,0.000507
2017,27100,12,-0.00395
2017,27260,12,0.007326
2017,27340,12,-0.002447
2017,27500,12,0.001087
2017,27740,12,-0.000508
2017,27780,12,-0.005477
2017,27860,12,0.003435
2017,27900,12,-0.003511
2017,28100,12,-0.002935
2017,28420,12,0.009249
2017,28660,12,0.005804
2017,28700,12,-0.010663
2017,28740,12,-0.000684
2017,29100,12,0.002495
2017,29340,12,0.001793
2017,29420,12,-0.006498
2017,29460,12,0.006269
2017,29540,12,0.002552
2017,29700,12,0.004615
2017,29740,12,-0.00286
2017,29820,12,0.004099
2017,29940,12,0.0077
2017,30140,12,0.005901
2017,30300,12,-0.008117
2017,30340,12,1.6e-05
2017,30460,12,0.006833
2017,30620,12,-0.002216
2017,30700,12,0.007773
2017,30780,12,-0.000238
2017,30860,12,0.004698
2017,31020,12,0.00404
2017,31420,12,-0.009105
2017,31700,12,0.003033
2017,31860,12,0.003239
2017,32580,12,0.005453
2017,32780,12,0.002237
2017,32900,12,-0.006094
2017,33140,12,-0.002934
2017,33340,12,0.000548
2017,33540,12,0.004757
2017,33700,12,-0.003802
2017,33780,12,-0.000968
2017,33860,12,-2.6e-05
2017,34060,12,-0.008296
2017,34580,12,0.004869
2017,34620,12,-0.002029
2017,34740,12,0.001785
2017,34940,12,0.01044
2017,35300,12,-0.001667
2017,35660,12,-0.002586
2017,35840,12,0.011518
2017,35980,12,-0.001703
2017,36100,12,0.00091
2017,36220,12,-0.016766
2017,36420,12,0.002924
2017,36500,12,0.009701
2017,36540,12,0.003946
2017,36740,12,0.009828
2017,36780,12,0.004724
2017,36980,12,-0.00079
2017,37100,12,-0.007052
2017,37340,12,0.001676
2017,37860,12,0.00331
2017,38060,12,0.001569
2017,38300,12,-0.001375
2017,38340,12,-0.005222
2017,38860,12,0.004031
2017,38900,12,0.006045
2017,38940,12,0.004153
2017,39300,12,0.00026
2017,39340,12,0.012984
2017,39380,12,5.1e-05
2017,39460,12,0.009889
2017,39540,12,0.001316
2017,39580,12,0.01353
2017,39740,12,0.000498
2017,39820,12,-0.006433
2017,39900,12,0.003049
2017,40140,12,-0.001906
2017,40420,12,0.000229
2017,40660,12,-0.006349
2017,40900,12,0.000301
2017,40980,12,-0.000622
2017,41060,12,-0.004212
2017,41100,12,0.012611
2017,41140,12,-0.006604
2017,41420,12,0.005859
2017,41500,12,-0.003072
2017,41700,12,0.005809
2017,41740,12,-0.001513
2017,41940,12,-0.004194
2017,42020,12,-0.004421
2017,42100,12,-0.006199
2017,42140,12,-0.005294
2017,42220,12,-0.006453
2017,42340,12,0.002572
2017,42540,12,-0.001818
2017,42680,12,0.006937
2017,43100,12,-0.001236
2017,43620,12,0.008217
2017,43780,12,0.002566
2017,44100,12,-0.002558
2017,44180,12,-0.000391
2017,44220,12,-0.002623
2017,44300,12,0.003624
2017,44700,12,0.000473
2017,45060,12,-0.001569
2017,45220,12,-0.003629
2017,45820,12,-0.006251
2017,45940,12,0.002827
2017,46060,12,-0.002546
2017,46140,12,0.00072
2017,46340,12,0.000279
2017,46540,12,-0.00217
2017,46660,12,-0.001664
2017,46700,12,0.000346
2017,47220,12,-0.002695
2017,47300,12,-0.003486
2017,47940,12,-0.008645
2017,48300,12,0.004235
2017,48540,12,-0.017455
2017,48660,12,-0.005516
2017,48700,12,-0.0037
2017,49020,12,3e-06
2017,49420,12,-0.001833
2017,49620,12,0.002907
2017,49660,12,-0.003772
2017,49740,12,-0.001823
2017,10180,13,-0.004105
2017,10420,13,0.0007
2017,10580,13,0.003764
2017,10740,13,-0.004089
2017,10780,13,-0.005489
2017,10900,13,0.003206
2017,11020,13,-0.003782
2017,11260,13,-0.001408
2017,11460,13,0.005999
2017,11500,13,-0.007182
2017,11540,13,0.005384
2017,11700,13,0.001168
2017,12020,13,0.001992
2017,12100,13,-0.001836
2017,12220,13,0.009457
2017,12420,13,0.017052
2017,12540,13,-0.006129
2017,12580,13,-0.008587
2017,12620,13,-0.001501
2017,12700,13,-0.002149
2017,12980,13,0.000504
2017,13020,13,-0.003059
2017,13380,13,0.00877
2017,13460,13,0.021146
2017,13780,13,-0.004008
2017,14260,13,0.006832
2017,14500,13,-0.001192
2017,14740,13,0.005793
2017,14860,13,0.000929
2017,15180,13,-0.000968
2017,15260,13,-0.000774
2017,15380,13,-0.000491
2017,15500,13,0.003375
2017,15540,13,0.000309
2017,15940,13,-0.00094
2017,15980,13,0.013963
2017,16020,13,-0.007163
2017,16180,13,-0.007555
2017,16220,13,-0.01935
2017,16300,13,0.001069
2017,16700,13,0.008885
2017,16860,13,-0.002671
2017,16940,13,-0.001068
2017,17020,13,-0.001714
2017,17420,13,0.002686
2017,17660,13,0.010731
2017,17780,13,0.009784
2017,17820,13,0.008301
2017,17900,13,0.002093
2017,18020,13,0.003827
2017,18700,13,0.000345
2017,19340,13,-0.001457
2017,19460,13,-0.004273
2017,19500,13,-0.004215
2017,19740,13,0.003828
2017,20020,13,-0.004058
2017,20100,13,-0.00034
2017,20220,13,-0.005735
2017,20740,13,0.00618
2017,20940,13,-0.004169
2017,21140,13,0.001818
2017,21300,13,-0.00651
2017,21500,13,-0.002237
2017,21660,13,0.004938
2017,21820,13,-0.000124
2017,22020,13,0.012525
2017,22140,13,-0.026672
2017,22380,13,-0.001284
2017,22420,13,-0.002848
2017,22500,13,-0.009127
2017,22520,13,-0.003941
2017,22540,13,0.002553
2017,22660,13,0.00697
2017,23420,13,-0.002482
2017,23460,13,-0.00581
2017,23580,13,0.003402
2017,24020,13,-0.001296
2017,24220,13,-0.004641
2017,24300,13,-0.000815
2017,24500,13,-0.012062
2017,24540,13,0.019434
2017,24580,13,0.006497
2017,24660,13,-0.002345
2017,25420,13,0.00624
2017,25500,13,-0.00053
2017,25540,13,-0.001221
2017,25860,13,-0.005915
2017,25980,13,-0.002533
2017,26300,13,-0.004947
2017,26380,13,-0.008354
2017,26620,13,0.007748
2017,26980,13,0.004554
2017,27060,13,0.00073
2017,27100,13,-0.004029
2017,27260,13,0.007225
2017,27340,13,-0.003158
2017,27500,13,0.001098
2017,27740,13,-0.000388
2017,27780,13,-0.005641
2017,27860,13,0.004238
2017,27900,13,-0.00327
2017,28100,13,-0.003128
2017,28420,13,0.00974
2017,28660,13,0.006046
2017,28700,13,-0.010311
2017,28740,13,-0.000788
2017,29100,13,0.00188
2017,29340,13,0.001748
2017,29420,13,-0.006891
2017,29460,13,0.006758
2017,29540,13,0.003276
2017,29700,13,0.004089
2017,29740,13,-0.002927
2017,29820,13,0.004138
2017,29940,13,0.007637
2017,30140,13,0.006572
2017,30300,13,-0.007783
2017,30340,13,0.000515
2017,30460,13,0.00712
2017,30620,13,-0.002087
2017,30700,13,0.007525
2017,30780,13,-0.000137
2017,30860,13,0.00631
2017,31020,13,0.005016
2017,31420,13,-0.008799
2017,31700,13,0.003527
2017,31860,13,0.003038
2017,32580,13,0.005752
2017,32780,13,0.002314
2017,32900,13,-0.005678
2017,33140,13,-0.003459
2017,33340,13,0.000127
2017,33540,13,0.005017
2017,33700,13,-0.003362
2017,33780,13,-0.000523
2017,33860,13,-7.5e-05
2017,34060,13,-0.008177
2017,34580,13,0.005165
2017,34620,13,-0.001853
2017,34740,13,0.002396
2017,34940,13,0.00963
2017,35300,13,-0.001656
2017,35660,13,-0.00267
2017,35840,13,0.011281
2017,35980,13,-0.001681
2017,36100,13,0.001124
2017,36220,13,-0.01969
2017,36420,13,0.003019
2017,36500,13,0.010365
2017,36540,13,0.004249
2017,36740,13,0.009349
2017,36780,13,0.004334
2017,36980,13,-0.000478
2017,37100,13,-0.007471
2017,37340,13,0.002239
2017,37860,13,0.00349
2017,38060,13,0.001147
2017,38300,13,-0.001167
2017,38340,13,-0.005377
2017,38860,13,0.004054
2017,38900,13,0.005542
2017,38940,13,0.005147
2017,39300,13,0.000454
2017,39340,13,0.013483
2017,39380,13,0.001344
2017,39460,13,0.010842
2017,39540,13,0.00128
2017,39580,13,0.013629
2017,39740,13,0.000907
2017,39820,13,-0.006941
2017,39900,13,0.00255
2017,40140,13,-0.002114
2017,40420,13,0.000362
2017,40660,13,-0.005781
2017,40900,13,0.00025
2017,40980,13,-0.000265
2017,41060,13,-0.00352
2017,41100,13,0.012952
2017,41140,13,-0.006085
2017,41420,13,0.006909
2017,41500,13,-0.002687
2017,41700,13,0.006478
2017,41740,13,-0.00179
2017,41940,13,-0.004764
2017,42020,13,-0.004425
2017,42100,13,-0.006134
2017,42140,13,-0.004707
2017,42220,13,-0.006617
2017,42340,13,0.002291
2017,42540,13,-0.001579
2017,42680,13,0.007649
2017,43100,13,-0.001226
2017,43620,13,0.007981
2017,43780,13,0.002867
2017,44100,13,-0.002735
2017,44180,13,-0.000412
2017,44220,13,-0.002613
2017,44300,13,0.004043
2017,44700,13,0.000783
2017,45060,13,-0.001542
2017,45220,13,-0.004034
2017,45820,13,-0.006109
2017,45940,13,0.002719
2017,46060,13,-0.002744
2017,46140,13,0.000819
2017,46340,13,0.00109
2017,46540,13,-0.001972
2017,46660,13,-0.001631
2017,46700,13,0.000385
2017,47220,13,-0.003328
2017,47300,13,-0.00407
2017,47940,13,-0.008672
2017,48300,13,0.003897
2017,48540,13,-0.018386
2017,48660,13,-0.004783
2017,48700,13,-0.003658
2017,49020,13,-0.000429
2017,49420,13,-0.001382
2017,49620,13,0.003565
2017,49660,13,-0.003891
2017,49740,13,-0.001949
2017,10180,14,-0.004044
2017,10420,14,0.000868
2017,10580,14,0.003784
2017,10740,14,-0.004053
2017,10780,14,-0.005533
2017,10900,14,0.003186
2017,11020,14,-0.003942
2017,11260,14,-0.00174
2017,11460,14,0.005529
2017,11500,14,-0.006906
2017,11540,14,0.005249
2017,11700,14,0.000785
2017,12020,14,0.00227
2017,12100,14,-0.001215
2017,12220,14,0.009265
2017,12420,14,0.01663
2017,12540,14,-0.005191
2017,12580,14,-0.008371
2017,12620,14,-0.001293
2017,12700,14,-0.002289
2017,12980,14,0.000443
2017,13020,14,-0.0026
2017,13380,14,0.008117
2017,13460,14,0.020534
2017,13780,14,-0.003811
2017,14260,14,0.007088
2017,14500,14,-0.001617
2017,14740,14,0.005403
2017,14860,14,0.001275
2017,15180,14,-0.00079
2017,15260,14,-0.000386
2017,15380,14,-0.000665
2017,15500,14,0.00329
2017,15540,14,0.000205
2017,15940,14,-0.000662
2017,15980,14,0.013295
2017,16020,14,-0.00728
2017,16180,14,-0.006888
2017,16220,14,-0.017818
2017,16300,14,0.00101
2017,16700,14,0.008621
2017,16860,14,-0.002909
2017,16940,14,-0.001435
2017,17020,14,-0.001567
2017,17420,14,0.002756
2017,17660,14,0.010421
2017,17780,14,0.009377
2017,17820,14,0.007677
2017,17900,14,0.002294
2017,18020,14,0.00367
2017,18700,14,-0.000294
2017,19340,14,-0.001714
2017,19460,14,-0.003955
2017,19500,14,-0.004108
2017,19740,14,0.003557
2017,20020,14,-0.003758
2017,20100,14,-0.000107
2017,20220,14,-0.005936
2017,20740,14,0.00574
2017,20940,14,-0.004305
2017,21140,14,0.001683
2017,21300,14,-0.005937
2017,21500,14,-0.002199
2017,21660,14,0.004189
2017,21820,14,-0.00104
2017,22020,14,0.012523
2017,22140,14,-0.025478
2017,22380,14,-0.001142
2017,22420,14,-0.002348
2017,22500,14,-0.009021
2017,22520,14,-0.004057
2017,22540,14,0.002352
2017,22660,14,0.006563
2017,23420,14,-0.001979
2017,23460,14,-0.005718
2017,23580,14,0.003921
2017,24020,14,-0.000913
2017,24220,14,-0.00452
2017,24300,14,-0.000733
2017,24500,14,-0.011665
2017,24540,14,0.018482
2017,24580,14,0.006206
2017,24660,14,-0.002362
2017,25420,14,0.00611
2017,25500,14,-0.00084
2017,25540,14,-0.001025
2017,25860,14,-0.006085
2017,25980,14,-0.001852
2017,26300,14,-0.004707
2017,26380,14,-0.007856
2017,26620,14,0.007683
2017,26980,14,0.004528
2017,27060,14,0.000203
2017,27100,14,-0.003338
2017,27260,14,0.00709
2017,27340,14,-0.002843
2017,27500,14,0.00096
2017,27740,14,-0.000487
2017,27780,14,-0.005434
2017,27860,14,0.003881
2017,27900,14,-0.003059
2017,28100,14,-0.002958
2017,28420,14,0.008924
2017,28660,14,0.005779
2017,28700,14,-0.010445
2017,28740,14,-0.00044
2017,29100,14,0.00167
2017,29340,14,0.001443
2017,29420,14,-0.006529
2017,29460,14,0.006466
2017,29540,14,0.002815
2017,29700,14,0.004539
2017,29740,14,-0.002723
2017,29820,14,0.004991
2017,29940,14,0.007539
2017,30140,14,0.006175
2017,30300,14,-0.008067
2017,30340,14,6.7e-05
2017,30460,14,0.006761
2017,30620,14,-0.002129
2017,30700,14,0.007533
2017,30780,14,-0.000127
2017,30860,14,0.005213
2017,31020,14,0.004311
2017,31420,14,-0.008416
2017,31700,14,0.003344
2017,31860,14,0.003124
2017,32580,14,0.005586
2017,32780,14,0.002291
2017,32900,14,-0.005208
2017,33140,14,-0.00312
2017,33340,14,0.000223
2017,33540,14,0.004383
2017,33700,14,-0.002913
2017,33780,14,-0.000393
2017,33860,14,0.000168
2017,34060,14,-0.00857
2017,34580,14,0.004787
2017,34620,14,-0.001907
2017,34740,14,0.002186
2017,34940,14,0.009766
2017,35300,14,-0.001459
2017,35660,14,-0.002647
2017,35840,14,0.010972
2017,35980,14,-0.001404
2017,36100,14,0.001297
2017,36220,14,-0.017416
2017,36420,14,0.002983
2017,36500,14,0.009701
2017,36540,14,0.004128
2017,36740,14,0.009451
2017,36780,14,0.004295
2017,36980,14,-0.000741
2017,37100,14,-0.007004
2017,37340,14,0.001641
2017,37860,14,0.003232
2017,38060,14,0.001504
2017,38300,14,-0.001408
2017,38340,14,-0.005242
2017,38860,14,0.003824
2017,38900,14,0.005129
2017,38940,14,0.004355
2017,39300,14,0.000423
2017,39340,14,0.012781
2017,39380,14,0.001001
2017,39460,14,0.010075
2017,39540,14,0.001284
2017,39580,14,0.013168
2017,39740,14,0.000911
2017,39820,14,-0.006324
2017,39900,14,0.003146
2017,40140,14,-0.001718
2017,40420,14,0.000534
2017,40660,14,-0.005745
2017,40900,14,0.000594
2017,40980,14,-0.000306
2017,41060,14,-0.003518
2017,41100,14,0.012456
2017,41140,14,-0.006178
2017,41420,14,0.006096
2017,41500,14,-0.002487
2017,41700,14,0.005805
2017,41740,14,-0.001627
2017,41940,14,-0.004548
2017,42020,14,-0.004385
2017,42100,14,-0.005997
2017,42140,14,-0.004805
2017,42220,14,-0.006106
2017,42340,14,0.002512
2017,42540,14,-0.001537
2017,42680,14,0.007105
2017,43100,14,-0.001301
2017,43620,14,0.007855
2017,43780,14,0.002449
2017,44100,14,-0.002891
2017,44180,14,-0.00017
2017,44220,14,-0.002433
2017,44300,14,0.003543
2017,44700,14,0.001271
2017,45060,14,-0.001546
2017,45220,14,-0.003584
2017,45820,14,-0.005918
2017,45940,14,0.002994
2017,46060,14,-0.002292
2017,46140,14,0.001062
2017,46340,14,0.000685
2017,46540,14,-0.002267
2017,46660,14,-0.00142
2017,46700,14,0.001037
2017,47220,14,-0.002746
2017,47300,14,-0.003535
2017,47940,14,-0.00849
2017,48300,14,0.003663
2017,48540,14,-0.017418
2017,48660,14,-0.005182
2017,48700,14,-0.003849
2017,49020,14,-0.000427
2017,49420,14,-0.001713
2017,49620,14,0.003413
2017,49660,14,-0.003738
2017,49740,14,-0.001573
2017,10180,15,-0.003905
2017,10420,15,0.000796
2017,10580,15,0.003887
2017,10740,15,-0.004122
2017,10780,15,-0.005519
2017,10900,15,0.003008
2017,11020,15,-0.003848
2017,11260,15,-0.00181
2017,11460,15,0.005228
2017,11500,15,-0.006858
2017,11540,15,0.005279
2017,11700,15,0.000864
2017,12020,15,0.002122
2017,12100,15,-0.001041
2017,12220,15,0.009226
2017,12420,15,0.016736
2017,12540,15,-0.005053
2017,12580,15,-0.00817
2017,12620,15,-0.001146
2017,12700,15,-0.002275
2017,12980,15,0.000253
2017,13020,15,-0.002672
2017,13380,15,0.007924
2017,13460,15,0.020687
2017,13780,15,-0.003716
2017,14260,15,0.007239
2017,14500,15,-0.001648
2017,14740,15,0.005272
2017,14860,15,0.001226
2017,15180,15,-0.001011
2017,15260,15,-0.000288
2017,15380,15,-0.000669
2017,15500,15,0.003177
2017,15540,15,0.00041
2017,15940,15,-0.000716
2017,15980,15,0.013268
2017,16020,15,-0.00733
2017,16180,15,-0.006821
2017,16220,15,-0.017031
2017,16300,15,0.00085
2017,16700,15,0.00877
2017,16860,15,-0.003014
2017,16940,15,-0.001437
2017,17020,15,-0.001548
2017,17420,15,0.002845
2017,17660,15,0.010446
2017,17780,15,0.00938
2017,17820,15,0.007385
2017,17900,15,0.002339
2017,18020,15,0.003669
2017,18700,15,-0.000415
2017,19340,15,-0.001566
2017,19460,15,-0.004039
2017,19500,15,-0.004015
2017,19740,15,0.003619
2017,20020,15,-0.00368
2017,20100,15,0.000161
2017,20220,15,-0.005801
2017,20740,15,0.005802
2017,20940,15,-0.004324
2017,21140,15,0.00162
2017,21300,15,-0.006078
2017,21500,15,-0.002111
2017,21660,15,0.003887
2017,21820,15,-0.001322
2017,22020,15,0.012844
2017,22140,15,-0.024609
2017,22380,15,-0.001101
2017,22420,15,-0.002549
2017,22500,15,-0.008917
2017,22520,15,-0.00392
2017,22540,15,0.002305
2017,22660,15,0.006603
2017,23420,15,-0.001905
2017,23460,15,-0.005717
2017,23580,15,0.003561
2017,24020,15,-0.000814
2017,24220,15,-0.00435
2017,24300,15,-0.000772
2017,24500,15,-0.011546
2017,24540,15,0.018154
2017,24580,15,0.006172
2017,24660,15,-0.00243
2017,25420,15,0.005977
2017,25500,15,-0.000878
2017,25540,15,-0.001055
2017,25860,15,-0.006267
2017,25980,15,-0.002
2017,26300,15,-0.004961
2017,26380,15,-0.007693
2017,26620,15,0.007697
2017,26980,15,0.004462
2017,27060,15,0.000131
2017,27100,15,-0.003402
2017,27260,15,0.007093
2017,27340,15,-0.002436
2017,27500,15,0.000869
2017,27740,15,-0.000585
2017,27780,15,-0.005381
2017,27860,15,0.003685
2017,27900,15,-0.00336
2017,28100,15,-0.002814
2017,28420,15,0.00892
2017,28660,15,0.005711
2017,28700,15,-0.010324
2017,28740,15,-0.000526
2017,29100,15,0.001842
2017,29340,15,0.001474
2017,29420,15,-0.006446
2017,29460,15,0.006195
2017,29540,15,0.002728
2017,29700,15,0.004596
2017,29740,15,-0.002643
2017,29820,15,0.004889
2017,29940,15,0.007525
2017,30140,15,0.005838
2017,30300,15,-0.008227
2017,30340,15,0.000114
2017,30460,15,0.006641
2017,30620,15,-0.002034
2017,30700,15,0.007519
2017,30780,15,-7.9e-05
2017,30860,15,0.004757
2017,31020,15,0.004011
2017,31420,15,-0.008408
2017,31700,15,0.003235
2017,31860,15,0.003176
2017,32580,15,0.005466
2017,32780,15,0.002219
2017,32900,15,-0.005168
2017,33140,15,-0.002948
2017,33340,15,0.000298
2017,33540,15,0.004294
2017,33700,15,-0.003023
2017,33780,15,-0.000506
2017,33860,15,0.00013
2017,34060,15,-0.008516
2017,34580,15,0.004632
2017,34620,15,-0.002089
2017,34740,15,0.001956
2017,34940,15,0.010035
2017,35300,15,-0.001485
2017,35660,15,-0.002572
2017,35840,15,0.01105
2017,35980,15,-0.001518
2017,36100,15,0.00108
2017,36220,15,-0.01652
2017,36420,15,0.002832
2017,36500,15,0.009431
2017,36540,15,0.004015
2017,36740,15,0.009517
2017,36780,15,0.004338
2017,36980,15,-0.000816
2017,37100,15,-0.006936
2017,37340,15,0.001563
2017,37860,15,0.003168
2017,38060,15,0.001561
2017,38300,15,-0.001364
2017,38340,15,-0.005196
2017,38860,15,0.003802
2017,38900,15,0.005279
2017,38940,15,0.004022
2017,39300,15,0.000339
2017,39340,15,0.012539
2017,39380,15,0.000664
2017,39460,15,0.009744
2017,39540,15,0.001184
2017,39580,15,0.013171
2017,39740,15,0.000778
2017,39820,15,-0.006166
2017,39900,15,0.00317
2017,40140,15,-0.001721
2017,40420,15,0.000549
2017,40660,15,-0.005807
2017,40900,15,0.000569
2017,40980,15,-0.000303
2017,41060,15,-0.003762
2017,41100,15,0.0123
2017,41140,15,-0.006153
2017,41420,15,0.005739
2017,41500,15,-0.002559
2017,41700,15,0.005545
2017,41740,15,-0.001556
2017,41940,15,-0.004312
2017,42020,15,-0.004364
2017,42100,15,-0.005951
2017,42140,15,-0.005058
2017,42220,15,-0.005957
2017,42340,15,0.00256
2017,42540,15,-0.001592
2017,42680,15,0.006857
2017,43100,15,-0.001371
2017,43620,15,0.007854
2017,43780,15,0.002395
2017,44100,15,-0.002762
2017,44180,15,-0.000234
2017,44220,15,-0.002284
2017,44300,15,0.003405
2017,44700,15,0.001191
2017,45060,15,-0.001491
2017,45220,15,-0.003506
2017,45820,15,-0.005919
2017,45940,15,0.002934
2017,46060,15,-0.002299
2017,46140,15,0.000964
2017,46340,15,0.000316
2017,46540,15,-0.002231
2017,46660,15,-0.001361
2017,46700,15,0.000966
2017,47220,15,-0.002556
2017,47300,15,-0.003359
2017,47940,15,-0.008348
2017,48300,15,0.003675
2017,48540,15,-0.017728
2017,48660,15,-0.005267
2017,48700,15,-0.003751
2017,49020,15,-0.000312
2017,49420,15,-0.001871
2017,49620,15,0.003198
2017,49660,15,-0.003656
2017,49740,15,-0.001629
2017,10180,16,-0.003724
2017,10420,16,0.000453
2017,10580,16,0.004586
2017,10740,16,-0.004011
2017,10780,16,-0.005712
2017,10900,16,0.002507
2017,11020,16,-0.003771
2017,11260,16,-0.0011
2017,11460,16,0.004352
2017,11500,16,-0.007132
2017,11540,16,0.005791
2017,11700,16,0.001194
2017,12020,16,0.001877
2017,12100,16,-0.000719
2017,12220,16,0.00945
2017,12420,16,0.01748
2017,12540,16,-0.005672
2017,12580,16,-0.007815
2017,12620,16,-0.000691
2017,12700,16,-0.00247
2017,12980,16,-0.000265
2017,13020,16,-0.00319
2017,13380,16,0.008807
2017,13460,16,0.022039
2017,13780,16,-0.003785
2017,14260,16,0.00726
2017,14500,16,-0.001519
2017,14740,16,0.00571
2017,14860,16,0.001143
2017,15180,16,-0.001685
2017,15260,16,-0.000239
2017,15380,16,-0.000594
2017,15500,16,0.003169
2017,15540,16,0.001125
2017,15940,16,-0.000913
2017,15980,16,0.013675
2017,16020,16,-0.00775
2017,16180,16,-0.008263
2017,16220,16,-0.016196
2017,16300,16,0.000549
2017,16700,16,0.009438
2017,16860,16,-0.002998
2017,16940,16,-0.000783
2017,17020,16,-0.001393
2017,17420,16,0.0032
2017,17660,16,0.011044
2017,17780,16,0.00978
2017,17820,16,0.007415
2017,17900,16,0.002706
2017,18020,16,0.004039
2017,18700,16,-9.4e-05
2017,19340,16,-0.000995
2017,19460,16,-0.004601
2017,19500,16,-0.003831
2017,19740,16,0.003943
2017,20020,16,-0.003787
2017,20100,16,0.000991
2017,20220,16,-0.005802
2017,20740,16,0.006572
2017,20940,16,-0.004532
2017,21140,16,0.001537
2017,21300,16,-0.006587
2017,21500,16,-0.00227
2017,21660,16,0.003857
2017,21820,16,-0.001012
2017,22020,16,0.014117
2017,22140,16,-0.023371
2017,22380,16,-0.001362
2017,22420,16,-0.003619
2017,22500,16,-0.008887
2017,22520,16,-0.003708
2017,22540,16,0.002326
2017,22660,16,0.007264
2017,23420,16,-0.00218
2017,23460,16,-0.006041
2017,23580,16,0.002215
2017,24020,16,-0.000668
2017,24220,16,-0.004114
2017,24300,16,-0.000928
2017,24500,16,-0.010953
2017,24540,16,0.018387
2017,24580,16,0.00652
2017,24660,16,-0.002492
2017,25420,16,0.006008
2017,25500,16,-0.000745
2017,25540,16,-0.001179
2017,25860,16,-0.006814
2017,25980,16,-0.002549
2017,26300,16,-0.00579
2017,26380,16,-0.007464
2017,26620,16,0.008155
2017,26980,16,0.004547
2017,27060,16,0.000102
2017,27100,16,-0.004302
2017,27260,16,0.007184
2017,27340,16,-0.001363
2017,27500,16,0.000767
2017,27740,16,-0.00089
2017,27780,16,-0.005423
2017,27860,16,0.003451
2017,27900,16,-0.004111
2017,28100,16,-0.002679
2017,28420,16,0.010172
2017,28660,16,0.006002
2017,28700,16,-0.010384
2017,28740,16,-0.000873
2017,29100,16,0.002741
2017,29340,16,0.001764
2017,29420,16,-0.006678
2017,29460,16,0.005335
2017,29540,16,0.002433
2017,29700,16,0.004861
2017,29740,16,-0.002175
2017,29820,16,0.003159
2017,29940,16,0.007936
2017,30140,16,0.005489
2017,30300,16,-0.008506
2017,30340,16,0.000106
2017,30460,16,0.006735
2017,30620,16,-0.002071
2017,30700,16,0.007966
2017,30780,16,0.000104
2017,30860,16,0.004289
2017,31020,16,0.003794
2017,31420,16,-0.008827
2017,31700,16,0.002861
2017,31860,16,0.003331
2017,32580,16,0.005522
2017,32780,16,0.002114
2017,32900,16,-0.006454
2017,33140,16,-0.002758
2017,33340,16,0.000564
2017,33540,16,0.004855
2017,33700,16,-0.004667
2017,33780,16,-0.001272
2017,33860,16,1.6e-05
2017,34060,16,-0.008261
2017,34580,16,0.004883
2017,34620,16,-0.002282
2017,34740,16,0.001181
2017,34940,16,0.010434
2017,35300,16,-0.001698
2017,35660,16,-0.002636
2017,35840,16,0.011342
2017,35980,16,-0.001888
2017,36100,16,0.000159
2017,36220,16,-0.016117
2017,36420,16,0.002693
2017,36500,16,0.009705
2017,36540,16,0.003875
2017,36740,16,0.009534
2017,36780,16,0.004931
2017,36980,16,-0.00094
2017,37100,16,-0.007144
2017,37340,16,0.000908
2017,37860,16,0.003211
2017,38060,16,0.000808
2017,38300,16,-0.001296
2017,38340,16,-0.005302
2017,38860,16,0.003962
2017,38900,16,0.006263
2017,38940,16,0.0031
2017,39300,16,-1.5e-05
2017,39340,16,0.012719
2017,39380,16,-1.6e-05
2017,39460,16,0.008995
2017,39540,16,0.001036
2017,39580,16,0.014014
2017,39740,16,0.000236
2017,39820,16,-0.006381
2017,39900,16,0.00228
2017,40140,16,-0.002373
2017,40420,16,0.000388
2017,40660,16,-0.006298
2017,40900,16,-5.1e-05
2017,40980,16,-0.000458
2017,41060,16,-0.004771
2017,41100,16,0.012415
2017,41140,16,-0.006692
2017,41420,16,0.005422
2017,41500,16,-0.003361
2017,41700,16,0.005242
2017,41740,16,-0.001393
2017,41940,16,-0.003979
2017,42020,16,-0.004507
2017,42100,16,-0.006204
2017,42140,16,-0.005442
2017,42220,16,-0.006547
2017,42340,16,0.002668
2017,42540,16,-0.001822
2017,42680,16,0.006135
2017,43100,16,-0.00142
2017,43620,16,0.00832
2017,43780,16,0.002479
2017,44100,16,-0.002339
2017,44180,16,-0.000551
2017,44220,16,-0.002221
2017,44300,16,0.003303
2017,44700,16,-9.6e-05
2017,45060,16,-0.001385
2017,45220,16,-0.003549
2017,45820,16,-0.006241
2017,45940,16,0.002789
2017,46060,16,-0.002598
2017,46140,16,0.000667
2017,46340,16,-0.000359
2017,46540,16,-0.002184
2017,46660,16,-0.001305
2017,46700,16,-0.000309
2017,47220,16,-0.002373
2017,47300,16,-0.003366
2017,47940,16,-0.008468
2017,48300,16,0.004501
2017,48540,16,-0.018449
2017,48660,16,-0.005593
2017,48700,16,-0.003699
2017,49020,16,0.000171
2017,49420,16,-0.001497
2017,49620,16,0.002544
2017,49660,16,-0.003581
2017,49740,16,-0.001934
2017,10180,17,-0.003356
2017,10420,17,0.000404
2017,10580,17,0.004403
2017,10740,17,-0.004612
2017,10780,17,-0.005574
2017,10900,17,0.002599
2017,11020,17,-0.003669
2017,11260,17,-0.002145
2017,11460,17,0.004683
2017,11500,17,-0.006768
2017,11540,17,0.005503
2017,11700,17,0.001428
2017,12020,17,0.001642
2017,12100,17,-0.000652
2017,12220,17,0.009249
2017,12420,17,0.017639
2017,12540,17,-0.004486
2017,12580,17,-0.007428
2017,12620,17,-0.000751
2017,12700,17,-0.002191
2017,12980,17,-0.000336
2017,13020,17,-0.003398
2017,13380,17,0.007857
2017,13460,17,0.021829
2017,13780,17,-0.003479
2017,14260,17,0.008297
2017,14500,17,-0.001761
2017,14740,17,0.005005
2017,14860,17,0.000926
2017,15180,17,-0.001906
2017,15260,17,-0.000229
2017,15380,17,-0.000614
2017,15500,17,0.002239
2017,15540,17,0.001182
2017,15940,17,-0.00095
2017,15980,17,0.013751
2017,16020,17,-0.007431
2017,16180,17,-0.006337
2017,16220,17,-0.01528
2017,16300,17,0.00024
2017,16700,17,0.009527
2017,16860,17,-0.003331
2017,16940,17,-0.00157
2017,17020,17,-0.001601
2017,17420,17,0.003056
2017,17660,17,0.011033
2017,17780,17,0.009664
2017,17820,17,0.006337
2017,17900,17,0.00198
2017,18020,17,0.003944
2017,18700,17,-0.000648
2017,19340,17,-0.001007
2017,19460,17,-0.004406
2017,19500,17,-0.00378
2017,19740,17,0.003632
2017,20020,17,-0.003541
2017,20100,17,0.000774
2017,20220,17,-0.005592
2017,20740,17,0.006333
2017,20940,17,-0.004624
2017,21140,17,0.001674
2017,21300,17,-0.00641
2017,21500,17,-0.002246
2017,21660,17,0.003385
2017,21820,17,-0.00231
2017,22020,17,0.014064
2017,22140,17,-0.023125
2017,22380,17,-0.000659
2017,22420,17,-0.003156
2017,22500,17,-0.009097
2017,22520,17,-0.003499
2017,22540,17,0.002263
2017,22660,17,0.006415
2017,23420,17,-0.001712
2017,23460,17,-0.00573
2017,23580,17,0.002647
2017,24020,17,-0.00031
2017,24220,17,-0.00308
2017,24300,17,-0.000757
2017,24500,17,-0.011449
2017,24540,17,0.017129
2017,24580,17,0.006166
2017,24660,17,-0.003146
2017,25420,17,0.005612
2017,25500,17,-0.000825
2017,25540,17,-0.001302
2017,25860,17,-0.00715
2017,25980,17,-0.002439
2017,26300,17,-0.005649
2017,26380,17,-0.007197
2017,26620,17,0.007784
2017,26980,17,0.004344
2017,27060,17,0.000501
2017,27100,17,-0.003749
2017,27260,17,0.007448
2017,27340,17,-0.001779
2017,27500,17,0.000979
2017,27740,17,-0.000543
2017,27780,17,-0.005387
2017,27860,17,0.002831
2017,27900,17,-0.004067
2017,28100,17,-0.002508
2017,28420,17,0.008382
2017,28660,17,0.005349
2017,28700,17,-0.010294
2017,28740,17,-0.000762
2017,29100,17,0.00268
2017,29340,17,0.001798
2017,29420,17,-0.006108
2017,29460,17,0.006192
2017,29540,17,0.002554
2017,29700,17,0.004532
2017,29740,17,-0.003047
2017,29820,17,0.004885
2017,29940,17,0.007415
2017,30140,17,0.005098
2017,30300,17,-0.008336
2017,30340,17,0.000249
2017,30460,17,0.00644
2017,30620,17,-0.00187
2017,30700,17,0.0074
2017,30780,17,-0.000295
2017,30860,17,0.003558
2017,31020,17,0.003235
2017,31420,17,-0.009096
2017,31700,17,0.002877
2017,31860,17,0.003314
2017,32580,17,0.004984
2017,32780,17,0.002125
2017,32900,17,-0.005367
2017,33140,17,-0.002469
2017,33340,17,0.000752
2017,33540,17,0.004243
2017,33700,17,-0.003189
2017,33780,17,-0.001
2017,33860,17,-0.00018
2017,34060,17,-0.008155
2017,34580,17,0.004296
2017,34620,17,-0.002565
2017,34740,17,0.001528
2017,34940,17,0.011247
2017,35300,17,-0.001649
2017,35660,17,-0.002224
2017,35840,17,0.011758
2017,35980,17,-0.00191
2017,36100,17,0.000889
2017,36220,17,-0.013822
2017,36420,17,0.002537
2017,36500,17,0.008779
2017,36540,17,0.003631
2017,36740,17,0.010262
2017,36780,17,0.004545
2017,36980,17,-0.000993
2017,37100,17,-0.006723
2017,37340,17,0.002061
2017,37860,17,0.00314
2017,38060,17,0.002508
2017,38300,17,-0.001345
2017,38340,17,-0.004974
2017,38860,17,0.00394
2017,38900,17,0.006112
2017,38940,17,0.003795
2017,39300,17,0.000225
2017,39340,17,0.012231
2017,39380,17,-0.000875
2017,39460,17,0.009479
2017,39540,17,0.001202
2017,39580,17,0.013059
2017,39740,17,0.000429
2017,39820,17,-0.005806
2017,39900,17,0.003746
2017,40140,17,-0.001433
2017,40420,17,0.000359
2017,40660,17,-0.006419
2017,40900,17,0.000602
2017,40980,17,-0.000695
2017,41060,17,-0.004381
2017,41100,17,0.012243
2017,41140,17,-0.006232
2017,41420,17,0.005022
2017,41500,17,-0.002991
2017,41700,17,0.005359
2017,41740,17,-0.001399
2017,41940,17,-0.003651
2017,42020,17,-0.004246
2017,42100,17,-0.00598
2017,42140,17,-0.005981
2017,42220,17,-0.005696
2017,42340,17,0.002752
2017,42540,17,-0.001922
2017,42680,17,0.006761
2017,43100,17,-0.001315
2017,43620,17,0.008003
2017,43780,17,0.002443
2017,44100,17,-0.00232
2017,44180,17,-0.000414
2017,44220,17,-0.002274
2017,44300,17,0.003376
2017,44700,17,0.000905
2017,45060,17,-0.001521
2017,45220,17,-0.003359
2017,45820,17,-0.006162
2017,45940,17,0.002675
2017,46060,17,-0.002427
2017,46140,17,0.000469
2017,46340,17,-0.000448
2017,46540,17,-0.002042
2017,46660,17,-0.001588
2017,46700,17,0.000826
2017,47220,17,-0.002215
2017,47300,17,-0.002925
2017,47940,17,-0.00814
2017,48300,17,0.003904
2017,48540,17,-0.01821
2017,48660,17,-0.005667
2017,48700,17,-0.003388
2017,49020,17,0.000114
2017,49420,17,-0.002713
2017,49620,17,0.002672
2017,49660,17,-0.00365
2017,49740,17,-0.001829
2017,10180,18,-0.003802
2017,10420,18,0.000487
2017,10580,18,0.004231
2017,10740,18,-0.004406
2017,10780,18,-0.005572
2017,10900,18,0.003029
2017,11020,18,-0.003901
2017,11260,18,-0.001577
2017,11460,18,0.0057
2017,11500,18,-0.007135
2017,11540,18,0.005564
2017,11700,18,0.001411
2017,12020,18,0.001851
2017,12100,18,-0.001404
2017,12220,18,0.009435
2017,12420,18,0.017754
2017,12540,18,-0.005429
2017,12580,18,-0.008131
2017,12620,18,-0.001211
2017,12700,18,-0.002217
2017,12980,18,0.000179
2017,13020,18,-0.003423
2017,13380,18,0.008926
2017,13460,18,0.02212
2017,13780,18,-0.003896
2017,14260,18,0.007767
2017,14500,18,-0.00158
2017,14740,18,0.005572
2017,14860,18,0.000911
2017,15180,18,-0.001368
2017,15260,18,-0.00082
2017,15380,18,-0.000524
2017,15500,18,0.002678
2017,15540,18,0.000729
2017,15940,18,-0.000963
2017,15980,18,0.0143
2017,16020,18,-0.007387
2017,16180,18,-0.007213
2017,16220,18,-0.018386
2017,16300,18,0.000734
2017,16700,18,0.009319
2017,16860,18,-0.002878
2017,16940,18,-0.001245
2017,17020,18,-0.001734
2017,17420,18,0.002806
2017,17660,18,0.01124
2017,17780,18,0.00985
2017,17820,18,0.007568
2017,17900,18,0.001839
2017,18020,18,0.004062
2017,18700,18,-2.6e-05
2017,19340,18,-0.001247
2017,19460,18,-0.004379
2017,19500,18,-0.004029
2017,19740,18,0.003563
2017,20020,18,-0.003999
2017,20100,18,-4.8e-05
2017,20220,18,-0.005982
2017,20740,18,0.006554
2017,20940,18,-0.004552
2017,21140,18,0.001819
2017,21300,18,-0.006359
2017,21500,18,-0.002523
2017,21660,18,0.004648
2017,21820,18,-0.000809
2017,22020,18,0.013431
2017,22140,18,-0.026024
2017,22380,18,-0.000896
2017,22420,18,-0.00293
2017,22500,18,-0.009483
2017,22520,18,-0.003818
2017,22540,18,0.002523
2017,22660,18,0.006481
2017,23420,18,-0.00223
2017,23460,18,-0.005814
2017,23580,18,0.003235
2017,24020,18,-0.000691
2017,24220,18,-0.003616
2017,24300,18,-0.000684
2017,24500,18,-0.011951
2017,24540,18,0.018733
2017,24580,18,0.006474
2017,24660,18,-0.002961
2017,25420,18,0.006093
2017,25500,18,-0.000499
2017,25540,18,-0.001295
2017,25860,18,-0.006615
2017,25980,18,-0.002201
2017,26300,18,-0.005093
2017,26380,18,-0.007959
2017,26620,18,0.007888
2017,26980,18,0.004568
2017,27060,18,0.000918
2017,27100,18,-0.004081
2017,27260,18,0.007508
2017,27340,18,-0.003029
2017,27500,18,0.001237
2017,27740,18,-0.000196
2017,27780,18,-0.005681
2017,27860,18,0.003628
2017,27900,18,-0.003411
2017,28100,18,-0.003016
2017,28420,18,0.009034
2017,28660,18,0.005813
2017,28700,18,-0.010598
2017,28740,18,-0.000731
2017,29100,18,0.002394
2017,29340,18,0.001936
2017,29420,18,-0.006564
2017,29460,18,0.006946
2017,29540,18,0.00294
2017,29700,18,0.004291
2017,29740,18,-0.003281
2017,29820,18,0.004538
2017,29940,18,0.007593
2017,30140,18,0.006226
2017,30300,18,-0.007831
2017,30340,18,0.000299
2017,30460,18,0.006999
2017,30620,18,-0.002119
2017,30700,18,0.007594
2017,30780,18,-0.000347
2017,30860,18,0.005397
2017,31020,18,0.00443
2017,31420,18,-0.009387
2017,31700,18,0.003243
2017,31860,18,0.003221
2017,32580,18,0.005462
2017,32780,18,0.002283
2017,32900,18,-0.005896
2017,33140,18,-0.003141
2017,33340,18,0.000486
2017,33540,18,0.004978
2017,33700,18,-0.003333
2017,33780,18,-0.000812
2017,33860,18,-0.000154
2017,34060,18,-0.008182
2017,34580,18,0.00491
2017,34620,18,-0.002052
2017,34740,18,0.002191
2017,34940,18,0.010526
2017,35300,18,-0.001688
2017,35660,18,-0.002502
2017,35840,18,0.011791
2017,35980,18,-0.001752
2017,36100,18,0.001262
2017,36220,18,-0.017998
2017,36420,18,0.003006
2017,36500,18,0.009989
2017,36540,18,0.004033
2017,36740,18,0.010032
2017,36780,18,0.004609
2017,36980,18,-0.000685
2017,37100,18,-0.007241
2017,37340,18,0.002387
2017,37860,18,0.00351
2017,38060,18,0.002034
2017,38300,18,-0.001341
2017,38340,18,-0.005194
2017,38860,18,0.004142
2017,38900,18,0.005981
2017,38940,18,0.004953
2017,39300,18,0.000384
2017,39340,18,0.013454
2017,39380,18,0.000191
2017,39460,18,0.010697
2017,39540,18,0.00143
2017,39580,18,0.013493
2017,39740,18,0.000715
2017,39820,18,-0.006577
2017,39900,18,0.003261
2017,40140,18,-0.001703
2017,40420,18,0.000218
2017,40660,18,-0.006369
2017,40900,18,0.000427
2017,40980,18,-0.000617
2017,41060,18,-0.003942
2017,41100,18,0.013034
2017,41140,18,-0.006356
2017,41420,18,0.006367
2017,41500,18,-0.002972
2017,41700,18,0.006346
2017,41740,18,-0.001685
2017,41940,18,-0.004446
2017,42020,18,-0.004412
2017,42100,18,-0.006315
2017,42140,18,-0.005325
2017,42220,18,-0.006525
2017,42340,18,0.002444
2017,42540,18,-0.001805
2017,42680,18,0.007603
2017,43100,18,-0.001202
2017,43620,18,0.008171
2017,43780,18,0.002808
2017,44100,18,-0.002574
2017,44180,18,-0.00043
2017,44220,18,-0.00281
2017,44300,18,0.003975
2017,44700,18,0.000738
2017,45060,18,-0.001676
2017,45220,18,-0.003875
2017,45820,18,-0.006323
2017,45940,18,0.002723
2017,46060,18,-0.002691
2017,46140,18,0.000629
2017,46340,18,0.000671
2017,46540,18,-0.002006
2017,46660,18,-0.001747
2017,46700,18,0.000566
2017,47220,18,-0.003104
2017,47300,18,-0.003695
2017,47940,18,-0.008741
2017,48300,18,0.004115
2017,48540,18,-0.017973
2017,48660,18,-0.005238
2017,48700,18,-0.003562
2017,49020,18,-5.4e-05
2017,49420,18,-0.002014
2017,49620,18,0.003259
2017,49660,18,-0.003978
2017,49740,18,-0.00187
2017,10180,19,-0.003802
2017,10420,19,0.000487
2017,10580,19,0.004231
2017,10740,19,-0.004406
2017,10780,19,-0.005572
2017,10900,19,0.003029
2017,11020,19,-0.003901
2017,11260,19,-0.001577
2017,11460,19,0.0057
2017,11500,19,-0.007135
2017,11540,19,0.005564
2017,11700,19,0.001411
2017,12020,19,0.001851
2017,12100,19,-0.001404
2017,12220,19,0.009435
2017,12420,19,0.017754
2017,12540,19,-0.005429
2017,12580,19,-0.008131
2017,12620,19,-0.001211
2017,12700,19,-0.002217
2017,12980,19,0.000179
2017,13020,19,-0.003423
2017,13380,19,0.008926
2017,13460,19,0.02212
2017,13780,19,-0.003896
2017,14260,19,0.007767
2017,14500,19,-0.00158
2017,14740,19,0.005572
2017,14860,19,0.000911
2017,15180,19,-0.001368
2017,15260,19,-0.00082
2017,15380,19,-0.000524
2017,15500,19,0.002678
2017,15540,19,0.000729
2017,15940,19,-0.000963
2017,15980,19,0.0143
2017,16020,19,-0.007387
2017,16180,19,-0.007213
2017,16220,19,-0.018386
2017,16300,19,0.000734
2017,16700,19,0.009319
2017,16860,19,-0.002878
2017,16940,19,-0.001245
2017,17020,19,-0.001734
2017,17420,19,0.002806
2017,17660,19,0.01124
2017,17780,19,0.00985
2017,17820,19,0.007568
2017,17900,19,0.001839
2017,18020,19,0.004062
2017,18700,19,-2.6e-05
2017,19340,19,-0.001247
2017,19460,19,-0.004379
2017,19500,19,-0.004029
2017,19740,19,0.003563
2017,20020,19,-0.003999
2017,20100,19,-4.8e-05
2017,20220,19,-0.005982
2017,20740,19,0.006554
2017,20940,19,-0.004552
2017,21140,19,0.001819
2017,21300,19,-0.006359
2017,21500,19,-0.002523
2017,21660,19,0.004648
2017,21820,19,-0.000809
2017,22020,19,0.013431
2017,22140,19,-0.026024
2017,22380,19,-0.000896
2017,22420,19,-0.00293
2017,22500,19,-0.009483
2017,22520,19,-0.003818
2017,22540,19,0.002523
2017,22660,19,0.006481
2017,23420,19,-0.00223
2017,23460,19,-0.005814
2017,23580,19,0.003235
2017,24020,19,-0.000691
2017,24220,19,-0.003616
2017,24300,19,-0.000684
2017,24500,19,-0.011951
2017,24540,19,0.018733
2017,24580,19,0.006474
2017,24660,19,-0.002961
2017,25420,19,0.006093
2017,25500,19,-0.000499
2017,25540,19,-0.001295
2017,25860,19,-0.006615
2017,25980,19,-0.002201
2017,26300,19,-0.005093
2017,26380,19,-0.007959
2017,26620,19,0.007888
2017,26980,19,0.004568
2017,27060,19,0.000918
2017,27100,19,-0.004081
2017,27260,19,0.007508
2017,27340,19,-0.003029
2017,27500,19,0.001237
2017,27740,19,-0.000196
2017,27780,19,-0.005681
2017,27860,19,0.003628
2017,27900,19,-0.003411
2017,28100,19,-0.003016
2017,28420,19,0.009034
2017,28660,19,0.005813
2017,28700,19,-0.010598
2017,28740,19,-0.000731
2017,29100,19,0.002394
2017,29340,19,0.001936
2017,29420,19,-0.006564
2017,29460,19,0.006946
2017,29540,19,0.00294
2017,29700,19,0.004291
2017,29740,19,-0.003281
2017,29820,19,0.004538
2017,29940,19,0.007593
2017,30140,19,0.006226
2017,30300,19,-0.007831
2017,30340,19,0.000299
2017,30460,19,0.006999
2017,30620,19,-0.002119
2017,30700,19,0.007594
2017,30780,19,-0.000347
2017,30860,19,0.005397
2017,31020,19,0.00443
2017,31420,19,-0.009387
2017,31700,19,0.003243
2017,31860,19,0.003221
2017,32580,19,0.005462
2017,32780,19,0.002283
2017,32900,19,-0.005896
2017,33140,19,-0.003141
2017,33340,19,0.000486
2017,33540,19,0.004978
2017,33700,19,-0.003333
2017,33780,19,-0.000812
2017,33860,19,-0.000154
2017,34060,19,-0.008182
2017,34580,19,0.00491
2017,34620,19,-0.002052
2017,34740,19,0.002191
2017,34940,19,0.010526
2017,35300,19,-0.001688
2017,35660,19,-0.002502
2017,35840,19,0.011791
2017,35980,19,-0.001752
2017,36100,19,0.001262
2017,36220,19,-0.017998
2017,36420,19,0.003006
2017,36500,19,0.009989
2017,36540,19,0.004033
2017,36740,19,0.010032
2017,36780,19,0.004609
2017,36980,19,-0.000685
2017,37100,19,-0.007241
2017,37340,19,0.002387
2017,37860,19,0.00351
2017,38060,19,0.002034
2017,38300,19,-0.001341
2017,38340,19,-0.005194
2017,38860,19,0.004142
2017,38900,19,0.005981
2017,38940,19,0.004953
2017,39300,19,0.000384
2017,39340,19,0.013454
2017,39380,19,0.000191
2017,39460,19,0.010697
2017,39540,19,0.00143
2017,39580,19,0.013493
2017,39740,19,0.000715
2017,39820,19,-0.006577
2017,39900,19,0.003261
2017,40140,19,-0.001703
2017,40420,19,0.000218
2017,40660,19,-0.006369
2017,40900,19,0.000427
2017,40980,19,-0.000617
2017,41060,19,-0.003942
2017,41100,19,0.013034
2017,41140,19,-0.006356
2017,41420,19,0.006367
2017,41500,19,-0.002972
2017,41700,19,0.006346
2017,41740,19,-0.001685
2017,41940,19,-0.004446
2017,42020,19,-0.004412
2017,42100,19,-0.006315
2017,42140,19,-0.005325
2017,42220,19,-0.006525
2017,42340,19,0.002444
2017,42540,19,-0.001805
2017,42680,19,0.007603
2017,43100,19,-0.001202
2017,43620,19,0.008171
2017,43780,19,0.002808
2017,44100,19,-0.002574
2017,44180,19,-0.00043
2017,44220,19,-0.00281
2017,44300,19,0.003975
2017,44700,19,0.000738
2017,45060,19,-0.001676
2017,45220,19,-0.003875
2017,45820,19,-0.006323
2017,45940,19,0.002723
2017,46060,19,-0.002691
2017,46140,19,0.000629
2017,46340,19,0.000671
2017,46540,19,-0.002006
2017,46660,19,-0.001747
2017,46700,19,0.000566
2017,47220,19,-0.003104
2017,47300,19,-0.003695
2017,47940,19,-0.008741
2017,48300,19,0.004115
2017,48540,19,-0.017973
2017,48660,19,-0.005238
2017,48700,19,-0.003562
2017,49020,19,-5.4e-05
2017,49420,19,-0.002014
2017,49620,19,0.003259
2017,49660,19,-0.003978
2017,49740,19,-0.00187
2018,10180,0,-0.006546
2018,10420,0,0.000476
2018,10580,0,0.003513
2018,10740,0,-0.004776
2018,10780,0,-0.007423
2018,10900,0,0.003085
2018,11020,0,-0.00264
2018,11260,0,-0.005298
2018,11460,0,0.001676
2018,11500,0,-0.00562
2018,11540,0,0.005128
2018,11700,0,7.3e-05
2018,12020,0,0.00214
2018,12100,0,0.002409
2018,12220,0,0.009482
2018,12420,0,0.012835
2018,12540,0,-0.001734
2018,12580,0,-0.006639
2018,12620,0,-0.001064
2018,12700,0,-0.002502
2018,12980,0,-0.000328
2018,13020,0,-0.000435
2018,13380,0,0.009583
2018,13460,0,0.018657
2018,13780,0,-0.003893
2018,14260,0,0.01008
2018,14500,0,-0.004885
2018,14740,0,0.003232
2018,15180,0,-0.001675
2018,15260,0,-0.000152
2018,15380,0,0.000267
2018,15500,0,0.007401
2018,15540,0,0.000844
2018,15940,0,-0.001655
2018,15980,0,0.007293
2018,16020,0,-0.00895
2018,16180,0,-0.007188
2018,16220,0,-0.018545
2018,16300,0,-6.3e-05
2018,16700,0,0.006698
2018,16860,0,-0.001622
2018,16940,0,-0.004098
2018,17020,0,0.00134
2018,17420,0,0.002515
2018,17660,0,0.012264
2018,17780,0,0.010615
2018,17820,0,0.007286
2018,17900,0,0.002255
2018,18020,0,0.002954
2018,18700,0,0.002939
2018,19340,0,-0.001681
2018,19460,0,-0.004412
2018,19500,0,-0.004622
2018,19740,0,0.001091
2018,20020,0,-0.003063
2018,20100,0,0.00417
2018,20220,0,-0.00415
2018,20740,0,0.005499
2018,20940,0,-0.00221
2018,21140,0,0.001581
2018,21300,0,-0.003252
2018,21500,0,-0.003306
2018,21660,0,0.004075
2018,21820,0,-0.009492
2018,22020,0,0.008464
2018,22140,0,-0.012358
2018,22380,0,-0.005866
2018,22420,0,-0.003279
2018,22500,0,-0.007275
2018,22520,0,-0.003036
2018,22540,0,0.004415
2018,22660,0,0.007322
2018,23420,0,-6.7e-05
2018,23460,0,-0.004679
2018,23580,0,0.004225
2018,24020,0,0.000107
2018,24220,0,-0.008442
2018,24300,0,-0.000822
2018,24500,0,-0.007575
2018,24540,0,0.014281
2018,24580,0,0.006274
2018,24660,0,-0.001452
2018,25420,0,0.005606
2018,25500,0,-0.000503
2018,25860,0,-0.005457
2018,25980,0,-0.002991
2018,26300,0,-0.004312
2018,26380,0,-0.009647
2018,26620,0,0.009211
2018,26980,0,0.010388
2018,27060,0,-0.001264
2018,27100,0,0.000467
2018,27260,0,0.006612
2018,27340,0,0.001257
2018,27500,0,0.001826
2018,27740,0,-0.003264
2018,27780,0,-0.004771
2018,27860,0,0.007978
2018,27900,0,-0.00348
2018,28100,0,-0.002986
2018,28420,0,0.012368
2018,28660,0,0.00675
2018,28700,0,-0.008446
2018,28740,0,-0.000114
2018,29100,0,0.000861
2018,29340,0,0.002271
2018,29420,0,-0.004155
2018,29460,0,0.00872
2018,29540,0,0.002628
2018,29700,0,0.004183
2018,29740,0,-0.000284
2018,29820,0,0.003839
2018,29940,0,0.010895
2018,30140,0,0.005236
2018,30300,0,-0.007638
2018,30340,0,0.000139
2018,30460,0,0.006268
2018,30620,0,-0.002486
2018,30700,0,0.005238
2018,30780,0,0.000155
2018,30860,0,7.4e-05
2018,31020,0,0.004524
2018,31420,0,-0.007304
2018,31700,0,0.001731
2018,31860,0,-6.2e-05
2018,32580,0,0.005365
2018,32780,0,0.001712
2018,32900,0,-0.000946
2018,33140,0,-0.002241
2018,33340,0,0.000521
2018,33540,0,0.004451
2018,33700,0,-0.003564
2018,33780,0,0.000497
2018,33860,0,-0.002017
2018,34060,0,-0.010934
2018,34580,0,0.004743
2018,34620,0,-0.00101
2018,34740,0,6.7e-05
2018,34940,0,0.006341
2018,35660,0,-0.001715
2018,35840,0,0.008373
2018,36100,0,0.002261
2018,36220,0,-0.010402
2018,36420,0,0.001323
2018,36500,0,0.013671
2018,36540,0,0.002335
2018,36740,0,0.0086
2018,36780,0,0.003442
2018,36980,0,-0.000538
2018,37100,0,-0.005704
2018,37340,0,0.000972
2018,37860,0,0.002281
2018,38060,0,0.001915
2018,38300,0,-0.003076
2018,38340,0,-0.004965
2018,38860,0,0.003257
2018,38900,0,0.002123
2018,38940,0,9.1e-05
2018,39300,0,0.000295
2018,39340,0,0.010243
2018,39380,0,-0.002151
2018,39460,0,0.004871
2018,39540,0,0.002402
2018,39580,0,0.012647
2018,39740,0,0.00172
2018,39820,0,-0.003934
2018,39900,0,0.001859
2018,40140,0,-0.001377
2018,40420,0,-0.000874
2018,40660,0,-0.000976
2018,40900,0,0.000731
2018,40980,0,-0.000539
2018,41060,0,-0.00281
2018,41100,0,0.017377
2018,41140,0,-0.006817
2018,41420,0,0.003641
2018,41500,0,-0.005712
2018,41700,0,0.004395
2018,41740,0,-0.00191
2018,41940,0,-0.005652
2018,42020,0,-0.004774
2018,42100,0,-0.006944
2018,42140,0,-0.00588
2018,42220,0,-0.008152
2018,42340,0,-0.000721
2018,42540,0,1.9e-05
2018,42680,0,0.004403
2018,43100,0,1.9e-05
2018,43620,0,0.013286
2018,43780,0,0.000995
2018,44100,0,-0.004599
2018,44180,0,0.000387
2018,44220,0,0.000178
2018,44300,0,8e-06
2018,44700,0,0.000203
2018,45060,0,-0.001231
2018,45220,0,-0.002857
2018,45820,0,-0.005339
2018,45940,0,0.003283
2018,46060,0,-0.002962
2018,46140,0,-0.001279
2018,46340,0,-0.000694
2018,46540,0,-0.002171
2018,46660,0,-0.001061
2018,46700,0,-0.002568
2018,47220,0,-0.003525
2018,47300,0,-0.001738
2018,47940,0,-0.006793
2018,48300,0,0.000812
2018,48540,0,-0.018172
2018,48660,0,-0.003353
2018,48700,0,-0.006248
2018,49020,0,0.004469
2018,49420,0,-0.002827
2018,49620,0,0.002296
2018,49660,0,-0.002928
2018,49740,0,-0.000851
2018,10180,1,-0.006647
2018,10420,1,0.00091
2018,10580,1,0.003487
2018,10740,1,-0.003926
2018,10780,1,-0.007673
2018,10900,1,0.003864
2018,11020,1,-0.003333
2018,11260,1,-0.004404
2018,11460,1,0.001541
2018,11500,1,-0.005274
2018,11540,1,0.005247
2018,11700,1,-0.000853
2018,12020,1,0.003447
2018,12100,1,0.002262
2018,12220,1,0.009884
2018,12420,1,0.011511
2018,12540,1,-0.000847
2018,12580,1,-0.00666
2018,12620,1,-0.000705
2018,12700,1,-0.002871
2018,12980,1,-8.3e-05
2018,13020,1,-3.2e-05
2018,13380,1,0.009359
2018,13460,1,0.017031
2018,13780,1,-0.004066
2018,14260,1,0.007801
2018,14500,1,-0.005655
2018,14740,1,0.00385
2018,15180,1,-0.001139
2018,15260,1,0.000562
2018,15380,1,-0.000827
2018,15500,1,0.008445
2018,15540,1,0.000447
2018,15940,1,-0.001752
2018,15980,1,0.007348
2018,16020,1,-0.007979
2018,16180,1,-0.008041
2018,16220,1,-0.017649
2018,16300,1,0.000796
2018,16700,1,0.00558
2018,16860,1,-0.001992
2018,16940,1,-0.004163
2018,17020,1,0.00146
2018,17420,1,0.002356
2018,17660,1,0.010899
2018,17780,1,0.009782
2018,17820,1,0.007188
2018,17900,1,0.002778
2018,18020,1,0.003034
2018,18700,1,0.003174
2018,19340,1,-0.001636
2018,19460,1,-0.004602
2018,19500,1,-0.003792
2018,19740,1,-0.000237
2018,20020,1,-0.00278
2018,20100,1,0.004378
2018,20220,1,-0.004331
2018,20740,1,0.004594
2018,20940,1,-0.001985
2018,21140,1,0.001807
2018,21300,1,-0.003755
2018,21500,1,-0.002856
2018,21660,1,0.004278
2018,21820,1,-0.008318
2018,22020,1,0.007809
2018,22140,1,-0.010624
2018,22380,1,-0.006345
2018,22420,1,-0.004036
2018,22500,1,-0.006907
2018,22520,1,-0.003757
2018,22540,1,0.004933
2018,22660,1,0.005954
2018,23420,1,-0.000314
2018,23460,1,-0.0042
2018,23580,1,0.004416
2018,24020,1,-0.000579
2018,24220,1,-0.009019
2018,24300,1,-0.000376
2018,24500,1,-0.007713
2018,24540,1,0.014892
2018,24580,1,0.006382
2018,24660,1,-0.000963
2018,25420,1,0.006313
2018,25500,1,-0.000429
2018,25860,1,-0.004557
2018,25980,1,-0.00401
2018,26300,1,-0.003506
2018,26380,1,-0.009239
2018,26620,1,0.009242
2018,26980,1,0.009652
2018,27060,1,-0.00165
2018,27100,1,-0.000641
2018,27260,1,0.00604
2018,27340,1,0.002092
2018,27500,1,0.00168
2018,27740,1,-0.003238
2018,27780,1,-0.004775
2018,27860,1,0.007897
2018,27900,1,-0.001891
2018,28100,1,-0.002239
2018,28420,1,0.012384
2018,28660,1,0.007334
2018,28700,1,-0.008339
2018,28740,1,0.000259
2018,29100,1,0.000316
2018,29340,1,0.001744
2018,29420,1,-0.0049
2018,29460,1,0.008695
2018,29540,1,0.002951
2018,29700,1,0.004322
2018,29740,1,0.001124
2018,29820,1,0.004176
2018,29940,1,0.010033
2018,30140,1,0.006115
2018,30300,1,-0.00715
2018,30340,1,0.000122
2018,30460,1,0.006031
2018,30620,1,-0.002363
2018,30700,1,0.004427
2018,30780,1,0.000407
2018,30860,1,0.001588
2018,31020,1,0.005411
2018,31420,1,-0.0066
2018,31700,1,0.001887
2018,31860,1,-9e-05
2018,32580,1,0.006005
2018,32780,1,0.001599
2018,32900,1,-0.000925
2018,33140,1,-0.002289
2018,33340,1,0.000334
2018,33540,1,0.004067
2018,33700,1,-0.002757
2018,33780,1,0.000396
2018,33860,1,-0.001315
2018,34060,1,-0.010274
2018,34580,1,0.005044
2018,34620,1,-0.001092
2018,34740,1,-0.000509
2018,34940,1,0.006138
2018,35660,1,-0.002113
2018,35840,1,0.007273
2018,36100,1,0.002417
2018,36220,1,-0.010094
2018,36420,1,0.001435
2018,36500,1,0.013378
2018,36540,1,0.002273
2018,36740,1,0.007451
2018,36780,1,0.003429
2018,36980,1,-0.001097
2018,37100,1,-0.005383
2018,37340,1,0.000122
2018,37860,1,0.001378
2018,38060,1,0.00184
2018,38300,1,-0.00383
2018,38340,1,-0.004569
2018,38860,1,0.002828
2018,38900,1,0.001019
2018,38940,1,8.1e-05
2018,39300,1,0.000425
2018,39340,1,0.009923
2018,39380,1,-0.000933
2018,39460,1,0.005365
2018,39540,1,0.003012
2018,39580,1,0.012028
2018,39740,1,0.002098
2018,39820,1,-0.003905
2018,39900,1,0.000811
2018,40140,1,-0.000946
2018,40420,1,0.000155
2018,40660,1,-0.000584
2018,40900,1,0.000654
2018,40980,1,-0.000463
2018,41060,1,-0.001806
2018,41100,1,0.017512
2018,41140,1,-0.005554
2018,41420,1,0.003979
2018,41500,1,-0.005194
2018,41700,1,0.004806
2018,41740,1,-0.002205
2018,41940,1,-0.005776
2018,42020,1,-0.004678
2018,42100,1,-0.006986
2018,42140,1,-0.004146
2018,42220,1,-0.008769
2018,42340,1,-0.000254
2018,42540,1,0.000543
2018,42680,1,0.003809
2018,43100,1,0.000372
2018,43620,1,0.011377
2018,43780,1,0.001335
2018,44100,1,-0.004243
2018,44180,1,0.000653
2018,44220,1,0.000334
2018,44300,1,0.000573
2018,44700,1,0.000952
2018,45060,1,-0.001541
2018,45220,1,-0.002643
2018,45820,1,-0.005062
2018,45940,1,0.004381
2018,46060,1,-0.002675
2018,46140,1,-0.000955
2018,46340,1,0.000404
2018,46540,1,-0.002172
2018,46660,1,0.000208
2018,46700,1,-0.001941
2018,47220,1,-0.003546
2018,47300,1,-0.002074
2018,47940,1,-0.006591
2018,48300,1,0.000522
2018,48540,1,-0.017725
2018,48660,1,-0.003291
2018,48700,1,-0.005649
2018,49020,1,0.003976
2018,49420,1,-0.00242
2018,49620,1,0.002943
2018,49660,1,-0.003065
2018,49740,1,-0.000222
2018,10180,2,-0.006521
2018,10420,2,0.000495
2018,10580,2,0.00361
2018,10740,2,-0.004835
2018,10780,2,-0.007499
2018,10900,2,0.003237
2018,11020,2,-0.002717
2018,11260,2,-0.005592
2018,11460,2,0.001776
2018,11500,2,-0.005674
2018,11540,2,0.005315
2018,11700,2,4.5e-05
2018,12020,2,0.002397
2018,12100,2,0.002273
2018,12220,2,0.009543
2018,12420,2,0.012893
2018,12540,2,-0.001966
2018,12580,2,-0.006729
2018,12620,2,-0.00096
2018,12700,2,-0.00253
2018,12980,2,-0.000374
2018,13020,2,-0.000389
2018,13380,2,0.010146
2018,13460,2,0.018825
2018,13780,2,-0.003945
2018,14260,2,0.010524
2018,14500,2,-0.00527
2018,14740,2,0.0032
2018,15180,2,-0.001593
2018,15260,2,-0.000366
2018,15380,2,0.000479
2018,15500,2,0.007723
2018,15540,2,0.000839
2018,15940,2,-0.001739
2018,15980,2,0.007351
2018,16020,2,-0.009241
2018,16180,2,-0.00729
2018,16220,2,-0.019708
2018,16300,2,0.000126
2018,16700,2,0.006601
2018,16860,2,-0.001439
2018,16940,2,-0.004331
2018,17020,2,0.001579
2018,17420,2,0.002691
2018,17660,2,0.012674
2018,17780,2,0.010294
2018,17820,2,0.007443
2018,17900,2,0.002163
2018,18020,2,0.002795
2018,18700,2,0.003397
2018,19340,2,-0.001739
2018,19460,2,-0.004394
2018,19500,2,-0.004823
2018,19740,2,0.000926
2018,20020,2,-0.0032
2018,20100,2,0.004038
2018,20220,2,-0.004118
2018,20740,2,0.005578
2018,20940,2,-0.002191
2018,21140,2,0.001629
2018,21300,2,-0.003342
2018,21500,2,-0.003647
2018,21660,2,0.004424
2018,21820,2,-0.009981
2018,22020,2,0.008155
2018,22140,2,-0.012861
2018,22380,2,-0.00612
2018,22420,2,-0.003265
2018,22500,2,-0.007326
2018,22520,2,-0.002988
2018,22540,2,0.004425
2018,22660,2,0.007125
2018,23420,2,-2.5e-05
2018,23460,2,-0.004716
2018,23580,2,0.004096
2018,24020,2,0.000188
2018,24220,2,-0.008758
2018,24300,2,-0.000736
2018,24500,2,-0.0074
2018,24540,2,0.01472
2018,24580,2,0.00644
2018,24660,2,-0.001446
2018,25420,2,0.005711
2018,25500,2,-0.000527
2018,25860,2,-0.005322
2018,25980,2,-0.002693
2018,26300,2,-0.004074
2018,26380,2,-0.00999
2018,26620,2,0.009241
2018,26980,2,0.010473
2018,27060,2,-0.001221
2018,27100,2,0.000601
2018,27260,2,0.006605
2018,27340,2,0.001166
2018,27500,2,0.002089
2018,27740,2,-0.003231
2018,27780,2,-0.004969
2018,27860,2,0.00804
2018,27900,2,-0.003357
2018,28100,2,-0.003224
2018,28420,2,0.012816
2018,28660,2,0.007044
2018,28700,2,-0.008435
2018,28740,2,3.3e-05
2018,29100,2,0.000964
2018,29340,2,0.002133
2018,29420,2,-0.003962
2018,29460,2,0.00916
2018,29540,2,0.002774
2018,29700,2,0.004039
2018,29740,2,-0.000311
2018,29820,2,0.003615
2018,29940,2,0.010691
2018,30140,2,0.005452
2018,30300,2,-0.00745
2018,30340,2,0.000176
2018,30460,2,0.006308
2018,30620,2,-0.002625
2018,30700,2,0.005394
2018,30780,2,0.000306
2018,30860,2,0.000326
2018,31020,2,0.004956
2018,31420,2,-0.007447
2018,31700,2,0.001729
2018,31860,2,0.000243
2018,32580,2,0.005439
2018,32780,2,0.001782
2018,32900,2,-0.000847
2018,33140,2,-0.002256
2018,33340,2,0.000467
2018,33540,2,0.004409
2018,33700,2,-0.00381
2018,33780,2,0.000582
2018,33860,2,-0.002154
2018,34060,2,-0.011072
2018,34580,2,0.00505
2018,34620,2,-0.001143
2018,34740,2,0.000186
2018,34940,2,0.005857
2018,35660,2,-0.001646
2018,35840,2,0.008138
2018,36100,2,0.002543
2018,36220,2,-0.011243
2018,36420,2,0.001312
2018,36500,2,0.014047
2018,36540,2,0.002447
2018,36740,2,0.008573
2018,36780,2,0.003667
2018,36980,2,-0.000621
2018,37100,2,-0.005871
2018,37340,2,0.001232
2018,37860,2,0.002388
2018,38060,2,0.001845
2018,38300,2,-0.003096
2018,38340,2,-0.005177
2018,38860,2,0.00334
2018,38900,2,0.001986
2018,38940,2,0.000152
2018,39300,2,0.000296
2018,39340,2,0.010518
2018,39380,2,-0.002031
2018,39460,2,0.004945
2018,39540,2,0.002556
2018,39580,2,0.012709
2018,39740,2,0.001886
2018,39820,2,-0.003808
2018,39900,2,0.00159
2018,40140,2,-0.001509
2018,40420,2,-0.001044
2018,40660,2,-0.000667
2018,40900,2,0.000715
2018,40980,2,-0.000527
2018,41060,2,-0.00266
2018,41100,2,0.018137
2018,41140,2,-0.007065
2018,41420,2,0.003934
2018,41500,2,-0.005965
2018,41700,2,0.0047
2018,41740,2,-0.00205
2018,41940,2,-0.006102
2018,42020,2,-0.004926
2018,42100,2,-0.007122
2018,42140,2,-0.005922
2018,42220,2,-0.008533
2018,42340,2,-0.000952
2018,42540,2,0.000162
2018,42680,2,0.004573
2018,43100,2,9.2e-05
2018,43620,2,0.013393
2018,43780,2,0.001011
2018,44100,2,-0.004869
2018,44180,2,0.000616
2018,44220,2,0.000178
2018,44300,2,-6.8e-05
2018,44700,2,4.2e-05
2018,45060,2,-0.001221
2018,45220,2,-0.002778
2018,45820,2,-0.005258
2018,45940,2,0.003203
2018,46060,2,-0.002827
2018,46140,2,-0.001373
2018,46340,2,-0.00046
2018,46540,2,-0.002077
2018,46660,2,-0.001176
2018,46700,2,-0.00283
2018,47220,2,-0.003745
2018,47300,2,-0.001744
2018,47940,2,-0.006861
2018,48300,2,0.000881
2018,48540,2,-0.018353
2018,48660,2,-0.003066
2018,48700,2,-0.006544
2018,49020,2,0.004763
2018,49420,2,-0.002668
2018,49620,2,0.002361
2018,49660,2,-0.002982
2018,49740,2,-0.00085
2018,10180,3,-0.005624
2018,10420,3,-9.2e-05
2018,10580,3,0.003155
2018,10740,3,-0.006064
2018,10780,3,-0.0074
2018,10900,3,0.002889
2018,11020,3,-0.001298
2018,11260,3,-0.006834
2018,11460,3,0.002989
2018,11500,3,-0.006199
2018,11540,3,0.005158
2018,11700,3,0.001897
2018,12020,3,0.001695
2018,12100,3,0.000772
2018,12220,3,0.009315
2018,12420,3,0.015504
2018,12540,3,-0.001479
2018,12580,3,-0.006038
2018,12620,3,-0.00142
2018,12700,3,-0.002112
2018,12980,3,-0.000529
2018,13020,3,-0.0021
2018,13380,3,0.009195
2018,13460,3,0.020209
2018,13780,3,-0.003353
2018,14260,3,0.011568
2018,14500,3,-0.00419
2018,14740,3,0.002711
2018,15180,3,-0.002917
2018,15260,3,0.000319
2018,15380,3,0.000714
2018,15500,3,0.004801
2018,15540,3,0.001734
2018,15940,3,-0.002134
2018,15980,3,0.006633
2018,16020,3,-0.008426
2018,16180,3,-0.00515
2018,16220,3,-0.016249
2018,16300,3,-0.001202
2018,16700,3,0.008498
2018,16860,3,-0.002105
2018,16940,3,-0.00445
2018,17020,3,0.000155
2018,17420,3,0.00247
2018,17660,3,0.013591
2018,17780,3,0.01096
2018,17820,3,0.005757
2018,17900,3,0.00085
2018,18020,3,0.003044
2018,18700,3,0.003472
2018,19340,3,-0.000986
2018,19460,3,-0.004631
2018,19500,3,-0.005702
2018,19740,3,0.00199
2018,20020,3,-0.002798
2018,20100,3,0.003518
2018,20220,3,-0.003356
2018,20740,3,0.006389
2018,20940,3,-0.002233
2018,21140,3,0.0018
2018,21300,3,-0.00235
2018,21500,3,-0.003367
2018,21660,3,0.003871
2018,21820,3,-0.011084
2018,22020,3,0.010264
2018,22140,3,-0.013324
2018,22380,3,-0.004396
2018,22420,3,-0.003799
2018,22500,3,-0.008103
2018,22520,3,-0.001858
2018,22540,3,0.003502
2018,22660,3,0.00725
2018,23420,3,-0.000399
2018,23460,3,-0.004723
2018,23580,3,0.004139
2018,24020,3,0.000691
2018,24220,3,-0.004614
2018,24300,3,-0.000995
2018,24500,3,-0.008962
2018,24540,3,0.013093
2018,24580,3,0.005965
2018,24660,3,-0.003236
2018,25420,3,0.004509
2018,25500,3,-0.000137
2018,25860,3,-0.006262
2018,25980,3,-0.002406
2018,26300,3,-0.005212
2018,26380,3,-0.009367
2018,26620,3,0.008686
2018,26980,3,0.009793
2018,27060,3,0.000741
2018,27100,3,0.001852
2018,27260,3,0.007624
2018,27340,3,0.00136
2018,27500,3,0.002071
2018,27740,3,-0.002181
2018,27780,3,-0.005318
2018,27860,3,0.00555
2018,27900,3,-0.004984
2018,28100,3,-0.002365
2018,28420,3,0.010712
2018,28660,3,0.005153
2018,28700,3,-0.007059
2018,28740,3,-0.001354
2018,29100,3,0.002359
2018,29340,3,0.002964
2018,29420,3,-0.004575
2018,29460,3,0.00983
2018,29540,3,0.003703
2018,29700,3,0.003198
2018,29740,3,-0.002499
2018,29820,3,0.005376
2018,29940,3,0.009309
2018,30140,3,0.004715
2018,30300,3,-0.006147
2018,30340,3,0.000533
2018,30460,3,0.006037
2018,30620,3,-0.002162
2018,30700,3,0.004656
2018,30780,3,-0.001133
2018,30860,3,-0.000343
2018,31020,3,0.004095
2018,31420,3,-0.008515
2018,31700,3,0.00111
2018,31860,3,-0.000215
2018,32580,3,0.003603
2018,32780,3,0.001557
2018,32900,3,-0.000949
2018,33140,3,-0.001859
2018,33340,3,0.000766
2018,33540,3,0.003783
2018,33700,3,-0.002146
2018,33780,3,0.000347
2018,33860,3,-0.002931
2018,34060,3,-0.009199
2018,34580,3,0.004666
2018,34620,3,-0.000585
2018,34740,3,0.001082
2018,34940,3,0.007654
2018,35660,3,-0.000269
2018,35840,3,0.009546
2018,36100,3,0.002397
2018,36220,3,-0.005287
2018,36420,3,0.000602
2018,36500,3,0.012878
2018,36540,3,0.001862
2018,36740,3,0.010518
2018,36780,3,0.003075
2018,36980,3,-7.2e-05
2018,37100,3,-0.005656
2018,37340,3,0.002796
2018,37860,3,0.002596
2018,38060,3,0.003343
2018,38300,3,-0.002579
2018,38340,3,-0.004612
2018,38860,3,0.003561
2018,38900,3,0.003738
2018,38940,3,0.001696
2018,39300,3,-0.000269
2018,39340,3,0.010276
2018,39380,3,-0.004161
2018,39460,3,0.004731
2018,39540,3,0.002297
2018,39580,3,0.012621
2018,39740,3,0.002267
2018,39820,3,-0.004448
2018,39900,3,0.004136
2018,40140,3,-0.000129
2018,40420,3,-0.002084
2018,40660,3,-0.00264
2018,40900,3,0.00079
2018,40980,3,-0.001698
2018,41060,3,-0.002573
2018,41100,3,0.016921
2018,41140,3,-0.006514
2018,41420,3,0.004086
2018,41500,3,-0.006733
2018,41700,3,0.005242
2018,41740,3,-0.002158
2018,41940,3,-0.004103
2018,42020,3,-0.005094
2018,42100,3,-0.006789
2018,42140,3,-0.007419
2018,42220,3,-0.006562
2018,42340,3,-1e-06
2018,42540,3,-0.000925
2018,42680,3,0.005073
2018,43100,3,0.000485
2018,43620,3,0.013565
2018,43780,3,0.00138
2018,44100,3,-0.004176
2018,44180,3,-0.000101
2018,44220,3,-9e-05
2018,44300,3,0.001251
2018,44700,3,0.000661
2018,45060,3,-0.001749
2018,45220,3,-0.002137
2018,45820,3,-0.006079
2018,45940,3,0.001935
2018,46060,3,-0.003389
2018,46140,3,-0.002675
2018,46340,3,-0.001693
2018,46540,3,-0.001768
2018,46660,3,-0.002384
2018,46700,3,-0.001654
2018,47220,3,-0.004091
2018,47300,3,-0.001782
2018,47940,3,-0.006285
2018,48300,3,0.001416
2018,48540,3,-0.019592
2018,48660,3,-0.003181
2018,48700,3,-0.006026
2018,49020,3,0.003967
2018,49420,3,-0.004902
2018,49620,3,0.002798
2018,49660,3,-0.003428
2018,49740,3,-0.002072
2018,10180,4,-0.00579
2018,10420,4,0.000155
2018,10580,4,0.003102
2018,10740,4,-0.005953
2018,10780,4,-0.007535
2018,10900,4,0.003375
2018,11020,4,-0.001438
2018,11260,4,-0.007243
2018,11460,4,0.003238
2018,11500,4,-0.00614
2018,11540,4,0.005281
2018,11700,4,0.001232
2018,12020,4,0.002483
2018,12100,4,0.000617
2018,12220,4,0.009522
2018,12420,4,0.015095
2018,12540,4,-0.001428
2018,12580,4,-0.006376
2018,12620,4,-0.001211
2018,12700,4,-0.002104
2018,12980,4,-0.00028
2018,13020,4,-0.001667
2018,13380,4,0.009345
2018,13460,4,0.019967
2018,13780,4,-0.003621
2018,14260,4,0.011475
2018,14500,4,-0.004991
2018,14740,4,0.002407
2018,15180,4,-0.002558
2018,15260,4,0.000153
2018,15380,4,0.000623
2018,15500,4,0.005865
2018,15540,4,0.001425
2018,15940,4,-0.002204
2018,15980,4,0.007117
2018,16020,4,-0.008386
2018,16180,4,-0.005352
2018,16220,4,-0.01798
2018,16300,4,-0.000655
2018,16700,4,0.007797
2018,16860,4,-0.002133
2018,16940,4,-0.004904
2018,17020,4,0.000589
2018,17420,4,0.00261
2018,17660,4,0.013517
2018,17780,4,0.010269
2018,17820,4,0.006005
2018,17900,4,0.000882
2018,18020,4,0.002581
2018,18700,4,0.003907
2018,19340,4,-0.001206
2018,19460,4,-0.00485
2018,19500,4,-0.005862
2018,19740,4,0.001461
2018,20020,4,-0.002843
2018,20100,4,0.003462
2018,20220,4,-0.003387
2018,20740,4,0.005965
2018,20940,4,-0.001721
2018,21140,4,0.001841
2018,21300,4,-0.002574
2018,21500,4,-0.003384
2018,21660,4,0.004147
2018,21820,4,-0.011673
2018,22020,4,0.009531
2018,22140,4,-0.013506
2018,22380,4,-0.005183
2018,22420,4,-0.003691
2018,22500,4,-0.007933
2018,22520,4,-0.002001
2018,22540,4,0.003521
2018,22660,4,0.006662
2018,23420,4,-0.000311
2018,23460,4,-0.004571
2018,23580,4,0.004054
2018,24020,4,0.000209
2018,24220,4,-0.005576
2018,24300,4,-0.000895
2018,24500,4,-0.009073
2018,24540,4,0.014232
2018,24580,4,0.006169
2018,24660,4,-0.00294
2018,25420,4,0.004882
2018,25500,4,-0.000415
2018,25860,4,-0.005692
2018,25980,4,-0.002801
2018,26300,4,-0.004822
2018,26380,4,-0.009911
2018,26620,4,0.008773
2018,26980,4,0.009701
2018,27060,4,0.000448
2018,27100,4,0.002016
2018,27260,4,0.007393
2018,27340,4,0.00137
2018,27500,4,0.002198
2018,27740,4,-0.00226
2018,27780,4,-0.005438
2018,27860,4,0.005878
2018,27900,4,-0.004362
2018,28100,4,-0.002585
2018,28420,4,0.011291
2018,28660,4,0.005892
2018,28700,4,-0.007001
2018,28740,4,-0.001214
2018,29100,4,0.002055
2018,29340,4,0.002584
2018,29420,4,-0.004395
2018,29460,4,0.010376
2018,29540,4,0.004033
2018,29700,4,0.003175
2018,29740,4,-0.00202
2018,29820,4,0.005511
2018,29940,4,0.008842
2018,30140,4,0.005163
2018,30300,4,-0.006046
2018,30340,4,0.000543
2018,30460,4,0.006
2018,30620,4,-0.002268
2018,30700,4,0.004525
2018,30780,4,-0.000695
2018,30860,4,0.000307
2018,31020,4,0.004781
2018,31420,4,-0.008207
2018,31700,4,0.001293
2018,31860,4,0.000205
2018,32580,4,0.004078
2018,32780,4,0.00162
2018,32900,4,-0.0001
2018,33140,4,-0.001942
2018,33340,4,0.00039
2018,33540,4,0.003451
2018,33700,4,-0.00172
2018,33780,4,0.000878
2018,33860,4,-0.002824
2018,34060,4,-0.009448
2018,34580,4,0.004855
2018,34620,4,-0.000542
2018,34740,4,0.001183
2018,34940,4,0.007287
2018,35660,4,-0.000374
2018,35840,4,0.009169
2018,36100,4,0.002756
2018,36220,4,-0.007028
2018,36420,4,0.000633
2018,36500,4,0.013008
2018,36540,4,0.001983
2018,36740,4,0.010079
2018,36780,4,0.003173
2018,36980,4,-0.000267
2018,37100,4,-0.005799
2018,37340,4,0.002999
2018,37860,4,0.002368
2018,38060,4,0.003295
2018,38300,4,-0.002701
2018,38340,4,-0.004783
2018,38860,4,0.003471
2018,38900,4,0.002942
2018,38940,4,0.001949
2018,39300,4,-0.000166
2018,39340,4,0.010467
2018,39380,4,-0.00356
2018,39460,4,0.005226
2018,39540,4,0.002579
2018,39580,4,0.012481
2018,39740,4,0.002604
2018,39820,4,-0.00414
2018,39900,4,0.003707
2018,40140,4,-0.000134
2018,40420,4,-0.002102
2018,40660,4,-0.001933
2018,40900,4,0.000914
2018,40980,4,-0.001263
2018,41060,4,-0.001952
2018,41100,4,0.01831
2018,41140,4,-0.006158
2018,41420,4,0.004296
2018,41500,4,-0.006513
2018,41700,4,0.005647
2018,41740,4,-0.002403
2018,41940,4,-0.004759
2018,42020,4,-0.005177
2018,42100,4,-0.006928
2018,42140,4,-0.006885
2018,42220,4,-0.007129
2018,42340,4,-0.000396
2018,42540,4,-0.000479
2018,42680,4,0.005207
2018,43100,4,0.000516
2018,43620,4,0.013077
2018,43780,4,0.001461
2018,44100,4,-0.004594
2018,44180,4,0.000245
2018,44220,4,0.000166
2018,44300,4,0.001294
2018,44700,4,0.001115
2018,45060,4,-0.001819
2018,45220,4,-0.002086
2018,45820,4,-0.005916
2018,45940,4,0.00239
2018,46060,4,-0.003092
2018,46140,4,-0.002616
2018,46340,4,-0.001071
2018,46540,4,-0.001662
2018,46660,4,-0.002065
2018,46700,4,-0.001449
2018,47220,4,-0.004466
2018,47300,4,-0.001856
2018,47940,4,-0.006316
2018,48300,4,0.000784
2018,48540,4,-0.020069
2018,48660,4,-0.00247
2018,48700,4,-0.006268
2018,49020,4,0.004337
2018,49420,4,-0.004892
2018,49620,4,0.0031
2018,49660,4,-0.003448
2018,49740,4,-0.001789
2018,10180,5,-0.006264
2018,10420,5,0.000721
2018,10580,5,0.003119
2018,10740,5,-0.004674
2018,10780,5,-0.007745
2018,10900,5,0.003919
2018,11020,5,-0.002488
2018,11260,5,-0.005232
2018,11460,5,0.002538
2018,11500,5,-0.005593
2018,11540,5,0.005137
2018,11700,5,-0.000104
2018,12020,5,0.003391
2018,12100,5,0.001295
2018,12220,5,0.009995
2018,12420,5,0.013128
2018,12540,5,-0.000238
2018,12580,5,-0.006446
2018,12620,5,-0.000997
2018,12700,5,-0.002592
2018,12980,5,6e-05
2018,13020,5,-0.000922
2018,13380,5,0.008351
2018,13460,5,0.017894
2018,13780,5,-0.003898
2018,14260,5,0.00805
2018,14500,5,-0.005118
2018,14740,5,0.003435
2018,15180,5,-0.001884
2018,15260,5,0.001105
2018,15380,5,-0.000962
2018,15500,5,0.007053
2018,15540,5,0.000857
2018,15940,5,-0.00197
2018,15980,5,0.007493
2018,16020,5,-0.007194
2018,16180,5,-0.00683
2018,16220,5,-0.015613
2018,16300,5,0.000165
2018,16700,5,0.006559
2018,16860,5,-0.002688
2018,16940,5,-0.004343
2018,17020,5,0.000573
2018,17420,5,0.002178
2018,17660,5,0.011126
2018,17780,5,0.010261
2018,17820,5,0.006194
2018,17900,5,0.002079
2018,18020,5,0.003181
2018,18700,5,0.00309
2018,19340,5,-0.001221
2018,19460,5,-0.005028
2018,19500,5,-0.004317
2018,19740,5,0.000321
2018,20020,5,-0.00243
2018,20100,5,0.004168
2018,20220,5,-0.003955
2018,20740,5,0.004801
2018,20940,5,-0.00168
2018,21140,5,0.002004
2018,21300,5,-0.003257
2018,21500,5,-0.00233
2018,21660,5,0.00381
2018,21820,5,-0.008994
2018,22020,5,0.009184
2018,22140,5,-0.010682
2018,22380,5,-0.005568
2018,22420,5,-0.004353
2018,22500,5,-0.007366
2018,22520,5,-0.003247
2018,22540,5,0.004392
2018,22660,5,0.005951
2018,23420,5,-0.000548
2018,23460,5,-0.004112
2018,23580,5,0.004626
2018,24020,5,-0.000737
2018,24220,5,-0.006723
2018,24300,5,-0.00059
2018,24500,5,-0.009169
2018,24540,5,0.014513
2018,24580,5,0.006145
2018,24660,5,-0.001942
2018,25420,5,0.00583
2018,25500,5,-0.000349
2018,25860,5,-0.004988
2018,25980,5,-0.004701
2018,26300,5,-0.004302
2018,26380,5,-0.008953
2018,26620,5,0.009037
2018,26980,5,0.009176
2018,27060,5,-0.0006
2018,27100,5,0.000104
2018,27260,5,0.006669
2018,27340,5,0.002215
2018,27500,5,0.001514
2018,27740,5,-0.002654
2018,27780,5,-0.004978
2018,27860,5,0.006529
2018,27900,5,-0.002618
2018,28100,5,-0.001622
2018,28420,5,0.011058
2018,28660,5,0.0064
2018,28700,5,-0.007573
2018,28740,5,-0.000716
2018,29100,5,0.000925
2018,29340,5,0.002191
2018,29420,5,-0.005452
2018,29460,5,0.009249
2018,29540,5,0.003734
2018,29700,5,0.003957
2018,29740,5,-5e-06
2018,29820,5,0.005805
2018,29940,5,0.009127
2018,30140,5,0.005871
2018,30300,5,-0.006551
2018,30340,5,0.000311
2018,30460,5,0.005912
2018,30620,5,-0.002038
2018,30700,5,0.003747
2018,30780,5,-0.000405
2018,30860,5,0.001436
2018,31020,5,0.004951
2018,31420,5,-0.007064
2018,31700,5,0.001671
2018,31860,5,-0.000405
2018,32580,5,0.005165
2018,32780,5,0.001472
2018,32900,5,-0.00049
2018,33140,5,-0.002111
2018,33340,5,0.000342
2018,33540,5,0.003518
2018,33700,5,-0.001063
2018,33780,5,0.000561
2018,33860,5,-0.001599
2018,34060,5,-0.009144
2018,34580,5,0.004648
2018,34620,5,-0.000574
2018,34740,5,5.5e-05
2018,34940,5,0.007795
2018,35660,5,-0.001413
2018,35840,5,0.00839
2018,36100,5,0.00233
2018,36220,5,-0.006604
2018,36420,5,0.001088
2018,36500,5,0.012394
2018,36540,5,0.001914
2018,36740,5,0.00862
2018,36780,5,0.002912
2018,36980,5,-0.000757
2018,37100,5,-0.005229
2018,37340,5,0.001096
2018,37860,5,0.001231
2018,38060,5,0.002974
2018,38300,5,-0.003569
2018,38340,5,-0.004172
2018,38860,5,0.002876
2018,38900,5,0.001805
2018,38940,5,0.001353
2018,39300,5,0.000155
2018,39340,5,0.009815
2018,39380,5,-0.002029
2018,39460,5,0.005759
2018,39540,5,0.002925
2018,39580,5,0.011997
2018,39740,5,0.002461
2018,39820,5,-0.00434
2018,39900,5,0.00251
2018,40140,5,0.000119
2018,40420,5,-0.000373
2018,40660,5,-0.001751
2018,40900,5,0.000854
2018,40980,5,-0.000956
2018,41060,5,-0.001441
2018,41100,5,0.017174
2018,41140,5,-0.004742
2018,41420,5,0.004004
2018,41500,5,-0.005274
2018,41700,5,0.005286
2018,41740,5,-0.002305
2018,41940,5,-0.004458
2018,42020,5,-0.004705
2018,42100,5,-0.006709
2018,42140,5,-0.004763
2018,42220,5,-0.007574
2018,42340,5,0.000394
2018,42540,5,1.3e-05
2018,42680,5,0.004189
2018,43100,5,0.000592
2018,43620,5,0.011137
2018,43780,5,0.001683
2018,44100,5,-0.003803
2018,44180,5,0.000205
2018,44220,5,0.000316
2018,44300,5,0.001681
2018,44700,5,0.001944
2018,45060,5,-0.001956
2018,45220,5,-0.002353
2018,45820,5,-0.005664
2018,45940,5,0.004067
2018,46060,5,-0.003042
2018,46140,5,-0.001638
2018,46340,5,-0.000119
2018,46540,5,-0.002011
2018,46660,5,-0.000258
2018,46700,5,-0.000699
2018,47220,5,-0.003891
2018,47300,5,-0.002196
2018,47940,5,-0.006248
2018,48300,5,0.00036
2018,48540,5,-0.018888
2018,48660,5,-0.003318
2018,48700,5,-0.005192
2018,49020,5,0.00342
2018,49420,5,-0.004112
2018,49620,5,0.003459
2018,49660,5,-0.003369
2018,49740,5,-0.000846
2018,10180,6,-0.006175
2018,10420,6,0.000271
2018,10580,6,0.003407
2018,10740,6,-0.005652
2018,10780,6,-0.007637
2018,10900,6,0.003188
2018,11020,6,-0.002038
2018,11260,6,-0.006517
2018,11460,6,0.00259
2018,11500,6,-0.006035
2018,11540,6,0.005271
2018,11700,6,0.000883
2018,12020,6,0.002187
2018,12100,6,0.001522
2018,12220,6,0.009621
2018,12420,6,0.014578
2018,12540,6,-0.001612
2018,12580,6,-0.006583
2018,12620,6,-0.001172
2018,12700,6,-0.002345
2018,12980,6,-0.000403
2018,13020,6,-0.001232
2018,13380,6,0.009563
2018,13460,6,0.019978
2018,13780,6,-0.003802
2018,14260,6,0.011245
2018,14500,6,-0.004859
2018,14740,6,0.002765
2018,15180,6,-0.002319
2018,15260,6,-1.6e-05
2018,15380,6,0.000591
2018,15500,6,0.006462
2018,15540,6,0.001265
2018,15940,6,-0.001956
2018,15980,6,0.007372
2018,16020,6,-0.008914
2018,16180,6,-0.006078
2018,16220,6,-0.018459
2018,16300,6,-0.000535
2018,16700,6,0.007598
2018,16860,6,-0.001944
2018,16940,6,-0.004622
2018,17020,6,0.000871
2018,17420,6,0.002612
2018,17660,6,0.013277
2018,17780,6,0.010788
2018,17820,6,0.006613
2018,17900,6,0.001435
2018,18020,6,0.002857
2018,18700,6,0.003373
2018,19340,6,-0.001407
2018,19460,6,-0.00471
2018,19500,6,-0.005394
2018,19740,6,0.001501
2018,20020,6,-0.003023
2018,20100,6,0.003847
2018,20220,6,-0.003821
2018,20740,6,0.005979
2018,20940,6,-0.002046
2018,21140,6,0.001758
2018,21300,6,-0.002955
2018,21500,6,-0.003449
2018,21660,6,0.004084
2018,21820,6,-0.011079
2018,22020,6,0.009453
2018,22140,6,-0.013366
2018,22380,6,-0.00547
2018,22420,6,-0.003448
2018,22500,6,-0.007893
2018,22520,6,-0.002442
2018,22540,6,0.003948
2018,22660,6,0.007239
2018,23420,6,-0.000215
2018,23460,6,-0.004748
2018,23580,6,0.004285
2018,24020,6,0.000251
2018,24220,6,-0.006734
2018,24300,6,-0.000944
2018,24500,6,-0.008497
2018,24540,6,0.01439
2018,24580,6,0.006283
2018,24660,6,-0.002429
2018,25420,6,0.005241
2018,25500,6,-0.000485
2018,25860,6,-0.005905
2018,25980,6,-0.002908
2018,26300,6,-0.004817
2018,26380,6,-0.009912
2018,26620,6,0.009133
2018,26980,6,0.010275
2018,27060,6,-0.000237
2018,27100,6,0.001321
2018,27260,6,0.00726
2018,27340,6,0.001166
2018,27500,6,0.002083
2018,27740,6,-0.002793
2018,27780,6,-0.005239
2018,27860,6,0.00687
2018,27900,6,-0.004197
2018,28100,6,-0.002849
2018,28420,6,0.011767
2018,28660,6,0.006243
2018,28700,6,-0.007914
2018,28740,6,-0.000758
2018,29100,6,0.001628
2018,29340,6,0.002615
2018,29420,6,-0.004318
2018,29460,6,0.009806
2018,29540,6,0.003351
2018,29700,6,0.003711
2018,29740,6,-0.001494
2018,29820,6,0.004932
2018,29940,6,0.010053
2018,30140,6,0.005167
2018,30300,6,-0.007015
2018,30340,6,0.000324
2018,30460,6,0.006255
2018,30620,6,-0.002458
2018,30700,6,0.005016
2018,30780,6,-0.00043
2018,30860,6,-8.5e-05
2018,31020,6,0.00457
2018,31420,6,-0.008124
2018,31700,6,0.001496
2018,31860,6,2.7e-05
2018,32580,6,0.004645
2018,32780,6,0.001681
2018,32900,6,-0.000533
2018,33140,6,-0.002044
2018,33340,6,0.000547
2018,33540,6,0.003991
2018,33700,6,-0.002624
2018,33780,6,0.000668
2018,33860,6,-0.00254
2018,34060,6,-0.010343
2018,34580,6,0.004798
2018,34620,6,-0.000858
2018,34740,6,0.000688
2018,34940,6,0.007205
2018,35660,6,-0.000963
2018,35840,6,0.009196
2018,36100,6,0.002561
2018,36220,6,-0.008452
2018,36420,6,0.000954
2018,36500,6,0.013472
2018,36540,6,0.002155
2018,36740,6,0.00978
2018,36780,6,0.003346
2018,36980,6,-0.000343
2018,37100,6,-0.005831
2018,37340,6,0.002209
2018,37860,6,0.002431
2018,38060,6,0.002829
2018,38300,6,-0.002847
2018,38340,6,-0.004987
2018,38860,6,0.003478
2018,38900,6,0.00282
2018,38940,6,0.001205
2018,39300,6,3.6e-05
2018,39340,6,0.010579
2018,39380,6,-0.00321
2018,39460,6,0.005143
2018,39540,6,0.002489
2018,39580,6,0.012806
2018,39740,6,0.002148
2018,39820,6,-0.004161
2018,39900,6,0.00323
2018,40140,6,-0.000655
2018,40420,6,-0.001673
2018,40660,6,-0.001673
2018,40900,6,0.000888
2018,40980,6,-0.00102
2018,41060,6,-0.00258
2018,41100,6,0.018059
2018,41140,6,-0.006748
2018,41420,6,0.003964
2018,41500,6,-0.00626
2018,41700,6,0.005141
2018,41740,6,-0.002172
2018,41940,6,-0.005084
2018,42020,6,-0.005073
2018,42100,6,-0.007028
2018,42140,6,-0.006782
2018,42220,6,-0.007584
2018,42340,6,-0.000526
2018,42540,6,-0.000349
2018,42680,6,0.004975
2018,43100,6,0.000228
2018,43620,6,0.013613
2018,43780,6,0.001237
2018,44100,6,-0.004611
2018,44180,6,0.000251
2018,44220,6,8.9e-05
2018,44300,6,0.000685
2018,44700,6,0.000711
2018,45060,6,-0.001554
2018,45220,6,-0.002517
2018,45820,6,-0.005816
2018,45940,6,0.002753
2018,46060,6,-0.003182
2018,46140,6,-0.002102
2018,46340,6,-0.001054
2018,46540,6,-0.001912
2018,46660,6,-0.001784
2018,46700,6,-0.001939
2018,47220,6,-0.004103
2018,47300,6,-0.001779
2018,47940,6,-0.006679
2018,48300,6,0.000859
2018,48540,6,-0.019374
2018,48660,6,-0.003103
2018,48700,6,-0.006288
2018,49020,6,0.004513
2018,49420,6,-0.004159
2018,49620,6,0.002664
2018,49660,6,-0.003251
2018,49740,6,-0.001471
2018,10180,7,-0.005779
2018,10420,7,0.0
2018,10580,7,0.002998
2018,10740,7,-0.005972
2018,10780,7,-0.007378
2018,10900,7,0.003115
2018,11020,7,-0.001152
2018,11260,7,-0.007148
2018,11460,7,0.003106
2018,11500,7,-0.006173
2018,11540,7,0.005175
2018,11700,7,0.001542
2018,12020,7,0.00204
2018,12100,7,0.000656
2018,12220,7,0.009405
2018,12420,7,0.015177
2018,12540,7,-0.001482
2018,12580,7,-0.006228
2018,12620,7,-0.001384
2018,12700,7,-0.001986
2018,12980,7,-0.000283
2018,13020,7,-0.001815
2018,13380,7,0.009181
2018,13460,7,0.019952
2018,13780,7,-0.00343
2018,14260,7,0.011512
2018,14500,7,-0.004583
2018,14740,7,0.002518
2018,15180,7,-0.002674
2018,15260,7,0.000289
2018,15380,7,0.000636
2018,15500,7,0.005324
2018,15540,7,0.001516
2018,15940,7,-0.002187
2018,15980,7,0.006693
2018,16020,7,-0.008292
2018,16180,7,-0.005216
2018,16220,7,-0.017037
2018,16300,7,-0.000965
2018,16700,7,0.008137
2018,16860,7,-0.002118
2018,16940,7,-0.004646
2018,17020,7,0.000374
2018,17420,7,0.002513
2018,17660,7,0.013562
2018,17780,7,0.010593
2018,17820,7,0.005947
2018,17900,7,0.0009
2018,18020,7,0.002692
2018,18700,7,0.00371
2018,19340,7,-0.001161
2018,19460,7,-0.004724
2018,19500,7,-0.005892
2018,19740,7,0.001752
2018,20020,7,-0.002775
2018,20100,7,0.003489
2018,20220,7,-0.003295
2018,20740,7,0.006143
2018,20940,7,-0.001888
2018,21140,7,0.001736
2018,21300,7,-0.00228
2018,21500,7,-0.003279
2018,21660,7,0.003978
2018,21820,7,-0.011275
2018,22020,7,0.009771
2018,22140,7,-0.01338
2018,22380,7,-0.004783
2018,22420,7,-0.00375
2018,22500,7,-0.007913
2018,22520,7,-0.00188
2018,22540,7,0.003471
2018,22660,7,0.007015
2018,23420,7,-0.000304
2018,23460,7,-0.004641
2018,23580,7,0.004019
2018,24020,7,0.00045
2018,24220,7,-0.0052
2018,24300,7,-0.000948
2018,24500,7,-0.00915
2018,24540,7,0.013554
2018,24580,7,0.006052
2018,24660,7,-0.003041
2018,25420,7,0.004587
2018,25500,7,-0.000277
2018,25860,7,-0.005861
2018,25980,7,-0.00246
2018,26300,7,-0.005015
2018,26380,7,-0.009698
2018,26620,7,0.008704
2018,26980,7,0.00971
2018,27060,7,0.000545
2018,27100,7,0.002197
2018,27260,7,0.007502
2018,27340,7,0.001556
2018,27500,7,0.002069
2018,27740,7,-0.002181
2018,27780,7,-0.00528
2018,27860,7,0.005778
2018,27900,7,-0.004786
2018,28100,7,-0.002455
2018,28420,7,0.011135
2018,28660,7,0.005534
2018,28700,7,-0.006839
2018,28740,7,-0.001346
2018,29100,7,0.002158
2018,29340,7,0.002745
2018,29420,7,-0.004471
2018,29460,7,0.009992
2018,29540,7,0.003933
2018,29700,7,0.003192
2018,29740,7,-0.002172
2018,29820,7,0.00543
2018,29940,7,0.009106
2018,30140,7,0.004865
2018,30300,7,-0.006031
2018,30340,7,0.000619
2018,30460,7,0.006
2018,30620,7,-0.002101
2018,30700,7,0.004563
2018,30780,7,-0.000853
2018,30860,7,1.9e-05
2018,31020,7,0.004411
2018,31420,7,-0.008169
2018,31700,7,0.00121
2018,31860,7,0.0
2018,32580,7,0.003821
2018,32780,7,0.00159
2018,32900,7,-0.000406
2018,33140,7,-0.001969
2018,33340,7,0.000494
2018,33540,7,0.003621
2018,33700,7,-0.001861
2018,33780,7,0.000704
2018,33860,7,-0.002912
2018,34060,7,-0.009363
2018,34580,7,0.004755
2018,34620,7,-0.000363
2018,34740,7,0.001235
2018,34940,7,0.007362
2018,35660,7,-0.000267
2018,35840,7,0.009309
2018,36100,7,0.00252
2018,36220,7,-0.006236
2018,36420,7,0.000566
2018,36500,7,0.012988
2018,36540,7,0.001931
2018,36740,7,0.010251
2018,36780,7,0.003064
2018,36980,7,-0.000123
2018,37100,7,-0.005758
2018,37340,7,0.002897
2018,37860,7,0.002539
2018,38060,7,0.003229
2018,38300,7,-0.002607
2018,38340,7,-0.004636
2018,38860,7,0.003513
2018,38900,7,0.003279
2018,38940,7,0.001752
2018,39300,7,-0.000219
2018,39340,7,0.010264
2018,39380,7,-0.003786
2018,39460,7,0.004853
2018,39540,7,0.00238
2018,39580,7,0.012575
2018,39740,7,0.002477
2018,39820,7,-0.00426
2018,39900,7,0.003875
2018,40140,7,-0.000177
2018,40420,7,-0.002076
2018,40660,7,-0.002241
2018,40900,7,0.000838
2018,40980,7,-0.001388
2018,41060,7,-0.002178
2018,41100,7,0.01755
2018,41140,7,-0.006187
2018,41420,7,0.004192
2018,41500,7,-0.006627
2018,41700,7,0.00532
2018,41740,7,-0.00227
2018,41940,7,-0.004502
2018,42020,7,-0.005146
2018,42100,7,-0.006857
2018,42140,7,-0.007117
2018,42220,7,-0.006763
2018,42340,7,-0.000255
2018,42540,7,-0.000719
2018,42680,7,0.005151
2018,43100,7,0.000524
2018,43620,7,0.013342
2018,43780,7,0.001402
2018,44100,7,-0.00449
2018,44180,7,5.2e-05
2018,44220,7,0.000157
2018,44300,7,0.001237
2018,44700,7,0.00089
2018,45060,7,-0.001784
2018,45220,7,-0.00206
2018,45820,7,-0.005971
2018,45940,7,0.002112
2018,46060,7,-0.003174
2018,46140,7,-0.002635
2018,46340,7,-0.00149
2018,46540,7,-0.001751
2018,46660,7,-0.002224
2018,46700,7,-0.001566
2018,47220,7,-0.004205
2018,47300,7,-0.001815
2018,47940,7,-0.006262
2018,48300,7,0.001025
2018,48540,7,-0.020155
2018,48660,7,-0.002585
2018,48700,7,-0.006272
2018,49020,7,0.004106
2018,49420,7,-0.004898
2018,49620,7,0.003004
2018,49660,7,-0.003417
2018,49740,7,-0.00193
2018,10180,8,-0.006129
2018,10420,8,0.000391
2018,10580,8,0.002971
2018,10740,8,-0.00562
2018,10780,8,-0.007552
2018,10900,8,0.003536
2018,11020,8,-0.001654
2018,11260,8,-0.007019
2018,11460,8,0.00306
2018,11500,8,-0.005936
2018,11540,8,0.005097
2018,11700,8,0.000487
2018,12020,8,0.002753
2018,12100,8,0.000971
2018,12220,8,0.00961
2018,12420,8,0.014253
2018,12540,8,-0.001186
2018,12580,8,-0.006669
2018,12620,8,-0.001163
2018,12700,8,-0.002108
2018,12980,8,3e-06
2018,13020,8,-0.001104
2018,13380,8,0.008768
2018,13460,8,0.019296
2018,13780,8,-0.003839
2018,14260,8,0.010628
2018,14500,8,-0.005151
2018,14740,8,0.002302
2018,15180,8,-0.002176
2018,15260,8,0.000246
2018,15380,8,0.000245
2018,15500,8,0.006627
2018,15540,8,0.000999
2018,15940,8,-0.002069
2018,15980,8,0.007459
2018,16020,8,-0.008116
2018,16180,8,-0.005605
2018,16220,8,-0.018223
2018,16300,8,-0.000346
2018,16700,8,0.007114
2018,16860,8,-0.002305
2018,16940,8,-0.004914
2018,17020,8,0.000789
2018,17420,8,0.002491
2018,17660,8,0.01273
2018,17780,8,0.010141
2018,17820,8,0.006276
2018,17900,8,0.00124
2018,18020,8,0.002365
2018,18700,8,0.003465
2018,19340,8,-0.001481
2018,19460,8,-0.004952
2018,19500,8,-0.005592
2018,19740,8,0.00119
2018,20020,8,-0.002772
2018,20100,8,0.003657
2018,20220,8,-0.003599
2018,20740,8,0.005408
2018,20940,8,-0.001372
2018,21140,8,0.001733
2018,21300,8,-0.002758
2018,21500,8,-0.002964
2018,21660,8,0.003879
2018,21820,8,-0.011289
2018,22020,8,0.009054
2018,22140,8,-0.012933
2018,22380,8,-0.005678
2018,22420,8,-0.003452
2018,22500,8,-0.007642
2018,22520,8,-0.00237
2018,22540,8,0.003656
2018,22660,8,0.006565
2018,23420,8,-0.000232
2018,23460,8,-0.004441
2018,23580,8,0.004201
2018,24020,8,-0.000314
2018,24220,8,-0.006571
2018,24300,8,-0.000933
2018,24500,8,-0.009172
2018,24540,8,0.014674
2018,24580,8,0.006144
2018,24660,8,-0.002445
2018,25420,8,0.005155
2018,25500,8,-0.00071
2018,25860,8,-0.005341
2018,25980,8,-0.003488
2018,26300,8,-0.004694
2018,26380,8,-0.009969
2018,26620,8,0.008865
2018,26980,8,0.009629
2018,27060,8,-0.000186
2018,27100,8,0.001813
2018,27260,8,0.007079
2018,27340,8,0.001446
2018,27500,8,0.001913
2018,27740,8,-0.00257
2018,27780,8,-0.005153
2018,27860,8,0.006474
2018,27900,8,-0.003877
2018,28100,8,-0.002594
2018,28420,8,0.011415
2018,28660,8,0.006316
2018,28700,8,-0.007258
2018,28740,8,-0.001055
2018,29100,8,0.001411
2018,29340,8,0.002362
2018,29420,8,-0.004406
2018,29460,8,0.010001
2018,29540,8,0.003864
2018,29700,8,0.003524
2018,29740,8,-0.001307
2018,29820,8,0.005689
2018,29940,8,0.00909
2018,30140,8,0.005251
2018,30300,8,-0.006544
2018,30340,8,0.000448
2018,30460,8,0.005974
2018,30620,8,-0.002227
2018,30700,8,0.004383
2018,30780,8,-0.000358
2018,30860,8,0.000462
2018,31020,8,0.004764
2018,31420,8,-0.007599
2018,31700,8,0.001554
2018,31860,8,0.000149
2018,32580,8,0.004616
2018,32780,8,0.001593
2018,32900,8,0.000462
2018,33140,8,-0.002083
2018,33340,8,0.000131
2018,33540,8,0.003352
2018,33700,8,-0.001316
2018,33780,8,0.0012
2018,33860,8,-0.00244
2018,34060,8,-0.009876
2018,34580,8,0.004604
2018,34620,8,-0.000418
2018,34740,8,0.000976
2018,34940,8,0.007405
2018,35660,8,-0.000784
2018,35840,8,0.009029
2018,36100,8,0.002648
2018,36220,8,-0.00818
2018,36420,8,0.000763
2018,36500,8,0.012769
2018,36540,8,0.002029
2018,36740,8,0.009497
2018,36780,8,0.00301
2018,36980,8,-0.000367
2018,37100,8,-0.005719
2018,37340,8,0.002556
2018,37860,8,0.002055
2018,38060,8,0.003088
2018,38300,8,-0.002836
2018,38340,8,-0.004735
2018,38860,8,0.003261
2018,38900,8,0.00225
2018,38940,8,0.001817
2018,39300,8,3e-05
2018,39340,8,0.010207
2018,39380,8,-0.002908
2018,39460,8,0.005493
2018,39540,8,0.002576
2018,39580,8,0.012298
2018,39740,8,0.002524
2018,39820,8,-0.004006
2018,39900,8,0.003442
2018,40140,8,-0.000193
2018,40420,8,-0.001691
2018,40660,8,-0.001524
2018,40900,8,0.001035
2018,40980,8,-0.000745
2018,41060,8,-0.001752
2018,41100,8,0.018338
2018,41140,8,-0.005675
2018,41420,8,0.003978
2018,41500,8,-0.005828
2018,41700,8,0.005353
2018,41740,8,-0.00236
2018,41940,8,-0.00497
2018,42020,8,-0.005018
2018,42100,8,-0.006848
2018,42140,8,-0.006237
2018,42220,8,-0.007282
2018,42340,8,-0.000552
2018,42540,8,-0.000208
2018,42680,8,0.005035
2018,43100,8,0.000344
2018,43620,8,0.012602
2018,43780,8,0.001392
2018,44100,8,-0.004705
2018,44180,8,0.000288
2018,44220,8,0.000397
2018,44300,8,0.001138
2018,44700,8,0.001606
2018,45060,8,-0.001784
2018,45220,8,-0.002269
2018,45820,8,-0.00576
2018,45940,8,0.003015
2018,46060,8,-0.002968
2018,46140,8,-0.002214
2018,46340,8,-0.000806
2018,46540,8,-0.001803
2018,46660,8,-0.001544
2018,46700,8,-0.00109
2018,47220,8,-0.004321
2018,47300,8,-0.001885
2018,47940,8,-0.006377
2018,48300,8,9.4e-05
2018,48540,8,-0.019981
2018,48660,8,-0.002329
2018,48700,8,-0.006153
2018,49020,8,0.004301
2018,49420,8,-0.004753
2018,49620,8,0.003124
2018,49660,8,-0.0033
2018,49740,8,-0.001405
2018,10180,9,-0.006063
2018,10420,9,0.000328
2018,10580,9,0.003282
2018,10740,9,-0.005672
2018,10780,9,-0.007619
2018,10900,9,0.00336
2018,11020,9,-0.00194
2018,11260,9,-0.006779
2018,11460,9,0.002838
2018,11500,9,-0.005979
2018,11540,9,0.005244
2018,11700,9,0.000786
2018,12020,9,0.002485
2018,12100,9,0.00124
2018,12220,9,0.009599
2018,12420,9,0.014502
2018,12540,9,-0.00147
2018,12580,9,-0.006596
2018,12620,9,-0.001121
2018,12700,9,-0.002272
2018,12980,9,-0.000288
2018,13020,9,-0.001217
2018,13380,9,0.009361
2018,13460,9,0.019718
2018,13780,9,-0.003806
2018,14260,9,0.011083
2018,14500,9,-0.004995
2018,14740,9,0.002596
2018,15180,9,-0.002266
2018,15260,9,6.7e-05
2018,15380,9,0.000538
2018,15500,9,0.006498
2018,15540,9,0.001183
2018,15940,9,-0.002009
2018,15980,9,0.007432
2018,16020,9,-0.008647
2018,16180,9,-0.005797
2018,16220,9,-0.018516
2018,16300,9,-0.000422
2018,16700,9,0.007406
2018,16860,9,-0.00204
2018,16940,9,-0.004796
2018,17020,9,0.000859
2018,17420,9,0.002613
2018,17660,9,0.013122
2018,17780,9,0.010431
2018,17820,9,0.00644
2018,17900,9,0.001286
2018,18020,9,0.002653
2018,18700,9,0.003489
2018,19340,9,-0.001416
2018,19460,9,-0.004756
2018,19500,9,-0.00548
2018,19740,9,0.001364
2018,20020,9,-0.002949
2018,20100,9,0.003688
2018,20220,9,-0.003714
2018,20740,9,0.005781
2018,20940,9,-0.001796
2018,21140,9,0.001797
2018,21300,9,-0.002923
2018,21500,9,-0.003354
2018,21660,9,0.004065
2018,21820,9,-0.011304
2018,22020,9,0.009264
2018,22140,9,-0.013299
2018,22380,9,-0.00553
2018,22420,9,-0.003405
2018,22500,9,-0.007839
2018,22520,9,-0.002384
2018,22540,9,0.003817
2018,22660,9,0.006885
2018,23420,9,-0.00023
2018,23460,9,-0.004614
2018,23580,9,0.004262
2018,24020,9,8.2e-05
2018,24220,9,-0.00657
2018,24300,9,-0.000913
2018,24500,9,-0.008673
2018,24540,9,0.014556
2018,24580,9,0.006243
2018,24660,9,-0.002484
2018,25420,9,0.00522
2018,25500,9,-0.000579
2018,25860,9,-0.005679
2018,25980,9,-0.003065
2018,26300,9,-0.004685
2018,26380,9,-0.009937
2018,26620,9,0.008981
2018,26980,9,0.00998
2018,27060,9,-0.000126
2018,27100,9,0.001501
2018,27260,9,0.007196
2018,27340,9,0.00118
2018,27500,9,0.002117
2018,27740,9,-0.002662
2018,27780,9,-0.005262
2018,27860,9,0.006612
2018,27900,9,-0.004005
2018,28100,9,-0.002778
2018,28420,9,0.01158
2018,28660,9,0.006272
2018,28700,9,-0.007665
2018,28740,9,-0.000806
2018,29100,9,0.00161
2018,29340,9,0.002498
2018,29420,9,-0.004294
2018,29460,9,0.010022
2018,29540,9,0.00358
2018,29700,9,0.003569
2018,29740,9,-0.001513
2018,29820,9,0.005249
2018,29940,9,0.009533
2018,30140,9,0.005251
2018,30300,9,-0.006744
2018,30340,9,0.000378
2018,30460,9,0.006141
2018,30620,9,-0.002414
2018,30700,9,0.004799
2018,30780,9,-0.000419
2018,30860,9,0.000184
2018,31020,9,0.00474
2018,31420,9,-0.00801
2018,31700,9,0.001514
2018,31860,9,0.000155
2018,32580,9,0.004598
2018,32780,9,0.001656
2018,32900,9,-0.000129
2018,33140,9,-0.002025
2018,33340,9,0.000416
2018,33540,9,0.003683
2018,33700,9,-0.002108
2018,33780,9,0.000865
2018,33860,9,-0.002522
2018,34060,9,-0.010102
2018,34580,9,0.00479
2018,34620,9,-0.000778
2018,34740,9,0.000842
2018,34940,9,0.007216
2018,35660,9,-0.000847
2018,35840,9,0.00909
2018,36100,9,0.002702
2018,36220,9,-0.00833
2018,36420,9,0.000874
2018,36500,9,0.013187
2018,36540,9,0.002129
2018,36740,9,0.009699
2018,36780,9,0.003274
2018,36980,9,-0.000366
2018,37100,9,-0.005776
2018,37340,9,0.002479
2018,37860,9,0.0023
2018,38060,9,0.002982
2018,38300,9,-0.002829
2018,38340,9,-0.00493
2018,38860,9,0.003417
2018,38900,9,0.002612
2018,38940,9,0.00157
2018,39300,9,4.8e-05
2018,39340,9,0.010477
2018,39380,9,-0.003081
2018,39460,9,0.00534
2018,39540,9,0.002579
2018,39580,9,0.012544
2018,39740,9,0.002337
2018,39820,9,-0.004082
2018,39900,9,0.003351
2018,40140,9,-0.000432
2018,40420,9,-0.001719
2018,40660,9,-0.001583
2018,40900,9,0.000965
2018,40980,9,-0.000962
2018,41060,9,-0.002205
2018,41100,9,0.01823
2018,41140,9,-0.006391
2018,41420,9,0.004052
2018,41500,9,-0.006113
2018,41700,9,0.005349
2018,41740,9,-0.002273
2018,41940,9,-0.005058
2018,42020,9,-0.005069
2018,42100,9,-0.006958
2018,42140,9,-0.006585
2018,42220,9,-0.007483
2018,42340,9,-0.000536
2018,42540,9,-0.000275
2018,42680,9,0.00507
2018,43100,9,0.000309
2018,43620,9,0.013173
2018,43780,9,0.001316
2018,44100,9,-0.004652
2018,44180,9,0.000332
2018,44220,9,0.000161
2018,44300,9,0.000887
2018,44700,9,0.001073
2018,45060,9,-0.001638
2018,45220,9,-0.00237
2018,45820,9,-0.005753
2018,45940,9,0.002814
2018,46060,9,-0.003068
2018,46140,9,-0.002181
2018,46340,9,-0.00087
2018,46540,9,-0.001814
2018,46660,9,-0.00176
2018,46700,9,-0.001586
2018,47220,9,-0.004233
2018,47300,9,-0.001812
2018,47940,9,-0.006548
2018,48300,9,0.000618
2018,48540,9,-0.019461
2018,48660,9,-0.002797
2018,48700,9,-0.006218
2018,49020,9,0.004463
2018,49420,9,-0.004378
2018,49620,9,0.002856
2018,49660,9,-0.003281
2018,49740,9,-0.00147
2018,10180,10,-0.006063
2018,10420,10,0.000328
2018,10580,10,0.003282
2018,10740,10,-0.005672
2018,10780,10,-0.007619
2018,10900,10,0.00336
2018,11020,10,-0.00194
2018,11260,10,-0.006779
2018,11460,10,0.002838
2018,11500,10,-0.005979
2018,11540,10,0.005244
2018,11700,10,0.000786
2018,12020,10,0.002485
2018,12100,10,0.00124
2018,12220,10,0.009599
2018,12420,10,0.014502
2018,12540,10,-0.00147
2018,12580,10,-0.006596
2018,12620,10,-0.001121
2018,12700,10,-0.002272
2018,12980,10,-0.000288
2018,13020,10,-0.001217
2018,13380,10,0.009361
2018,13460,10,0.019718
2018,13780,10,-0.003806
2018,14260,10,0.011083
2018,14500,10,-0.004995
2018,14740,10,0.002596
2018,15180,10,-0.002266
2018,15260,10,6.7e-05
2018,15380,10,0.000538
2018,15500,10,0.006498
2018,15540,10,0.001183
2018,15940,10,-0.002009
2018,15980,10,0.007432
2018,16020,10,-0.008647
2018,16180,10,-0.005797
2018,16220,10,-0.018516
2018,16300,10,-0.000422
2018,16700,10,0.007406
2018,16860,10,-0.00204
2018,16940,10,-0.004796
2018,17020,10,0.000859
2018,17420,10,0.002613
2018,17660,10,0.013122
2018,17780,10,0.010431
2018,17820,10,0.00644
2018,17900,10,0.001286
2018,18020,10,0.002653
2018,18700,10,0.003489
2018,19340,10,-0.001416
2018,19460,10,-0.004756
2018,19500,10,-0.00548
2018,19740,10,0.001364
2018,20020,10,-0.002949
2018,20100,10,0.003688
2018,20220,10,-0.003714
2018,20740,10,0.005781
2018,20940,10,-0.001796
2018,21140,10,0.001797
2018,21300,10,-0.002923
2018,21500,10,-0.003354
2018,21660,10,0.004065
2018,21820,10,-0.011304
2018,22020,10,0.009264
2018,22140,10,-0.013299
2018,22380,10,-0.00553
2018,22420,10,-0.003405
2018,22500,10,-0.007839
2018,22520,10,-0.002384
2018,22540,10,0.003817
2018,22660,10,0.006885
2018,23420,10,-0.00023
2018,23460,10,-0.004614
2018,23580,10,0.004262
2018,24020,10,8.2e-05
2018,24220,10,-0.00657
2018,24300,10,-0.000913
2018,24500,10,-0.008673
2018,24540,10,0.014556
2018,24580,10,0.006243
2018,24660,10,-0.002484
2018,25420,10,0.00522
2018,25500,10,-0.000579
2018,25860,10,-0.005679
2018,25980,10,-0.003065
2018,26300,10,-0.004685
2018,26380,10,-0.009937
2018,26620,10,0.008981
2018,26980,10,0.00998
2018,27060,10,-0.000126
2018,27100,10,0.001501
2018,27260,10,0.007196
2018,27340,10,0.00118
2018,27500,10,0.002117
2018,27740,10,-0.002662
2018,27780,10,-0.005262
2018,27860,10,0.006612
2018,27900,10,-0.004005
2018,28100,10,-0.002778
2018,28420,10,0.01158
2018,28660,10,0.006272
2018,28700,10,-0.007665
2018,28740,10,-0.000806
2018,29100,10,0.00161
2018,29340,10,0.002498
2018,29420,10,-0.004294
2018,29460,10,0.010022
2018,29540,10,0.00358
2018,29700,10,0.003569
2018,29740,10,-0.001513
2018,29820,10,0.005249
2018,29940,10,0.009533
2018,30140,10,0.005251
2018,30300,10,-0.006744
2018,30340,10,0.000378
2018,30460,10,0.006141
2018,30620,10,-0.002414
2018,30700,10,0.004799
2018,30780,10,-0.000419
2018,30860,10,0.000184
2018,31020,10,0.00474
2018,31420,10,-0.00801
2018,31700,10,0.001514
2018,31860,10,0.000155
2018,32580,10,0.004598
2018,32780,10,0.001656
2018,32900,10,-0.000129
2018,33140,10,-0.002025
2018,33340,10,0.000416
2018,33540,10,0.003683
2018,33700,10,-0.002108
2018,33780,10,0.000865
2018,33860,10,-0.002522
2018,34060,10,-0.010102
2018,34580,10,0.00479
2018,34620,10,-0.000778
2018,34740,10,0.000842
2018,34940,10,0.007216
2018,35660,10,-0.000847
2018,35840,10,0.00909
2018,36100,10,0.002702
2018,36220,10,-0.00833
2018,36420,10,0.000874
2018,36500,10,0.013187
2018,36540,10,0.002129
2018,36740,10,0.009699
2018,36780,10,0.003274
2018,36980,10,-0.000366
2018,37100,10,-0.005776
2018,37340,10,0.002479
2018,37860,10,0.0023
2018,38060,10,0.002982
2018,38300,10,-0.002829
2018,38340,10,-0.00493
2018,38860,10,0.003417
2018,38900,10,0.002612
2018,38940,10,0.00157
2018,39300,10,4.8e-05
2018,39340,10,0.010477
2018,39380,10,-0.003081
2018,39460,10,0.00534
2018,39540,10,0.002579
2018,39580,10,0.012544
2018,39740,10,0.002337
2018,39820,10,-0.004082
2018,39900,10,0.003351
2018,40140,10,-0.000432
2018,40420,10,-0.001719
2018,40660,10,-0.001583
2018,40900,10,0.000965
2018,40980,10,-0.000962
2018,41060,10,-0.002205
2018,41100,10,0.01823
2018,41140,10,-0.006391
2018,41420,10,0.004052
2018,41500,10,-0.006113
2018,41700,10,0.005349
2018,41740,10,-0.002273
2018,41940,10,-0.005058
2018,42020,10,-0.005069
2018,42100,10,-0.006958
2018,42140,10,-0.006585
2018,42220,10,-0.007483
2018,42340,10,-0.000536
2018,42540,10,-0.000275
2018,42680,10,0.00507
2018,43100,10,0.000309
2018,43620,10,0.013173
2018,43780,10,0.001316
2018,44100,10,-0.004652
2018,44180,10,0.000332
2018,44220,10,0.000161
2018,44300,10,0.000887
2018,44700,10,0.001073
2018,45060,10,-0.001638
2018,45220,10,-0.00237
2018,45820,10,-0.005753
2018,45940,10,0.002814
2018,46060,10,-0.003068
2018,46140,10,-0.002181
2018,46340,10,-0.00087
2018,46540,10,-0.001814
2018,46660,10,-0.00176
2018,46700,10,-0.001586
2018,47220,10,-0.004233
2018,47300,10,-0.001812
2018,47940,10,-0.006548
2018,48300,10,0.000618
2018,48540,10,-0.019461
2018,48660,10,-0.002797
2018,48700,10,-0.006218
2018,49020,10,0.004463
2018,49420,10,-0.004378
2018,49620,10,0.002856
2018,49660,10,-0.003281
2018,49740,10,-0.00147
2018,10180,11,-0.006041
2018,10420,11,0.0001
2018,10580,11,0.002769
2018,10740,11,-0.005747
2018,10780,11,-0.007268
2018,10900,11,0.003177
2018,11020,11,-0.001011
2018,11260,11,-0.007124
2018,11460,11,0.003013
2018,11500,11,-0.006057
2018,11540,11,0.005006
2018,11700,11,0.001093
2018,12020,11,0.00212
2018,12100,11,0.000812
2018,12220,11,0.009426
2018,12420,11,0.014583
2018,12540,11,-0.001359
2018,12580,11,-0.006399
2018,12620,11,-0.00144
2018,12700,11,-0.001838
2018,12980,11,2.1e-05
2018,13020,11,-0.001429
2018,13380,11,0.008695
2018,13460,11,0.019435
2018,13780,11,-0.00349
2018,14260,11,0.011019
2018,14500,11,-0.004635
2018,14740,11,0.00238
2018,15180,11,-0.002404
2018,15260,11,0.000387
2018,15380,11,0.000384
2018,15500,11,0.005725
2018,15540,11,0.001219
2018,15940,11,-0.002118
2018,15980,11,0.006723
2018,16020,11,-0.007982
2018,16180,11,-0.005311
2018,16220,11,-0.017021
2018,16300,11,-0.000842
2018,16700,11,0.00775
2018,16860,11,-0.002226
2018,16940,11,-0.004596
2018,17020,11,0.000476
2018,17420,11,0.002406
2018,17660,11,0.013097
2018,17780,11,0.010515
2018,17820,11,0.00615
2018,17900,11,0.001135
2018,18020,11,0.002452
2018,18700,11,0.003461
2018,19340,11,-0.001371
2018,19460,11,-0.004781
2018,19500,11,-0.005857
2018,19740,11,0.001655
2018,20020,11,-0.002669
2018,20100,11,0.003607
2018,20220,11,-0.003321
2018,20740,11,0.005783
2018,20940,11,-0.001571
2018,21140,11,0.001585
2018,21300,11,-0.002169
2018,21500,11,-0.002899
2018,21660,11,0.003767
2018,21820,11,-0.010919
2018,22020,11,0.009391
2018,22140,11,-0.012985
2018,22380,11,-0.00504
2018,22420,11,-0.00361
2018,22500,11,-0.007615
2018,22520,11,-0.002019
2018,22540,11,0.003484
2018,22660,11,0.007042
2018,23420,11,-0.0002
2018,23460,11,-0.004551
2018,23580,11,0.004012
2018,24020,11,0.00013
2018,24220,11,-0.005839
2018,24300,11,-0.000987
2018,24500,11,-0.009367
2018,24540,11,0.013668
2018,24580,11,0.006006
2018,24660,11,-0.002709
2018,25420,11,0.004613
2018,25500,11,-0.000442
2018,25860,11,-0.00554
2018,25980,11,-0.002748
2018,26300,11,-0.004975
2018,26380,11,-0.009769
2018,26620,11,0.008722
2018,26980,11,0.009624
2018,27060,11,0.000138
2018,27100,11,0.002379
2018,27260,11,0.007317
2018,27340,11,0.00179
2018,27500,11,0.001812
2018,27740,11,-0.002307
2018,27780,11,-0.004998
2018,27860,11,0.006176
2018,27900,11,-0.00465
2018,28100,11,-0.00243
2018,28420,11,0.011307
2018,28660,11,0.005762
2018,28700,11,-0.006755
2018,28740,11,-0.001361
2018,29100,11,0.001741
2018,29340,11,0.002601
2018,29420,11,-0.004456
2018,29460,11,0.009635
2018,29540,11,0.003911
2018,29700,11,0.003395
2018,29740,11,-0.001687
2018,29820,11,0.00553
2018,29940,11,0.009277
2018,30140,11,0.004812
2018,30300,11,-0.006247
2018,30340,11,0.000649
2018,30460,11,0.005959
2018,30620,11,-0.001941
2018,30700,11,0.00443
2018,30780,11,-0.000602
2018,30860,11,0.000123
2018,31020,11,0.004328
2018,31420,11,-0.007598
2018,31700,11,0.001366
2018,31860,11,-4.1e-05
2018,32580,11,0.004094
2018,32780,11,0.001578
2018,32900,11,6e-05
2018,33140,11,-0.002116
2018,33340,11,0.000252
2018,33540,11,0.003569
2018,33700,11,-0.001518
2018,33780,11,0.001005
2018,33860,11,-0.002726
2018,34060,11,-0.009612
2018,34580,11,0.004564
2018,34620,11,-4.7e-05
2018,34740,11,0.001234
2018,34940,11,0.007365
2018,35660,11,-0.000437
2018,35840,11,0.009213
2018,36100,11,0.00237
2018,36220,11,-0.006924
2018,36420,11,0.000591
2018,36500,11,0.012845
2018,36540,11,0.001953
2018,36740,11,0.009879
2018,36780,11,0.002878
2018,36980,11,-0.000109
2018,37100,11,-0.005732
2018,37340,11,0.002647
2018,37860,11,0.002414
2018,38060,11,0.003033
2018,38300,11,-0.002622
2018,38340,11,-0.004523
2018,38860,11,0.003384
2018,38900,11,0.002838
2018,38940,11,0.00161
2018,39300,11,-0.000117
2018,39340,11,0.00999
2018,39380,11,-0.003366
2018,39460,11,0.004881
2018,39540,11,0.002295
2018,39580,11,0.012494
2018,39740,11,0.002469
2018,39820,11,-0.004144
2018,39900,11,0.003702
2018,40140,11,-0.000251
2018,40420,11,-0.001843
2018,40660,11,-0.001981
2018,40900,11,0.000897
2018,40980,11,-0.000982
2018,41060,11,-0.001979
2018,41100,11,0.017474
2018,41140,11,-0.005721
2018,41420,11,0.003981
2018,41500,11,-0.006217
2018,41700,11,0.005004
2018,41740,11,-0.002216
2018,41940,11,-0.004649
2018,42020,11,-0.00504
2018,42100,11,-0.006775
2018,42140,11,-0.006719
2018,42220,11,-0.006719
2018,42340,11,-0.000395
2018,42540,11,-0.000589
2018,42680,11,0.005059
2018,43100,11,0.000442
2018,43620,11,0.013086
2018,43780,11,0.001347
2018,44100,11,-0.004638
2018,44180,11,3.3e-05
2018,44220,11,0.000424
2018,44300,11,0.001134
2018,44700,11,0.001188
2018,45060,11,-0.001761
2018,45220,11,-0.002122
2018,45820,11,-0.005867
2018,45940,11,0.002415
2018,46060,11,-0.003044
2018,46140,11,-0.002392
2018,46340,11,-0.001472
2018,46540,11,-0.001864
2018,46660,11,-0.001922
2018,46700,11,-0.001355
2018,47220,11,-0.004045
2018,47300,11,-0.001821
2018,47940,11,-0.006236
2018,48300,11,0.00053
2018,48540,11,-0.020453
2018,48660,11,-0.002249
2018,48700,11,-0.006318
2018,49020,11,0.00403
2018,49420,11,-0.004853
2018,49620,11,0.003073
2018,49660,11,-0.003302
2018,49740,11,-0.001714
2018,10180,12,-0.005524
2018,10420,12,-5.9e-05
2018,10580,12,0.003131
2018,10740,12,-0.00605
2018,10780,12,-0.007378
2018,10900,12,0.003022
2018,11020,12,-0.001246
2018,11260,12,-0.007064
2018,11460,12,0.003102
2018,11500,12,-0.006161
2018,11540,12,0.005209
2018,11700,12,0.001876
2018,12020,12,0.001926
2018,12100,12,0.000599
2018,12220,12,0.009291
2018,12420,12,0.015425
2018,12540,12,-0.00148
2018,12580,12,-0.006027
2018,12620,12,-0.001308
2018,12700,12,-0.002077
2018,12980,12,-0.000498
2018,13020,12,-0.002057
2018,13380,12,0.00934
2018,13460,12,0.020071
2018,13780,12,-0.003325
2018,14260,12,0.011659
2018,14500,12,-0.004443
2018,14740,12,0.002599
2018,15180,12,-0.002829
2018,15260,12,0.000312
2018,15380,12,0.00078
2018,15500,12,0.004938
2018,15540,12,0.001701
2018,15940,12,-0.002198
2018,15980,12,0.006518
2018,16020,12,-0.008375
2018,16180,12,-0.004976
2018,16220,12,-0.016659
2018,16300,12,-0.001076
2018,16700,12,0.008329
2018,16860,12,-0.002049
2018,16940,12,-0.00463
2018,17020,12,0.000272
2018,17420,12,0.002538
2018,17660,12,0.013695
2018,17780,12,0.010583
2018,17820,12,0.005702
2018,17900,12,0.000732
2018,18020,12,0.002825
2018,18700,12,0.003748
2018,19340,12,-0.000999
2018,19460,12,-0.004601
2018,19500,12,-0.005792
2018,19740,12,0.001809
2018,20020,12,-0.002794
2018,20100,12,0.003407
2018,20220,12,-0.003247
2018,20740,12,0.006331
2018,20940,12,-0.002092
2018,21140,12,0.001805
2018,21300,12,-0.002325
2018,21500,12,-0.003462
2018,21660,12,0.004014
2018,21820,12,-0.011408
2018,22020,12,0.01
2018,22140,12,-0.013425
2018,22380,12,-0.004503
2018,22420,12,-0.003786
2018,22500,12,-0.008046
2018,22520,12,-0.001756
2018,22540,12,0.003448
2018,22660,12,0.006928
2018,23420,12,-0.00038
2018,23460,12,-0.004635
2018,23580,12,0.004047
2018,24020,12,0.000695
2018,24220,12,-0.004607
2018,24300,12,-0.000903
2018,24500,12,-0.008894
2018,24540,12,0.013233
2018,24580,12,0.005999
2018,24660,12,-0.003259
2018,25420,12,0.004501
2018,25500,12,-0.000165
2018,25860,12,-0.006053
2018,25980,12,-0.002182
2018,26300,12,-0.004997
2018,26380,12,-0.00948
2018,26620,12,0.008608
2018,26980,12,0.00966
2018,27060,12,0.000832
2018,27100,12,0.002024
2018,27260,12,0.007566
2018,27340,12,0.001442
2018,27500,12,0.002209
2018,27740,12,-0.002083
2018,27780,12,-0.005372
2018,27860,12,0.005411
2018,27900,12,-0.004836
2018,28100,12,-0.002376
2018,28420,12,0.010799
2018,28660,12,0.00528
2018,28700,12,-0.006838
2018,28740,12,-0.001299
2018,29100,12,0.002418
2018,29340,12,0.002862
2018,29420,12,-0.004463
2018,29460,12,0.010083
2018,29540,12,0.003864
2018,29700,12,0.003066
2018,29740,12,-0.002459
2018,29820,12,0.005399
2018,29940,12,0.00893
2018,30140,12,0.004813
2018,30300,12,-0.005842
2018,30340,12,0.0006
2018,30460,12,0.005957
2018,30620,12,-0.002163
2018,30700,12,0.004596
2018,30780,12,-0.001045
2018,30860,12,-0.000125
2018,31020,12,0.004375
2018,31420,12,-0.008466
2018,31700,12,0.001098
2018,31860,12,-1.5e-05
2018,32580,12,0.003582
2018,32780,12,0.001564
2018,32900,12,-0.000713
2018,33140,12,-0.001813
2018,33340,12,0.000689
2018,33540,12,0.003608
2018,33700,12,-0.002005
2018,33780,12,0.000464
2018,33860,12,-0.002972
2018,34060,12,-0.009098
2018,34580,12,0.004816
2018,34620,12,-0.000586
2018,34740,12,0.001193
2018,34940,12,0.007369
2018,35660,12,-0.000129
2018,35840,12,0.009304
2018,36100,12,0.002588
2018,36220,12,-0.005502
2018,36420,12,0.000521
2018,36500,12,0.012924
2018,36540,12,0.001878
2018,36740,12,0.010413
2018,36780,12,0.003148
2018,36980,12,-0.000137
2018,37100,12,-0.005664
2018,37340,12,0.003005
2018,37860,12,0.002594
2018,38060,12,0.003361
2018,38300,12,-0.002585
2018,38340,12,-0.004621
2018,38860,12,0.003561
2018,38900,12,0.00357
2018,38940,12,0.001835
2018,39300,12,-0.000271
2018,39340,12,0.010284
2018,39380,12,-0.004054
2018,39460,12,0.004736
2018,39540,12,0.002425
2018,39580,12,0.012468
2018,39740,12,0.002437
2018,39820,12,-0.004297
2018,39900,12,0.004077
2018,40140,12,-5.5e-05
2018,40420,12,-0.002154
2018,40660,12,-0.002435
2018,40900,12,0.000808
2018,40980,12,-0.001656
2018,41060,12,-0.002325
2018,41100,12,0.017272
2018,41140,12,-0.006402
2018,41420,12,0.004247
2018,41500,12,-0.006795
2018,41700,12,0.005437
2018,41740,12,-0.002271
2018,41940,12,-0.004273
2018,42020,12,-0.005156
2018,42100,12,-0.006834
2018,42140,12,-0.0073
2018,42220,12,-0.006644
2018,42340,12,-0.00011
2018,42540,12,-0.000819
2018,42680,12,0.005128
2018,43100,12,0.000574
2018,43620,12,0.01338
2018,43780,12,0.001419
2018,44100,12,-0.004296
2018,44180,12,4.3e-05
2018,44220,12,-2.6e-05
2018,44300,12,0.001275
2018,44700,12,0.00074
2018,45060,12,-0.001785
2018,45220,12,-0.001963
2018,45820,12,-0.00597
2018,45940,12,0.001904
2018,46060,12,-0.003234
2018,46140,12,-0.002779
2018,46340,12,-0.001534
2018,46540,12,-0.001654
2018,46660,12,-0.002378
2018,46700,12,-0.001604
2018,47220,12,-0.00421
2018,47300,12,-0.001765
2018,47940,12,-0.006205
2018,48300,12,0.001353
2018,48540,12,-0.019653
2018,48660,12,-0.002816
2018,48700,12,-0.006096
2018,49020,12,0.004095
2018,49420,12,-0.004911
2018,49620,12,0.00291
2018,49660,12,-0.003439
2018,49740,12,-0.002041
2018,10180,13,-0.005282
2018,10420,13,-9.4e-05
2018,10580,13,0.002531
2018,10740,13,-0.005836
2018,10780,13,-0.006943
2018,10900,13,0.003055
2018,11020,13,-0.000642
2018,11260,13,-0.007369
2018,11460,13,0.003353
2018,11500,13,-0.005855
2018,11540,13,0.004872
2018,11700,13,0.001862
2018,12020,13,0.002061
2018,12100,13,4e-05
2018,12220,13,0.008958
2018,12420,13,0.014563
2018,12540,13,-0.001282
2018,12580,13,-0.005899
2018,12620,13,-0.001529
2018,12700,13,-0.001628
2018,12980,13,-5.9e-05
2018,13020,13,-0.001951
2018,13380,13,0.008397
2018,13460,13,0.018498
2018,13780,13,-0.002993
2018,14260,13,0.010676
2018,14500,13,-0.003902
2018,14740,13,0.002649
2018,15180,13,-0.002565
2018,15260,13,0.000852
2018,15380,13,0.000566
2018,15500,13,0.004267
2018,15540,13,0.001341
2018,15940,13,-0.002196
2018,15980,13,0.005939
2018,16020,13,-0.007361
2018,16180,13,-0.004183
2018,16220,13,-0.015105
2018,16300,13,-0.001095
2018,16700,13,0.008061
2018,16860,13,-0.002158
2018,16940,13,-0.004467
2018,17020,13,-4.6e-05
2018,17420,13,0.002352
2018,17660,13,0.012811
2018,17780,13,0.01002
2018,17820,13,0.005413
2018,17900,13,0.000628
2018,18020,13,0.002452
2018,18700,13,0.003477
2018,19340,13,-0.001158
2018,19460,13,-0.004246
2018,19500,13,-0.005883
2018,19740,13,0.001893
2018,20020,13,-0.002477
2018,20100,13,0.002887
2018,20220,13,-0.002875
2018,20740,13,0.005828
2018,20940,13,-0.001732
2018,21140,13,0.001707
2018,21300,13,-0.00178
2018,21500,13,-0.002928
2018,21660,13,0.00359
2018,21820,13,-0.010588
2018,22020,13,0.009351
2018,22140,13,-0.012699
2018,22380,13,-0.003985
2018,22420,13,-0.003537
2018,22500,13,-0.007667
2018,22520,13,-0.001658
2018,22540,13,0.003116
2018,22660,13,0.006635
2018,23420,13,-0.000342
2018,23460,13,-0.004368
2018,23580,13,0.003977
2018,24020,13,0.000622
2018,24220,13,-0.004106
2018,24300,13,-0.000891
2018,24500,13,-0.009305
2018,24540,13,0.012462
2018,24580,13,0.00565
2018,24660,13,-0.00323
2018,25420,13,0.003991
2018,25500,13,-0.000274
2018,25860,13,-0.005458
2018,25980,13,-0.002079
2018,26300,13,-0.004637
2018,26380,13,-0.00906
2018,26620,13,0.007911
2018,26980,13,0.008681
2018,27060,13,0.000972
2018,27100,13,0.002683
2018,27260,13,0.007345
2018,27340,13,0.001707
2018,27500,13,0.002022
2018,27740,13,-0.001652
2018,27780,13,-0.004939
2018,27860,13,0.004838
2018,27900,13,-0.00472
2018,28100,13,-0.002027
2018,28420,13,0.010116
2018,28660,13,0.004859
2018,28700,13,-0.006073
2018,28740,13,-0.001295
2018,29100,13,0.002194
2018,29340,13,0.002583
2018,29420,13,-0.004431
2018,29460,13,0.009605
2018,29540,13,0.004125
2018,29700,13,0.002804
2018,29740,13,-0.002455
2018,29820,13,0.005938
2018,29940,13,0.008123
2018,30140,13,0.004577
2018,30300,13,-0.005274
2018,30340,13,0.000892
2018,30460,13,0.005674
2018,30620,13,-0.001717
2018,30700,13,0.004184
2018,30780,13,-0.001117
2018,30860,13,0.000381
2018,31020,13,0.004208
2018,31420,13,-0.007722
2018,31700,13,0.001175
2018,31860,13,1.5e-05
2018,32580,13,0.003218
2018,32780,13,0.001466
2018,32900,13,-0.000131
2018,33140,13,-0.002013
2018,33340,13,0.000478
2018,33540,13,0.003096
2018,33700,13,-0.000939
2018,33780,13,0.000691
2018,33860,13,-0.002886
2018,34060,13,-0.008486
2018,34580,13,0.004632
2018,34620,13,-8.9e-05
2018,34740,13,0.001682
2018,34940,13,0.007157
2018,35660,13,0.00011
2018,35840,13,0.008937
2018,36100,13,0.002551
2018,36220,13,-0.004414
2018,36420,13,0.000318
2018,36500,13,0.012006
2018,36540,13,0.001885
2018,36740,13,0.010075
2018,36780,13,0.002755
2018,36980,13,5.7e-05
2018,37100,13,-0.005381
2018,37340,13,0.003349
2018,37860,13,0.002511
2018,38060,13,0.003349
2018,38300,13,-0.002403
2018,38340,13,-0.004232
2018,38860,13,0.003404
2018,38900,13,0.003262
2018,38940,13,0.002413
2018,39300,13,-0.000118
2018,39340,13,0.009383
2018,39380,13,-0.003415
2018,39460,13,0.004711
2018,39540,13,0.002282
2018,39580,13,0.011713
2018,39740,13,0.002652
2018,39820,13,-0.004292
2018,39900,13,0.004297
2018,40140,13,0.000274
2018,40420,13,-0.001839
2018,40660,13,-0.002457
2018,40900,13,0.000896
2018,40980,13,-0.001547
2018,41060,13,-0.001534
2018,41100,13,0.015785
2018,41140,13,-0.0054
2018,41420,13,0.004317
2018,41500,13,-0.006207
2018,41700,13,0.005208
2018,41740,13,-0.002199
2018,41940,13,-0.003992
2018,42020,13,-0.004975
2018,42100,13,-0.006401
2018,42140,13,-0.006758
2018,42220,13,-0.00577
2018,42340,13,0.0001
2018,42540,13,-0.00094
2018,42680,13,0.005338
2018,43100,13,0.00082
2018,43620,13,0.012294
2018,43780,13,0.00145
2018,44100,13,-0.004318
2018,44180,13,5.2e-05
2018,44220,13,0.000157
2018,44300,13,0.001562
2018,44700,13,0.001354
2018,45060,13,-0.001807
2018,45220,13,-0.001578
2018,45820,13,-0.005604
2018,45940,13,0.001734
2018,46060,13,-0.002896
2018,46140,13,-0.002633
2018,46340,13,-0.001537
2018,46540,13,-0.001666
2018,46660,13,-0.002522
2018,46700,13,-0.000862
2018,47220,13,-0.003782
2018,47300,13,-0.001813
2018,47940,13,-0.005781
2018,48300,13,0.001083
2018,48540,13,-0.019538
2018,48660,13,-0.002256
2018,48700,13,-0.005921
2018,49020,13,0.003287
2018,49420,13,-0.004991
2018,49620,13,0.003237
2018,49660,13,-0.003359
2018,49740,13,-0.002143
2018,10180,14,-0.006521
2018,10420,14,0.001042
2018,10580,14,0.003551
2018,10740,14,-0.004227
2018,10780,14,-0.007979
2018,10900,14,0.004144
2018,11020,14,-0.003664
2018,11260,14,-0.004705
2018,11460,14,0.002061
2018,11500,14,-0.005309
2018,11540,14,0.005326
2018,11700,14,-0.000961
2018,12020,14,0.003921
2018,12100,14,0.00194
2018,12220,14,0.010078
2018,12420,14,0.011931
2018,12540,14,-0.000695
2018,12580,14,-0.006887
2018,12620,14,-0.000733
2018,12700,14,-0.002984
2018,12980,14,-8.8e-05
2018,13020,14,-0.000178
2018,13380,14,0.00916
2018,13460,14,0.017227
2018,13780,14,-0.004303
2018,14260,14,0.007644
2018,14500,14,-0.005535
2018,14740,14,0.003907
2018,15180,14,-0.001265
2018,15260,14,0.000598
2018,15380,14,-0.000828
2018,15500,14,0.008406
2018,15540,14,0.000385
2018,15940,14,-0.001749
2018,15980,14,0.00828
2018,16020,14,-0.007967
2018,16180,14,-0.007846
2018,16220,14,-0.017985
2018,16300,14,0.000959
2018,16700,14,0.005622
2018,16860,14,-0.002229
2018,16940,14,-0.004417
2018,17020,14,0.001282
2018,17420,14,0.002427
2018,17660,14,0.010671
2018,17780,14,0.00981
2018,17820,14,0.007044
2018,17900,14,0.002585
2018,18020,14,0.003209
2018,18700,14,0.00302
2018,19340,14,-0.001642
2018,19460,14,-0.004744
2018,19500,14,-0.003847
2018,19740,14,-0.000142
2018,20020,14,-0.002834
2018,20100,14,0.004078
2018,20220,14,-0.004491
2018,20740,14,0.004439
2018,20940,14,-0.001901
2018,21140,14,0.002127
2018,21300,14,-0.004139
2018,21500,14,-0.002849
2018,21660,14,0.004184
2018,21820,14,-0.008691
2018,22020,14,0.008055
2018,22140,14,-0.010909
2018,22380,14,-0.006395
2018,22420,14,-0.003824
2018,22500,14,-0.007289
2018,22520,14,-0.003974
2018,22540,14,0.004853
2018,22660,14,0.005838
2018,23420,14,-0.000435
2018,23460,14,-0.004211
2018,23580,14,0.00477
2018,24020,14,-0.000882
2018,24220,14,-0.008755
2018,24300,14,-0.0005
2018,24500,14,-0.008101
2018,24540,14,0.015654
2018,24580,14,0.00642
2018,24660,14,-0.00115
2018,25420,14,0.00658
2018,25500,14,-0.000671
2018,25860,14,-0.004693
2018,25980,14,-0.005005
2018,26300,14,-0.003534
2018,26380,14,-0.009288
2018,26620,14,0.00916
2018,26980,14,0.009444
2018,27060,14,-0.00146
2018,27100,14,-0.000875
2018,27260,14,0.006165
2018,27340,14,0.001405
2018,27500,14,0.001802
2018,27740,14,-0.003198
2018,27780,14,-0.005041
2018,27860,14,0.007617
2018,27900,14,-0.001549
2018,28100,14,-0.002327
2018,28420,14,0.01189
2018,28660,14,0.007324
2018,28700,14,-0.008779
2018,28740,14,0.000324
2018,29100,14,0.000277
2018,29340,14,0.001662
2018,29420,14,-0.005001
2018,29460,14,0.009243
2018,29540,14,0.003152
2018,29700,14,0.004224
2018,29740,14,0.000668
2018,29820,14,0.004953
2018,29940,14,0.009635
2018,30140,14,0.006432
2018,30300,14,-0.007363
2018,30340,14,1.6e-05
2018,30460,14,0.006145
2018,30620,14,-0.002576
2018,30700,14,0.004371
2018,30780,14,0.000184
2018,30860,14,0.001875
2018,31020,14,0.005542
2018,31420,14,-0.006994
2018,31700,14,0.002034
2018,31860,14,-1.4e-05
2018,32580,14,0.006068
2018,32780,14,0.001612
2018,32900,14,-0.000578
2018,33140,14,-0.002344
2018,33340,14,0.000339
2018,33540,14,0.003719
2018,33700,14,-0.002088
2018,33780,14,0.000521
2018,33860,14,-0.001243
2018,34060,14,-0.010159
2018,34580,14,0.004968
2018,34620,14,-0.00137
2018,34740,14,-0.000361
2018,34940,14,0.006807
2018,35660,14,-0.002231
2018,35840,14,0.007705
2018,36100,14,0.002697
2018,36220,14,-0.009832
2018,36420,14,0.001551
2018,36500,14,0.012868
2018,36540,14,0.00235
2018,36740,14,0.007773
2018,36780,14,0.003387
2018,36980,14,-0.001068
2018,37100,14,-0.005364
2018,37340,14,0.00065
2018,37860,14,0.001137
2018,38060,14,0.002333
2018,38300,14,-0.003822
2018,38340,14,-0.004777
2018,38860,14,0.002834
2018,38900,14,0.000983
2018,38940,14,0.001023
2018,39300,14,0.00056
2018,39340,14,0.01012
2018,39380,14,-0.000815
2018,39460,14,0.006293
2018,39540,14,0.003145
2018,39580,14,0.01189
2018,39740,14,0.002233
2018,39820,14,-0.004164
2018,39900,14,0.001303
2018,40140,14,-0.000584
2018,40420,14,9.8e-05
2018,40660,14,-0.000746
2018,40900,14,0.000886
2018,40980,14,-0.000592
2018,41060,14,-0.001489
2018,41100,14,0.017709
2018,41140,14,-0.005513
2018,41420,14,0.004121
2018,41500,14,-0.004818
2018,41700,14,0.005353
2018,41740,14,-0.002283
2018,41940,14,-0.005568
2018,42020,14,-0.004665
2018,42100,14,-0.006874
2018,42140,14,-0.004153
2018,42220,14,-0.008724
2018,42340,14,-5.2e-05
2018,42540,14,0.000557
2018,42680,14,0.004267
2018,43100,14,0.000399
2018,43620,14,0.010949
2018,43780,14,0.001482
2018,44100,14,-0.004182
2018,44180,14,0.000748
2018,44220,14,0.000108
2018,44300,14,0.001031
2018,44700,14,0.001635
2018,45060,14,-0.001621
2018,45220,14,-0.002759
2018,45820,14,-0.005167
2018,45940,14,0.004633
2018,46060,14,-0.002796
2018,46140,14,-0.000929
2018,46340,14,0.000838
2018,46540,14,-0.00213
2018,46660,14,-1.9e-05
2018,46700,14,-0.001274
2018,47220,14,-0.003813
2018,47300,14,-0.002234
2018,47940,14,-0.00669
2018,48300,14,0.000301
2018,48540,14,-0.017507
2018,48660,14,-0.003744
2018,48700,14,-0.005398
2018,49020,14,0.003768
2018,49420,14,-0.002826
2018,49620,14,0.003146
2018,49660,14,-0.003216
2018,49740,14,-0.000374
2018,10180,15,-0.005846
2018,10420,15,0.000418
2018,10580,15,0.00294
2018,10740,15,-0.005447
2018,10780,15,-0.007497
2018,10900,15,0.003499
2018,11020,15,-0.001685
2018,11260,15,-0.006452
2018,11460,15,0.003018
2018,11500,15,-0.005776
2018,11540,15,0.004937
2018,11700,15,0.000724
2018,12020,15,0.002704
2018,12100,15,0.000924
2018,12220,15,0.009535
2018,12420,15,0.014251
2018,12540,15,-0.000553
2018,12580,15,-0.00629
2018,12620,15,-0.001093
2018,12700,15,-0.002207
2018,12980,15,-5.7e-05
2018,13020,15,-0.001376
2018,13380,15,0.008102
2018,13460,15,0.018856
2018,13780,15,-0.003653
2018,14260,15,0.009689
2018,14500,15,-0.004756
2018,14740,15,0.002497
2018,15180,15,-0.002342
2018,15260,15,0.000819
2018,15380,15,-0.000162
2018,15500,15,0.006005
2018,15540,15,0.001154
2018,15940,15,-0.002036
2018,15980,15,0.007133
2018,16020,15,-0.007444
2018,16180,15,-0.005245
2018,16220,15,-0.015947
2018,16300,15,-0.000511
2018,16700,15,0.007207
2018,16860,15,-0.002615
2018,16940,15,-0.004677
2018,17020,15,0.000369
2018,17420,15,0.002252
2018,17660,15,0.01208
2018,17780,15,0.010272
2018,17820,15,0.005671
2018,17900,15,0.001228
2018,18020,15,0.002667
2018,18700,15,0.003086
2018,19340,15,-0.00116
2018,19460,15,-0.004932
2018,19500,15,-0.005075
2018,19740,15,0.001105
2018,20020,15,-0.002476
2018,20100,15,0.003796
2018,20220,15,-0.003535
2018,20740,15,0.005293
2018,20940,15,-0.00145
2018,21140,15,0.001813
2018,21300,15,-0.002719
2018,21500,15,-0.002546
2018,21660,15,0.003532
2018,21820,15,-0.010667
2018,22020,15,0.00961
2018,22140,15,-0.011866
2018,22380,15,-0.005128
2018,22420,15,-0.003761
2018,22500,15,-0.007614
2018,22520,15,-0.002368
2018,22540,15,0.0037
2018,22660,15,0.006264
2018,23420,15,-0.000434
2018,23460,15,-0.004201
2018,23580,15,0.004433
2018,24020,15,-0.000336
2018,24220,15,-0.005423
2018,24300,15,-0.000845
2018,24500,15,-0.009285
2018,24540,15,0.013903
2018,24580,15,0.0059
2018,24660,15,-0.002652
2018,25420,15,0.005059
2018,25500,15,-0.000509
2018,25860,15,-0.005439
2018,25980,15,-0.003775
2018,26300,15,-0.004787
2018,26380,15,-0.009183
2018,26620,15,0.008722
2018,26980,15,0.009211
2018,27060,15,0.000108
2018,27100,15,0.001335
2018,27260,15,0.007066
2018,27340,15,0.0018
2018,27500,15,0.001707
2018,27740,15,-0.0024
2018,27780,15,-0.005009
2018,27860,15,0.005816
2018,27900,15,-0.003713
2018,28100,15,-0.001901
2018,28420,15,0.010414
2018,28660,15,0.005783
2018,28700,15,-0.007028
2018,28740,15,-0.001198
2018,29100,15,0.001515
2018,29340,15,0.002572
2018,29420,15,-0.004865
2018,29460,15,0.009656
2018,29540,15,0.003837
2018,29700,15,0.003559
2018,29740,15,-0.001252
2018,29820,15,0.006207
2018,29940,15,0.008753
2018,30140,15,0.005148
2018,30300,15,-0.006257
2018,30340,15,0.00044
2018,30460,15,0.005774
2018,30620,15,-0.002012
2018,30700,15,0.003903
2018,30780,15,-0.000722
2018,30860,15,0.000425
2018,31020,15,0.004454
2018,31420,15,-0.007536
2018,31700,15,0.001448
2018,31860,15,-0.000238
2018,32580,15,0.004351
2018,32780,15,0.001441
2018,32900,15,0.000146
2018,33140,15,-0.001846
2018,33340,15,0.000341
2018,33540,15,0.003204
2018,33700,15,-0.000708
2018,33780,15,0.000879
2018,33860,15,-0.002173
2018,34060,15,-0.009077
2018,34580,15,0.004373
2018,34620,15,-0.000403
2018,34740,15,0.000714
2018,34940,15,0.008071
2018,35660,15,-0.000679
2018,35840,15,0.009073
2018,36100,15,0.002443
2018,36220,15,-0.005898
2018,36420,15,0.000689
2018,36500,15,0.012102
2018,36540,15,0.001772
2018,36740,15,0.00949
2018,36780,15,0.002784
2018,36980,15,-0.000405
2018,37100,15,-0.00529
2018,37340,15,0.002251
2018,37860,15,0.001737
2018,38060,15,0.003423
2018,38300,15,-0.002959
2018,38340,15,-0.00426
2018,38860,15,0.003105
2018,38900,15,0.002485
2018,38940,15,0.00195
2018,39300,15,-2.9e-05
2018,39340,15,0.009784
2018,39380,15,-0.00313
2018,39460,15,0.00539
2018,39540,15,0.002633
2018,39580,15,0.011919
2018,39740,15,0.002473
2018,39820,15,-0.004161
2018,39900,15,0.003893
2018,40140,15,0.000372
2018,40420,15,-0.00135
2018,40660,15,-0.002068
2018,40900,15,0.00103
2018,40980,15,-0.001038
2018,41060,15,-0.001724
2018,41100,15,0.017221
2018,41140,15,-0.005086
2018,41420,15,0.003797
2018,41500,15,-0.005594
2018,41700,15,0.005288
2018,41740,15,-0.002297
2018,41940,15,-0.004079
2018,42020,15,-0.004825
2018,42100,15,-0.006595
2018,42140,15,-0.00593
2018,42220,15,-0.006715
2018,42340,15,5.8e-05
2018,42540,15,-0.000368
2018,42680,15,0.004655
2018,43100,15,0.000459
2018,43620,15,0.011959
2018,43780,15,0.00154
2018,44100,15,-0.004032
2018,44180,15,5.1e-05
2018,44220,15,0.000307
2018,44300,15,0.001546
2018,44700,15,0.001975
2018,45060,15,-0.001932
2018,45220,15,-0.002095
2018,45820,15,-0.005815
2018,45940,15,0.003157
2018,46060,15,-0.003103
2018,46140,15,-0.002276
2018,46340,15,-0.000895
2018,46540,15,-0.001752
2018,46660,15,-0.001216
2018,46700,15,-0.000487
2018,47220,15,-0.004107
2018,47300,15,-0.001894
2018,47940,15,-0.006089
2018,48300,15,0.000247
2018,48540,15,-0.019291
2018,48660,15,-0.002747
2018,48700,15,-0.005392
2018,49020,15,0.003805
2018,49420,15,-0.005047
2018,49620,15,0.003213
2018,49660,15,-0.003306
2018,49740,15,-0.001383
2018,10180,16,-0.006082
2018,10420,16,0.00046
2018,10580,16,0.002974
2018,10740,16,-0.00545
2018,10780,16,-0.007523
2018,10900,16,0.003521
2018,11020,16,-0.001732
2018,11260,16,-0.006714
2018,11460,16,0.002921
2018,11500,16,-0.005803
2018,11540,16,0.004987
2018,11700,16,0.000461
2018,12020,16,0.002731
2018,12100,16,0.001141
2018,12220,16,0.009581
2018,12420,16,0.014057
2018,12540,16,-0.000865
2018,12580,16,-0.006555
2018,12620,16,-0.001065
2018,12700,16,-0.002167
2018,12980,16,6e-06
2018,13020,16,-0.001056
2018,13380,16,0.008416
2018,13460,16,0.019009
2018,13780,16,-0.003784
2018,14260,16,0.010125
2018,14500,16,-0.005051
2018,14740,16,0.002332
2018,15180,16,-0.002137
2018,15260,16,0.000516
2018,15380,16,3.4e-05
2018,15500,16,0.006573
2018,15540,16,0.000984
2018,15940,16,-0.00201
2018,15980,16,0.007278
2018,16020,16,-0.007835
2018,16180,16,-0.005434
2018,16220,16,-0.017375
2018,16300,16,-0.000367
2018,16700,16,0.006987
2018,16860,16,-0.002433
2018,16940,16,-0.004834
2018,17020,16,0.000712
2018,17420,16,0.002374
2018,17660,16,0.012356
2018,17780,16,0.010177
2018,17820,16,0.006094
2018,17900,16,0.001321
2018,18020,16,0.002399
2018,18700,16,0.003192
2018,19340,16,-0.001409
2018,19460,16,-0.004922
2018,19500,16,-0.005272
2018,19740,16,0.001081
2018,20020,16,-0.002641
2018,20100,16,0.003822
2018,20220,16,-0.003619
2018,20740,16,0.005283
2018,20940,16,-0.00134
2018,21140,16,0.001702
2018,21300,16,-0.002779
2018,21500,16,-0.00273
2018,21660,16,0.003677
2018,21820,16,-0.01105
2018,22020,16,0.00919
2018,22140,16,-0.012369
2018,22380,16,-0.005569
2018,22420,16,-0.003494
2018,22500,16,-0.007553
2018,22520,16,-0.002409
2018,22540,16,0.003738
2018,22660,16,0.006425
2018,23420,16,-0.000279
2018,23460,16,-0.004305
2018,23580,16,0.004342
2018,24020,16,-0.000368
2018,24220,16,-0.006322
2018,24300,16,-0.000879
2018,24500,16,-0.009117
2018,24540,16,0.014381
2018,24580,16,0.006044
2018,24660,16,-0.002414
2018,25420,16,0.005166
2018,25500,16,-0.000685
2018,25860,16,-0.005329
2018,25980,16,-0.003567
2018,26300,16,-0.004687
2018,26380,16,-0.009654
2018,26620,16,0.008868
2018,26980,16,0.009512
2018,27060,16,-0.000218
2018,27100,16,0.001566
2018,27260,16,0.007007
2018,27340,16,0.001678
2018,27500,16,0.001789
2018,27740,16,-0.002607
2018,27780,16,-0.004996
2018,27860,16,0.006376
2018,27900,16,-0.003726
2018,28100,16,-0.0023
2018,28420,16,0.011056
2018,28660,16,0.006215
2018,28700,16,-0.00723
2018,28740,16,-0.001033
2018,29100,16,0.001328
2018,29340,16,0.002447
2018,29420,16,-0.004555
2018,29460,16,0.009752
2018,29540,16,0.003744
2018,29700,16,0.003664
2018,29740,16,-0.001072
2018,29820,16,0.005896
2018,29940,16,0.00909
2018,30140,16,0.005186
2018,30300,16,-0.006551
2018,30340,16,0.000427
2018,30460,16,0.00588
2018,30620,16,-0.00213
2018,30700,16,0.004202
2018,30780,16,-0.000403
2018,30860,16,0.000368
2018,31020,16,0.004629
2018,31420,16,-0.007438
2018,31700,16,0.001563
2018,31860,16,-2.1e-05
2018,32580,16,0.004639
2018,32780,16,0.001522
2018,32900,16,0.000448
2018,33140,16,-0.00196
2018,33340,16,0.000193
2018,33540,16,0.003304
2018,33700,16,-0.001054
2018,33780,16,0.001121
2018,33860,16,-0.002233
2018,34060,16,-0.009718
2018,34580,16,0.004475
2018,34620,16,-0.000416
2018,34740,16,0.000776
2018,34940,16,0.007663
2018,35660,16,-0.000805
2018,35840,16,0.008989
2018,36100,16,0.00255
2018,36220,16,-0.007552
2018,36420,16,0.000741
2018,36500,16,0.01254
2018,36540,16,0.001928
2018,36740,16,0.009351
2018,36780,16,0.002924
2018,36980,16,-0.000428
2018,37100,16,-0.005504
2018,37340,16,0.002282
2018,37860,16,0.001898
2018,38060,16,0.003152
2018,38300,16,-0.002926
2018,38340,16,-0.004519
2018,38860,16,0.003164
2018,38900,16,0.002207
2018,38940,16,0.001744
2018,39300,16,5.3e-05
2018,39340,16,0.009971
2018,39380,16,-0.002896
2018,39460,16,0.005389
2018,39540,16,0.002618
2018,39580,16,0.012109
2018,39740,16,0.002454
2018,39820,16,-0.003979
2018,39900,16,0.003609
2018,40140,16,2.2e-05
2018,40420,16,-0.001444
2018,40660,16,-0.001615
2018,40900,16,0.001062
2018,40980,16,-0.000725
2018,41060,16,-0.001784
2018,41100,16,0.017895
2018,41140,16,-0.005381
2018,41420,16,0.003791
2018,41500,16,-0.00561
2018,41700,16,0.005208
2018,41740,16,-0.002318
2018,41940,16,-0.004667
2018,42020,16,-0.004915
2018,42100,16,-0.00676
2018,42140,16,-0.005986
2018,42220,16,-0.007092
2018,42340,16,-0.000373
2018,42540,16,-0.0002
2018,42680,16,0.004783
2018,43100,16,0.000334
2018,43620,16,0.012345
2018,43780,16,0.00141
2018,44100,16,-0.004454
2018,44180,16,0.000209
2018,44220,16,0.000429
2018,44300,16,0.001164
2018,44700,16,0.001817
2018,45060,16,-0.001817
2018,45220,16,-0.002205
2018,45820,16,-0.005719
2018,45940,16,0.003204
2018,46060,16,-0.002977
2018,46140,16,-0.002168
2018,46340,16,-0.000836
2018,46540,16,-0.001795
2018,46660,16,-0.001257
2018,46700,16,-0.000802
2018,47220,16,-0.004162
2018,47300,16,-0.001837
2018,47940,16,-0.006278
2018,48300,16,2.7e-05
2018,48540,16,-0.019595
2018,48660,16,-0.002427
2018,48700,16,-0.005803
2018,49020,16,0.004187
2018,49420,16,-0.004806
2018,49620,16,0.003106
2018,49660,16,-0.003229
2018,49740,16,-0.001269
2018,10180,17,-0.005858
2018,10420,17,5.6e-05
2018,10580,17,0.002857
2018,10740,17,-0.005774
2018,10780,17,-0.007237
2018,10900,17,0.003006
2018,11020,17,-0.001115
2018,11260,17,-0.00686
2018,11460,17,0.002949
2018,11500,17,-0.005993
2018,11540,17,0.004945
2018,11700,17,0.001385
2018,12020,17,0.001872
2018,12100,17,0.000898
2018,12220,17,0.009322
2018,12420,17,0.014719
2018,12540,17,-0.001293
2018,12580,17,-0.006232
2018,12620,17,-0.001474
2018,12700,17,-0.001895
2018,12980,17,-0.000125
2018,13020,17,-0.001613
2018,13380,17,0.00855
2018,13460,17,0.019407
2018,13780,17,-0.003382
2018,14260,17,0.010871
2018,14500,17,-0.004164
2018,14740,17,0.002598
2018,15180,17,-0.00254
2018,15260,17,0.00053
2018,15380,17,0.000432
2018,15500,17,0.005211
2018,15540,17,0.001338
2018,15940,17,-0.002032
2018,15980,17,0.006659
2018,16020,17,-0.007954
2018,16180,17,-0.00509
2018,16220,17,-0.01611
2018,16300,17,-0.001016
2018,16700,17,0.008004
2018,16860,17,-0.002225
2018,16940,17,-0.004398
2018,17020,17,0.000257
2018,17420,17,0.002356
2018,17660,17,0.012938
2018,17780,17,0.010785
2018,17820,17,0.005971
2018,17900,17,0.001108
2018,18020,17,0.002727
2018,18700,17,0.00314
2018,19340,17,-0.001251
2018,19460,17,-0.004608
2018,19500,17,-0.005637
2018,19740,17,0.001894
2018,20020,17,-0.002639
2018,20100,17,0.003566
2018,20220,17,-0.003348
2018,20740,17,0.00591
2018,20940,17,-0.001812
2018,21140,17,0.001653
2018,21300,17,-0.002197
2018,21500,17,-0.002878
2018,21660,17,0.003586
2018,21820,17,-0.010624
2018,22020,17,0.00974
2018,22140,17,-0.012801
2018,22380,17,-0.004625
2018,22420,17,-0.003535
2018,22500,17,-0.007737
2018,22520,17,-0.002018
2018,22540,17,0.003501
2018,22660,17,0.007229
2018,23420,17,-0.000265
2018,23460,17,-0.004568
2018,23580,17,0.004189
2018,24020,17,0.000331
2018,24220,17,-0.005277
2018,24300,17,-0.00102
2018,24500,17,-0.009218
2018,24540,17,0.013209
2018,24580,17,0.00589
2018,24660,17,-0.002841
2018,25420,17,0.004522
2018,25500,17,-0.000362
2018,25860,17,-0.005808
2018,25980,17,-0.002729
2018,26300,17,-0.005059
2018,26380,17,-0.009387
2018,26620,17,0.00862
2018,26980,17,0.009566
2018,27060,17,0.000311
2018,27100,17,0.002118
2018,27260,17,0.007397
2018,27340,17,0.001609
2018,27500,17,0.001806
2018,27740,17,-0.002267
2018,27780,17,-0.00494
2018,27860,17,0.005937
2018,27900,17,-0.004733
2018,28100,17,-0.002295
2018,28420,17,0.010799
2018,28660,17,0.005397
2018,28700,17,-0.006924
2018,28740,17,-0.001288
2018,29100,17,0.001852
2018,29340,17,0.002763
2018,29420,17,-0.004522
2018,29460,17,0.009428
2018,29540,17,0.003712
2018,29700,17,0.003415
2018,29740,17,-0.001949
2018,29820,17,0.005635
2018,29940,17,0.009389
2018,30140,17,0.004674
2018,30300,17,-0.006337
2018,30340,17,0.00061
2018,30460,17,0.005979
2018,30620,17,-0.001941
2018,30700,17,0.004493
2018,30780,17,-0.000843
2018,30860,17,-0.000124
2018,31020,17,0.004033
2018,31420,17,-0.007789
2018,31700,17,0.001338
2018,31860,17,-0.000216
2018,32580,17,0.003906
2018,32780,17,0.001546
2018,32900,17,-0.000286
2018,33140,17,-0.002034
2018,33340,17,0.000489
2018,33540,17,0.003636
2018,33700,17,-0.001567
2018,33780,17,0.000737
2018,33860,17,-0.002672
2018,34060,17,-0.009425
2018,34580,17,0.004458
2018,34620,17,-0.000212
2018,34740,17,0.001161
2018,34940,17,0.007655
2018,35660,17,-0.000435
2018,35840,17,0.009404
2018,36100,17,0.002293
2018,36220,17,-0.005971
2018,36420,17,0.000627
2018,36500,17,0.012594
2018,36540,17,0.001926
2018,36740,17,0.010066
2018,36780,17,0.002852
2018,36980,17,-3e-05
2018,37100,17,-0.005565
2018,37340,17,0.002615
2018,37860,17,0.002447
2018,38060,17,0.003158
2018,38300,17,-0.002569
2018,38340,17,-0.004451
2018,38860,17,0.003413
2018,38900,17,0.00318
2018,38940,17,0.001704
2018,39300,17,-8.4e-05
2018,39340,17,0.009869
2018,39380,17,-0.003531
2018,39460,17,0.004844
2018,39540,17,0.002229
2018,39580,17,0.012407
2018,39740,17,0.002306
2018,39820,17,-0.004303
2018,39900,17,0.004025
2018,40140,17,-0.000126
2018,40420,17,-0.001738
2018,40660,17,-0.002303
2018,40900,17,0.000914
2018,40980,17,-0.001207
2018,41060,17,-0.002205
2018,41100,17,0.016658
2018,41140,17,-0.005864
2018,41420,17,0.003887
2018,41500,17,-0.006125
2018,41700,17,0.004913
2018,41740,17,-0.002083
2018,41940,17,-0.004238
2018,42020,17,-0.004942
2018,42100,17,-0.006629
2018,42140,17,-0.00686
2018,42220,17,-0.0064
2018,42340,17,-0.000118
2018,42540,17,-0.00076
2018,42680,17,0.005054
2018,43100,17,0.00044
2018,43620,17,0.01311
2018,43780,17,0.001336
2018,44100,17,-0.004346
2018,44180,17,-6.9e-05
2018,44220,17,0.000227
2018,44300,17,0.001179
2018,44700,17,0.001156
2018,45060,17,-0.001704
2018,45220,17,-0.002137
2018,45820,17,-0.005871
2018,45940,17,0.002303
2018,46060,17,-0.003169
2018,46140,17,-0.002348
2018,46340,17,-0.001598
2018,46540,17,-0.001876
2018,46660,17,-0.002063
2018,46700,17,-0.001243
2018,47220,17,-0.00384
2018,47300,17,-0.00178
2018,47940,17,-0.006206
2018,48300,17,0.000819
2018,48540,17,-0.019797
2018,48660,17,-0.002745
2018,48700,17,-0.006015
2018,49020,17,0.003793
2018,49420,17,-0.004836
2018,49620,17,0.002935
2018,49660,17,-0.00327
2018,49740,17,-0.001818
2018,10180,18,-0.005509
2018,10420,18,0.000223
2018,10580,18,0.002855
2018,10740,18,-0.005701
2018,10780,18,-0.007264
2018,10900,18,0.003368
2018,11020,18,-0.001242
2018,11260,18,-0.007021
2018,11460,18,0.003287
2018,11500,18,-0.005824
2018,11540,18,0.004996
2018,11700,18,0.001255
2018,12020,18,0.002526
2018,12100,18,0.000495
2018,12220,18,0.009278
2018,12420,18,0.014573
2018,12540,18,-0.000952
2018,12580,18,-0.006113
2018,12620,18,-0.001177
2018,12700,18,-0.00195
2018,12980,18,-0.000101
2018,13020,18,-0.001627
2018,13380,18,0.008466
2018,13460,18,0.018961
2018,13780,18,-0.003393
2018,14260,18,0.010511
2018,14500,18,-0.004558
2018,14740,18,0.002406
2018,15180,18,-0.002447
2018,15260,18,0.000656
2018,15380,18,0.000352
2018,15500,18,0.005395
2018,15540,18,0.001311
2018,15940,18,-0.002111
2018,15980,18,0.00676
2018,16020,18,-0.007571
2018,16180,18,-0.004693
2018,16220,18,-0.016223
2018,16300,18,-0.000689
2018,16700,18,0.007565
2018,16860,18,-0.002319
2018,16940,18,-0.004721
2018,17020,18,0.000329
2018,17420,18,0.002408
2018,17660,18,0.012666
2018,17780,18,0.010013
2018,17820,18,0.005563
2018,17900,18,0.00085
2018,18020,18,0.002494
2018,18700,18,0.003484
2018,19340,18,-0.001122
2018,19460,18,-0.004651
2018,19500,18,-0.005521
2018,19740,18,0.001437
2018,20020,18,-0.002528
2018,20100,18,0.00336
2018,20220,18,-0.003199
2018,20740,18,0.005606
2018,20940,18,-0.001495
2018,21140,18,0.001815
2018,21300,18,-0.002356
2018,21500,18,-0.002872
2018,21660,18,0.003716
2018,21820,18,-0.011071
2018,22020,18,0.009449
2018,22140,18,-0.012534
2018,22380,18,-0.004747
2018,22420,18,-0.003567
2018,22500,18,-0.007659
2018,22520,18,-0.001937
2018,22540,18,0.003401
2018,22660,18,0.006333
2018,23420,18,-0.000351
2018,23460,18,-0.004256
2018,23580,18,0.004178
2018,24020,18,0.000111
2018,24220,18,-0.004851
2018,24300,18,-0.000836
2018,24500,18,-0.009146
2018,24540,18,0.013532
2018,24580,18,0.005862
2018,24660,18,-0.002936
2018,25420,18,0.004651
2018,25500,18,-0.000425
2018,25860,18,-0.005427
2018,25980,18,-0.002927
2018,26300,18,-0.004665
2018,26380,18,-0.009276
2018,26620,18,0.008397
2018,26980,18,0.00907
2018,27060,18,0.00058
2018,27100,18,0.00202
2018,27260,18,0.007216
2018,27340,18,0.001612
2018,27500,18,0.002003
2018,27740,18,-0.00205
2018,27780,18,-0.005082
2018,27860,18,0.005379
2018,27900,18,-0.004116
2018,28100,18,-0.002091
2018,28420,18,0.010398
2018,28660,18,0.005503
2018,28700,18,-0.006582
2018,28740,18,-0.001219
2018,29100,18,0.001933
2018,29340,18,0.002579
2018,29420,18,-0.00449
2018,29460,18,0.009935
2018,29540,18,0.004037
2018,29700,18,0.003153
2018,29740,18,-0.001886
2018,29820,18,0.006035
2018,29940,18,0.008341
2018,30140,18,0.00497
2018,30300,18,-0.005728
2018,30340,18,0.000633
2018,30460,18,0.005742
2018,30620,18,-0.001971
2018,30700,18,0.004107
2018,30780,18,-0.000823
2018,30860,18,0.000409
2018,31020,18,0.004514
2018,31420,18,-0.00774
2018,31700,18,0.001324
2018,31860,18,5.2e-05
2018,32580,18,0.00387
2018,32780,18,0.001501
2018,32900,18,0.000172
2018,33140,18,-0.001831
2018,33340,18,0.000396
2018,33540,18,0.003116
2018,33700,18,-0.000866
2018,33780,18,0.000906
2018,33860,18,-0.00255
2018,34060,18,-0.008831
2018,34580,18,0.004574
2018,34620,18,-0.000342
2018,34740,18,0.001215
2018,34940,18,0.007567
2018,35660,18,-0.000246
2018,35840,18,0.009018
2018,36100,18,0.002651
2018,36220,18,-0.005629
2018,36420,18,0.000535
2018,36500,18,0.012165
2018,36540,18,0.001856
2018,36740,18,0.009815
2018,36780,18,0.002885
2018,36980,18,-0.000208
2018,37100,18,-0.005374
2018,37340,18,0.002959
2018,37860,18,0.002137
2018,38060,18,0.003461
2018,38300,18,-0.002643
2018,38340,18,-0.004345
2018,38860,18,0.003296
2018,38900,18,0.002832
2018,38940,18,0.002261
2018,39300,18,-7.8e-05
2018,39340,18,0.009804
2018,39380,18,-0.003337
2018,39460,18,0.005178
2018,39540,18,0.002557
2018,39580,18,0.01185
2018,39740,18,0.002626
2018,39820,18,-0.004091
2018,39900,18,0.004096
2018,40140,18,0.000326
2018,40420,18,-0.001756
2018,40660,18,-0.002088
2018,40900,18,0.001015
2018,40980,18,-0.001224
2018,41060,18,-0.001612
2018,41100,18,0.017106
2018,41140,18,-0.005366
2018,41420,18,0.004107
2018,41500,18,-0.005953
2018,41700,18,0.005454
2018,41740,18,-0.0023
2018,41940,18,-0.004155
2018,42020,18,-0.00492
2018,42100,18,-0.00654
2018,42140,18,-0.006392
2018,42220,18,-0.006422
2018,42340,18,-5.8e-05
2018,42540,18,-0.000528
2018,42680,18,0.005053
2018,43100,18,0.000617
2018,43620,18,0.012222
2018,43780,18,0.001523
2018,44100,18,-0.004232
2018,44180,18,0.000162
2018,44220,18,0.000245
2018,44300,18,0.001542
2018,44700,18,0.001673
2018,45060,18,-0.001851
2018,45220,18,-0.001831
2018,45820,18,-0.005699
2018,45940,18,0.002492
2018,46060,18,-0.002963
2018,46140,18,-0.002517
2018,46340,18,-0.001065
2018,46540,18,-0.001596
2018,46660,18,-0.001854
2018,46700,18,-0.000715
2018,47220,18,-0.004136
2018,47300,18,-0.001803
2018,47940,18,-0.005946
2018,48300,18,0.000601
2018,48540,18,-0.019384
2018,48660,18,-0.002372
2018,48700,18,-0.005694
2018,49020,18,0.003844
2018,49420,18,-0.005051
2018,49620,18,0.003219
2018,49660,18,-0.003319
2018,49740,18,-0.001712
2018,10180,19,-0.006298
2018,10420,19,0.000412
2018,10580,19,0.003309
2018,10740,19,-0.005289
2018,10780,19,-0.007535
2018,10900,19,0.003194
2018,11020,19,-0.002225
2018,11260,19,-0.006033
2018,11460,19,0.002353
2018,11500,19,-0.005785
2018,11540,19,0.005071
2018,11700,19,0.000463
2018,12020,19,0.002244
2018,12100,19,0.00181
2018,12220,19,0.009561
2018,12420,19,0.013785
2018,12540,19,-0.001392
2018,12580,19,-0.006626
2018,12620,19,-0.001178
2018,12700,19,-0.00235
2018,12980,19,-0.000242
2018,13020,19,-0.000891
2018,13380,19,0.00901
2018,13460,19,0.019156
2018,13780,19,-0.003844
2018,14260,19,0.010306
2018,14500,19,-0.004653
2018,14740,19,0.002905
2018,15180,19,-0.002054
2018,15260,19,0.000167
2018,15380,19,0.000271
2018,15500,19,0.00669
2018,15540,19,0.000994
2018,15940,19,-0.001792
2018,15980,19,0.00747
2018,16020,19,-0.008563
2018,16180,19,-0.006249
2018,16220,19,-0.017812
2018,16300,19,-0.000367
2018,16700,19,0.007164
2018,16860,19,-0.002032
2018,16940,19,-0.004391
2018,17020,19,0.000883
2018,17420,19,0.002462
2018,17660,19,0.012428
2018,17780,19,0.010756
2018,17820,19,0.006712
2018,17900,19,0.001755
2018,18020,19,0.002885
2018,18700,19,0.002875
2018,19340,19,-0.001529
2018,19460,19,-0.004626
2018,19500,19,-0.004992
2018,19740,19,0.001388
2018,20020,19,-0.002908
2018,20100,19,0.003944
2018,20220,19,-0.003954
2018,20740,19,0.005568
2018,20940,19,-0.001947
2018,21140,19,0.001707
2018,21300,19,-0.003048
2018,21500,19,-0.00307
2018,21660,19,0.00379
2018,21820,19,-0.010264
2018,22020,19,0.009153
2018,22140,19,-0.012602
2018,22380,19,-0.005524
2018,22420,19,-0.003285
2018,22500,19,-0.007622
2018,22520,19,-0.002742
2018,22540,19,0.004067
2018,22660,19,0.007222
2018,23420,19,-0.000192
2018,23460,19,-0.00462
2018,23580,19,0.004424
2018,24020,19,-1.3e-05
2018,24220,19,-0.007174
2018,24300,19,-0.000955
2018,24500,19,-0.008418
2018,24540,19,0.014281
2018,24580,19,0.006157
2018,24660,19,-0.002055
2018,25420,19,0.005356
2018,25500,19,-0.000597
2018,25860,19,-0.005681
2018,25980,19,-0.003377
2018,26300,19,-0.004681
2018,26380,19,-0.009612
2018,26620,19,0.009059
2018,26980,19,0.010072
2018,27060,19,-0.000643
2018,27100,19,0.000977
2018,27260,19,0.006981
2018,27340,19,0.001196
2018,27500,19,0.001825
2018,27740,19,-0.00295
2018,27780,19,-0.004926
2018,27860,19,0.007159
2018,27900,19,-0.003811
2018,28100,19,-0.002717
2018,28420,19,0.01156
2018,28660,19,0.006305
2018,28700,19,-0.008093
2018,28740,19,-0.000574
2018,29100,19,0.001176
2018,29340,19,0.002481
2018,29420,19,-0.004377
2018,29460,19,0.009238
2018,29540,19,0.003102
2018,29700,19,0.003952
2018,29740,19,-0.001006
2018,29820,19,0.004979
2018,29940,19,0.010242
2018,30140,19,0.005145
2018,30300,19,-0.007331
2018,30340,19,0.000252
2018,30460,19,0.006202
2018,30620,19,-0.002366
2018,30700,19,0.004891
2018,30780,19,-0.000291
2018,30860,19,1e-05
2018,31020,19,0.004375
2018,31420,19,-0.007633
2018,31700,19,0.001662
2018,31860,19,-0.000131
2018,32580,19,0.004917
2018,32780,19,0.001637
2018,32900,19,-0.000422
2018,33140,19,-0.002134
2018,33340,19,0.000486
2018,33540,19,0.00398
2018,33700,19,-0.002406
2018,33780,19,0.000702
2018,33860,19,-0.002185
2018,34060,19,-0.010416
2018,34580,19,0.004551
2018,34620,19,-0.000806
2018,34740,19,0.000472
2018,34940,19,0.007295
2018,35660,19,-0.00129
2018,35840,19,0.009029
2018,36100,19,0.002376
2018,36220,19,-0.008666
2018,36420,19,0.001088
2018,36500,19,0.013078
2018,36540,19,0.002172
2018,36740,19,0.009298
2018,36780,19,0.003182
2018,36980,19,-0.00037
2018,37100,19,-0.005629
2018,37340,19,0.001747
2018,37860,19,0.002193
2018,38060,19,0.002644
2018,38300,19,-0.002922
2018,38340,19,-0.004833
2018,38860,19,0.003299
2018,38900,19,0.002458
2018,38940,19,0.001061
2018,39300,19,0.000203
2018,39340,19,0.010198
2018,39380,19,-0.002692
2018,39460,19,0.005244
2018,39540,19,0.002422
2018,39580,19,0.012534
2018,39740,19,0.001988
2018,39820,19,-0.004143
2018,39900,19,0.003014
2018,40140,19,-0.00068
2018,40420,19,-0.001212
2018,40660,19,-0.001534
2018,40900,19,0.000935
2018,40980,19,-0.000769
2018,41060,19,-0.002497
2018,41100,19,0.017358
2018,41140,19,-0.006368
2018,41420,19,0.003693
2018,41500,19,-0.005665
2018,41700,19,0.004793
2018,41740,19,-0.002029
2018,41940,19,-0.004997
2018,42020,19,-0.004842
2018,42100,19,-0.00682
2018,42140,19,-0.006235
2018,42220,19,-0.007484
2018,42340,19,-0.000436
2018,42540,19,-0.000239
2018,42680,19,0.004768
2018,43100,19,0.000139
2018,43620,19,0.013098
2018,43780,19,0.001184
2018,44100,19,-0.004472
2018,44180,19,0.000224
2018,44220,19,0.00016
2018,44300,19,0.000612
2018,44700,19,0.000975
2018,45060,19,-0.001476
2018,45220,19,-0.002641
2018,45820,19,-0.005631
2018,45940,19,0.003138
2018,46060,19,-0.003114
2018,46140,19,-0.001703
2018,46340,19,-0.000895
2018,46540,19,-0.002039
2018,46660,19,-0.001414
2018,46700,19,-0.001675
2018,47220,19,-0.003787
2018,47300,19,-0.001794
2018,47940,19,-0.006636
2018,48300,19,0.000578
2018,48540,19,-0.0188
2018,48660,19,-0.003267
2018,48700,19,-0.006003
2018,49020,19,0.004228
2018,49420,19,-0.003888
2018,49620,19,0.002616
2018,49660,19,-0.003103
2018,49740,19,-0.001215
2019,10180,0,-0.003818
2019,10420,0,-0.000179
2019,10580,0,0.001141
2019,10740,0,-0.007634
2019,10780,0,-0.009053
2019,10900,0,0.003441
2019,11020,0,-0.002106
2019,11260,0,-0.00764
2019,11460,0,0.002213
2019,11500,0,-0.005869
2019,11540,0,0.005025
2019,11700,0,-0.000206
2019,12020,0,8.5e-05
2019,12100,0,0.000637
2019,12220,0,0.009762
2019,12420,0,0.014066
2019,12540,0,0.000755
2019,12580,0,-0.006871
2019,12620,0,-0.003013
2019,12700,0,-0.001905
2019,12980,0,0.000489
2019,13020,0,-0.001917
2019,13380,0,0.007734
2019,13460,0,0.015939
2019,13780,0,-0.003424
2019,14260,0,0.013436
2019,14500,0,-0.005686
2019,14740,0,0.003067
2019,15180,0,-0.00518
2019,15260,0,-0.00202
2019,15380,0,-9.7e-05
2019,15500,0,0.005394
2019,15540,0,0.004386
2019,15940,0,-0.001537
2019,15980,0,0.00845
2019,16020,0,-0.00109
2019,16180,0,-0.002249
2019,16220,0,-0.011682
2019,16300,0,-0.000426
2019,16700,0,0.006241
2019,16860,0,-0.000929
2019,16940,0,-0.004516
2019,17020,0,0.000345
2019,17420,0,0.005226
2019,17660,0,0.010403
2019,17780,0,0.007981
2019,17820,0,0.004753
2019,17900,0,0.000699
2019,18020,0,0.002781
2019,18700,0,-0.002553
2019,19340,0,-0.00153
2019,19460,0,-0.003796
2019,19500,0,-0.006388
2019,19740,0,0.000752
2019,20020,0,-0.002181
2019,20100,0,0.004282
2019,20220,0,-0.006417
2019,20740,0,0.005448
2019,20940,0,-0.005658
2019,21140,0,0.003467
2019,21300,0,-0.002992
2019,21500,0,-0.003884
2019,21660,0,0.000729
2019,21820,0,-0.010045
2019,22020,0,0.007678
2019,22140,0,-0.019323
2019,22380,0,-0.001465
2019,22420,0,-0.002218
2019,22500,0,-0.009188
2019,22520,0,-0.001865
2019,22540,0,0.004091
2019,22660,0,0.004657
2019,23420,0,-0.000183
2019,23460,0,-0.006447
2019,23580,0,0.001546
2019,24020,0,-0.001785
2019,24220,0,-0.004819
2019,24300,0,-0.000289
2019,24500,0,-0.009634
2019,24540,0,0.011848
2019,24580,0,0.004718
2019,24660,0,-0.002607
2019,25420,0,0.004388
2019,25500,0,-0.002212
2019,25860,0,-0.004915
2019,25980,0,-0.005169
2019,26300,0,-0.002978
2019,26380,0,-0.008865
2019,26620,0,0.009194
2019,26980,0,0.004263
2019,27060,0,-0.000463
2019,27100,0,0.000953
2019,27260,0,0.008079
2019,27340,0,0.005326
2019,27500,0,0.002644
2019,27740,0,-0.000404
2019,27780,0,-0.00667
2019,27860,0,0.002402
2019,27900,0,-0.002961
2019,28100,0,-0.00317
2019,28420,0,0.009897
2019,28660,0,0.007216
2019,28700,0,-0.006234
2019,28740,0,-7e-06
2019,29100,0,0.000679
2019,29340,0,-0.000592
2019,29420,0,-0.001411
2019,29460,0,0.013383
2019,29540,0,0.003079
2019,29700,0,-0.000207
2019,29740,0,-0.003179
2019,29820,0,0.007043
2019,29940,0,-0.001418
2019,30140,0,0.007637
2019,30300,0,-0.007891
2019,30340,0,-0.001469
2019,30460,0,0.002863
2019,30620,0,-0.00214
2019,30700,0,0.004431
2019,30780,0,-0.002442
2019,30860,0,0.003949
2019,31020,0,0.005919
2019,31420,0,-0.005705
2019,31700,0,0.000825
2019,31860,0,0.000175
2019,32580,0,0.000759
2019,32780,0,0.002179
2019,32900,0,0.001604
2019,33140,0,0.000479
2019,33340,0,0.000587
2019,33540,0,-0.001373
2019,33700,0,-7.4e-05
2019,33780,0,0.003672
2019,33860,0,-0.004815
2019,34060,0,-0.007146
2019,34580,0,0.006046
2019,34620,0,-0.002352
2019,34740,0,-4.7e-05
2019,34940,0,0.007235
2019,35660,0,-0.001418
2019,35840,0,0.009025
2019,36100,0,0.005145
2019,36220,0,0.014112
2019,36420,0,0.000167
2019,36500,0,0.008826
2019,36540,0,0.003777
2019,36740,0,0.00941
2019,36780,0,0.003292
2019,36980,0,-0.000545
2019,37100,0,-0.0052
2019,37340,0,0.001367
2019,37860,0,0.003893
2019,38060,0,0.004989
2019,38300,0,-0.001762
2019,38340,0,-0.002614
2019,38860,0,0.002871
2019,38900,0,0.001936
2019,38940,0,0.003462
2019,39300,0,-0.000933
2019,39340,0,0.011319
2019,39380,0,-0.005434
2019,39460,0,0.005471
2019,39540,0,0.002282
2019,39580,0,0.010588
2019,39740,0,0.003899
2019,39820,0,-0.004309
2019,39900,0,0.005328
2019,40140,0,0.002179
2019,40420,0,-0.001079
2019,40660,0,-0.004863
2019,40900,0,0.002194
2019,40980,0,-0.00398
2019,41060,0,0.001353
2019,41100,0,0.017932
2019,41140,0,-0.002904
2019,41420,0,0.004594
2019,41500,0,-0.006637
2019,41700,0,0.005271
2019,41740,0,-0.001704
2019,41940,0,-0.002044
2019,42020,0,-0.003328
2019,42100,0,-0.008836
2019,42140,0,-0.007896
2019,42220,0,-0.009657
2019,42340,0,-0.00091
2019,42540,0,-0.000653
2019,42680,0,0.006093
2019,43100,0,0.001944
2019,43620,0,0.012309
2019,43780,0,0.002909
2019,44100,0,-0.005264
2019,44180,0,0.00169
2019,44220,0,-0.000184
2019,44300,0,0.002092
2019,44700,0,0.003559
2019,45060,0,-0.000566
2019,45220,0,-0.003947
2019,45820,0,-0.006762
2019,45940,0,0.002132
2019,46060,0,-0.002515
2019,46140,0,-0.00407
2019,46340,0,0.000179
2019,46540,0,-0.002679
2019,46660,0,-0.000747
2019,46700,0,-0.002178
2019,47220,0,-0.003159
2019,47300,0,-0.001832
2019,47940,0,-0.004905
2019,48300,0,0.00235
2019,48540,0,-0.015983
2019,48660,0,-0.003947
2019,48700,0,-0.00278
2019,49020,0,0.00126
2019,49420,0,-0.00293
2019,49620,0,0.003449
2019,49660,0,-0.003988
2019,49740,0,-0.001514
2019,10180,1,-0.003644
2019,10420,1,-0.000273
2019,10580,1,0.001122
2019,10740,1,-0.007197
2019,10780,1,-0.008714
2019,10900,1,0.003276
2019,11020,1,-0.001569
2019,11260,1,-0.006908
2019,11460,1,0.002145
2019,11500,1,-0.005791
2019,11540,1,0.005023
2019,11700,1,0.000193
2019,12020,1,5.7e-05
2019,12100,1,-2.8e-05
2019,12220,1,0.009459
2019,12420,1,0.014191
2019,12540,1,0.000884
2019,12580,1,-0.00652
2019,12620,1,-0.002864
2019,12700,1,-0.001836
2019,12980,1,0.00053
2019,13020,1,-0.002011
2019,13380,1,0.007619
2019,13460,1,0.015799
2019,13780,1,-0.003234
2019,14260,1,0.012517
2019,14500,1,-0.004937
2019,14740,1,0.003
2019,15180,1,-0.004966
2019,15260,1,-0.001766
2019,15380,1,-0.000215
2019,15500,1,0.005094
2019,15540,1,0.004564
2019,15940,1,-0.00157
2019,15980,1,0.008271
2019,16020,1,-0.000853
2019,16180,1,-0.002495
2019,16220,1,-0.010585
2019,16300,1,-0.000484
2019,16700,1,0.006516
2019,16860,1,-0.0009
2019,16940,1,-0.004174
2019,17020,1,-0.000156
2019,17420,1,0.004934
2019,17660,1,0.009998
2019,17780,1,0.007928
2019,17820,1,0.004458
2019,17900,1,0.000751
2019,18020,1,0.002982
2019,18700,1,-0.001975
2019,19340,1,-0.001046
2019,19460,1,-0.003475
2019,19500,1,-0.005806
2019,19740,1,0.001012
2019,20020,1,-0.001974
2019,20100,1,0.004143
2019,20220,1,-0.00608
2019,20740,1,0.005437
2019,20940,1,-0.005325
2019,21140,1,0.003451
2019,21300,1,-0.002721
2019,21500,1,-0.003692
2019,21660,1,0.000839
2019,21820,1,-0.009433
2019,22020,1,0.008179
2019,22140,1,-0.018116
2019,22380,1,-0.001308
2019,22420,1,-0.002552
2019,22500,1,-0.008778
2019,22520,1,-0.00156
2019,22540,1,0.004178
2019,22660,1,0.004912
2019,23420,1,-0.000517
2019,23460,1,-0.006284
2019,23580,1,0.001572
2019,24020,1,-0.001468
2019,24220,1,-0.003455
2019,24300,1,-0.000422
2019,24500,1,-0.009124
2019,24540,1,0.011698
2019,24580,1,0.004689
2019,24660,1,-0.00267
2019,25420,1,0.004244
2019,25500,1,-0.001733
2019,25860,1,-0.004639
2019,25980,1,-0.00481
2019,26300,1,-0.002888
2019,26380,1,-0.008348
2019,26620,1,0.00891
2019,26980,1,0.004071
2019,27060,1,0.000506
2019,27100,1,0.000947
2019,27260,1,0.007651
2019,27340,1,0.005198
2019,27500,1,0.002659
2019,27740,1,-0.000238
2019,27780,1,-0.006064
2019,27860,1,0.002031
2019,27900,1,-0.002998
2019,28100,1,-0.002925
2019,28420,1,0.009613
2019,28660,1,0.006726
2019,28700,1,-0.005646
2019,28740,1,-0.000394
2019,29100,1,0.000936
2019,29340,1,-0.000346
2019,29420,1,-0.001962
2019,29460,1,0.012789
2019,29540,1,0.003082
2019,29700,1,-0.000212
2019,29740,1,-0.003133
2019,29820,1,0.006163
2019,29940,1,-0.001448
2019,30140,1,0.007542
2019,30300,1,-0.006827
2019,30340,1,-0.001384
2019,30460,1,0.002776
2019,30620,1,-0.0018
2019,30700,1,0.004114
2019,30780,1,-0.002515
2019,30860,1,0.004133
2019,31020,1,0.005868
2019,31420,1,-0.005797
2019,31700,1,0.000757
2019,31860,1,5e-05
2019,32580,1,0.000646
2019,32780,1,0.002002
2019,32900,1,0.001362
2019,33140,1,0.000335
2019,33340,1,0.000634
2019,33540,1,-0.001145
2019,33700,1,8.4e-05
2019,33780,1,0.003465
2019,33860,1,-0.004596
2019,34060,1,-0.006255
2019,34580,1,0.005918
2019,34620,1,-0.002266
2019,34740,1,-4e-06
2019,34940,1,0.007439
2019,35660,1,-0.000938
2019,35840,1,0.008832
2019,36100,1,0.004711
2019,36220,1,0.013978
2019,36420,1,0.000217
2019,36500,1,0.00865
2019,36540,1,0.003464
2019,36740,1,0.008955
2019,36780,1,0.003227
2019,36980,1,-0.000405
2019,37100,1,-0.004962
2019,37340,1,0.001443
2019,37860,1,0.003598
2019,38060,1,0.004971
2019,38300,1,-0.001773
2019,38340,1,-0.002456
2019,38860,1,0.002848
2019,38900,1,0.002482
2019,38940,1,0.003386
2019,39300,1,-0.000971
2019,39340,1,0.010945
2019,39380,1,-0.005352
2019,39460,1,0.005321
2019,39540,1,0.00216
2019,39580,1,0.010447
2019,39740,1,0.003856
2019,39820,1,-0.004411
2019,39900,1,0.004883
2019,40140,1,0.002238
2019,40420,1,-0.000992
2019,40660,1,-0.004906
2019,40900,1,0.002027
2019,40980,1,-0.004228
2019,41060,1,0.001354
2019,41100,1,0.017147
2019,41140,1,-0.002879
2019,41420,1,0.004602
2019,41500,1,-0.006512
2019,41700,1,0.00543
2019,41740,1,-0.001767
2019,41940,1,-0.001986
2019,42020,1,-0.003188
2019,42100,1,-0.008352
2019,42140,1,-0.007722
2019,42220,1,-0.009397
2019,42340,1,-0.000878
2019,42540,1,-0.00061
2019,42680,1,0.006112
2019,43100,1,0.002059
2019,43620,1,0.011876
2019,43780,1,0.002779
2019,44100,1,-0.004637
2019,44180,1,0.001516
2019,44220,1,-0.000252
2019,44300,1,0.002346
2019,44700,1,0.003361
2019,45060,1,-0.000735
2019,45220,1,-0.00382
2019,45820,1,-0.006669
2019,45940,1,0.001794
2019,46060,1,-0.002564
2019,46140,1,-0.004032
2019,46340,1,0.000126
2019,46540,1,-0.002672
2019,46660,1,-0.000901
2019,46700,1,-0.001967
2019,47220,1,-0.00302
2019,47300,1,-0.001793
2019,47940,1,-0.004781
2019,48300,1,0.00246
2019,48540,1,-0.015299
2019,48660,1,-0.003706
2019,48700,1,-0.0024
2019,49020,1,0.001194
2019,49420,1,-0.003091
2019,49620,1,0.003494
2019,49660,1,-0.003876
2019,49740,1,-0.001533
2019,10180,2,-0.004376
2019,10420,2,-0.000206
2019,10580,2,0.001196
2019,10740,2,-0.007056
2019,10780,2,-0.008554
2019,10900,2,0.003329
2019,11020,2,-0.001434
2019,11260,2,-0.006544
2019,11460,2,0.002062
2019,11500,2,-0.005946
2019,11540,2,0.005049
2019,11700,2,-0.000587
2019,12020,2,-0.000422
2019,12100,2,0.000826
2019,12220,2,0.010023
2019,12420,2,0.014174
2019,12540,2,0.001452
2019,12580,2,-0.00667
2019,12620,2,-0.002983
2019,12700,2,-0.001738
2019,12980,2,0.000723
2019,13020,2,-0.001626
2019,13380,2,0.007234
2019,13460,2,0.016231
2019,13780,2,-0.003322
2019,14260,2,0.012334
2019,14500,2,-0.00574
2019,14740,2,0.002283
2019,15180,2,-0.004418
2019,15260,2,-0.001917
2019,15380,2,-0.000877
2019,15500,2,0.005416
2019,15540,2,0.004267
2019,15940,2,-0.001443
2019,15980,2,0.009248
2019,16020,2,-0.000828
2019,16180,2,-0.00353
2019,16220,2,-0.010879
2019,16300,2,-0.000266
2019,16700,2,0.006389
2019,16860,2,-0.00123
2019,16940,2,-0.004099
2019,17020,2,0.00019
2019,17420,2,0.00458
2019,17660,2,0.009745
2019,17780,2,0.008426
2019,17820,2,0.00453
2019,17900,2,0.000978
2019,18020,2,0.002818
2019,18700,2,-0.002467
2019,19340,2,-0.001164
2019,19460,2,-0.003751
2019,19500,2,-0.005665
2019,19740,2,0.000569
2019,20020,2,-0.002052
2019,20100,2,0.004779
2019,20220,2,-0.006341
2019,20740,2,0.005126
2019,20940,2,-0.005065
2019,21140,2,0.003058
2019,21300,2,-0.002668
2019,21500,2,-0.003509
2019,21660,2,0.000326
2019,21820,2,-0.009054
2019,22020,2,0.008118
2019,22140,2,-0.017478
2019,22380,2,-0.001659
2019,22420,2,-0.002398
2019,22500,2,-0.008763
2019,22520,2,-0.00137
2019,22540,2,0.004078
2019,22660,2,0.00474
2019,23420,2,-7.7e-05
2019,23460,2,-0.006313
2019,23580,2,0.001237
2019,24020,2,-0.00139
2019,24220,2,-0.004084
2019,24300,2,-0.00064
2019,24500,2,-0.009467
2019,24540,2,0.0118
2019,24580,2,0.00491
2019,24660,2,-0.00244
2019,25420,2,0.004319
2019,25500,2,-0.001896
2019,25860,2,-0.005029
2019,25980,2,-0.004232
2019,26300,2,-0.003009
2019,26380,2,-0.008447
2019,26620,2,0.009117
2019,26980,2,0.004421
2019,27060,2,4.4e-05
2019,27100,2,0.001146
2019,27260,2,0.007713
2019,27340,2,0.00541
2019,27500,2,0.002272
2019,27740,2,-0.000639
2019,27780,2,-0.005789
2019,27860,2,0.0029
2019,27900,2,-0.003102
2019,28100,2,-0.002868
2019,28420,2,0.009571
2019,28660,2,0.006962
2019,28700,2,-0.006073
2019,28740,2,-0.000482
2019,29100,2,0.000642
2019,29340,2,0.000122
2019,29420,2,-0.002006
2019,29460,2,0.012072
2019,29540,2,0.00276
2019,29700,2,-5.2e-05
2019,29740,2,-0.002371
2019,29820,2,0.006289
2019,29940,2,-0.001566
2019,30140,2,0.007373
2019,30300,2,-0.007533
2019,30340,2,-0.001323
2019,30460,2,0.002837
2019,30620,2,-0.001832
2019,30700,2,0.004375
2019,30780,2,-0.001766
2019,30860,2,0.003762
2019,31020,2,0.0047
2019,31420,2,-0.005903
2019,31700,2,0.00081
2019,31860,2,0.000153
2019,32580,2,0.001084
2019,32780,2,0.002021
2019,32900,2,0.001669
2019,33140,2,-0.000134
2019,33340,2,0.000548
2019,33540,2,-0.000592
2019,33700,2,0.000316
2019,33780,2,0.003603
2019,33860,2,-0.004209
2019,34060,2,-0.007141
2019,34580,2,0.005233
2019,34620,2,-0.001834
2019,34740,2,-0.00023
2019,34940,2,0.008062
2019,35660,2,-0.001182
2019,35840,2,0.009464
2019,36100,2,0.004731
2019,36220,2,0.011626
2019,36420,2,0.00038
2019,36500,2,0.008073
2019,36540,2,0.003553
2019,36740,2,0.008852
2019,36780,2,0.003216
2019,36980,2,-0.000653
2019,37100,2,-0.004597
2019,37340,2,0.001074
2019,37860,2,0.003303
2019,38060,2,0.005258
2019,38300,2,-0.00218
2019,38340,2,-0.002723
2019,38860,2,0.002966
2019,38900,2,0.00229
2019,38940,2,0.003011
2019,39300,2,-0.000911
2019,39340,2,0.0114
2019,39380,2,-0.005792
2019,39460,2,0.00578
2019,39540,2,0.001855
2019,39580,2,0.010788
2019,39740,2,0.003695
2019,39820,2,-0.004097
2019,39900,2,0.005126
2019,40140,2,0.002416
2019,40420,2,-0.000798
2019,40660,2,-0.005119
2019,40900,2,0.002662
2019,40980,2,-0.003651
2019,41060,2,0.001337
2019,41100,2,0.018059
2019,41140,2,-0.002913
2019,41420,2,0.003635
2019,41500,2,-0.006167
2019,41700,2,0.004972
2019,41740,2,-0.001436
2019,41940,2,-0.002558
2019,42020,2,-0.003076
2019,42100,2,-0.008521
2019,42140,2,-0.007752
2019,42220,2,-0.009454
2019,42340,2,-0.000953
2019,42540,2,-0.000581
2019,42680,2,0.005929
2019,43100,2,0.001842
2019,43620,2,0.012441
2019,43780,2,0.002567
2019,44100,2,-0.004575
2019,44180,2,0.001284
2019,44220,2,-0.000251
2019,44300,2,0.001917
2019,44700,2,0.003909
2019,45060,2,-0.000921
2019,45220,2,-0.003819
2019,45820,2,-0.006777
2019,45940,2,0.002247
2019,46060,2,-0.002336
2019,46140,2,-0.003629
2019,46340,2,-0.000262
2019,46540,2,-0.003259
2019,46660,2,-0.000263
2019,46700,2,-0.001785
2019,47220,2,-0.002681
2019,47300,2,-0.00152
2019,47940,2,-0.00513
2019,48300,2,0.001477
2019,48540,2,-0.016401
2019,48660,2,-0.003504
2019,48700,2,-0.002907
2019,49020,2,0.001671
2019,49420,2,-0.003771
2019,49620,2,0.003482
2019,49660,2,-0.003719
2019,49740,2,-0.000751
2019,10180,3,-0.004842
2019,10420,3,-0.000521
2019,10580,3,0.000618
2019,10740,3,-0.007053
2019,10780,3,-0.008168
2019,10900,3,0.00299
2019,11020,3,0.000263
2019,11260,3,-0.006272
2019,11460,3,0.001691
2019,11500,3,-0.005648
2019,11540,3,0.004887
2019,11700,3,-0.000738
2019,12020,3,-0.000559
2019,12100,3,0.001442
2019,12220,3,0.010319
2019,12420,3,0.013882
2019,12540,3,0.001554
2019,12580,3,-0.006629
2019,12620,3,-0.003195
2019,12700,3,-0.0009
2019,12980,3,0.001002
2019,13020,3,-0.001536
2019,13380,3,0.006773
2019,13460,3,0.015765
2019,13780,3,-0.002916
2019,14260,3,0.012459
2019,14500,3,-0.00598
2019,14740,3,0.001956
2019,15180,3,-0.004375
2019,15260,3,-0.001671
2019,15380,3,-0.001308
2019,15500,3,0.004914
2019,15540,3,0.003732
2019,15940,3,-0.001423
2019,15980,3,0.008907
2019,16020,3,0.001925
2019,16180,3,-0.004585
2019,16220,3,-0.009835
2019,16300,3,-0.000789
2019,16700,3,0.00651
2019,16860,3,-0.001178
2019,16940,3,-0.003698
2019,17020,3,0.000225
2019,17420,3,0.004093
2019,17660,3,0.009603
2019,17780,3,0.00906
2019,17820,3,0.004426
2019,17900,3,0.001271
2019,18020,3,0.002445
2019,18700,3,-0.002375
2019,19340,3,-0.001527
2019,19460,3,-0.004304
2019,19500,3,-0.006252
2019,19740,3,0.0005
2019,20020,3,-0.00199
2019,20100,3,0.005393
2019,20220,3,-0.006478
2019,20740,3,0.00471
2019,20940,3,-0.004874
2019,21140,3,0.002524
2019,21300,3,-0.000915
2019,21500,3,-0.002942
2019,21660,3,1.5e-05
2019,21820,3,-0.007786
2019,22020,3,0.007397
2019,22140,3,-0.016623
2019,22380,3,-0.001928
2019,22420,3,-0.002347
2019,22500,3,-0.008242
2019,22520,3,-0.001174
2019,22540,3,0.003422
2019,22660,3,0.004462
2019,23420,3,2.8e-05
2019,23460,3,-0.006076
2019,23580,3,0.000587
2019,24020,3,-0.001485
2019,24220,3,-0.004498
2019,24300,3,-0.000577
2019,24500,3,-0.00946
2019,24540,3,0.011001
2019,24580,3,0.004748
2019,24660,3,-0.002143
2019,25420,3,0.00357
2019,25500,3,-0.002175
2019,25860,3,-0.004293
2019,25980,3,-0.003688
2019,26300,3,-0.00368
2019,26380,3,-0.008205
2019,26620,3,0.009051
2019,26980,3,0.003914
2019,27060,3,-0.000715
2019,27100,3,0.002166
2019,27260,3,0.007656
2019,27340,3,0.005984
2019,27500,3,0.001636
2019,27740,3,-0.00042
2019,27780,3,-0.005482
2019,27860,3,0.002959
2019,27900,3,-0.003642
2019,28100,3,-0.002699
2019,28420,3,0.009691
2019,28660,3,0.006645
2019,28700,3,-0.004741
2019,28740,3,-0.000581
2019,29100,3,0.000564
2019,29340,3,0.000696
2019,29420,3,-0.002022
2019,29460,3,0.010574
2019,29540,3,0.002756
2019,29700,3,0.000114
2019,29740,3,-0.001834
2019,29820,3,0.006275
2019,29940,3,-0.002656
2019,30140,3,0.006344
2019,30300,3,-0.006155
2019,30340,3,-0.00132
2019,30460,3,0.002713
2019,30620,3,-0.00113
2019,30700,3,0.004155
2019,30780,3,-0.001604
2019,30860,3,0.003329
2019,31020,3,0.003613
2019,31420,3,-0.005596
2019,31700,3,0.000597
2019,31860,3,-0.000303
2019,32580,3,0.000999
2019,32780,3,0.001657
2019,32900,3,0.001331
2019,33140,3,-0.000404
2019,33340,3,0.000302
2019,33540,3,-0.00017
2019,33700,3,0.001067
2019,33780,3,0.004179
2019,33860,3,-0.004093
2019,34060,3,-0.007757
2019,34580,3,0.004657
2019,34620,3,-0.000576
2019,34740,3,0.000548
2019,34940,3,0.008363
2019,35660,3,-0.000932
2019,35840,3,0.009423
2019,36100,3,0.004213
2019,36220,3,0.010462
2019,36420,3,0.00011
2019,36500,3,0.007146
2019,36540,3,0.003214
2019,36740,3,0.008252
2019,36780,3,0.003033
2019,36980,3,-0.00081
2019,37100,3,-0.004299
2019,37340,3,0.000325
2019,37860,3,0.003153
2019,38060,3,0.004742
2019,38300,3,-0.002075
2019,38340,3,-0.002244
2019,38860,3,0.003023
2019,38900,3,0.002361
2019,38940,3,0.001958
2019,39300,3,-0.001144
2019,39340,3,0.011238
2019,39380,3,-0.005969
2019,39460,3,0.004997
2019,39540,3,0.001658
2019,39580,3,0.011024
2019,39740,3,0.003597
2019,39820,3,-0.003885
2019,39900,3,0.005292
2019,40140,3,0.002233
2019,40420,3,-0.000896
2019,40660,3,-0.005491
2019,40900,3,0.002554
2019,40980,3,-0.003196
2019,41060,3,0.002245
2019,41100,3,0.017821
2019,41140,3,-0.000769
2019,41420,3,0.002856
2019,41500,3,-0.006184
2019,41700,3,0.004042
2019,41740,3,-0.001282
2019,41940,3,-0.001689
2019,42020,3,-0.00295
2019,42100,3,-0.008338
2019,42140,3,-0.007635
2019,42220,3,-0.008609
2019,42340,3,-0.000835
2019,42540,3,-0.000856
2019,42680,3,0.005204
2019,43100,3,0.002488
2019,43620,3,0.012198
2019,43780,3,0.002619
2019,44100,3,-0.004561
2019,44180,3,0.000564
2019,44220,3,-0.000211
2019,44300,3,0.001735
2019,44700,3,0.003631
2019,45060,3,-0.001173
2019,45220,3,-0.003553
2019,45820,3,-0.007006
2019,45940,3,0.001742
2019,46060,3,-0.002596
2019,46140,3,-0.003381
2019,46340,3,-0.001237
2019,46540,3,-0.003605
2019,46660,3,0.000408
2019,46700,3,-0.001944
2019,47220,3,-0.002603
2019,47300,3,-0.001581
2019,47940,3,-0.005203
2019,48300,3,0.001305
2019,48540,3,-0.017396
2019,48660,3,-0.001319
2019,48700,3,-0.003554
2019,49020,3,0.001263
2019,49420,3,-0.003879
2019,49620,3,0.003251
2019,49660,3,-0.003605
2019,49740,3,-0.001016
2019,10180,4,-0.004746
2019,10420,4,-0.000138
2019,10580,4,0.000848
2019,10740,4,-0.007285
2019,10780,4,-0.008667
2019,10900,4,0.003607
2019,11020,4,-0.00109
2019,11260,4,-0.007229
2019,11460,4,0.002112
2019,11500,4,-0.005958
2019,11540,4,0.004905
2019,11700,4,-0.001357
2019,12020,4,-0.000596
2019,12100,4,0.001481
2019,12220,4,0.010244
2019,12420,4,0.013645
2019,12540,4,0.001629
2019,12580,4,-0.006821
2019,12620,4,-0.003282
2019,12700,4,-0.001392
2019,12980,4,0.001021
2019,13020,4,-0.00134
2019,13380,4,0.006851
2019,13460,4,0.01607
2019,13780,4,-0.003437
2019,14260,4,0.012946
2019,14500,4,-0.006757
2019,14740,4,0.001815
2019,15180,4,-0.004459
2019,15260,4,-0.002261
2019,15380,4,-0.00117
2019,15500,4,0.005628
2019,15540,4,0.004079
2019,15940,4,-0.001288
2019,15980,4,0.009445
2019,16020,4,0.00033
2019,16180,4,-0.003355
2019,16220,4,-0.011601
2019,16300,4,-0.000333
2019,16700,4,0.005916
2019,16860,4,-0.001353
2019,16940,4,-0.004409
2019,17020,4,0.000914
2019,17420,4,0.004781
2019,17660,4,0.009779
2019,17780,4,0.008203
2019,17820,4,0.004642
2019,17900,4,0.000967
2019,18020,4,0.00238
2019,18700,4,-0.003102
2019,19340,4,-0.001614
2019,19460,4,-0.004188
2019,19500,4,-0.006403
2019,19740,4,0.000163
2019,20020,4,-0.002023
2019,20100,4,0.005099
2019,20220,4,-0.006737
2019,20740,4,0.004832
2019,20940,4,-0.005099
2019,21140,4,0.002921
2019,21300,4,-0.002179
2019,21500,4,-0.003466
2019,21660,4,5e-06
2019,21820,4,-0.009186
2019,22020,4,0.00726
2019,22140,4,-0.018373
2019,22380,4,-0.001658
2019,22420,4,-0.001835
2019,22500,4,-0.008901
2019,22520,4,-0.001671
2019,22540,4,0.003885
2019,22660,4,0.004467
2019,23420,4,0.000511
2019,23460,4,-0.006499
2019,23580,4,0.00091
2019,24020,4,-0.00192
2019,24220,4,-0.005692
2019,24300,4,-0.000685
2019,24500,4,-0.009961
2019,24540,4,0.01171
2019,24580,4,0.00481
2019,24660,4,-0.002298
2019,25420,4,0.004159
2019,25500,4,-0.002387
2019,25860,4,-0.004899
2019,25980,4,-0.004815
2019,26300,4,-0.003103
2019,26380,4,-0.008871
2019,26620,4,0.009334
2019,26980,4,0.004387
2019,27060,4,-0.000992
2019,27100,4,0.001919
2019,27260,4,0.008085
2019,27340,4,0.005838
2019,27500,4,0.00194
2019,27740,4,-0.000694
2019,27780,4,-0.006156
2019,27860,4,0.003402
2019,27900,4,-0.003344
2019,28100,4,-0.003066
2019,28420,4,0.009666
2019,28660,4,0.00742
2019,28700,4,-0.005873
2019,28740,4,-0.00041
2019,29100,4,0.000111
2019,29340,4,-0.000323
2019,29420,4,-0.001314
2019,29460,4,0.012452
2019,29540,4,0.002798
2019,29700,4,-0.000137
2019,29740,4,-0.002181
2019,29820,4,0.007039
2019,29940,4,-0.001958
2019,30140,4,0.0074
2019,30300,4,-0.007939
2019,30340,4,-0.001494
2019,30460,4,0.002718
2019,30620,4,-0.00189
2019,30700,4,0.004325
2019,30780,4,-0.001514
2019,30860,4,0.003533
2019,31020,4,0.00429
2019,31420,4,-0.00551
2019,31700,4,0.000868
2019,31860,4,0.00011
2019,32580,4,0.001136
2019,32780,4,0.002449
2019,32900,4,0.002257
2019,33140,4,-0.000275
2019,33340,4,0.000291
2019,33540,4,-0.001005
2019,33700,4,0.000722
2019,33780,4,0.004548
2019,33860,4,-0.004275
2019,34060,4,-0.008019
2019,34580,4,0.004962
2019,34620,4,-0.001418
2019,34740,4,-2.8e-05
2019,34940,4,0.007785
2019,35660,4,-0.00141
2019,35840,4,0.009694
2019,36100,4,0.005073
2019,36220,4,0.011816
2019,36420,4,0.000414
2019,36500,4,0.007843
2019,36540,4,0.003626
2019,36740,4,0.009241
2019,36780,4,0.003029
2019,36980,4,-0.000721
2019,37100,4,-0.004696
2019,37340,4,0.000826
2019,37860,4,0.003565
2019,38060,4,0.005219
2019,38300,4,-0.002195
2019,38340,4,-0.002776
2019,38860,4,0.002891
2019,38900,4,0.001526
2019,38940,4,0.003012
2019,39300,4,-0.000899
2019,39340,4,0.011591
2019,39380,4,-0.006227
2019,39460,4,0.005885
2019,39540,4,0.001664
2019,39580,4,0.010845
2019,39740,4,0.003996
2019,39820,4,-0.003678
2019,39900,4,0.005509
2019,40140,4,0.00239
2019,40420,4,-0.000968
2019,40660,4,-0.005194
2019,40900,4,0.002925
2019,40980,4,-0.003224
2019,41060,4,0.002177
2019,41100,4,0.018972
2019,41140,4,-0.002119
2019,41420,4,0.003196
2019,41500,4,-0.006139
2019,41700,4,0.004454
2019,41740,4,-0.001212
2019,41940,4,-0.002785
2019,42020,4,-0.002953
2019,42100,4,-0.008933
2019,42140,4,-0.007891
2019,42220,4,-0.009785
2019,42340,4,-0.000999
2019,42540,4,-0.000597
2019,42680,4,0.005776
2019,43100,4,0.001981
2019,43620,4,0.012591
2019,43780,4,0.002446
2019,44100,4,-0.005208
2019,44180,4,0.001276
2019,44220,4,-0.000181
2019,44300,4,0.001572
2019,44700,4,0.00422
2019,45060,4,-0.00092
2019,45220,4,-0.003862
2019,45820,4,-0.007076
2019,45940,4,0.002611
2019,46060,4,-0.001986
2019,46140,4,-0.003625
2019,46340,4,-0.000417
2019,46540,4,-0.003715
2019,46660,4,-0.000112
2019,46700,4,-0.002041
2019,47220,4,-0.002664
2019,47300,4,-0.001383
2019,47940,4,-0.005128
2019,48300,4,0.000845
2019,48540,4,-0.017672
2019,48660,4,-0.00273
2019,48700,4,-0.003464
2019,49020,4,0.001871
2019,49420,4,-0.004063
2019,49620,4,0.003641
2019,49660,4,-0.003714
2019,49740,4,-0.000411
2019,10180,5,-0.004236
2019,10420,5,-0.00047
2019,10580,5,0.000687
2019,10740,5,-0.00767
2019,10780,5,-0.008873
2019,10900,5,0.003146
2019,11020,5,-0.000511
2019,11260,5,-0.007166
2019,11460,5,0.001888
2019,11500,5,-0.005874
2019,11540,5,0.005019
2019,11700,5,-0.000152
2019,12020,5,-0.000201
2019,12100,5,0.000892
2019,12220,5,0.010169
2019,12420,5,0.014419
2019,12540,5,0.000795
2019,12580,5,-0.006762
2019,12620,5,-0.003231
2019,12700,5,-0.001284
2019,12980,5,0.000693
2019,13020,5,-0.002011
2019,13380,5,0.007542
2019,13460,5,0.016095
2019,13780,5,-0.00317
2019,14260,5,0.013589
2019,14500,5,-0.005768
2019,14740,5,0.002811
2019,15180,5,-0.005355
2019,15260,5,-0.00186
2019,15380,5,-0.000526
2019,15500,5,0.004909
2019,15540,5,0.004358
2019,15940,5,-0.001497
2019,15980,5,0.008255
2019,16020,5,0.001243
2019,16180,5,-0.003252
2019,16220,5,-0.010564
2019,16300,5,-0.000912
2019,16700,5,0.006725
2019,16860,5,-0.000912
2019,16940,5,-0.004095
2019,17020,5,0.000303
2019,17420,5,0.004872
2019,17660,5,0.010414
2019,17780,5,0.008786
2019,17820,5,0.004566
2019,17900,5,0.000986
2019,18020,5,0.002688
2019,18700,5,-0.002347
2019,19340,5,-0.001529
2019,19460,5,-0.004302
2019,19500,5,-0.006766
2019,19740,5,0.000934
2019,20020,5,-0.00208
2019,20100,5,0.00502
2019,20220,5,-0.006596
2019,20740,5,0.005293
2019,20940,5,-0.005628
2019,21140,5,0.003147
2019,21300,5,-0.00148
2019,21500,5,-0.003498
2019,21660,5,0.000549
2019,21820,5,-0.009015
2019,22020,5,0.007595
2019,22140,5,-0.01883
2019,22380,5,-0.0015
2019,22420,5,-0.002376
2019,22500,5,-0.008835
2019,22520,5,-0.001513
2019,22540,5,0.003669
2019,22660,5,0.00481
2019,23420,5,-0.000214
2019,23460,5,-0.006518
2019,23580,5,0.000995
2019,24020,5,-0.001865
2019,24220,5,-0.004779
2019,24300,5,-0.000391
2019,24500,5,-0.009629
2019,24540,5,0.011482
2019,24580,5,0.004669
2019,24660,5,-0.002513
2019,25420,5,0.00383
2019,25500,5,-0.002283
2019,25860,5,-0.004489
2019,25980,5,-0.004998
2019,26300,5,-0.003732
2019,26380,5,-0.00867
2019,26620,5,0.009345
2019,26980,5,0.003978
2019,27060,5,-0.000691
2019,27100,5,0.001809
2019,27260,5,0.008202
2019,27340,5,0.005896
2019,27500,5,0.002117
2019,27740,5,-0.000215
2019,27780,5,-0.006383
2019,27860,5,0.002347
2019,27900,5,-0.003608
2019,28100,5,-0.003032
2019,28420,5,0.010206
2019,28660,5,0.006932
2019,28700,5,-0.005048
2019,28740,5,-0.000488
2019,29100,5,0.000792
2019,29340,5,-2.2e-05
2019,29420,5,-0.001681
2019,29460,5,0.012369
2019,29540,5,0.003091
2019,29700,5,-0.000168
2019,29740,5,-0.00285
2019,29820,5,0.006506
2019,29940,5,-0.002527
2019,30140,5,0.006988
2019,30300,5,-0.006637
2019,30340,5,-0.001595
2019,30460,5,0.002718
2019,30620,5,-0.001536
2019,30700,5,0.004243
2019,30780,5,-0.002413
2019,30860,5,0.003645
2019,31020,5,0.00516
2019,31420,5,-0.005704
2019,31700,5,0.000575
2019,31860,5,-0.000285
2019,32580,5,0.000586
2019,32780,5,0.002064
2019,32900,5,0.001018
2019,33140,5,0.00024
2019,33340,5,0.000448
2019,33540,5,-0.000991
2019,33700,5,0.000236
2019,33780,5,0.004238
2019,33860,5,-0.004794
2019,34060,5,-0.007399
2019,34580,5,0.00571
2019,34620,5,-0.001436
2019,34740,5,0.000456
2019,34940,5,0.007654
2019,35660,5,-0.001028
2019,35840,5,0.009189
2019,36100,5,0.004708
2019,36220,5,0.013934
2019,36420,5,1.1e-05
2019,36500,5,0.008239
2019,36540,5,0.003465
2019,36740,5,0.009106
2019,36780,5,0.003149
2019,36980,5,-0.000616
2019,37100,5,-0.005014
2019,37340,5,0.000659
2019,37860,5,0.00378
2019,38060,5,0.004501
2019,38300,5,-0.001696
2019,38340,5,-0.002286
2019,38860,5,0.002996
2019,38900,5,0.002463
2019,38940,5,0.002553
2019,39300,5,-0.001244
2019,39340,5,0.011524
2019,39380,5,-0.006064
2019,39460,5,0.004783
2019,39540,5,0.001962
2019,39580,5,0.011162
2019,39740,5,0.003897
2019,39820,5,-0.00429
2019,39900,5,0.005414
2019,40140,5,0.001978
2019,40420,5,-0.001299
2019,40660,5,-0.005479
2019,40900,5,0.001999
2019,40980,5,-0.003919
2019,41060,5,0.002081
2019,41100,5,0.018098
2019,41140,5,-0.001394
2019,41420,5,0.004086
2019,41500,5,-0.006961
2019,41700,5,0.00469
2019,41740,5,-0.001604
2019,41940,5,-0.001325
2019,42020,5,-0.003192
2019,42100,5,-0.008745
2019,42140,5,-0.008153
2019,42220,5,-0.009312
2019,42340,5,-0.000725
2019,42540,5,-0.000906
2019,42680,5,0.005534
2019,43100,5,0.002479
2019,43620,5,0.012468
2019,43780,5,0.002919
2019,44100,5,-0.005072
2019,44180,5,0.001032
2019,44220,5,-0.000215
2019,44300,5,0.002066
2019,44700,5,0.003036
2019,45060,5,-0.000853
2019,45220,5,-0.003842
2019,45820,5,-0.007226
2019,45940,5,0.001648
2019,46060,5,-0.00284
2019,46140,5,-0.004054
2019,46340,5,-0.00074
2019,46540,5,-0.003165
2019,46660,5,-0.000314
2019,46700,5,-0.002652
2019,47220,5,-0.003163
2019,47300,5,-0.001871
2019,47940,5,-0.004983
2019,48300,5,0.00243
2019,48540,5,-0.016993
2019,48660,5,-0.002358
2019,48700,5,-0.003165
2019,49020,5,0.000998
2019,49420,5,-0.00325
2019,49620,5,0.003348
2019,49660,5,-0.003934
2019,49740,5,-0.001693
2019,10180,6,-0.004012
2019,10420,6,-0.000146
2019,10580,6,0.001239
2019,10740,6,-0.007263
2019,10780,6,-0.008834
2019,10900,6,0.003449
2019,11020,6,-0.001956
2019,11260,6,-0.007042
2019,11460,6,0.002187
2019,11500,6,-0.005973
2019,11540,6,0.005058
2019,11700,6,-0.000368
2019,12020,6,-0.000191
2019,12100,6,0.000503
2019,12220,6,0.009787
2019,12420,6,0.014159
2019,12540,6,0.001156
2019,12580,6,-0.00671
2019,12620,6,-0.002958
2019,12700,6,-0.001955
2019,12980,6,0.000592
2019,13020,6,-0.001782
2019,13380,6,0.007509
2019,13460,6,0.016144
2019,13780,6,-0.003435
2019,14260,6,0.012694
2019,14500,6,-0.005616
2019,14740,6,0.00266
2019,15180,6,-0.00477
2019,15260,6,-0.002011
2019,15380,6,-0.000484
2019,15500,6,0.00547
2019,15540,6,0.004489
2019,15940,6,-0.001487
2019,15980,6,0.008897
2019,16020,6,-0.001341
2019,16180,6,-0.002719
2019,16220,6,-0.011289
2019,16300,6,-0.000261
2019,16700,6,0.006303
2019,16860,6,-0.001103
2019,16940,6,-0.004352
2019,17020,6,0.000218
2019,17420,6,0.004967
2019,17660,6,0.010001
2019,17780,6,0.008023
2019,17820,6,0.004595
2019,17900,6,0.000793
2019,18020,6,0.002879
2019,18700,6,-0.002481
2019,19340,6,-0.001189
2019,19460,6,-0.003629
2019,19500,6,-0.005837
2019,19740,6,0.00068
2019,20020,6,-0.00207
2019,20100,6,0.004424
2019,20220,6,-0.006329
2019,20740,6,0.005342
2019,20940,6,-0.005338
2019,21140,6,0.003359
2019,21300,6,-0.003079
2019,21500,6,-0.003774
2019,21660,6,0.000567
2019,21820,6,-0.009693
2019,22020,6,0.008092
2019,22140,6,-0.01841
2019,22380,6,-0.001458
2019,22420,6,-0.002358
2019,22500,6,-0.009007
2019,22520,6,-0.001621
2019,22540,6,0.004244
2019,22660,6,0.004802
2019,23420,6,-0.000169
2019,23460,6,-0.006438
2019,23580,6,0.00148
2019,24020,6,-0.001559
2019,24220,6,-0.004208
2019,24300,6,-0.000527
2019,24500,6,-0.009487
2019,24540,6,0.011946
2019,24580,6,0.004831
2019,24660,6,-0.002594
2019,25420,6,0.00446
2019,25500,6,-0.001928
2019,25860,6,-0.005055
2019,25980,6,-0.004814
2019,26300,6,-0.002838
2019,26380,6,-0.008637
2019,26620,6,0.009142
2019,26980,6,0.004401
2019,27060,6,9e-05
2019,27100,6,0.000921
2019,27260,6,0.007845
2019,27340,6,0.005308
2019,27500,6,0.002552
2019,27740,6,-0.00054
2019,27780,6,-0.006188
2019,27860,6,0.002606
2019,27900,6,-0.002969
2019,28100,6,-0.003018
2019,28420,6,0.009663
2019,28660,6,0.007101
2019,28700,6,-0.006261
2019,28740,6,-0.000336
2019,29100,6,0.000671
2019,29340,6,-0.000369
2019,29420,6,-0.001773
2019,29460,6,0.01296
2019,29540,6,0.002917
2019,29700,6,-0.000189
2019,29740,6,-0.002846
2019,29820,6,0.006511
2019,29940,6,-0.00133
2019,30140,6,0.007728
2019,30300,6,-0.007797
2019,30340,6,-0.001409
2019,30460,6,0.002825
2019,30620,6,-0.00206
2019,30700,6,0.004353
2019,30780,6,-0.002132
2019,30860,6,0.003975
2019,31020,6,0.005483
2019,31420,6,-0.005847
2019,31700,6,0.000841
2019,31860,6,0.000213
2019,32580,6,0.000908
2019,32780,6,0.002194
2019,32900,6,0.001721
2019,33140,6,0.000174
2019,33340,6,0.000597
2019,33540,6,-0.001082
2019,33700,6,3.7e-05
2019,33780,6,0.003586
2019,33860,6,-0.0045
2019,34060,6,-0.006886
2019,34580,6,0.005699
2019,34620,6,-0.002306
2019,34740,6,-0.000299
2019,34940,6,0.007598
2019,35660,6,-0.001258
2019,35840,6,0.009233
2019,36100,6,0.00498
2019,36220,6,0.013209
2019,36420,6,0.000347
2019,36500,6,0.008589
2019,36540,6,0.003661
2019,36740,6,0.009189
2019,36780,6,0.003253
2019,36980,6,-0.000544
2019,37100,6,-0.00492
2019,37340,6,0.001345
2019,37860,6,0.003589
2019,38060,6,0.00523
2019,38300,6,-0.002017
2019,38340,6,-0.00274
2019,38860,6,0.002886
2019,38900,6,0.002141
2019,38940,6,0.003424
2019,39300,6,-0.000892
2019,39340,6,0.011331
2019,39380,6,-0.005645
2019,39460,6,0.005756
2019,39540,6,0.002043
2019,39580,6,0.010622
2019,39740,6,0.003851
2019,39820,6,-0.004227
2019,39900,6,0.005108
2019,40140,6,0.002353
2019,40420,6,-0.000916
2019,40660,6,-0.004949
2019,40900,6,0.002441
2019,40980,6,-0.003949
2019,41060,6,0.001255
2019,41100,6,0.017989
2019,41140,6,-0.003281
2019,41420,6,0.004221
2019,41500,6,-0.006389
2019,41700,6,0.005294
2019,41740,6,-0.001594
2019,41940,6,-0.002523
2019,42020,6,-0.003178
2019,42100,6,-0.00867
2019,42140,6,-0.007842
2019,42220,6,-0.009761
2019,42340,6,-0.000964
2019,42540,6,-0.000551
2019,42680,6,0.006144
2019,43100,6,0.001801
2019,43620,6,0.01235
2019,43780,6,0.002669
2019,44100,6,-0.004842
2019,44180,6,0.001596
2019,44220,6,-0.000236
2019,44300,6,0.002056
2019,44700,6,0.00378
2019,45060,6,-0.000741
2019,45220,6,-0.003928
2019,45820,6,-0.006757
2019,45940,6,0.002259
2019,46060,6,-0.002337
2019,46140,6,-0.003914
2019,46340,6,0.000126
2019,46540,6,-0.002976
2019,46660,6,-0.000669
2019,46700,6,-0.001949
2019,47220,6,-0.002896
2019,47300,6,-0.001633
2019,47940,6,-0.004971
2019,48300,6,0.001895
2019,48540,6,-0.015987
2019,48660,6,-0.004057
2019,48700,6,-0.002672
2019,49020,6,0.001568
2019,49420,6,-0.003421
2019,49620,6,0.003551
2019,49660,6,-0.003856
2019,49740,6,-0.001026
2019,10180,7,-0.004173
2019,10420,7,-9.4e-05
2019,10580,7,0.001154
2019,10740,7,-0.006936
2019,10780,7,-0.008721
2019,10900,7,0.003677
2019,11020,7,-0.001794
2019,11260,7,-0.006976
2019,11460,7,0.002218
2019,11500,7,-0.00596
2019,11540,7,0.005041
2019,11700,7,-0.000775
2019,12020,7,-0.000297
2019,12100,7,0.000343
2019,12220,7,0.009674
2019,12420,7,0.013745
2019,12540,7,0.001727
2019,12580,7,-0.006647
2019,12620,7,-0.002974
2019,12700,7,-0.001901
2019,12980,7,0.000853
2019,13020,7,-0.001512
2019,13380,7,0.0072
2019,13460,7,0.015951
2019,13780,7,-0.003436
2019,14260,7,0.012103
2019,14500,7,-0.005864
2019,14740,7,0.002226
2019,15180,7,-0.00434
2019,15260,7,-0.002095
2019,15380,7,-0.000889
2019,15500,7,0.005777
2019,15540,7,0.004483
2019,15940,7,-0.001491
2019,15980,7,0.009191
2019,16020,7,-0.001127
2019,16180,7,-0.002842
2019,16220,7,-0.011219
2019,16300,7,-0.000118
2019,16700,7,0.005977
2019,16860,7,-0.001234
2019,16940,7,-0.004475
2019,17020,7,0.000226
2019,17420,7,0.004939
2019,17660,7,0.009603
2019,17780,7,0.007536
2019,17820,7,0.004566
2019,17900,7,0.000826
2019,18020,7,0.002779
2019,18700,7,-0.002549
2019,19340,7,-0.001084
2019,19460,7,-0.003448
2019,19500,7,-0.005613
2019,19740,7,0.000302
2019,20020,7,-0.001901
2019,20100,7,0.004372
2019,20220,7,-0.006338
2019,20740,7,0.005151
2019,20940,7,-0.00502
2019,21140,7,0.0033
2019,21300,7,-0.003081
2019,21500,7,-0.003682
2019,21660,7,0.000389
2019,21820,7,-0.009533
2019,22020,7,0.008052
2019,22140,7,-0.017914
2019,22380,7,-0.001469
2019,22420,7,-0.002373
2019,22500,7,-0.008892
2019,22520,7,-0.001741
2019,22540,7,0.004521
2019,22660,7,0.004711
2019,23420,7,-1.8e-05
2019,23460,7,-0.006401
2019,23580,7,0.001384
2019,24020,7,-0.00154
2019,24220,7,-0.004105
2019,24300,7,-0.00064
2019,24500,7,-0.00948
2019,24540,7,0.011934
2019,24580,7,0.004877
2019,24660,7,-0.00253
2019,25420,7,0.004493
2019,25500,7,-0.001762
2019,25860,7,-0.004843
2019,25980,7,-0.004645
2019,26300,7,-0.002403
2019,26380,7,-0.00861
2019,26620,7,0.009103
2019,26980,7,0.004349
2019,27060,7,0.000385
2019,27100,7,0.001148
2019,27260,7,0.007578
2019,27340,7,0.005612
2019,27500,7,0.002517
2019,27740,7,-0.000551
2019,27780,7,-0.005918
2019,27860,7,0.002843
2019,27900,7,-0.002922
2019,28100,7,-0.002939
2019,28420,7,0.009457
2019,28660,7,0.007234
2019,28700,7,-0.00606
2019,28740,7,-0.000428
2019,29100,7,0.00039
2019,29340,7,-0.000672
2019,29420,7,-0.001837
2019,29460,7,0.012956
2019,29540,7,0.002927
2019,29700,7,-0.000221
2019,29740,7,-0.002516
2019,29820,7,0.006551
2019,29940,7,-0.001171
2019,30140,7,0.008034
2019,30300,7,-0.007607
2019,30340,7,-0.001346
2019,30460,7,0.002738
2019,30620,7,-0.001966
2019,30700,7,0.004084
2019,30780,7,-0.00189
2019,30860,7,0.004254
2019,31020,7,0.00528
2019,31420,7,-0.005649
2019,31700,7,0.000927
2019,31860,7,0.000233
2019,32580,7,0.001026
2019,32780,7,0.002272
2019,32900,7,0.002361
2019,33140,7,-9.9e-05
2019,33340,7,0.000468
2019,33540,7,-0.001218
2019,33700,7,0.000615
2019,33780,7,0.003849
2019,33860,7,-0.004298
2019,34060,7,-0.006735
2019,34580,7,0.005417
2019,34620,7,-0.002181
2019,34740,7,-0.000394
2019,34940,7,0.007632
2019,35660,7,-0.001159
2019,35840,7,0.009253
2019,36100,7,0.004948
2019,36220,7,0.013006
2019,36420,7,0.000492
2019,36500,7,0.008522
2019,36540,7,0.003535
2019,36740,7,0.00903
2019,36780,7,0.003186
2019,36980,7,-0.000524
2019,37100,7,-0.004791
2019,37340,7,0.001399
2019,37860,7,0.003472
2019,38060,7,0.005639
2019,38300,7,-0.00229
2019,38340,7,-0.002751
2019,38860,7,0.002768
2019,38900,7,0.001745
2019,38940,7,0.003572
2019,39300,7,-0.0008
2019,39340,7,0.011089
2019,39380,7,-0.005621
2019,39460,7,0.006094
2019,39540,7,0.001951
2019,39580,7,0.010396
2019,39740,7,0.004074
2019,39820,7,-0.004002
2019,39900,7,0.004829
2019,40140,7,0.00264
2019,40420,7,-0.000696
2019,40660,7,-0.004816
2019,40900,7,0.002751
2019,40980,7,-0.003857
2019,41060,7,0.001639
2019,41100,7,0.018104
2019,41140,7,-0.003209
2019,41420,7,0.003917
2019,41500,7,-0.006101
2019,41700,7,0.005249
2019,41740,7,-0.001522
2019,41940,7,-0.003183
2019,42020,7,-0.003045
2019,42100,7,-0.008714
2019,42140,7,-0.007609
2019,42220,7,-0.010054
2019,42340,7,-0.001171
2019,42540,7,-0.000379
2019,42680,7,0.006287
2019,43100,7,0.001875
2019,43620,7,0.012056
2019,43780,7,0.002432
2019,44100,7,-0.004789
2019,44180,7,0.00167
2019,44220,7,-0.000212
2019,44300,7,0.002001
2019,44700,7,0.00435
2019,45060,7,-0.000884
2019,45220,7,-0.003912
2019,45820,7,-0.006762
2019,45940,7,0.00249
2019,46060,7,-0.001936
2019,46140,7,-0.003841
2019,46340,7,0.000302
2019,46540,7,-0.003254
2019,46660,7,-0.000668
2019,46700,7,-0.001569
2019,47220,7,-0.002649
2019,47300,7,-0.001459
2019,47940,7,-0.004954
2019,48300,7,0.00125
2019,48540,7,-0.016234
2019,48660,7,-0.003759
2019,48700,7,-0.002682
2019,49020,7,0.001858
2019,49420,7,-0.003784
2019,49620,7,0.003829
2019,49660,7,-0.003806
2019,49740,7,-0.000561
2019,10180,8,-0.00566
2019,10420,8,0.000438
2019,10580,8,0.002192
2019,10740,8,-0.005352
2019,10780,8,-0.007745
2019,10900,8,0.003683
2019,11020,8,-0.003689
2019,11260,8,-0.004546
2019,11460,8,0.001327
2019,11500,8,-0.005913
2019,11540,8,0.005048
2019,11700,8,-0.003178
2019,12020,8,-0.001454
2019,12100,8,0.003271
2019,12220,8,0.010314
2019,12420,8,0.01171
2019,12540,8,0.003557
2019,12580,8,-0.006412
2019,12620,8,-0.002467
2019,12700,8,-0.002659
2019,12980,8,0.000761
2019,13020,8,-9e-05
2019,13380,8,0.00662
2019,13460,8,0.015581
2019,13780,8,-0.003424
2019,14260,8,0.010394
2019,14500,8,-0.008538
2019,14740,8,0.00071
2019,15180,8,-0.002038
2019,15260,8,-0.002627
2019,15380,8,-0.0026
2019,15500,8,0.007661
2019,15540,8,0.003575
2019,15940,8,-0.001177
2019,15980,8,0.010619
2019,16020,8,-0.004087
2019,16180,8,-0.006231
2019,16220,8,-0.011536
2019,16300,8,0.001391
2019,16700,8,0.004269
2019,16860,8,-0.001744
2019,16940,8,-0.003904
2019,17020,8,0.001502
2019,17420,8,0.003911
2019,17660,8,0.008283
2019,17780,8,0.007523
2019,17820,8,0.004942
2019,17900,8,0.001748
2019,18020,8,0.002589
2019,18700,8,-0.003634
2019,19340,8,-0.001088
2019,19460,8,-0.003482
2019,19500,8,-0.003659
2019,19740,8,-0.002165
2019,20020,8,-0.002159
2019,20100,8,0.005894
2019,20220,8,-0.006409
2019,20740,8,0.004276
2019,20940,8,-0.00459
2019,21140,8,0.002112
2019,21300,8,-0.004599
2019,21500,8,-0.003333
2019,21660,8,-0.000542
2019,21820,8,-0.00778
2019,22020,8,0.007206
2019,22140,8,-0.014233
2019,22380,8,-0.002716
2019,22420,8,-0.002791
2019,22500,8,-0.008089
2019,22520,8,-0.001436
2019,22540,8,0.004937
2019,22660,8,0.003005
2019,23420,8,0.001184
2019,23460,8,-0.005655
2019,23580,8,0.000358
2019,24020,8,-0.000782
2019,24220,8,-0.006072
2019,24300,8,-0.000451
2019,24500,8,-0.009069
2019,24540,8,0.010992
2019,24580,8,0.005442
2019,24660,8,-0.001207
2019,25420,8,0.005349
2019,25500,8,-0.001456
2019,25860,8,-0.00597
2019,25980,8,-0.001394
2019,26300,8,-0.001426
2019,26380,8,-0.008156
2019,26620,8,0.009338
2019,26980,8,0.005743
2019,27060,8,-0.001243
2019,27100,8,-0.000525
2019,27260,8,0.006683
2019,27340,8,0.006771
2019,27500,8,0.001746
2019,27740,8,-0.002023
2019,27780,8,-0.00509
2019,27860,8,0.005661
2019,27900,8,-0.001792
2019,28100,8,-0.002181
2019,28420,8,0.009331
2019,28660,8,0.008111
2019,28700,8,-0.008069
2019,28740,8,9.4e-05
2019,29100,8,-0.000389
2019,29340,8,0.000281
2019,29420,8,-0.00196
2019,29460,8,0.010293
2019,29540,8,0.001487
2019,29700,8,0.000342
2019,29740,8,0.000828
2019,29820,8,0.006113
2019,29940,8,4.2e-05
2019,30140,8,0.007825
2019,30300,8,-0.010585
2019,30340,8,-0.000801
2019,30460,8,0.002766
2019,30620,8,-0.002565
2019,30700,8,0.00482
2019,30780,8,0.000794
2019,30860,8,0.003553
2019,31020,8,0.002505
2019,31420,8,-0.005087
2019,31700,8,0.000943
2019,31860,8,0.000941
2019,32580,8,0.002631
2019,32780,8,0.001923
2019,32900,8,0.002539
2019,33140,8,-0.000753
2019,33340,8,0.000536
2019,33540,8,0.000814
2019,33700,8,-0.000372
2019,33780,8,0.002297
2019,33860,8,-0.002803
2019,34060,8,-0.008272
2019,34580,8,0.003777
2019,34620,8,-0.001762
2019,34740,8,-0.002607
2019,34940,8,0.007483
2019,35660,8,-0.00264
2019,35840,8,0.009162
2019,36100,8,0.004728
2019,36220,8,0.005733
2019,36420,8,0.001031
2019,36500,8,0.007616
2019,36540,8,0.003898
2019,36740,8,0.007452
2019,36780,8,0.003549
2019,36980,8,-0.001611
2019,37100,8,-0.003422
2019,37340,8,-0.000632
2019,37860,8,0.002362
2019,38060,8,0.006324
2019,38300,8,-0.003861
2019,38340,8,-0.003216
2019,38860,8,0.002703
2019,38900,8,0.000264
2019,38940,8,0.001267
2019,39300,8,-0.000602
2019,39340,8,0.011674
2019,39380,8,-0.00567
2019,39460,8,0.006627
2019,39540,8,0.001574
2019,39580,8,0.010319
2019,39740,8,0.003003
2019,39820,8,-0.002606
2019,39900,8,0.003689
2019,40140,8,0.002963
2019,40420,8,0.000659
2019,40660,8,-0.004129
2019,40900,8,0.004398
2019,40980,8,-0.00198
2019,41060,8,-0.000219
2019,41100,8,0.019599
2019,41140,8,-0.004911
2019,41420,8,0.001336
2019,41500,8,-0.005141
2019,41700,8,0.003788
2019,41740,8,-0.000507
2019,41940,8,-0.005351
2019,42020,8,-0.002746
2019,42100,8,-0.009109
2019,42140,8,-0.006251
2019,42220,8,-0.010389
2019,42340,8,-0.001431
2019,42540,8,0.000222
2019,42680,8,0.004483
2019,43100,8,0.000526
2019,43620,8,0.012895
2019,43780,8,0.001914
2019,44100,8,-0.004035
2019,44180,8,0.00162
2019,44220,8,8.2e-05
2019,44300,8,0.000372
2019,44700,8,0.005507
2019,45060,8,-0.000947
2019,45220,8,-0.003692
2019,45820,8,-0.005878
2019,45940,8,0.004308
2019,46060,8,-0.000846
2019,46140,8,-0.00236
2019,46340,8,0.000158
2019,46540,8,-0.003939
2019,46660,8,0.002246
2019,46700,8,-0.001329
2019,47220,8,-0.001411
2019,47300,8,-0.000591
2019,47940,8,-0.005371
2019,48300,8,-0.001046
2019,48540,8,-0.016798
2019,48660,8,-0.005044
2019,48700,8,-0.003433
2019,49020,8,0.003555
2019,49420,8,-0.003879
2019,49620,8,0.003327
2019,49660,8,-0.003127
2019,49740,8,0.00231
2019,10180,9,-0.004646
2019,10420,9,-0.000451
2019,10580,9,0.000662
2019,10740,9,-0.007086
2019,10780,9,-0.008477
2019,10900,9,0.003305
2019,11020,9,-0.000152
2019,11260,9,-0.006678
2019,11460,9,0.001969
2019,11500,9,-0.005874
2019,11540,9,0.004968
2019,11700,9,-0.000701
2019,12020,9,-0.000463
2019,12100,9,0.00062
2019,12220,9,0.010074
2019,12420,9,0.014066
2019,12540,9,0.001664
2019,12580,9,-0.006709
2019,12620,9,-0.003238
2019,12700,9,-0.001191
2019,12980,9,0.00105
2019,13020,9,-0.001625
2019,13380,9,0.006892
2019,13460,9,0.016008
2019,13780,9,-0.003155
2019,14260,9,0.012232
2019,14500,9,-0.005818
2019,14740,9,0.001962
2019,15180,9,-0.004437
2019,15260,9,-0.001836
2019,15380,9,-0.001264
2019,15500,9,0.005162
2019,15540,9,0.0041
2019,15940,9,-0.001532
2019,15980,9,0.009121
2019,16020,9,0.001216
2019,16180,9,-0.003936
2019,16220,9,-0.010331
2019,16300,9,-0.000676
2019,16700,9,0.006461
2019,16860,9,-0.001276
2019,16940,9,-0.004083
2019,17020,9,1.9e-05
2019,17420,9,0.004405
2019,17660,9,0.0096
2019,17780,9,0.008457
2019,17820,9,0.00441
2019,17900,9,0.001035
2019,18020,9,0.002583
2019,18700,9,-0.002302
2019,19340,9,-0.001306
2019,19460,9,-0.004005
2019,19500,9,-0.006143
2019,19740,9,0.000515
2019,20020,9,-0.001911
2019,20100,9,0.004904
2019,20220,9,-0.0065
2019,20740,9,0.004883
2019,20940,9,-0.00487
2019,21140,9,0.002854
2019,21300,9,-0.001549
2019,21500,9,-0.003239
2019,21660,9,0.000158
2019,21820,9,-0.008498
2019,22020,9,0.007849
2019,22140,9,-0.017233
2019,22380,9,-0.00172
2019,22420,9,-0.002438
2019,22500,9,-0.008585
2019,22520,9,-0.001433
2019,22540,9,0.003874
2019,22660,9,0.004724
2019,23420,9,-0.000116
2019,23460,9,-0.006327
2019,23580,9,0.000899
2019,24020,9,-0.001565
2019,24220,9,-0.00405
2019,24300,9,-0.000749
2019,24500,9,-0.009611
2019,24540,9,0.011544
2019,24580,9,0.004799
2019,24660,9,-0.002441
2019,25420,9,0.003829
2019,25500,9,-0.001976
2019,25860,9,-0.00438
2019,25980,9,-0.004255
2019,26300,9,-0.003252
2019,26380,9,-0.00845
2019,26620,9,0.009076
2019,26980,9,0.003935
2019,27060,9,1.8e-05
2019,27100,9,0.002044
2019,27260,9,0.007618
2019,27340,9,0.005832
2019,27500,9,0.001968
2019,27740,9,-0.00037
2019,27780,9,-0.005611
2019,27860,9,0.002743
2019,27900,9,-0.003574
2019,28100,9,-0.002856
2019,28420,9,0.009585
2019,28660,9,0.006788
2019,28700,9,-0.004979
2019,28740,9,-0.000741
2019,29100,9,0.000478
2019,29340,9,7.9e-05
2019,29420,9,-0.002151
2019,29460,9,0.011624
2019,29540,9,0.00295
2019,29700,9,-9.6e-05
2019,29740,9,-0.002288
2019,29820,9,0.006308
2019,29940,9,-0.002259
2019,30140,9,0.007094
2019,30300,9,-0.006282
2019,30340,9,-0.00139
2019,30460,9,0.002689
2019,30620,9,-0.001337
2019,30700,9,0.003947
2019,30780,9,-0.001883
2019,30860,9,0.003844
2019,31020,9,0.004316
2019,31420,9,-0.005758
2019,31700,9,0.000714
2019,31860,9,-0.000222
2019,32580,9,0.000895
2019,32780,9,0.001901
2019,32900,9,0.001832
2019,33140,9,-0.000451
2019,33340,9,0.000275
2019,33540,9,-0.000714
2019,33700,9,0.001212
2019,33780,9,0.00429
2019,33860,9,-0.004248
2019,34060,9,-0.007234
2019,34580,9,0.004938
2019,34620,9,-0.001123
2019,34740,9,0.000369
2019,34940,9,0.008283
2019,35660,9,-0.000818
2019,35840,9,0.009485
2019,36100,9,0.004423
2019,36220,9,0.011748
2019,36420,9,0.000244
2019,36500,9,0.007691
2019,36540,9,0.003201
2019,36740,9,0.008627
2019,36780,9,0.003018
2019,36980,9,-0.000636
2019,37100,9,-0.004593
2019,37340,9,0.000886
2019,37860,9,0.003246
2019,38060,9,0.005176
2019,38300,9,-0.002191
2019,38340,9,-0.00246
2019,38860,9,0.002908
2019,38900,9,0.002235
2019,38940,9,0.002767
2019,39300,9,-0.001066
2019,39340,9,0.01115
2019,39380,9,-0.005965
2019,39460,9,0.005519
2019,39540,9,0.001705
2019,39580,9,0.01085
2019,39740,9,0.003943
2019,39820,9,-0.004067
2019,39900,9,0.005091
2019,40140,9,0.002448
2019,40420,9,-0.000911
2019,40660,9,-0.005404
2019,40900,9,0.002581
2019,40980,9,-0.003646
2019,41060,9,0.002337
2019,41100,9,0.017973
2019,41140,9,-0.001503
2019,41420,9,0.003321
2019,41500,9,-0.006217
2019,41700,9,0.004628
2019,41740,9,-0.001486
2019,41940,9,-0.002351
2019,42020,9,-0.003012
2019,42100,9,-0.008515
2019,42140,9,-0.007778
2019,42220,9,-0.009299
2019,42340,9,-0.001039
2019,42540,9,-0.000716
2019,42680,9,0.005837
2019,43100,9,0.002419
2019,43620,9,0.01206
2019,43780,9,0.002478
2019,44100,9,-0.004665
2019,44180,9,0.000902
2019,44220,9,-0.000297
2019,44300,9,0.001988
2019,44700,9,0.003972
2019,45060,9,-0.001222
2019,45220,9,-0.003752
2019,45820,9,-0.007131
2019,45940,9,0.001878
2019,46060,9,-0.002388
2019,46140,9,-0.003692
2019,46340,9,-0.000692
2019,46540,9,-0.003634
2019,46660,9,-0.000271
2019,46700,9,-0.001718
2019,47220,9,-0.002695
2019,47300,9,-0.0016
2019,47940,9,-0.005195
2019,48300,9,0.001207
2019,48540,9,-0.017269
2019,48660,9,-0.00194
2019,48700,9,-0.003241
2019,49020,9,0.001429
2019,49420,9,-0.004142
2019,49620,9,0.003628
2019,49660,9,-0.003779
2019,49740,9,-0.000953
2019,10180,10,-0.005219
2019,10420,10,-0.00021
2019,10580,10,0.001232
2019,10740,10,-0.007367
2019,10780,10,-0.008537
2019,10900,10,0.00288
2019,11020,10,-0.001292
2019,11260,10,-0.006076
2019,11460,10,0.001451
2019,11500,10,-0.006105
2019,11540,10,0.005004
2019,11700,10,-0.001254
2019,12020,10,-0.00125
2019,12100,10,0.003004
2019,12220,10,0.011088
2019,12420,10,0.014351
2019,12540,10,0.001455
2019,12580,10,-0.006766
2019,12620,10,-0.00312
2019,12700,10,-0.001551
2019,12980,10,0.000565
2019,13020,10,-0.001361
2019,13380,10,0.007008
2019,13460,10,0.0167
2019,13780,10,-0.003352
2019,14260,10,0.013416
2019,14500,10,-0.00695
2019,14740,10,0.001914
2019,15180,10,-0.004576
2019,15260,10,-0.002081
2019,15380,10,-0.001256
2019,15500,10,0.005246
2019,15540,10,0.004009
2019,15940,10,-0.001075
2019,15980,10,0.00956
2019,16020,10,-0.000282
2019,16180,10,-0.004675
2019,16220,10,-0.010651
2019,16300,10,-0.000323
2019,16700,10,0.006529
2019,16860,10,-0.001321
2019,16940,10,-0.003702
2019,17020,10,0.00112
2019,17420,10,0.004313
2019,17660,10,0.009963
2019,17780,10,0.009947
2019,17820,10,0.004585
2019,17900,10,0.001446
2019,18020,10,0.002497
2019,18700,10,-0.003679
2019,19340,10,-0.001585
2019,19460,10,-0.004609
2019,19500,10,-0.005987
2019,19740,10,0.000403
2019,20020,10,-0.002334
2019,20100,10,0.006395
2019,20220,10,-0.006848
2019,20740,10,0.00491
2019,20940,10,-0.005482
2019,21140,10,0.002519
2019,21300,10,-0.002026
2019,21500,10,-0.003296
2019,21660,10,-0.000451
2019,21820,10,-0.008592
2019,22020,10,0.007534
2019,22140,10,-0.017747
2019,22380,10,-0.001918
2019,22420,10,-0.00204
2019,22500,10,-0.008682
2019,22520,10,-0.000844
2019,22540,10,0.003427
2019,22660,10,0.004585
2019,23420,10,0.000607
2019,23460,10,-0.00658
2019,23580,10,0.000455
2019,24020,10,-0.001561
2019,24220,10,-0.005877
2019,24300,10,-0.00062
2019,24500,10,-0.009763
2019,24540,10,0.011295
2019,24580,10,0.004982
2019,24660,10,-0.002048
2019,25420,10,0.004151
2019,25500,10,-0.00263
2019,25860,10,-0.00584
2019,25980,10,-0.003945
2019,26300,10,-0.004044
2019,26380,10,-0.008531
2019,26620,10,0.009668
2019,26980,10,0.004961
2019,27060,10,-0.001691
2019,27100,10,0.001308
2019,27260,10,0.008391
2019,27340,10,0.006081
2019,27500,10,0.001496
2019,27740,10,-0.001226
2019,27780,10,-0.005925
2019,27860,10,0.003874
2019,27900,10,-0.00347
2019,28100,10,-0.002843
2019,28420,10,0.010087
2019,28660,10,0.00731
2019,28700,10,-0.006596
2019,28740,10,-0.00047
2019,29100,10,0.000549
2019,29340,10,0.001089
2019,29420,10,-0.001469
2019,29460,10,0.010912
2019,29540,10,0.002062
2019,29700,10,0.000172
2019,29740,10,-0.001435
2019,29820,10,0.006334
2019,29940,10,-0.002501
2019,30140,10,0.006452
2019,30300,10,-0.009046
2019,30340,10,-0.001522
2019,30460,10,0.00279
2019,30620,10,-0.001951
2019,30700,10,0.005147
2019,30780,10,-0.001002
2019,30860,10,0.002433
2019,31020,10,0.003148
2019,31420,10,-0.005846
2019,31700,10,0.000547
2019,31860,10,0.000106
2019,32580,10,0.001378
2019,32780,10,0.002133
2019,32900,10,0.000984
2019,33140,10,-8e-05
2019,33340,10,0.000628
2019,33540,10,0.00017
2019,33700,10,-0.000611
2019,33780,10,0.003723
2019,33860,10,-0.004112
2019,34060,10,-0.008913
2019,34580,10,0.004655
2019,34620,10,-0.001311
2019,34740,10,-0.000634
2019,34940,10,0.00839
2019,35660,10,-0.001797
2019,35840,10,0.010072
2019,36100,10,0.004885
2019,36220,10,0.010315
2019,36420,10,0.000269
2019,36500,10,0.007186
2019,36540,10,0.003917
2019,36740,10,0.008817
2019,36780,10,0.003243
2019,36980,10,-0.001138
2019,37100,10,-0.004164
2019,37340,10,-0.000276
2019,37860,10,0.003338
2019,38060,10,0.004611
2019,38300,10,-0.002263
2019,38340,10,-0.002807
2019,38860,10,0.003261
2019,38900,10,0.002412
2019,38940,10,0.001521
2019,39300,10,-0.001093
2019,39340,10,0.012419
2019,39380,10,-0.006914
2019,39460,10,0.005151
2019,39540,10,0.001395
2019,39580,10,0.011697
2019,39740,10,0.003082
2019,39820,10,-0.003698
2019,39900,10,0.006011
2019,40140,10,0.002057
2019,40420,10,-0.000916
2019,40660,10,-0.005719
2019,40900,10,0.00301
2019,40980,10,-0.0029
2019,41060,10,0.000883
2019,41100,10,0.019335
2019,41140,10,-0.002556
2019,41420,10,0.002402
2019,41500,10,-0.006421
2019,41700,10,0.003764
2019,41740,10,-0.000841
2019,41940,10,-0.001938
2019,42020,10,-0.002945
2019,42100,10,-0.008876
2019,42140,10,-0.008265
2019,42220,10,-0.009236
2019,42340,10,-0.000631
2019,42540,10,-0.000887
2019,42680,10,0.004788
2019,43100,10,0.001505
2019,43620,10,0.013841
2019,43780,10,0.002641
2019,44100,10,-0.004753
2019,44180,10,0.000805
2019,44220,10,-9.1e-05
2019,44300,10,0.000977
2019,44700,10,0.003452
2019,45060,10,-0.000784
2019,45220,10,-0.003851
2019,45820,10,-0.007019
2019,45940,10,0.002589
2019,46060,10,-0.002577
2019,46140,10,-0.003301
2019,46340,10,-0.001465
2019,46540,10,-0.003864
2019,46660,10,0.001069
2019,46700,10,-0.0028
2019,47220,10,-0.002429
2019,47300,10,-0.00124
2019,47940,10,-0.005315
2019,48300,10,0.001222
2019,48540,10,-0.017681
2019,48660,10,-0.003491
2019,48700,10,-0.003671
2019,49020,10,0.001857
2019,49420,10,-0.003881
2019,49620,10,0.002814
2019,49660,10,-0.00346
2019,49740,10,-0.000259
2019,10180,11,-0.004901
2019,10420,11,-5.2e-05
2019,10580,11,0.001257
2019,10740,11,-0.007231
2019,10780,11,-0.008694
2019,10900,11,0.00333
2019,11020,11,-0.001799
2019,11260,11,-0.006645
2019,11460,11,0.001799
2019,11500,11,-0.006097
2019,11540,11,0.00501
2019,11700,11,-0.001368
2019,12020,11,-0.000983
2019,12100,11,0.002247
2019,12220,11,0.010626
2019,12420,11,0.013966
2019,12540,11,0.001733
2019,12580,11,-0.006783
2019,12620,11,-0.003083
2019,12700,11,-0.00176
2019,12980,11,0.000728
2019,13020,11,-0.001248
2019,13380,11,0.006977
2019,13460,11,0.01645
2019,13780,11,-0.003498
2019,14260,11,0.013034
2019,14500,11,-0.006859
2019,14740,11,0.001887
2019,15180,11,-0.004401
2019,15260,11,-0.002224
2019,15380,11,-0.001169
2019,15500,11,0.005657
2019,15540,11,0.0042
2019,15940,11,-0.001156
2019,15980,11,0.009675
2019,16020,11,-0.000934
2019,16180,11,-0.003741
2019,16220,11,-0.011246
2019,16300,11,-0.0001
2019,16700,11,0.006111
2019,16860,11,-0.001356
2019,16940,11,-0.004168
2019,17020,11,0.00103
2019,17420,11,0.004698
2019,17660,11,0.009799
2019,17780,11,0.008892
2019,17820,11,0.004648
2019,17900,11,0.001193
2019,18020,11,0.002506
2019,18700,11,-0.003638
2019,19340,11,-0.001472
2019,19460,11,-0.004147
2019,19500,11,-0.005859
2019,19740,11,0.000203
2019,20020,11,-0.002171
2019,20100,11,0.005692
2019,20220,11,-0.006754
2019,20740,11,0.004964
2019,20940,11,-0.005301
2019,21140,11,0.002848
2019,21300,11,-0.002685
2019,21500,11,-0.003507
2019,21660,11,-0.000302
2019,21820,11,-0.00926
2019,22020,11,0.007612
2019,22140,11,-0.018151
2019,22380,11,-0.001718
2019,22420,11,-0.001952
2019,22500,11,-0.008888
2019,22520,11,-0.001275
2019,22540,11,0.003946
2019,22660,11,0.004601
2019,23420,11,0.00061
2019,23460,11,-0.006607
2019,23580,11,0.000814
2019,24020,11,-0.001644
2019,24220,11,-0.005632
2019,24300,11,-0.000654
2019,24500,11,-0.009808
2019,24540,11,0.011634
2019,24580,11,0.004978
2019,24660,11,-0.002204
2019,25420,11,0.004416
2019,25500,11,-0.002427
2019,25860,11,-0.005646
2019,25980,11,-0.004378
2019,26300,11,-0.003261
2019,26380,11,-0.008715
2019,26620,11,0.009553
2019,26980,11,0.00488
2019,27060,11,-0.001082
2019,27100,11,0.001264
2019,27260,11,0.008194
2019,27340,11,0.005992
2019,27500,11,0.001896
2019,27740,11,-0.001099
2019,27780,11,-0.006016
2019,27860,11,0.003748
2019,27900,11,-0.003186
2019,28100,11,-0.002946
2019,28420,11,0.009812
2019,28660,11,0.007546
2019,28700,11,-0.006725
2019,28740,11,-0.000351
2019,29100,11,0.000304
2019,29340,11,0.00022
2019,29420,11,-0.001343
2019,29460,11,0.012006
2019,29540,11,0.002322
2019,29700,11,1.2e-05
2019,29740,11,-0.001759
2019,29820,11,0.006737
2019,29940,11,-0.001851
2019,30140,11,0.007257
2019,30300,11,-0.009104
2019,30340,11,-0.001474
2019,30460,11,0.002771
2019,30620,11,-0.002128
2019,30700,11,0.004843
2019,30780,11,-0.001178
2019,30860,11,0.00308
2019,31020,11,0.003904
2019,31420,11,-0.005674
2019,31700,11,0.000772
2019,31860,11,0.000282
2019,32580,11,0.001355
2019,32780,11,0.002374
2019,32900,11,0.001901
2019,33140,11,-8.6e-05
2019,33340,11,0.00056
2019,33540,11,-0.000521
2019,33700,11,-0.000119
2019,33780,11,0.003917
2019,33860,11,-0.004164
2019,34060,11,-0.008343
2019,34580,11,0.004885
2019,34620,11,-0.001773
2019,34740,11,-0.000718
2019,34940,11,0.008058
2019,35660,11,-0.001722
2019,35840,11,0.009921
2019,36100,11,0.005154
2019,36220,11,0.011472
2019,36420,11,0.000439
2019,36500,11,0.007721
2019,36540,11,0.003914
2019,36740,11,0.009088
2019,36780,11,0.003225
2019,36980,11,-0.000921
2019,37100,11,-0.004395
2019,37340,11,0.000419
2019,37860,11,0.003486
2019,38060,11,0.005188
2019,38300,11,-0.002353
2019,38340,11,-0.002911
2019,38860,11,0.003059
2019,38900,11,0.001853
2019,38940,11,0.002489
2019,39300,11,-0.000877
2019,39340,11,0.012002
2019,39380,11,-0.006514
2019,39460,11,0.005768
2019,39540,11,0.001576
2019,39580,11,0.011162
2019,39740,11,0.003525
2019,39820,11,-0.003663
2019,39900,11,0.005733
2019,40140,11,0.002388
2019,40420,11,-0.000771
2019,40660,11,-0.005294
2019,40900,11,0.003154
2019,40980,11,-0.003136
2019,41060,11,0.001172
2019,41100,11,0.019231
2019,41140,11,-0.00307
2019,41420,11,0.002848
2019,41500,11,-0.006173
2019,41700,11,0.004287
2019,41740,11,-0.000989
2019,41940,11,-0.002729
2019,42020,11,-0.002939
2019,42100,11,-0.008979
2019,42140,11,-0.008048
2019,42220,11,-0.009792
2019,42340,11,-0.0009
2019,42540,11,-0.000624
2019,42680,11,0.005464
2019,43100,11,0.001505
2019,43620,11,0.013319
2019,43780,11,0.002495
2019,44100,11,-0.004951
2019,44180,11,0.001303
2019,44220,11,-8.2e-05
2019,44300,11,0.0012
2019,44700,11,0.00411
2019,45060,11,-0.000745
2019,45220,11,-0.003932
2019,45820,11,-0.006907
2019,45940,11,0.002862
2019,46060,11,-0.002112
2019,46140,11,-0.003486
2019,46340,11,-0.000669
2019,46540,11,-0.003743
2019,46660,11,0.000423
2019,46700,11,-0.002273
2019,47220,11,-0.002403
2019,47300,11,-0.001189
2019,47940,11,-0.005165
2019,48300,11,0.000927
2019,48540,11,-0.01731
2019,48660,11,-0.003889
2019,48700,11,-0.003347
2019,49020,11,0.002074
2019,49420,11,-0.003958
2019,49620,11,0.003269
2019,49660,11,-0.003563
2019,49740,11,-9.1e-05
2019,10180,12,-0.005115
2019,10420,12,-0.000148
2019,10580,12,0.001231
2019,10740,12,-0.007065
2019,10780,12,-0.008405
2019,10900,12,0.003116
2019,11020,12,-0.001405
2019,11260,12,-0.006179
2019,11460,12,0.001659
2019,11500,12,-0.006005
2019,11540,12,0.004961
2019,11700,12,-0.001398
2019,12020,12,-0.001097
2019,12100,12,0.002452
2019,12220,12,0.010716
2019,12420,12,0.013937
2019,12540,12,0.001827
2019,12580,12,-0.00674
2019,12620,12,-0.003064
2019,12700,12,-0.001598
2019,12980,12,0.000747
2019,13020,12,-0.001197
2019,13380,12,0.006773
2019,13460,12,0.016373
2019,13780,12,-0.003355
2019,14260,12,0.012672
2019,14500,12,-0.00677
2019,14740,12,0.00169
2019,15180,12,-0.004144
2019,15260,12,-0.002068
2019,15380,12,-0.001388
2019,15500,12,0.005479
2019,15540,12,0.003917
2019,15940,12,-0.001164
2019,15980,12,0.009785
2019,16020,12,-0.000605
2019,16180,12,-0.004427
2019,16220,12,-0.010798
2019,16300,12,-0.000154
2019,16700,12,0.006206
2019,16860,12,-0.00142
2019,16940,12,-0.003894
2019,17020,12,0.00088
2019,17420,12,0.004293
2019,17660,12,0.009573
2019,17780,12,0.009245
2019,17820,12,0.004563
2019,17900,12,0.001316
2019,18020,12,0.002464
2019,18700,12,-0.003506
2019,19340,12,-0.001481
2019,19460,12,-0.004226
2019,19500,12,-0.005695
2019,19740,12,0.000179
2019,20020,12,-0.0022
2019,20100,12,0.005865
2019,20220,12,-0.006681
2019,20740,12,0.004778
2019,20940,12,-0.005088
2019,21140,12,0.002565
2019,21300,12,-0.002355
2019,21500,12,-0.003277
2019,21660,12,-0.000441
2019,21820,12,-0.008661
2019,22020,12,0.007598
2019,22140,12,-0.017208
2019,22380,12,-0.001935
2019,22420,12,-0.002042
2019,22500,12,-0.008632
2019,22520,12,-0.001051
2019,22540,12,0.003709
2019,22660,12,0.004488
2019,23420,12,0.000566
2019,23460,12,-0.006407
2019,23580,12,0.000645
2019,24020,12,-0.001446
2019,24220,12,-0.005375
2019,24300,12,-0.000703
2019,24500,12,-0.009695
2019,24540,12,0.011388
2019,24580,12,0.004988
2019,24660,12,-0.002082
2019,25420,12,0.004237
2019,25500,12,-0.002393
2019,25860,12,-0.005588
2019,25980,12,-0.003776
2019,26300,12,-0.003455
2019,26380,12,-0.008473
2019,26620,12,0.009405
2019,26980,12,0.004815
2019,27060,12,-0.00112
2019,27100,12,0.001321
2019,27260,12,0.007989
2019,27340,12,0.005911
2019,27500,12,0.001679
2019,27740,12,-0.001158
2019,27780,12,-0.005671
2019,27860,12,0.003845
2019,27900,12,-0.003258
2019,28100,12,-0.002805
2019,28420,12,0.009669
2019,28660,12,0.007274
2019,28700,12,-0.006558
2019,28740,12,-0.000415
2019,29100,12,0.000358
2019,29340,12,0.000721
2019,29420,12,-0.001601
2019,29460,12,0.011068
2019,29540,12,0.002176
2019,29700,12,0.000147
2019,29740,12,-0.00144
2019,29820,12,0.006485
2019,29940,12,-0.002028
2019,30140,12,0.006789
2019,30300,12,-0.008756
2019,30340,12,-0.001374
2019,30460,12,0.00279
2019,30620,12,-0.001923
2019,30700,12,0.004857
2019,30780,12,-0.00096
2019,30860,12,0.002855
2019,31020,12,0.00328
2019,31420,12,-0.00575
2019,31700,12,0.00071
2019,31860,12,0.000209
2019,32580,12,0.001456
2019,32780,12,0.002078
2019,32900,12,0.001672
2019,33140,12,-0.000297
2019,33340,12,0.000535
2019,33540,12,-4.4e-05
2019,33700,12,3.6e-05
2019,33780,12,0.003727
2019,33860,12,-0.003935
2019,34060,12,-0.008479
2019,34580,12,0.004518
2019,34620,12,-0.001396
2019,34740,12,-0.000609
2019,34940,12,0.008397
2019,35660,12,-0.001663
2019,35840,12,0.009967
2019,36100,12,0.004841
2019,36220,12,0.009931
2019,36420,12,0.000393
2019,36500,12,0.007239
2019,36540,12,0.003786
2019,36740,12,0.008673
2019,36780,12,0.003193
2019,36980,12,-0.001026
2019,37100,12,-0.004125
2019,37340,12,0.000207
2019,37860,12,0.003194
2019,38060,12,0.005096
2019,38300,12,-0.002428
2019,38340,12,-0.002855
2019,38860,12,0.003112
2019,38900,12,0.002054
2019,38940,12,0.002077
2019,39300,12,-0.000914
2019,39340,12,0.011929
2019,39380,12,-0.006469
2019,39460,12,0.00565
2019,39540,12,0.001471
2019,39580,12,0.011202
2019,39740,12,0.003277
2019,39820,12,-0.00363
2019,39900,12,0.005699
2019,40140,12,0.002367
2019,40420,12,-0.000686
2019,40660,12,-0.005396
2019,40900,12,0.003212
2019,40980,12,-0.002908
2019,41060,12,0.00109
2019,41100,12,0.018949
2019,41140,12,-0.002745
2019,41420,12,0.002425
2019,41500,12,-0.005987
2019,41700,12,0.004018
2019,41740,12,-0.000919
2019,41940,12,-0.002575
2019,42020,12,-0.002906
2019,42100,12,-0.008744
2019,42140,12,-0.007902
2019,42220,12,-0.009315
2019,42340,12,-0.000872
2019,42540,12,-0.000696
2019,42680,12,0.00522
2019,43100,12,0.001524
2019,43620,12,0.013255
2019,43780,12,0.002455
2019,44100,12,-0.004675
2019,44180,12,0.000993
2019,44220,12,-0.000117
2019,44300,12,0.001116
2019,44700,12,0.004071
2019,45060,12,-0.000884
2019,45220,12,-0.003804
2019,45820,12,-0.00683
2019,45940,12,0.002707
2019,46060,12,-0.002234
2019,46140,12,-0.003229
2019,46340,12,-0.001017
2019,46540,12,-0.003828
2019,46660,12,0.000747
2019,46700,12,-0.002113
2019,47220,12,-0.002277
2019,47300,12,-0.001175
2019,47940,12,-0.005294
2019,48300,12,0.000736
2019,48540,12,-0.017371
2019,48660,12,-0.003443
2019,48700,12,-0.003509
2019,49020,12,0.002012
2019,49420,12,-0.004097
2019,49620,12,0.003096
2019,49660,12,-0.003456
2019,49740,12,-4.9e-05
2019,10180,13,-0.003931
2019,10420,13,-0.000201
2019,10580,13,0.001192
2019,10740,13,-0.00736
2019,10780,13,-0.008869
2019,10900,13,0.003239
2019,11020,13,-0.001791
2019,11260,13,-0.006932
2019,11460,13,0.001978
2019,11500,13,-0.005944
2019,11540,13,0.005053
2019,11700,13,-0.000137
2019,12020,13,-0.000293
2019,12100,13,0.000751
2019,12220,13,0.009885
2019,12420,13,0.01431
2019,12540,13,0.000998
2019,12580,13,-0.006598
2019,12620,13,-0.002918
2019,12700,13,-0.001894
2019,12980,13,0.000489
2019,13020,13,-0.001863
2019,13380,13,0.007571
2019,13460,13,0.016107
2019,13780,13,-0.003355
2019,14260,13,0.013017
2019,14500,13,-0.005488
2019,14740,13,0.002857
2019,15180,13,-0.00506
2019,15260,13,-0.001919
2019,15380,13,-0.000336
2019,15500,13,0.005184
2019,15540,13,0.004636
2019,15940,13,-0.001409
2019,15980,13,0.008528
2019,16020,13,-0.000993
2019,16180,13,-0.002614
2019,16220,13,-0.010713
2019,16300,13,-0.000415
2019,16700,13,0.006519
2019,16860,13,-0.000956
2019,16940,13,-0.00419
2019,17020,13,0.000268
2019,17420,13,0.005035
2019,17660,13,0.010124
2019,17780,13,0.00836
2019,17820,13,0.004519
2019,17900,13,0.000889
2019,18020,13,0.002875
2019,18700,13,-0.002647
2019,19340,13,-0.001161
2019,19460,13,-0.003706
2019,19500,13,-0.005897
2019,19740,13,0.00092
2019,20020,13,-0.002056
2019,20100,13,0.004736
2019,20220,13,-0.006336
2019,20740,13,0.005437
2019,20940,13,-0.005535
2019,21140,13,0.003383
2019,21300,13,-0.002751
2019,21500,13,-0.003726
2019,21660,13,0.000491
2019,21820,13,-0.009629
2019,22020,13,0.008072
2019,22140,13,-0.018635
2019,22380,13,-0.001301
2019,22420,13,-0.002358
2019,22500,13,-0.008903
2019,22520,13,-0.001438
2019,22540,13,0.004131
2019,22660,13,0.004967
2019,23420,13,-0.000183
2019,23460,13,-0.006533
2019,23580,13,0.001354
2019,24020,13,-0.001588
2019,24220,13,-0.004195
2019,24300,13,-0.000445
2019,24500,13,-0.009328
2019,24540,13,0.011693
2019,24580,13,0.004764
2019,24660,13,-0.00259
2019,25420,13,0.00433
2019,25500,13,-0.002022
2019,25860,13,-0.005086
2019,25980,13,-0.004953
2019,26300,13,-0.003118
2019,26380,13,-0.00851
2019,26620,13,0.009234
2019,26980,13,0.004382
2019,27060,13,-2.9e-05
2019,27100,13,0.000966
2019,27260,13,0.008001
2019,27340,13,0.005549
2019,27500,13,0.002477
2019,27740,13,-0.000504
2019,27780,13,-0.006207
2019,27860,13,0.002457
2019,27900,13,-0.00309
2019,28100,13,-0.002978
2019,28420,13,0.00984
2019,28660,13,0.007057
2019,28700,13,-0.00607
2019,28740,13,-0.000376
2019,29100,13,0.000833
2019,29340,13,-0.000219
2019,29420,13,-0.001646
2019,29460,13,0.01282
2019,29540,13,0.002828
2019,29700,13,-0.000181
2019,29740,13,-0.00285
2019,29820,13,0.00633
2019,29940,13,-0.00166
2019,30140,13,0.007507
2019,30300,13,-0.007767
2019,30340,13,-0.001497
2019,30460,13,0.002753
2019,30620,13,-0.001975
2019,30700,13,0.00444
2019,30780,13,-0.002244
2019,30860,13,0.003737
2019,31020,13,0.005492
2019,31420,13,-0.005763
2019,31700,13,0.000711
2019,31860,13,0.000111
2019,32580,13,0.000769
2019,32780,13,0.002213
2019,32900,13,0.001386
2019,33140,13,0.00041
2019,33340,13,0.000689
2019,33540,13,-0.001083
2019,33700,13,-0.000288
2019,33780,13,0.003605
2019,33860,13,-0.004625
2019,34060,13,-0.006908
2019,34580,13,0.005804
2019,34620,13,-0.002312
2019,34740,13,-0.000323
2019,34940,13,0.007532
2019,35660,13,-0.001216
2019,35840,13,0.009168
2019,36100,13,0.004967
2019,36220,13,0.014195
2019,36420,13,0.000241
2019,36500,13,0.008519
2019,36540,13,0.003701
2019,36740,13,0.009151
2019,36780,13,0.003267
2019,36980,13,-0.000547
2019,37100,13,-0.004869
2019,37340,13,0.001065
2019,37860,13,0.00373
2019,38060,13,0.004915
2019,38300,13,-0.001855
2019,38340,13,-0.002574
2019,38860,13,0.002948
2019,38900,13,0.002406
2019,38940,13,0.003078
2019,39300,13,-0.000978
2019,39340,13,0.0114
2019,39380,13,-0.005862
2019,39460,13,0.005282
2019,39540,13,0.001999
2019,39580,13,0.01079
2019,39740,13,0.003744
2019,39820,13,-0.00425
2019,39900,13,0.005287
2019,40140,13,0.002214
2019,40420,13,-0.001004
2019,40660,13,-0.005094
2019,40900,13,0.002272
2019,40980,13,-0.004042
2019,41060,13,0.001169
2019,41100,13,0.017883
2019,41140,13,-0.003083
2019,41420,13,0.004227
2019,41500,13,-0.006616
2019,41700,13,0.00511
2019,41740,13,-0.001531
2019,41940,13,-0.002002
2019,42020,13,-0.00313
2019,42100,13,-0.008635
2019,42140,13,-0.008013
2019,42220,13,-0.009642
2019,42340,13,-0.000819
2019,42540,13,-0.000663
2019,42680,13,0.005879
2019,43100,13,0.001859
2019,43620,13,0.012526
2019,43780,13,0.002773
2019,44100,13,-0.004817
2019,44180,13,0.001523
2019,44220,13,-0.00016
2019,44300,13,0.001971
2019,44700,13,0.00339
2019,45060,13,-0.000625
2019,45220,13,-0.003924
2019,45820,13,-0.006799
2019,45940,13,0.002105
2019,46060,13,-0.002523
2019,46140,13,-0.004012
2019,46340,13,-0.000152
2019,46540,13,-0.002951
2019,46660,13,-0.000536
2019,46700,13,-0.002327
2019,47220,13,-0.002885
2019,47300,13,-0.001618
2019,47940,13,-0.004814
2019,48300,13,0.002284
2019,48540,13,-0.015806
2019,48660,13,-0.004077
2019,48700,13,-0.002594
2019,49020,13,0.001401
2019,49420,13,-0.003204
2019,49620,13,0.003355
2019,49660,13,-0.003808
2019,49740,13,-0.001217
2019,10180,14,-0.003809
2019,10420,14,-0.000198
2019,10580,14,0.001345
2019,10740,14,-0.007339
2019,10780,14,-0.008862
2019,10900,14,0.00322
2019,11020,14,-0.002079
2019,11260,14,-0.006827
2019,11460,14,0.002076
2019,11500,14,-0.005976
2019,11540,14,0.005093
2019,11700,14,6.1e-05
2019,12020,14,-0.000158
2019,12100,14,0.000449
2019,12220,14,0.009769
2019,12420,14,0.014475
2019,12540,14,0.000835
2019,12580,14,-0.006626
2019,12620,14,-0.002854
2019,12700,14,-0.002069
2019,12980,14,0.000369
2019,13020,14,-0.001993
2019,13380,14,0.007746
2019,13460,14,0.016222
2019,13780,14,-0.003386
2019,14260,14,0.012837
2019,14500,14,-0.00522
2019,14740,14,0.003008
2019,15180,14,-0.005033
2019,15260,14,-0.001879
2019,15380,14,-0.000209
2019,15500,14,0.005203
2019,15540,14,0.004628
2019,15940,14,-0.001495
2019,15980,14,0.008563
2019,16020,14,-0.00164
2019,16180,14,-0.002653
2019,16220,14,-0.010902
2019,16300,14,-0.000344
2019,16700,14,0.006601
2019,16860,14,-0.000969
2019,16940,14,-0.00417
2019,17020,14,5.5e-05
2019,17420,14,0.004961
2019,17660,14,0.010162
2019,17780,14,0.008327
2019,17820,14,0.004529
2019,17900,14,0.00081
2019,18020,14,0.003035
2019,18700,14,-0.002347
2019,19340,14,-0.001073
2019,19460,14,-0.003598
2019,19500,14,-0.005722
2019,19740,14,0.001001
2019,20020,14,-0.002126
2019,20100,14,0.004463
2019,20220,14,-0.006219
2019,20740,14,0.005525
2019,20940,14,-0.005533
2019,21140,14,0.003436
2019,21300,14,-0.003118
2019,21500,14,-0.003819
2019,21660,14,0.000701
2019,21820,14,-0.009701
2019,22020,14,0.008322
2019,22140,14,-0.018451
2019,22380,14,-0.001371
2019,22420,14,-0.002516
2019,22500,14,-0.008969
2019,22520,14,-0.001438
2019,22540,14,0.00417
2019,22660,14,0.004968
2019,23420,14,-0.000387
2019,23460,14,-0.006452
2019,23580,14,0.001549
2019,24020,14,-0.001452
2019,24220,14,-0.003819
2019,24300,14,-0.000451
2019,24500,14,-0.009276
2019,24540,14,0.01187
2019,24580,14,0.004803
2019,24660,14,-0.002661
2019,25420,14,0.004449
2019,25500,14,-0.001875
2019,25860,14,-0.005186
2019,25980,14,-0.004814
2019,26300,14,-0.003055
2019,26380,14,-0.008482
2019,26620,14,0.009126
2019,26980,14,0.004426
2019,27060,14,0.000229
2019,27100,14,0.000623
2019,27260,14,0.00789
2019,27340,14,0.005178
2019,27500,14,0.002625
2019,27740,14,-0.000514
2019,27780,14,-0.006206
2019,27860,14,0.00232
2019,27900,14,-0.00296
2019,28100,14,-0.002981
2019,28420,14,0.009771
2019,28660,14,0.006916
2019,28700,14,-0.006315
2019,28740,14,-0.000364
2019,29100,14,0.000967
2019,29340,14,-0.000129
2019,29420,14,-0.001884
2019,29460,14,0.012847
2019,29540,14,0.002862
2019,29700,14,-0.000175
2019,29740,14,-0.003025
2019,29820,14,0.006176
2019,29940,14,-0.001396
2019,30140,14,0.007557
2019,30300,14,-0.007761
2019,30340,14,-0.001435
2019,30460,14,0.002839
2019,30620,14,-0.002067
2019,30700,14,0.004472
2019,30780,14,-0.002335
2019,30860,14,0.003854
2019,31020,14,0.005699
2019,31420,14,-0.005982
2019,31700,14,0.000737
2019,31860,14,0.000177
2019,32580,14,0.000785
2019,32780,14,0.002087
2019,32900,14,0.001192
2019,33140,14,0.000405
2019,33340,14,0.000745
2019,33540,14,-0.000954
2019,33700,14,-0.000454
2019,33780,14,0.003242
2019,33860,14,-0.004608
2019,34060,14,-0.006669
2019,34580,14,0.005923
2019,34620,14,-0.002501
2019,34740,14,-0.00037
2019,34940,14,0.00757
2019,35660,14,-0.001221
2019,35840,14,0.009103
2019,36100,14,0.004897
2019,36220,14,0.013702
2019,36420,14,0.000253
2019,36500,14,0.008672
2019,36540,14,0.003693
2019,36740,14,0.009132
2019,36780,14,0.003321
2019,36980,14,-0.000532
2019,37100,14,-0.004932
2019,37340,14,0.00127
2019,37860,14,0.003616
2019,38060,14,0.004958
2019,38300,14,-0.001861
2019,38340,14,-0.002668
2019,38860,14,0.002953
2019,38900,14,0.002574
2019,38940,14,0.003238
2019,39300,14,-0.000969
2019,39340,14,0.011384
2019,39380,14,-0.005645
2019,39460,14,0.005412
2019,39540,14,0.002094
2019,39580,14,0.010731
2019,39740,14,0.003657
2019,39820,14,-0.004422
2019,39900,14,0.005128
2019,40140,14,0.002188
2019,40420,14,-0.000995
2019,40660,14,-0.005026
2019,40900,14,0.002177
2019,40980,14,-0.004155
2019,41060,14,0.000849
2019,41100,14,0.017664
2019,41140,14,-0.003498
2019,41420,14,0.004465
2019,41500,14,-0.006607
2019,41700,14,0.005385
2019,41740,14,-0.001659
2019,41940,14,-0.002061
2019,42020,14,-0.003234
2019,42100,14,-0.008539
2019,42140,14,-0.007957
2019,42220,14,-0.009576
2019,42340,14,-0.000823
2019,42540,14,-0.000642
2019,42680,14,0.006015
2019,43100,14,0.001738
2019,43620,14,0.012467
2019,43780,14,0.002807
2019,44100,14,-0.004679
2019,44180,14,0.001558
2019,44220,14,-0.00024
2019,44300,14,0.002131
2019,44700,14,0.003311
2019,45060,14,-0.000644
2019,45220,14,-0.003932
2019,45820,14,-0.006696
2019,45940,14,0.002031
2019,46060,14,-0.002628
2019,46140,14,-0.003999
2019,46340,14,2.2e-05
2019,46540,14,-0.002752
2019,46660,14,-0.000681
2019,46700,14,-0.002203
2019,47220,14,-0.002992
2019,47300,14,-0.001723
2019,47940,14,-0.004898
2019,48300,14,0.002449
2019,48540,14,-0.015457
2019,48660,14,-0.00443
2019,48700,14,-0.002466
2019,49020,14,0.001362
2019,49420,14,-0.003125
2019,49620,14,0.003341
2019,49660,14,-0.00386
2019,49740,14,-0.001336
2019,10180,15,-0.004943
2019,10420,15,-6.2e-05
2019,10580,15,0.001171
2019,10740,15,-0.007229
2019,10780,15,-0.008531
2019,10900,15,0.003299
2019,11020,15,-0.001622
2019,11260,15,-0.006684
2019,11460,15,0.001806
2019,11500,15,-0.005949
2019,11540,15,0.004908
2019,11700,15,-0.001476
2019,12020,15,-0.000907
2019,12100,15,0.002467
2019,12220,15,0.010581
2019,12420,15,0.01367
2019,12540,15,0.001621
2019,12580,15,-0.006778
2019,12620,15,-0.003113
2019,12700,15,-0.001585
2019,12980,15,0.000762
2019,13020,15,-0.001201
2019,13380,15,0.006857
2019,13460,15,0.016183
2019,13780,15,-0.003418
2019,14260,15,0.013097
2019,14500,15,-0.006989
2019,14740,15,0.001828
2019,15180,15,-0.004336
2019,15260,15,-0.002216
2019,15380,15,-0.001167
2019,15500,15,0.0056
2019,15540,15,0.003929
2019,15940,15,-0.001131
2019,15980,15,0.009572
2019,16020,15,-0.00055
2019,16180,15,-0.003858
2019,16220,15,-0.011372
2019,16300,15,-0.000144
2019,16700,15,0.005954
2019,16860,15,-0.001344
2019,16940,15,-0.004109
2019,17020,15,0.001171
2019,17420,15,0.004576
2019,17660,15,0.009764
2019,17780,15,0.008869
2019,17820,15,0.004675
2019,17900,15,0.001191
2019,18020,15,0.002378
2019,18700,15,-0.003577
2019,19340,15,-0.001663
2019,19460,15,-0.004289
2019,19500,15,-0.006051
2019,19740,15,0.000114
2019,20020,15,-0.002202
2019,20100,15,0.005668
2019,20220,15,-0.006731
2019,20740,15,0.004808
2019,20940,15,-0.005236
2019,21140,15,0.002704
2019,21300,15,-0.002443
2019,21500,15,-0.003401
2019,21660,15,-0.000278
2019,21820,15,-0.009003
2019,22020,15,0.007213
2019,22140,15,-0.017965
2019,22380,15,-0.001829
2019,22420,15,-0.0018
2019,22500,15,-0.008774
2019,22520,15,-0.00132
2019,22540,15,0.003702
2019,22660,15,0.004352
2019,23420,15,0.000704
2019,23460,15,-0.006433
2019,23580,15,0.000737
2019,24020,15,-0.001706
2019,24220,15,-0.006029
2019,24300,15,-0.000587
2019,24500,15,-0.009814
2019,24540,15,0.011426
2019,24580,15,0.004895
2019,24660,15,-0.002079
2019,25420,15,0.00428
2019,25500,15,-0.002543
2019,25860,15,-0.005479
2019,25980,15,-0.004255
2019,26300,15,-0.003351
2019,26380,15,-0.008687
2019,26620,15,0.009436
2019,26980,15,0.004781
2019,27060,15,-0.001509
2019,27100,15,0.001408
2019,27260,15,0.008172
2019,27340,15,0.00588
2019,27500,15,0.001766
2019,27740,15,-0.001072
2019,27780,15,-0.006053
2019,27860,15,0.003827
2019,27900,15,-0.003182
2019,28100,15,-0.00294
2019,28420,15,0.009741
2019,28660,15,0.007476
2019,28700,15,-0.006571
2019,28740,15,-0.000228
2019,29100,15,0.00023
2019,29340,15,0.000302
2019,29420,15,-0.001199
2019,29460,15,0.011708
2019,29540,15,0.002335
2019,29700,15,6.3e-05
2019,29740,15,-0.001678
2019,29820,15,0.006897
2019,29940,15,-0.001935
2019,30140,15,0.00697
2019,30300,15,-0.008957
2019,30340,15,-0.001438
2019,30460,15,0.002782
2019,30620,15,-0.002073
2019,30700,15,0.004832
2019,30780,15,-0.001086
2019,30860,15,0.002932
2019,31020,15,0.003672
2019,31420,15,-0.005549
2019,31700,15,0.000779
2019,31860,15,0.000266
2019,32580,15,0.00139
2019,32780,15,0.002311
2019,32900,15,0.001828
2019,33140,15,-0.000127
2019,33340,15,0.00049
2019,33540,15,-0.00042
2019,33700,15,-1.4e-05
2019,33780,15,0.003982
2019,33860,15,-0.004095
2019,34060,15,-0.008566
2019,34580,15,0.004749
2019,34620,15,-0.00149
2019,34740,15,-0.000504
2019,34940,15,0.007934
2019,35660,15,-0.001791
2019,35840,15,0.009818
2019,36100,15,0.005093
2019,36220,15,0.010666
2019,36420,15,0.000396
2019,36500,15,0.007499
2019,36540,15,0.00388
2019,36740,15,0.008999
2019,36780,15,0.003166
2019,36980,15,-0.000963
2019,37100,15,-0.004356
2019,37340,15,0.000329
2019,37860,15,0.003451
2019,38060,15,0.005018
2019,38300,15,-0.00227
2019,38340,15,-0.002854
2019,38860,15,0.00304
2019,38900,15,0.001695
2019,38940,15,0.002347
2019,39300,15,-0.00088
2019,39340,15,0.011922
2019,39380,15,-0.00638
2019,39460,15,0.005665
2019,39540,15,0.001583
2019,39580,15,0.011065
2019,39740,15,0.003466
2019,39820,15,-0.003543
2019,39900,15,0.005769
2019,40140,15,0.002277
2019,40420,15,-0.000816
2019,40660,15,-0.005229
2019,40900,15,0.00312
2019,40980,15,-0.002875
2019,41060,15,0.001317
2019,41100,15,0.019111
2019,41140,15,-0.002642
2019,41420,15,0.002718
2019,41500,15,-0.006074
2019,41700,15,0.00407
2019,41740,15,-0.000945
2019,41940,15,-0.002558
2019,42020,15,-0.002927
2019,42100,15,-0.008897
2019,42140,15,-0.007895
2019,42220,15,-0.009483
2019,42340,15,-0.000849
2019,42540,15,-0.000657
2019,42680,15,0.005274
2019,43100,15,0.001557
2019,43620,15,0.013167
2019,43780,15,0.002521
2019,44100,15,-0.005025
2019,44180,15,0.001192
2019,44220,15,-8e-05
2019,44300,15,0.001141
2019,44700,15,0.004038
2019,45060,15,-0.000743
2019,45220,15,-0.003825
2019,45820,15,-0.006833
2019,45940,15,0.002824
2019,46060,15,-0.002113
2019,46140,15,-0.003338
2019,46340,15,-0.000762
2019,46540,15,-0.003688
2019,46660,15,0.00057
2019,46700,15,-0.002277
2019,47220,15,-0.002441
2019,47300,15,-0.001223
2019,47940,15,-0.005172
2019,48300,15,0.000858
2019,48540,15,-0.017421
2019,48660,15,-0.003444
2019,48700,15,-0.003547
2019,49020,15,0.001997
2019,49420,15,-0.003856
2019,49620,15,0.003187
2019,49660,15,-0.003518
2019,49740,15,-0.000139
2019,10180,16,-0.004519
2019,10420,16,-0.000306
2019,10580,16,0.000939
2019,10740,16,-0.007186
2019,10780,16,-0.008579
2019,10900,16,0.003283
2019,11020,16,-0.000868
2019,11260,16,-0.006695
2019,11460,16,0.00198
2019,11500,16,-0.005932
2019,11540,16,0.005001
2019,11700,16,-0.000657
2019,12020,16,-0.000503
2019,12100,16,0.000965
2019,12220,16,0.010152
2019,12420,16,0.014178
2019,12540,16,0.001464
2019,12580,16,-0.0067
2019,12620,16,-0.003124
2019,12700,16,-0.001465
2019,12980,16,0.000842
2019,13020,16,-0.001626
2019,13380,16,0.007085
2019,13460,16,0.01618
2019,13780,16,-0.003269
2019,14260,16,0.012572
2019,14500,16,-0.005882
2019,14740,16,0.002172
2019,15180,16,-0.004562
2019,15260,16,-0.001911
2019,15380,16,-0.000993
2019,15500,16,0.005238
2019,15540,16,0.00422
2019,15940,16,-0.001421
2019,15980,16,0.009149
2019,16020,16,0.00019
2019,16180,16,-0.003613
2019,16220,16,-0.010658
2019,16300,16,-0.000489
2019,16700,16,0.006457
2019,16860,16,-0.001226
2019,16940,16,-0.004091
2019,17020,16,0.000262
2019,17420,16,0.00457
2019,17660,16,0.009783
2019,17780,16,0.008591
2019,17820,16,0.004486
2019,17900,16,0.001022
2019,18020,16,0.002666
2019,18700,16,-0.002583
2019,19340,16,-0.001297
2019,19460,16,-0.003969
2019,19500,16,-0.006012
2019,19740,16,0.000605
2019,20020,16,-0.002014
2019,20100,16,0.004996
2019,20220,16,-0.006483
2019,20740,16,0.005036
2019,20940,16,-0.005085
2019,21140,16,0.002972
2019,21300,16,-0.002081
2019,21500,16,-0.003399
2019,21660,16,0.000183
2019,21820,16,-0.008894
2019,22020,16,0.0079
2019,22140,16,-0.017682
2019,22380,16,-0.001636
2019,22420,16,-0.002302
2019,22500,16,-0.008722
2019,22520,16,-0.001365
2019,22540,16,0.003904
2019,22660,16,0.00477
2019,23420,16,-4e-06
2019,23460,16,-0.0064
2019,23580,16,0.001033
2019,24020,16,-0.001554
2019,24220,16,-0.004348
2019,24300,16,-0.00067
2019,24500,16,-0.009586
2019,24540,16,0.011649
2019,24580,16,0.004839
2019,24660,16,-0.002431
2019,25420,16,0.004074
2019,25500,16,-0.002068
2019,25860,16,-0.004831
2019,25980,16,-0.004409
2019,26300,16,-0.003261
2019,26380,16,-0.008501
2019,26620,16,0.009184
2019,26980,16,0.004251
2019,27060,16,-0.0002
2019,27100,16,0.001612
2019,27260,16,0.007836
2019,27340,16,0.005665
2019,27500,16,0.002081
2019,27740,16,-0.00055
2019,27780,16,-0.005815
2019,27860,16,0.002874
2019,27900,16,-0.003373
2019,28100,16,-0.002902
2019,28420,16,0.009665
2019,28660,16,0.006955
2019,28700,16,-0.005632
2019,28740,16,-0.000577
2019,29100,16,0.000567
2019,29340,16,0.000127
2019,29420,16,-0.001901
2019,29460,16,0.011936
2019,29540,16,0.002802
2019,29700,16,-7.3e-05
2019,29740,16,-0.002349
2019,29820,16,0.00638
2019,29940,16,-0.002013
2019,30140,16,0.007179
2019,30300,16,-0.00719
2019,30340,16,-0.001412
2019,30460,16,0.002758
2019,30620,16,-0.00165
2019,30700,16,0.004282
2019,30780,16,-0.001817
2019,30860,16,0.003638
2019,31020,16,0.004487
2019,31420,16,-0.005805
2019,31700,16,0.000742
2019,31860,16,-2e-05
2019,32580,16,0.000978
2019,32780,16,0.002053
2019,32900,16,0.001682
2019,33140,16,-0.00019
2019,33340,16,0.000446
2019,33540,16,-0.000685
2019,33700,16,0.00057
2019,33780,16,0.004008
2019,33860,16,-0.004291
2019,34060,16,-0.00738
2019,34580,16,0.005126
2019,34620,16,-0.001518
2019,34740,16,2.8e-05
2019,34940,16,0.008125
2019,35660,16,-0.001085
2019,35840,16,0.009541
2019,36100,16,0.004688
2019,36220,16,0.011983
2019,36420,16,0.000294
2019,36500,16,0.007865
2019,36540,16,0.00347
2019,36740,16,0.008863
2019,36780,16,0.003123
2019,36980,16,-0.000661
2019,37100,16,-0.004607
2019,37340,16,0.00089
2019,37860,16,0.003379
2019,38060,16,0.005103
2019,38300,16,-0.002116
2019,38340,16,-0.002604
2019,38860,16,0.002974
2019,38900,16,0.002278
2019,38940,16,0.002824
2019,39300,16,-0.000995
2019,39340,16,0.011414
2019,39380,16,-0.006024
2019,39460,16,0.005559
2019,39540,16,0.001752
2019,39580,16,0.01092
2019,39740,16,0.00378
2019,39820,16,-0.004052
2019,39900,16,0.0053
2019,40140,16,0.002364
2019,40420,16,-0.00092
2019,40660,16,-0.005316
2019,40900,16,0.002617
2019,40980,16,-0.003611
2019,41060,16,0.00178
2019,41100,16,0.018179
2019,41140,16,-0.002228
2019,41420,16,0.00346
2019,41500,16,-0.006268
2019,41700,16,0.004712
2019,41740,16,-0.001399
2019,41940,16,-0.002309
2019,42020,16,-0.003031
2019,42100,16,-0.008581
2019,42140,16,-0.007889
2019,42220,16,-0.009393
2019,42340,16,-0.00093
2019,42540,16,-0.00069
2019,42680,16,0.005802
2019,43100,16,0.002078
2019,43620,16,0.012449
2019,43780,16,0.002564
2019,44100,16,-0.004717
2019,44180,16,0.001108
2019,44220,16,-0.00024
2019,44300,16,0.001859
2019,44700,16,0.003834
2019,45060,16,-0.000988
2019,45220,16,-0.00381
2019,45820,16,-0.006984
2019,45940,16,0.002113
2019,46060,16,-0.002396
2019,46140,16,-0.003686
2019,46340,16,-0.000563
2019,46540,16,-0.003461
2019,46660,16,-0.000207
2019,46700,16,-0.001943
2019,47220,16,-0.002699
2019,47300,16,-0.001532
2019,47940,16,-0.005128
2019,48300,16,0.001428
2019,48540,16,-0.016901
2019,48660,16,-0.00285
2019,48700,16,-0.003111
2019,49020,16,0.001547
2019,49420,16,-0.003897
2019,49620,16,0.003479
2019,49660,16,-0.003731
2019,49740,16,-0.000861
2019,10180,17,-0.003875
2019,10420,17,0.000476
2019,10580,17,0.001851
2019,10740,17,-0.00714
2019,10780,17,-0.009087
2019,10900,17,0.004174
2019,11020,17,-0.004283
2019,11260,17,-0.00783
2019,11460,17,0.00261
2019,11500,17,-0.006035
2019,11540,17,0.005047
2019,11700,17,-0.00135
2019,12020,17,-0.000119
2019,12100,17,0.001085
2019,12220,17,0.00957
2019,12420,17,0.013154
2019,12540,17,0.001542
2019,12580,17,-0.006878
2019,12620,17,-0.00277
2019,12700,17,-0.00272
2019,12980,17,0.000543
2019,13020,17,-0.001207
2019,13380,17,0.00753
2019,13460,17,0.015986
2019,13780,17,-0.003912
2019,14260,17,0.012833
2019,14500,17,-0.006694
2019,14740,17,0.00249
2019,15180,17,-0.004262
2019,15260,17,-0.002614
2019,15380,17,-0.000311
2019,15500,17,0.006697
2019,15540,17,0.004487
2019,15940,17,-0.001301
2019,15980,17,0.009625
2019,16020,17,-0.004302
2019,16180,17,-0.001533
2019,16220,17,-0.013488
2019,16300,17,0.000677
2019,16700,17,0.005105
2019,16860,17,-0.001262
2019,16940,17,-0.005088
2019,17020,17,0.001141
2019,17420,17,0.005617
2019,17660,17,0.009928
2019,17780,17,0.006766
2019,17820,17,0.005036
2019,17900,17,0.000558
2019,18020,17,0.002757
2019,18700,17,-0.003432
2019,19340,17,-0.001396
2019,19460,17,-0.003216
2019,19500,17,-0.005505
2019,19740,17,-0.000172
2019,20020,17,-0.002169
2019,20100,17,0.003976
2019,20220,17,-0.006393
2019,20740,17,0.005335
2019,20940,17,-0.00539
2019,21140,17,0.003661
2019,21300,17,-0.005131
2019,21500,17,-0.004274
2019,21660,17,0.000505
2019,21820,17,-0.011092
2019,22020,17,0.007609
2019,22140,17,-0.019476
2019,22380,17,-0.001444
2019,22420,17,-0.001739
2019,22500,17,-0.009532
2019,22520,17,-0.00224
2019,22540,17,0.004893
2019,22660,17,0.004293
2019,23420,17,0.000572
2019,23460,17,-0.006462
2019,23580,17,0.001914
2019,24020,17,-0.001745
2019,24220,17,-0.005774
2019,24300,17,-0.000389
2019,24500,17,-0.009796
2019,24540,17,0.01244
2019,24580,17,0.004983
2019,24660,17,-0.002432
2019,25420,17,0.005385
2019,25500,17,-0.002084
2019,25860,17,-0.005812
2019,25980,17,-0.005188
2019,26300,17,-0.001661
2019,26380,17,-0.009186
2019,26620,17,0.009289
2019,26980,17,0.005137
2019,27060,17,-0.000503
2019,27100,17,5.9e-05
2019,27260,17,0.007979
2019,27340,17,0.005107
2019,27500,17,0.003
2019,27740,17,-0.001054
2019,27780,17,-0.006778
2019,27860,17,0.00355
2019,27900,17,-0.002054
2019,28100,17,-0.003238
2019,28420,17,0.009416
2019,28660,17,0.00812
2019,28700,17,-0.008128
2019,28740,17,0.000413
2019,29100,17,5.2e-05
2019,29340,17,-0.001407
2019,29420,17,-0.000823
2019,29460,17,0.014607
2019,29540,17,0.002756
2019,29700,17,-0.000239
2019,29740,17,-0.002676
2019,29820,17,0.007715
2019,29940,17,0.000158
2019,30140,17,0.008856
2019,30300,17,-0.010458
2019,30340,17,-0.001304
2019,30460,17,0.002966
2019,30620,17,-0.003079
2019,30700,17,0.004761
2019,30780,17,-0.001557
2019,30860,17,0.004195
2019,31020,17,0.006001
2019,31420,17,-0.00547
2019,31700,17,0.00128
2019,31860,17,0.000996
2019,32580,17,0.001454
2019,32780,17,0.002832
2019,32900,17,0.003039
2019,33140,17,0.00039
2019,33340,17,0.000682
2019,33540,17,-0.00167
2019,33700,17,-0.000384
2019,33780,17,0.003384
2019,33860,17,-0.004364
2019,34060,17,-0.007329
2019,34580,17,0.00586
2019,34620,17,-0.003316
2019,34740,17,-0.001276
2019,34940,17,0.006774
2019,35660,17,-0.002162
2019,35840,17,0.009278
2019,36100,17,0.005966
2019,36220,17,0.013072
2019,36420,17,0.00077
2019,36500,17,0.009297
2019,36540,17,0.0043
2019,36740,17,0.009888
2019,36780,17,0.003421
2019,36980,17,-0.00059
2019,37100,17,-0.005068
2019,37340,17,0.001879
2019,37860,17,0.003893
2019,38060,17,0.006042
2019,38300,17,-0.002324
2019,38340,17,-0.003333
2019,38860,17,0.002699
2019,38900,17,0.0007
2019,38940,17,0.004464
2019,39300,17,-0.000388
2019,39340,17,0.011479
2019,39380,17,-0.005252
2019,39460,17,0.006969
2019,39540,17,0.002287
2019,39580,17,0.010004
2019,39740,17,0.004029
2019,39820,17,-0.003699
2019,39900,17,0.005156
2019,40140,17,0.002696
2019,40420,17,-0.00054
2019,40660,17,-0.004056
2019,40900,17,0.003204
2019,40980,17,-0.003493
2019,41060,17,0.0006
2019,41100,17,0.018971
2019,41140,17,-0.005251
2019,41420,17,0.004345
2019,41500,17,-0.005845
2019,41700,17,0.00563
2019,41740,17,-0.001357
2019,41940,17,-0.00408
2019,42020,17,-0.003171
2019,42100,17,-0.00922
2019,42140,17,-0.007485
2019,42220,17,-0.010761
2019,42340,17,-0.001231
2019,42540,17,-5.2e-05
2019,42680,17,0.006625
2019,43100,17,0.000937
2019,43620,17,0.012588
2019,43780,17,0.00251
2019,44100,17,-0.005451
2019,44180,17,0.002619
2019,44220,17,-5.5e-05
2019,44300,17,0.001637
2019,44700,17,0.004907
2019,45060,17,-0.00028
2019,45220,17,-0.004104
2019,45820,17,-0.006246
2019,45940,17,0.003615
2019,46060,17,-0.001375
2019,46140,17,-0.003763
2019,46340,17,0.001372
2019,46540,17,-0.002767
2019,46660,17,-0.000752
2019,46700,17,-0.001565
2019,47220,17,-0.002672
2019,47300,17,-0.001268
2019,47940,17,-0.004852
2019,48300,17,0.001058
2019,48540,17,-0.015638
2019,48660,17,-0.006106
2019,48700,17,-0.002552
2019,49020,17,0.002479
2019,49420,17,-0.003218
2019,49620,17,0.00384
2019,49660,17,-0.003801
2019,49740,17,4.3e-05
2019,10180,18,-0.003654
2019,10420,18,-0.000282
2019,10580,18,0.001044
2019,10740,18,-0.007352
2019,10780,18,-0.008896
2019,10900,18,0.003361
2019,11020,18,-0.001596
2019,11260,18,-0.007197
2019,11460,18,0.002163
2019,11500,18,-0.005859
2019,11540,18,0.00504
2019,11700,18,0.000133
2019,12020,18,8.4e-05
2019,12100,18,-5e-05
2019,12220,18,0.009498
2019,12420,18,0.014205
2019,12540,18,0.000838
2019,12580,18,-0.006611
2019,12620,18,-0.002949
2019,12700,18,-0.001843
2019,12980,18,0.000544
2019,13020,18,-0.002051
2019,13380,18,0.007702
2019,13460,18,0.015853
2019,13780,18,-0.003301
2019,14260,18,0.012805
2019,14500,18,-0.005127
2019,14740,18,0.00305
2019,15180,18,-0.00514
2019,15260,18,-0.001866
2019,15380,18,-0.000193
2019,15500,18,0.00517
2019,15540,18,0.004637
2019,15940,18,-0.001596
2019,15980,18,0.008204
2019,16020,18,-0.000677
2019,16180,18,-0.002339
2019,16220,18,-0.010828
2019,16300,18,-0.00054
2019,16700,18,0.006471
2019,16860,18,-0.000888
2019,16940,18,-0.004324
2019,17020,18,-6.5e-05
2019,17420,18,0.005098
2019,17660,18,0.010151
2019,17780,18,0.007836
2019,17820,18,0.004515
2019,17900,18,0.000712
2019,18020,18,0.002947
2019,18700,18,-0.002065
2019,19340,18,-0.001137
2019,19460,18,-0.00357
2019,19500,18,-0.006051
2019,19740,18,0.000959
2019,20020,18,-0.00199
2019,20100,18,0.004144
2019,20220,18,-0.006211
2019,20740,18,0.005486
2019,20940,18,-0.005477
2019,21140,18,0.003522
2019,21300,18,-0.002707
2019,21500,18,-0.003787
2019,21660,18,0.000864
2019,21820,18,-0.009655
2019,22020,18,0.008084
2019,22140,18,-0.018653
2019,22380,18,-0.001277
2019,22420,18,-0.002535
2019,22500,18,-0.008928
2019,22520,18,-0.001707
2019,22540,18,0.004224
2019,22660,18,0.00491
2019,23420,18,-0.000486
2019,23460,18,-0.006413
2019,23580,18,0.001552
2019,24020,18,-0.00163
2019,24220,18,-0.003768
2019,24300,18,-0.000401
2019,24500,18,-0.00928
2019,24540,18,0.011776
2019,24580,18,0.004675
2019,24660,18,-0.002718
2019,25420,18,0.004253
2019,25500,18,-0.001827
2019,25860,18,-0.004615
2019,25980,18,-0.005098
2019,26300,18,-0.002905
2019,26380,18,-0.008539
2019,26620,18,0.009029
2019,26980,18,0.00405
2019,27060,18,0.000352
2019,27100,18,0.001037
2019,27260,18,0.007784
2019,27340,18,0.005351
2019,27500,18,0.002679
2019,27740,18,-0.000204
2019,27780,18,-0.006291
2019,27860,18,0.002011
2019,27900,18,-0.003064
2019,28100,18,-0.003019
2019,28420,18,0.009764
2019,28660,18,0.006875
2019,28700,18,-0.00562
2019,28740,18,-0.000382
2019,29100,18,0.000863
2019,29340,18,-0.000574
2019,29420,18,-0.001848
2019,29460,18,0.01316
2019,29540,18,0.003164
2019,29700,18,-0.000284
2019,29740,18,-0.003249
2019,29820,18,0.006341
2019,29940,18,-0.001521
2019,30140,18,0.00769
2019,30300,18,-0.006912
2019,30340,18,-0.001465
2019,30460,18,0.002748
2019,30620,18,-0.001857
2019,30700,18,0.004083
2019,30780,18,-0.002629
2019,30860,18,0.004209
2019,31020,18,0.006066
2019,31420,18,-0.00576
2019,31700,18,0.000748
2019,31860,18,1e-05
2019,32580,18,0.000577
2019,32780,18,0.002108
2019,32900,18,0.001431
2019,33140,18,0.000387
2019,33340,18,0.000587
2019,33540,18,-0.001367
2019,33700,18,8.1e-05
2019,33780,18,0.003653
2019,33860,18,-0.004751
2019,34060,18,-0.00636
2019,34580,18,0.006052
2019,34620,18,-0.002317
2019,34740,18,1.8e-05
2019,34940,18,0.007298
2019,35660,18,-0.000986
2019,35840,18,0.008828
2019,36100,18,0.004824
2019,36220,18,0.014655
2019,36420,18,0.000188
2019,36500,18,0.008831
2019,36540,18,0.003492
2019,36740,18,0.009136
2019,36780,18,0.003222
2019,36980,18,-0.000406
2019,37100,18,-0.005127
2019,37340,18,0.001421
2019,37860,18,0.003737
2019,38060,18,0.004965
2019,38300,18,-0.001763
2019,38340,18,-0.002461
2019,38860,18,0.00282
2019,38900,18,0.002337
2019,38940,18,0.003447
2019,39300,18,-0.001013
2019,39340,18,0.011027
2019,39380,18,-0.005451
2019,39460,18,0.005298
2019,39540,18,0.002189
2019,39580,18,0.010506
2019,39740,18,0.003987
2019,39820,18,-0.004434
2019,39900,18,0.004916
2019,40140,18,0.002214
2019,40420,18,-0.001075
2019,40660,18,-0.004944
2019,40900,18,0.001981
2019,40980,18,-0.004315
2019,41060,18,0.001521
2019,41100,18,0.0174
2019,41140,18,-0.002787
2019,41420,18,0.004725
2019,41500,18,-0.006684
2019,41700,18,0.005449
2019,41740,18,-0.001814
2019,41940,18,-0.002008
2019,42020,18,-0.003236
2019,42100,18,-0.008553
2019,42140,18,-0.00784
2019,42220,18,-0.009639
2019,42340,18,-0.000908
2019,42540,18,-0.000627
2019,42680,18,0.006143
2019,43100,18,0.00213
2019,43620,18,0.011938
2019,43780,18,0.002806
2019,44100,18,-0.004854
2019,44180,18,0.001576
2019,44220,18,-0.000249
2019,44300,18,0.002352
2019,44700,18,0.003354
2019,45060,18,-0.000723
2019,45220,18,-0.003899
2019,45820,18,-0.006809
2019,45940,18,0.001819
2019,46060,18,-0.002558
2019,46140,18,-0.004176
2019,46340,18,0.000169
2019,46540,18,-0.002715
2019,46660,18,-0.000984
2019,46700,18,-0.002119
2019,47220,18,-0.003125
2019,47300,18,-0.001846
2019,47940,18,-0.004783
2019,48300,18,0.002516
2019,48540,18,-0.01557
2019,48660,18,-0.003673
2019,48700,18,-0.002463
2019,49020,18,0.001171
2019,49420,18,-0.003061
2019,49620,18,0.003563
2019,49660,18,-0.003969
2019,49740,18,-0.001605
2019,10180,19,-0.004571
2019,10420,19,0.000478
2019,10580,19,0.002091
2019,10740,19,-0.006924
2019,10780,19,-0.008741
2019,10900,19,0.003657
2019,11020,19,-0.004329
2019,11260,19,-0.00675
2019,11460,19,0.001953
2019,11500,19,-0.006028
2019,11540,19,0.005019
2019,11700,19,-0.001858
2019,12020,19,-0.000856
2019,12100,19,0.00283
2019,12220,19,0.010292
2019,12420,19,0.013065
2019,12540,19,0.001896
2019,12580,19,-0.006787
2019,12620,19,-0.002645
2019,12700,19,-0.002706
2019,12980,19,0.000369
2019,13020,19,-0.000843
2019,13380,19,0.007222
2019,13460,19,0.016118
2019,13780,19,-0.003784
2019,14260,19,0.012857
2019,14500,19,-0.007383
2019,14740,19,0.002083
2019,15180,19,-0.003884
2019,15260,19,-0.002547
2019,15380,19,-0.000795
2019,15500,19,0.006621
2019,15540,19,0.004139
2019,15940,19,-0.001043
2019,15980,19,0.009962
2019,16020,19,-0.004491
2019,16180,19,-0.002974
2019,16220,19,-0.012659
2019,16300,19,0.000829
2019,16700,19,0.005149
2019,16860,19,-0.001352
2019,16940,19,-0.004514
2019,17020,19,0.001581
2019,17420,19,0.005074
2019,17660,19,0.009674
2019,17780,19,0.007973
2019,17820,19,0.005003
2019,17900,19,0.001074
2019,18020,19,0.00259
2019,18700,19,-0.004248
2019,19340,19,-0.001505
2019,19460,19,-0.003578
2019,19500,19,-0.005055
2019,19740,19,-0.000463
2019,20020,19,-0.002356
2019,20100,19,0.005252
2019,20220,19,-0.006536
2019,20740,19,0.005063
2019,20940,19,-0.005432
2019,21140,19,0.003066
2019,21300,19,-0.004851
2019,21500,19,-0.003937
2019,21660,19,-0.000217
2019,21820,19,-0.01024
2019,22020,19,0.007377
2019,22140,19,-0.018339
2019,22380,19,-0.001819
2019,22420,19,-0.001738
2019,22500,19,-0.00913
2019,22520,19,-0.001611
2019,22540,19,0.004512
2019,22660,19,0.004055
2019,23420,19,0.000998
2019,23460,19,-0.00638
2019,23580,19,0.001268
2019,24020,19,-0.001456
2019,24220,19,-0.006424
2019,24300,19,-0.000352
2019,24500,19,-0.009636
2019,24540,19,0.011771
2019,24580,19,0.00512
2019,24660,19,-0.001979
2019,25420,19,0.005317
2019,25500,19,-0.002358
2019,25860,19,-0.00647
2019,25980,19,-0.004072
2019,26300,19,-0.002203
2019,26380,19,-0.008842
2019,26620,19,0.009511
2019,26980,19,0.005613
2019,27060,19,-0.001432
2019,27100,19,-0.000222
2019,27260,19,0.008034
2019,27340,19,0.005639
2019,27500,19,0.002399
2019,27740,19,-0.001636
2019,27780,19,-0.006361
2019,27860,19,0.004421
2019,27900,19,-0.002091
2019,28100,19,-0.002952
2019,28420,19,0.009563
2019,28660,19,0.008186
2019,28700,19,-0.008659
2019,28740,19,0.000465
2019,29100,19,7.1e-05
2019,29340,19,-0.000295
2019,29420,19,-0.000768
2019,29460,19,0.012856
2019,29540,19,0.001978
2019,29700,19,9.2e-05
2019,29740,19,-0.00147
2019,29820,19,0.007356
2019,29940,19,-0.000266
2019,30140,19,0.007976
2019,30300,19,-0.011534
2019,30340,19,-0.001245
2019,30460,19,0.002949
2019,30620,19,-0.003067
2019,30700,19,0.005366
2019,30780,19,-0.000667
2019,30860,19,0.003174
2019,31020,19,0.004408
2019,31420,19,-0.005419
2019,31700,19,0.001059
2019,31860,19,0.001037
2019,32580,19,0.001877
2019,32780,19,0.002568
2019,32900,19,0.002476
2019,33140,19,0.000321
2019,33340,19,0.000832
2019,33540,19,-0.00061
2019,33700,19,-0.001069
2019,33780,19,0.002894
2019,33860,19,-0.003953
2019,34060,19,-0.008425
2019,34580,19,0.005126
2019,34620,19,-0.002894
2019,34740,19,-0.001874
2019,34940,19,0.007252
2019,35660,19,-0.002613
2019,35840,19,0.009601
2019,36100,19,0.005781
2019,36220,19,0.010789
2019,36420,19,0.000727
2019,36500,19,0.008357
2019,36540,19,0.004503
2019,36740,19,0.009246
2019,36780,19,0.003525
2019,36980,19,-0.001056
2019,37100,19,-0.004355
2019,37340,19,0.000717
2019,37860,19,0.003571
2019,38060,19,0.005727
2019,38300,19,-0.002614
2019,38340,19,-0.003341
2019,38860,19,0.002924
2019,38900,19,0.0009
2019,38940,19,0.00299
2019,39300,19,-0.000459
2019,39340,19,0.01199
2019,39380,19,-0.005805
2019,39460,19,0.006495
2019,39540,19,0.001937
2019,39580,19,0.010504
2019,39740,19,0.003265
2019,39820,19,-0.003324
2019,39900,19,0.005505
2019,40140,19,0.002581
2019,40420,19,-0.00027
2019,40660,19,-0.004345
2019,40900,19,0.003651
2019,40980,19,-0.002783
2019,41060,19,-0.000232
2019,41100,19,0.019417
2019,41140,19,-0.005306
2019,41420,19,0.003052
2019,41500,19,-0.005712
2019,41700,19,0.004621
2019,41740,19,-0.000824
2019,41940,19,-0.003791
2019,42020,19,-0.003012
2019,42100,19,-0.009206
2019,42140,19,-0.007488
2019,42220,19,-0.010277
2019,42340,19,-0.001051
2019,42540,19,-0.000194
2019,42680,19,0.005592
2019,43100,19,0.000523
2019,43620,19,0.013461
2019,43780,19,0.002487
2019,44100,19,-0.005108
2019,44180,19,0.002187
2019,44220,19,0.000103
2019,44300,19,0.000821
2019,44700,19,0.00475
2019,45060,19,-0.000229
2019,45220,19,-0.004001
2019,45820,19,-0.006095
2019,45940,19,0.003894
2019,46060,19,-0.001507
2019,46140,19,-0.003227
2019,46340,19,0.000427
2019,46540,19,-0.003161
2019,46660,19,0.000617
2019,46700,19,-0.001944
2019,47220,19,-0.002167
2019,47300,19,-0.000934
2019,47940,19,-0.005006
2019,48300,19,0.000642
2019,48540,19,-0.016002
2019,48660,19,-0.006312
2019,48700,19,-0.002976
2019,49020,19,0.002727
2019,49420,19,-0.003279
2019,49620,19,0.003184
2019,49660,19,-0.003442
2019,49740,19,0.000685
2020,10180,0,-0.003193
2020,10420,0,-0.000441
2020,10580,0,0.000412
2020,10740,0,-0.006813
2020,10780,0,-0.008864
2020,10900,0,0.001955
2020,11020,0,-0.002344
2020,11260,0,-0.003944
2020,11460,0,-0.002756
2020,11500,0,-0.007103
2020,11540,0,0.003429
2020,11700,0,-0.001944
2020,12020,0,0.00023
2020,12100,0,0.002916
2020,12220,0,0.00395
2020,12420,0,0.018722
2020,12540,0,0.001731
2020,12580,0,-0.007099
2020,12620,0,0.000441
2020,12700,0,-0.002228
2020,12980,0,0.000647
2020,13020,0,-0.003463
2020,13380,0,0.009522
2020,13460,0,0.019351
2020,13780,0,-0.002039
2020,14260,0,0.01363
2020,14500,0,-0.002266
2020,14740,0,0.001957
2020,15180,0,-0.003632
2020,15260,0,-0.003417
2020,15380,0,-0.00058
2020,15500,0,0.004426
2020,15540,0,0.001672
2020,15940,0,-0.000805
2020,15980,0,0.012179
2020,16020,0,-0.000135
2020,16180,0,-0.001629
2020,16220,0,-0.002971
2020,16300,0,-0.001259
2020,16700,0,0.006738
2020,16860,0,-0.002678
2020,16940,0,-0.003161
2020,17020,0,-0.028504
2020,17420,0,0.002759
2020,17660,0,0.013813
2020,17780,0,0.004476
2020,17820,0,0.001208
2020,17900,0,-0.000117
2020,18020,0,0.007896
2020,18700,0,0.000827
2020,19340,0,-0.001071
2020,19460,0,-0.002215
2020,19500,0,-0.003235
2020,19740,0,0.000496
2020,20020,0,0.001382
2020,20100,0,0.003979
2020,20220,0,-0.002207
2020,20740,0,0.005214
2020,20940,0,-0.004112
2020,21140,0,0.001786
2020,21300,0,-0.000677
2020,21500,0,-0.00251
2020,21660,0,0.002379
2020,21820,0,-0.012999
2020,22020,0,0.006771
2020,22140,0,-0.016082
2020,22380,0,-0.004732
2020,22420,0,-0.001861
2020,22500,0,-0.00668
2020,22520,0,-0.001941
2020,22540,0,0.00272
2020,22660,0,0.004518
2020,23420,0,0.001412
2020,23460,0,-0.005723
2020,23580,0,0.003362
2020,24020,0,0.000129
2020,24220,0,-0.007258
2020,24300,0,-0.002516
2020,24500,0,-0.01144
2020,24540,0,0.014105
2020,24580,0,0.004295
2020,24660,0,-0.003204
2020,25420,0,0.005809
2020,25500,0,-0.0058
2020,25860,0,-0.005266
2020,25980,0,0.002715
2020,26300,0,-0.004083
2020,26380,0,-0.00795
2020,26620,0,0.01126
2020,26980,0,0.000204
2020,27060,0,-0.000567
2020,27100,0,0.000913
2020,27260,0,0.007278
2020,27340,0,-0.000181
2020,27500,0,0.001489
2020,27740,0,-0.000297
2020,27780,0,-0.004277
2020,27860,0,0.001237
2020,27900,0,-0.001098
2020,28100,0,-0.000675
2020,28420,0,0.008764
2020,28660,0,0.008075
2020,28700,0,-0.005795
2020,28740,0,-0.00166
2020,29100,0,0.001281
2020,29340,0,-0.002628
2020,29420,0,-0.000171
2020,29460,0,0.00874
2020,29540,0,0.002341
2020,29700,0,7.1e-05
2020,29740,0,-0.004602
2020,29820,0,0.003134
2020,29940,0,0.004476
2020,30140,0,0.003237
2020,30300,0,-0.006755
2020,30340,0,0.000647
2020,30460,0,0.001704
2020,30620,0,-0.002015
2020,30700,0,0.003734
2020,30780,0,-0.003402
2020,30860,0,-0.00107
2020,31020,0,0.004748
2020,31420,0,-0.007411
2020,31700,0,0.001883
2020,31860,0,-0.000821
2020,32580,0,0.000718
2020,32780,0,0.001321
2020,32900,0,0.002939
2020,33140,0,-0.000258
2020,33340,0,0.000869
2020,33540,0,-0.002305
2020,33700,0,7.2e-05
2020,33780,0,0.001937
2020,33860,0,-0.002215
2020,34060,0,-0.008568
2020,34580,0,0.003355
2020,34620,0,0.000625
2020,34740,0,0.00047
2020,34940,0,0.009387
2020,35660,0,-0.001199
2020,35840,0,0.010989
2020,36100,0,0.00555
2020,36220,0,0.012271
2020,36420,0,0.001859
2020,36500,0,0.007596
2020,36540,0,0.003437
2020,36740,0,0.005939
2020,36780,0,0.004384
2020,36980,0,-0.000203
2020,37100,0,-0.005509
2020,37340,0,-0.001247
2020,37860,0,0.003456
2020,38060,0,0.004687
2020,38300,0,-0.000547
2020,38340,0,-0.005569
2020,38860,0,0.00384
2020,38900,0,0.003571
2020,38940,0,0.004042
2020,39300,0,-0.001218
2020,39340,0,0.009777
2020,39380,0,-0.006176
2020,39460,0,0.009829
2020,39540,0,0.000334
2020,39580,0,0.011259
2020,39740,0,0.001997
2020,39820,0,-0.002617
2020,39900,0,0.004281
2020,40140,0,0.002519
2020,40420,0,-0.001994
2020,40660,0,-0.005452
2020,40900,0,0.002437
2020,40980,0,-0.000371
2020,41060,0,0.002612
2020,41100,0,0.01717
2020,41140,0,-0.004457
2020,41420,0,0.000381
2020,41500,0,-0.003809
2020,41700,0,0.003359
2020,41740,0,-0.001984
2020,41940,0,-0.002324
2020,42020,0,-0.003891
2020,42100,0,-0.00568
2020,42140,0,-0.007116
2020,42220,0,-0.004928
2020,42340,0,0.002329
2020,42540,0,-0.000642
2020,42680,0,0.004807
2020,43100,0,0.001366
2020,43620,0,0.010194
2020,43780,0,0.001545
2020,44100,0,-0.002462
2020,44180,0,0.001407
2020,44220,0,-0.00212
2020,44300,0,0.000775
2020,44700,0,0.004337
2020,45060,0,-0.001309
2020,45220,0,-0.000981
2020,45820,0,-0.005231
2020,45940,0,2.8e-05
2020,46060,0,-0.001781
2020,46140,0,-0.001642
2020,46340,0,0.000492
2020,46540,0,-0.002609
2020,46660,0,0.000576
2020,46700,0,-0.000572
2020,47220,0,-0.002714
2020,47300,0,-0.000309
2020,47940,0,-0.005723
2020,48300,0,0.004258
2020,48540,0,-0.013281
2020,48660,0,-0.002853
2020,48700,0,-0.002408
2020,49020,0,-0.000976
2020,49420,0,-0.002946
2020,49620,0,0.002265
2020,49660,0,-0.002624
2020,49740,0,-0.001955
2020,10180,1,-0.003201
2020,10420,1,-0.00024
2020,10580,1,0.000443
2020,10740,1,-0.00673
2020,10780,1,-0.008727
2020,10900,1,0.002417
2020,11020,1,-0.002652
2020,11260,1,-0.004355
2020,11460,1,-0.002805
2020,11500,1,-0.007201
2020,11540,1,0.003308
2020,11700,1,-0.00272
2020,12020,1,-9e-06
2020,12100,1,0.003516
2020,12220,1,0.003871
2020,12420,1,0.01824
2020,12540,1,0.002699
2020,12580,1,-0.006975
2020,12620,1,0.000525
2020,12700,1,-0.002191
2020,12980,1,0.000781
2020,13020,1,-0.003101
2020,13380,1,0.008991
2020,13460,1,0.019548
2020,13780,1,-0.002076
2020,14260,1,0.013284
2020,14500,1,-0.003196
2020,14740,1,0.001273
2020,15180,1,-0.003544
2020,15260,1,-0.003577
2020,15380,1,-0.001004
2020,15500,1,0.004651
2020,15540,1,0.001388
2020,15940,1,-0.000694
2020,15980,1,0.012969
2020,16020,1,-0.00023
2020,16180,1,-0.000991
2020,16220,1,-0.002859
2020,16300,1,-0.000948
2020,16700,1,0.006343
2020,16860,1,-0.003021
2020,16940,1,-0.003687
2020,17020,1,-0.030859
2020,17420,1,0.002758
2020,17660,1,0.013555
2020,17780,1,0.00424
2020,17820,1,0.000797
2020,17900,1,-0.000307
2020,18020,1,0.007964
2020,18700,1,-3.6e-05
2020,19340,1,-0.001221
2020,19460,1,-0.00215
2020,19500,1,-0.003203
2020,19740,1,-0.00011
2020,20020,1,0.001769
2020,20100,1,0.004274
2020,20220,1,-0.00215
2020,20740,1,0.004939
2020,20940,1,-0.003686
2020,21140,1,0.001667
2020,21300,1,-0.000887
2020,21500,1,-0.002632
2020,21660,1,0.001914
2020,21820,1,-0.013807
2020,22020,1,0.006401
2020,22140,1,-0.016152
2020,22380,1,-0.004579
2020,22420,1,-0.001343
2020,22500,1,-0.00671
2020,22520,1,-0.002085
2020,22540,1,0.002782
2020,22660,1,0.004109
2020,23420,1,0.002243
2020,23460,1,-0.005701
2020,23580,1,0.003504
2020,24020,1,0.000211
2020,24220,1,-0.008093
2020,24300,1,-0.002748
2020,24500,1,-0.011858
2020,24540,1,0.014131
2020,24580,1,0.004339
2020,24660,1,-0.003184
2020,25420,1,0.006086
2020,25500,1,-0.006038
2020,25860,1,-0.005714
2020,25980,1,0.003549
2020,26300,1,-0.003809
2020,26380,1,-0.008063
2020,26620,1,0.011418
2020,26980,1,0.000217
2020,27060,1,-0.000665
2020,27100,1,0.001094
2020,27260,1,0.007403
2020,27340,1,-0.000762
2020,27500,1,0.001311
2020,27740,1,-0.000401
2020,27780,1,-0.004539
2020,27860,1,0.00171
2020,27900,1,-0.000785
2020,28100,1,-0.000552
2020,28420,1,0.00772
2020,28660,1,0.008399
2020,28700,1,-0.006337
2020,28740,1,-0.001518
2020,29100,1,0.000861
2020,29340,1,-0.002885
2020,29420,1,0.000502
2020,29460,1,0.00928
2020,29540,1,0.002411
2020,29700,1,0.000196
2020,29740,1,-0.004339
2020,29820,1,0.004594
2020,29940,1,0.004745
2020,30140,1,0.00341
2020,30300,1,-0.007609
2020,30340,1,0.000687
2020,30460,1,0.001565
2020,30620,1,-0.00217
2020,30700,1,0.003663
2020,30780,1,-0.003027
2020,30860,1,-0.001507
2020,31020,1,0.004211
2020,31420,1,-0.007148
2020,31700,1,0.002172
2020,31860,1,-0.000631
2020,32580,1,0.001025
2020,32780,1,0.001605
2020,32900,1,0.004488
2020,33140,1,-0.000432
2020,33340,1,0.00096
2020,33540,1,-0.002651
2020,33700,1,0.001027
2020,33780,1,0.002426
2020,33860,1,-0.001877
2020,34060,1,-0.009204
2020,34580,1,0.002689
2020,34620,1,0.00072
2020,34740,1,0.000138
2020,34940,1,0.009867
2020,35660,1,-0.001471
2020,35840,1,0.011399
2020,36100,1,0.006012
2020,36220,1,0.01168
2020,36420,1,0.002116
2020,36500,1,0.007261
2020,36540,1,0.003461
2020,36740,1,0.005968
2020,36780,1,0.004461
2020,36980,1,-0.000373
2020,37100,1,-0.005122
2020,37340,1,-0.001006
2020,37860,1,0.003581
2020,38060,1,0.005463
2020,38300,1,-0.000857
2020,38340,1,-0.005791
2020,38860,1,0.003739
2020,38900,1,0.002841
2020,38940,1,0.004628
2020,39300,1,-0.000912
2020,39340,1,0.009602
2020,39380,1,-0.006549
2020,39460,1,0.010442
2020,39540,1,0.000359
2020,39580,1,0.010899
2020,39740,1,0.002209
2020,39820,1,-0.002184
2020,39900,1,0.004934
2020,40140,1,0.003328
2020,40420,1,-0.001687
2020,40660,1,-0.00535
2020,40900,1,0.003233
2020,40980,1,-5.7e-05
2020,41060,1,0.003083
2020,41100,1,0.017957
2020,41140,1,-0.004655
2020,41420,1,-0.000313
2020,41500,1,-0.003066
2020,41700,1,0.003169
2020,41740,1,-0.001675
2020,41940,1,-0.002565
2020,42020,1,-0.003657
2020,42100,1,-0.005666
2020,42140,1,-0.007103
2020,42220,1,-0.004951
2020,42340,1,0.00211
2020,42540,1,-0.000548
2020,42680,1,0.005307
2020,43100,1,0.001289
2020,43620,1,0.010154
2020,43780,1,0.001518
2020,44100,1,-0.002575
2020,44180,1,0.001586
2020,44220,1,-0.00212
2020,44300,1,0.000199
2020,44700,1,0.005638
2020,45060,1,-0.001247
2020,45220,1,-0.000995
2020,45820,1,-0.00508
2020,45940,1,0.000656
2020,46060,1,-0.001192
2020,46140,1,-0.001463
2020,46340,1,0.00093
2020,46540,1,-0.002805
2020,46660,1,0.000683
2020,46700,1,0.000349
2020,47220,1,-0.002492
2020,47300,1,0.000209
2020,47940,1,-0.005599
2020,48300,1,0.003213
2020,48540,1,-0.013837
2020,48660,1,-0.0029
2020,48700,1,-0.002691
2020,49020,1,-0.000455
2020,49420,1,-0.003866
2020,49620,1,0.00262
2020,49660,1,-0.002472
2020,49740,1,-0.001213
2020,10180,2,-0.002895
2020,10420,2,0.000227
2020,10580,2,0.0008
2020,10740,2,-0.006993
2020,10780,2,-0.009416
2020,10900,2,0.002972
2020,11020,2,-0.003129
2020,11260,2,-0.005541
2020,11460,2,-0.002852
2020,11500,2,-0.007758
2020,11540,2,0.003448
2020,11700,2,-0.002739
2020,12020,2,0.000238
2020,12100,2,0.003465
2020,12220,2,0.00339
2020,12420,2,0.017762
2020,12540,2,0.003143
2020,12580,2,-0.007307
2020,12620,2,0.00041
2020,12700,2,-0.003144
2020,12980,2,0.000516
2020,13020,2,-0.003001
2020,13380,2,0.00962
2020,13460,2,0.020513
2020,13780,2,-0.003402
2020,14260,2,0.013344
2020,14500,2,-0.004812
2020,14740,2,0.001705
2020,15180,2,-0.003798
2020,15260,2,-0.003838
2020,15380,2,-0.000439
2020,15500,2,0.005976
2020,15540,2,0.001047
2020,15940,2,-0.000875
2020,15980,2,0.012741
2020,16020,2,-0.004364
2020,16180,2,0.000701
2020,16220,2,-0.003987
2020,16300,2,0.00014
2020,16700,2,0.006307
2020,16860,2,-0.002587
2020,16940,2,-0.004549
2020,17020,2,-0.035173
2020,17420,2,0.003092
2020,17660,2,0.013475
2020,17780,2,0.004433
2020,17820,2,0.000484
2020,17900,2,-0.000651
2020,18020,2,0.008853
2020,18700,2,-0.000206
2020,19340,2,-0.001482
2020,19460,2,-0.001501
2020,19500,2,-0.003078
2020,19740,2,-0.000487
2020,20020,2,0.002072
2020,20100,2,0.004036
2020,20220,2,-0.001107
2020,20740,2,0.00491
2020,20940,2,-0.003938
2020,21140,2,0.002351
2020,21300,2,-0.00291
2020,21500,2,-0.003476
2020,21660,2,0.002359
2020,21820,2,-0.016672
2020,22020,2,0.005603
2020,22140,2,-0.018081
2020,22380,2,-0.004387
2020,22420,2,-0.000809
2020,22500,2,-0.00734
2020,22520,2,-0.001611
2020,22540,2,0.003494
2020,22660,2,0.004022
2020,23420,2,0.002863
2020,23460,2,-0.005752
2020,23580,2,0.004165
2020,24020,2,0.00021
2020,24220,2,-0.009552
2020,24300,2,-0.002824
2020,24500,2,-0.012738
2020,24540,2,0.014828
2020,24580,2,0.00457
2020,24660,2,-0.002795
2020,25420,2,0.007211
2020,25500,2,-0.006145
2020,25860,2,-0.006743
2020,25980,2,0.004448
2020,26300,2,-0.003091
2020,26380,2,-0.009264
2020,26620,2,0.011901
2020,26980,2,0.00081
2020,27060,2,-0.000524
2020,27100,2,-8.7e-05
2020,27260,2,0.007578
2020,27340,2,-0.001874
2020,27500,2,0.00214
2020,27740,2,-0.000975
2020,27780,2,-0.005345
2020,27860,2,0.002162
2020,27900,2,0.000573
2020,28100,2,-0.000342
2020,28420,2,0.007533
2020,28660,2,0.009533
2020,28700,2,-0.008329
2020,28740,2,-0.001227
2020,29100,2,0.000412
2020,29340,2,-0.003624
2020,29420,2,0.00138
2020,29460,2,0.01178
2020,29540,2,0.003047
2020,29700,2,-0.000386
2020,29740,2,-0.004767
2020,29820,2,0.006114
2020,29940,2,0.005528
2020,30140,2,0.004392
2020,30300,2,-0.010168
2020,30340,2,0.001538
2020,30460,2,0.001216
2020,30620,2,-0.002729
2020,30700,2,0.004166
2020,30780,2,-0.002874
2020,30860,2,-0.000607
2020,31020,2,0.006297
2020,31420,2,-0.006796
2020,31700,2,0.002839
2020,31860,2,0.000141
2020,32580,2,0.001045
2020,32780,2,0.00201
2020,32900,2,0.006677
2020,33140,2,-0.000215
2020,33340,2,0.001289
2020,33540,2,-0.002938
2020,33700,2,0.000427
2020,33780,2,0.001778
2020,33860,2,-0.002185
2020,34060,2,-0.009678
2020,34580,2,0.003456
2020,34620,2,-0.000701
2020,34740,2,-0.000877
2020,34940,2,0.009233
2020,35660,2,-0.00219
2020,35840,2,0.010952
2020,36100,2,0.007309
2020,36220,2,0.012315
2020,36420,2,0.002417
2020,36500,2,0.008235
2020,36540,2,0.004434
2020,36740,2,0.005532
2020,36780,2,0.004753
2020,36980,2,-0.000375
2020,37100,2,-0.005071
2020,37340,2,0.000436
2020,37860,2,0.004541
2020,38060,2,0.006721
2020,38300,2,-0.001021
2020,38340,2,-0.006743
2020,38860,2,0.003836
2020,38900,2,0.00218
2020,38940,2,0.005918
2020,39300,2,-0.000237
2020,39340,2,0.00995
2020,39380,2,-0.005976
2020,39460,2,0.011191
2020,39540,2,0.000731
2020,39580,2,0.010509
2020,39740,2,0.002308
2020,39820,2,-0.002157
2020,39900,2,0.004969
2020,40140,2,0.003993
2020,40420,2,-0.001274
2020,40660,2,-0.004026
2020,40900,2,0.004271
2020,40980,2,-0.000259
2020,41060,2,0.002432
2020,41100,2,0.019313
2020,41140,2,-0.007726
2020,41420,2,0.000769
2020,41500,2,-0.002847
2020,41700,2,0.004512
2020,41740,2,-0.001807
2020,41940,2,-0.003912
2020,42020,2,-0.003835
2020,42100,2,-0.005839
2020,42140,2,-0.006894
2020,42220,2,-0.006786
2020,42340,2,0.001425
2020,42540,2,-0.000261
2020,42680,2,0.006422
2020,43100,2,0.000487
2020,43620,2,0.011164
2020,43780,2,0.002145
2020,44100,2,-0.003056
2020,44180,2,0.003032
2020,44220,2,-0.001816
2020,44300,2,-0.000268
2020,44700,2,0.007112
2020,45060,2,-0.000605
2020,45220,2,-0.001205
2020,45820,2,-0.004221
2020,45940,2,0.001231
2020,46060,2,-0.000903
2020,46140,2,-0.001576
2020,46340,2,0.002684
2020,46540,2,-0.002219
2020,46660,2,0.000308
2020,46700,2,0.000654
2020,47220,2,-0.00312
2020,47300,2,0.000272
2020,47940,2,-0.005326
2020,48300,2,0.002805
2020,48540,2,-0.014675
2020,48660,2,-0.005254
2020,48700,2,-0.002543
2020,49020,2,-1e-05
2020,49420,2,-0.003882
2020,49620,2,0.003263
2020,49660,2,-0.00252
2020,49740,2,-0.000532
2020,10180,3,-0.002842
2020,10420,3,-0.000345
2020,10580,3,0.000554
2020,10740,3,-0.006859
2020,10780,3,-0.00921
2020,10900,3,0.001837
2020,11020,3,-0.00234
2020,11260,3,-0.00441
2020,11460,3,-0.002827
2020,11500,3,-0.007117
2020,11540,3,0.003561
2020,11700,3,-0.001429
2020,12020,3,0.00045
2020,12100,3,0.002551
2020,12220,3,0.003367
2020,12420,3,0.0182
2020,12540,3,0.001485
2020,12580,3,-0.00736
2020,12620,3,0.000437
2020,12700,3,-0.002814
2020,12980,3,0.000407
2020,13020,3,-0.003511
2020,13380,3,0.009973
2020,13460,3,0.019276
2020,13780,3,-0.002654
2020,14260,3,0.0134
2020,14500,3,-0.002393
2020,14740,3,0.002593
2020,15180,3,-0.003581
2020,15260,3,-0.003425
2020,15380,3,3.7e-05
2020,15500,3,0.00513
2020,15540,3,0.001508
2020,15940,3,-0.001061
2020,15980,3,0.011273
2020,16020,3,-0.002494
2020,16180,3,-0.000811
2020,16220,3,-0.003106
2020,16300,3,-0.000807
2020,16700,3,0.006779
2020,16860,3,-0.002007
2020,16940,3,-0.003363
2020,17020,3,-0.02983
2020,17420,3,0.002915
2020,17660,3,0.013416
2020,17780,3,0.00474
2020,17820,3,0.001223
2020,17900,3,-0.000224
2020,18020,3,0.008342
2020,18700,3,0.001066
2020,19340,3,-0.001121
2020,19460,3,-0.00157
2020,19500,3,-0.002922
2020,19740,3,0.000839
2020,20020,3,0.001373
2020,20100,3,0.003493
2020,20220,3,-0.001432
2020,20740,3,0.005244
2020,20940,3,-0.004329
2020,21140,3,0.002234
2020,21300,3,-0.001646
2020,21500,3,-0.002765
2020,21660,3,0.002667
2020,21820,3,-0.013966
2020,22020,3,0.006396
2020,22140,3,-0.016708
2020,22380,3,-0.004632
2020,22420,3,-0.00189
2020,22500,3,-0.006884
2020,22520,3,-0.001463
2020,22540,3,0.003265
2020,22660,3,0.004773
2020,23420,3,0.001188
2020,23460,3,-0.005484
2020,23580,3,0.003563
2020,24020,3,0.000224
2020,24220,3,-0.007151
2020,24300,3,-0.002229
2020,24500,3,-0.01141
2020,24540,3,0.014129
2020,24580,3,0.004311
2020,24660,3,-0.002774
2020,25420,3,0.00615
2020,25500,3,-0.005642
2020,25860,3,-0.005295
2020,25980,3,0.003396
2020,26300,3,-0.003457
2020,26380,3,-0.008396
2020,26620,3,0.011247
2020,26980,3,0.000395
2020,27060,3,-0.000122
2020,27100,3,-3e-06
2020,27260,3,0.006845
2020,27340,3,-3.5e-05
2020,27500,3,0.00216
2020,27740,3,-0.0005
2020,27780,3,-0.004329
2020,27860,3,0.001104
2020,27900,3,-0.000283
2020,28100,3,-0.000387
2020,28420,3,0.009025
2020,28660,3,0.008448
2020,28700,3,-0.006353
2020,28740,3,-0.001388
2020,29100,3,0.001226
2020,29340,3,-0.00289
2020,29420,3,-0.000117
2020,29460,3,0.009525
2020,29540,3,0.002622
2020,29700,3,-0.000427
2020,29740,3,-0.004809
2020,29820,3,0.003395
2020,29940,3,0.004728
2020,30140,3,0.00362
2020,30300,3,-0.007544
2020,30340,3,0.001331
2020,30460,3,0.001469
2020,30620,3,-0.002111
2020,30700,3,0.003955
2020,30780,3,-0.003503
2020,30860,3,3.5e-05
2020,31020,3,0.006102
2020,31420,3,-0.007014
2020,31700,3,0.002041
2020,31860,3,-0.000524
2020,32580,3,0.000351
2020,32780,3,0.001187
2020,32900,3,0.003696
2020,33140,3,0.000124
2020,33340,3,0.000971
2020,33540,3,-0.002296
2020,33700,3,-0.000465
2020,33780,3,0.00105
2020,33860,3,-0.002557
2020,34060,3,-0.008184
2020,34580,3,0.004068
2020,34620,3,-0.0002
2020,34740,3,-2.2e-05
2020,34940,3,0.008807
2020,35660,3,-0.001501
2020,35840,3,0.010205
2020,36100,3,0.005664
2020,36220,3,0.01338
2020,36420,3,0.001736
2020,36500,3,0.008058
2020,36540,3,0.003905
2020,36740,3,0.005122
2020,36780,3,0.004579
2020,36980,3,-6.6e-05
2020,37100,3,-0.005481
2020,37340,3,-0.000271
2020,37860,3,0.003895
2020,38060,3,0.004753
2020,38300,3,-0.000507
2020,38340,3,-0.005652
2020,38860,3,0.003865
2020,38900,3,0.003674
2020,38940,3,0.004556
2020,39300,3,-0.000999
2020,39340,3,0.009556
2020,39380,3,-0.00525
2020,39460,3,0.009681
2020,39540,3,0.000598
2020,39580,3,0.010714
2020,39740,3,0.001833
2020,39820,3,-0.002987
2020,39900,3,0.00396
2020,40140,3,0.002603
2020,40420,3,-0.001729
2020,40660,3,-0.004445
2020,40900,3,0.002555
2020,40980,3,-0.000621
2020,41060,3,0.001828
2020,41100,3,0.016714
2020,41140,3,-0.005882
2020,41420,3,0.001361
2020,41500,3,-0.003804
2020,41700,3,0.004069
2020,41740,3,-0.002238
2020,41940,3,-0.00246
2020,42020,3,-0.004021
2020,42100,3,-0.005414
2020,42140,3,-0.006643
2020,42220,3,-0.005676
2020,42340,3,0.001771
2020,42540,3,-0.000472
2020,42680,3,0.005133
2020,43100,3,0.00109
2020,43620,3,0.010415
2020,43780,3,0.002034
2020,44100,3,-0.002601
2020,44180,3,0.002234
2020,44220,3,-0.001855
2020,44300,3,0.000843
2020,44700,3,0.004618
2020,45060,3,-0.000881
2020,45220,3,-0.001113
2020,45820,3,-0.004567
2020,45940,3,-0.000117
2020,46060,3,-0.001999
2020,46140,3,-0.001809
2020,46340,3,0.001295
2020,46540,3,-0.001922
2020,46660,3,0.000467
2020,46700,3,-0.000443
2020,47220,3,-0.003079
2020,47300,3,-0.000622
2020,47940,3,-0.005417
2020,48300,3,0.004431
2020,48540,3,-0.012917
2020,48660,3,-0.004121
2020,48700,3,-0.001996
2020,49020,3,-0.001245
2020,49420,3,-0.00212
2020,49620,3,0.002312
2020,49660,3,-0.002697
2020,49740,3,-0.002125
2020,10180,4,-0.003392
2020,10420,4,3.7e-05
2020,10580,4,0.000766
2020,10740,4,-0.00687
2020,10780,4,-0.008586
2020,10900,4,0.002717
2020,11020,4,-0.003172
2020,11260,4,-0.004783
2020,11460,4,-0.002631
2020,11500,4,-0.007347
2020,11540,4,0.003184
2020,11700,4,-0.003646
2020,12020,4,-0.000592
2020,12100,4,0.004559
2020,12220,4,0.004285
2020,12420,4,0.018232
2020,12540,4,0.003621
2020,12580,4,-0.006946
2020,12620,4,0.000453
2020,12700,4,-0.00247
2020,12980,4,0.000552
2020,13020,4,-0.002585
2020,13380,4,0.008295
2020,13460,4,0.019947
2020,13780,4,-0.002304
2020,14260,4,0.012975
2020,14500,4,-0.003682
2020,14740,4,0.000425
2020,15180,4,-0.003528
2020,15260,4,-0.003724
2020,15380,4,-0.001526
2020,15500,4,0.004739
2020,15540,4,0.001248
2020,15940,4,-0.000631
2020,15980,4,0.014583
2020,16020,4,-0.001472
2020,16180,4,-0.000125
2020,16220,4,-0.003299
2020,16300,4,-0.000486
2020,16700,4,0.00598
2020,16860,4,-0.003702
2020,16940,4,-0.004408
2020,17020,4,-0.032461
2020,17420,4,0.002758
2020,17660,4,0.013418
2020,17780,4,0.004398
2020,17820,4,0.000582
2020,17900,4,-0.000535
2020,18020,4,0.007747
2020,18700,4,-0.001452
2020,19340,4,-0.001348
2020,19460,4,-0.002209
2020,19500,4,-0.003042
2020,19740,4,-0.000566
2020,20020,4,0.001927
2020,20100,4,0.004855
2020,20220,4,-0.002336
2020,20740,4,0.00492
2020,20940,4,-0.003218
2020,21140,4,0.001469
2020,21300,4,-0.00159
2020,21500,4,-0.002877
2020,21660,4,0.00104
2020,21820,4,-0.014839
2020,22020,4,0.006841
2020,22140,4,-0.016285
2020,22380,4,-0.004463
2020,22420,4,-0.000723
2020,22500,4,-0.006673
2020,22520,4,-0.002264
2020,22540,4,0.003018
2020,22660,4,0.003848
2020,23420,4,0.003069
2020,23460,4,-0.005693
2020,23580,4,0.003747
2020,24020,4,0.000475
2020,24220,4,-0.008736
2020,24300,4,-0.002954
2020,24500,4,-0.012324
2020,24540,4,0.014453
2020,24580,4,0.004563
2020,24660,4,-0.00348
2020,25420,4,0.006606
2020,25500,4,-0.00635
2020,25860,4,-0.007139
2020,25980,4,0.004208
2020,26300,4,-0.00363
2020,26380,4,-0.008109
2020,26620,4,0.011625
2020,26980,4,0.000758
2020,27060,4,-0.00068
2020,27100,4,0.000791
2020,27260,4,0.007763
2020,27340,4,-0.001288
2020,27500,4,0.001107
2020,27740,4,-0.000885
2020,27780,4,-0.004891
2020,27860,4,0.002633
2020,27900,4,-0.000585
2020,28100,4,-0.00046
2020,28420,4,0.006497
2020,28660,4,0.008683
2020,28700,4,-0.007957
2020,28740,4,-0.001305
2020,29100,4,0.000476
2020,29340,4,-0.002627
2020,29420,4,0.000993
2020,29460,4,0.009715
2020,29540,4,0.002172
2020,29700,4,0.00047
2020,29740,4,-0.003874
2020,29820,4,0.006349
2020,29940,4,0.005301
2020,30140,4,0.003686
2020,30300,4,-0.0097
2020,30340,4,0.000828
2020,30460,4,0.001744
2020,30620,4,-0.00248
2020,30700,4,0.003981
2020,30780,4,-0.002523
2020,30860,4,-0.002592
2020,31020,4,0.002942
2020,31420,4,-0.007218
2020,31700,4,0.00232
2020,31860,4,-0.000316
2020,32580,4,0.001581
2020,32780,4,0.00181
2020,32900,4,0.006083
2020,33140,4,-0.000571
2020,33340,4,0.001204
2020,33540,4,-0.003012
2020,33700,4,0.001649
2020,33780,4,0.00251
2020,33860,4,-0.001602
2020,34060,4,-0.010252
2020,34580,4,0.001781
2020,34620,4,0.000437
2020,34740,4,-0.000818
2020,34940,4,0.011012
2020,35660,4,-0.002102
2020,35840,4,0.012476
2020,36100,4,0.006476
2020,36220,4,0.010386
2020,36420,4,0.002271
2020,36500,4,0.006886
2020,36540,4,0.003611
2020,36740,4,0.006554
2020,36780,4,0.004494
2020,36980,4,-0.000784
2020,37100,4,-0.004706
2020,37340,4,-0.000783
2020,37860,4,0.003337
2020,38060,4,0.006216
2020,38300,4,-0.001504
2020,38340,4,-0.00602
2020,38860,4,0.0037
2020,38900,4,0.002189
2020,38940,4,0.005428
2020,39300,4,-0.00062
2020,39340,4,0.009619
2020,39380,4,-0.007161
2020,39460,4,0.011423
2020,39540,4,0.000551
2020,39580,4,0.010743
2020,39740,4,0.002107
2020,39820,4,-0.002236
2020,39900,4,0.00619
2020,40140,4,0.004339
2020,40420,4,-0.001164
2020,40660,4,-0.005453
2020,40900,4,0.004156
2020,40980,4,9.2e-05
2020,41060,4,0.002593
2020,41100,4,0.019002
2020,41140,4,-0.005535
2020,41420,4,-0.001322
2020,41500,4,-0.00238
2020,41700,4,0.002806
2020,41740,4,-0.001279
2020,41940,4,-0.002349
2020,42020,4,-0.003402
2020,42100,4,-0.005702
2020,42140,4,-0.007404
2020,42220,4,-0.004042
2020,42340,4,0.0019
2020,42540,4,-0.000548
2020,42680,4,0.005985
2020,43100,4,0.000877
2020,43620,4,0.010512
2020,43780,4,0.001518
2020,44100,4,-0.002454
2020,44180,4,0.001613
2020,44220,4,-0.002032
2020,44300,4,-0.000695
2020,44700,4,0.00706
2020,45060,4,-0.001174
2020,45220,4,-0.001161
2020,45820,4,-0.004949
2020,45940,4,0.001499
2020,46060,4,-0.000758
2020,46140,4,-0.001335
2020,46340,4,0.001144
2020,46540,4,-0.003026
2020,46660,4,0.001036
2020,46700,4,0.0014
2020,47220,4,-0.002273
2020,47300,4,0.00077
2020,47940,4,-0.00562
2020,48300,4,0.001884
2020,48540,4,-0.014759
2020,48660,4,-0.003827
2020,48700,4,-0.003004
2020,49020,4,0.000233
2020,49420,4,-0.005167
2020,49620,4,0.002741
2020,49660,4,-0.002314
2020,49740,4,-0.000414
2020,10180,5,-0.003522
2020,10420,5,-0.000389
2020,10580,5,0.000468
2020,10740,5,-0.006975
2020,10780,5,-0.008825
2020,10900,5,0.002066
2020,11020,5,-0.002565
2020,11260,5,-0.003779
2020,11460,5,-0.002778
2020,11500,5,-0.007305
2020,11540,5,0.003345
2020,11700,5,-0.002509
2020,12020,5,-9.5e-05
2020,12100,5,0.003629
2020,12220,5,0.004487
2020,12420,5,0.019472
2020,12540,5,0.002132
2020,12580,5,-0.007078
2020,12620,5,0.000394
2020,12700,5,-0.002128
2020,12980,5,0.00068
2020,13020,5,-0.003358
2020,13380,5,0.009313
2020,13460,5,0.019908
2020,13780,5,-0.00192
2020,14260,5,0.014063
2020,14500,5,-0.002349
2020,14740,5,0.001477
2020,15180,5,-0.003729
2020,15260,5,-0.003521
2020,15380,5,-0.001016
2020,15500,5,0.00409
2020,15540,5,0.001764
2020,15940,5,-0.000618
2020,15980,5,0.013375
2020,16020,5,0.000396
2020,16180,5,-0.001751
2020,16220,5,-0.003077
2020,16300,5,-0.001362
2020,16700,5,0.006758
2020,16860,5,-0.003303
2020,16940,5,-0.003258
2020,17020,5,-0.028854
2020,17420,5,0.002693
2020,17660,5,0.014368
2020,17780,5,0.004465
2020,17820,5,0.001163
2020,17900,5,-0.00011
2020,18020,5,0.007788
2020,18700,5,0.000264
2020,19340,5,-0.001101
2020,19460,5,-0.002598
2020,19500,5,-0.003355
2020,19740,5,0.000149
2020,20020,5,0.001456
2020,20100,5,0.004522
2020,20220,5,-0.002673
2020,20740,5,0.005329
2020,20940,5,-0.003991
2020,21140,5,0.001513
2020,21300,5,-0.000454
2020,21500,5,-0.00251
2020,21660,5,0.002065
2020,21820,5,-0.013096
2020,22020,5,0.007244
2020,22140,5,-0.016176
2020,22380,5,-0.004846
2020,22420,5,-0.001649
2020,22500,5,-0.006652
2020,22520,5,-0.002243
2020,22540,5,0.002532
2020,22660,5,0.00436
2020,23420,5,0.001826
2020,23460,5,-0.005997
2020,23580,5,0.003448
2020,24020,5,0.000165
2020,24220,5,-0.007713
2020,24300,5,-0.002787
2020,24500,5,-0.011874
2020,24540,5,0.014423
2020,24580,5,0.004423
2020,24660,5,-0.003598
2020,25420,5,0.00595
2020,25500,5,-0.006113
2020,25860,5,-0.005951
2020,25980,5,0.002569
2020,26300,5,-0.004483
2020,26380,5,-0.007872
2020,26620,5,0.011579
2020,26980,5,0.000329
2020,27060,5,-0.000882
2020,27100,5,0.001195
2020,27260,5,0.007839
2020,27340,5,-0.000526
2020,27500,5,0.00111
2020,27740,5,-0.000417
2020,27780,5,-0.004393
2020,27860,5,0.001615
2020,27900,5,-0.001456
2020,28100,5,-0.000795
2020,28420,5,0.008499
2020,28660,5,0.008132
2020,28700,5,-0.006309
2020,28740,5,-0.001762
2020,29100,5,0.001235
2020,29340,5,-0.002462
2020,29420,5,1.5e-05
2020,29460,5,0.008583
2020,29540,5,0.002085
2020,29700,5,0.000457
2020,29740,5,-0.004472
2020,29820,5,0.003433
2020,29940,5,0.004733
2020,30140,5,0.003107
2020,30300,5,-0.007298
2020,30340,5,0.000392
2020,30460,5,0.001947
2020,30620,5,-0.002129
2020,30700,5,0.003888
2020,30780,5,-0.003267
2020,30860,5,-0.002125
2020,31020,5,0.003808
2020,31420,5,-0.007839
2020,31700,5,0.0019
2020,31860,5,-0.000868
2020,32580,5,0.001146
2020,32780,5,0.001479
2020,32900,5,0.002953
2020,33140,5,-0.000474
2020,33340,5,0.000962
2020,33540,5,-0.002414
2020,33700,5,0.000273
2020,33780,5,0.00232
2020,33860,5,-0.002
2020,34060,5,-0.009259
2020,34580,5,0.002808
2020,34620,5,0.000918
2020,34740,5,0.000376
2020,34940,5,0.010153
2020,35660,5,-0.001286
2020,35840,5,0.011958
2020,36100,5,0.005869
2020,36220,5,0.011557
2020,36420,5,0.002037
2020,36500,5,0.00742
2020,36540,5,0.003408
2020,36740,5,0.006689
2020,36780,5,0.004335
2020,36980,5,-0.000406
2020,37100,5,-0.005526
2020,37340,5,-0.001825
2020,37860,5,0.003244
2020,38060,5,0.004981
2020,38300,5,-0.000736
2020,38340,5,-0.005766
2020,38860,5,0.003936
2020,38900,5,0.003407
2020,38940,5,0.004013
2020,39300,5,-0.001253
2020,39340,5,0.010162
2020,39380,5,-0.006972
2020,39460,5,0.010427
2020,39540,5,0.000241
2020,39580,5,0.011804
2020,39740,5,0.001961
2020,39820,5,-0.002463
2020,39900,5,0.004897
2020,40140,5,0.002753
2020,40420,5,-0.002001
2020,40660,5,-0.006107
2020,40900,5,0.002688
2020,40980,5,-0.00018
2020,41060,5,0.002724
2020,41100,5,0.018058
2020,41140,5,-0.004315
2020,41420,5,-0.000422
2020,41500,5,-0.003708
2020,41700,5,0.002944
2020,41740,5,-0.001764
2020,41940,5,-0.002356
2020,42020,5,-0.003844
2020,42100,5,-0.005983
2020,42140,5,-0.007599
2020,42220,5,-0.004307
2020,42340,5,0.002733
2020,42540,5,-0.000774
2020,42680,5,0.004871
2020,43100,5,0.001273
2020,43620,5,0.010515
2020,43780,5,0.001307
2020,44100,5,-0.002378
2020,44180,5,0.001027
2020,44220,5,-0.002255
2020,44300,5,0.000441
2020,44700,5,0.004597
2020,45060,5,-0.001499
2020,45220,5,-0.000949
2020,45820,5,-0.005579
2020,45940,5,0.000359
2020,46060,5,-0.001573
2020,46140,5,-0.001511
2020,46340,5,0.000132
2020,46540,5,-0.003088
2020,46660,5,0.000784
2020,46700,5,-0.000519
2020,47220,5,-0.002494
2020,47300,5,4.8e-05
2020,47940,5,-0.005984
2020,48300,5,0.003993
2020,48540,5,-0.013983
2020,48660,5,-0.002742
2020,48700,5,-0.002741
2020,49020,5,-0.000658
2020,49420,5,-0.003737
2020,49620,5,0.002252
2020,49660,5,-0.002551
2020,49740,5,-0.001634
2020,10180,6,-0.002898
2020,10420,6,-3e-05
2020,10580,6,0.000967
2020,10740,6,-0.00705
2020,10780,6,-0.009172
2020,10900,6,0.002404
2020,11020,6,-0.002727
2020,11260,6,-0.005147
2020,11460,6,-0.002256
2020,11500,6,-0.007302
2020,11540,6,0.003659
2020,11700,6,-0.001869
2020,12020,6,0.000329
2020,12100,6,0.00269
2020,12220,6,0.003912
2020,12420,6,0.018154
2020,12540,6,0.001924
2020,12580,6,-0.007326
2020,12620,6,0.000292
2020,12700,6,-0.003005
2020,12980,6,0.000186
2020,13020,6,-0.003163
2020,13380,6,0.009687
2020,13460,6,0.019849
2020,13780,6,-0.002996
2020,14260,6,0.013132
2020,14500,6,-0.002984
2020,14740,6,0.002148
2020,15180,6,-0.003803
2020,15260,6,-0.003439
2020,15380,6,-0.000157
2020,15500,6,0.005511
2020,15540,6,0.001534
2020,15940,6,-0.001097
2020,15980,6,0.01238
2020,16020,6,-0.003776
2020,16180,6,-0.000173
2020,16220,6,-0.004488
2020,16300,6,-0.000233
2020,16700,6,0.006676
2020,16860,6,-0.002405
2020,16940,6,-0.004068
2020,17020,6,-0.03015
2020,17420,6,0.003142
2020,17660,6,0.013301
2020,17780,6,0.005061
2020,17820,6,0.001235
2020,17900,6,-0.00043
2020,18020,6,0.008097
2020,18700,6,0.000449
2020,19340,6,-0.001188
2020,19460,6,-0.001745
2020,19500,6,-0.003088
2020,19740,6,0.000641
2020,20020,6,0.001362
2020,20100,6,0.003808
2020,20220,6,-0.001573
2020,20740,6,0.005321
2020,20940,6,-0.004072
2020,21140,6,0.002378
2020,21300,6,-0.002613
2020,21500,6,-0.003177
2020,21660,6,0.002315
2020,21820,6,-0.015021
2020,22020,6,0.006799
2020,22140,6,-0.017185
2020,22380,6,-0.00444
2020,22420,6,-0.001411
2020,22500,6,-0.007058
2020,22520,6,-0.001567
2020,22540,6,0.003516
2020,22660,6,0.004741
2020,23420,6,0.00171
2020,23460,6,-0.005489
2020,23580,6,0.003833
2020,24020,6,0.000312
2020,24220,6,-0.007736
2020,24300,6,-0.002371
2020,24500,6,-0.011672
2020,24540,6,0.01483
2020,24580,6,0.00464
2020,24660,6,-0.003025
2020,25420,6,0.006706
2020,25500,6,-0.005669
2020,25860,6,-0.006346
2020,25980,6,0.003155
2020,26300,6,-0.003357
2020,26380,6,-0.008689
2020,26620,6,0.011343
2020,26980,6,0.0011
2020,27060,6,-0.000103
2020,27100,6,-0.000198
2020,27260,6,0.007291
2020,27340,6,-0.000677
2020,27500,6,0.00222
2020,27740,6,-0.000856
2020,27780,6,-0.004986
2020,27860,6,0.001949
2020,27900,6,-0.000141
2020,28100,6,-0.00056
2020,28420,6,0.008279
2020,28660,6,0.008737
2020,28700,6,-0.007662
2020,28740,6,-0.001305
2020,29100,6,0.000998
2020,29340,6,-0.002587
2020,29420,6,0.000129
2020,29460,6,0.010654
2020,29540,6,0.002814
2020,29700,6,-0.000382
2020,29740,6,-0.004634
2020,29820,6,0.004825
2020,29940,6,0.004912
2020,30140,6,0.004311
2020,30300,6,-0.009195
2020,30340,6,0.00135
2020,30460,6,0.001678
2020,30620,6,-0.00242
2020,30700,6,0.004242
2020,30780,6,-0.003096
2020,30860,6,-0.000401
2020,31020,6,0.005732
2020,31420,6,-0.00712
2020,31700,6,0.002219
2020,31860,6,-8.2e-05
2020,32580,6,0.000788
2020,32780,6,0.001559
2020,32900,6,0.00484
2020,33140,6,-4.6e-05
2020,33340,6,0.001154
2020,33540,6,-0.002527
2020,33700,6,-0.000161
2020,33780,6,0.001322
2020,33860,6,-0.00251
2020,34060,6,-0.008964
2020,34580,6,0.003813
2020,34620,6,-0.000769
2020,34740,6,-0.000634
2020,34940,6,0.009393
2020,35660,6,-0.001924
2020,35840,6,0.010914
2020,36100,6,0.006124
2020,36220,6,0.011894
2020,36420,6,0.001878
2020,36500,6,0.008236
2020,36540,6,0.004066
2020,36740,6,0.005961
2020,36780,6,0.004624
2020,36980,6,-0.000315
2020,37100,6,-0.005287
2020,37340,6,0.00037
2020,37860,6,0.003805
2020,38060,6,0.005482
2020,38300,6,-0.000961
2020,38340,6,-0.005988
2020,38860,6,0.003839
2020,38900,6,0.003175
2020,38940,6,0.005455
2020,39300,6,-0.000665
2020,39340,6,0.009902
2020,39380,6,-0.005597
2020,39460,6,0.01044
2020,39540,6,0.000907
2020,39580,6,0.010727
2020,39740,6,0.002112
2020,39820,6,-0.003127
2020,39900,6,0.004781
2020,40140,6,0.003285
2020,40420,6,-0.001452
2020,40660,6,-0.004397
2020,40900,6,0.0033
2020,40980,6,-0.00078
2020,41060,6,0.001601
2020,41100,6,0.018018
2020,41140,6,-0.006814
2020,41420,6,0.001217
2020,41500,6,-0.003609
2020,41700,6,0.004377
2020,41740,6,-0.002005
2020,41940,6,-0.002517
2020,42020,6,-0.00387
2020,42100,6,-0.005554
2020,42140,6,-0.007027
2020,42220,6,-0.005546
2020,42340,6,0.00143
2020,42540,6,-0.000371
2020,42680,6,0.005987
2020,43100,6,0.000786
2020,43620,6,0.010886
2020,43780,6,0.002158
2020,44100,6,-0.002595
2020,44180,6,0.00242
2020,44220,6,-0.001729
2020,44300,6,0.000374
2020,44700,6,0.005665
2020,45060,6,-0.000781
2020,45220,6,-0.001317
2020,45820,6,-0.004547
2020,45940,6,0.000632
2020,46060,6,-0.001728
2020,46140,6,-0.001836
2020,46340,6,0.001761
2020,46540,6,-0.001958
2020,46660,6,0.00035
2020,46700,6,0.0002
2020,47220,6,-0.003234
2020,47300,6,-0.000363
2020,47940,6,-0.005521
2020,48300,6,0.003419
2020,48540,6,-0.013928
2020,48660,6,-0.004969
2020,48700,6,-0.002218
2020,49020,6,-0.000456
2020,49420,6,-0.003277
2020,49620,6,0.002709
2020,49660,6,-0.002686
2020,49740,6,-0.001483
2020,10180,7,-0.003047
2020,10420,7,-0.00028
2020,10580,7,0.000683
2020,10740,7,-0.006988
2020,10780,7,-0.00905
2020,10900,7,0.001936
2020,11020,7,-0.002517
2020,11260,7,-0.004464
2020,11460,7,-0.002616
2020,11500,7,-0.007133
2020,11540,7,0.0035
2020,11700,7,-0.001842
2020,12020,7,0.000164
2020,12100,7,0.003052
2020,12220,7,0.003865
2020,12420,7,0.018564
2020,12540,7,0.001748
2020,12580,7,-0.007316
2020,12620,7,0.000363
2020,12700,7,-0.00272
2020,12980,7,0.000357
2020,13020,7,-0.003313
2020,13380,7,0.00959
2020,13460,7,0.019485
2020,13780,7,-0.00254
2020,14260,7,0.013466
2020,14500,7,-0.002259
2020,14740,7,0.002149
2020,15180,7,-0.003615
2020,15260,7,-0.003414
2020,15380,7,-0.000288
2020,15500,7,0.004839
2020,15540,7,0.001563
2020,15940,7,-0.000965
2020,15980,7,0.012312
2020,16020,7,-0.002252
2020,16180,7,-0.000718
2020,16220,7,-0.003445
2020,16300,7,-0.000818
2020,16700,7,0.006728
2020,16860,7,-0.002513
2020,16940,7,-0.003556
2020,17020,7,-0.029427
2020,17420,7,0.002895
2020,17660,7,0.013588
2020,17780,7,0.004858
2020,17820,7,0.001263
2020,17900,7,-0.000272
2020,18020,7,0.008012
2020,18700,7,0.000458
2020,19340,7,-0.001153
2020,19460,7,-0.001846
2020,19500,7,-0.003011
2020,19740,7,0.000733
2020,20020,7,0.001339
2020,20100,7,0.003859
2020,20220,7,-0.001837
2020,20740,7,0.005322
2020,20940,7,-0.004089
2020,21140,7,0.002036
2020,21300,7,-0.001619
2020,21500,7,-0.002757
2020,21660,7,0.002221
2020,21820,7,-0.013979
2020,22020,7,0.006906
2020,22140,7,-0.016606
2020,22380,7,-0.004624
2020,22420,7,-0.001625
2020,22500,7,-0.006822
2020,22520,7,-0.001697
2020,22540,7,0.003173
2020,22660,7,0.00472
2020,23420,7,0.001474
2020,23460,7,-0.00556
2020,23580,7,0.003621
2020,24020,7,0.000314
2020,24220,7,-0.007262
2020,24300,7,-0.002359
2020,24500,7,-0.011574
2020,24540,7,0.014353
2020,24580,7,0.004433
2020,24660,7,-0.003113
2020,25420,7,0.006226
2020,25500,7,-0.005822
2020,25860,7,-0.005913
2020,25980,7,0.003188
2020,26300,7,-0.00366
2020,26380,7,-0.008246
2020,26620,7,0.011302
2020,26980,7,0.000624
2020,27060,7,-0.000245
2020,27100,7,0.000179
2020,27260,7,0.007204
2020,27340,7,-0.000239
2020,27500,7,0.0019
2020,27740,7,-0.000634
2020,27780,7,-0.004434
2020,27860,7,0.001513
2020,27900,7,-0.000577
2020,28100,7,-0.000501
2020,28420,7,0.008562
2020,28660,7,0.008373
2020,28700,7,-0.00688
2020,28740,7,-0.001362
2020,29100,7,0.001172
2020,29340,7,-0.00255
2020,29420,7,-3.7e-05
2020,29460,7,0.009386
2020,29540,7,0.002412
2020,29700,7,-0.000124
2020,29740,7,-0.00461
2020,29820,7,0.003937
2020,29940,7,0.004855
2020,30140,7,0.003592
2020,30300,7,-0.008148
2020,30340,7,0.001158
2020,30460,7,0.001741
2020,30620,7,-0.002187
2020,30700,7,0.004105
2020,30780,7,-0.003312
2020,30860,7,-0.000803
2020,31020,7,0.005105
2020,31420,7,-0.007288
2020,31700,7,0.002008
2020,31860,7,-0.000486
2020,32580,7,0.000699
2020,32780,7,0.001282
2020,32900,7,0.003887
2020,33140,7,-3.3e-05
2020,33340,7,0.001048
2020,33540,7,-0.00241
2020,33700,7,-0.000132
2020,33780,7,0.001327
2020,33860,7,-0.002393
2020,34060,7,-0.008737
2020,34580,7,0.003552
2020,34620,7,-8.3e-05
2020,34740,7,-0.000176
2020,34940,7,0.009579
2020,35660,7,-0.001632
2020,35840,7,0.011034
2020,36100,7,0.005769
2020,36220,7,0.012406
2020,36420,7,0.001786
2020,36500,7,0.00779
2020,36540,7,0.003835
2020,36740,7,0.005813
2020,36780,7,0.004514
2020,36980,7,-0.000251
2020,37100,7,-0.005387
2020,37340,7,-0.000423
2020,37860,7,0.003597
2020,38060,7,0.004929
2020,38300,7,-0.000743
2020,38340,7,-0.005671
2020,38860,7,0.003889
2020,38900,7,0.003532
2020,38940,7,0.004773
2020,39300,7,-0.000968
2020,39340,7,0.009697
2020,39380,7,-0.005753
2020,39460,7,0.010167
2020,39540,7,0.000638
2020,39580,7,0.010925
2020,39740,7,0.001813
2020,39820,7,-0.003036
2020,39900,7,0.004686
2020,40140,7,0.0029
2020,40420,7,-0.001627
2020,40660,7,-0.004893
2020,40900,7,0.002798
2020,40980,7,-0.000533
2020,41060,7,0.001756
2020,41100,7,0.017197
2020,41140,7,-0.005727
2020,41420,7,0.000721
2020,41500,7,-0.003607
2020,41700,7,0.003719
2020,41740,7,-0.00202
2020,41940,7,-0.002167
2020,42020,7,-0.003901
2020,42100,7,-0.005502
2020,42140,7,-0.006995
2020,42220,7,-0.004845
2020,42340,7,0.001914
2020,42540,7,-0.00056
2020,42680,7,0.005355
2020,43100,7,0.001027
2020,43620,7,0.010549
2020,43780,7,0.001891
2020,44100,7,-0.002487
2020,44180,7,0.001919
2020,44220,7,-0.001894
2020,44300,7,0.000548
2020,44700,7,0.004953
2020,45060,7,-0.000996
2020,45220,7,-0.001141
2020,45820,7,-0.004772
2020,45940,7,0.000218
2020,46060,7,-0.001865
2020,46140,7,-0.001722
2020,46340,7,0.001006
2020,46540,7,-0.002199
2020,46660,7,0.000604
2020,46700,7,-0.000115
2020,47220,7,-0.002878
2020,47300,7,-0.000364
2020,47940,7,-0.005586
2020,48300,7,0.003948
2020,48540,7,-0.013399
2020,48660,7,-0.004119
2020,48700,7,-0.002241
2020,49020,7,-0.00094
2020,49420,7,-0.00287
2020,49620,7,0.002281
2020,49660,7,-0.002631
2020,49740,7,-0.001884
2020,10180,8,-0.002895
2020,10420,8,-3.2e-05
2020,10580,8,0.000946
2020,10740,8,-0.007109
2020,10780,8,-0.009114
2020,10900,8,0.002334
2020,11020,8,-0.002735
2020,11260,8,-0.004952
2020,11460,8,-0.002446
2020,11500,8,-0.007425
2020,11540,8,0.003585
2020,11700,8,-0.001962
2020,12020,8,0.000154
2020,12100,8,0.002905
2020,12220,8,0.003845
2020,12420,8,0.018456
2020,12540,8,0.002006
2020,12580,8,-0.007307
2020,12620,8,0.000287
2020,12700,8,-0.002949
2020,12980,8,0.00023
2020,13020,8,-0.003223
2020,13380,8,0.009676
2020,13460,8,0.020091
2020,13780,8,-0.002953
2020,14260,8,0.013183
2020,14500,8,-0.002799
2020,14740,8,0.002109
2020,15180,8,-0.00387
2020,15260,8,-0.003464
2020,15380,8,-0.000218
2020,15500,8,0.005328
2020,15540,8,0.001517
2020,15940,8,-0.001008
2020,15980,8,0.012747
2020,16020,8,-0.003554
2020,16180,8,-3.4e-05
2020,16220,8,-0.004024
2020,16300,8,-0.000318
2020,16700,8,0.006804
2020,16860,8,-0.002568
2020,16940,8,-0.004039
2020,17020,8,-0.0318
2020,17420,8,0.003033
2020,17660,8,0.013429
2020,17780,8,0.005142
2020,17820,8,0.001094
2020,17900,8,-0.000446
2020,18020,8,0.008321
2020,18700,8,0.000238
2020,19340,8,-0.00114
2020,19460,8,-0.001753
2020,19500,8,-0.00303
2020,19740,8,0.000718
2020,20020,8,0.001567
2020,20100,8,0.003985
2020,20220,8,-0.001551
2020,20740,8,0.005346
2020,20940,8,-0.00407
2020,21140,8,0.002307
2020,21300,8,-0.002406
2020,21500,8,-0.003064
2020,21660,8,0.002255
2020,21820,8,-0.015029
2020,22020,8,0.006835
2020,22140,8,-0.017271
2020,22380,8,-0.004417
2020,22420,8,-0.001282
2020,22500,8,-0.006938
2020,22520,8,-0.00163
2020,22540,8,0.003439
2020,22660,8,0.004872
2020,23420,8,0.001881
2020,23460,8,-0.00559
2020,23580,8,0.003929
2020,24020,8,0.000362
2020,24220,8,-0.007936
2020,24300,8,-0.002512
2020,24500,8,-0.011823
2020,24540,8,0.014985
2020,24580,8,0.004643
2020,24660,8,-0.003087
2020,25420,8,0.006791
2020,25500,8,-0.005874
2020,25860,8,-0.00661
2020,25980,8,0.00353
2020,26300,8,-0.003526
2020,26380,8,-0.008632
2020,26620,8,0.011454
2020,26980,8,0.00101
2020,27060,8,-8.7e-05
2020,27100,8,-0.00014
2020,27260,8,0.007457
2020,27340,8,-0.001141
2020,27500,8,0.002059
2020,27740,8,-0.000857
2020,27780,8,-0.00499
2020,27860,8,0.001977
2020,27900,8,-0.00019
2020,28100,8,-0.000519
2020,28420,8,0.0081
2020,28660,8,0.00871
2020,28700,8,-0.007777
2020,28740,8,-0.001449
2020,29100,8,0.001013
2020,29340,8,-0.002624
2020,29420,8,0.000264
2020,29460,8,0.010502
2020,29540,8,0.00274
2020,29700,8,-0.000307
2020,29740,8,-0.004705
2020,29820,8,0.004815
2020,29940,8,0.005082
2020,30140,8,0.00407
2020,30300,8,-0.009421
2020,30340,8,0.001273
2020,30460,8,0.001739
2020,30620,8,-0.002407
2020,30700,8,0.004313
2020,30780,8,-0.003116
2020,30860,8,-0.000775
2020,31020,8,0.005528
2020,31420,8,-0.007222
2020,31700,8,0.002325
2020,31860,8,-0.00014
2020,32580,8,0.000871
2020,32780,8,0.001614
2020,32900,8,0.004892
2020,33140,8,-0.00013
2020,33340,8,0.001248
2020,33540,8,-0.002591
2020,33700,8,-0.000128
2020,33780,8,0.001437
2020,33860,8,-0.002382
2020,34060,8,-0.009102
2020,34580,8,0.003649
2020,34620,8,-0.000587
2020,34740,8,-0.000651
2020,34940,8,0.009664
2020,35660,8,-0.001949
2020,35840,8,0.011238
2020,36100,8,0.006222
2020,36220,8,0.011792
2020,36420,8,0.002004
2020,36500,8,0.008106
2020,36540,8,0.004071
2020,36740,8,0.005923
2020,36780,8,0.004672
2020,36980,8,-0.000251
2020,37100,8,-0.005244
2020,37340,8,0.000241
2020,37860,8,0.003827
2020,38060,8,0.005577
2020,38300,8,-0.000877
2020,38340,8,-0.006076
2020,38860,8,0.003915
2020,38900,8,0.003326
2020,38940,8,0.005534
2020,39300,8,-0.000634
2020,39340,8,0.009946
2020,39380,8,-0.005841
2020,39460,8,0.010706
2020,39540,8,0.000757
2020,39580,8,0.01089
2020,39740,8,0.002019
2020,39820,8,-0.00308
2020,39900,8,0.005027
2020,40140,8,0.003334
2020,40420,8,-0.001446
2020,40660,8,-0.004636
2020,40900,8,0.003435
2020,40980,8,-0.000707
2020,41060,8,0.001693
2020,41100,8,0.018074
2020,41140,8,-0.006805
2020,41420,8,0.000985
2020,41500,8,-0.003464
2020,41700,8,0.00423
2020,41740,8,-0.001865
2020,41940,8,-0.002289
2020,42020,8,-0.003792
2020,42100,8,-0.005441
2020,42140,8,-0.007212
2020,42220,8,-0.005237
2020,42340,8,0.001606
2020,42540,8,-0.000461
2020,42680,8,0.006051
2020,43100,8,0.000779
2020,43620,8,0.010985
2020,43780,8,0.00213
2020,44100,8,-0.002484
2020,44180,8,0.002309
2020,44220,8,-0.001865
2020,44300,8,0.000271
2020,44700,8,0.005787
2020,45060,8,-0.000761
2020,45220,8,-0.001307
2020,45820,8,-0.004571
2020,45940,8,0.000655
2020,46060,8,-0.001718
2020,46140,8,-0.001712
2020,46340,8,0.001725
2020,46540,8,-0.002047
2020,46660,8,0.000386
2020,46700,8,0.000228
2020,47220,8,-0.003137
2020,47300,8,-0.000266
2020,47940,8,-0.005488
2020,48300,8,0.003499
2020,48540,8,-0.013973
2020,48660,8,-0.004994
2020,48700,8,-0.002284
2020,49020,8,-0.000562
2020,49420,8,-0.003456
2020,49620,8,0.002673
2020,49660,8,-0.002595
2020,49740,8,-0.001459
2020,10180,9,-0.00374
2020,10420,9,-0.000233
2020,10580,9,0.000628
2020,10740,9,-0.007154
2020,10780,9,-0.008945
2020,10900,9,0.002103
2020,11020,9,-0.002851
2020,11260,9,-0.003867
2020,11460,9,-0.002769
2020,11500,9,-0.007453
2020,11540,9,0.003253
2020,11700,9,-0.002875
2020,12020,9,-0.000325
2020,12100,9,0.004388
2020,12220,9,0.004858
2020,12420,9,0.019889
2020,12540,9,0.00243
2020,12580,9,-0.007156
2020,12620,9,0.000285
2020,12700,9,-0.002396
2020,12980,9,0.000554
2020,13020,9,-0.003182
2020,13380,9,0.009228
2020,13460,9,0.020273
2020,13780,9,-0.002225
2020,14260,9,0.014511
2020,14500,9,-0.002592
2020,14740,9,0.001288
2020,15180,9,-0.003746
2020,15260,9,-0.00361
2020,15380,9,-0.001119
2020,15500,9,0.004005
2020,15540,9,0.001745
2020,15940,9,-0.000508
2020,15980,9,0.014116
2020,16020,9,-0.000677
2020,16180,9,-0.001319
2020,16220,9,-0.003528
2020,16300,9,-0.001178
2020,16700,9,0.00668
2020,16860,9,-0.00364
2020,16940,9,-0.003444
2020,17020,9,-0.028992
2020,17420,9,0.002693
2020,17660,9,0.014785
2020,17780,9,0.004481
2020,17820,9,0.001167
2020,17900,9,-0.000164
2020,18020,9,0.007726
2020,18700,9,-0.00031
2020,19340,9,-0.001232
2020,19460,9,-0.002668
2020,19500,9,-0.003314
2020,19740,9,-0.000199
2020,20020,9,0.001426
2020,20100,9,0.004809
2020,20220,9,-0.002781
2020,20740,9,0.005436
2020,20940,9,-0.003944
2020,21140,9,0.001422
2020,21300,9,-0.000876
2020,21500,9,-0.002705
2020,21660,9,0.001863
2020,21820,9,-0.013765
2020,22020,9,0.007498
2020,22140,9,-0.016592
2020,22380,9,-0.004902
2020,22420,9,-0.001328
2020,22500,9,-0.006744
2020,22520,9,-0.002282
2020,22540,9,0.002558
2020,22660,9,0.004129
2020,23420,9,0.002187
2020,23460,9,-0.00615
2020,23580,9,0.003666
2020,24020,9,0.000228
2020,24220,9,-0.008176
2020,24300,9,-0.002896
2020,24500,9,-0.012354
2020,24540,9,0.014569
2020,24580,9,0.004522
2020,24660,9,-0.003818
2020,25420,9,0.006255
2020,25500,9,-0.006337
2020,25860,9,-0.006816
2020,25980,9,0.002503
2020,26300,9,-0.004544
2020,26380,9,-0.008
2020,26620,9,0.011838
2020,26980,9,0.000662
2020,27060,9,-0.001132
2020,27100,9,0.000934
2020,27260,9,0.008258
2020,27340,9,-0.0008
2020,27500,9,0.001088
2020,27740,9,-0.000752
2020,27780,9,-0.004486
2020,27860,9,0.001981
2020,27900,9,-0.00138
2020,28100,9,-0.000794
2020,28420,9,0.008329
2020,28660,9,0.008379
2020,28700,9,-0.007397
2020,28740,9,-0.001586
2020,29100,9,0.001105
2020,29340,9,-0.002396
2020,29420,9,0.000365
2020,29460,9,0.008818
2020,29540,9,0.00186
2020,29700,9,0.000681
2020,29740,9,-0.004414
2020,29820,9,0.003911
2020,29940,9,0.005224
2020,30140,9,0.00315
2020,30300,9,-0.008473
2020,30340,9,0.000545
2020,30460,9,0.002111
2020,30620,9,-0.002357
2020,30700,9,0.004242
2020,30780,9,-0.003121
2020,30860,9,-0.002783
2020,31020,9,0.003495
2020,31420,9,-0.00809
2020,31700,9,0.001987
2020,31860,9,-0.00068
2020,32580,9,0.00149
2020,32780,9,0.001572
2020,32900,9,0.003325
2020,33140,9,-0.000462
2020,33340,9,0.00113
2020,33540,9,-0.002486
2020,33700,9,3.2e-05
2020,33780,9,0.002126
2020,33860,9,-0.001963
2020,34060,9,-0.00984
2020,34580,9,0.002584
2020,34620,9,0.000674
2020,34740,9,-3.3e-05
2020,34940,9,0.010547
2020,35660,9,-0.001572
2020,35840,9,0.012536
2020,36100,9,0.006429
2020,36220,9,0.011226
2020,36420,9,0.002146
2020,36500,9,0.007446
2020,36540,9,0.003725
2020,36740,9,0.007198
2020,36780,9,0.004265
2020,36980,9,-0.000612
2020,37100,9,-0.005527
2020,37340,9,-0.001955
2020,37860,9,0.00324
2020,38060,9,0.005353
2020,38300,9,-0.000936
2020,38340,9,-0.006052
2020,38860,9,0.004044
2020,38900,9,0.003113
2020,38940,9,0.004202
2020,39300,9,-0.001128
2020,39340,9,0.010449
2020,39380,9,-0.007261
2020,39460,9,0.010972
2020,39540,9,0.000333
2020,39580,9,0.012039
2020,39740,9,0.001732
2020,39820,9,-0.00242
2020,39900,9,0.005406
2020,40140,9,0.003004
2020,40420,9,-0.001826
2020,40660,9,-0.006173
2020,40900,9,0.002999
2020,40980,9,-4.9e-05
2020,41060,9,0.002213
2020,41100,9,0.018724
2020,41140,9,-0.005127
2020,41420,9,-0.000787
2020,41500,9,-0.003564
2020,41700,9,0.002859
2020,41740,9,-0.001674
2020,41940,9,-0.002737
2020,42020,9,-0.003889
2020,42100,9,-0.00627
2020,42140,9,-0.007776
2020,42220,9,-0.004
2020,42340,9,0.002942
2020,42540,9,-0.000831
2020,42680,9,0.005065
2020,43100,9,0.000855
2020,43620,9,0.01101
2020,43780,9,0.001264
2020,44100,9,-0.002429
2020,44180,9,0.001099
2020,44220,9,-0.002173
2020,44300,9,4.4e-05
2020,44700,9,0.004955
2020,45060,9,-0.001453
2020,45220,9,-0.000935
2020,45820,9,-0.005504
2020,45940,9,0.000705
2020,46060,9,-0.001387
2020,46140,9,-0.001436
2020,46340,9,0.000145
2020,46540,9,-0.003246
2020,46660,9,0.000953
2020,46700,9,-0.000502
2020,47220,9,-0.002398
2020,47300,9,0.000331
2020,47940,9,-0.006095
2020,48300,9,0.003765
2020,48540,9,-0.014523
2020,48660,9,-0.003463
2020,48700,9,-0.002886
2020,49020,9,-0.00036
2020,49420,9,-0.004095
2020,49620,9,0.002205
2020,49660,9,-0.002484
2020,49740,9,-0.001284
2020,10180,10,-0.00354
2020,10420,10,0.000124
2020,10580,10,0.000987
2020,10740,10,-0.006992
2020,10780,10,-0.008671
2020,10900,10,0.002482
2020,11020,10,-0.003174
2020,11260,10,-0.004599
2020,11460,10,-0.00234
2020,11500,10,-0.007243
2020,11540,10,0.003195
2020,11700,10,-0.003295
2020,12020,10,-0.000503
2020,12100,10,0.004779
2020,12220,10,0.004836
2020,12420,10,0.018718
2020,12540,10,0.003107
2020,12580,10,-0.006974
2020,12620,10,0.000258
2020,12700,10,-0.002729
2020,12980,10,0.000318
2020,13020,10,-0.002562
2020,13380,10,0.008533
2020,13460,10,0.019866
2020,13780,10,-0.002609
2020,14260,10,0.013606
2020,14500,10,-0.003248
2020,14740,10,0.000818
2020,15180,10,-0.003537
2020,15260,10,-0.003563
2020,15380,10,-0.001186
2020,15500,10,0.00449
2020,15540,10,0.001482
2020,15940,10,-0.000565
2020,15980,10,0.014493
2020,16020,10,-0.002717
2020,16180,10,-9.5e-05
2020,16220,10,-0.004221
2020,16300,10,-0.000409
2020,16700,10,0.006113
2020,16860,10,-0.003672
2020,16940,10,-0.004133
2020,17020,10,-0.029344
2020,17420,10,0.002822
2020,17660,10,0.013901
2020,17780,10,0.00455
2020,17820,10,0.001018
2020,17900,10,-0.000409
2020,18020,10,0.007403
2020,18700,10,-0.001251
2020,19340,10,-0.001354
2020,19460,10,-0.002302
2020,19500,10,-0.003029
2020,19740,10,-0.000475
2020,20020,10,0.001493
2020,20100,10,0.004825
2020,20220,10,-0.002454
2020,20740,10,0.005212
2020,20940,10,-0.003411
2020,21140,10,0.001536
2020,21300,10,-0.001997
2020,21500,10,-0.003002
2020,21660,10,0.001267
2020,21820,10,-0.014748
2020,22020,10,0.007326
2020,22140,10,-0.016458
2020,22380,10,-0.004515
2020,22420,10,-0.0007
2020,22500,10,-0.006689
2020,22520,10,-0.002105
2020,22540,10,0.002985
2020,22660,10,0.003825
2020,23420,10,0.00277
2020,23460,10,-0.005734
2020,23580,10,0.00386
2020,24020,10,0.000463
2020,24220,10,-0.008418
2020,24300,10,-0.002771
2020,24500,10,-0.012269
2020,24540,10,0.014401
2020,24580,10,0.00462
2020,24660,10,-0.003658
2020,25420,10,0.006658
2020,25500,10,-0.006188
2020,25860,10,-0.007562
2020,25980,10,0.003105
2020,26300,10,-0.003784
2020,26380,10,-0.008056
2020,26620,10,0.011578
2020,26980,10,0.001245
2020,27060,10,-0.000892
2020,27100,10,0.000387
2020,27260,10,0.008073
2020,27340,10,-0.001037
2020,27500,10,0.001324
2020,27740,10,-0.001144
2020,27780,10,-0.004738
2020,27860,10,0.002697
2020,27900,10,-0.000697
2020,28100,10,-0.000589
2020,28420,10,0.007117
2020,28660,10,0.008619
2020,28700,10,-0.008633
2020,28740,10,-0.001098
2020,29100,10,0.00068
2020,29340,10,-0.002237
2020,29420,10,0.000872
2020,29460,10,0.009634
2020,29540,10,0.001936
2020,29700,10,0.000634
2020,29740,10,-0.003937
2020,29820,10,0.005724
2020,29940,10,0.005521
2020,30140,10,0.003718
2020,30300,10,-0.010146
2020,30340,10,0.000998
2020,30460,10,0.00206
2020,30620,10,-0.002571
2020,30700,10,0.004416
2020,30780,10,-0.00255
2020,30860,10,-0.002789
2020,31020,10,0.003151
2020,31420,10,-0.007546
2020,31700,10,0.002181
2020,31860,10,-0.000135
2020,32580,10,0.001751
2020,32780,10,0.001738
2020,32900,10,0.005189
2020,33140,10,-0.000367
2020,33340,10,0.001318
2020,33540,10,-0.002707
2020,33700,10,0.00058
2020,33780,10,0.001917
2020,33860,10,-0.001824
2020,34060,10,-0.010196
2020,34580,10,0.002173
2020,34620,10,-1.4e-05
2020,34740,10,-0.000921
2020,34940,10,0.010797
2020,35660,10,-0.002121
2020,35840,10,0.012551
2020,36100,10,0.006731
2020,36220,10,0.010202
2020,36420,10,0.002167
2020,36500,10,0.007209
2020,36540,10,0.00396
2020,36740,10,0.007189
2020,36780,10,0.004274
2020,36980,10,-0.000849
2020,37100,10,-0.004934
2020,37340,10,-0.000945
2020,37860,10,0.003233
2020,38060,10,0.005989
2020,38300,10,-0.001436
2020,38340,10,-0.006057
2020,38860,10,0.00386
2020,38900,10,0.002338
2020,38940,10,0.005169
2020,39300,10,-0.000638
2020,39340,10,0.010016
2020,39380,10,-0.006948
2020,39460,10,0.011361
2020,39540,10,0.000745
2020,39580,10,0.011127
2020,39740,10,0.001765
2020,39820,10,-0.002449
2020,39900,10,0.006129
2020,40140,10,0.003913
2020,40420,10,-0.001174
2020,40660,10,-0.005389
2020,40900,10,0.003826
2020,40980,10,-1.4e-05
2020,41060,10,0.00163
2020,41100,10,0.018955
2020,41140,10,-0.006241
2020,41420,10,-0.000964
2020,41500,10,-0.002805
2020,41700,10,0.002996
2020,41740,10,-0.00141
2020,41940,10,-0.002701
2020,42020,10,-0.003579
2020,42100,10,-0.005991
2020,42140,10,-0.007429
2020,42220,10,-0.003748
2020,42340,10,0.002263
2020,42540,10,-0.000603
2020,42680,10,0.005807
2020,43100,10,0.000456
2020,43620,10,0.010987
2020,43780,10,0.001512
2020,44100,10,-0.002422
2020,44180,10,0.001627
2020,44220,10,-0.001807
2020,44300,10,-0.00059
2020,44700,10,0.006319
2020,45060,10,-0.001111
2020,45220,10,-0.001076
2020,45820,10,-0.004861
2020,45940,10,0.00145
2020,46060,10,-0.000943
2020,46140,10,-0.001374
2020,46340,10,0.000888
2020,46540,10,-0.00293
2020,46660,10,0.001061
2020,46700,10,0.000652
2020,47220,10,-0.002329
2020,47300,10,0.000677
2020,47940,10,-0.005747
2020,48300,10,0.002417
2020,48540,10,-0.014716
2020,48660,10,-0.004533
2020,48700,10,-0.002857
2020,49020,10,0.000305
2020,49420,10,-0.004725
2020,49620,10,0.002465
2020,49660,10,-0.002318
2020,49740,10,-0.000526
2020,10180,11,-0.004048
2020,10420,11,-3.7e-05
2020,10580,11,0.000693
2020,10740,11,-0.006764
2020,10780,11,-0.008228
2020,10900,11,0.002505
2020,11020,11,-0.003189
2020,11260,11,-0.003843
2020,11460,11,-0.002401
2020,11500,11,-0.007102
2020,11540,11,0.002918
2020,11700,11,-0.004031
2020,12020,11,-0.000786
2020,12100,11,0.005413
2020,12220,11,0.005439
2020,12420,11,0.018994
2020,12540,11,0.003497
2020,12580,11,-0.006585
2020,12620,11,0.000295
2020,12700,11,-0.002072
2020,12980,11,0.000619
2020,13020,11,-0.002442
2020,13380,11,0.007838
2020,13460,11,0.019498
2020,13780,11,-0.001846
2020,14260,11,0.013879
2020,14500,11,-0.003333
2020,14740,11,-5.8e-05
2020,15180,11,-0.003428
2020,15260,11,-0.003607
2020,15380,11,-0.002022
2020,15500,11,0.00355
2020,15540,11,0.001607
2020,15940,11,-0.000229
2020,15980,11,0.015159
2020,16020,11,0.000155
2020,16180,11,-0.001285
2020,16220,11,-0.003864
2020,16300,11,-0.00101
2020,16700,11,0.005777
2020,16860,11,-0.004426
2020,16940,11,-0.003741
2020,17020,11,-0.026656
2020,17420,11,0.00254
2020,17660,11,0.014289
2020,17780,11,0.003869
2020,17820,11,0.000953
2020,17900,11,-0.000231
2020,18020,11,0.006699
2020,18700,11,-0.00155
2020,19340,11,-0.001359
2020,19460,11,-0.003053
2020,19500,11,-0.003311
2020,19740,11,-0.001243
2020,20020,11,0.00141
2020,20100,11,0.00533
2020,20220,11,-0.003404
2020,20740,11,0.005025
2020,20940,11,-0.003138
2020,21140,11,0.000843
2020,21300,11,-0.000736
2020,21500,11,-0.002693
2020,21660,11,0.000893
2020,21820,11,-0.013353
2020,22020,11,0.007518
2020,22140,11,-0.015367
2020,22380,11,-0.004711
2020,22420,11,-0.000777
2020,22500,11,-0.006397
2020,22520,11,-0.002652
2020,22540,11,0.002233
2020,22660,11,0.003131
2020,23420,11,0.002999
2020,23460,11,-0.005981
2020,23580,11,0.003457
2020,24020,11,0.00029
2020,24220,11,-0.008489
2020,24300,11,-0.003065
2020,24500,11,-0.012232
2020,24540,11,0.013816
2020,24580,11,0.004435
2020,24660,11,-0.004098
2020,25420,11,0.006042
2020,25500,11,-0.00629
2020,25860,11,-0.007291
2020,25980,11,0.002226
2020,26300,11,-0.004438
2020,26380,11,-0.0074
2020,26620,11,0.011489
2020,26980,11,0.000892
2020,27060,11,-0.001618
2020,27100,11,0.001441
2020,27260,11,0.008381
2020,27340,11,-0.000829
2020,27500,11,0.000461
2020,27740,11,-0.00092
2020,27780,11,-0.004451
2020,27860,11,0.002712
2020,27900,11,-0.001642
2020,28100,11,-0.000874
2020,28420,11,0.006855
2020,28660,11,0.008114
2020,28700,11,-0.007777
2020,28740,11,-0.001314
2020,29100,11,0.00066
2020,29340,11,-0.002044
2020,29420,11,0.000844
2020,29460,11,0.008337
2020,29540,11,0.001414
2020,29700,11,0.001279
2020,29740,11,-0.003541
2020,29820,11,0.005149
2020,29940,11,0.00519
2020,30140,11,0.003126
2020,30300,11,-0.008865
2020,30340,11,0.00022
2020,30460,11,0.002187
2020,30620,11,-0.002455
2020,30700,11,0.004005
2020,30780,11,-0.002408
2020,30860,11,-0.004095
2020,31020,11,0.001439
2020,31420,11,-0.007895
2020,31700,11,0.001868
2020,31860,11,-0.000566
2020,32580,11,0.00215
2020,32780,11,0.001772
2020,32900,11,0.004088
2020,33140,11,-0.000765
2020,33340,11,0.001101
2020,33540,11,-0.002645
2020,33700,11,0.001122
2020,33780,11,0.002793
2020,33860,11,-0.001403
2020,34060,11,-0.010508
2020,34580,11,0.001197
2020,34620,11,0.001034
2020,34740,11,-0.000351
2020,34940,11,0.011149
2020,35660,11,-0.001729
2020,35840,11,0.013117
2020,36100,11,0.006548
2020,36220,11,0.009129
2020,36420,11,0.002241
2020,36500,11,0.006499
2020,36540,11,0.003358
2020,36740,11,0.007963
2020,36780,11,0.003893
2020,36980,11,-0.001124
2020,37100,11,-0.00495
2020,37340,11,-0.002483
2020,37860,11,0.002654
2020,38060,11,0.005767
2020,38300,11,-0.00154
2020,38340,11,-0.005872
2020,38860,11,0.003731
2020,38900,11,0.001955
2020,38940,11,0.004104
2020,39300,11,-0.000997
2020,39340,11,0.010088
2020,39380,11,-0.007982
2020,39460,11,0.011191
2020,39540,11,0.000386
2020,39580,11,0.011589
2020,39740,11,0.00182
2020,39820,11,-0.001805
2020,39900,11,0.006178
2020,40140,11,0.003698
2020,40420,11,-0.001496
2020,40660,11,-0.006467
2020,40900,11,0.003501
2020,40980,11,0.000414
2020,41060,11,0.002472
2020,41100,11,0.019208
2020,41140,11,-0.004437
2020,41420,11,-0.002317
2020,41500,11,-0.002806
2020,41700,11,0.001925
2020,41740,11,-0.001184
2020,41940,11,-0.002921
2020,42020,11,-0.003478
2020,42100,11,-0.006445
2020,42140,11,-0.007726
2020,42220,11,-0.002996
2020,42340,11,0.002991
2020,42540,11,-0.000802
2020,42680,11,0.005008
2020,43100,11,0.000695
2020,43620,11,0.010502
2020,43780,11,0.000789
2020,44100,11,-0.002331
2020,44180,11,0.000606
2020,44220,11,-0.002058
2020,44300,11,-0.000736
2020,44700,11,0.005747
2020,45060,11,-0.001692
2020,45220,11,-0.000839
2020,45820,11,-0.005597
2020,45940,11,0.001552
2020,46060,11,-0.000578
2020,46140,11,-0.00118
2020,46340,11,-0.000222
2020,46540,11,-0.003835
2020,46660,11,0.001339
2020,46700,11,0.000319
2020,47220,11,-0.001792
2020,47300,11,0.00111
2020,47940,11,-0.006075
2020,48300,11,0.002206
2020,48540,11,-0.014916
2020,48660,11,-0.00286
2020,48700,11,-0.003332
2020,49020,11,0.000635
2020,49420,11,-0.005457
2020,49620,11,0.002271
2020,49660,11,-0.002223
2020,49740,11,-0.00026
2020,10180,12,-0.003407
2020,10420,12,-0.000544
2020,10580,12,0.000317
2020,10740,12,-0.006944
2020,10780,12,-0.008802
2020,10900,12,0.002094
2020,11020,12,-0.002375
2020,11260,12,-0.003993
2020,11460,12,-0.00266
2020,11500,12,-0.007142
2020,11540,12,0.003437
2020,11700,12,-0.002267
2020,12020,12,0.000126
2020,12100,12,0.003042
2020,12220,12,0.004308
2020,12420,12,0.019184
2020,12540,12,0.001888
2020,12580,12,-0.007135
2020,12620,12,0.000457
2020,12700,12,-0.001859
2020,12980,12,0.000814
2020,13020,12,-0.003471
2020,13380,12,0.009307
2020,13460,12,0.019621
2020,13780,12,-0.001649
2020,14260,12,0.013825
2020,14500,12,-0.002147
2020,14740,12,0.001575
2020,15180,12,-0.003697
2020,15260,12,-0.003442
2020,15380,12,-0.000953
2020,15500,12,0.004125
2020,15540,12,0.001725
2020,15940,12,-0.000749
2020,15980,12,0.012947
2020,16020,12,0.00143
2020,16180,12,-0.002043
2020,16220,12,-0.003024
2020,16300,12,-0.001573
2020,16700,12,0.006802
2020,16860,12,-0.003095
2020,16940,12,-0.003229
2020,17020,12,-0.028142
2020,17420,12,0.002756
2020,17660,12,0.014098
2020,17780,12,0.004462
2020,17820,12,0.001235
2020,17900,12,-0.000123
2020,18020,12,0.007668
2020,18700,12,0.000629
2020,19340,12,-0.001112
2020,19460,12,-0.002602
2020,19500,12,-0.003543
2020,19740,12,0.000441
2020,20020,12,0.001383
2020,20100,12,0.004218
2020,20220,12,-0.002727
2020,20740,12,0.005241
2020,20940,12,-0.003962
2020,21140,12,0.001574
2020,21300,12,-0.000124
2020,21500,12,-0.002384
2020,21660,12,0.002116
2020,21820,12,-0.012675
2020,22020,12,0.007107
2020,22140,12,-0.01596
2020,22380,12,-0.004847
2020,22420,12,-0.001856
2020,22500,12,-0.006743
2020,22520,12,-0.002292
2020,22540,12,0.002484
2020,22660,12,0.004527
2020,23420,12,0.001518
2020,23460,12,-0.005885
2020,23580,12,0.003269
2020,24020,12,9.2e-05
2020,24220,12,-0.007298
2020,24300,12,-0.002685
2020,24500,12,-0.011607
2020,24540,12,0.014353
2020,24580,12,0.004358
2020,24660,12,-0.003509
2020,25420,12,0.005634
2020,25500,12,-0.006008
2020,25860,12,-0.00521
2020,25980,12,0.002412
2020,26300,12,-0.004424
2020,26380,12,-0.007844
2020,26620,12,0.01136
2020,26980,12,3.7e-05
2020,27060,12,-0.000729
2020,27100,12,0.00156
2020,27260,12,0.007536
2020,27340,12,-0.000167
2020,27500,12,0.001159
2020,27740,12,-0.000128
2020,27780,12,-0.004348
2020,27860,12,0.001312
2020,27900,12,-0.001611
2020,28100,12,-0.00087
2020,28420,12,0.008608
2020,28660,12,0.007951
2020,28700,12,-0.005449
2020,28740,12,-0.001782
2020,29100,12,0.0013
2020,29340,12,-0.00249
2020,29420,12,-0.000262
2020,29460,12,0.008461
2020,29540,12,0.002283
2020,29700,12,0.000306
2020,29740,12,-0.004567
2020,29820,12,0.003327
2020,29940,12,0.004281
2020,30140,12,0.003113
2020,30300,12,-0.006322
2020,30340,12,0.000259
2020,30460,12,0.001863
2020,30620,12,-0.001964
2020,30700,12,0.003604
2020,30780,12,-0.003414
2020,30860,12,-0.001599
2020,31020,12,0.003933
2020,31420,12,-0.007709
2020,31700,12,0.001803
2020,31860,12,-0.001018
2020,32580,12,0.000859
2020,32780,12,0.001381
2020,32900,12,0.002778
2020,33140,12,-0.000498
2020,33340,12,0.00077
2020,33540,12,-0.002437
2020,33700,12,0.000719
2020,33780,12,0.002574
2020,33860,12,-0.002078
2020,34060,12,-0.008958
2020,34580,12,0.002952
2020,34620,12,0.001133
2020,34740,12,0.00084
2020,34940,12,0.010041
2020,35660,12,-0.001049
2020,35840,12,0.011657
2020,36100,12,0.005424
2020,36220,12,0.011787
2020,36420,12,0.001882
2020,36500,12,0.007356
2020,36540,12,0.003139
2020,36740,12,0.006484
2020,36780,12,0.004378
2020,36980,12,-0.000274
2020,37100,12,-0.005586
2020,37340,12,-0.001556
2020,37860,12,0.003227
2020,38060,12,0.004688
2020,38300,12,-0.00062
2020,38340,12,-0.005518
2020,38860,12,0.003842
2020,38900,12,0.003576
2020,38940,12,0.004037
2020,39300,12,-0.001352
2020,39340,12,0.009901
2020,39380,12,-0.006721
2020,39460,12,0.010099
2020,39540,12,0.000241
2020,39580,12,0.011571
2020,39740,12,0.002215
2020,39820,12,-0.00256
2020,39900,12,0.004695
2020,40140,12,0.002616
2020,40420,12,-0.002158
2020,40660,12,-0.006106
2020,40900,12,0.002429
2020,40980,12,-0.000258
2020,41060,12,0.00323
2020,41100,12,0.017562
2020,41140,12,-0.003466
2020,41420,12,-0.000175
2020,41500,12,-0.003767
2020,41700,12,0.002992
2020,41740,12,-0.001889
2020,41940,12,-0.002045
2020,42020,12,-0.003862
2020,42100,12,-0.00582
2020,42140,12,-0.00749
2020,42220,12,-0.004484
2020,42340,12,0.0025
2020,42540,12,-0.000742
2020,42680,12,0.004861
2020,43100,12,0.001683
2020,43620,12,0.01007
2020,43780,12,0.001323
2020,44100,12,-0.002479
2020,44180,12,0.000952
2020,44220,12,-0.002313
2020,44300,12,0.000788
2020,44700,12,0.004412
2020,45060,12,-0.001592
2020,45220,12,-0.000968
2020,45820,12,-0.005718
2020,45940,12,9.7e-05
2020,46060,12,-0.001721
2020,46140,12,-0.001615
2020,46340,12,4.2e-05
2020,46540,12,-0.002996
2020,46660,12,0.000576
2020,46700,12,-0.00035
2020,47220,12,-0.002543
2020,47300,12,-0.000188
2020,47940,12,-0.006009
2020,48300,12,0.004027
2020,48540,12,-0.013699
2020,48660,12,-0.002018
2020,48700,12,-0.002712
2020,49020,12,-0.00089
2020,49420,12,-0.003555
2020,49620,12,0.002306
2020,49660,12,-0.002671
2020,49740,12,-0.001984
2020,10180,13,-0.003306
2020,10420,13,0.000358
2020,10580,13,0.001341
2020,10740,13,-0.006638
2020,10780,13,-0.00861
2020,10900,13,0.003572
2020,11020,13,-0.003475
2020,11260,13,-0.005935
2020,11460,13,-0.001515
2020,11500,13,-0.007173
2020,11540,13,0.003683
2020,11700,13,-0.003803
2020,12020,13,-0.000226
2020,12100,13,0.003652
2020,12220,13,0.00481
2020,12420,13,0.016902
2020,12540,13,0.003996
2020,12580,13,-0.006839
2020,12620,13,0.000503
2020,12700,13,-0.002906
2020,12980,13,7.6e-05
2020,13020,13,-0.002012
2020,13380,13,0.008069
2020,13460,13,0.019785
2020,13780,13,-0.002617
2020,14260,13,0.011832
2020,14500,13,-0.004927
2020,14740,13,-5.5e-05
2020,15180,13,-0.003538
2020,15260,13,-0.00372
2020,15380,13,-0.0017
2020,15500,13,0.006173
2020,15540,13,0.001469
2020,15940,13,-0.001083
2020,15980,13,0.014378
2020,16020,13,-0.003372
2020,16180,13,-0.000277
2020,16220,13,-0.005628
2020,16300,13,0.000546
2020,16700,13,0.005437
2020,16860,13,-0.003422
2020,16940,13,-0.005277
2020,17020,13,-0.028626
2020,17420,13,0.003366
2020,17660,13,0.012399
2020,17780,13,0.004618
2020,17820,13,0.000957
2020,17900,13,-0.00062
2020,18020,13,0.007022
2020,18700,13,-0.001256
2020,19340,13,-0.001297
2020,19460,13,-0.002247
2020,19500,13,-0.003099
2020,19740,13,-0.00088
2020,20020,13,0.00141
2020,20100,13,0.004759
2020,20220,13,-0.002391
2020,20740,13,0.004933
2020,20940,13,-0.002946
2020,21140,13,0.001914
2020,21300,13,-0.003252
2020,21500,13,-0.003622
2020,21660,13,0.000808
2020,21820,13,-0.015652
2020,22020,13,0.007269
2020,22140,13,-0.016019
2020,22380,13,-0.00429
2020,22420,13,-0.000992
2020,22500,13,-0.006999
2020,22520,13,-0.002072
2020,22540,13,0.003865
2020,22660,13,0.00361
2020,23420,13,0.002986
2020,23460,13,-0.005189
2020,23580,13,0.003566
2020,24020,13,0.000552
2020,24220,13,-0.008435
2020,24300,13,-0.002572
2020,24500,13,-0.011667
2020,24540,13,0.014802
2020,24580,13,0.004995
2020,24660,13,-0.003325
2020,25420,13,0.007024
2020,25500,13,-0.005457
2020,25860,13,-0.007193
2020,25980,13,0.003506
2020,26300,13,-0.002773
2020,26380,13,-0.008478
2020,26620,13,0.011403
2020,26980,13,0.001831
2020,27060,13,-0.000284
2020,27100,13,0.000178
2020,27260,13,0.007316
2020,27340,13,-9.9e-05
2020,27500,13,0.001665
2020,27740,13,-0.001183
2020,27780,13,-0.005619
2020,27860,13,0.003558
2020,27900,13,-0.000102
2020,28100,13,-0.000573
2020,28420,13,0.006209
2020,28660,13,0.009086
2020,28700,13,-0.008575
2020,28740,13,-0.000992
2020,29100,13,0.000249
2020,29340,13,-0.002111
2020,29420,13,0.00044
2020,29460,13,0.011339
2020,29540,13,0.002737
2020,29700,13,8.3e-05
2020,29740,13,-0.003117
2020,29820,13,0.007838
2020,29940,13,0.00477
2020,30140,13,0.005448
2020,30300,13,-0.01052
2020,30340,13,0.001111
2020,30460,13,0.001607
2020,30620,13,-0.002739
2020,30700,13,0.003847
2020,30780,13,-0.001924
2020,30860,13,-0.00146
2020,31020,13,0.003132
2020,31420,13,-0.006724
2020,31700,13,0.002082
2020,31860,13,0.000252
2020,32580,13,0.001638
2020,32780,13,0.001979
2020,32900,13,0.007339
2020,33140,13,-0.000449
2020,33340,13,0.001086
2020,33540,13,-0.003011
2020,33700,13,0.002049
2020,33780,13,0.002395
2020,33860,13,-0.001906
2020,34060,13,-0.010301
2020,34580,13,0.001976
2020,34620,13,-0.00072
2020,34740,13,-0.001778
2020,34940,13,0.010735
2020,35660,13,-0.002527
2020,35840,13,0.011875
2020,36100,13,0.006133
2020,36220,13,0.009342
2020,36420,13,0.001991
2020,36500,13,0.007541
2020,36540,13,0.00353
2020,36740,13,0.007042
2020,36780,13,0.004613
2020,36980,13,-0.001273
2020,37100,13,-0.004426
2020,37340,13,0.000246
2020,37860,13,0.003031
2020,38060,13,0.006584
2020,38300,13,-0.002442
2020,38340,13,-0.005869
2020,38860,13,0.003319
2020,38900,13,0.001327
2020,38940,13,0.005982
2020,39300,13,-0.000477
2020,39340,13,0.009718
2020,39380,13,-0.006774
2020,39460,13,0.011061
2020,39540,13,0.001351
2020,39580,13,0.010099
2020,39740,13,0.002838
2020,39820,13,-0.002695
2020,39900,13,0.005936
2020,40140,13,0.005121
2020,40420,13,-0.000781
2020,40660,13,-0.004519
2020,40900,13,0.004577
2020,40980,13,-0.000503
2020,41060,13,0.002083
2020,41100,13,0.020178
2020,41140,13,-0.006455
2020,41420,13,-0.00072
2020,41500,13,-0.002729
2020,41700,13,0.003591
2020,41740,13,-0.001417
2020,41940,13,-0.002578
2020,42020,13,-0.00333
2020,42100,13,-0.005944
2020,42140,13,-0.007126
2020,42220,13,-0.004997
2020,42340,13,0.000641
2020,42540,13,-1.3e-05
2020,42680,13,0.006541
2020,43100,13,0.000783
2020,43620,13,0.010518
2020,43780,13,0.001882
2020,44100,13,-0.00247
2020,44180,13,0.002165
2020,44220,13,-0.001458
2020,44300,13,-0.000862
2020,44700,13,0.00794
2020,45060,13,-0.001116
2020,45220,13,-0.001557
2020,45820,13,-0.004853
2020,45940,13,0.002197
2020,46060,13,-0.000586
2020,46140,13,-0.001851
2020,46340,13,0.001922
2020,46540,13,-0.002646
2020,46660,13,0.001066
2020,46700,13,0.002272
2020,47220,13,-0.002887
2020,47300,13,0.000641
2020,47940,13,-0.005673
2020,48300,13,0.000374
2020,48540,13,-0.015506
2020,48660,13,-0.004609
2020,48700,13,-0.002845
2020,49020,13,0.001437
2020,49420,13,-0.005823
2020,49620,13,0.003363
2020,49660,13,-0.002598
2020,49740,13,0.000228
2020,10180,14,-0.003577
2020,10420,14,0.000272
2020,10580,14,0.000984
2020,10740,14,-0.006861
2020,10780,14,-0.008706
2020,10900,14,0.002745
2020,11020,14,-0.003356
2020,11260,14,-0.004787
2020,11460,14,-0.002385
2020,11500,14,-0.007278
2020,11540,14,0.003118
2020,11700,14,-0.003642
2020,12020,14,-0.000472
2020,12100,14,0.005083
2020,12220,14,0.004784
2020,12420,14,0.01827
2020,12540,14,0.003583
2020,12580,14,-0.00688
2020,12620,14,0.000289
2020,12700,14,-0.002843
2020,12980,14,0.000376
2020,13020,14,-0.002363
2020,13380,14,0.008389
2020,13460,14,0.019819
2020,13780,14,-0.002806
2020,14260,14,0.013612
2020,14500,14,-0.004116
2020,14740,14,0.00058
2020,15180,14,-0.003446
2020,15260,14,-0.003678
2020,15380,14,-0.001303
2020,15500,14,0.004723
2020,15540,14,0.001329
2020,15940,14,-0.00049
2020,15980,14,0.014426
2020,16020,14,-0.003261
2020,16180,14,0.000158
2020,16220,14,-0.004432
2020,16300,14,-0.000148
2020,16700,14,0.005782
2020,16860,14,-0.003692
2020,16940,14,-0.004307
2020,17020,14,-0.02956
2020,17420,14,0.002851
2020,17660,14,0.013846
2020,17780,14,0.004192
2020,17820,14,0.000839
2020,17900,14,-0.000461
2020,18020,14,0.007406
2020,18700,14,-0.001464
2020,19340,14,-0.001489
2020,19460,14,-0.002232
2020,19500,14,-0.003008
2020,19740,14,-0.001083
2020,20020,14,0.001586
2020,20100,14,0.004859
2020,20220,14,-0.00233
2020,20740,14,0.005021
2020,20940,14,-0.003302
2020,21140,14,0.001518
2020,21300,14,-0.002309
2020,21500,14,-0.003205
2020,21660,14,0.001262
2020,21820,14,-0.015291
2020,22020,14,0.00688
2020,22140,14,-0.016575
2020,22380,14,-0.004477
2020,22420,14,-0.000498
2020,22500,14,-0.006794
2020,22520,14,-0.00207
2020,22540,14,0.003001
2020,22660,14,0.00333
2020,23420,14,0.003158
2020,23460,14,-0.005736
2020,23580,14,0.003911
2020,24020,14,0.000405
2020,24220,14,-0.008974
2020,24300,14,-0.002838
2020,24500,14,-0.012511
2020,24540,14,0.01416
2020,24580,14,0.004579
2020,24660,14,-0.003552
2020,25420,14,0.006794
2020,25500,14,-0.006173
2020,25860,14,-0.007659
2020,25980,14,0.003229
2020,26300,14,-0.003555
2020,26380,14,-0.008214
2020,26620,14,0.011659
2020,26980,14,0.001302
2020,27060,14,-0.001134
2020,27100,14,0.000336
2020,27260,14,0.0081
2020,27340,14,-0.001167
2020,27500,14,0.001359
2020,27740,14,-0.001256
2020,27780,14,-0.004833
2020,27860,14,0.00286
2020,27900,14,-0.000392
2020,28100,14,-0.000531
2020,28420,14,0.006857
2020,28660,14,0.008899
2020,28700,14,-0.008957
2020,28740,14,-0.000925
2020,29100,14,0.000423
2020,29340,14,-0.002522
2020,29420,14,0.001305
2020,29460,14,0.010085
2020,29540,14,0.001982
2020,29700,14,0.000663
2020,29740,14,-0.00382
2020,29820,14,0.006231
2020,29940,14,0.005686
2020,30140,14,0.00391
2020,30300,14,-0.010496
2020,30340,14,0.001126
2020,30460,14,0.001874
2020,30620,14,-0.002719
2020,30700,14,0.00437
2020,30780,14,-0.002354
2020,30860,14,-0.002781
2020,31020,14,0.003327
2020,31420,14,-0.007337
2020,31700,14,0.002319
2020,31860,14,3.6e-05
2020,32580,14,0.001895
2020,32780,14,0.001888
2020,32900,14,0.005819
2020,33140,14,-0.000369
2020,33340,14,0.001333
2020,33540,14,-0.002775
2020,33700,14,0.000699
2020,33780,14,0.001964
2020,33860,14,-0.001739
2020,34060,14,-0.010395
2020,34580,14,0.002045
2020,34620,14,-0.000151
2020,34740,14,-0.001107
2020,34940,14,0.010525
2020,35660,14,-0.002236
2020,35840,14,0.012357
2020,36100,14,0.007165
2020,36220,14,0.010173
2020,36420,14,0.002297
2020,36500,14,0.007234
2020,36540,14,0.004112
2020,36740,14,0.007157
2020,36780,14,0.004216
2020,36980,14,-0.000982
2020,37100,14,-0.004816
2020,37340,14,-0.000945
2020,37860,14,0.003422
2020,38060,14,0.006416
2020,38300,14,-0.001574
2020,38340,14,-0.006267
2020,38860,14,0.003787
2020,38900,14,0.001738
2020,38940,14,0.005203
2020,39300,14,-0.000476
2020,39340,14,0.010004
2020,39380,14,-0.006967
2020,39460,14,0.011444
2020,39540,14,0.000801
2020,39580,14,0.010914
2020,39740,14,0.001842
2020,39820,14,-0.002048
2020,39900,14,0.006058
2020,40140,14,0.004167
2020,40420,14,-0.001055
2020,40660,14,-0.005067
2020,40900,14,0.004127
2020,40980,14,0.000171
2020,41060,14,0.001737
2020,41100,14,0.019431
2020,41140,14,-0.006686
2020,41420,14,-0.001095
2020,41500,14,-0.002582
2020,41700,14,0.003069
2020,41740,14,-0.001377
2020,41940,14,-0.003469
2020,42020,14,-0.003577
2020,42100,14,-0.006214
2020,42140,14,-0.007217
2020,42220,14,-0.004295
2020,42340,14,0.0022
2020,42540,14,-0.000495
2020,42680,14,0.005859
2020,43100,14,0.00024
2020,43620,14,0.011033
2020,43780,14,0.001479
2020,44100,14,-0.002623
2020,44180,14,0.001899
2020,44220,14,-0.001693
2020,44300,14,-0.00086
2020,44700,14,0.006767
2020,45060,14,-0.001054
2020,45220,14,-0.001015
2020,45820,14,-0.004677
2020,45940,14,0.001758
2020,46060,14,-0.000557
2020,46140,14,-0.001323
2020,46340,14,0.001221
2020,46540,14,-0.003005
2020,46660,14,0.001095
2020,46700,14,0.000768
2020,47220,14,-0.002292
2020,47300,14,0.000939
2020,47940,14,-0.005668
2020,48300,14,0.002037
2020,48540,14,-0.014956
2020,48660,14,-0.00471
2020,48700,14,-0.002939
2020,49020,14,0.00068
2020,49420,14,-0.004895
2020,49620,14,0.002665
2020,49660,14,-0.002267
2020,49740,14,-4.5e-05
2020,10180,15,-0.003469
2020,10420,15,0.000199
2020,10580,15,0.000871
2020,10740,15,-0.006895
2020,10780,15,-0.008679
2020,10900,15,0.002821
2020,11020,15,-0.003345
2020,11260,15,-0.004885
2020,11460,15,-0.002612
2020,11500,15,-0.00741
2020,11540,15,0.003124
2020,11700,15,-0.003815
2020,12020,15,-0.000605
2020,12100,15,0.004988
2020,12220,15,0.004441
2020,12420,15,0.018252
2020,12540,15,0.003837
2020,12580,15,-0.006938
2020,12620,15,0.000394
2020,12700,15,-0.002685
2020,12980,15,0.000504
2020,13020,15,-0.00244
2020,13380,15,0.008308
2020,13460,15,0.020076
2020,13780,15,-0.002613
2020,14260,15,0.01328
2020,14500,15,-0.004116
2020,14740,15,0.000402
2020,15180,15,-0.003499
2020,15260,15,-0.00377
2020,15380,15,-0.00148
2020,15500,15,0.004814
2020,15540,15,0.001201
2020,15940,15,-0.000535
2020,15980,15,0.014731
2020,16020,15,-0.002486
2020,16180,15,0.000252
2020,16220,15,-0.003712
2020,16300,15,-0.000248
2020,16700,15,0.005856
2020,16860,15,-0.003768
2020,16940,15,-0.004497
2020,17020,15,-0.032319
2020,17420,15,0.002795
2020,17660,15,0.013641
2020,17780,15,0.00428
2020,17820,15,0.000568
2020,17900,15,-0.000558
2020,18020,15,0.007744
2020,18700,15,-0.001672
2020,19340,15,-0.001456
2020,19460,15,-0.002162
2020,19500,15,-0.003001
2020,19740,15,-0.000929
2020,20020,15,0.001917
2020,20100,15,0.004937
2020,20220,15,-0.00225
2020,20740,15,0.004926
2020,20940,15,-0.003208
2020,21140,15,0.001492
2020,21300,15,-0.002008
2020,21500,15,-0.003072
2020,21660,15,0.00108
2020,21820,15,-0.015401
2020,22020,15,0.00674
2020,22140,15,-0.016611
2020,22380,15,-0.004448
2020,22420,15,-0.000474
2020,22500,15,-0.006766
2020,22520,15,-0.002188
2020,22540,15,0.003048
2020,22660,15,0.003558
2020,23420,15,0.003341
2020,23460,15,-0.005752
2020,23580,15,0.003916
2020,24020,15,0.000468
2020,24220,15,-0.009152
2020,24300,15,-0.002984
2020,24500,15,-0.012621
2020,24540,15,0.014407
2020,24580,15,0.004591
2020,24660,15,-0.003497
2020,25420,15,0.006832
2020,25500,15,-0.006393
2020,25860,15,-0.007568
2020,25980,15,0.004093
2020,26300,15,-0.003544
2020,26380,15,-0.008259
2020,26620,15,0.011763
2020,26980,15,0.000995
2020,27060,15,-0.000904
2020,27100,15,0.000565
2020,27260,15,0.007995
2020,27340,15,-0.00149
2020,27500,15,0.001208
2020,27740,15,-0.001102
2020,27780,15,-0.004948
2020,27860,15,0.002832
2020,27900,15,-0.000363
2020,28100,15,-0.000437
2020,28420,15,0.006459
2020,28660,15,0.008933
2020,28700,15,-0.008651
2020,28740,15,-0.001113
2020,29100,15,0.000351
2020,29340,15,-0.002713
2020,29420,15,0.001357
2020,29460,15,0.010094
2020,29540,15,0.002116
2020,29700,15,0.000565
2020,29740,15,-0.003862
2020,29820,15,0.006642
2020,29940,15,0.005636
2020,30140,15,0.003808
2020,30300,15,-0.010411
2020,30340,15,0.001019
2020,30460,15,0.001762
2020,30620,15,-0.002649
2020,30700,15,0.004196
2020,30780,15,-0.002394
2020,30860,15,-0.002782
2020,31020,15,0.003127
2020,31420,15,-0.007238
2020,31700,15,0.002443
2020,31860,15,-0.0001
2020,32580,15,0.001791
2020,32780,15,0.001925
2020,32900,15,0.006396
2020,33140,15,-0.000507
2020,33340,15,0.001319
2020,33540,15,-0.003006
2020,33700,15,0.001364
2020,33780,15,0.002328
2020,33860,15,-0.001597
2020,34060,15,-0.010508
2020,34580,15,0.001798
2020,34620,15,0.000162
2020,34740,15,-0.00106
2020,34940,15,0.010915
2020,35660,15,-0.002259
2020,35840,15,0.012555
2020,36100,15,0.006997
2020,36220,15,0.010306
2020,36420,15,0.002381
2020,36500,15,0.007023
2020,36540,15,0.00392
2020,36740,15,0.006781
2020,36780,15,0.004421
2020,36980,15,-0.000887
2020,37100,15,-0.004692
2020,37340,15,-0.000777
2020,37860,15,0.003486
2020,38060,15,0.006551
2020,38300,15,-0.001574
2020,38340,15,-0.006263
2020,38860,15,0.003758
2020,38900,15,0.001852
2020,38940,15,0.005519
2020,39300,15,-0.000459
2020,39340,15,0.009804
2020,39380,15,-0.007165
2020,39460,15,0.011667
2020,39540,15,0.000651
2020,39580,15,0.01079
2020,39740,15,0.002
2020,39820,15,-0.002049
2020,39900,15,0.006304
2020,40140,15,0.004459
2020,40420,15,-0.001039
2020,40660,15,-0.005239
2020,40900,15,0.004376
2020,40980,15,0.000209
2020,41060,15,0.002285
2020,41100,15,0.019449
2020,41140,15,-0.006278
2020,41420,15,-0.001341
2020,41500,15,-0.002288
2020,41700,15,0.002933
2020,41740,15,-0.001258
2020,41940,15,-0.002962
2020,42020,15,-0.003452
2020,42100,15,-0.005936
2020,42140,15,-0.007343
2020,42220,15,-0.004228
2020,42340,15,0.002014
2020,42540,15,-0.000514
2020,42680,15,0.006092
2020,43100,15,0.000529
2020,43620,15,0.010843
2020,43780,15,0.001527
2020,44100,15,-0.002576
2020,44180,15,0.00185
2020,44220,15,-0.001896
2020,44300,15,-0.000922
2020,44700,15,0.007284
2020,45060,15,-0.001068
2020,45220,15,-0.001099
2020,45820,15,-0.004756
2020,45940,15,0.001755
2020,46060,15,-0.00054
2020,46140,15,-0.001275
2020,46340,15,0.001351
2020,46540,15,-0.003046
2020,46660,15,0.00108
2020,46700,15,0.001296
2020,47220,15,-0.002251
2020,47300,15,0.00097
2020,47940,15,-0.005607
2020,48300,15,0.00179
2020,48540,15,-0.015023
2020,48660,15,-0.004376
2020,48700,15,-0.003036
2020,49020,15,0.000508
2020,49420,15,-0.005222
2020,49620,15,0.002796
2020,49660,15,-0.002252
2020,49740,15,-7.9e-05
2020,10180,16,-0.003483
2020,10420,16,0.000314
2020,10580,16,0.000991
2020,10740,16,-0.006846
2020,10780,16,-0.008784
2020,10900,16,0.00281
2020,11020,16,-0.003432
2020,11260,16,-0.004749
2020,11460,16,-0.002689
2020,11500,16,-0.007514
2020,11540,16,0.003138
2020,11700,16,-0.003809
2020,12020,16,-0.000608
2020,12100,16,0.005143
2020,12220,16,0.004457
2020,12420,16,0.018272
2020,12540,16,0.003904
2020,12580,16,-0.006906
2020,12620,16,0.00038
2020,12700,16,-0.002982
2020,12980,16,0.000368
2020,13020,16,-0.002401
2020,13380,16,0.008501
2020,13460,16,0.020209
2020,13780,16,-0.002895
2020,14260,16,0.013396
2020,14500,16,-0.004401
2020,14740,16,0.000503
2020,15180,16,-0.003514
2020,15260,16,-0.003832
2020,15380,16,-0.001394
2020,15500,16,0.00503
2020,15540,16,0.001264
2020,15940,16,-0.000514
2020,15980,16,0.014578
2020,16020,16,-0.003555
2020,16180,16,0.000347
2020,16220,16,-0.003844
2020,16300,16,-4e-06
2020,16700,16,0.005819
2020,16860,16,-0.00368
2020,16940,16,-0.004471
2020,17020,16,-0.032437
2020,17420,16,0.002815
2020,17660,16,0.013744
2020,17780,16,0.004259
2020,17820,16,0.000569
2020,17900,16,-0.000509
2020,18020,16,0.007903
2020,18700,16,-0.001619
2020,19340,16,-0.001415
2020,19460,16,-0.002066
2020,19500,16,-0.00282
2020,19740,16,-0.001131
2020,20020,16,0.001908
2020,20100,16,0.005017
2020,20220,16,-0.002065
2020,20740,16,0.004995
2020,20940,16,-0.003339
2020,21140,16,0.001569
2020,21300,16,-0.002408
2020,21500,16,-0.003239
2020,21660,16,0.001245
2020,21820,16,-0.015739
2020,22020,16,0.006723
2020,22140,16,-0.016789
2020,22380,16,-0.004458
2020,22420,16,-0.000495
2020,22500,16,-0.00675
2020,22520,16,-0.002027
2020,22540,16,0.003199
2020,22660,16,0.003437
2020,23420,16,0.003405
2020,23460,16,-0.005772
2020,23580,16,0.004004
2020,24020,16,0.000489
2020,24220,16,-0.009355
2020,24300,16,-0.002959
2020,24500,16,-0.012682
2020,24540,16,0.014402
2020,24580,16,0.004636
2020,24660,16,-0.003419
2020,25420,16,0.007074
2020,25500,16,-0.006296
2020,25860,16,-0.00787
2020,25980,16,0.004158
2020,26300,16,-0.003456
2020,26380,16,-0.008368
2020,26620,16,0.011906
2020,26980,16,0.001239
2020,27060,16,-0.000948
2020,27100,16,0.000137
2020,27260,16,0.008052
2020,27340,16,-0.001501
2020,27500,16,0.001337
2020,27740,16,-0.001296
2020,27780,16,-0.004982
2020,27860,16,0.002963
2020,27900,16,-0.000104
2020,28100,16,-0.000348
2020,28420,16,0.006646
2020,28660,16,0.009136
2020,28700,16,-0.00913
2020,28740,16,-0.001088
2020,29100,16,0.000336
2020,29340,16,-0.002762
2020,29420,16,0.001441
2020,29460,16,0.010356
2020,29540,16,0.002087
2020,29700,16,0.00053
2020,29740,16,-0.003803
2020,29820,16,0.006515
2020,29940,16,0.00588
2020,30140,16,0.003975
2020,30300,16,-0.010933
2020,30340,16,0.001218
2020,30460,16,0.001717
2020,30620,16,-0.002763
2020,30700,16,0.004353
2020,30780,16,-0.002323
2020,30860,16,-0.002727
2020,31020,16,0.003488
2020,31420,16,-0.007213
2020,31700,16,0.002483
2020,31860,16,3.9e-05
2020,32580,16,0.00187
2020,32780,16,0.001962
2020,32900,16,0.006436
2020,33140,16,-0.000395
2020,33340,16,0.001421
2020,33540,16,-0.002905
2020,33700,16,0.00083
2020,33780,16,0.00197
2020,33860,16,-0.001653
2020,34060,16,-0.010484
2020,34580,16,0.001961
2020,34620,16,-0.000159
2020,34740,16,-0.001429
2020,34940,16,0.010626
2020,35660,16,-0.002406
2020,35840,16,0.012376
2020,36100,16,0.007253
2020,36220,16,0.010493
2020,36420,16,0.002443
2020,36500,16,0.007285
2020,36540,16,0.004157
2020,36740,16,0.006728
2020,36780,16,0.00442
2020,36980,16,-0.000959
2020,37100,16,-0.004694
2020,37340,16,-0.000895
2020,37860,16,0.003582
2020,38060,16,0.006694
2020,38300,16,-0.00164
2020,38340,16,-0.006424
2020,38860,16,0.003799
2020,38900,16,0.00174
2020,38940,16,0.005385
2020,39300,16,-0.000413
2020,39340,16,0.010003
2020,39380,16,-0.007114
2020,39460,16,0.011647
2020,39540,16,0.000709
2020,39580,16,0.010887
2020,39740,16,0.001862
2020,39820,16,-0.002011
2020,39900,16,0.006078
2020,40140,16,0.004458
2020,40420,16,-0.000947
2020,40660,16,-0.004986
2020,40900,16,0.004457
2020,40980,16,0.000165
2020,41060,16,0.001835
2020,41100,16,0.019741
2020,41140,16,-0.00708
2020,41420,16,-0.001182
2020,41500,16,-0.002427
2020,41700,16,0.003118
2020,41740,16,-0.001285
2020,41940,16,-0.003366
2020,42020,16,-0.003503
2020,42100,16,-0.00608
2020,42140,16,-0.00726
2020,42220,16,-0.004531
2020,42340,16,0.002061
2020,42540,16,-0.000456
2020,42680,16,0.006
2020,43100,16,0.000226
2020,43620,16,0.011161
2020,43780,16,0.001602
2020,44100,16,-0.002535
2020,44180,16,0.002071
2020,44220,16,-0.001776
2020,44300,16,-0.001049
2020,44700,16,0.007265
2020,45060,16,-0.000956
2020,45220,16,-0.0011
2020,45820,16,-0.004578
2020,45940,16,0.00185
2020,46060,16,-0.000495
2020,46140,16,-0.001291
2020,46340,16,0.001568
2020,46540,16,-0.002972
2020,46660,16,0.001205
2020,46700,16,0.001019
2020,47220,16,-0.002364
2020,47300,16,0.001012
2020,47940,16,-0.005543
2020,48300,16,0.001909
2020,48540,16,-0.0151
2020,48660,16,-0.005006
2020,48700,16,-0.002925
2020,49020,16,0.00066
2020,49420,16,-0.005049
2020,49620,16,0.002799
2020,49660,16,-0.002222
2020,49740,16,0.000118
2020,10180,17,-0.003489
2020,10420,17,-0.000406
2020,10580,17,0.000618
2020,10740,17,-0.006948
2020,10780,17,-0.008692
2020,10900,17,0.001627
2020,11020,17,-0.002449
2020,11260,17,-0.0036
2020,11460,17,-0.002551
2020,11500,17,-0.006932
2020,11540,17,0.003316
2020,11700,17,-0.002113
2020,12020,17,-0.000146
2020,12100,17,0.003785
2020,12220,17,0.004652
2020,12420,17,0.019391
2020,12540,17,0.001657
2020,12580,17,-0.007085
2020,12620,17,0.000306
2020,12700,17,-0.002323
2020,12980,17,0.000429
2020,13020,17,-0.003243
2020,13380,17,0.009202
2020,13460,17,0.019241
2020,13780,17,-0.001987
2020,14260,17,0.014028
2020,14500,17,-0.001484
2020,14740,17,0.001765
2020,15180,17,-0.003512
2020,15260,17,-0.003299
2020,15380,17,-0.000713
2020,15500,17,0.00382
2020,15540,17,0.001856
2020,15940,17,-0.000666
2020,15980,17,0.013072
2020,16020,17,-0.000542
2020,16180,17,-0.001564
2020,16220,17,-0.003277
2020,16300,17,-0.001355
2020,16700,17,0.006726
2020,16860,17,-0.003121
2020,16940,17,-0.003023
2020,17020,17,-0.026173
2020,17420,17,0.002673
2020,17660,17,0.014208
2020,17780,17,0.004684
2020,17820,17,0.001519
2020,17900,17,-3.1e-05
2020,18020,17,0.007361
2020,18700,17,0.000214
2020,19340,17,-0.001066
2020,19460,17,-0.002425
2020,19500,17,-0.003094
2020,19740,17,0.00056
2020,20020,17,0.001081
2020,20100,17,0.004331
2020,20220,17,-0.002654
2020,20740,17,0.005479
2020,20940,17,-0.003958
2020,21140,17,0.00151
2020,21300,17,-0.000661
2020,21500,17,-0.002406
2020,21660,17,0.001923
2020,21820,17,-0.012612
2020,22020,17,0.007663
2020,22140,17,-0.01575
2020,22380,17,-0.004801
2020,22420,17,-0.001681
2020,22500,17,-0.006462
2020,22520,17,-0.00203
2020,22540,17,0.002635
2020,22660,17,0.004489
2020,23420,17,0.001399
2020,23460,17,-0.005737
2020,23580,17,0.003409
2020,24020,17,0.000314
2020,24220,17,-0.006827
2020,24300,17,-0.002437
2020,24500,17,-0.011435
2020,24540,17,0.014023
2020,24580,17,0.004375
2020,24660,17,-0.0036
2020,25420,17,0.005784
2020,25500,17,-0.005899
2020,25860,17,-0.006061
2020,25980,17,0.002199
2020,26300,17,-0.004315
2020,26380,17,-0.007553
2020,26620,17,0.011246
2020,26980,17,0.000611
2020,27060,17,-0.000711
2020,27100,17,0.000739
2020,27260,17,0.007627
2020,27340,17,0.000124
2020,27500,17,0.001316
2020,27740,17,-0.000574
2020,27780,17,-0.003993
2020,27860,17,0.001559
2020,27900,17,-0.001459
2020,28100,17,-0.000706
2020,28420,17,0.00871
2020,28660,17,0.007845
2020,28700,17,-0.006589
2020,28740,17,-0.001445
2020,29100,17,0.001403
2020,29340,17,-0.001989
2020,29420,17,-0.000261
2020,29460,17,0.007988
2020,29540,17,0.001776
2020,29700,17,0.000525
2020,29740,17,-0.004314
2020,29820,17,0.003072
2020,29940,17,0.004811
2020,30140,17,0.002979
2020,30300,17,-0.007475
2020,30340,17,0.000678
2020,30460,17,0.002164
2020,30620,17,-0.002047
2020,30700,17,0.004145
2020,30780,17,-0.003271
2020,30860,17,-0.002087
2020,31020,17,0.003591
2020,31420,17,-0.007829
2020,31700,17,0.001661
2020,31860,17,-0.000794
2020,32580,17,0.001089
2020,32780,17,0.001174
2020,32900,17,0.002446
2020,33140,17,-0.00018
2020,33340,17,0.001014
2020,33540,17,-0.002184
2020,33700,17,-0.000258
2020,33780,17,0.001595
2020,33860,17,-0.002152
2020,34060,17,-0.008919
2020,34580,17,0.002948
2020,34620,17,0.000614
2020,34740,17,0.000186
2020,34940,17,0.010153
2020,35660,17,-0.001348
2020,35840,17,0.011825
2020,36100,17,0.005576
2020,36220,17,0.011563
2020,36420,17,0.001754
2020,36500,17,0.0073
2020,36540,17,0.00354
2020,36740,17,0.006739
2020,36780,17,0.004189
2020,36980,17,-0.000429
2020,37100,17,-0.005489
2020,37340,17,-0.001693
2020,37860,17,0.002986
2020,38060,17,0.004462
2020,38300,17,-0.000739
2020,38340,17,-0.005391
2020,38860,17,0.003965
2020,38900,17,0.003688
2020,38940,17,0.003902
2020,39300,17,-0.0013
2020,39340,17,0.009929
2020,39380,17,-0.006459
2020,39460,17,0.010131
2020,39540,17,0.00045
2020,39580,17,0.0116
2020,39740,17,0.001532
2020,39820,17,-0.00289
2020,39900,17,0.004972
2020,40140,17,0.002525
2020,40420,17,-0.001816
2020,40660,17,-0.005873
2020,40900,17,0.002332
2020,40980,17,-0.000273
2020,41060,17,0.001704
2020,41100,17,0.017083
2020,41140,17,-0.004545
2020,41420,17,-0.00024
2020,41500,17,-0.003774
2020,41700,17,0.002833
2020,41740,17,-0.001846
2020,41940,17,-0.001906
2020,42020,17,-0.003853
2020,42100,17,-0.005787
2020,42140,17,-0.007338
2020,42220,17,-0.003488
2020,42340,17,0.00275
2020,42540,17,-0.000807
2020,42680,17,0.00468
2020,43100,17,0.001082
2020,43620,17,0.010469
2020,43780,17,0.001385
2020,44100,17,-0.002205
2020,44180,17,0.001004
2020,44220,17,-0.00201
2020,44300,17,0.000535
2020,44700,17,0.004067
2020,45060,17,-0.001386
2020,45220,17,-0.000929
2020,45820,17,-0.005305
2020,45940,17,0.000172
2020,46060,17,-0.001851
2020,46140,17,-0.001547
2020,46340,17,-0.000171
2020,46540,17,-0.002787
2020,46660,17,0.00097
2020,46700,17,-0.000645
2020,47220,17,-0.002397
2020,47300,17,-0.00012
2020,47940,17,-0.005892
2020,48300,17,0.004217
2020,48540,17,-0.013374
2020,48660,17,-0.00324
2020,48700,17,-0.002468
2020,49020,17,-0.000869
2020,49420,17,-0.003137
2020,49620,17,0.001825
2020,49660,17,-0.002513
2020,49740,17,-0.001943
2020,10180,18,-0.0035
2020,10420,18,0.000577
2020,10580,18,0.001379
2020,10740,18,-0.006649
2020,10780,18,-0.008746
2020,10900,18,0.003881
2020,11020,18,-0.003742
2020,11260,18,-0.006208
2020,11460,18,-0.001444
2020,11500,18,-0.007226
2020,11540,18,0.00356
2020,11700,18,-0.004202
2020,12020,18,-0.000143
2020,12100,18,0.00431
2020,12220,18,0.005115
2020,12420,18,0.016832
2020,12540,18,0.004441
2020,12580,18,-0.0068
2020,12620,18,0.000432
2020,12700,18,-0.003032
2020,12980,18,0.000172
2020,13020,18,-0.00177
2020,13380,18,0.00798
2020,13460,18,0.019903
2020,13780,18,-0.002958
2020,14260,18,0.012437
2020,14500,18,-0.005872
2020,14740,18,-0.00023
2020,15180,18,-0.003459
2020,15260,18,-0.003804
2020,15380,18,-0.001743
2020,15500,18,0.006201
2020,15540,18,0.001332
2020,15940,18,-0.000886
2020,15980,18,0.01459
2020,16020,18,-0.004192
2020,16180,18,0.000133
2020,16220,18,-0.0064
2020,16300,18,0.000793
2020,16700,18,0.005144
2020,16860,18,-0.003594
2020,16940,18,-0.005412
2020,17020,18,-0.027741
2020,17420,18,0.00344
2020,17660,18,0.012827
2020,17780,18,0.004194
2020,17820,18,0.000913
2020,17900,18,-0.000664
2020,18020,18,0.006867
2020,18700,18,-0.00155
2020,19340,18,-0.001566
2020,19460,18,-0.002306
2020,19500,18,-0.003242
2020,19740,18,-0.001678
2020,20020,18,0.00138
2020,20100,18,0.004841
2020,20220,18,-0.002421
2020,20740,18,0.004827
2020,20940,18,-0.002855
2020,21140,18,0.001873
2020,21300,18,-0.003657
2020,21500,18,-0.003912
2020,21660,18,0.000884
2020,21820,18,-0.016424
2020,22020,18,0.006913
2020,22140,18,-0.016478
2020,22380,18,-0.004303
2020,22420,18,-0.000573
2020,22500,18,-0.007255
2020,22520,18,-0.00208
2020,22540,18,0.003726
2020,22660,18,0.002938
2020,23420,18,0.003484
2020,23460,18,-0.005335
2020,23580,18,0.003755
2020,24020,18,0.000428
2020,24220,18,-0.00922
2020,24300,18,-0.002679
2020,24500,18,-0.012224
2020,24540,18,0.014598
2020,24580,18,0.004978
2020,24660,18,-0.00339
2020,25420,18,0.007203
2020,25500,18,-0.005556
2020,25860,18,-0.007553
2020,25980,18,0.003029
2020,26300,18,-0.002699
2020,26380,18,-0.00872
2020,26620,18,0.011591
2020,26980,18,0.002023
2020,27060,18,-0.000845
2020,27100,18,0.00022
2020,27260,18,0.007721
2020,27340,18,-0.000372
2020,27500,18,0.001734
2020,27740,18,-0.00139
2020,27780,18,-0.005707
2020,27860,18,0.00378
2020,27900,18,9.7e-05
2020,28100,18,-0.000642
2020,28420,18,0.006123
2020,28660,18,0.00946
2020,28700,18,-0.009308
2020,28740,18,-0.000655
2020,29100,18,-1.2e-05
2020,29340,18,-0.002367
2020,29420,18,0.001113
2020,29460,18,0.011929
2020,29540,18,0.002695
2020,29700,18,0.000308
2020,29740,18,-0.003131
2020,29820,18,0.008368
2020,29940,18,0.005135
2020,30140,18,0.005601
2020,30300,18,-0.011139
2020,30340,18,0.001256
2020,30460,18,0.001587
2020,30620,18,-0.002986
2020,30700,18,0.004019
2020,30780,18,-0.001727
2020,30860,18,-0.001776
2020,31020,18,0.003344
2020,31420,18,-0.006756
2020,31700,18,0.002274
2020,31860,18,0.000531
2020,32580,18,0.001984
2020,32780,18,0.002215
2020,32900,18,0.007782
2020,33140,18,-0.000442
2020,33340,18,0.001157
2020,33540,18,-0.003043
2020,33700,18,0.001924
2020,33780,18,0.002449
2020,33860,18,-0.001848
2020,34060,18,-0.010779
2020,34580,18,0.001912
2020,34620,18,-0.000919
2020,34740,18,-0.00182
2020,34940,18,0.010525
2020,35660,18,-0.002619
2020,35840,18,0.01199
2020,36100,18,0.007005
2020,36220,18,0.009149
2020,36420,18,0.002183
2020,36500,18,0.00767
2020,36540,18,0.003904
2020,36740,18,0.007547
2020,36780,18,0.004429
2020,36980,18,-0.001446
2020,37100,18,-0.004455
2020,37340,18,0.000151
2020,37860,18,0.003294
2020,38060,18,0.007158
2020,38300,18,-0.002515
2020,38340,18,-0.006259
2020,38860,18,0.003362
2020,38900,18,0.000593
2020,38940,18,0.006036
2020,39300,18,-0.000244
2020,39340,18,0.009985
2020,39380,18,-0.006869
2020,39460,18,0.011408
2020,39540,18,0.00147
2020,39580,18,0.01016
2020,39740,18,0.002845
2020,39820,18,-0.002159
2020,39900,18,0.006074
2020,40140,18,0.005277
2020,40420,18,-0.000705
2020,40660,18,-0.004289
2020,40900,18,0.004874
2020,40980,18,-0.000187
2020,41060,18,0.002077
2020,41100,18,0.020993
2020,41140,18,-0.007114
2020,41420,18,-0.000874
2020,41500,18,-0.002536
2020,41700,18,0.003715
2020,41740,18,-0.001405
2020,41940,18,-0.003831
2020,42020,18,-0.003438
2020,42100,18,-0.006461
2020,42140,18,-0.007011
2020,42220,18,-0.005497
2020,42340,18,0.000881
2020,42540,18,4.4e-05
2020,42680,18,0.006662
2020,43100,18,0.000376
2020,43620,18,0.010857
2020,43780,18,0.001762
2020,44100,18,-0.002837
2020,44180,18,0.002448
2020,44220,18,-0.001289
2020,44300,18,-0.001158
2020,44700,18,0.008278
2020,45060,18,-0.001072
2020,45220,18,-0.001382
2020,45820,18,-0.004698
2020,45940,18,0.002618
2020,46060,18,-9.6e-05
2020,46140,18,-0.001741
2020,46340,18,0.002144
2020,46540,18,-0.002843
2020,46660,18,0.001031
2020,46700,18,0.00212
2020,47220,18,-0.002771
2020,47300,18,0.001028
2020,47940,18,-0.005739
2020,48300,18,0.000136
2020,48540,18,-0.016016
2020,48660,18,-0.004914
2020,48700,18,-0.003033
2020,49020,18,0.001954
2020,49420,18,-0.006032
2020,49620,18,0.003543
2020,49660,18,-0.002532
2020,49740,18,0.000803
2020,10180,19,-0.003085
2020,10420,19,-0.000181
2020,10580,19,0.00081
2020,10740,19,-0.006844
2020,10780,19,-0.008766
2020,10900,19,0.002455
2020,11020,19,-0.002645
2020,11260,19,-0.004693
2020,11460,19,-0.002236
2020,11500,19,-0.007171
2020,11540,19,0.003592
2020,11700,19,-0.002277
2020,12020,19,0.000117
2020,12100,19,0.00276
2020,12220,19,0.004157
2020,12420,19,0.018177
2020,12540,19,0.002186
2020,12580,19,-0.007049
2020,12620,19,0.000407
2020,12700,19,-0.00248
2020,12980,19,0.000363
2020,13020,19,-0.003093
2020,13380,19,0.00918
2020,13460,19,0.019608
2020,13780,19,-0.002295
2020,14260,19,0.012815
2020,14500,19,-0.002797
2020,14740,19,0.001512
2020,15180,19,-0.003745
2020,15260,19,-0.003436
2020,15380,19,-0.000765
2020,15500,19,0.005079
2020,15540,19,0.001661
2020,15940,19,-0.000988
2020,15980,19,0.012861
2020,16020,19,-0.00147
2020,16180,19,-0.001052
2020,16220,19,-0.003948
2020,16300,19,-0.000614
2020,16700,19,0.006527
2020,16860,19,-0.002822
2020,16940,19,-0.00391
2020,17020,19,-0.029168
2020,17420,19,0.002994
2020,17660,19,0.013189
2020,17780,19,0.004841
2020,17820,19,0.001172
2020,17900,19,-0.000323
2020,18020,19,0.007716
2020,18700,19,0.000296
2020,19340,19,-0.001052
2020,19460,19,-0.002174
2020,19500,19,-0.003197
2020,19740,19,0.00047
2020,20020,19,0.0014
2020,20100,19,0.004151
2020,20220,19,-0.002151
2020,20740,19,0.005212
2020,20940,19,-0.003809
2020,21140,19,0.001988
2020,21300,19,-0.001683
2020,21500,19,-0.002869
2020,21660,19,0.00194
2020,21820,19,-0.013891
2020,22020,19,0.007074
2020,22140,19,-0.016204
2020,22380,19,-0.004495
2020,22420,19,-0.001595
2020,22500,19,-0.006755
2020,22520,19,-0.001928
2020,22540,19,0.003198
2020,22660,19,0.004598
2020,23420,19,0.001767
2020,23460,19,-0.005506
2020,23580,19,0.003494
2020,24020,19,0.000304
2020,24220,19,-0.007481
2020,24300,19,-0.002508
2020,24500,19,-0.011357
2020,24540,19,0.014639
2020,24580,19,0.004593
2020,24660,19,-0.003232
2020,25420,19,0.006302
2020,25500,19,-0.005647
2020,25860,19,-0.005988
2020,25980,19,0.003004
2020,26300,19,-0.003681
2020,26380,19,-0.008174
2020,26620,19,0.011217
2020,26980,19,0.000834
2020,27060,19,-0.000222
2020,27100,19,0.000529
2020,27260,19,0.007266
2020,27340,19,-0.000405
2020,27500,19,0.001644
2020,27740,19,-0.000588
2020,27780,19,-0.004857
2020,27860,19,0.002007
2020,27900,19,-0.000755
2020,28100,19,-0.000678
2020,28420,19,0.007928
2020,28660,19,0.008321
2020,28700,19,-0.006761
2020,28740,19,-0.001572
2020,29100,19,0.001044
2020,29340,19,-0.002333
2020,29420,19,-0.000153
2020,29460,19,0.009763
2020,29540,19,0.00261
2020,29700,19,-8.6e-05
2020,29740,19,-0.004252
2020,29820,19,0.004623
2020,29940,19,0.004493
2020,30140,19,0.00404
2020,30300,19,-0.008163
2020,30340,19,0.000793
2020,30460,19,0.001741
2020,30620,19,-0.002228
2020,30700,19,0.003844
2020,30780,19,-0.00298
2020,30860,19,-0.001018
2020,31020,19,0.004439
2020,31420,19,-0.007207
2020,31700,19,0.001979
2020,31860,19,-0.000427
2020,32580,19,0.000924
2020,32780,19,0.00155
2020,32900,19,0.004344
2020,33140,19,-0.00033
2020,33340,19,0.000988
2020,33540,19,-0.002538
2020,33700,19,0.000586
2020,33780,19,0.002034
2020,33860,19,-0.002199
2020,34060,19,-0.009015
2020,34580,19,0.003114
2020,34620,19,8e-06
2020,34740,19,-0.000315
2020,34940,19,0.009847
2020,35660,19,-0.001667
2020,35840,19,0.011275
2020,36100,19,0.005588
2020,36220,19,0.011137
2020,36420,19,0.001872
2020,36500,19,0.007702
2020,36540,19,0.00346
2020,36740,19,0.006232
2020,36780,19,0.00454
2020,36980,19,-0.000435
2020,37100,19,-0.005162
2020,37340,19,-0.000396
2020,37860,19,0.003316
2020,38060,19,0.005234
2020,38300,19,-0.001095
2020,38340,19,-0.005661
2020,38860,19,0.003695
2020,38900,19,0.003142
2020,38940,19,0.004943
2020,39300,19,-0.000934
2020,39340,19,0.009779
2020,39380,19,-0.006246
2020,39460,19,0.010258
2020,39540,19,0.000688
2020,39580,19,0.010878
2020,39740,19,0.002307
2020,39820,19,-0.002925
2020,39900,19,0.004871
2020,40140,19,0.003316
2020,40420,19,-0.001606
2020,40660,19,-0.005125
2020,40900,19,0.003145
2020,40980,19,-0.000639
2020,41060,19,0.002321
2020,41100,19,0.01801
2020,41140,19,-0.005284
2020,41420,19,0.000356
2020,41500,19,-0.00356
2020,41700,19,0.003663
2020,41740,19,-0.001794
2020,41940,19,-0.00199
2020,42020,19,-0.003668
2020,42100,19,-0.005546
2020,42140,19,-0.007246
2020,42220,19,-0.004875
2020,42340,19,0.001624
2020,42540,19,-0.000446
2020,42680,19,0.005591
2020,43100,19,0.001212
2020,43620,19,0.010363
2020,43780,19,0.001799
2020,44100,19,-0.002353
2020,44180,19,0.001695
2020,44220,19,-0.001939
2020,44300,19,0.000354
2020,44700,19,0.005488
2020,45060,19,-0.001155
2020,45220,19,-0.001277
2020,45820,19,-0.005074
2020,45940,19,0.00066
2020,46060,19,-0.001606
2020,46140,19,-0.001758
2020,46340,19,0.001096
2020,46540,19,-0.002431
2020,46660,19,0.000569
2020,46700,19,0.000385
2020,47220,19,-0.002936
2020,47300,19,-0.000189
2020,47940,19,-0.005661
2020,48300,19,0.003087
2020,48540,19,-0.013937
2020,48660,19,-0.003681
2020,48700,19,-0.002459
2020,49020,19,-0.000318
2020,49420,19,-0.003878
2020,49620,19,0.002652
2020,49660,19,-0.002642
2020,49740,19,-0.001422
