origin_year,cbsa_code,member,y_pred
2014,10180,0,-0.006627
2014,10420,0,0.007204
2014,10580,0,0.00263
2014,10740,0,-0.032948
2014,10780,0,-0.009508
2014,10900,0,0.016499
2014,11020,0,-0.016224
2014,11260,0,-0.052016
2014,11460,0,0.042117
2014,11500,0,5.7e-05
2014,11540,0,-0.011765
2014,11700,0,-0.001801
2014,12020,0,-0.004859
2014,12100,0,0.022137
2014,12220,0,0.018866
2014,12420,0,0.026796
2014,12540,0,0.036116
2014,12580,0,-0.004198
2014,12620,0,-0.003204
2014,12700,0,-0.002285
2014,12980,0,0.00851
2014,13020,0,-0.003036
2014,13380,0,-0.040661
2014,13460,0,0.062999
2014,13780,0,0.002068
2014,14260,0,0.055521
2014,14500,0,-0.016311
2014,14740,0,-0.047449
2014,14860,0,0.007037
2014,15180,0,-0.004644
2014,15260,0,-0.003545
2014,15380,0,-0.00151
2014,15500,0,-0.026879
2014,15540,0,-0.009225
2014,15940,0,0.003612
2014,15980,0,0.062194
2014,16180,0,0.039914
2014,16220,0,-0.008963
2014,16300,0,-0.013235
2014,16700,0,0.008058
2014,16860,0,-0.023641
2014,16940,0,-0.039208
2014,17020,0,0.000992
2014,17420,0,0.008368
2014,17660,0,0.00813
2014,17780,0,-0.018741
2014,17820,0,-0.024074
2014,17900,0,-0.030386
2014,18020,0,-0.011925
2014,18700,0,-0.05834
2014,19140,0,-0.005697
2014,19340,0,-0.010095
2014,19460,0,-0.009727
2014,19500,0,-0.027794
2014,19740,0,-0.006769
2014,20020,0,-0.005548
2014,20100,0,-0.010831
2014,20220,0,-0.012819
2014,20740,0,-0.005236
2014,20940,0,0.002156
2014,21140,0,0.012093
2014,21300,0,-0.023984
2014,21500,0,-0.005747
2014,21660,0,-0.031469
2014,21820,0,-0.066572
2014,22020,0,0.019152
2014,22140,0,-0.0553
2014,22380,0,0.004932
2014,22420,0,0.041059
2014,22500,0,-0.040259
2014,22520,0,-0.006391
2014,22540,0,-0.021552
2014,22660,0,-0.024247
2014,23420,0,0.018485
2014,23460,0,0.001066
2014,23580,0,0.038047
2014,24020,0,-0.006864
2014,24140,0,-0.03289
2014,24220,0,0.024183
2014,24300,0,-0.009667
2014,24500,0,-0.031371
2014,24540,0,-0.004192
2014,24580,0,-0.007509
2014,24660,0,-0.022937
2014,25260,0,-0.021952
2014,25420,0,0.000564
2014,25500,0,-0.029265
2014,25540,0,-0.003408
2014,25860,0,-0.032111
2014,25980,0,-0.029353
2014,26300,0,0.002546
2014,26380,0,-0.00286
2014,26620,0,-0.003703
2014,26980,0,0.008287
2014,27060,0,0.010584
2014,27100,0,0.032896
2014,27260,0,0.026874
2014,27340,0,-0.058435
2014,27500,0,0.009175
2014,27620,0,-0.013584
2014,27740,0,-0.004669
2014,27780,0,-0.024614
2014,27860,0,-0.011984
2014,27900,0,-0.012654
2014,28100,0,-0.003518
2014,28420,0,-0.095344
2014,28660,0,-0.020593
2014,28700,0,-0.03192
2014,28740,0,0.004106
2014,29100,0,-0.00799
2014,29340,0,-0.005021
2014,29420,0,0.017963
2014,29460,0,0.052286
2014,29540,0,0.008932
2014,29700,0,-0.006853
2014,29740,0,-0.053426
2014,29820,0,0.11481
2014,29940,0,0.001716
2014,30140,0,-0.002488
2014,30300,0,-0.031726
2014,30340,0,0.005272
2014,30460,0,0.006967
2014,30620,0,-0.019366
2014,30700,0,0.002377
2014,30780,0,-0.00579
2014,30860,0,-0.042557
2014,31020,0,-0.039093
2014,31420,0,-0.031432
2014,31700,0,0.007749
2014,31900,0,-0.011978
2014,32580,0,-0.005208
2014,32780,0,0.011844
2014,32900,0,0.048885
2014,33140,0,0.003019
2014,33340,0,0.004386
2014,33540,0,-0.033816
2014,33700,0,0.06918
2014,33780,0,0.013031
2014,33860,0,-0.00507
2014,34060,0,-0.016111
2014,34580,0,-0.02813
2014,34620,0,-0.003545
2014,34740,0,0.024425
2014,34900,0,0.041674
2014,34940,0,0.055037
2014,35300,0,0.001925
2014,35660,0,-0.002087
2014,35980,0,-0.004919
2014,36100,0,0.041557
2014,36220,0,0.042824
2014,36420,0,0.006579
2014,36500,0,-0.031088
2014,36540,0,-0.000312
2014,36740,0,0.072014
2014,36780,0,-0.00583
2014,36980,0,0.001457
2014,37100,0,0.003355
2014,37340,0,0.041954
2014,37860,0,0.002446
2014,38060,0,0.083992
2014,38300,0,-0.003848
2014,38340,0,-0.012162
2014,38860,0,0.003026
2014,38900,0,-0.007538
2014,38940,0,0.062049
2014,39300,0,0.011868
2014,39340,0,0.026551
2014,39380,0,-0.042653
2014,39460,0,0.050927
2014,39540,0,0.004513
2014,39580,0,-0.02381
2014,39740,0,0.016733
2014,39820,0,0.013458
2014,39900,0,0.094311
2014,40140,0,0.038425
2014,40220,0,-0.023533
2014,40420,0,-0.00942
2014,40580,0,-0.036542
2014,40660,0,-0.019593
2014,40900,0,0.043614
2014,40980,0,0.001122
2014,41060,0,0.011948
2014,41100,0,0.019539
2014,41140,0,-0.004339
2014,41420,0,-0.022714
2014,41500,0,0.02383
2014,41700,0,0.015194
2014,41740,0,0.00358
2014,41940,0,0.006722
2014,42020,0,0.003944
2014,42100,0,0.008748
2014,42140,0,-0.017448
2014,42220,0,0.030255
2014,42340,0,0.010813
2014,42540,0,-0.006984
2014,42680,0,0.024371
2014,43100,0,-0.00121
2014,43300,0,0.021737
2014,43620,0,0.01656
2014,43780,0,-0.006525
2014,44100,0,-0.012665
2014,44180,0,0.007489
2014,44220,0,-0.013356
2014,44300,0,-0.008557
2014,44700,0,0.060289
2014,45060,0,-0.003901
2014,45220,0,-0.007072
2014,45820,0,-0.014084
2014,45940,0,0.021953
2014,46060,0,0.01341
2014,46140,0,-0.001948
2014,46340,0,0.000204
2014,46540,0,-0.003871
2014,46660,0,-0.042111
2014,46700,0,0.065867
2014,47220,0,0.003588
2014,47300,0,0.017122
2014,47940,0,-0.008172
2014,48300,0,-0.041613
2014,48540,0,-0.027114
2014,48660,0,-0.013317
2014,48700,0,-0.016475
2014,49020,0,0.015597
2014,49420,0,-0.06168
2014,49620,0,0.018759
2014,49660,0,-0.00588
2014,49700,0,0.039417
2014,49740,0,-0.000354
2014,10180,1,-0.000218
2014,10420,1,0.004278
2014,10580,1,0.004817
2014,10740,1,-0.024948
2014,10780,1,-0.002651
2014,10900,1,0.016066
2014,11020,1,-0.015287
2014,11260,1,-0.047611
2014,11460,1,0.029559
2014,11500,1,-0.000357
2014,11540,1,-0.005949
2014,11700,1,-0.004036
2014,12020,1,-0.007543
2014,12100,1,0.026921
2014,12220,1,0.012045
2014,12420,1,0.016293
2014,12540,1,0.030368
2014,12580,1,0.004666
2014,12620,1,-0.00542
2014,12700,1,0.004237
2014,12980,1,-0.001111
2014,13020,1,-0.004162
2014,13380,1,-0.03258
2014,13460,1,0.042873
2014,13780,1,-0.000775
2014,14260,1,0.039666
2014,14500,1,-0.018743
2014,14740,1,-0.031569
2014,14860,1,0.004823
2014,15180,1,-0.003212
2014,15260,1,0.006123
2014,15380,1,-0.006563
2014,15500,1,-0.028119
2014,15540,1,-0.00831
2014,15940,1,0.002576
2014,15980,1,0.046533
2014,16180,1,0.04966
2014,16220,1,-0.010695
2014,16300,1,-0.010946
2014,16700,1,0.005867
2014,16860,1,-0.023911
2014,16940,1,-0.034902
2014,17020,1,0.005592
2014,17420,1,0.006051
2014,17660,1,0.009142
2014,17780,1,-0.0112
2014,17820,1,-0.023033
2014,17900,1,-0.026704
2014,18020,1,-0.013778
2014,18700,1,-0.037604
2014,19140,1,-0.010239
2014,19340,1,-0.008161
2014,19460,1,-0.007521
2014,19500,1,-0.023312
2014,19740,1,-0.014999
2014,20020,1,0.001612
2014,20100,1,-0.00522
2014,20220,1,-0.00789
2014,20740,1,-0.002711
2014,20940,1,0.004781
2014,21140,1,0.003614
2014,21300,1,-0.020486
2014,21500,1,-0.009545
2014,21660,1,-0.024698
2014,21820,1,-0.060679
2014,22020,1,0.011236
2014,22140,1,-0.032307
2014,22380,1,0.016656
2014,22420,1,0.030299
2014,22500,1,-0.03272
2014,22520,1,-0.003971
2014,22540,1,-0.012239
2014,22660,1,-0.024637
2014,23420,1,0.020452
2014,23460,1,-0.000216
2014,23580,1,0.020137
2014,24020,1,0.001623
2014,24140,1,-0.032006
2014,24220,1,0.015737
2014,24300,1,-0.000893
2014,24500,1,-0.034216
2014,24540,1,-0.01693
2014,24580,1,-0.00338
2014,24660,1,-0.025515
2014,25260,1,-0.00743
2014,25420,1,-0.001545
2014,25500,1,-0.020198
2014,25540,1,-0.004804
2014,25860,1,-0.030686
2014,25980,1,-0.020452
2014,26300,1,0.003507
2014,26380,1,-0.000223
2014,26620,1,-0.004185
2014,26980,1,0.002398
2014,27060,1,0.002348
2014,27100,1,0.020312
2014,27260,1,0.027313
2014,27340,1,-0.031158
2014,27500,1,0.003774
2014,27620,1,-0.008477
2014,27740,1,-0.002134
2014,27780,1,-0.018981
2014,27860,1,-0.00983
2014,27900,1,-0.00984
2014,28100,1,0.0011
2014,28420,1,-0.074634
2014,28660,1,-0.013254
2014,28700,1,-0.026671
2014,28740,1,0.010554
2014,29100,1,-0.006362
2014,29340,1,-0.000349
2014,29420,1,0.020465
2014,29460,1,0.042737
2014,29540,1,0.005799
2014,29700,1,-0.004103
2014,29740,1,-0.034072
2014,29820,1,0.089536
2014,29940,1,0.002336
2014,30140,1,-0.0051
2014,30300,1,-0.028336
2014,30340,1,0.003496
2014,30460,1,0.001826
2014,30620,1,-0.009926
2014,30700,1,-0.001032
2014,30780,1,-0.002648
2014,30860,1,-0.034229
2014,31020,1,-0.033175
2014,31420,1,-0.024674
2014,31700,1,0.008118
2014,31900,1,-0.007901
2014,32580,1,-0.005999
2014,32780,1,0.011938
2014,32900,1,0.038138
2014,33140,1,0.002069
2014,33340,1,0.008465
2014,33540,1,-0.022936
2014,33700,1,0.050152
2014,33780,1,0.013175
2014,33860,1,0.001919
2014,34060,1,-0.021296
2014,34580,1,-0.022636
2014,34620,1,-0.002961
2014,34740,1,0.016961
2014,34900,1,0.032252
2014,34940,1,0.051519
2014,35300,1,0.00487
2014,35660,1,0.002423
2014,35980,1,-0.002179
2014,36100,1,0.034941
2014,36220,1,0.028401
2014,36420,1,0.002926
2014,36500,1,-0.02616
2014,36540,1,-0.002337
2014,36740,1,0.058709
2014,36780,1,-0.005709
2014,36980,1,-0.003449
2014,37100,1,0.006173
2014,37340,1,0.040454
2014,37860,1,0.004036
2014,38060,1,0.062497
2014,38300,1,-0.00739
2014,38340,1,-0.016775
2014,38860,1,0.001711
2014,38900,1,-0.010207
2014,38940,1,0.050939
2014,39300,1,0.011852
2014,39340,1,0.010199
2014,39380,1,-0.039972
2014,39460,1,0.04196
2014,39540,1,0.006774
2014,39580,1,-0.023871
2014,39740,1,0.010123
2014,39820,1,0.012986
2014,39900,1,0.07285
2014,40140,1,0.032953
2014,40220,1,-0.019452
2014,40420,1,-0.004262
2014,40580,1,-0.033576
2014,40660,1,-0.018457
2014,40900,1,0.033028
2014,40980,1,0.007858
2014,41060,1,0.015548
2014,41100,1,0.0172
2014,41140,1,0.000208
2014,41420,1,-0.022284
2014,41500,1,0.022333
2014,41700,1,0.00625
2014,41740,1,0.005748
2014,41940,1,0.002935
2014,42020,1,0.004758
2014,42100,1,0.002701
2014,42140,1,-0.013386
2014,42220,1,0.022581
2014,42340,1,0.008391
2014,42540,1,-0.007126
2014,42680,1,0.024515
2014,43100,1,-0.003653
2014,43300,1,0.013933
2014,43620,1,0.004858
2014,43780,1,-0.004195
2014,44100,1,-0.013734
2014,44180,1,0.003987
2014,44220,1,-0.009729
2014,44300,1,-0.005955
2014,44700,1,0.050541
2014,45060,1,-0.004498
2014,45220,1,0.003019
2014,45820,1,-0.010401
2014,45940,1,0.024081
2014,46060,1,0.016679
2014,46140,1,-0.002502
2014,46340,1,-0.000635
2014,46540,1,-0.002888
2014,46660,1,-0.027791
2014,46700,1,0.053157
2014,47220,1,0.009445
2014,47300,1,0.013506
2014,47940,1,-0.00218
2014,48300,1,-0.035889
2014,48540,1,-0.03573
2014,48660,1,-0.01179
2014,48700,1,-0.015271
2014,49020,1,0.016344
2014,49420,1,-0.055934
2014,49620,1,0.013004
2014,49660,1,-0.005281
2014,49700,1,0.028274
2014,49740,1,0.008596
2014,10180,2,-0.003143
2014,10420,2,0.00517
2014,10580,2,0.003581
2014,10740,2,-0.030732
2014,10780,2,-0.005859
2014,10900,2,0.016624
2014,11020,2,-0.015998
2014,11260,2,-0.054217
2014,11460,2,0.036688
2014,11500,2,0.000473
2014,11540,2,-0.008746
2014,11700,2,-0.004339
2014,12020,2,-0.007422
2014,12100,2,0.025849
2014,12220,2,0.014789
2014,12420,2,0.02396
2014,12540,2,0.03618
2014,12580,2,-0.000229
2014,12620,2,-0.004873
2014,12700,2,0.002498
2014,12980,2,0.003444
2014,13020,2,-0.003676
2014,13380,2,-0.03965
2014,13460,2,0.054417
2014,13780,2,0.001365
2014,14260,2,0.049833
2014,14500,2,-0.020361
2014,14740,2,-0.041736
2014,14860,2,0.005865
2014,15180,2,-0.004471
2014,15260,2,0.001106
2014,15380,2,-0.004822
2014,15500,2,-0.029769
2014,15540,2,-0.008845
2014,15940,2,0.002895
2014,15980,2,0.058722
2014,16180,2,0.047557
2014,16220,2,-0.011475
2014,16300,2,-0.012509
2014,16700,2,0.006978
2014,16860,2,-0.026118
2014,16940,2,-0.039358
2014,17020,2,0.002786
2014,17420,2,0.006558
2014,17660,2,0.009669
2014,17780,2,-0.0129
2014,17820,2,-0.025462
2014,17900,2,-0.029984
2014,18020,2,-0.013273
2014,18700,2,-0.050158
2014,19140,2,-0.009282
2014,19340,2,-0.009745
2014,19460,2,-0.008778
2014,19500,2,-0.025448
2014,19740,2,-0.012026
2014,20020,2,-0.001512
2014,20100,2,-0.008572
2014,20220,2,-0.010542
2014,20740,2,-0.003753
2014,20940,2,0.006418
2014,21140,2,0.007298
2014,21300,2,-0.02207
2014,21500,2,-0.008043
2014,21660,2,-0.030566
2014,21820,2,-0.068265
2014,22020,2,0.016456
2014,22140,2,-0.043795
2014,22380,2,0.013012
2014,22420,2,0.037891
2014,22500,2,-0.037995
2014,22520,2,-0.004759
2014,22540,2,-0.017072
2014,22660,2,-0.025737
2014,23420,2,0.021154
2014,23460,2,0.000368
2014,23580,2,0.027303
2014,24020,2,-0.001522
2014,24140,2,-0.034611
2014,24220,2,0.02056
2014,24300,2,-0.004124
2014,24500,2,-0.03559
2014,24540,2,-0.012499
2014,24580,2,-0.005612
2014,24660,2,-0.026589
2014,25260,2,-0.01446
2014,25420,2,-0.001063
2014,25500,2,-0.024832
2014,25540,2,-0.004902
2014,25860,2,-0.033442
2014,25980,2,-0.024733
2014,26300,2,0.00233
2014,26380,2,-0.001115
2014,26620,2,-0.003443
2014,26980,2,0.005043
2014,27060,2,0.006076
2014,27100,2,0.027267
2014,27260,2,0.028506
2014,27340,2,-0.041847
2014,27500,2,0.006343
2014,27620,2,-0.011807
2014,27740,2,-0.002878
2014,27780,2,-0.021447
2014,27860,2,-0.011048
2014,27900,2,-0.011812
2014,28100,2,-0.000878
2014,28420,2,-0.087176
2014,28660,2,-0.016538
2014,28700,2,-0.030999
2014,28740,2,0.007733
2014,29100,2,-0.007335
2014,29340,2,-0.002349
2014,29420,2,0.021893
2014,29460,2,0.048418
2014,29540,2,0.006741
2014,29700,2,-0.005444
2014,29740,2,-0.044368
2014,29820,2,0.107392
2014,29940,2,0.001962
2014,30140,2,-0.004063
2014,30300,2,-0.032766
2014,30340,2,0.004148
2014,30460,2,0.003801
2014,30620,2,-0.015224
2014,30700,2,6.9e-05
2014,30780,2,-0.004574
2014,30860,2,-0.039367
2014,31020,2,-0.03933
2014,31420,2,-0.029412
2014,31700,2,0.008066
2014,31900,2,-0.00984
2014,32580,2,-0.006361
2014,32780,2,0.011321
2014,32900,2,0.04961
2014,33140,2,0.002405
2014,33340,2,0.006428
2014,33540,2,-0.02941
2014,33700,2,0.064284
2014,33780,2,0.014355
2014,33860,2,-0.00124
2014,34060,2,-0.022089
2014,34580,2,-0.028291
2014,34620,2,-0.00367
2014,34740,2,0.020648
2014,34900,2,0.038082
2014,34940,2,0.058149
2014,35300,2,0.003306
2014,35660,2,0.000278
2014,35980,2,-0.003946
2014,36100,2,0.038668
2014,36220,2,0.036625
2014,36420,2,0.004321
2014,36500,2,-0.032274
2014,36540,2,-0.001578
2014,36740,2,0.067807
2014,36780,2,-0.006548
2014,36980,2,-0.001876
2014,37100,2,0.005804
2014,37340,2,0.044111
2014,37860,2,0.002635
2014,38060,2,0.077433
2014,38300,2,-0.006072
2014,38340,2,-0.014859
2014,38860,2,0.002664
2014,38900,2,-0.010499
2014,38940,2,0.059983
2014,39300,2,0.01238
2014,39340,2,0.017263
2014,39380,2,-0.044061
2014,39460,2,0.049419
2014,39540,2,0.005578
2014,39580,2,-0.023445
2014,39740,2,0.012899
2014,39820,2,0.013452
2014,39900,2,0.086565
2014,40140,2,0.039423
2014,40220,2,-0.023433
2014,40420,2,-0.006971
2014,40580,2,-0.036856
2014,40660,2,-0.020564
2014,40900,2,0.040325
2014,40980,2,0.005211
2014,41060,2,0.014385
2014,41100,2,0.021253
2014,41140,2,-0.002168
2014,41420,2,-0.025677
2014,41500,2,0.025652
2014,41700,2,0.009606
2014,41740,2,0.005635
2014,41940,2,0.005094
2014,42020,2,0.004187
2014,42100,2,0.004651
2014,42140,2,-0.018006
2014,42220,2,0.027409
2014,42340,2,0.009242
2014,42540,2,-0.007564
2014,42680,2,0.026264
2014,43100,2,-0.002658
2014,43300,2,0.016707
2014,43620,2,0.010466
2014,43780,2,-0.005376
2014,44100,2,-0.013881
2014,44180,2,0.005401
2014,44220,2,-0.012017
2014,44300,2,-0.006385
2014,44700,2,0.061179
2014,45060,2,-0.004786
2014,45220,2,-0.001466
2014,45820,2,-0.01267
2014,45940,2,0.023444
2014,46060,2,0.015756
2014,46140,2,-0.002474
2014,46340,2,-0.001328
2014,46540,2,-0.003704
2014,46660,2,-0.034729
2014,46700,2,0.063009
2014,47220,2,0.007253
2014,47300,2,0.015872
2014,47940,2,-0.004979
2014,48300,2,-0.041664
2014,48540,2,-0.033114
2014,48660,2,-0.01344
2014,48700,2,-0.016319
2014,49020,2,0.01716
2014,49420,2,-0.06317
2014,49620,2,0.015427
2014,49660,2,-0.00579
2014,49700,2,0.035952
2014,49740,2,0.005143
2014,10180,3,-0.003143
2014,10420,3,0.00517
2014,10580,3,0.003581
2014,10740,3,-0.030732
2014,10780,3,-0.005859
2014,10900,3,0.016624
2014,11020,3,-0.015998
2014,11260,3,-0.054217
2014,11460,3,0.036688
2014,11500,3,0.000473
2014,11540,3,-0.008746
2014,11700,3,-0.004339
2014,12020,3,-0.007422
2014,12100,3,0.025849
2014,12220,3,0.014789
2014,12420,3,0.02396
2014,12540,3,0.03618
2014,12580,3,-0.000229
2014,12620,3,-0.004873
2014,12700,3,0.002498
2014,12980,3,0.003444
2014,13020,3,-0.003676
2014,13380,3,-0.03965
2014,13460,3,0.054417
2014,13780,3,0.001365
2014,14260,3,0.049833
2014,14500,3,-0.020361
2014,14740,3,-0.041736
2014,14860,3,0.005865
2014,15180,3,-0.004471
2014,15260,3,0.001106
2014,15380,3,-0.004822
2014,15500,3,-0.029769
2014,15540,3,-0.008845
2014,15940,3,0.002895
2014,15980,3,0.058722
2014,16180,3,0.047557
2014,16220,3,-0.011475
2014,16300,3,-0.012509
2014,16700,3,0.006978
2014,16860,3,-0.026118
2014,16940,3,-0.039358
2014,17020,3,0.002786
2014,17420,3,0.006558
2014,17660,3,0.009669
2014,17780,3,-0.0129
2014,17820,3,-0.025462
2014,17900,3,-0.029984
2014,18020,3,-0.013273
2014,18700,3,-0.050158
2014,19140,3,-0.009282
2014,19340,3,-0.009745
2014,19460,3,-0.008778
2014,19500,3,-0.025448
2014,19740,3,-0.012026
2014,20020,3,-0.001512
2014,20100,3,-0.008572
2014,20220,3,-0.010542
2014,20740,3,-0.003753
2014,20940,3,0.006418
2014,21140,3,0.007298
2014,21300,3,-0.02207
2014,21500,3,-0.008043
2014,21660,3,-0.030566
2014,21820,3,-0.068265
2014,22020,3,0.016456
2014,22140,3,-0.043795
2014,22380,3,0.013012
2014,22420,3,0.037891
2014,22500,3,-0.037995
2014,22520,3,-0.004759
2014,22540,3,-0.017072
2014,22660,3,-0.025737
2014,23420,3,0.021154
2014,23460,3,0.000368
2014,23580,3,0.027303
2014,24020,3,-0.001522
2014,24140,3,-0.034611
2014,24220,3,0.02056
2014,24300,3,-0.004124
2014,24500,3,-0.03559
2014,24540,3,-0.012499
2014,24580,3,-0.005612
2014,24660,3,-0.026589
2014,25260,3,-0.01446
2014,25420,3,-0.001063
2014,25500,3,-0.024832
2014,25540,3,-0.004902
2014,25860,3,-0.033442
2014,25980,3,-0.024733
2014,26300,3,0.00233
2014,26380,3,-0.001115
2014,26620,3,-0.003443
2014,26980,3,0.005043
2014,27060,3,0.006076
2014,27100,3,0.027267
2014,27260,3,0.028506
2014,27340,3,-0.041847
2014,27500,3,0.006343
2014,27620,3,-0.011807
2014,27740,3,-0.002878
2014,27780,3,-0.021447
2014,27860,3,-0.011048
2014,27900,3,-0.011812
2014,28100,3,-0.000878
2014,28420,3,-0.087176
2014,28660,3,-0.016538
2014,28700,3,-0.030999
2014,28740,3,0.007733
2014,29100,3,-0.007335
2014,29340,3,-0.002349
2014,29420,3,0.021893
2014,29460,3,0.048418
2014,29540,3,0.006741
2014,29700,3,-0.005444
2014,29740,3,-0.044368
2014,29820,3,0.107392
2014,29940,3,0.001962
2014,30140,3,-0.004063
2014,30300,3,-0.032766
2014,30340,3,0.004148
2014,30460,3,0.003801
2014,30620,3,-0.015224
2014,30700,3,6.9e-05
2014,30780,3,-0.004574
2014,30860,3,-0.039367
2014,31020,3,-0.03933
2014,31420,3,-0.029412
2014,31700,3,0.008066
2014,31900,3,-0.00984
2014,32580,3,-0.006361
2014,32780,3,0.011321
2014,32900,3,0.04961
2014,33140,3,0.002405
2014,33340,3,0.006428
2014,33540,3,-0.02941
2014,33700,3,0.064284
2014,33780,3,0.014355
2014,33860,3,-0.00124
2014,34060,3,-0.022089
2014,34580,3,-0.028291
2014,34620,3,-0.00367
2014,34740,3,0.020648
2014,34900,3,0.038082
2014,34940,3,0.058149
2014,35300,3,0.003306
2014,35660,3,0.000278
2014,35980,3,-0.003946
2014,36100,3,0.038668
2014,36220,3,0.036625
2014,36420,3,0.004321
2014,36500,3,-0.032274
2014,36540,3,-0.001578
2014,36740,3,0.067807
2014,36780,3,-0.006548
2014,36980,3,-0.001876
2014,37100,3,0.005804
2014,37340,3,0.044111
2014,37860,3,0.002635
2014,38060,3,0.077433
2014,38300,3,-0.006072
2014,38340,3,-0.014859
2014,38860,3,0.002664
2014,38900,3,-0.010499
2014,38940,3,0.059983
2014,39300,3,0.01238
2014,39340,3,0.017263
2014,39380,3,-0.044061
2014,39460,3,0.049419
2014,39540,3,0.005578
2014,39580,3,-0.023445
2014,39740,3,0.012899
2014,39820,3,0.013452
2014,39900,3,0.086565
2014,40140,3,0.039423
2014,40220,3,-0.023433
2014,40420,3,-0.006971
2014,40580,3,-0.036856
2014,40660,3,-0.020564
2014,40900,3,0.040325
2014,40980,3,0.005211
2014,41060,3,0.014385
2014,41100,3,0.021253
2014,41140,3,-0.002168
2014,41420,3,-0.025677
2014,41500,3,0.025652
2014,41700,3,0.009606
2014,41740,3,0.005635
2014,41940,3,0.005094
2014,42020,3,0.004187
2014,42100,3,0.004651
2014,42140,3,-0.018006
2014,42220,3,0.027409
2014,42340,3,0.009242
2014,42540,3,-0.007564
2014,42680,3,0.026264
2014,43100,3,-0.002658
2014,43300,3,0.016707
2014,43620,3,0.010466
2014,43780,3,-0.005376
2014,44100,3,-0.013881
2014,44180,3,0.005401
2014,44220,3,-0.012017
2014,44300,3,-0.006385
2014,44700,3,0.061179
2014,45060,3,-0.004786
2014,45220,3,-0.001466
2014,45820,3,-0.01267
2014,45940,3,0.023444
2014,46060,3,0.015756
2014,46140,3,-0.002474
2014,46340,3,-0.001328
2014,46540,3,-0.003704
2014,46660,3,-0.034729
2014,46700,3,0.063009
2014,47220,3,0.007253
2014,47300,3,0.015872
2014,47940,3,-0.004979
2014,48300,3,-0.041664
2014,48540,3,-0.033114
2014,48660,3,-0.01344
2014,48700,3,-0.016319
2014,49020,3,0.01716
2014,49420,3,-0.06317
2014,49620,3,0.015427
2014,49660,3,-0.00579
2014,49700,3,0.035952
2014,49740,3,0.005143
2014,10180,4,-0.006696
2014,10420,4,0.007549
2014,10580,4,0.002443
2014,10740,4,-0.032545
2014,10780,4,-0.00953
2014,10900,4,0.016585
2014,11020,4,-0.016171
2014,11260,4,-0.051345
2014,11460,4,0.042029
2014,11500,4,-0.000348
2014,11540,4,-0.011809
2014,11700,4,-0.001697
2014,12020,4,-0.004404
2014,12100,4,0.021468
2014,12220,4,0.019014
2014,12420,4,0.026417
2014,12540,4,0.035376
2014,12580,4,-0.004545
2014,12620,4,-0.002897
2014,12700,4,-0.00302
2014,12980,4,0.008503
2014,13020,4,-0.002957
2014,13380,4,-0.040211
2014,13460,4,0.063487
2014,13780,4,0.001808
2014,14260,4,0.055649
2014,14500,4,-0.015934
2014,14740,4,-0.046806
2014,14860,4,0.007214
2014,15180,4,-0.004498
2014,15260,4,-0.003186
2014,15380,4,-0.001157
2014,15500,4,-0.026041
2014,15540,4,-0.009359
2014,15940,4,0.00388
2014,15980,4,0.060638
2014,16180,4,0.039799
2014,16220,4,-0.009286
2014,16300,4,-0.013037
2014,16700,4,0.008064
2014,16860,4,-0.023195
2014,16940,4,-0.039188
2014,17020,4,0.000946
2014,17420,4,0.008549
2014,17660,4,0.007982
2014,17780,4,-0.019257
2014,17820,4,-0.023644
2014,17900,4,-0.02992
2014,18020,4,-0.011934
2014,18700,4,-0.057137
2014,19140,4,-0.00529
2014,19340,4,-0.010286
2014,19460,4,-0.009761
2014,19500,4,-0.028288
2014,19740,4,-0.006694
2014,20020,4,-0.005443
2014,20100,4,-0.010607
2014,20220,4,-0.012806
2014,20740,4,-0.005567
2014,20940,4,0.001688
2014,21140,4,0.01228
2014,21300,4,-0.024203
2014,21500,4,-0.005313
2014,21660,4,-0.030441
2014,21820,4,-0.065699
2014,22020,4,0.018856
2014,22140,4,-0.055739
2014,22380,4,0.004652
2014,22420,4,0.041297
2014,22500,4,-0.039837
2014,22520,4,-0.00645
2014,22540,4,-0.021669
2014,22660,4,-0.02399
2014,23420,4,0.018005
2014,23460,4,0.000914
2014,23580,4,0.038928
2014,24020,4,-0.007382
2014,24140,4,-0.032454
2014,24220,4,0.023818
2014,24300,4,-0.01
2014,24500,4,-0.03135
2014,24540,4,-0.003755
2014,24580,4,-0.007411
2014,24660,4,-0.022099
2014,25260,4,-0.021853
2014,25420,4,0.000939
2014,25500,4,-0.029419
2014,25540,4,-0.003066
2014,25860,4,-0.031591
2014,25980,4,-0.029419
2014,26300,4,0.002609
2014,26380,4,-0.003333
2014,26620,4,-0.003869
2014,26980,4,0.008345
2014,27060,4,0.010293
2014,27100,4,0.032986
2014,27260,4,0.026816
2014,27340,4,-0.058919
2014,27500,4,0.009143
2014,27620,4,-0.013431
2014,27740,4,-0.004934
2014,27780,4,-0.024746
2014,27860,4,-0.011601
2014,27900,4,-0.012638
2014,28100,4,-0.003726
2014,28420,4,-0.094506
2014,28660,4,-0.020564
2014,28700,4,-0.031647
2014,28740,4,0.003508
2014,29100,4,-0.008457
2014,29340,4,-0.00506
2014,29420,4,0.017093
2014,29460,4,0.052528
2014,29540,4,0.009278
2014,29700,4,-0.006633
2014,29740,4,-0.05333
2014,29820,4,0.11432
2014,29940,4,0.001778
2014,30140,4,-0.002357
2014,30300,4,-0.031684
2014,30340,4,0.005575
2014,30460,4,0.007035
2014,30620,4,-0.019265
2014,30700,4,0.002712
2014,30780,4,-0.00554
2014,30860,4,-0.042122
2014,31020,4,-0.037662
2014,31420,4,-0.030814
2014,31700,4,0.007859
2014,31900,4,-0.011838
2014,32580,4,-0.004918
2014,32780,4,0.012382
2014,32900,4,0.047084
2014,33140,4,0.002955
2014,33340,4,0.004141
2014,33540,4,-0.034122
2014,33700,4,0.067833
2014,33780,4,0.013147
2014,33860,4,-0.004767
2014,34060,4,-0.015945
2014,34580,4,-0.027168
2014,34620,4,-0.003383
2014,34740,4,0.024747
2014,34900,4,0.041149
2014,34940,4,0.053521
2014,35300,4,0.002048
2014,35660,4,-0.002263
2014,35980,4,-0.004707
2014,36100,4,0.041687
2014,36220,4,0.042297
2014,36420,4,0.006667
2014,36500,4,-0.030061
2014,36540,4,-8.1e-05
2014,36740,4,0.071886
2014,36780,4,-0.005862
2014,36980,4,0.001759
2014,37100,4,0.002319
2014,37340,4,0.041105
2014,37860,4,0.002624
2014,38060,4,0.083257
2014,38300,4,-0.003546
2014,38340,4,-0.012478
2014,38860,4,0.002957
2014,38900,4,-0.006667
2014,38940,4,0.060875
2014,39300,4,0.011573
2014,39340,4,0.027385
2014,39380,4,-0.042126
2014,39460,4,0.049818
2014,39540,4,0.00431
2014,39580,4,-0.023317
2014,39740,4,0.016963
2014,39820,4,0.013358
2014,39900,4,0.094073
2014,40140,4,0.037022
2014,40220,4,-0.023317
2014,40420,4,-0.009384
2014,40580,4,-0.035907
2014,40660,4,-0.019049
2014,40900,4,0.042912
2014,40980,4,0.001536
2014,41060,4,0.011758
2014,41100,4,0.01964
2014,41140,4,-0.004419
2014,41420,4,-0.021367
2014,41500,4,0.022814
2014,41700,4,0.015257
2014,41740,4,0.002586
2014,41940,4,0.006611
2014,42020,4,0.003517
2014,42100,4,0.008802
2014,42140,4,-0.017121
2014,42220,4,0.029816
2014,42340,4,0.010844
2014,42540,4,-0.006692
2014,42680,4,0.023745
2014,43100,4,-0.001453
2014,43300,4,0.022071
2014,43620,4,0.016625
2014,43780,4,-0.006479
2014,44100,4,-0.012755
2014,44180,4,0.007757
2014,44220,4,-0.013094
2014,44300,4,-0.008621
2014,44700,4,0.05883
2014,45060,4,-0.003678
2014,45220,4,-0.007088
2014,45820,4,-0.014089
2014,45940,4,0.021757
2014,46060,4,0.013375
2014,46140,4,-0.001796
2014,46340,4,0.000264
2014,46540,4,-0.003897
2014,46660,4,-0.042076
2014,46700,4,0.065146
2014,47220,4,0.003528
2014,47300,4,0.017138
2014,47940,4,-0.008377
2014,48300,4,-0.040687
2014,48540,4,-0.027137
2014,48660,4,-0.013324
2014,48700,4,-0.01642
2014,49020,4,0.015006
2014,49420,4,-0.060465
2014,49620,4,0.019152
2014,49660,4,-0.005668
2014,49700,4,0.038632
2014,49740,4,-0.000489
2014,10180,5,-0.006677
2014,10420,5,0.007457
2014,10580,5,0.002495
2014,10740,5,-0.032655
2014,10780,5,-0.009524
2014,10900,5,0.016564
2014,11020,5,-0.016187
2014,11260,5,-0.051527
2014,11460,5,0.042056
2014,11500,5,-0.00024
2014,11540,5,-0.011797
2014,11700,5,-0.001723
2014,12020,5,-0.004527
2014,12100,5,0.021652
2014,12220,5,0.018976
2014,12420,5,0.02652
2014,12540,5,0.035576
2014,12580,5,-0.004449
2014,12620,5,-0.00298
2014,12700,5,-0.002822
2014,12980,5,0.008505
2014,13020,5,-0.00298
2014,13380,5,-0.040333
2014,13460,5,0.063358
2014,13780,5,0.001877
2014,14260,5,0.055615
2014,14500,5,-0.016034
2014,14740,5,-0.046981
2014,14860,5,0.007166
2014,15180,5,-0.004537
2014,15260,5,-0.003283
2014,15380,5,-0.001252
2014,15500,5,-0.026269
2014,15540,5,-0.009323
2014,15940,5,0.003808
2014,15980,5,0.061057
2014,16180,5,0.039834
2014,16220,5,-0.009197
2014,16300,5,-0.013091
2014,16700,5,0.008064
2014,16860,5,-0.023315
2014,16940,5,-0.039194
2014,17020,5,0.000961
2014,17420,5,0.008502
2014,17660,5,0.008022
2014,17780,5,-0.019121
2014,17820,5,-0.023761
2014,17900,5,-0.030049
2014,18020,5,-0.011933
2014,18700,5,-0.057464
2014,19140,5,-0.0054
2014,19340,5,-0.010233
2014,19460,5,-0.009753
2014,19500,5,-0.028157
2014,19740,5,-0.006714
2014,20020,5,-0.005472
2014,20100,5,-0.010668
2014,20220,5,-0.012809
2014,20740,5,-0.005477
2014,20940,5,0.001809
2014,21140,5,0.01223
2014,21300,5,-0.024146
2014,21500,5,-0.005431
2014,21660,5,-0.03072
2014,21820,5,-0.065937
2014,22020,5,0.018937
2014,22140,5,-0.055623
2014,22380,5,0.004728
2014,22420,5,0.041233
2014,22500,5,-0.039954
2014,22520,5,-0.006435
2014,22540,5,-0.021639
2014,22660,5,-0.02406
2014,23420,5,0.018135
2014,23460,5,0.000956
2014,23580,5,0.038693
2014,24020,5,-0.007243
2014,24140,5,-0.032574
2014,24220,5,0.023919
2014,24300,5,-0.009912
2014,24500,5,-0.031357
2014,24540,5,-0.003874
2014,24580,5,-0.007438
2014,24660,5,-0.022326
2014,25260,5,-0.021882
2014,25420,5,0.000837
2014,25500,5,-0.029378
2014,25540,5,-0.003159
2014,25860,5,-0.031734
2014,25980,5,-0.029403
2014,26300,5,0.002593
2014,26380,5,-0.003206
2014,26620,5,-0.003826
2014,26980,5,0.00833
2014,27060,5,0.010373
2014,27100,5,0.032963
2014,27260,5,0.026834
2014,27340,5,-0.058795
2014,27500,5,0.009152
2014,27620,5,-0.013473
2014,27740,5,-0.004863
2014,27780,5,-0.024714
2014,27860,5,-0.011706
2014,27900,5,-0.012644
2014,28100,5,-0.00367
2014,28420,5,-0.094739
2014,28660,5,-0.020574
2014,28700,5,-0.031722
2014,28740,5,0.003672
2014,29100,5,-0.00833
2014,29340,5,-0.005049
2014,29420,5,0.017327
2014,29460,5,0.052466
2014,29540,5,0.009186
2014,29700,5,-0.006694
2014,29740,5,-0.05336
2014,29820,5,0.114458
2014,29940,5,0.001762
2014,30140,5,-0.002393
2014,30300,5,-0.031696
2014,30340,5,0.005493
2014,30460,5,0.007018
2014,30620,5,-0.019294
2014,30700,5,0.002621
2014,30780,5,-0.005608
2014,30860,5,-0.042243
2014,31020,5,-0.038052
2014,31420,5,-0.030983
2014,31700,5,0.00783
2014,31900,5,-0.011878
2014,32580,5,-0.004997
2014,32780,5,0.012239
2014,32900,5,0.047567
2014,33140,5,0.002973
2014,33340,5,0.004209
2014,33540,5,-0.03404
2014,33700,5,0.068199
2014,33780,5,0.013115
2014,33860,5,-0.004849
2014,34060,5,-0.015987
2014,34580,5,-0.027428
2014,34620,5,-0.003427
2014,34740,5,0.024662
2014,34900,5,0.041295
2014,34940,5,0.053931
2014,35300,5,0.002015
2014,35660,5,-0.002215
2014,35980,5,-0.004765
2014,36100,5,0.041655
2014,36220,5,0.042443
2014,36420,5,0.006644
2014,36500,5,-0.030339
2014,36540,5,-0.000144
2014,36740,5,0.071925
2014,36780,5,-0.005853
2014,36980,5,0.001679
2014,37100,5,0.0026
2014,37340,5,0.041336
2014,37860,5,0.002577
2014,38060,5,0.083459
2014,38300,5,-0.003627
2014,38340,5,-0.012394
2014,38860,5,0.002976
2014,38900,5,-0.006902
2014,38940,5,0.061194
2014,39300,5,0.011653
2014,39340,5,0.027161
2014,39380,5,-0.042271
2014,39460,5,0.05012
2014,39540,5,0.004365
2014,39580,5,-0.023454
2014,39740,5,0.016903
2014,39820,5,0.013388
2014,39900,5,0.094144
2014,40140,5,0.037402
2014,40220,5,-0.023376
2014,40420,5,-0.009396
2014,40580,5,-0.036082
2014,40660,5,-0.019197
2014,40900,5,0.043106
2014,40980,5,0.001424
2014,41060,5,0.011811
2014,41100,5,0.01961
2014,41140,5,-0.004398
2014,41420,5,-0.021732
2014,41500,5,0.023088
2014,41700,5,0.015242
2014,41740,5,0.002856
2014,41940,5,0.006642
2014,42020,5,0.003635
2014,42100,5,0.00879
2014,42140,5,-0.017208
2014,42220,5,0.029938
2014,42340,5,0.010839
2014,42540,5,-0.006772
2014,42680,5,0.023914
2014,43100,5,-0.001387
2014,43300,5,0.021984
2014,43620,5,0.016608
2014,43780,5,-0.006492
2014,44100,5,-0.01273
2014,44180,5,0.007684
2014,44220,5,-0.013166
2014,44300,5,-0.008605
2014,44700,5,0.059225
2014,45060,5,-0.003739
2014,45220,5,-0.007082
2014,45820,5,-0.014089
2014,45940,5,0.021813
2014,46060,5,0.013386
2014,46140,5,-0.001838
2014,46340,5,0.000249
2014,46540,5,-0.00389
2014,46660,5,-0.042089
2014,46700,5,0.065344
2014,47220,5,0.003544
2014,47300,5,0.017134
2014,47940,5,-0.008321
2014,48300,5,-0.04094
2014,48540,5,-0.027132
2014,48660,5,-0.013323
2014,48700,5,-0.016436
2014,49020,5,0.015167
2014,49420,5,-0.060797
2014,49620,5,0.019047
2014,49660,5,-0.005725
2014,49700,5,0.038846
2014,49740,5,-0.000452
2014,10180,6,-0.004269
2014,10420,6,0.005637
2014,10580,6,0.003156
2014,10740,6,-0.031863
2014,10780,6,-0.006971
2014,10900,6,0.016643
2014,11020,6,-0.016098
2014,11260,6,-0.054744
2014,11460,6,0.038553
2014,11500,6,0.000524
2014,11540,6,-0.009654
2014,11700,6,-0.003985
2014,12020,6,-0.006919
2014,12100,6,0.024925
2014,12220,6,0.016
2014,12420,6,0.025421
2014,12540,6,0.036958
2014,12580,6,-0.001743
2014,12620,6,-0.004492
2014,12700,6,0.001325
2014,12980,6,0.005004
2014,13020,6,-0.003366
2014,13380,6,-0.040787
2014,13460,6,0.057581
2014,13780,6,0.001827
2014,14260,6,0.05229
2014,14500,6,-0.019895
2014,14740,6,-0.044104
2014,14860,6,0.006306
2014,15180,6,-0.00469
2014,15260,6,-0.000379
2014,15380,6,-0.004016
2014,15500,6,-0.029392
2014,15540,6,-0.009028
2014,15940,6,0.003051
2014,15980,6,0.061195
2014,16180,6,0.045721
2014,16220,6,-0.011165
2014,16300,6,-0.012826
2014,16700,6,0.007294
2014,16860,6,-0.025999
2014,16940,6,-0.039974
2014,17020,6,0.001945
2014,17420,6,0.006904
2014,17660,6,0.009473
2014,17780,6,-0.014148
2014,17820,6,-0.025504
2014,17900,6,-0.030367
2014,18020,6,-0.012899
2014,18700,6,-0.053257
2014,19140,6,-0.008509
2014,19340,6,-0.010121
2014,19460,6,-0.009059
2014,19500,6,-0.02612
2014,19740,6,-0.010741
2014,20020,6,-0.002647
2014,20100,6,-0.009414
2014,20220,6,-0.011346
2014,20740,6,-0.004251
2014,20940,6,0.006119
2014,21140,6,0.008679
2014,21300,6,-0.022588
2014,21500,6,-0.007436
2014,21660,6,-0.031449
2014,21820,6,-0.068935
2014,22020,6,0.0176
2014,22140,6,-0.047519
2014,22380,6,0.010991
2014,22420,6,0.039508
2014,22500,6,-0.039035
2014,22520,6,-0.005154
2014,22540,6,-0.018458
2014,22660,6,-0.02563
2014,23420,6,0.02077
2014,23460,6,0.000491
2014,23580,6,0.030233
2014,24020,6,-0.002925
2014,24140,6,-0.03462
2014,24220,6,0.021705
2014,24300,6,-0.005525
2014,24500,6,-0.035038
2014,24540,6,-0.010319
2014,24580,6,-0.006229
2014,24660,6,-0.026015
2014,25260,6,-0.016689
2014,25420,6,-0.000609
2014,25500,6,-0.026294
2014,25540,6,-0.004622
2014,25860,6,-0.033493
2014,25980,6,-0.026197
2014,26300,6,0.002255
2014,26380,6,-0.00159
2014,26620,6,-0.003285
2014,26980,6,0.005973
2014,27060,6,0.007361
2014,27100,6,0.029206
2014,27260,6,0.028292
2014,27340,6,-0.046228
2014,27500,6,0.007214
2014,27620,6,-0.012564
2014,27740,6,-0.00331
2014,27780,6,-0.022199
2014,27860,6,-0.011302
2014,27900,6,-0.012103
2014,28100,6,-0.001679
2014,28420,6,-0.090129
2014,28660,6,-0.017644
2014,28700,6,-0.031813
2014,28740,6,0.006573
2014,29100,6,-0.007709
2014,29340,6,-0.003165
2014,29420,6,0.021391
2014,29460,6,0.049869
2014,29540,6,0.007284
2014,29700,6,-0.005793
2014,29740,6,-0.047336
2014,29820,6,0.111062
2014,29940,6,0.00189
2014,30140,6,-0.003604
2014,30300,6,-0.033095
2014,30340,6,0.004448
2014,30460,6,0.004576
2014,30620,6,-0.016576
2014,30700,6,0.000672
2014,30780,6,-0.005043
2014,30860,6,-0.040487
2014,31020,6,-0.039926
2014,31420,6,-0.030363
2014,31700,6,0.007998
2014,31900,6,-0.01041
2014,32580,6,-0.006106
2014,32780,6,0.011308
2014,32900,6,0.051211
2014,33140,6,0.002511
2014,33340,6,0.005699
2014,33540,6,-0.031127
2014,33700,6,0.066996
2014,33780,6,0.014325
2014,33860,6,-0.002375
2014,34060,6,-0.021256
2014,34580,6,-0.028952
2014,34620,6,-0.003748
2014,34740,6,0.021859
2014,34900,6,0.039314
2014,34940,6,0.058568
2014,35300,6,0.002839
2014,35660,6,-0.000517
2014,35980,6,-0.004286
2014,36100,6,0.039682
2014,36220,6,0.038763
2014,36420,6,0.004911
2014,36500,6,-0.032759
2014,36540,6,-0.001212
2014,36740,6,0.069728
2014,36780,6,-0.006537
2014,36980,6,-0.001148
2014,37100,6,0.005178
2014,37340,6,0.044159
2014,37860,6,0.002393
2014,38060,6,0.080571
2014,38300,6,-0.005535
2014,38340,6,-0.014145
2014,38860,6,0.002823
2014,38900,6,-0.009996
2014,38940,6,0.061592
2014,39300,6,0.012351
2014,39340,6,0.020005
2014,39380,6,-0.044261
2014,39460,6,0.050656
2014,39540,6,0.005222
2014,39580,6,-0.023333
2014,39740,6,0.013947
2014,39820,6,0.013399
2014,39900,6,0.089633
2014,40140,6,0.040068
2014,40220,6,-0.02398
2014,40420,6,-0.00766
2014,40580,6,-0.037132
2014,40660,6,-0.020648
2014,40900,6,0.041696
2014,40980,6,0.004124
2014,41060,6,0.013737
2014,41100,6,0.021696
2014,41140,6,-0.002874
2014,41420,6,-0.025472
2014,41500,6,0.02582
2014,41700,6,0.011048
2014,41740,6,0.005112
2014,41940,6,0.005601
2014,42020,6,0.003889
2014,42100,6,0.005587
2014,42140,6,-0.018514
2014,42220,6,0.028386
2014,42340,6,0.009532
2014,42540,6,-0.00744
2014,42680,6,0.026229
2014,43100,6,-0.002285
2014,43300,6,0.017912
2014,43620,6,0.012352
2014,43780,6,-0.005754
2014,44100,6,-0.013782
2014,44180,6,0.006038
2014,44220,6,-0.012506
2014,44300,6,-0.006876
2014,44700,6,0.062376
2014,45060,6,-0.004644
2014,45220,6,-0.003228
2014,45820,6,-0.013234
2014,45940,6,0.023029
2014,46060,6,0.015173
2014,46140,6,-0.002312
2014,46340,6,-0.001151
2014,46540,6,-0.003861
2014,46660,6,-0.037011
2014,46700,6,0.064774
2014,47220,6,0.006362
2014,47300,6,0.016461
2014,47940,6,-0.006016
2014,48300,6,-0.042325
2014,48540,6,-0.03177
2014,48660,6,-0.013597
2014,48700,6,-0.016509
2014,49020,6,0.016936
2014,49420,6,-0.063714
2014,49620,6,0.016395
2014,49660,6,-0.005904
2014,49700,6,0.037497
2014,49740,6,0.003655
2014,10180,7,-0.004269
2014,10420,7,0.005637
2014,10580,7,0.003156
2014,10740,7,-0.031863
2014,10780,7,-0.006971
2014,10900,7,0.016643
2014,11020,7,-0.016098
2014,11260,7,-0.054744
2014,11460,7,0.038553
2014,11500,7,0.000524
2014,11540,7,-0.009654
2014,11700,7,-0.003985
2014,12020,7,-0.006919
2014,12100,7,0.024925
2014,12220,7,0.016
2014,12420,7,0.025421
2014,12540,7,0.036958
2014,12580,7,-0.001743
2014,12620,7,-0.004492
2014,12700,7,0.001325
2014,12980,7,0.005004
2014,13020,7,-0.003366
2014,13380,7,-0.040787
2014,13460,7,0.057581
2014,13780,7,0.001827
2014,14260,7,0.05229
2014,14500,7,-0.019895
2014,14740,7,-0.044104
2014,14860,7,0.006306
2014,15180,7,-0.00469
2014,15260,7,-0.000379
2014,15380,7,-0.004016
2014,15500,7,-0.029392
2014,15540,7,-0.009028
2014,15940,7,0.003051
2014,15980,7,0.061195
2014,16180,7,0.045721
2014,16220,7,-0.011165
2014,16300,7,-0.012826
2014,16700,7,0.007294
2014,16860,7,-0.025999
2014,16940,7,-0.039974
2014,17020,7,0.001945
2014,17420,7,0.006904
2014,17660,7,0.009473
2014,17780,7,-0.014148
2014,17820,7,-0.025504
2014,17900,7,-0.030367
2014,18020,7,-0.012899
2014,18700,7,-0.053257
2014,19140,7,-0.008509
2014,19340,7,-0.010121
2014,19460,7,-0.009059
2014,19500,7,-0.02612
2014,19740,7,-0.010741
2014,20020,7,-0.002647
2014,20100,7,-0.009414
2014,20220,7,-0.011346
2014,20740,7,-0.004251
2014,20940,7,0.006119
2014,21140,7,0.008679
2014,21300,7,-0.022588
2014,21500,7,-0.007436
2014,21660,7,-0.031449
2014,21820,7,-0.068935
2014,22020,7,0.0176
2014,22140,7,-0.047519
2014,22380,7,0.010991
2014,22420,7,0.039508
2014,22500,7,-0.039035
2014,22520,7,-0.005154
2014,22540,7,-0.018458
2014,22660,7,-0.02563
2014,23420,7,0.02077
2014,23460,7,0.000491
2014,23580,7,0.030233
2014,24020,7,-0.002925
2014,24140,7,-0.03462
2014,24220,7,0.021705
2014,24300,7,-0.005525
2014,24500,7,-0.035038
2014,24540,7,-0.010319
2014,24580,7,-0.006229
2014,24660,7,-0.026015
2014,25260,7,-0.016689
2014,25420,7,-0.000609
2014,25500,7,-0.026294
2014,25540,7,-0.004622
2014,25860,7,-0.033493
2014,25980,7,-0.026197
2014,26300,7,0.002255
2014,26380,7,-0.00159
2014,26620,7,-0.003285
2014,26980,7,0.005973
2014,27060,7,0.007361
2014,27100,7,0.029206
2014,27260,7,0.028292
2014,27340,7,-0.046228
2014,27500,7,0.007214
2014,27620,7,-0.012564
2014,27740,7,-0.00331
2014,27780,7,-0.022199
2014,27860,7,-0.011302
2014,27900,7,-0.012103
2014,28100,7,-0.001679
2014,28420,7,-0.090129
2014,28660,7,-0.017644
2014,28700,7,-0.031813
2014,28740,7,0.006573
2014,29100,7,-0.007709
2014,29340,7,-0.003165
2014,29420,7,0.021391
2014,29460,7,0.049869
2014,29540,7,0.007284
2014,29700,7,-0.005793
2014,29740,7,-0.047336
2014,29820,7,0.111062
2014,29940,7,0.00189
2014,30140,7,-0.003604
2014,30300,7,-0.033095
2014,30340,7,0.004448
2014,30460,7,0.004576
2014,30620,7,-0.016576
2014,30700,7,0.000672
2014,30780,7,-0.005043
2014,30860,7,-0.040487
2014,31020,7,-0.039926
2014,31420,7,-0.030363
2014,31700,7,0.007998
2014,31900,7,-0.01041
2014,32580,7,-0.006106
2014,32780,7,0.011308
2014,32900,7,0.051211
2014,33140,7,0.002511
2014,33340,7,0.005699
2014,33540,7,-0.031127
2014,33700,7,0.066996
2014,33780,7,0.014325
2014,33860,7,-0.002375
2014,34060,7,-0.021256
2014,34580,7,-0.028952
2014,34620,7,-0.003748
2014,34740,7,0.021859
2014,34900,7,0.039314
2014,34940,7,0.058568
2014,35300,7,0.002839
2014,35660,7,-0.000517
2014,35980,7,-0.004286
2014,36100,7,0.039682
2014,36220,7,0.038763
2014,36420,7,0.004911
2014,36500,7,-0.032759
2014,36540,7,-0.001212
2014,36740,7,0.069728
2014,36780,7,-0.006537
2014,36980,7,-0.001148
2014,37100,7,0.005178
2014,37340,7,0.044159
2014,37860,7,0.002393
2014,38060,7,0.080571
2014,38300,7,-0.005535
2014,38340,7,-0.014145
2014,38860,7,0.002823
2014,38900,7,-0.009996
2014,38940,7,0.061592
2014,39300,7,0.012351
2014,39340,7,0.020005
2014,39380,7,-0.044261
2014,39460,7,0.050656
2014,39540,7,0.005222
2014,39580,7,-0.023333
2014,39740,7,0.013947
2014,39820,7,0.013399
2014,39900,7,0.089633
2014,40140,7,0.040068
2014,40220,7,-0.02398
2014,40420,7,-0.00766
2014,40580,7,-0.037132
2014,40660,7,-0.020648
2014,40900,7,0.041696
2014,40980,7,0.004124
2014,41060,7,0.013737
2014,41100,7,0.021696
2014,41140,7,-0.002874
2014,41420,7,-0.025472
2014,41500,7,0.02582
2014,41700,7,0.011048
2014,41740,7,0.005112
2014,41940,7,0.005601
2014,42020,7,0.003889
2014,42100,7,0.005587
2014,42140,7,-0.018514
2014,42220,7,0.028386
2014,42340,7,0.009532
2014,42540,7,-0.00744
2014,42680,7,0.026229
2014,43100,7,-0.002285
2014,43300,7,0.017912
2014,43620,7,0.012352
2014,43780,7,-0.005754
2014,44100,7,-0.013782
2014,44180,7,0.006038
2014,44220,7,-0.012506
2014,44300,7,-0.006876
2014,44700,7,0.062376
2014,45060,7,-0.004644
2014,45220,7,-0.003228
2014,45820,7,-0.013234
2014,45940,7,0.023029
2014,46060,7,0.015173
2014,46140,7,-0.002312
2014,46340,7,-0.001151
2014,46540,7,-0.003861
2014,46660,7,-0.037011
2014,46700,7,0.064774
2014,47220,7,0.006362
2014,47300,7,0.016461
2014,47940,7,-0.006016
2014,48300,7,-0.042325
2014,48540,7,-0.03177
2014,48660,7,-0.013597
2014,48700,7,-0.016509
2014,49020,7,0.016936
2014,49420,7,-0.063714
2014,49620,7,0.016395
2014,49660,7,-0.005904
2014,49700,7,0.037497
2014,49740,7,0.003655
2014,10180,8,-0.004269
2014,10420,8,0.005637
2014,10580,8,0.003156
2014,10740,8,-0.031863
2014,10780,8,-0.006971
2014,10900,8,0.016643
2014,11020,8,-0.016098
2014,11260,8,-0.054744
2014,11460,8,0.038553
2014,11500,8,0.000524
2014,11540,8,-0.009654
2014,11700,8,-0.003985
2014,12020,8,-0.006919
2014,12100,8,0.024925
2014,12220,8,0.016
2014,12420,8,0.025421
2014,12540,8,0.036958
2014,12580,8,-0.001743
2014,12620,8,-0.004492
2014,12700,8,0.001325
2014,12980,8,0.005004
2014,13020,8,-0.003366
2014,13380,8,-0.040787
2014,13460,8,0.057581
2014,13780,8,0.001827
2014,14260,8,0.05229
2014,14500,8,-0.019895
2014,14740,8,-0.044104
2014,14860,8,0.006306
2014,15180,8,-0.00469
2014,15260,8,-0.000379
2014,15380,8,-0.004016
2014,15500,8,-0.029392
2014,15540,8,-0.009028
2014,15940,8,0.003051
2014,15980,8,0.061195
2014,16180,8,0.045721
2014,16220,8,-0.011165
2014,16300,8,-0.012826
2014,16700,8,0.007294
2014,16860,8,-0.025999
2014,16940,8,-0.039974
2014,17020,8,0.001945
2014,17420,8,0.006904
2014,17660,8,0.009473
2014,17780,8,-0.014148
2014,17820,8,-0.025504
2014,17900,8,-0.030367
2014,18020,8,-0.012899
2014,18700,8,-0.053257
2014,19140,8,-0.008509
2014,19340,8,-0.010121
2014,19460,8,-0.009059
2014,19500,8,-0.02612
2014,19740,8,-0.010741
2014,20020,8,-0.002647
2014,20100,8,-0.009414
2014,20220,8,-0.011346
2014,20740,8,-0.004251
2014,20940,8,0.006119
2014,21140,8,0.008679
2014,21300,8,-0.022588
2014,21500,8,-0.007436
2014,21660,8,-0.031449
2014,21820,8,-0.068935
2014,22020,8,0.0176
2014,22140,8,-0.047519
2014,22380,8,0.010991
2014,22420,8,0.039508
2014,22500,8,-0.039035
2014,22520,8,-0.005154
2014,22540,8,-0.018458
2014,22660,8,-0.02563
2014,23420,8,0.02077
2014,23460,8,0.000491
2014,23580,8,0.030233
2014,24020,8,-0.002925
2014,24140,8,-0.03462
2014,24220,8,0.021705
2014,24300,8,-0.005525
2014,24500,8,-0.035038
2014,24540,8,-0.010319
2014,24580,8,-0.006229
2014,24660,8,-0.026015
2014,25260,8,-0.016689
2014,25420,8,-0.000609
2014,25500,8,-0.026294
2014,25540,8,-0.004622
2014,25860,8,-0.033493
2014,25980,8,-0.026197
2014,26300,8,0.002255
2014,26380,8,-0.00159
2014,26620,8,-0.003285
2014,26980,8,0.005973
2014,27060,8,0.007361
2014,27100,8,0.029206
2014,27260,8,0.028292
2014,27340,8,-0.046228
2014,27500,8,0.007214
2014,27620,8,-0.012564
2014,27740,8,-0.00331
2014,27780,8,-0.022199
2014,27860,8,-0.011302
2014,27900,8,-0.012103
2014,28100,8,-0.001679
2014,28420,8,-0.090129
2014,28660,8,-0.017644
2014,28700,8,-0.031813
2014,28740,8,0.006573
2014,29100,8,-0.007709
2014,29340,8,-0.003165
2014,29420,8,0.021391
2014,29460,8,0.049869
2014,29540,8,0.007284
2014,29700,8,-0.005793
2014,29740,8,-0.047336
2014,29820,8,0.111062
2014,29940,8,0.00189
2014,30140,8,-0.003604
2014,30300,8,-0.033095
2014,30340,8,0.004448
2014,30460,8,0.004576
2014,30620,8,-0.016576
2014,30700,8,0.000672
2014,30780,8,-0.005043
2014,30860,8,-0.040487
2014,31020,8,-0.039926
2014,31420,8,-0.030363
2014,31700,8,0.007998
2014,31900,8,-0.01041
2014,32580,8,-0.006106
2014,32780,8,0.011308
2014,32900,8,0.051211
2014,33140,8,0.002511
2014,33340,8,0.005699
2014,33540,8,-0.031127
2014,33700,8,0.066996
2014,33780,8,0.014325
2014,33860,8,-0.002375
2014,34060,8,-0.021256
2014,34580,8,-0.028952
2014,34620,8,-0.003748
2014,34740,8,0.021859
2014,34900,8,0.039314
2014,34940,8,0.058568
2014,35300,8,0.002839
2014,35660,8,-0.000517
2014,35980,8,-0.004286
2014,36100,8,0.039682
2014,36220,8,0.038763
2014,36420,8,0.004911
2014,36500,8,-0.032759
2014,36540,8,-0.001212
2014,36740,8,0.069728
2014,36780,8,-0.006537
2014,36980,8,-0.001148
2014,37100,8,0.005178
2014,37340,8,0.044159
2014,37860,8,0.002393
2014,38060,8,0.080571
2014,38300,8,-0.005535
2014,38340,8,-0.014145
2014,38860,8,0.002823
2014,38900,8,-0.009996
2014,38940,8,0.061592
2014,39300,8,0.012351
2014,39340,8,0.020005
2014,39380,8,-0.044261
2014,39460,8,0.050656
2014,39540,8,0.005222
2014,39580,8,-0.023333
2014,39740,8,0.013947
2014,39820,8,0.013399
2014,39900,8,0.089633
2014,40140,8,0.040068
2014,40220,8,-0.02398
2014,40420,8,-0.00766
2014,40580,8,-0.037132
2014,40660,8,-0.020648
2014,40900,8,0.041696
2014,40980,8,0.004124
2014,41060,8,0.013737
2014,41100,8,0.021696
2014,41140,8,-0.002874
2014,41420,8,-0.025472
2014,41500,8,0.02582
2014,41700,8,0.011048
2014,41740,8,0.005112
2014,41940,8,0.005601
2014,42020,8,0.003889
2014,42100,8,0.005587
2014,42140,8,-0.018514
2014,42220,8,0.028386
2014,42340,8,0.009532
2014,42540,8,-0.00744
2014,42680,8,0.026229
2014,43100,8,-0.002285
2014,43300,8,0.017912
2014,43620,8,0.012352
2014,43780,8,-0.005754
2014,44100,8,-0.013782
2014,44180,8,0.006038
2014,44220,8,-0.012506
2014,44300,8,-0.006876
2014,44700,8,0.062376
2014,45060,8,-0.004644
2014,45220,8,-0.003228
2014,45820,8,-0.013234
2014,45940,8,0.023029
2014,46060,8,0.015173
2014,46140,8,-0.002312
2014,46340,8,-0.001151
2014,46540,8,-0.003861
2014,46660,8,-0.037011
2014,46700,8,0.064774
2014,47220,8,0.006362
2014,47300,8,0.016461
2014,47940,8,-0.006016
2014,48300,8,-0.042325
2014,48540,8,-0.03177
2014,48660,8,-0.013597
2014,48700,8,-0.016509
2014,49020,8,0.016936
2014,49420,8,-0.063714
2014,49620,8,0.016395
2014,49660,8,-0.005904
2014,49700,8,0.037497
2014,49740,8,0.003655
2014,10180,9,-0.003143
2014,10420,9,0.00517
2014,10580,9,0.003581
2014,10740,9,-0.030732
2014,10780,9,-0.005859
2014,10900,9,0.016624
2014,11020,9,-0.015998
2014,11260,9,-0.054217
2014,11460,9,0.036688
2014,11500,9,0.000473
2014,11540,9,-0.008746
2014,11700,9,-0.004339
2014,12020,9,-0.007422
2014,12100,9,0.025849
2014,12220,9,0.014789
2014,12420,9,0.02396
2014,12540,9,0.03618
2014,12580,9,-0.000229
2014,12620,9,-0.004873
2014,12700,9,0.002498
2014,12980,9,0.003444
2014,13020,9,-0.003676
2014,13380,9,-0.03965
2014,13460,9,0.054417
2014,13780,9,0.001365
2014,14260,9,0.049833
2014,14500,9,-0.020361
2014,14740,9,-0.041736
2014,14860,9,0.005865
2014,15180,9,-0.004471
2014,15260,9,0.001106
2014,15380,9,-0.004822
2014,15500,9,-0.029769
2014,15540,9,-0.008845
2014,15940,9,0.002895
2014,15980,9,0.058722
2014,16180,9,0.047557
2014,16220,9,-0.011475
2014,16300,9,-0.012509
2014,16700,9,0.006978
2014,16860,9,-0.026118
2014,16940,9,-0.039358
2014,17020,9,0.002786
2014,17420,9,0.006558
2014,17660,9,0.009669
2014,17780,9,-0.0129
2014,17820,9,-0.025462
2014,17900,9,-0.029984
2014,18020,9,-0.013273
2014,18700,9,-0.050158
2014,19140,9,-0.009282
2014,19340,9,-0.009745
2014,19460,9,-0.008778
2014,19500,9,-0.025448
2014,19740,9,-0.012026
2014,20020,9,-0.001512
2014,20100,9,-0.008572
2014,20220,9,-0.010542
2014,20740,9,-0.003753
2014,20940,9,0.006418
2014,21140,9,0.007298
2014,21300,9,-0.02207
2014,21500,9,-0.008043
2014,21660,9,-0.030566
2014,21820,9,-0.068265
2014,22020,9,0.016456
2014,22140,9,-0.043795
2014,22380,9,0.013012
2014,22420,9,0.037891
2014,22500,9,-0.037995
2014,22520,9,-0.004759
2014,22540,9,-0.017072
2014,22660,9,-0.025737
2014,23420,9,0.021154
2014,23460,9,0.000368
2014,23580,9,0.027303
2014,24020,9,-0.001522
2014,24140,9,-0.034611
2014,24220,9,0.02056
2014,24300,9,-0.004124
2014,24500,9,-0.03559
2014,24540,9,-0.012499
2014,24580,9,-0.005612
2014,24660,9,-0.026589
2014,25260,9,-0.01446
2014,25420,9,-0.001063
2014,25500,9,-0.024832
2014,25540,9,-0.004902
2014,25860,9,-0.033442
2014,25980,9,-0.024733
2014,26300,9,0.00233
2014,26380,9,-0.001115
2014,26620,9,-0.003443
2014,26980,9,0.005043
2014,27060,9,0.006076
2014,27100,9,0.027267
2014,27260,9,0.028506
2014,27340,9,-0.041847
2014,27500,9,0.006343
2014,27620,9,-0.011807
2014,27740,9,-0.002878
2014,27780,9,-0.021447
2014,27860,9,-0.011048
2014,27900,9,-0.011812
2014,28100,9,-0.000878
2014,28420,9,-0.087176
2014,28660,9,-0.016538
2014,28700,9,-0.030999
2014,28740,9,0.007733
2014,29100,9,-0.007335
2014,29340,9,-0.002349
2014,29420,9,0.021893
2014,29460,9,0.048418
2014,29540,9,0.006741
2014,29700,9,-0.005444
2014,29740,9,-0.044368
2014,29820,9,0.107392
2014,29940,9,0.001962
2014,30140,9,-0.004063
2014,30300,9,-0.032766
2014,30340,9,0.004148
2014,30460,9,0.003801
2014,30620,9,-0.015224
2014,30700,9,6.9e-05
2014,30780,9,-0.004574
2014,30860,9,-0.039367
2014,31020,9,-0.03933
2014,31420,9,-0.029412
2014,31700,9,0.008066
2014,31900,9,-0.00984
2014,32580,9,-0.006361
2014,32780,9,0.011321
2014,32900,9,0.04961
2014,33140,9,0.002405
2014,33340,9,0.006428
2014,33540,9,-0.02941
2014,33700,9,0.064284
2014,33780,9,0.014355
2014,33860,9,-0.00124
2014,34060,9,-0.022089
2014,34580,9,-0.028291
2014,34620,9,-0.00367
2014,34740,9,0.020648
2014,34900,9,0.038082
2014,34940,9,0.058149
2014,35300,9,0.003306
2014,35660,9,0.000278
2014,35980,9,-0.003946
2014,36100,9,0.038668
2014,36220,9,0.036625
2014,36420,9,0.004321
2014,36500,9,-0.032274
2014,36540,9,-0.001578
2014,36740,9,0.067807
2014,36780,9,-0.006548
2014,36980,9,-0.001876
2014,37100,9,0.005804
2014,37340,9,0.044111
2014,37860,9,0.002635
2014,38060,9,0.077433
2014,38300,9,-0.006072
2014,38340,9,-0.014859
2014,38860,9,0.002664
2014,38900,9,-0.010499
2014,38940,9,0.059983
2014,39300,9,0.01238
2014,39340,9,0.017263
2014,39380,9,-0.044061
2014,39460,9,0.049419
2014,39540,9,0.005578
2014,39580,9,-0.023445
2014,39740,9,0.012899
2014,39820,9,0.013452
2014,39900,9,0.086565
2014,40140,9,0.039423
2014,40220,9,-0.023433
2014,40420,9,-0.006971
2014,40580,9,-0.036856
2014,40660,9,-0.020564
2014,40900,9,0.040325
2014,40980,9,0.005211
2014,41060,9,0.014385
2014,41100,9,0.021253
2014,41140,9,-0.002168
2014,41420,9,-0.025677
2014,41500,9,0.025652
2014,41700,9,0.009606
2014,41740,9,0.005635
2014,41940,9,0.005094
2014,42020,9,0.004187
2014,42100,9,0.004651
2014,42140,9,-0.018006
2014,42220,9,0.027409
2014,42340,9,0.009242
2014,42540,9,-0.007564
2014,42680,9,0.026264
2014,43100,9,-0.002658
2014,43300,9,0.016707
2014,43620,9,0.010466
2014,43780,9,-0.005376
2014,44100,9,-0.013881
2014,44180,9,0.005401
2014,44220,9,-0.012017
2014,44300,9,-0.006385
2014,44700,9,0.061179
2014,45060,9,-0.004786
2014,45220,9,-0.001466
2014,45820,9,-0.01267
2014,45940,9,0.023444
2014,46060,9,0.015756
2014,46140,9,-0.002474
2014,46340,9,-0.001328
2014,46540,9,-0.003704
2014,46660,9,-0.034729
2014,46700,9,0.063009
2014,47220,9,0.007253
2014,47300,9,0.015872
2014,47940,9,-0.004979
2014,48300,9,-0.041664
2014,48540,9,-0.033114
2014,48660,9,-0.01344
2014,48700,9,-0.016319
2014,49020,9,0.01716
2014,49420,9,-0.06317
2014,49620,9,0.015427
2014,49660,9,-0.00579
2014,49700,9,0.035952
2014,49740,9,0.005143
2014,10180,10,-0.003143
2014,10420,10,0.00517
2014,10580,10,0.003581
2014,10740,10,-0.030732
2014,10780,10,-0.005859
2014,10900,10,0.016624
2014,11020,10,-0.015998
2014,11260,10,-0.054217
2014,11460,10,0.036688
2014,11500,10,0.000473
2014,11540,10,-0.008746
2014,11700,10,-0.004339
2014,12020,10,-0.007422
2014,12100,10,0.025849
2014,12220,10,0.014789
2014,12420,10,0.02396
2014,12540,10,0.03618
2014,12580,10,-0.000229
2014,12620,10,-0.004873
2014,12700,10,0.002498
2014,12980,10,0.003444
2014,13020,10,-0.003676
2014,13380,10,-0.03965
2014,13460,10,0.054417
2014,13780,10,0.001365
2014,14260,10,0.049833
2014,14500,10,-0.020361
2014,14740,10,-0.041736
2014,14860,10,0.005865
2014,15180,10,-0.004471
2014,15260,10,0.001106
2014,15380,10,-0.004822
2014,15500,10,-0.029769
2014,15540,10,-0.008845
2014,15940,10,0.002895
2014,15980,10,0.058722
2014,16180,10,0.047557
2014,16220,10,-0.011475
2014,16300,10,-0.012509
2014,16700,10,0.006978
2014,16860,10,-0.026118
2014,16940,10,-0.039358
2014,17020,10,0.002786
2014,17420,10,0.006558
2014,17660,10,0.009669
2014,17780,10,-0.0129
2014,17820,10,-0.025462
2014,17900,10,-0.029984
2014,18020,10,-0.013273
2014,18700,10,-0.050158
2014,19140,10,-0.009282
2014,19340,10,-0.009745
2014,19460,10,-0.008778
2014,19500,10,-0.025448
2014,19740,10,-0.012026
2014,20020,10,-0.001512
2014,20100,10,-0.008572
2014,20220,10,-0.010542
2014,20740,10,-0.003753
2014,20940,10,0.006418
2014,21140,10,0.007298
2014,21300,10,-0.02207
2014,21500,10,-0.008043
2014,21660,10,-0.030566
2014,21820,10,-0.068265
2014,22020,10,0.016456
2014,22140,10,-0.043795
2014,22380,10,0.013012
2014,22420,10,0.037891
2014,22500,10,-0.037995
2014,22520,10,-0.004759
2014,22540,10,-0.017072
2014,22660,10,-0.025737
2014,23420,10,0.021154
2014,23460,10,0.000368
2014,23580,10,0.027303
2014,24020,10,-0.001522
2014,24140,10,-0.034611
2014,24220,10,0.02056
2014,24300,10,-0.004124
2014,24500,10,-0.03559
2014,24540,10,-0.012499
2014,24580,10,-0.005612
2014,24660,10,-0.026589
2014,25260,10,-0.01446
2014,25420,10,-0.001063
2014,25500,10,-0.024832
2014,25540,10,-0.004902
2014,25860,10,-0.033442
2014,25980,10,-0.024733
2014,26300,10,0.00233
2014,26380,10,-0.001115
2014,26620,10,-0.003443
2014,26980,10,0.005043
2014,27060,10,0.006076
2014,27100,10,0.027267
2014,27260,10,0.028506
2014,27340,10,-0.041847
2014,27500,10,0.006343
2014,27620,10,-0.011807
2014,27740,10,-0.002878
2014,27780,10,-0.021447
2014,27860,10,-0.011048
2014,27900,10,-0.011812
2014,28100,10,-0.000878
2014,28420,10,-0.087176
2014,28660,10,-0.016538
2014,28700,10,-0.030999
2014,28740,10,0.007733
2014,29100,10,-0.007335
2014,29340,10,-0.002349
2014,29420,10,0.021893
2014,29460,10,0.048418
2014,29540,10,0.006741
2014,29700,10,-0.005444
2014,29740,10,-0.044368
2014,29820,10,0.107392
2014,29940,10,0.001962
2014,30140,10,-0.004063
2014,30300,10,-0.032766
2014,30340,10,0.004148
2014,30460,10,0.003801
2014,30620,10,-0.015224
2014,30700,10,6.9e-05
2014,30780,10,-0.004574
2014,30860,10,-0.039367
2014,31020,10,-0.03933
2014,31420,10,-0.029412
2014,31700,10,0.008066
2014,31900,10,-0.00984
2014,32580,10,-0.006361
2014,32780,10,0.011321
2014,32900,10,0.04961
2014,33140,10,0.002405
2014,33340,10,0.006428
2014,33540,10,-0.02941
2014,33700,10,0.064284
2014,33780,10,0.014355
2014,33860,10,-0.00124
2014,34060,10,-0.022089
2014,34580,10,-0.028291
2014,34620,10,-0.00367
2014,34740,10,0.020648
2014,34900,10,0.038082
2014,34940,10,0.058149
2014,35300,10,0.003306
2014,35660,10,0.000278
2014,35980,10,-0.003946
2014,36100,10,0.038668
2014,36220,10,0.036625
2014,36420,10,0.004321
2014,36500,10,-0.032274
2014,36540,10,-0.001578
2014,36740,10,0.067807
2014,36780,10,-0.006548
2014,36980,10,-0.001876
2014,37100,10,0.005804
2014,37340,10,0.044111
2014,37860,10,0.002635
2014,38060,10,0.077433
2014,38300,10,-0.006072
2014,38340,10,-0.014859
2014,38860,10,0.002664
2014,38900,10,-0.010499
2014,38940,10,0.059983
2014,39300,10,0.01238
2014,39340,10,0.017263
2014,39380,10,-0.044061
2014,39460,10,0.049419
2014,39540,10,0.005578
2014,39580,10,-0.023445
2014,39740,10,0.012899
2014,39820,10,0.013452
2014,39900,10,0.086565
2014,40140,10,0.039423
2014,40220,10,-0.023433
2014,40420,10,-0.006971
2014,40580,10,-0.036856
2014,40660,10,-0.020564
2014,40900,10,0.040325
2014,40980,10,0.005211
2014,41060,10,0.014385
2014,41100,10,0.021253
2014,41140,10,-0.002168
2014,41420,10,-0.025677
2014,41500,10,0.025652
2014,41700,10,0.009606
2014,41740,10,0.005635
2014,41940,10,0.005094
2014,42020,10,0.004187
2014,42100,10,0.004651
2014,42140,10,-0.018006
2014,42220,10,0.027409
2014,42340,10,0.009242
2014,42540,10,-0.007564
2014,42680,10,0.026264
2014,43100,10,-0.002658
2014,43300,10,0.016707
2014,43620,10,0.010466
2014,43780,10,-0.005376
2014,44100,10,-0.013881
2014,44180,10,0.005401
2014,44220,10,-0.012017
2014,44300,10,-0.006385
2014,44700,10,0.061179
2014,45060,10,-0.004786
2014,45220,10,-0.001466
2014,45820,10,-0.01267
2014,45940,10,0.023444
2014,46060,10,0.015756
2014,46140,10,-0.002474
2014,46340,10,-0.001328
2014,46540,10,-0.003704
2014,46660,10,-0.034729
2014,46700,10,0.063009
2014,47220,10,0.007253
2014,47300,10,0.015872
2014,47940,10,-0.004979
2014,48300,10,-0.041664
2014,48540,10,-0.033114
2014,48660,10,-0.01344
2014,48700,10,-0.016319
2014,49020,10,0.01716
2014,49420,10,-0.06317
2014,49620,10,0.015427
2014,49660,10,-0.00579
2014,49700,10,0.035952
2014,49740,10,0.005143
2014,10180,11,-0.003143
2014,10420,11,0.00517
2014,10580,11,0.003581
2014,10740,11,-0.030732
2014,10780,11,-0.005859
2014,10900,11,0.016624
2014,11020,11,-0.015998
2014,11260,11,-0.054217
2014,11460,11,0.036688
2014,11500,11,0.000473
2014,11540,11,-0.008746
2014,11700,11,-0.004339
2014,12020,11,-0.007422
2014,12100,11,0.025849
2014,12220,11,0.014789
2014,12420,11,0.02396
2014,12540,11,0.03618
2014,12580,11,-0.000229
2014,12620,11,-0.004873
2014,12700,11,0.002498
2014,12980,11,0.003444
2014,13020,11,-0.003676
2014,13380,11,-0.03965
2014,13460,11,0.054417
2014,13780,11,0.001365
2014,14260,11,0.049833
2014,14500,11,-0.020361
2014,14740,11,-0.041736
2014,14860,11,0.005865
2014,15180,11,-0.004471
2014,15260,11,0.001106
2014,15380,11,-0.004822
2014,15500,11,-0.029769
2014,15540,11,-0.008845
2014,15940,11,0.002895
2014,15980,11,0.058722
2014,16180,11,0.047557
2014,16220,11,-0.011475
2014,16300,11,-0.012509
2014,16700,11,0.006978
2014,16860,11,-0.026118
2014,16940,11,-0.039358
2014,17020,11,0.002786
2014,17420,11,0.006558
2014,17660,11,0.009669
2014,17780,11,-0.0129
2014,17820,11,-0.025462
2014,17900,11,-0.029984
2014,18020,11,-0.013273
2014,18700,11,-0.050158
2014,19140,11,-0.009282
2014,19340,11,-0.009745
2014,19460,11,-0.008778
2014,19500,11,-0.025448
2014,19740,11,-0.012026
2014,20020,11,-0.001512
2014,20100,11,-0.008572
2014,20220,11,-0.010542
2014,20740,11,-0.003753
2014,20940,11,0.006418
2014,21140,11,0.007298
2014,21300,11,-0.02207
2014,21500,11,-0.008043
2014,21660,11,-0.030566
2014,21820,11,-0.068265
2014,22020,11,0.016456
2014,22140,11,-0.043795
2014,22380,11,0.013012
2014,22420,11,0.037891
2014,22500,11,-0.037995
2014,22520,11,-0.004759
2014,22540,11,-0.017072
2014,22660,11,-0.025737
2014,23420,11,0.021154
2014,23460,11,0.000368
2014,23580,11,0.027303
2014,24020,11,-0.001522
2014,24140,11,-0.034611
2014,24220,11,0.02056
2014,24300,11,-0.004124
2014,24500,11,-0.03559
2014,24540,11,-0.012499
2014,24580,11,-0.005612
2014,24660,11,-0.026589
2014,25260,11,-0.01446
2014,25420,11,-0.001063
2014,25500,11,-0.024832
2014,25540,11,-0.004902
2014,25860,11,-0.033442
2014,25980,11,-0.024733
2014,26300,11,0.00233
2014,26380,11,-0.001115
2014,26620,11,-0.003443
2014,26980,11,0.005043
2014,27060,11,0.006076
2014,27100,11,0.027267
2014,27260,11,0.028506
2014,27340,11,-0.041847
2014,27500,11,0.006343
2014,27620,11,-0.011807
2014,27740,11,-0.002878
2014,27780,11,-0.021447
2014,27860,11,-0.011048
2014,27900,11,-0.011812
2014,28100,11,-0.000878
2014,28420,11,-0.087176
2014,28660,11,-0.016538
2014,28700,11,-0.030999
2014,28740,11,0.007733
2014,29100,11,-0.007335
2014,29340,11,-0.002349
2014,29420,11,0.021893
2014,29460,11,0.048418
2014,29540,11,0.006741
2014,29700,11,-0.005444
2014,29740,11,-0.044368
2014,29820,11,0.107392
2014,29940,11,0.001962
2014,30140,11,-0.004063
2014,30300,11,-0.032766
2014,30340,11,0.004148
2014,30460,11,0.003801
2014,30620,11,-0.015224
2014,30700,11,6.9e-05
2014,30780,11,-0.004574
2014,30860,11,-0.039367
2014,31020,11,-0.03933
2014,31420,11,-0.029412
2014,31700,11,0.008066
2014,31900,11,-0.00984
2014,32580,11,-0.006361
2014,32780,11,0.011321
2014,32900,11,0.04961
2014,33140,11,0.002405
2014,33340,11,0.006428
2014,33540,11,-0.02941
2014,33700,11,0.064284
2014,33780,11,0.014355
2014,33860,11,-0.00124
2014,34060,11,-0.022089
2014,34580,11,-0.028291
2014,34620,11,-0.00367
2014,34740,11,0.020648
2014,34900,11,0.038082
2014,34940,11,0.058149
2014,35300,11,0.003306
2014,35660,11,0.000278
2014,35980,11,-0.003946
2014,36100,11,0.038668
2014,36220,11,0.036625
2014,36420,11,0.004321
2014,36500,11,-0.032274
2014,36540,11,-0.001578
2014,36740,11,0.067807
2014,36780,11,-0.006548
2014,36980,11,-0.001876
2014,37100,11,0.005804
2014,37340,11,0.044111
2014,37860,11,0.002635
2014,38060,11,0.077433
2014,38300,11,-0.006072
2014,38340,11,-0.014859
2014,38860,11,0.002664
2014,38900,11,-0.010499
2014,38940,11,0.059983
2014,39300,11,0.01238
2014,39340,11,0.017263
2014,39380,11,-0.044061
2014,39460,11,0.049419
2014,39540,11,0.005578
2014,39580,11,-0.023445
2014,39740,11,0.012899
2014,39820,11,0.013452
2014,39900,11,0.086565
2014,40140,11,0.039423
2014,40220,11,-0.023433
2014,40420,11,-0.006971
2014,40580,11,-0.036856
2014,40660,11,-0.020564
2014,40900,11,0.040325
2014,40980,11,0.005211
2014,41060,11,0.014385
2014,41100,11,0.021253
2014,41140,11,-0.002168
2014,41420,11,-0.025677
2014,41500,11,0.025652
2014,41700,11,0.009606
2014,41740,11,0.005635
2014,41940,11,0.005094
2014,42020,11,0.004187
2014,42100,11,0.004651
2014,42140,11,-0.018006
2014,42220,11,0.027409
2014,42340,11,0.009242
2014,42540,11,-0.007564
2014,42680,11,0.026264
2014,43100,11,-0.002658
2014,43300,11,0.016707
2014,43620,11,0.010466
2014,43780,11,-0.005376
2014,44100,11,-0.013881
2014,44180,11,0.005401
2014,44220,11,-0.012017
2014,44300,11,-0.006385
2014,44700,11,0.061179
2014,45060,11,-0.004786
2014,45220,11,-0.001466
2014,45820,11,-0.01267
2014,45940,11,0.023444
2014,46060,11,0.015756
2014,46140,11,-0.002474
2014,46340,11,-0.001328
2014,46540,11,-0.003704
2014,46660,11,-0.034729
2014,46700,11,0.063009
2014,47220,11,0.007253
2014,47300,11,0.015872
2014,47940,11,-0.004979
2014,48300,11,-0.041664
2014,48540,11,-0.033114
2014,48660,11,-0.01344
2014,48700,11,-0.016319
2014,49020,11,0.01716
2014,49420,11,-0.06317
2014,49620,11,0.015427
2014,49660,11,-0.00579
2014,49700,11,0.035952
2014,49740,11,0.005143
2014,10180,12,-0.003143
2014,10420,12,0.00517
2014,10580,12,0.003581
2014,10740,12,-0.030732
2014,10780,12,-0.005859
2014,10900,12,0.016624
2014,11020,12,-0.015998
2014,11260,12,-0.054217
2014,11460,12,0.036688
2014,11500,12,0.000473
2014,11540,12,-0.008746
2014,11700,12,-0.004339
2014,12020,12,-0.007422
2014,12100,12,0.025849
2014,12220,12,0.014789
2014,12420,12,0.02396
2014,12540,12,0.03618
2014,12580,12,-0.000229
2014,12620,12,-0.004873
2014,12700,12,0.002498
2014,12980,12,0.003444
2014,13020,12,-0.003676
2014,13380,12,-0.03965
2014,13460,12,0.054417
2014,13780,12,0.001365
2014,14260,12,0.049833
2014,14500,12,-0.020361
2014,14740,12,-0.041736
2014,14860,12,0.005865
2014,15180,12,-0.004471
2014,15260,12,0.001106
2014,15380,12,-0.004822
2014,15500,12,-0.029769
2014,15540,12,-0.008845
2014,15940,12,0.002895
2014,15980,12,0.058722
2014,16180,12,0.047557
2014,16220,12,-0.011475
2014,16300,12,-0.012509
2014,16700,12,0.006978
2014,16860,12,-0.026118
2014,16940,12,-0.039358
2014,17020,12,0.002786
2014,17420,12,0.006558
2014,17660,12,0.009669
2014,17780,12,-0.0129
2014,17820,12,-0.025462
2014,17900,12,-0.029984
2014,18020,12,-0.013273
2014,18700,12,-0.050158
2014,19140,12,-0.009282
2014,19340,12,-0.009745
2014,19460,12,-0.008778
2014,19500,12,-0.025448
2014,19740,12,-0.012026
2014,20020,12,-0.001512
2014,20100,12,-0.008572
2014,20220,12,-0.010542
2014,20740,12,-0.003753
2014,20940,12,0.006418
2014,21140,12,0.007298
2014,21300,12,-0.02207
2014,21500,12,-0.008043
2014,21660,12,-0.030566
2014,21820,12,-0.068265
2014,22020,12,0.016456
2014,22140,12,-0.043795
2014,22380,12,0.013012
2014,22420,12,0.037891
2014,22500,12,-0.037995
2014,22520,12,-0.004759
2014,22540,12,-0.017072
2014,22660,12,-0.025737
2014,23420,12,0.021154
2014,23460,12,0.000368
2014,23580,12,0.027303
2014,24020,12,-0.001522
2014,24140,12,-0.034611
2014,24220,12,0.02056
2014,24300,12,-0.004124
2014,24500,12,-0.03559
2014,24540,12,-0.012499
2014,24580,12,-0.005612
2014,24660,12,-0.026589
2014,25260,12,-0.01446
2014,25420,12,-0.001063
2014,25500,12,-0.024832
2014,25540,12,-0.004902
2014,25860,12,-0.033442
2014,25980,12,-0.024733
2014,26300,12,0.00233
2014,26380,12,-0.001115
2014,26620,12,-0.003443
2014,26980,12,0.005043
2014,27060,12,0.006076
2014,27100,12,0.027267
2014,27260,12,0.028506
2014,27340,12,-0.041847
2014,27500,12,0.006343
2014,27620,12,-0.011807
2014,27740,12,-0.002878
2014,27780,12,-0.021447
2014,27860,12,-0.011048
2014,27900,12,-0.011812
2014,28100,12,-0.000878
2014,28420,12,-0.087176
2014,28660,12,-0.016538
2014,28700,12,-0.030999
2014,28740,12,0.007733
2014,29100,12,-0.007335
2014,29340,12,-0.002349
2014,29420,12,0.021893
2014,29460,12,0.048418
2014,29540,12,0.006741
2014,29700,12,-0.005444
2014,29740,12,-0.044368
2014,29820,12,0.107392
2014,29940,12,0.001962
2014,30140,12,-0.004063
2014,30300,12,-0.032766
2014,30340,12,0.004148
2014,30460,12,0.003801
2014,30620,12,-0.015224
2014,30700,12,6.9e-05
2014,30780,12,-0.004574
2014,30860,12,-0.039367
2014,31020,12,-0.03933
2014,31420,12,-0.029412
2014,31700,12,0.008066
2014,31900,12,-0.00984
2014,32580,12,-0.006361
2014,32780,12,0.011321
2014,32900,12,0.04961
2014,33140,12,0.002405
2014,33340,12,0.006428
2014,33540,12,-0.02941
2014,33700,12,0.064284
2014,33780,12,0.014355
2014,33860,12,-0.00124
2014,34060,12,-0.022089
2014,34580,12,-0.028291
2014,34620,12,-0.00367
2014,34740,12,0.020648
2014,34900,12,0.038082
2014,34940,12,0.058149
2014,35300,12,0.003306
2014,35660,12,0.000278
2014,35980,12,-0.003946
2014,36100,12,0.038668
2014,36220,12,0.036625
2014,36420,12,0.004321
2014,36500,12,-0.032274
2014,36540,12,-0.001578
2014,36740,12,0.067807
2014,36780,12,-0.006548
2014,36980,12,-0.001876
2014,37100,12,0.005804
2014,37340,12,0.044111
2014,37860,12,0.002635
2014,38060,12,0.077433
2014,38300,12,-0.006072
2014,38340,12,-0.014859
2014,38860,12,0.002664
2014,38900,12,-0.010499
2014,38940,12,0.059983
2014,39300,12,0.01238
2014,39340,12,0.017263
2014,39380,12,-0.044061
2014,39460,12,0.049419
2014,39540,12,0.005578
2014,39580,12,-0.023445
2014,39740,12,0.012899
2014,39820,12,0.013452
2014,39900,12,0.086565
2014,40140,12,0.039423
2014,40220,12,-0.023433
2014,40420,12,-0.006971
2014,40580,12,-0.036856
2014,40660,12,-0.020564
2014,40900,12,0.040325
2014,40980,12,0.005211
2014,41060,12,0.014385
2014,41100,12,0.021253
2014,41140,12,-0.002168
2014,41420,12,-0.025677
2014,41500,12,0.025652
2014,41700,12,0.009606
2014,41740,12,0.005635
2014,41940,12,0.005094
2014,42020,12,0.004187
2014,42100,12,0.004651
2014,42140,12,-0.018006
2014,42220,12,0.027409
2014,42340,12,0.009242
2014,42540,12,-0.007564
2014,42680,12,0.026264
2014,43100,12,-0.002658
2014,43300,12,0.016707
2014,43620,12,0.010466
2014,43780,12,-0.005376
2014,44100,12,-0.013881
2014,44180,12,0.005401
2014,44220,12,-0.012017
2014,44300,12,-0.006385
2014,44700,12,0.061179
2014,45060,12,-0.004786
2014,45220,12,-0.001466
2014,45820,12,-0.01267
2014,45940,12,0.023444
2014,46060,12,0.015756
2014,46140,12,-0.002474
2014,46340,12,-0.001328
2014,46540,12,-0.003704
2014,46660,12,-0.034729
2014,46700,12,0.063009
2014,47220,12,0.007253
2014,47300,12,0.015872
2014,47940,12,-0.004979
2014,48300,12,-0.041664
2014,48540,12,-0.033114
2014,48660,12,-0.01344
2014,48700,12,-0.016319
2014,49020,12,0.01716
2014,49420,12,-0.06317
2014,49620,12,0.015427
2014,49660,12,-0.00579
2014,49700,12,0.035952
2014,49740,12,0.005143
2014,10180,13,-0.001925
2014,10420,13,0.005055
2014,10580,13,0.003914
2014,10740,13,-0.029365
2014,10780,13,-0.004721
2014,10900,13,0.016648
2014,11020,13,-0.015835
2014,11260,13,-0.053165
2014,11460,13,0.035127
2014,11500,13,-3.4e-05
2014,11540,13,-0.007849
2014,11700,13,-0.004554
2014,12020,13,-0.007595
2014,12100,13,0.026216
2014,12220,13,0.013733
2014,12420,13,0.021929
2014,12540,13,0.034876
2014,12580,13,0.001204
2014,12620,13,-0.005028
2014,12700,13,0.003061
2014,12980,13,0.001633
2014,13020,13,-0.003972
2014,13380,13,-0.03826
2014,13460,13,0.051705
2014,13780,13,0.000597
2014,14260,13,0.047567
2014,14500,13,-0.020251
2014,14740,13,-0.039065
2014,14860,13,0.005603
2014,15180,13,-0.004098
2014,15260,13,0.002906
2014,15380,13,-0.005259
2014,15500,13,-0.029465
2014,15540,13,-0.008728
2014,15940,13,0.003032
2014,15980,13,0.055286
2014,16180,13,0.049596
2014,16220,13,-0.0119
2014,16300,13,-0.012099
2014,16700,13,0.006614
2014,16860,13,-0.025819
2014,16940,13,-0.03875
2014,17020,13,0.003621
2014,17420,13,0.006487
2014,17660,13,0.009597
2014,17780,13,-0.012374
2014,17820,13,-0.025079
2014,17900,13,-0.029354
2014,18020,13,-0.013632
2014,18700,13,-0.04598
2014,19140,13,-0.009872
2014,19340,13,-0.009451
2014,19460,13,-0.008499
2014,19500,13,-0.025403
2014,19740,13,-0.013258
2014,20020,13,-0.000246
2014,20100,13,-0.00761
2014,20220,13,-0.009662
2014,20740,13,-0.003562
2014,20940,13,0.006265
2014,21140,13,0.006067
2014,21300,13,-0.021703
2014,21500,13,-0.008301
2014,21660,13,-0.028933
2014,21820,13,-0.067008
2014,22020,13,0.014916
2014,22140,13,-0.040564
2014,22380,13,0.014735
2014,22420,13,0.03646
2014,22500,13,-0.036618
2014,22520,13,-0.004375
2014,22540,13,-0.015717
2014,22660,13,-0.025665
2014,23420,13,0.021222
2014,23460,13,0.000132
2014,23580,13,0.025214
2014,24020,13,-0.0006
2014,24140,13,-0.034233
2014,24220,13,0.01926
2014,24300,13,-0.003134
2014,24500,13,-0.036153
2014,24540,13,-0.014298
2014,24580,13,-0.004874
2014,24660,13,-0.026512
2014,25260,13,-0.012213
2014,25420,13,-0.001174
2014,25500,13,-0.023733
2014,25540,13,-0.004887
2014,25860,13,-0.033068
2014,25980,13,-0.023447
2014,26300,13,0.002578
2014,26380,13,-0.001046
2014,26620,13,-0.003881
2014,26980,13,0.004156
2014,27060,13,0.004597
2014,27100,13,0.025315
2014,27260,13,0.028668
2014,27340,13,-0.038379
2014,27500,13,0.005369
2014,27620,13,-0.010789
2014,27740,13,-0.002689
2014,27780,13,-0.020879
2014,27860,13,-0.010515
2014,27900,13,-0.011406
2014,28100,13,-0.000314
2014,28420,13,-0.083921
2014,28660,13,-0.015568
2014,28700,13,-0.029916
2014,28740,13,0.008305
2014,29100,13,-0.007354
2014,29340,13,-0.001543
2014,29420,13,0.021662
2014,29460,13,0.047323
2014,29540,13,0.006572
2014,29700,13,-0.005056
2014,29740,13,-0.041598
2014,29820,13,0.103534
2014,29940,13,0.002054
2014,30140,13,-0.004523
2014,30300,13,-0.032308
2014,30340,13,0.004168
2014,30460,13,0.00306
2014,30620,13,-0.013555
2014,30700,13,-0.000196
2014,30780,13,-0.003892
2014,30860,13,-0.038047
2014,31020,13,-0.037769
2014,31420,13,-0.028046
2014,31700,13,0.008345
2014,31900,13,-0.009282
2014,32580,13,-0.006439
2014,32780,13,0.011799
2014,32900,13,0.046622
2014,33140,13,0.002262
2014,33340,13,0.007046
2014,33540,13,-0.027951
2014,33700,13,0.060514
2014,33780,13,0.014595
2014,33860,13,0.000164
2014,34060,13,-0.022546
2014,34580,13,-0.026996
2014,34620,13,-0.003316
2014,34740,13,0.019833
2014,34900,13,0.036655
2014,34940,13,0.056791
2014,35300,13,0.004008
2014,35660,13,0.000938
2014,35980,13,-0.003475
2014,36100,13,0.037817
2014,36220,13,0.034302
2014,36420,13,0.003821
2014,36500,13,-0.031079
2014,36540,13,-0.001823
2014,36740,13,0.065979
2014,36780,13,-0.006558
2014,36980,13,-0.002252
2014,37100,13,0.005698
2014,37340,13,0.043572
2014,37860,13,0.003158
2014,38060,13,0.073886
2014,38300,13,-0.006344
2014,38340,13,-0.01614
2014,38860,13,0.002431
2014,38900,13,-0.010358
2014,38940,13,0.057663
2014,39300,13,0.01224
2014,39340,13,0.015337
2014,39380,13,-0.043602
2014,39460,13,0.047513
2014,39540,13,0.005724
2014,39580,13,-0.023581
2014,39740,13,0.012018
2014,39820,13,0.013401
2014,39900,13,0.083544
2014,40140,13,0.037753
2014,40220,13,-0.022656
2014,40420,13,-0.006419
2014,40580,13,-0.03618
2014,40660,13,-0.020088
2014,40900,13,0.03852
2014,40980,13,0.006832
2014,41060,13,0.014899
2014,41100,13,0.020704
2014,41140,13,-0.001385
2014,41420,13,-0.024881
2014,41500,13,0.024762
2014,41700,13,0.008289
2014,41740,13,0.005516
2014,41940,13,0.00472
2014,42020,13,0.004177
2014,42100,13,0.003854
2014,42140,13,-0.017158
2014,42220,13,0.026266
2014,42340,13,0.009
2014,42540,13,-0.007466
2014,42680,13,0.02587
2014,43100,13,-0.003393
2014,43300,13,0.016061
2014,43620,13,0.008525
2014,43780,13,-0.005002
2014,44100,13,-0.014044
2014,44180,13,0.004966
2014,44220,13,-0.011373
2014,44300,13,-0.006026
2014,44700,13,0.05903
2014,45060,13,-0.004682
2014,45220,13,0.000203
2014,45820,13,-0.012208
2014,45940,13,0.02386
2014,46060,13,0.016327
2014,46140,13,-0.00253
2014,46340,13,-0.001299
2014,46540,13,-0.003451
2014,46660,13,-0.032568
2014,46700,13,0.060939
2014,47220,13,0.007997
2014,47300,13,0.015317
2014,47940,13,-0.004033
2014,48300,13,-0.040458
2014,48540,13,-0.034814
2014,48660,13,-0.013309
2014,48700,13,-0.015914
2014,49020,13,0.01703
2014,49420,13,-0.061765
2014,49620,13,0.014766
2014,49660,13,-0.005556
2014,49700,13,0.033681
2014,49740,13,0.006454
2014,10180,14,-0.006627
2014,10420,14,0.007204
2014,10580,14,0.00263
2014,10740,14,-0.032948
2014,10780,14,-0.009508
2014,10900,14,0.016499
2014,11020,14,-0.016224
2014,11260,14,-0.052016
2014,11460,14,0.042117
2014,11500,14,5.7e-05
2014,11540,14,-0.011765
2014,11700,14,-0.001801
2014,12020,14,-0.004859
2014,12100,14,0.022137
2014,12220,14,0.018866
2014,12420,14,0.026796
2014,12540,14,0.036116
2014,12580,14,-0.004198
2014,12620,14,-0.003204
2014,12700,14,-0.002285
2014,12980,14,0.00851
2014,13020,14,-0.003036
2014,13380,14,-0.040661
2014,13460,14,0.062999
2014,13780,14,0.002068
2014,14260,14,0.055521
2014,14500,14,-0.016311
2014,14740,14,-0.047449
2014,14860,14,0.007037
2014,15180,14,-0.004644
2014,15260,14,-0.003545
2014,15380,14,-0.00151
2014,15500,14,-0.026879
2014,15540,14,-0.009225
2014,15940,14,0.003612
2014,15980,14,0.062194
2014,16180,14,0.039914
2014,16220,14,-0.008963
2014,16300,14,-0.013235
2014,16700,14,0.008058
2014,16860,14,-0.023641
2014,16940,14,-0.039208
2014,17020,14,0.000992
2014,17420,14,0.008368
2014,17660,14,0.00813
2014,17780,14,-0.018741
2014,17820,14,-0.024074
2014,17900,14,-0.030386
2014,18020,14,-0.011925
2014,18700,14,-0.05834
2014,19140,14,-0.005697
2014,19340,14,-0.010095
2014,19460,14,-0.009727
2014,19500,14,-0.027794
2014,19740,14,-0.006769
2014,20020,14,-0.005548
2014,20100,14,-0.010831
2014,20220,14,-0.012819
2014,20740,14,-0.005236
2014,20940,14,0.002156
2014,21140,14,0.012093
2014,21300,14,-0.023984
2014,21500,14,-0.005747
2014,21660,14,-0.031469
2014,21820,14,-0.066572
2014,22020,14,0.019152
2014,22140,14,-0.0553
2014,22380,14,0.004932
2014,22420,14,0.041059
2014,22500,14,-0.040259
2014,22520,14,-0.006391
2014,22540,14,-0.021552
2014,22660,14,-0.024247
2014,23420,14,0.018485
2014,23460,14,0.001066
2014,23580,14,0.038047
2014,24020,14,-0.006864
2014,24140,14,-0.03289
2014,24220,14,0.024183
2014,24300,14,-0.009667
2014,24500,14,-0.031371
2014,24540,14,-0.004192
2014,24580,14,-0.007509
2014,24660,14,-0.022937
2014,25260,14,-0.021952
2014,25420,14,0.000564
2014,25500,14,-0.029265
2014,25540,14,-0.003408
2014,25860,14,-0.032111
2014,25980,14,-0.029353
2014,26300,14,0.002546
2014,26380,14,-0.00286
2014,26620,14,-0.003703
2014,26980,14,0.008287
2014,27060,14,0.010584
2014,27100,14,0.032896
2014,27260,14,0.026874
2014,27340,14,-0.058435
2014,27500,14,0.009175
2014,27620,14,-0.013584
2014,27740,14,-0.004669
2014,27780,14,-0.024614
2014,27860,14,-0.011984
2014,27900,14,-0.012654
2014,28100,14,-0.003518
2014,28420,14,-0.095344
2014,28660,14,-0.020593
2014,28700,14,-0.03192
2014,28740,14,0.004106
2014,29100,14,-0.00799
2014,29340,14,-0.005021
2014,29420,14,0.017963
2014,29460,14,0.052286
2014,29540,14,0.008932
2014,29700,14,-0.006853
2014,29740,14,-0.053426
2014,29820,14,0.11481
2014,29940,14,0.001716
2014,30140,14,-0.002488
2014,30300,14,-0.031726
2014,30340,14,0.005272
2014,30460,14,0.006967
2014,30620,14,-0.019366
2014,30700,14,0.002377
2014,30780,14,-0.00579
2014,30860,14,-0.042557
2014,31020,14,-0.039093
2014,31420,14,-0.031432
2014,31700,14,0.007749
2014,31900,14,-0.011978
2014,32580,14,-0.005208
2014,32780,14,0.011844
2014,32900,14,0.048885
2014,33140,14,0.003019
2014,33340,14,0.004386
2014,33540,14,-0.033816
2014,33700,14,0.06918
2014,33780,14,0.013031
2014,33860,14,-0.00507
2014,34060,14,-0.016111
2014,34580,14,-0.02813
2014,34620,14,-0.003545
2014,34740,14,0.024425
2014,34900,14,0.041674
2014,34940,14,0.055037
2014,35300,14,0.001925
2014,35660,14,-0.002087
2014,35980,14,-0.004919
2014,36100,14,0.041557
2014,36220,14,0.042824
2014,36420,14,0.006579
2014,36500,14,-0.031088
2014,36540,14,-0.000312
2014,36740,14,0.072014
2014,36780,14,-0.00583
2014,36980,14,0.001457
2014,37100,14,0.003355
2014,37340,14,0.041954
2014,37860,14,0.002446
2014,38060,14,0.083992
2014,38300,14,-0.003848
2014,38340,14,-0.012162
2014,38860,14,0.003026
2014,38900,14,-0.007538
2014,38940,14,0.062049
2014,39300,14,0.011868
2014,39340,14,0.026551
2014,39380,14,-0.042653
2014,39460,14,0.050927
2014,39540,14,0.004513
2014,39580,14,-0.02381
2014,39740,14,0.016733
2014,39820,14,0.013458
2014,39900,14,0.094311
2014,40140,14,0.038425
2014,40220,14,-0.023533
2014,40420,14,-0.00942
2014,40580,14,-0.036542
2014,40660,14,-0.019593
2014,40900,14,0.043614
2014,40980,14,0.001122
2014,41060,14,0.011948
2014,41100,14,0.019539
2014,41140,14,-0.004339
2014,41420,14,-0.022714
2014,41500,14,0.02383
2014,41700,14,0.015194
2014,41740,14,0.00358
2014,41940,14,0.006722
2014,42020,14,0.003944
2014,42100,14,0.008748
2014,42140,14,-0.017448
2014,42220,14,0.030255
2014,42340,14,0.010813
2014,42540,14,-0.006984
2014,42680,14,0.024371
2014,43100,14,-0.00121
2014,43300,14,0.021737
2014,43620,14,0.01656
2014,43780,14,-0.006525
2014,44100,14,-0.012665
2014,44180,14,0.007489
2014,44220,14,-0.013356
2014,44300,14,-0.008557
2014,44700,14,0.060289
2014,45060,14,-0.003901
2014,45220,14,-0.007072
2014,45820,14,-0.014084
2014,45940,14,0.021953
2014,46060,14,0.01341
2014,46140,14,-0.001948
2014,46340,14,0.000204
2014,46540,14,-0.003871
2014,46660,14,-0.042111
2014,46700,14,0.065867
2014,47220,14,0.003588
2014,47300,14,0.017122
2014,47940,14,-0.008172
2014,48300,14,-0.041613
2014,48540,14,-0.027114
2014,48660,14,-0.013317
2014,48700,14,-0.016475
2014,49020,14,0.015597
2014,49420,14,-0.06168
2014,49620,14,0.018759
2014,49660,14,-0.00588
2014,49700,14,0.039417
2014,49740,14,-0.000354
2014,10180,15,-0.001925
2014,10420,15,0.005055
2014,10580,15,0.003914
2014,10740,15,-0.029365
2014,10780,15,-0.004721
2014,10900,15,0.016648
2014,11020,15,-0.015835
2014,11260,15,-0.053165
2014,11460,15,0.035127
2014,11500,15,-3.4e-05
2014,11540,15,-0.007849
2014,11700,15,-0.004554
2014,12020,15,-0.007595
2014,12100,15,0.026216
2014,12220,15,0.013733
2014,12420,15,0.021929
2014,12540,15,0.034876
2014,12580,15,0.001204
2014,12620,15,-0.005028
2014,12700,15,0.003061
2014,12980,15,0.001633
2014,13020,15,-0.003972
2014,13380,15,-0.03826
2014,13460,15,0.051705
2014,13780,15,0.000597
2014,14260,15,0.047567
2014,14500,15,-0.020251
2014,14740,15,-0.039065
2014,14860,15,0.005603
2014,15180,15,-0.004098
2014,15260,15,0.002906
2014,15380,15,-0.005259
2014,15500,15,-0.029465
2014,15540,15,-0.008728
2014,15940,15,0.003032
2014,15980,15,0.055286
2014,16180,15,0.049596
2014,16220,15,-0.0119
2014,16300,15,-0.012099
2014,16700,15,0.006614
2014,16860,15,-0.025819
2014,16940,15,-0.03875
2014,17020,15,0.003621
2014,17420,15,0.006487
2014,17660,15,0.009597
2014,17780,15,-0.012374
2014,17820,15,-0.025079
2014,17900,15,-0.029354
2014,18020,15,-0.013632
2014,18700,15,-0.04598
2014,19140,15,-0.009872
2014,19340,15,-0.009451
2014,19460,15,-0.008499
2014,19500,15,-0.025403
2014,19740,15,-0.013258
2014,20020,15,-0.000246
2014,20100,15,-0.00761
2014,20220,15,-0.009662
2014,20740,15,-0.003562
2014,20940,15,0.006265
2014,21140,15,0.006067
2014,21300,15,-0.021703
2014,21500,15,-0.008301
2014,21660,15,-0.028933
2014,21820,15,-0.067008
2014,22020,15,0.014916
2014,22140,15,-0.040564
2014,22380,15,0.014735
2014,22420,15,0.03646
2014,22500,15,-0.036618
2014,22520,15,-0.004375
2014,22540,15,-0.015717
2014,22660,15,-0.025665
2014,23420,15,0.021222
2014,23460,15,0.000132
2014,23580,15,0.025214
2014,24020,15,-0.0006
2014,24140,15,-0.034233
2014,24220,15,0.01926
2014,24300,15,-0.003134
2014,24500,15,-0.036153
2014,24540,15,-0.014298
2014,24580,15,-0.004874
2014,24660,15,-0.026512
2014,25260,15,-0.012213
2014,25420,15,-0.001174
2014,25500,15,-0.023733
2014,25540,15,-0.004887
2014,25860,15,-0.033068
2014,25980,15,-0.023447
2014,26300,15,0.002578
2014,26380,15,-0.001046
2014,26620,15,-0.003881
2014,26980,15,0.004156
2014,27060,15,0.004597
2014,27100,15,0.025315
2014,27260,15,0.028668
2014,27340,15,-0.038379
2014,27500,15,0.005369
2014,27620,15,-0.010789
2014,27740,15,-0.002689
2014,27780,15,-0.020879
2014,27860,15,-0.010515
2014,27900,15,-0.011406
2014,28100,15,-0.000314
2014,28420,15,-0.083921
2014,28660,15,-0.015568
2014,28700,15,-0.029916
2014,28740,15,0.008305
2014,29100,15,-0.007354
2014,29340,15,-0.001543
2014,29420,15,0.021662
2014,29460,15,0.047323
2014,29540,15,0.006572
2014,29700,15,-0.005056
2014,29740,15,-0.041598
2014,29820,15,0.103534
2014,29940,15,0.002054
2014,30140,15,-0.004523
2014,30300,15,-0.032308
2014,30340,15,0.004168
2014,30460,15,0.00306
2014,30620,15,-0.013555
2014,30700,15,-0.000196
2014,30780,15,-0.003892
2014,30860,15,-0.038047
2014,31020,15,-0.037769
2014,31420,15,-0.028046
2014,31700,15,0.008345
2014,31900,15,-0.009282
2014,32580,15,-0.006439
2014,32780,15,0.011799
2014,32900,15,0.046622
2014,33140,15,0.002262
2014,33340,15,0.007046
2014,33540,15,-0.027951
2014,33700,15,0.060514
2014,33780,15,0.014595
2014,33860,15,0.000164
2014,34060,15,-0.022546
2014,34580,15,-0.026996
2014,34620,15,-0.003316
2014,34740,15,0.019833
2014,34900,15,0.036655
2014,34940,15,0.056791
2014,35300,15,0.004008
2014,35660,15,0.000938
2014,35980,15,-0.003475
2014,36100,15,0.037817
2014,36220,15,0.034302
2014,36420,15,0.003821
2014,36500,15,-0.031079
2014,36540,15,-0.001823
2014,36740,15,0.065979
2014,36780,15,-0.006558
2014,36980,15,-0.002252
2014,37100,15,0.005698
2014,37340,15,0.043572
2014,37860,15,0.003158
2014,38060,15,0.073886
2014,38300,15,-0.006344
2014,38340,15,-0.01614
2014,38860,15,0.002431
2014,38900,15,-0.010358
2014,38940,15,0.057663
2014,39300,15,0.01224
2014,39340,15,0.015337
2014,39380,15,-0.043602
2014,39460,15,0.047513
2014,39540,15,0.005724
2014,39580,15,-0.023581
2014,39740,15,0.012018
2014,39820,15,0.013401
2014,39900,15,0.083544
2014,40140,15,0.037753
2014,40220,15,-0.022656
2014,40420,15,-0.006419
2014,40580,15,-0.03618
2014,40660,15,-0.020088
2014,40900,15,0.03852
2014,40980,15,0.006832
2014,41060,15,0.014899
2014,41100,15,0.020704
2014,41140,15,-0.001385
2014,41420,15,-0.024881
2014,41500,15,0.024762
2014,41700,15,0.008289
2014,41740,15,0.005516
2014,41940,15,0.00472
2014,42020,15,0.004177
2014,42100,15,0.003854
2014,42140,15,-0.017158
2014,42220,15,0.026266
2014,42340,15,0.009
2014,42540,15,-0.007466
2014,42680,15,0.02587
2014,43100,15,-0.003393
2014,43300,15,0.016061
2014,43620,15,0.008525
2014,43780,15,-0.005002
2014,44100,15,-0.014044
2014,44180,15,0.004966
2014,44220,15,-0.011373
2014,44300,15,-0.006026
2014,44700,15,0.05903
2014,45060,15,-0.004682
2014,45220,15,0.000203
2014,45820,15,-0.012208
2014,45940,15,0.02386
2014,46060,15,0.016327
2014,46140,15,-0.00253
2014,46340,15,-0.001299
2014,46540,15,-0.003451
2014,46660,15,-0.032568
2014,46700,15,0.060939
2014,47220,15,0.007997
2014,47300,15,0.015317
2014,47940,15,-0.004033
2014,48300,15,-0.040458
2014,48540,15,-0.034814
2014,48660,15,-0.013309
2014,48700,15,-0.015914
2014,49020,15,0.01703
2014,49420,15,-0.061765
2014,49620,15,0.014766
2014,49660,15,-0.005556
2014,49700,15,0.033681
2014,49740,15,0.006454
2014,10180,16,-0.006677
2014,10420,16,0.007457
2014,10580,16,0.002495
2014,10740,16,-0.032655
2014,10780,16,-0.009524
2014,10900,16,0.016564
2014,11020,16,-0.016187
2014,11260,16,-0.051527
2014,11460,16,0.042056
2014,11500,16,-0.00024
2014,11540,16,-0.011797
2014,11700,16,-0.001723
2014,12020,16,-0.004527
2014,12100,16,0.021652
2014,12220,16,0.018976
2014,12420,16,0.02652
2014,12540,16,0.035576
2014,12580,16,-0.004449
2014,12620,16,-0.00298
2014,12700,16,-0.002822
2014,12980,16,0.008505
2014,13020,16,-0.00298
2014,13380,16,-0.040333
2014,13460,16,0.063358
2014,13780,16,0.001877
2014,14260,16,0.055615
2014,14500,16,-0.016034
2014,14740,16,-0.046981
2014,14860,16,0.007166
2014,15180,16,-0.004537
2014,15260,16,-0.003283
2014,15380,16,-0.001252
2014,15500,16,-0.026269
2014,15540,16,-0.009323
2014,15940,16,0.003808
2014,15980,16,0.061057
2014,16180,16,0.039834
2014,16220,16,-0.009197
2014,16300,16,-0.013091
2014,16700,16,0.008064
2014,16860,16,-0.023315
2014,16940,16,-0.039194
2014,17020,16,0.000961
2014,17420,16,0.008502
2014,17660,16,0.008022
2014,17780,16,-0.019121
2014,17820,16,-0.023761
2014,17900,16,-0.030049
2014,18020,16,-0.011933
2014,18700,16,-0.057464
2014,19140,16,-0.0054
2014,19340,16,-0.010233
2014,19460,16,-0.009753
2014,19500,16,-0.028157
2014,19740,16,-0.006714
2014,20020,16,-0.005472
2014,20100,16,-0.010668
2014,20220,16,-0.012809
2014,20740,16,-0.005477
2014,20940,16,0.001809
2014,21140,16,0.01223
2014,21300,16,-0.024146
2014,21500,16,-0.005431
2014,21660,16,-0.03072
2014,21820,16,-0.065937
2014,22020,16,0.018937
2014,22140,16,-0.055623
2014,22380,16,0.004728
2014,22420,16,0.041233
2014,22500,16,-0.039954
2014,22520,16,-0.006435
2014,22540,16,-0.021639
2014,22660,16,-0.02406
2014,23420,16,0.018135
2014,23460,16,0.000956
2014,23580,16,0.038693
2014,24020,16,-0.007243
2014,24140,16,-0.032574
2014,24220,16,0.023919
2014,24300,16,-0.009912
2014,24500,16,-0.031357
2014,24540,16,-0.003874
2014,24580,16,-0.007438
2014,24660,16,-0.022326
2014,25260,16,-0.021882
2014,25420,16,0.000837
2014,25500,16,-0.029378
2014,25540,16,-0.003159
2014,25860,16,-0.031734
2014,25980,16,-0.029403
2014,26300,16,0.002593
2014,26380,16,-0.003206
2014,26620,16,-0.003826
2014,26980,16,0.00833
2014,27060,16,0.010373
2014,27100,16,0.032963
2014,27260,16,0.026834
2014,27340,16,-0.058795
2014,27500,16,0.009152
2014,27620,16,-0.013473
2014,27740,16,-0.004863
2014,27780,16,-0.024714
2014,27860,16,-0.011706
2014,27900,16,-0.012644
2014,28100,16,-0.00367
2014,28420,16,-0.094739
2014,28660,16,-0.020574
2014,28700,16,-0.031722
2014,28740,16,0.003672
2014,29100,16,-0.00833
2014,29340,16,-0.005049
2014,29420,16,0.017327
2014,29460,16,0.052466
2014,29540,16,0.009186
2014,29700,16,-0.006694
2014,29740,16,-0.05336
2014,29820,16,0.114458
2014,29940,16,0.001762
2014,30140,16,-0.002393
2014,30300,16,-0.031696
2014,30340,16,0.005493
2014,30460,16,0.007018
2014,30620,16,-0.019294
2014,30700,16,0.002621
2014,30780,16,-0.005608
2014,30860,16,-0.042243
2014,31020,16,-0.038052
2014,31420,16,-0.030983
2014,31700,16,0.00783
2014,31900,16,-0.011878
2014,32580,16,-0.004997
2014,32780,16,0.012239
2014,32900,16,0.047567
2014,33140,16,0.002973
2014,33340,16,0.004209
2014,33540,16,-0.03404
2014,33700,16,0.068199
2014,33780,16,0.013115
2014,33860,16,-0.004849
2014,34060,16,-0.015987
2014,34580,16,-0.027428
2014,34620,16,-0.003427
2014,34740,16,0.024662
2014,34900,16,0.041295
2014,34940,16,0.053931
2014,35300,16,0.002015
2014,35660,16,-0.002215
2014,35980,16,-0.004765
2014,36100,16,0.041655
2014,36220,16,0.042443
2014,36420,16,0.006644
2014,36500,16,-0.030339
2014,36540,16,-0.000144
2014,36740,16,0.071925
2014,36780,16,-0.005853
2014,36980,16,0.001679
2014,37100,16,0.0026
2014,37340,16,0.041336
2014,37860,16,0.002577
2014,38060,16,0.083459
2014,38300,16,-0.003627
2014,38340,16,-0.012394
2014,38860,16,0.002976
2014,38900,16,-0.006902
2014,38940,16,0.061194
2014,39300,16,0.011653
2014,39340,16,0.027161
2014,39380,16,-0.042271
2014,39460,16,0.05012
2014,39540,16,0.004365
2014,39580,16,-0.023454
2014,39740,16,0.016903
2014,39820,16,0.013388
2014,39900,16,0.094144
2014,40140,16,0.037402
2014,40220,16,-0.023376
2014,40420,16,-0.009396
2014,40580,16,-0.036082
2014,40660,16,-0.019197
2014,40900,16,0.043106
2014,40980,16,0.001424
2014,41060,16,0.011811
2014,41100,16,0.01961
2014,41140,16,-0.004398
2014,41420,16,-0.021732
2014,41500,16,0.023088
2014,41700,16,0.015242
2014,41740,16,0.002856
2014,41940,16,0.006642
2014,42020,16,0.003635
2014,42100,16,0.00879
2014,42140,16,-0.017208
2014,42220,16,0.029938
2014,42340,16,0.010839
2014,42540,16,-0.006772
2014,42680,16,0.023914
2014,43100,16,-0.001387
2014,43300,16,0.021984
2014,43620,16,0.016608
2014,43780,16,-0.006492
2014,44100,16,-0.01273
2014,44180,16,0.007684
2014,44220,16,-0.013166
2014,44300,16,-0.008605
2014,44700,16,0.059225
2014,45060,16,-0.003739
2014,45220,16,-0.007082
2014,45820,16,-0.014089
2014,45940,16,0.021813
2014,46060,16,0.013386
2014,46140,16,-0.001838
2014,46340,16,0.000249
2014,46540,16,-0.00389
2014,46660,16,-0.042089
2014,46700,16,0.065344
2014,47220,16,0.003544
2014,47300,16,0.017134
2014,47940,16,-0.008321
2014,48300,16,-0.04094
2014,48540,16,-0.027132
2014,48660,16,-0.013323
2014,48700,16,-0.016436
2014,49020,16,0.015167
2014,49420,16,-0.060797
2014,49620,16,0.019047
2014,49660,16,-0.005725
2014,49700,16,0.038846
2014,49740,16,-0.000452
2014,10180,17,-0.006677
2014,10420,17,0.007457
2014,10580,17,0.002495
2014,10740,17,-0.032655
2014,10780,17,-0.009524
2014,10900,17,0.016564
2014,11020,17,-0.016187
2014,11260,17,-0.051527
2014,11460,17,0.042056
2014,11500,17,-0.00024
2014,11540,17,-0.011797
2014,11700,17,-0.001723
2014,12020,17,-0.004527
2014,12100,17,0.021652
2014,12220,17,0.018976
2014,12420,17,0.02652
2014,12540,17,0.035576
2014,12580,17,-0.004449
2014,12620,17,-0.00298
2014,12700,17,-0.002822
2014,12980,17,0.008505
2014,13020,17,-0.00298
2014,13380,17,-0.040333
2014,13460,17,0.063358
2014,13780,17,0.001877
2014,14260,17,0.055615
2014,14500,17,-0.016034
2014,14740,17,-0.046981
2014,14860,17,0.007166
2014,15180,17,-0.004537
2014,15260,17,-0.003283
2014,15380,17,-0.001252
2014,15500,17,-0.026269
2014,15540,17,-0.009323
2014,15940,17,0.003808
2014,15980,17,0.061057
2014,16180,17,0.039834
2014,16220,17,-0.009197
2014,16300,17,-0.013091
2014,16700,17,0.008064
2014,16860,17,-0.023315
2014,16940,17,-0.039194
2014,17020,17,0.000961
2014,17420,17,0.008502
2014,17660,17,0.008022
2014,17780,17,-0.019121
2014,17820,17,-0.023761
2014,17900,17,-0.030049
2014,18020,17,-0.011933
2014,18700,17,-0.057464
2014,19140,17,-0.0054
2014,19340,17,-0.010233
2014,19460,17,-0.009753
2014,19500,17,-0.028157
2014,19740,17,-0.006714
2014,20020,17,-0.005472
2014,20100,17,-0.010668
2014,20220,17,-0.012809
2014,20740,17,-0.005477
2014,20940,17,0.001809
2014,21140,17,0.01223
2014,21300,17,-0.024146
2014,21500,17,-0.005431
2014,21660,17,-0.03072
2014,21820,17,-0.065937
2014,22020,17,0.018937
2014,22140,17,-0.055623
2014,22380,17,0.004728
2014,22420,17,0.041233
2014,22500,17,-0.039954
2014,22520,17,-0.006435
2014,22540,17,-0.021639
2014,22660,17,-0.02406
2014,23420,17,0.018135
2014,23460,17,0.000956
2014,23580,17,0.038693
2014,24020,17,-0.007243
2014,24140,17,-0.032574
2014,24220,17,0.023919
2014,24300,17,-0.009912
2014,24500,17,-0.031357
2014,24540,17,-0.003874
2014,24580,17,-0.007438
2014,24660,17,-0.022326
2014,25260,17,-0.021882
2014,25420,17,0.000837
2014,25500,17,-0.029378
2014,25540,17,-0.003159
2014,25860,17,-0.031734
2014,25980,17,-0.029403
2014,26300,17,0.002593
2014,26380,17,-0.003206
2014,26620,17,-0.003826
2014,26980,17,0.00833
2014,27060,17,0.010373
2014,27100,17,0.032963
2014,27260,17,0.026834
2014,27340,17,-0.058795
2014,27500,17,0.009152
2014,27620,17,-0.013473
2014,27740,17,-0.004863
2014,27780,17,-0.024714
2014,27860,17,-0.011706
2014,27900,17,-0.012644
2014,28100,17,-0.00367
2014,28420,17,-0.094739
2014,28660,17,-0.020574
2014,28700,17,-0.031722
2014,28740,17,0.003672
2014,29100,17,-0.00833
2014,29340,17,-0.005049
2014,29420,17,0.017327
2014,29460,17,0.052466
2014,29540,17,0.009186
2014,29700,17,-0.006694
2014,29740,17,-0.05336
2014,29820,17,0.114458
2014,29940,17,0.001762
2014,30140,17,-0.002393
2014,30300,17,-0.031696
2014,30340,17,0.005493
2014,30460,17,0.007018
2014,30620,17,-0.019294
2014,30700,17,0.002621
2014,30780,17,-0.005608
2014,30860,17,-0.042243
2014,31020,17,-0.038052
2014,31420,17,-0.030983
2014,31700,17,0.00783
2014,31900,17,-0.011878
2014,32580,17,-0.004997
2014,32780,17,0.012239
2014,32900,17,0.047567
2014,33140,17,0.002973
2014,33340,17,0.004209
2014,33540,17,-0.03404
2014,33700,17,0.068199
2014,33780,17,0.013115
2014,33860,17,-0.004849
2014,34060,17,-0.015987
2014,34580,17,-0.027428
2014,34620,17,-0.003427
2014,34740,17,0.024662
2014,34900,17,0.041295
2014,34940,17,0.053931
2014,35300,17,0.002015
2014,35660,17,-0.002215
2014,35980,17,-0.004765
2014,36100,17,0.041655
2014,36220,17,0.042443
2014,36420,17,0.006644
2014,36500,17,-0.030339
2014,36540,17,-0.000144
2014,36740,17,0.071925
2014,36780,17,-0.005853
2014,36980,17,0.001679
2014,37100,17,0.0026
2014,37340,17,0.041336
2014,37860,17,0.002577
2014,38060,17,0.083459
2014,38300,17,-0.003627
2014,38340,17,-0.012394
2014,38860,17,0.002976
2014,38900,17,-0.006902
2014,38940,17,0.061194
2014,39300,17,0.011653
2014,39340,17,0.027161
2014,39380,17,-0.042271
2014,39460,17,0.05012
2014,39540,17,0.004365
2014,39580,17,-0.023454
2014,39740,17,0.016903
2014,39820,17,0.013388
2014,39900,17,0.094144
2014,40140,17,0.037402
2014,40220,17,-0.023376
2014,40420,17,-0.009396
2014,40580,17,-0.036082
2014,40660,17,-0.019197
2014,40900,17,0.043106
2014,40980,17,0.001424
2014,41060,17,0.011811
2014,41100,17,0.01961
2014,41140,17,-0.004398
2014,41420,17,-0.021732
2014,41500,17,0.023088
2014,41700,17,0.015242
2014,41740,17,0.002856
2014,41940,17,0.006642
2014,42020,17,0.003635
2014,42100,17,0.00879
2014,42140,17,-0.017208
2014,42220,17,0.029938
2014,42340,17,0.010839
2014,42540,17,-0.006772
2014,42680,17,0.023914
2014,43100,17,-0.001387
2014,43300,17,0.021984
2014,43620,17,0.016608
2014,43780,17,-0.006492
2014,44100,17,-0.01273
2014,44180,17,0.007684
2014,44220,17,-0.013166
2014,44300,17,-0.008605
2014,44700,17,0.059225
2014,45060,17,-0.003739
2014,45220,17,-0.007082
2014,45820,17,-0.014089
2014,45940,17,0.021813
2014,46060,17,0.013386
2014,46140,17,-0.001838
2014,46340,17,0.000249
2014,46540,17,-0.00389
2014,46660,17,-0.042089
2014,46700,17,0.065344
2014,47220,17,0.003544
2014,47300,17,0.017134
2014,47940,17,-0.008321
2014,48300,17,-0.04094
2014,48540,17,-0.027132
2014,48660,17,-0.013323
2014,48700,17,-0.016436
2014,49020,17,0.015167
2014,49420,17,-0.060797
2014,49620,17,0.019047
2014,49660,17,-0.005725
2014,49700,17,0.038846
2014,49740,17,-0.000452
2014,10180,18,-0.000218
2014,10420,18,0.004278
2014,10580,18,0.004817
2014,10740,18,-0.024948
2014,10780,18,-0.002651
2014,10900,18,0.016066
2014,11020,18,-0.015287
2014,11260,18,-0.047611
2014,11460,18,0.029559
2014,11500,18,-0.000357
2014,11540,18,-0.005949
2014,11700,18,-0.004036
2014,12020,18,-0.007543
2014,12100,18,0.026921
2014,12220,18,0.012045
2014,12420,18,0.016293
2014,12540,18,0.030368
2014,12580,18,0.004666
2014,12620,18,-0.00542
2014,12700,18,0.004237
2014,12980,18,-0.001111
2014,13020,18,-0.004162
2014,13380,18,-0.03258
2014,13460,18,0.042873
2014,13780,18,-0.000775
2014,14260,18,0.039666
2014,14500,18,-0.018743
2014,14740,18,-0.031569
2014,14860,18,0.004823
2014,15180,18,-0.003212
2014,15260,18,0.006123
2014,15380,18,-0.006563
2014,15500,18,-0.028119
2014,15540,18,-0.00831
2014,15940,18,0.002576
2014,15980,18,0.046533
2014,16180,18,0.04966
2014,16220,18,-0.010695
2014,16300,18,-0.010946
2014,16700,18,0.005867
2014,16860,18,-0.023911
2014,16940,18,-0.034902
2014,17020,18,0.005592
2014,17420,18,0.006051
2014,17660,18,0.009142
2014,17780,18,-0.0112
2014,17820,18,-0.023033
2014,17900,18,-0.026704
2014,18020,18,-0.013778
2014,18700,18,-0.037604
2014,19140,18,-0.010239
2014,19340,18,-0.008161
2014,19460,18,-0.007521
2014,19500,18,-0.023312
2014,19740,18,-0.014999
2014,20020,18,0.001612
2014,20100,18,-0.00522
2014,20220,18,-0.00789
2014,20740,18,-0.002711
2014,20940,18,0.004781
2014,21140,18,0.003614
2014,21300,18,-0.020486
2014,21500,18,-0.009545
2014,21660,18,-0.024698
2014,21820,18,-0.060679
2014,22020,18,0.011236
2014,22140,18,-0.032307
2014,22380,18,0.016656
2014,22420,18,0.030299
2014,22500,18,-0.03272
2014,22520,18,-0.003971
2014,22540,18,-0.012239
2014,22660,18,-0.024637
2014,23420,18,0.020452
2014,23460,18,-0.000216
2014,23580,18,0.020137
2014,24020,18,0.001623
2014,24140,18,-0.032006
2014,24220,18,0.015737
2014,24300,18,-0.000893
2014,24500,18,-0.034216
2014,24540,18,-0.01693
2014,24580,18,-0.00338
2014,24660,18,-0.025515
2014,25260,18,-0.00743
2014,25420,18,-0.001545
2014,25500,18,-0.020198
2014,25540,18,-0.004804
2014,25860,18,-0.030686
2014,25980,18,-0.020452
2014,26300,18,0.003507
2014,26380,18,-0.000223
2014,26620,18,-0.004185
2014,26980,18,0.002398
2014,27060,18,0.002348
2014,27100,18,0.020312
2014,27260,18,0.027313
2014,27340,18,-0.031158
2014,27500,18,0.003774
2014,27620,18,-0.008477
2014,27740,18,-0.002134
2014,27780,18,-0.018981
2014,27860,18,-0.00983
2014,27900,18,-0.00984
2014,28100,18,0.0011
2014,28420,18,-0.074634
2014,28660,18,-0.013254
2014,28700,18,-0.026671
2014,28740,18,0.010554
2014,29100,18,-0.006362
2014,29340,18,-0.000349
2014,29420,18,0.020465
2014,29460,18,0.042737
2014,29540,18,0.005799
2014,29700,18,-0.004103
2014,29740,18,-0.034072
2014,29820,18,0.089536
2014,29940,18,0.002336
2014,30140,18,-0.0051
2014,30300,18,-0.028336
2014,30340,18,0.003496
2014,30460,18,0.001826
2014,30620,18,-0.009926
2014,30700,18,-0.001032
2014,30780,18,-0.002648
2014,30860,18,-0.034229
2014,31020,18,-0.033175
2014,31420,18,-0.024674
2014,31700,18,0.008118
2014,31900,18,-0.007901
2014,32580,18,-0.005999
2014,32780,18,0.011938
2014,32900,18,0.038138
2014,33140,18,0.002069
2014,33340,18,0.008465
2014,33540,18,-0.022936
2014,33700,18,0.050152
2014,33780,18,0.013175
2014,33860,18,0.001919
2014,34060,18,-0.021296
2014,34580,18,-0.022636
2014,34620,18,-0.002961
2014,34740,18,0.016961
2014,34900,18,0.032252
2014,34940,18,0.051519
2014,35300,18,0.00487
2014,35660,18,0.002423
2014,35980,18,-0.002179
2014,36100,18,0.034941
2014,36220,18,0.028401
2014,36420,18,0.002926
2014,36500,18,-0.02616
2014,36540,18,-0.002337
2014,36740,18,0.058709
2014,36780,18,-0.005709
2014,36980,18,-0.003449
2014,37100,18,0.006173
2014,37340,18,0.040454
2014,37860,18,0.004036
2014,38060,18,0.062497
2014,38300,18,-0.00739
2014,38340,18,-0.016775
2014,38860,18,0.001711
2014,38900,18,-0.010207
2014,38940,18,0.050939
2014,39300,18,0.011852
2014,39340,18,0.010199
2014,39380,18,-0.039972
2014,39460,18,0.04196
2014,39540,18,0.006774
2014,39580,18,-0.023871
2014,39740,18,0.010123
2014,39820,18,0.012986
2014,39900,18,0.07285
2014,40140,18,0.032953
2014,40220,18,-0.019452
2014,40420,18,-0.004262
2014,40580,18,-0.033576
2014,40660,18,-0.018457
2014,40900,18,0.033028
2014,40980,18,0.007858
2014,41060,18,0.015548
2014,41100,18,0.0172
2014,41140,18,0.000208
2014,41420,18,-0.022284
2014,41500,18,0.022333
2014,41700,18,0.00625
2014,41740,18,0.005748
2014,41940,18,0.002935
2014,42020,18,0.004758
2014,42100,18,0.002701
2014,42140,18,-0.013386
2014,42220,18,0.022581
2014,42340,18,0.008391
2014,42540,18,-0.007126
2014,42680,18,0.024515
2014,43100,18,-0.003653
2014,43300,18,0.013933
2014,43620,18,0.004858
2014,43780,18,-0.004195
2014,44100,18,-0.013734
2014,44180,18,0.003987
2014,44220,18,-0.009729
2014,44300,18,-0.005955
2014,44700,18,0.050541
2014,45060,18,-0.004498
2014,45220,18,0.003019
2014,45820,18,-0.010401
2014,45940,18,0.024081
2014,46060,18,0.016679
2014,46140,18,-0.002502
2014,46340,18,-0.000635
2014,46540,18,-0.002888
2014,46660,18,-0.027791
2014,46700,18,0.053157
2014,47220,18,0.009445
2014,47300,18,0.013506
2014,47940,18,-0.00218
2014,48300,18,-0.035889
2014,48540,18,-0.03573
2014,48660,18,-0.01179
2014,48700,18,-0.015271
2014,49020,18,0.016344
2014,49420,18,-0.055934
2014,49620,18,0.013004
2014,49660,18,-0.005281
2014,49700,18,0.028274
2014,49740,18,0.008596
2015,10180,0,0.002326
2015,10420,0,0.00508
2015,10580,0,-0.001078
2015,10740,0,-0.014089
2015,10780,0,-0.011076
2015,10900,0,0.017832
2015,11020,0,-0.011958
2015,11260,0,-0.032472
2015,11460,0,0.009869
2015,11500,0,-0.002849
2015,11540,0,-0.000882
2015,11700,0,5.8e-05
2015,12020,0,0.002671
2015,12100,0,0.005804
2015,12220,0,0.021471
2015,12420,0,0.02157
2015,12540,0,0.002928
2015,12580,0,-0.009188
2015,12620,0,0.000311
2015,12700,0,0.00037
2015,12980,0,0.002914
2015,13020,0,-0.004765
2015,13380,0,-0.011344
2015,13460,0,0.027181
2015,13780,0,-0.003005
2015,14260,0,0.020945
2015,14500,0,-0.009209
2015,14740,0,-0.003591
2015,14860,0,0.003926
2015,15180,0,-0.011503
2015,15260,0,0.017575
2015,15380,0,-0.002818
2015,15500,0,-0.022381
2015,15540,0,-0.007935
2015,15940,0,0.005717
2015,15980,0,0.011429
2015,16180,0,0.054278
2015,16220,0,-0.030641
2015,16300,0,-0.002471
2015,16700,0,0.011805
2015,16860,0,-0.020365
2015,16940,0,-0.032586
2015,17020,0,0.000488
2015,17420,0,0.005964
2015,17660,0,0.017995
2015,17780,0,0.006563
2015,17820,0,-0.013608
2015,17900,0,-0.011224
2015,18020,0,-0.007145
2015,18700,0,-0.018737
2015,19140,0,0.008288
2015,19340,0,-0.013484
2015,19460,0,-0.001475
2015,19500,0,-0.022674
2015,19740,0,0.000346
2015,20020,0,0.004313
2015,20100,0,-0.000242
2015,20220,0,-0.011489
2015,20740,0,-0.007862
2015,20940,0,0.00535
2015,21140,0,0.005837
2015,21300,0,-0.014409
2015,21500,0,-0.018787
2015,21660,0,-0.002907
2015,21820,0,-0.061934
2015,22020,0,0.006085
2015,22140,0,-0.041453
2015,22380,0,0.017084
2015,22420,0,0.015786
2015,22500,0,-0.022444
2015,22520,0,0.000208
2015,22540,0,-0.011606
2015,22660,0,-0.003152
2015,23420,0,0.009739
2015,23460,0,-0.013322
2015,23580,0,0.037442
2015,24020,0,-0.00228
2015,24140,0,-0.038508
2015,24220,0,-0.003946
2015,24300,0,-3e-06
2015,24500,0,-0.032397
2015,24540,0,0.00896
2015,24580,0,9.1e-05
2015,24660,0,-0.017923
2015,25260,0,-0.000127
2015,25420,0,0.003957
2015,25500,0,-0.0071
2015,25540,0,-0.004046
2015,25860,0,-0.020154
2015,25980,0,0.005822
2015,26300,0,-0.005204
2015,26380,0,-0.004212
2015,26620,0,0.00297
2015,26980,0,-0.000925
2015,27060,0,0.007826
2015,27100,0,0.016531
2015,27260,0,0.022927
2015,27340,0,-0.035229
2015,27500,0,0.005944
2015,27620,0,-0.007581
2015,27740,0,-0.00456
2015,27780,0,-0.008491
2015,27860,0,-0.016212
2015,27900,0,-0.000456
2015,28100,0,-0.006964
2015,28420,0,-0.033817
2015,28660,0,-0.011711
2015,28700,0,-0.030531
2015,28740,0,0.012171
2015,29100,0,-0.007321
2015,29340,0,0.000233
2015,29420,0,0.007288
2015,29460,0,0.039711
2015,29540,0,0.010035
2015,29700,0,0.01094
2015,29740,0,-0.02061
2015,29820,0,0.044451
2015,29940,0,0.006087
2015,30140,0,0.006381
2015,30300,0,-0.00702
2015,30340,0,-0.002052
2015,30460,0,0.001371
2015,30620,0,-0.007707
2015,30700,0,0.004748
2015,30780,0,-0.010056
2015,30860,0,-0.017393
2015,31020,0,0.003654
2015,31420,0,-0.014089
2015,31700,0,0.010727
2015,31900,0,0.007472
2015,32580,0,0.009185
2015,32780,0,0.014906
2015,32900,0,0.010364
2015,33140,0,0.003195
2015,33340,0,0.005858
2015,33540,0,-0.014673
2015,33700,0,0.022633
2015,33780,0,0.011677
2015,33860,0,0.001506
2015,34060,0,-0.022293
2015,34580,0,0.006874
2015,34620,0,-0.008458
2015,34740,0,0.012703
2015,34900,0,0.006461
2015,34940,0,0.024179
2015,35300,0,-0.004027
2015,35660,0,0.009132
2015,35980,0,0.002728
2015,36100,0,0.028371
2015,36220,0,0.007452
2015,36420,0,-0.00142
2015,36500,0,0.003287
2015,36540,0,0.002984
2015,36740,0,0.033833
2015,36780,0,-0.007781
2015,36980,0,-0.01505
2015,37100,0,-0.00609
2015,37340,0,0.017083
2015,37860,0,0.00123
2015,38060,0,0.012201
2015,38300,0,-0.007115
2015,38340,0,-0.013364
2015,38860,0,0.003155
2015,38900,0,0.003786
2015,38940,0,0.021587
2015,39300,0,0.010756
2015,39340,0,-0.00034
2015,39380,0,-0.01253
2015,39460,0,0.01221
2015,39540,0,0.012896
2015,39580,0,-0.002788
2015,39740,0,0.009594
2015,39820,0,0.002549
2015,39900,0,0.042623
2015,40140,0,0.00818
2015,40220,0,-0.012285
2015,40420,0,0.002652
2015,40580,0,-0.025025
2015,40660,0,-0.00764
2015,40900,0,0.004762
2015,40980,0,-0.006667
2015,41060,0,0.014639
2015,41100,0,0.013063
2015,41140,0,-0.006461
2015,41420,0,0.012744
2015,41500,0,0.011086
2015,41700,0,0.01422
2015,41740,0,-0.010095
2015,41940,0,-0.016666
2015,42020,0,0.000107
2015,42100,0,-0.001655
2015,42140,0,-0.004738
2015,42220,0,0.005226
2015,42340,0,0.013821
2015,42540,0,-0.003883
2015,42680,0,0.035753
2015,43100,0,0.000981
2015,43300,0,0.007959
2015,43620,0,0.003346
2015,43780,0,0.001854
2015,44100,0,-0.018711
2015,44180,0,0.004901
2015,44220,0,0.001149
2015,44300,0,-0.007074
2015,44700,0,0.010929
2015,45060,0,-0.003313
2015,45220,0,0.001065
2015,45820,0,-0.003679
2015,45940,0,0.008456
2015,46060,0,0.010447
2015,46140,0,-0.004565
2015,46340,0,0.00606
2015,46540,0,-0.006857
2015,46660,0,-0.020232
2015,46700,0,0.026941
2015,47220,0,0.010152
2015,47300,0,0.010288
2015,47940,0,-0.006987
2015,48300,0,-0.003891
2015,48540,0,-0.01921
2015,48660,0,-0.009635
2015,48700,0,-0.015525
2015,49020,0,-0.001056
2015,49420,0,-0.028337
2015,49620,0,0.015527
2015,49660,0,-0.00371
2015,49700,0,0.022937
2015,49740,0,0.006084
2015,10180,1,0.002326
2015,10420,1,0.00508
2015,10580,1,-0.001078
2015,10740,1,-0.014089
2015,10780,1,-0.011076
2015,10900,1,0.017832
2015,11020,1,-0.011958
2015,11260,1,-0.032472
2015,11460,1,0.009869
2015,11500,1,-0.002849
2015,11540,1,-0.000882
2015,11700,1,5.8e-05
2015,12020,1,0.002671
2015,12100,1,0.005804
2015,12220,1,0.021471
2015,12420,1,0.02157
2015,12540,1,0.002928
2015,12580,1,-0.009188
2015,12620,1,0.000311
2015,12700,1,0.00037
2015,12980,1,0.002914
2015,13020,1,-0.004765
2015,13380,1,-0.011344
2015,13460,1,0.027181
2015,13780,1,-0.003005
2015,14260,1,0.020945
2015,14500,1,-0.009209
2015,14740,1,-0.003591
2015,14860,1,0.003926
2015,15180,1,-0.011503
2015,15260,1,0.017575
2015,15380,1,-0.002818
2015,15500,1,-0.022381
2015,15540,1,-0.007935
2015,15940,1,0.005717
2015,15980,1,0.011429
2015,16180,1,0.054278
2015,16220,1,-0.030641
2015,16300,1,-0.002471
2015,16700,1,0.011805
2015,16860,1,-0.020365
2015,16940,1,-0.032586
2015,17020,1,0.000488
2015,17420,1,0.005964
2015,17660,1,0.017995
2015,17780,1,0.006563
2015,17820,1,-0.013608
2015,17900,1,-0.011224
2015,18020,1,-0.007145
2015,18700,1,-0.018737
2015,19140,1,0.008288
2015,19340,1,-0.013484
2015,19460,1,-0.001475
2015,19500,1,-0.022674
2015,19740,1,0.000346
2015,20020,1,0.004313
2015,20100,1,-0.000242
2015,20220,1,-0.011489
2015,20740,1,-0.007862
2015,20940,1,0.00535
2015,21140,1,0.005837
2015,21300,1,-0.014409
2015,21500,1,-0.018787
2015,21660,1,-0.002907
2015,21820,1,-0.061934
2015,22020,1,0.006085
2015,22140,1,-0.041453
2015,22380,1,0.017084
2015,22420,1,0.015786
2015,22500,1,-0.022444
2015,22520,1,0.000208
2015,22540,1,-0.011606
2015,22660,1,-0.003152
2015,23420,1,0.009739
2015,23460,1,-0.013322
2015,23580,1,0.037442
2015,24020,1,-0.00228
2015,24140,1,-0.038508
2015,24220,1,-0.003946
2015,24300,1,-3e-06
2015,24500,1,-0.032397
2015,24540,1,0.00896
2015,24580,1,9.1e-05
2015,24660,1,-0.017923
2015,25260,1,-0.000127
2015,25420,1,0.003957
2015,25500,1,-0.0071
2015,25540,1,-0.004046
2015,25860,1,-0.020154
2015,25980,1,0.005822
2015,26300,1,-0.005204
2015,26380,1,-0.004212
2015,26620,1,0.00297
2015,26980,1,-0.000925
2015,27060,1,0.007826
2015,27100,1,0.016531
2015,27260,1,0.022927
2015,27340,1,-0.035229
2015,27500,1,0.005944
2015,27620,1,-0.007581
2015,27740,1,-0.00456
2015,27780,1,-0.008491
2015,27860,1,-0.016212
2015,27900,1,-0.000456
2015,28100,1,-0.006964
2015,28420,1,-0.033817
2015,28660,1,-0.011711
2015,28700,1,-0.030531
2015,28740,1,0.012171
2015,29100,1,-0.007321
2015,29340,1,0.000233
2015,29420,1,0.007288
2015,29460,1,0.039711
2015,29540,1,0.010035
2015,29700,1,0.01094
2015,29740,1,-0.02061
2015,29820,1,0.044451
2015,29940,1,0.006087
2015,30140,1,0.006381
2015,30300,1,-0.00702
2015,30340,1,-0.002052
2015,30460,1,0.001371
2015,30620,1,-0.007707
2015,30700,1,0.004748
2015,30780,1,-0.010056
2015,30860,1,-0.017393
2015,31020,1,0.003654
2015,31420,1,-0.014089
2015,31700,1,0.010727
2015,31900,1,0.007472
2015,32580,1,0.009185
2015,32780,1,0.014906
2015,32900,1,0.010364
2015,33140,1,0.003195
2015,33340,1,0.005858
2015,33540,1,-0.014673
2015,33700,1,0.022633
2015,33780,1,0.011677
2015,33860,1,0.001506
2015,34060,1,-0.022293
2015,34580,1,0.006874
2015,34620,1,-0.008458
2015,34740,1,0.012703
2015,34900,1,0.006461
2015,34940,1,0.024179
2015,35300,1,-0.004027
2015,35660,1,0.009132
2015,35980,1,0.002728
2015,36100,1,0.028371
2015,36220,1,0.007452
2015,36420,1,-0.00142
2015,36500,1,0.003287
2015,36540,1,0.002984
2015,36740,1,0.033833
2015,36780,1,-0.007781
2015,36980,1,-0.01505
2015,37100,1,-0.00609
2015,37340,1,0.017083
2015,37860,1,0.00123
2015,38060,1,0.012201
2015,38300,1,-0.007115
2015,38340,1,-0.013364
2015,38860,1,0.003155
2015,38900,1,0.003786
2015,38940,1,0.021587
2015,39300,1,0.010756
2015,39340,1,-0.00034
2015,39380,1,-0.01253
2015,39460,1,0.01221
2015,39540,1,0.012896
2015,39580,1,-0.002788
2015,39740,1,0.009594
2015,39820,1,0.002549
2015,39900,1,0.042623
2015,40140,1,0.00818
2015,40220,1,-0.012285
2015,40420,1,0.002652
2015,40580,1,-0.025025
2015,40660,1,-0.00764
2015,40900,1,0.004762
2015,40980,1,-0.006667
2015,41060,1,0.014639
2015,41100,1,0.013063
2015,41140,1,-0.006461
2015,41420,1,0.012744
2015,41500,1,0.011086
2015,41700,1,0.01422
2015,41740,1,-0.010095
2015,41940,1,-0.016666
2015,42020,1,0.000107
2015,42100,1,-0.001655
2015,42140,1,-0.004738
2015,42220,1,0.005226
2015,42340,1,0.013821
2015,42540,1,-0.003883
2015,42680,1,0.035753
2015,43100,1,0.000981
2015,43300,1,0.007959
2015,43620,1,0.003346
2015,43780,1,0.001854
2015,44100,1,-0.018711
2015,44180,1,0.004901
2015,44220,1,0.001149
2015,44300,1,-0.007074
2015,44700,1,0.010929
2015,45060,1,-0.003313
2015,45220,1,0.001065
2015,45820,1,-0.003679
2015,45940,1,0.008456
2015,46060,1,0.010447
2015,46140,1,-0.004565
2015,46340,1,0.00606
2015,46540,1,-0.006857
2015,46660,1,-0.020232
2015,46700,1,0.026941
2015,47220,1,0.010152
2015,47300,1,0.010288
2015,47940,1,-0.006987
2015,48300,1,-0.003891
2015,48540,1,-0.01921
2015,48660,1,-0.009635
2015,48700,1,-0.015525
2015,49020,1,-0.001056
2015,49420,1,-0.028337
2015,49620,1,0.015527
2015,49660,1,-0.00371
2015,49700,1,0.022937
2015,49740,1,0.006084
2015,10180,2,0.003252
2015,10420,2,0.008147
2015,10580,2,-0.003911
2015,10740,2,-0.015755
2015,10780,2,-0.015232
2015,10900,2,0.018855
2015,11020,2,-0.012548
2015,11260,2,-0.031182
2015,11460,2,0.012294
2015,11500,2,-0.004432
2015,11540,2,-0.001795
2015,11700,2,0.002605
2015,12020,2,0.001511
2015,12100,2,-0.001683
2015,12220,2,0.026206
2015,12420,2,0.024489
2015,12540,2,-0.001395
2015,12580,2,-0.016676
2015,12620,2,0.002803
2015,12700,2,-0.002954
2015,12980,2,0.005282
2015,13020,2,-0.004647
2015,13380,2,-0.012726
2015,13460,2,0.026543
2015,13780,2,-0.000594
2015,14260,2,0.020941
2015,14500,2,-0.004678
2015,14740,2,-0.005113
2015,14860,2,0.002683
2015,15180,2,-0.013504
2015,15260,2,0.016439
2015,15380,2,0.00038
2015,15500,2,-0.018501
2015,15540,2,-0.009006
2015,15940,2,0.007348
2015,15980,2,0.008442
2015,16180,2,0.055664
2015,16220,2,-0.037039
2015,16300,2,0.000118
2015,16700,2,0.012804
2015,16860,2,-0.019359
2015,16940,2,-0.036602
2015,17020,2,-0.00028
2015,17420,2,0.008917
2015,17660,2,0.016567
2015,17780,2,0.008264
2015,17820,2,-0.011092
2015,17900,2,-0.008963
2015,18020,2,-0.006165
2015,18700,2,-0.0245
2015,19140,2,0.016434
2015,19340,2,-0.014966
2015,19460,2,5.9e-05
2015,19500,2,-0.024572
2015,19740,2,0.00869
2015,20020,2,0.002649
2015,20100,2,-0.001699
2015,20220,2,-0.011218
2015,20740,2,-0.011742
2015,20940,2,0.002017
2015,21140,2,0.009865
2015,21300,2,-0.01923
2015,21500,2,-0.019562
2015,21660,2,-0.002068
2015,21820,2,-0.068842
2015,22020,2,0.002623
2015,22140,2,-0.052889
2015,22380,2,0.014834
2015,22420,2,0.015751
2015,22500,2,-0.021462
2015,22520,2,0.000756
2015,22540,2,-0.01415
2015,22660,2,0.004532
2015,23420,2,0.00679
2015,23460,2,-0.016251
2015,23580,2,0.046563
2015,24020,2,-0.008587
2015,24140,2,-0.042181
2015,24220,2,-0.012272
2015,24300,2,-0.002874
2015,24500,2,-0.030806
2015,24540,2,0.02148
2015,24580,2,-0.000706
2015,24660,2,-0.013465
2015,25260,2,-0.006682
2015,25420,2,0.006829
2015,25500,2,-0.006846
2015,25540,2,-0.003622
2015,25860,2,-0.017573
2015,25980,2,0.011671
2015,26300,2,-0.007955
2015,26380,2,-0.00596
2015,26620,2,0.003917
2015,26980,2,0.000622
2015,27060,2,0.010752
2015,27100,2,0.019121
2015,27260,2,0.02164
2015,27340,2,-0.047132
2015,27500,2,0.00793
2015,27620,2,-0.007387
2015,27740,2,-0.008305
2015,27780,2,-0.009635
2015,27860,2,-0.016938
2015,27900,2,-0.000777
2015,28100,2,-0.01086
2015,28420,2,-0.033262
2015,28660,2,-0.014774
2015,28700,2,-0.03204
2015,28740,2,0.011347
2015,29100,2,-0.009607
2015,29340,2,-0.002456
2015,29420,2,0.000927
2015,29460,2,0.042845
2015,29540,2,0.01438
2015,29700,2,0.009525
2015,29740,2,-0.024128
2015,29820,2,0.045957
2015,29940,2,0.008101
2015,30140,2,0.009998
2015,30300,2,-0.00602
2015,30340,2,-0.000984
2015,30460,2,0.004659
2015,30620,2,-0.007631
2015,30700,2,0.008346
2015,30780,2,-0.0112
2015,30860,2,-0.014926
2015,31020,2,0.008812
2015,31420,2,-0.015323
2015,31700,2,0.01335
2015,31900,2,0.009944
2015,32580,2,0.013201
2015,32780,2,0.014692
2015,32900,2,0.009756
2015,33140,2,0.004672
2015,33340,2,0.003971
2015,33540,2,-0.018221
2015,33700,2,0.025754
2015,33780,2,0.011714
2015,33860,2,-0.0007
2015,34060,2,-0.019529
2015,34580,2,0.011794
2015,34620,2,-0.013536
2015,34740,2,0.014832
2015,34900,2,0.005028
2015,34940,2,0.018273
2015,35300,2,-0.005758
2015,35660,2,0.008631
2015,35980,2,0.00215
2015,36100,2,0.027907
2015,36220,2,0.006034
2015,36420,2,-0.002895
2015,36500,2,0.006835
2015,36540,2,0.005624
2015,36740,2,0.031405
2015,36780,2,-0.008303
2015,36980,2,-0.017248
2015,37100,2,-0.008674
2015,37340,2,0.013928
2015,37860,2,0.000419
2015,38060,2,0.009156
2015,38300,2,-0.005073
2015,38340,2,-0.012179
2015,38860,2,0.003193
2015,38900,2,0.005126
2015,38940,2,0.018555
2015,39300,2,0.010553
2015,39340,2,0.001308
2015,39380,2,-0.003918
2015,39460,2,0.012461
2015,39540,2,0.012988
2015,39580,2,0.001069
2015,39740,2,0.012183
2015,39820,2,0.001403
2015,39900,2,0.044426
2015,40140,2,0.005062
2015,40220,2,-0.012826
2015,40420,2,0.001651
2015,40580,2,-0.024166
2015,40660,2,-0.00404
2015,40900,2,0.005702
2015,40980,2,-0.010048
2015,41060,2,0.014006
2015,41100,2,0.008715
2015,41140,2,-0.008218
2015,41420,2,0.020682
2015,41500,2,0.012123
2015,41700,2,0.020027
2015,41740,2,-0.012578
2015,41940,2,-0.018921
2015,42020,2,0.000866
2015,42100,2,0.000139
2015,42140,2,-0.003934
2015,42220,2,0.006911
2015,42340,2,0.017389
2015,42540,2,-0.002171
2015,42680,2,0.038559
2015,43100,2,0.003828
2015,43300,2,0.013438
2015,43620,2,0.00496
2015,43780,2,0.002297
2015,44100,2,-0.018202
2015,44180,2,0.006157
2015,44220,2,0.000591
2015,44300,2,-0.008396
2015,44700,2,0.01109
2015,45060,2,-0.001911
2015,45220,2,-0.003271
2015,45820,2,-0.00222
2015,45940,2,0.003804
2015,46060,2,0.007834
2015,46140,2,-0.005113
2015,46340,2,0.008734
2015,46540,2,-0.007667
2015,46660,2,-0.021786
2015,46700,2,0.029005
2015,47220,2,0.007278
2015,47300,2,0.010615
2015,47940,2,-0.008125
2015,48300,2,-0.000863
2015,48540,2,-0.019516
2015,48660,2,-0.010556
2015,48700,2,-0.012535
2015,49020,2,-0.005884
2015,49420,2,-0.023425
2015,49620,2,0.01817
2015,49660,2,-0.003261
2015,49700,2,0.02449
2015,49740,2,0.002402
2015,10180,3,0.002256
2015,10420,3,0.007761
2015,10580,3,-0.00428
2015,10740,3,-0.017868
2015,10780,3,-0.015727
2015,10900,3,0.017263
2015,11020,3,-0.010361
2015,11260,3,-0.033379
2015,11460,3,0.015414
2015,11500,3,-0.006225
2015,11540,3,-0.000347
2015,11700,3,-6e-06
2015,12020,3,0.002726
2015,12100,3,-0.004559
2015,12220,3,0.023756
2015,12420,3,0.028778
2015,12540,3,-0.000143
2015,12580,3,-0.018954
2015,12620,3,0.002008
2015,12700,3,-0.002111
2015,12980,3,0.004694
2015,13020,3,-0.005533
2015,13380,3,-0.01424
2015,13460,3,0.032491
2015,13780,3,-0.002329
2015,14260,3,0.02547
2015,14500,3,-0.004609
2015,14740,3,-0.008022
2015,14860,3,0.003782
2015,15180,3,-0.013045
2015,15260,3,0.013989
2015,15380,3,0.002148
2015,15500,3,-0.016474
2015,15540,3,-0.00723
2015,15940,3,0.008199
2015,15980,3,0.013125
2015,16180,3,0.052737
2015,16220,3,-0.038729
2015,16300,3,-0.000692
2015,16700,3,0.013515
2015,16860,3,-0.019688
2015,16940,3,-0.036134
2015,17020,3,-0.002198
2015,17420,3,0.008591
2015,17660,3,0.017968
2015,17780,3,0.009825
2015,17820,3,-0.009778
2015,17900,3,-0.008796
2015,18020,3,-0.004206
2015,18700,3,-0.020882
2015,19140,3,0.012713
2015,19340,3,-0.015253
2015,19460,3,-0.001176
2015,19500,3,-0.026722
2015,19740,3,0.011023
2015,20020,3,0.002701
2015,20100,3,-0.002377
2015,20220,3,-0.012189
2015,20740,3,-0.011277
2015,20940,3,0.004614
2015,21140,3,0.009854
2015,21300,3,-0.01541
2015,21500,3,-0.015674
2015,21660,3,-0.002557
2015,21820,3,-0.070368
2015,22020,3,0.006557
2015,22140,3,-0.056379
2015,22380,3,0.011516
2015,22420,3,0.018295
2015,22500,3,-0.020962
2015,22520,3,0.00119
2015,22540,3,-0.013852
2015,22660,3,0.007813
2015,23420,3,0.006188
2015,23460,3,-0.016525
2015,23580,3,0.044995
2015,24020,3,-0.009546
2015,24140,3,-0.039833
2015,24220,3,-0.00821
2015,24300,3,-0.004629
2015,24500,3,-0.033414
2015,24540,3,0.024025
2015,24580,3,0.000541
2015,24660,3,-0.012827
2015,25260,3,-0.008748
2015,25420,3,0.00739
2015,25500,3,-0.009001
2015,25540,3,-0.00361
2015,25860,3,-0.018771
2015,25980,3,0.011688
2015,26300,3,-0.009961
2015,26380,3,-0.007627
2015,26620,3,0.004427
2015,26980,3,0.001457
2015,27060,3,0.008859
2015,27100,3,0.018945
2015,27260,3,0.021349
2015,27340,3,-0.043441
2015,27500,3,0.006793
2015,27620,3,-0.008681
2015,27740,3,-0.007637
2015,27780,3,-0.008545
2015,27860,3,-0.015169
2015,27900,3,-0.000405
2015,28100,3,-0.012934
2015,28420,3,-0.029585
2015,28660,3,-0.015003
2015,28700,3,-0.03226
2015,28740,3,0.006533
2015,29100,3,-0.009286
2015,29340,3,-0.001781
2015,29420,3,-2.9e-05
2015,29460,3,0.04107
2015,29540,3,0.013513
2015,29700,3,0.009563
2015,29740,3,-0.026586
2015,29820,3,0.047988
2015,29940,3,0.008163
2015,30140,3,0.009798
2015,30300,3,-0.0103
2015,30340,3,-0.001236
2015,30460,3,0.004381
2015,30620,3,-0.00819
2015,30700,3,0.009352
2015,30780,3,-0.011619
2015,30860,3,-0.014416
2015,31020,3,0.00602
2015,31420,3,-0.015308
2015,31700,3,0.013452
2015,31900,3,0.008685
2015,32580,3,0.011954
2015,32780,3,0.014263
2015,32900,3,0.012363
2015,33140,3,0.003471
2015,33340,3,0.001905
2015,33540,3,-0.018631
2015,33700,3,0.026013
2015,33780,3,0.013741
2015,33860,3,-0.000475
2015,34060,3,-0.021792
2015,34580,3,0.009226
2015,34620,3,-0.009471
2015,34740,3,0.014972
2015,34900,3,0.005504
2015,34940,3,0.022115
2015,35300,3,-0.006112
2015,35660,3,0.00693
2015,35980,3,0.000762
2015,36100,3,0.024445
2015,36220,3,0.008807
2015,36420,3,-0.00201
2015,36500,3,0.003238
2015,36540,3,0.00545
2015,36740,3,0.033244
2015,36780,3,-0.009115
2015,36980,3,-0.013797
2015,37100,3,-0.009838
2015,37340,3,0.013094
2015,37860,3,-0.000148
2015,38060,3,0.013727
2015,38300,3,-0.003065
2015,38340,3,-0.014733
2015,38860,3,0.004766
2015,38900,3,0.006756
2015,38940,3,0.018783
2015,39300,3,0.009475
2015,39340,3,0.004348
2015,39380,3,-0.007384
2015,39460,3,0.013661
2015,39540,3,0.009763
2015,39580,3,0.004943
2015,39740,3,0.010166
2015,39820,3,-0.00106
2015,39900,3,0.044693
2015,40140,3,0.005429
2015,40220,3,-0.014812
2015,40420,3,-0.002121
2015,40580,3,-0.024154
2015,40660,3,-0.005607
2015,40900,3,0.007069
2015,40980,3,-0.007897
2015,41060,3,0.011444
2015,41100,3,0.016112
2015,41140,3,-0.010087
2015,41420,3,0.018532
2015,41500,3,0.010067
2015,41700,3,0.017959
2015,41740,3,-0.011503
2015,41940,3,-0.014376
2015,42020,3,-0.000748
2015,42100,3,6.8e-05
2015,42140,3,-0.007687
2015,42220,3,0.008103
2015,42340,3,0.016058
2015,42540,3,-0.002959
2015,42680,3,0.036621
2015,43100,3,0.001697
2015,43300,3,0.01193
2015,43620,3,0.006868
2015,43780,3,0.002473
2015,44100,3,-0.017935
2015,44180,3,0.004974
2015,44220,3,0.001018
2015,44300,3,-0.005024
2015,44700,3,0.015736
2015,45060,3,-0.001741
2015,45220,3,-0.004258
2015,45820,3,-0.005402
2015,45940,3,0.003425
2015,46060,3,0.00635
2015,46140,3,-0.004623
2015,46340,3,0.006737
2015,46540,3,-0.007923
2015,46660,3,-0.021468
2015,46700,3,0.030292
2015,47220,3,0.005677
2015,47300,3,0.008884
2015,47940,3,-0.009197
2015,48300,3,-0.003465
2015,48540,3,-0.019291
2015,48660,3,-0.012559
2015,48700,3,-0.011619
2015,49020,3,-0.006277
2015,49420,3,-0.024993
2015,49620,3,0.01662
2015,49660,3,-0.003309
2015,49700,3,0.022756
2015,49740,3,0.000898
2015,10180,4,0.002347
2015,10420,4,0.004134
2015,10580,4,0.00034
2015,10740,4,-0.012403
2015,10780,4,-0.00933
2015,10900,4,0.016978
2015,11020,4,-0.011122
2015,11260,4,-0.030921
2015,11460,4,0.008683
2015,11500,4,-0.003026
2015,11540,4,-0.000135
2015,11700,4,-0.000744
2015,12020,4,0.003835
2015,12100,4,0.007521
2015,12220,4,0.019198
2015,12420,4,0.019158
2015,12540,4,0.002846
2015,12580,4,-0.00629
2015,12620,4,-0.000475
2015,12700,4,0.001582
2015,12980,4,0.001943
2015,13020,4,-0.005137
2015,13380,4,-0.009519
2015,13460,4,0.025365
2015,13780,4,-0.004504
2015,14260,4,0.019161
2015,14500,4,-0.009363
2015,14740,4,-0.001914
2015,14860,4,0.004485
2015,15180,4,-0.010605
2015,15260,4,0.018312
2015,15380,4,-0.003408
2015,15500,4,-0.023142
2015,15540,4,-0.00729
2015,15940,4,0.005455
2015,15980,4,0.010524
2015,16180,4,0.053299
2015,16220,4,-0.028501
2015,16300,4,-0.003206
2015,16700,4,0.011043
2015,16860,4,-0.019514
2015,16940,4,-0.030025
2015,17020,4,0.00064
2015,17420,4,0.004974
2015,17660,4,0.017574
2015,17780,4,0.005685
2015,17820,4,-0.013259
2015,17900,4,-0.011147
2015,18020,4,-0.007185
2015,18700,4,-0.013732
2015,19140,4,0.005233
2015,19340,4,-0.012443
2015,19460,4,-0.001589
2015,19500,4,-0.022955
2015,19740,4,-0.001637
2015,20020,4,0.005339
2015,20100,4,0.000316
2015,20220,4,-0.011368
2015,20740,4,-0.006347
2015,20940,4,0.005685
2015,21140,4,0.004152
2015,21300,4,-0.01162
2015,21500,4,-0.018455
2015,21660,4,-0.002054
2015,21820,4,-0.057582
2015,22020,4,0.006006
2015,22140,4,-0.036613
2015,22380,4,0.017766
2015,22420,4,0.014755
2015,22500,4,-0.021626
2015,22520,4,0.00048
2015,22540,4,-0.010699
2015,22660,4,-0.004927
2015,23420,4,0.009977
2015,23460,4,-0.012372
2015,23580,4,0.034444
2015,24020,4,-0.000375
2015,24140,4,-0.036547
2015,24220,4,-0.00157
2015,24300,4,0.000847
2015,24500,4,-0.031983
2015,24540,4,0.005144
2015,24580,4,0.000569
2015,24660,4,-0.018526
2015,25260,4,0.002393
2015,25420,4,0.003296
2015,25500,4,-0.006911
2015,25540,4,-0.003787
2015,25860,4,-0.020112
2015,25980,4,0.00454
2015,26300,4,-0.00403
2015,26380,4,-0.003477
2015,26620,4,0.002319
2015,26980,4,-0.001558
2015,27060,4,0.006852
2015,27100,4,0.014905
2015,27260,4,0.022691
2015,27340,4,-0.031763
2015,27500,4,0.00491
2015,27620,4,-0.007032
2015,27740,4,-0.003644
2015,27780,4,-0.008106
2015,27860,4,-0.015708
2015,27900,4,0.000273
2015,28100,4,-0.005766
2015,28420,4,-0.031803
2015,28660,4,-0.010526
2015,28700,4,-0.028796
2015,28740,4,0.011701
2015,29100,4,-0.006391
2015,29340,4,0.00113
2015,29420,4,0.00836
2015,29460,4,0.037273
2015,29540,4,0.008614
2015,29700,4,0.011333
2015,29740,4,-0.018475
2015,29820,4,0.040509
2015,29940,4,0.005305
2015,30140,4,0.005008
2015,30300,4,-0.005861
2015,30340,4,-0.002714
2015,30460,4,0.000243
2015,30620,4,-0.007795
2015,30700,4,0.003879
2015,30780,4,-0.009487
2015,30860,4,-0.017013
2015,31020,4,0.002734
2015,31420,4,-0.012318
2015,31700,4,0.009837
2015,31900,4,0.006639
2015,32580,4,0.007769
2015,32780,4,0.014999
2015,32900,4,0.008331
2015,33140,4,0.002704
2015,33340,4,0.006496
2015,33540,4,-0.012537
2015,33700,4,0.019412
2015,33780,4,0.011728
2015,33860,4,0.002797
2015,34060,4,-0.02191
2015,34580,4,0.006123
2015,34620,4,-0.005326
2015,34740,4,0.011935
2015,34900,4,0.006305
2015,34940,4,0.024073
2015,35300,4,-0.003342
2015,35660,4,0.009538
2015,35980,4,0.002872
2015,36100,4,0.027504
2015,36220,4,0.0067
2015,36420,4,-0.000815
2015,36500,4,0.002918
2015,36540,4,0.002017
2015,36740,4,0.032905
2015,36780,4,-0.007617
2015,36980,4,-0.014014
2015,37100,4,-0.005042
2015,37340,4,0.016958
2015,37860,4,0.001667
2015,38060,4,0.01058
2015,38300,4,-0.007455
2015,38340,4,-0.014263
2015,38860,4,0.003177
2015,38900,4,0.00368
2015,38940,4,0.020835
2015,39300,4,0.010624
2015,39340,4,-0.001274
2015,39380,4,-0.014375
2015,39460,4,0.010851
2015,39540,4,0.01246
2015,39580,4,-0.003864
2015,39740,4,0.008475
2015,39820,4,0.002209
2015,39900,4,0.039602
2015,40140,4,0.007658
2015,40220,4,-0.011052
2015,40420,4,0.002631
2015,40580,4,-0.024341
2015,40660,4,-0.008158
2015,40900,4,0.00347
2015,40980,4,-0.005164
2015,41060,4,0.014784
2015,41100,4,0.012716
2015,41140,4,-0.005744
2015,41420,4,0.0108
2015,41500,4,0.00968
2015,41700,4,0.012064
2015,41740,4,-0.00894
2015,41940,4,-0.015972
2015,42020,4,-0.000401
2015,42100,4,-0.001841
2015,42140,4,-0.003652
2015,42220,4,0.004433
2015,42340,4,0.012539
2015,42540,4,-0.004333
2015,42680,4,0.03386
2015,43100,4,-0.000513
2015,43300,4,0.006233
2015,43620,4,0.002071
2015,43780,4,0.002048
2015,44100,4,-0.018822
2015,44180,4,0.004327
2015,44220,4,0.002295
2015,44300,4,-0.006243
2015,44700,4,0.00917
2015,45060,4,-0.003393
2015,45220,4,0.002729
2015,45820,4,-0.004014
2015,45940,4,0.009698
2015,46060,4,0.011021
2015,46140,4,-0.004282
2015,46340,4,0.005724
2015,46540,4,-0.006018
2015,46660,4,-0.019399
2015,46700,4,0.024365
2015,47220,4,0.01053
2015,47300,4,0.009288
2015,47940,4,-0.005984
2015,48300,4,-0.003921
2015,48540,4,-0.017231
2015,48660,4,-0.008709
2015,48700,4,-0.016708
2015,49020,4,-3.7e-05
2015,49420,4,-0.02808
2015,49620,4,0.014193
2015,49660,4,-0.003632
2015,49700,4,0.02147
2015,49740,4,0.007019
2015,10180,5,0.002013
2015,10420,5,0.005762
2015,10580,5,-0.001908
2015,10740,5,-0.015091
2015,10780,5,-0.012465
2015,10900,5,0.017949
2015,11020,5,-0.011923
2015,11260,5,-0.032737
2015,11460,5,0.010845
2015,11500,5,-0.003383
2015,11540,5,-0.000828
2015,11700,5,0.000158
2015,12020,5,0.002137
2015,12100,5,0.00368
2015,12220,5,0.022636
2015,12420,5,0.023232
2015,12540,5,0.00236
2015,12580,5,-0.011728
2015,12620,5,0.000732
2015,12700,5,-0.000563
2015,12980,5,0.003528
2015,13020,5,-0.004871
2015,13380,5,-0.011919
2015,13460,5,0.028711
2015,13780,5,-0.002493
2015,14260,5,0.022354
2015,14500,5,-0.008665
2015,14740,5,-0.004563
2015,14860,5,0.003843
2015,15180,5,-0.011726
2015,15260,5,0.01665
2015,15380,5,-0.002007
2015,15500,5,-0.020797
2015,15540,5,-0.008005
2015,15940,5,0.006094
2015,15980,5,0.011963
2015,16180,5,0.053568
2015,16220,5,-0.032553
2015,16300,5,-0.001964
2015,16700,5,0.012301
2015,16860,5,-0.020497
2015,16940,5,-0.03388
2015,17020,5,0.000205
2015,17420,5,0.006718
2015,17660,5,0.018219
2015,17780,5,0.007333
2015,17820,5,-0.012844
2015,17900,5,-0.010629
2015,18020,5,-0.006435
2015,18700,5,-0.020184
2015,19140,5,0.009662
2015,19340,5,-0.014055
2015,19460,5,-0.001517
2015,19500,5,-0.023189
2015,19740,5,0.00252
2015,20020,5,0.003794
2015,20100,5,-0.000506
2015,20220,5,-0.011613
2015,20740,5,-0.008909
2015,20940,5,0.004931
2015,21140,5,0.007096
2015,21300,5,-0.015509
2015,21500,5,-0.018174
2015,21660,5,-0.00282
2015,21820,5,-0.064088
2015,22020,5,0.005967
2015,22140,5,-0.045438
2015,22380,5,0.015753
2015,22420,5,0.016001
2015,22500,5,-0.022306
2015,22520,5,0.000111
2015,22540,5,-0.011876
2015,22660,5,-0.000745
2015,23420,5,0.009
2015,23460,5,-0.014058
2015,23580,5,0.039168
2015,24020,5,-0.00408
2015,24140,5,-0.038843
2015,24220,5,-0.005808
2015,24300,5,-0.000733
2015,24500,5,-0.032587
2015,24540,5,0.012439
2015,24580,5,0.000219
2015,24660,5,-0.016676
2015,25260,5,-0.002517
2015,25420,5,0.004892
2015,25500,5,-0.007358
2015,25540,5,-0.004003
2015,25860,5,-0.019913
2015,25980,5,0.007639
2015,26300,5,-0.006148
2015,26380,5,-0.005057
2015,26620,5,0.003593
2015,26980,5,-0.000113
2015,27060,5,0.007898
2015,27100,5,0.017124
2015,27260,5,0.022608
2015,27340,5,-0.036555
2015,27500,5,0.006461
2015,27620,5,-0.007928
2015,27740,5,-0.005475
2015,27780,5,-0.008691
2015,27860,5,-0.015884
2015,27900,5,-0.000632
2015,28100,5,-0.00817
2015,28420,5,-0.033039
2015,28660,5,-0.01249
2015,28700,5,-0.031218
2015,28740,5,0.011253
2015,29100,5,-0.007922
2015,29340,5,-0.000621
2015,29420,5,0.005496
2015,29460,5,0.040379
2015,29540,5,0.011079
2015,29700,5,0.010381
2015,29740,5,-0.021835
2015,29820,5,0.04562
2015,29940,5,0.006905
2015,30140,5,0.007394
2015,30300,5,-0.008094
2015,30340,5,-0.001645
2015,30460,5,0.002257
2015,30620,5,-0.007653
2015,30700,5,0.005837
2015,30780,5,-0.010267
2015,30860,5,-0.016683
2015,31020,5,0.004407
2015,31420,5,-0.014795
2015,31700,5,0.011313
2015,31900,5,0.007809
2015,32580,5,0.010093
2015,32780,5,0.014826
2015,32900,5,0.010635
2015,33140,5,0.003364
2015,33340,5,0.004973
2015,33540,5,-0.015826
2015,33700,5,0.023405
2015,33780,5,0.011655
2015,33860,5,0.000725
2015,34060,5,-0.022311
2015,34580,5,0.007942
2015,34620,5,-0.009475
2015,34740,5,0.013121
2015,34900,5,0.006013
2015,34940,5,0.023489
2015,35300,5,-0.004455
2015,35660,5,0.008465
2015,35980,5,0.002451
2015,36100,5,0.027743
2015,36220,5,0.008064
2015,36420,5,-0.001671
2015,36500,5,0.003824
2015,36540,5,0.003677
2015,36740,5,0.033814
2015,36780,5,-0.007927
2015,36980,5,-0.015212
2015,37100,5,-0.007207
2015,37340,5,0.016109
2015,37860,5,0.000879
2015,38060,5,0.013041
2015,38300,5,-0.006541
2015,38340,5,-0.01333
2015,38860,5,0.003422
2015,38900,5,0.00444
2015,38940,5,0.020841
2015,39300,5,0.01043
2015,39340,5,0.000893
2015,39380,5,-0.011128
2015,39460,5,0.0129
2015,39540,5,0.012494
2015,39580,5,-0.000984
2015,39740,5,0.010001
2015,39820,5,0.002091
2015,39900,5,0.043194
2015,40140,5,0.007443
2015,40220,5,-0.013047
2015,40420,5,0.001968
2015,40580,5,-0.025037
2015,40660,5,-0.007252
2015,40900,5,0.005466
2015,40980,5,-0.007322
2015,41060,5,0.01393
2015,41100,5,0.014085
2015,41140,5,-0.007211
2015,41420,5,0.014487
2015,41500,5,0.010819
2015,41700,5,0.015413
2015,41740,5,-0.010606
2015,41940,5,-0.016487
2015,42020,5,8.9e-05
2015,42100,5,-0.001362
2015,42140,5,-0.005311
2015,42220,5,0.005629
2015,42340,5,0.014668
2015,42540,5,-0.003531
2015,42680,5,0.035986
2015,43100,5,0.001742
2015,43300,5,0.008964
2015,43620,5,0.004469
2015,43780,5,0.001905
2015,44100,5,-0.018442
2015,44180,5,0.005175
2015,44220,5,0.000774
2015,44300,5,-0.006824
2015,44700,5,0.011878
2015,45060,5,-0.003075
2015,45220,5,-0.000242
2015,45820,5,-0.003971
2015,45940,5,0.007331
2015,46060,5,0.009561
2015,46140,5,-0.004578
2015,46340,5,0.0062
2015,46540,5,-0.00733
2015,46660,5,-0.020274
2015,46700,5,0.027571
2015,47220,5,0.009557
2015,47300,5,0.010165
2015,47940,5,-0.007725
2015,48300,5,-0.00354
2015,48540,5,-0.020335
2015,48660,5,-0.010468
2015,48700,5,-0.014658
2015,49020,5,-0.002347
2015,49420,5,-0.027329
2015,49620,5,0.01611
2015,49660,5,-0.00377
2015,49700,5,0.022667
2015,49740,5,0.00513
2015,10180,6,0.005271
2015,10420,6,0.004305
2015,10580,6,-0.000712
2015,10740,6,-0.015872
2015,10780,6,-0.009599
2015,10900,6,0.019087
2015,11020,6,-0.013003
2015,11260,6,-0.03819
2015,11460,6,0.012126
2015,11500,6,-0.000756
2015,11540,6,-0.003036
2015,11700,6,0.001015
2015,12020,6,0.001367
2015,12100,6,0.009851
2015,12220,6,0.02095
2015,12420,6,0.021689
2015,12540,6,0.007629
2015,12580,6,-0.004698
2015,12620,6,0.000148
2015,12700,6,0.002535
2015,12980,6,0.002474
2015,13020,6,-0.004036
2015,13380,6,-0.016512
2015,13460,6,0.026281
2015,13780,6,-0.002404
2015,14260,6,0.020734
2015,14500,6,-0.010262
2015,14740,6,-0.006889
2015,14860,6,0.002929
2015,15180,6,-0.014029
2015,15260,6,0.018196
2015,15380,6,-0.003865
2015,15500,6,-0.030139
2015,15540,6,-0.008474
2015,15940,6,0.005127
2015,15980,6,0.01736
2015,16180,6,0.063456
2015,16220,6,-0.028883
2015,16300,6,-0.003594
2015,16700,6,0.011254
2015,16860,6,-0.022404
2015,16940,6,-0.034994
2015,17020,6,-0.000532
2015,17420,6,0.005613
2015,17660,6,0.01687
2015,17780,6,0.005558
2015,17820,6,-0.01917
2015,17900,6,-0.016439
2015,18020,6,-0.00978
2015,18700,6,-0.026249
2015,19140,6,0.008551
2015,19340,6,-0.013262
2015,19460,6,-0.00065
2015,19500,6,-0.021605
2015,19740,6,-0.002705
2015,20020,6,0.0042
2015,20100,6,-0.002299
2015,20220,6,-0.011154
2015,20740,6,-0.007072
2015,20940,6,0.009596
2015,21140,6,0.004459
2015,21300,6,-0.014595
2015,21500,6,-0.022524
2015,21660,6,-0.008255
2015,21820,6,-0.068084
2015,22020,6,0.006448
2015,22140,6,-0.038846
2015,22380,6,0.022103
2015,22420,6,0.019752
2015,22500,6,-0.026208
2015,22520,6,0.001252
2015,22540,6,-0.013415
2015,22660,6,-0.009124
2015,23420,6,0.013285
2015,23460,6,-0.012232
2015,23580,6,0.038376
2015,24020,6,0.000598
2015,24140,6,-0.043678
2015,24220,6,0.000234
2015,24300,6,-0.001263
2015,24500,6,-0.033669
2015,24540,6,0.00392
2015,24580,6,-0.002227
2015,24660,6,-0.023846
2015,25260,6,0.003138
2015,25420,6,0.000813
2015,25500,6,-0.007827
2015,25540,6,-0.005391
2015,25860,6,-0.023347
2015,25980,6,0.000534
2015,26300,6,-0.004427
2015,26380,6,-0.002252
2015,26620,6,0.000885
2015,26980,6,-0.003522
2015,27060,6,0.011817
2015,27100,6,0.018753
2015,27260,6,0.025491
2015,27340,6,-0.042761
2015,27500,6,0.006143
2015,27620,6,-0.007187
2015,27740,6,-0.002926
2015,27780,6,-0.008608
2015,27860,6,-0.019981
2015,27900,6,-0.000166
2015,28100,6,-0.006303
2015,28420,6,-0.04686
2015,28660,6,-0.013039
2015,28700,6,-0.032607
2015,28740,6,0.016424
2015,29100,6,-0.006795
2015,29340,6,0.001924
2015,29420,6,0.014522
2015,29460,6,0.04445
2015,29540,6,0.008857
2015,29700,6,0.012096
2015,29740,6,-0.0247
2015,29820,6,0.054749
2015,29940,6,0.003717
2015,30140,6,0.004484
2015,30300,6,-0.005026
2015,30340,6,-0.002497
2015,30460,6,0.00027
2015,30620,6,-0.008128
2015,30700,6,0.002681
2015,30780,6,-0.011908
2015,30860,6,-0.023473
2015,31020,6,-0.000807
2015,31420,6,-0.017157
2015,31700,6,0.011269
2015,31900,6,0.007279
2015,32580,6,0.008025
2015,32780,6,0.013931
2015,32900,6,0.021044
2015,33140,6,0.003775
2015,33340,6,0.008253
2015,33540,6,-0.015954
2015,33700,6,0.032403
2015,33780,6,0.013579
2015,33860,6,0.001637
2015,34060,6,-0.022182
2015,34580,6,0.000186
2015,34620,6,-0.011164
2015,34740,6,0.013725
2015,34900,6,0.01164
2015,34940,6,0.032568
2015,35300,6,-0.004277
2015,35660,6,0.011772
2015,35980,6,0.002312
2015,36100,6,0.033728
2015,36220,6,0.008474
2015,36420,6,-0.002178
2015,36500,6,-0.003019
2015,36540,6,0.001645
2015,36740,6,0.038671
2015,36780,6,-0.008521
2015,36980,6,-0.016644
2015,37100,6,-0.002206
2015,37340,6,0.024395
2015,37860,6,0.001167
2015,38060,6,0.017071
2015,38300,6,-0.008091
2015,38340,6,-0.012858
2015,38860,6,0.002399
2015,38900,6,-0.000162
2015,38940,6,0.032023
2015,39300,6,0.013505
2015,39340,6,-0.003023
2015,39380,6,-0.01624
2015,39460,6,0.015557
2015,39540,6,0.014795
2015,39580,6,-0.010011
2015,39740,6,0.010018
2015,39820,6,0.004211
2015,39900,6,0.051663
2015,40140,6,0.016864
2015,40220,6,-0.013297
2015,40420,6,0.002861
2015,40580,6,-0.028977
2015,40660,6,-0.009111
2015,40900,6,0.0066
2015,40980,6,-0.007435
2015,41060,6,0.017668
2015,41100,6,0.008948
2015,41140,6,-0.005189
2015,41420,6,0.006813
2015,41500,6,0.018023
2015,41700,6,0.015186
2015,41740,6,-0.009101
2015,41940,6,-0.016944
2015,42020,6,0.001561
2015,42100,6,-0.001478
2015,42140,6,-0.006465
2015,42220,6,0.007978
2015,42340,6,0.012759
2015,42540,6,-0.00527
2015,42680,6,0.041939
2015,43100,6,0.000212
2015,43300,6,0.009494
2015,43620,6,0.000311
2015,43780,6,0.001356
2015,44100,6,-0.019508
2015,44180,6,0.004396
2015,44220,6,0.000153
2015,44300,6,-0.010045
2015,44700,6,0.01677
2015,45060,6,-0.004237
2015,45220,6,0.001502
2015,45820,6,-0.002185
2015,45940,6,0.010082
2015,46060,6,0.012571
2015,46140,6,-0.006196
2015,46340,6,0.007081
2015,46540,6,-0.006423
2015,46660,6,-0.024785
2015,46700,6,0.035737
2015,47220,6,0.010608
2015,47300,6,0.013537
2015,47940,6,-0.005409
2015,48300,6,-0.009163
2015,48540,6,-0.016953
2015,48660,6,-0.008525
2015,48700,6,-0.015002
2015,49020,6,0.003788
2015,49420,6,-0.038142
2015,49620,6,0.015473
2015,49660,6,-0.003949
2015,49700,6,0.030428
2015,49740,6,0.006924
2015,10180,7,0.002256
2015,10420,7,0.007761
2015,10580,7,-0.00428
2015,10740,7,-0.017868
2015,10780,7,-0.015727
2015,10900,7,0.017263
2015,11020,7,-0.010361
2015,11260,7,-0.033379
2015,11460,7,0.015414
2015,11500,7,-0.006225
2015,11540,7,-0.000347
2015,11700,7,-6e-06
2015,12020,7,0.002726
2015,12100,7,-0.004559
2015,12220,7,0.023756
2015,12420,7,0.028778
2015,12540,7,-0.000143
2015,12580,7,-0.018954
2015,12620,7,0.002008
2015,12700,7,-0.002111
2015,12980,7,0.004694
2015,13020,7,-0.005533
2015,13380,7,-0.01424
2015,13460,7,0.032491
2015,13780,7,-0.002329
2015,14260,7,0.02547
2015,14500,7,-0.004609
2015,14740,7,-0.008022
2015,14860,7,0.003782
2015,15180,7,-0.013045
2015,15260,7,0.013989
2015,15380,7,0.002148
2015,15500,7,-0.016474
2015,15540,7,-0.00723
2015,15940,7,0.008199
2015,15980,7,0.013125
2015,16180,7,0.052737
2015,16220,7,-0.038729
2015,16300,7,-0.000692
2015,16700,7,0.013515
2015,16860,7,-0.019688
2015,16940,7,-0.036134
2015,17020,7,-0.002198
2015,17420,7,0.008591
2015,17660,7,0.017968
2015,17780,7,0.009825
2015,17820,7,-0.009778
2015,17900,7,-0.008796
2015,18020,7,-0.004206
2015,18700,7,-0.020882
2015,19140,7,0.012713
2015,19340,7,-0.015253
2015,19460,7,-0.001176
2015,19500,7,-0.026722
2015,19740,7,0.011023
2015,20020,7,0.002701
2015,20100,7,-0.002377
2015,20220,7,-0.012189
2015,20740,7,-0.011277
2015,20940,7,0.004614
2015,21140,7,0.009854
2015,21300,7,-0.01541
2015,21500,7,-0.015674
2015,21660,7,-0.002557
2015,21820,7,-0.070368
2015,22020,7,0.006557
2015,22140,7,-0.056379
2015,22380,7,0.011516
2015,22420,7,0.018295
2015,22500,7,-0.020962
2015,22520,7,0.00119
2015,22540,7,-0.013852
2015,22660,7,0.007813
2015,23420,7,0.006188
2015,23460,7,-0.016525
2015,23580,7,0.044995
2015,24020,7,-0.009546
2015,24140,7,-0.039833
2015,24220,7,-0.00821
2015,24300,7,-0.004629
2015,24500,7,-0.033414
2015,24540,7,0.024025
2015,24580,7,0.000541
2015,24660,7,-0.012827
2015,25260,7,-0.008748
2015,25420,7,0.00739
2015,25500,7,-0.009001
2015,25540,7,-0.00361
2015,25860,7,-0.018771
2015,25980,7,0.011688
2015,26300,7,-0.009961
2015,26380,7,-0.007627
2015,26620,7,0.004427
2015,26980,7,0.001457
2015,27060,7,0.008859
2015,27100,7,0.018945
2015,27260,7,0.021349
2015,27340,7,-0.043441
2015,27500,7,0.006793
2015,27620,7,-0.008681
2015,27740,7,-0.007637
2015,27780,7,-0.008545
2015,27860,7,-0.015169
2015,27900,7,-0.000405
2015,28100,7,-0.012934
2015,28420,7,-0.029585
2015,28660,7,-0.015003
2015,28700,7,-0.03226
2015,28740,7,0.006533
2015,29100,7,-0.009286
2015,29340,7,-0.001781
2015,29420,7,-2.9e-05
2015,29460,7,0.04107
2015,29540,7,0.013513
2015,29700,7,0.009563
2015,29740,7,-0.026586
2015,29820,7,0.047988
2015,29940,7,0.008163
2015,30140,7,0.009798
2015,30300,7,-0.0103
2015,30340,7,-0.001236
2015,30460,7,0.004381
2015,30620,7,-0.00819
2015,30700,7,0.009352
2015,30780,7,-0.011619
2015,30860,7,-0.014416
2015,31020,7,0.00602
2015,31420,7,-0.015308
2015,31700,7,0.013452
2015,31900,7,0.008685
2015,32580,7,0.011954
2015,32780,7,0.014263
2015,32900,7,0.012363
2015,33140,7,0.003471
2015,33340,7,0.001905
2015,33540,7,-0.018631
2015,33700,7,0.026013
2015,33780,7,0.013741
2015,33860,7,-0.000475
2015,34060,7,-0.021792
2015,34580,7,0.009226
2015,34620,7,-0.009471
2015,34740,7,0.014972
2015,34900,7,0.005504
2015,34940,7,0.022115
2015,35300,7,-0.006112
2015,35660,7,0.00693
2015,35980,7,0.000762
2015,36100,7,0.024445
2015,36220,7,0.008807
2015,36420,7,-0.00201
2015,36500,7,0.003238
2015,36540,7,0.00545
2015,36740,7,0.033244
2015,36780,7,-0.009115
2015,36980,7,-0.013797
2015,37100,7,-0.009838
2015,37340,7,0.013094
2015,37860,7,-0.000148
2015,38060,7,0.013727
2015,38300,7,-0.003065
2015,38340,7,-0.014733
2015,38860,7,0.004766
2015,38900,7,0.006756
2015,38940,7,0.018783
2015,39300,7,0.009475
2015,39340,7,0.004348
2015,39380,7,-0.007384
2015,39460,7,0.013661
2015,39540,7,0.009763
2015,39580,7,0.004943
2015,39740,7,0.010166
2015,39820,7,-0.00106
2015,39900,7,0.044693
2015,40140,7,0.005429
2015,40220,7,-0.014812
2015,40420,7,-0.002121
2015,40580,7,-0.024154
2015,40660,7,-0.005607
2015,40900,7,0.007069
2015,40980,7,-0.007897
2015,41060,7,0.011444
2015,41100,7,0.016112
2015,41140,7,-0.010087
2015,41420,7,0.018532
2015,41500,7,0.010067
2015,41700,7,0.017959
2015,41740,7,-0.011503
2015,41940,7,-0.014376
2015,42020,7,-0.000748
2015,42100,7,6.8e-05
2015,42140,7,-0.007687
2015,42220,7,0.008103
2015,42340,7,0.016058
2015,42540,7,-0.002959
2015,42680,7,0.036621
2015,43100,7,0.001697
2015,43300,7,0.01193
2015,43620,7,0.006868
2015,43780,7,0.002473
2015,44100,7,-0.017935
2015,44180,7,0.004974
2015,44220,7,0.001018
2015,44300,7,-0.005024
2015,44700,7,0.015736
2015,45060,7,-0.001741
2015,45220,7,-0.004258
2015,45820,7,-0.005402
2015,45940,7,0.003425
2015,46060,7,0.00635
2015,46140,7,-0.004623
2015,46340,7,0.006737
2015,46540,7,-0.007923
2015,46660,7,-0.021468
2015,46700,7,0.030292
2015,47220,7,0.005677
2015,47300,7,0.008884
2015,47940,7,-0.009197
2015,48300,7,-0.003465
2015,48540,7,-0.019291
2015,48660,7,-0.012559
2015,48700,7,-0.011619
2015,49020,7,-0.006277
2015,49420,7,-0.024993
2015,49620,7,0.01662
2015,49660,7,-0.003309
2015,49700,7,0.022756
2015,49740,7,0.000898
2015,10180,8,0.005843
2015,10420,8,0.005556
2015,10580,8,-0.002459
2015,10740,8,-0.018855
2015,10780,8,-0.012124
2015,10900,8,0.020236
2015,11020,8,-0.013839
2015,11260,8,-0.041321
2015,11460,8,0.014994
2015,11500,8,-0.000792
2015,11540,8,-0.004048
2015,11700,8,0.00203
2015,12020,8,-0.000529
2015,12100,8,0.007345
2015,12220,8,0.023942
2015,12420,8,0.025516
2015,12540,8,0.00846
2015,12580,8,-0.008285
2015,12620,8,0.00113
2015,12700,8,0.001288
2015,12980,8,0.003738
2015,13020,8,-0.003792
2015,13380,8,-0.020048
2015,13460,8,0.029113
2015,13780,8,-0.000684
2015,14260,8,0.023596
2015,14500,8,-0.009669
2015,14740,8,-0.010323
2015,14860,8,0.002193
2015,15180,8,-0.01581
2015,15260,8,0.016733
2015,15380,8,-0.002763
2015,15500,8,-0.030297
2015,15540,8,-0.009084
2015,15940,8,0.005617
2015,15980,8,0.02077
2015,16180,8,0.06624
2015,16220,8,-0.032057
2015,16300,8,-0.002878
2015,16700,8,0.012326
2015,16860,8,-0.023765
2015,16940,8,-0.039074
2015,17020,8,-0.001347
2015,17420,8,0.007205
2015,17660,8,0.017048
2015,17780,8,0.006829
2015,17820,8,-0.020181
2015,17900,8,-0.017445
2015,18020,8,-0.009571
2015,18700,8,-0.033739
2015,19140,8,0.012263
2015,19340,8,-0.014514
2015,19460,8,-0.000363
2015,19500,8,-0.02192
2015,19740,8,0.000531
2015,20020,8,0.002886
2015,20100,8,-0.003629
2015,20220,8,-0.011266
2015,20740,8,-0.009072
2015,20940,8,0.010218
2015,21140,8,0.006773
2015,21300,8,-0.017873
2015,21500,8,-0.02331
2015,21660,8,-0.010459
2015,21820,8,-0.075784
2015,22020,8,0.006474
2015,22140,8,-0.046494
2015,22380,8,0.021693
2015,22420,8,0.021831
2015,22500,8,-0.027852
2015,22520,8,0.001334
2015,22540,8,-0.014934
2015,22660,8,-0.006708
2015,23420,8,0.01337
2015,23460,8,-0.013504
2015,23580,8,0.042957
2015,24020,8,-0.002022
2015,24140,8,-0.047237
2015,24220,8,-0.002333
2015,24300,8,-0.003277
2015,24500,8,-0.03463
2015,24540,8,0.009358
2015,24580,8,-0.003056
2015,24660,8,-0.023849
2015,25260,8,-0.000588
2015,25420,8,0.001481
2015,25500,8,-0.008474
2015,25540,8,-0.00595
2015,25860,8,-0.024244
2015,25980,8,0.002056
2015,26300,8,-0.00618
2015,26380,8,-0.003178
2015,26620,8,0.001478
2015,26980,8,-0.002831
2015,27060,8,0.014029
2015,27100,8,0.021253
2015,27260,8,0.026143
2015,27340,8,-0.049311
2015,27500,8,0.007583
2015,27620,8,-0.007858
2015,27740,8,-0.004221
2015,27780,8,-0.009309
2015,27860,8,-0.021187
2015,27900,8,-0.000756
2015,28100,8,-0.008487
2015,28420,8,-0.051429
2015,28660,8,-0.015314
2015,28700,8,-0.035358
2015,28740,8,0.01694
2015,29100,8,-0.007891
2015,29340,8,0.000736
2015,29420,8,0.013823
2015,29460,8,0.048512
2015,29540,8,0.010834
2015,29700,8,0.011523
2015,29740,8,-0.029099
2015,29820,8,0.062162
2015,29940,8,0.004554
2015,30140,8,0.00608
2015,30300,8,-0.006368
2015,30340,8,-0.001722
2015,30460,8,0.00187
2015,30620,8,-0.008166
2015,30700,8,0.004063
2015,30780,8,-0.0132
2015,30860,8,-0.024791
2015,31020,8,-0.000795
2015,31420,8,-0.020345
2015,31700,8,0.012836
2015,31900,8,0.008146
2015,32580,8,0.00978
2015,32780,8,0.013463
2015,32900,8,0.026209
2015,33140,8,0.004552
2015,33340,8,0.007587
2015,33540,8,-0.019191
2015,33700,8,0.038674
2015,33780,8,0.01412
2015,33860,8,-0.000209
2015,34060,8,-0.022215
2015,34580,8,-0.000109
2015,34620,8,-0.015349
2015,34740,8,0.015155
2015,34900,8,0.012902
2015,34940,8,0.03463
2015,35300,8,-0.005364
2015,35660,8,0.011585
2015,35980,8,0.001706
2015,36100,8,0.035242
2015,36220,8,0.010291
2015,36420,8,-0.003104
2015,36500,8,-0.004102
2015,36540,8,0.002724
2015,36740,8,0.040931
2015,36780,8,-0.009024
2015,36980,8,-0.018108
2015,37100,8,-0.002968
2015,37340,8,0.025643
2015,37860,8,0.000476
2015,38060,8,0.020783
2015,38300,8,-0.007476
2015,38340,8,-0.012188
2015,38860,8,0.002533
2015,38900,8,-0.00052
2015,38940,8,0.035074
2015,39300,8,0.014139
2015,39340,8,-0.001688
2015,39380,8,-0.014495
2015,39460,8,0.018546
2015,39540,8,0.015221
2015,39580,8,-0.009331
2015,39740,8,0.011425
2015,39820,8,0.004301
2015,39900,8,0.057286
2015,40140,8,0.019161
2015,40220,8,-0.015393
2015,40420,8,0.001967
2015,40580,8,-0.03095
2015,40660,8,-0.008853
2015,40900,8,0.008937
2015,40980,8,-0.009603
2015,41060,8,0.017691
2015,41100,8,0.009075
2015,41140,8,-0.006269
2015,41420,8,0.008387
2015,41500,8,0.020872
2015,41700,8,0.01861
2015,41740,8,-0.010043
2015,41940,8,-0.017205
2015,42020,8,0.002395
2015,42100,8,-0.000849
2015,42140,8,-0.008366
2015,42220,8,0.009954
2015,42340,8,0.014437
2015,42540,8,-0.005023
2015,42680,8,0.045631
2015,43100,8,0.001903
2015,43300,8,0.012447
2015,43620,8,0.001625
2015,43780,8,0.001184
2015,44100,8,-0.019349
2015,44180,8,0.00496
2015,44220,8,-0.001346
2015,44300,8,-0.011159
2015,44700,8,0.021036
2015,45060,8,-0.004174
2015,45220,8,-0.001144
2015,45820,8,-0.001913
2015,45940,8,0.008415
2015,46060,8,0.011726
2015,46140,8,-0.006999
2015,46340,8,0.007915
2015,46540,8,-0.007404
2015,46660,8,-0.027016
2015,46700,8,0.041133
2015,47220,8,0.009745
2015,47300,8,0.015068
2015,47940,8,-0.006443
2015,48300,8,-0.010418
2015,48540,8,-0.018933
2015,48660,8,-0.009864
2015,48700,8,-0.012968
2015,49020,8,0.003091
2015,49420,8,-0.040292
2015,49620,8,0.017091
2015,49660,8,-0.004219
2015,49700,8,0.033495
2015,49740,8,0.00529
2015,10180,9,0.001547
2015,10420,9,0.006189
2015,10580,9,-0.002511
2015,10740,9,-0.016151
2015,10780,9,-0.013459
2015,10900,9,0.017437
2015,11020,9,-0.010982
2015,11260,9,-0.033276
2015,11460,9,0.012453
2015,11500,9,-0.004488
2015,11540,9,-0.000238
2015,11700,9,-0.000764
2015,12020,9,0.00258
2015,12100,9,0.001047
2015,12220,9,0.022438
2015,12420,9,0.025236
2015,12540,9,0.001876
2015,12580,9,-0.014261
2015,12620,9,0.00077
2015,12700,9,-0.000933
2015,12980,9,0.003741
2015,13020,9,-0.005295
2015,13380,9,-0.012483
2015,13460,9,0.031308
2015,13780,9,-0.002966
2015,14260,9,0.024518
2015,14500,9,-0.007983
2015,14740,9,-0.005781
2015,14860,9,0.004306
2015,15180,9,-0.011562
2015,15260,9,0.015544
2015,15380,9,-0.000743
2015,15500,9,-0.018858
2015,15540,9,-0.007538
2015,15940,9,0.006806
2015,15980,9,0.013155
2015,16180,9,0.052414
2015,16220,9,-0.034846
2015,16300,9,-0.001842
2015,16700,9,0.012667
2015,16860,9,-0.020454
2015,16940,9,-0.034534
2015,17020,9,-0.000643
2015,17420,9,0.007086
2015,17660,9,0.018601
2015,17780,9,0.00819
2015,17820,9,-0.011577
2015,17900,9,-0.009944
2015,18020,9,-0.00534
2015,18700,9,-0.01887
2015,19140,9,0.009366
2015,19340,9,-0.014569
2015,19460,9,-0.001822
2015,19500,9,-0.024751
2015,19740,9,0.004893
2015,20020,9,0.003709
2015,20100,9,-0.000931
2015,20220,9,-0.012061
2015,20740,9,-0.009563
2015,20940,9,0.005322
2015,21140,9,0.007835
2015,21300,9,-0.014542
2015,21500,9,-0.01639
2015,21660,9,-0.002459
2015,21820,9,-0.065585
2015,22020,9,0.006616
2015,22140,9,-0.049101
2015,22380,9,0.013845
2015,22420,9,0.016981
2015,22500,9,-0.021754
2015,22520,9,0.000323
2015,22540,9,-0.012028
2015,22660,9,0.002048
2015,23420,9,0.008078
2015,23460,9,-0.014671
2015,23580,9,0.040188
2015,24020,9,-0.005758
2015,24140,9,-0.0381
2015,24220,9,-0.006026
2015,24300,9,-0.001677
2015,24500,9,-0.033558
2015,24540,9,0.015664
2015,24580,9,0.000757
2015,24660,9,-0.015345
2015,25260,9,-0.004634
2015,25420,9,0.00586
2015,25500,9,-0.008338
2015,25540,9,-0.0038
2015,25860,9,-0.019879
2015,25980,9,0.009159
2015,26300,9,-0.007272
2015,26380,9,-0.006234
2015,26620,9,0.004029
2015,26980,9,0.000643
2015,27060,9,0.007174
2015,27100,9,0.017433
2015,27260,9,0.022207
2015,27340,9,-0.036459
2015,27500,9,0.006321
2015,27620,9,-0.008384
2015,27740,9,-0.006052
2015,27780,9,-0.008421
2015,27860,9,-0.014937
2015,27900,9,-0.000351
2015,28100,9,-0.009705
2015,28420,9,-0.030739
2015,28660,9,-0.013009
2015,28700,9,-0.03153
2015,28740,9,0.008737
2015,29100,9,-0.008411
2015,29340,9,-0.001008
2015,29420,9,0.003701
2015,29460,9,0.04006
2015,29540,9,0.011539
2015,29700,9,0.010071
2015,29740,9,-0.023215
2015,29820,9,0.046278
2015,29940,9,0.007466
2015,30140,9,0.00797
2015,30300,9,-0.009899
2015,30340,9,-0.001532
2015,30460,9,0.002671
2015,30620,9,-0.007891
2015,30700,9,0.007047
2015,30780,9,-0.010472
2015,30860,9,-0.015701
2015,31020,9,0.004403
2015,31420,9,-0.014664
2015,31700,9,0.011811
2015,31900,9,0.007746
2015,32580,9,0.010322
2015,32780,9,0.014847
2015,32900,9,0.010882
2015,33140,9,0.003042
2015,33340,9,0.003629
2015,33540,9,-0.016635
2015,33700,9,0.023345
2015,33780,9,0.012533
2015,33860,9,0.000578
2015,34060,9,-0.023026
2015,34580,9,0.008209
2015,34620,9,-0.008252
2015,34740,9,0.013622
2015,34900,9,0.005675
2015,34940,9,0.02352
2015,35300,9,-0.004782
2015,35660,9,0.007524
2015,35980,9,0.001871
2015,36100,9,0.026086
2015,36220,9,0.008821
2015,36420,9,-0.001524
2015,36500,9,0.003296
2015,36540,9,0.004096
2015,36740,9,0.03407
2015,36780,9,-0.008425
2015,36980,9,-0.014143
2015,37100,9,-0.008474
2015,37340,9,0.014854
2015,37860,9,0.000491
2015,38060,9,0.014431
2015,38300,9,-0.00542
2015,38340,9,-0.014458
2015,38860,9,0.004124
2015,38900,9,0.005593
2015,38940,9,0.019817
2015,39300,9,0.009819
2015,39340,9,0.002691
2015,39380,9,-0.011069
2015,39460,9,0.013332
2015,39540,9,0.011046
2015,39580,9,0.001521
2015,39740,9,0.009608
2015,39820,9,0.000801
2015,39900,9,0.043202
2015,40140,9,0.006399
2015,40220,9,-0.013953
2015,40420,9,0.000232
2015,40580,9,-0.02468
2015,40660,9,-0.007205
2015,40900,9,0.006113
2015,40980,9,-0.006745
2015,41060,9,0.012714
2015,41100,9,0.016774
2015,41140,9,-0.008163
2015,41420,9,0.015367
2015,41500,9,0.009613
2015,41700,9,0.015399
2015,41740,9,-0.010699
2015,41940,9,-0.015055
2015,42020,9,-0.000644
2015,42100,9,-0.001059
2015,42140,9,-0.006502
2015,42220,9,0.00623
2015,42340,9,0.014818
2015,42540,9,-0.003468
2015,42680,9,0.03527
2015,43100,9,0.001289
2015,43300,9,0.009258
2015,43620,9,0.005562
2015,43780,9,0.002089
2015,44100,9,-0.018392
2015,44180,9,0.005033
2015,44220,9,0.001057
2015,44300,9,-0.005473
2015,44700,9,0.013547
2015,45060,9,-0.002728
2015,45220,9,-0.001312
2015,45820,9,-0.00517
2015,45940,9,0.006404
2015,46060,9,0.008525
2015,46140,9,-0.004315
2015,46340,9,0.005857
2015,46540,9,-0.007572
2015,46660,9,-0.020073
2015,46700,9,0.027897
2015,47220,9,0.008538
2015,47300,9,0.009272
2015,47940,9,-0.008435
2015,48300,9,-0.003845
2015,48540,9,-0.02053
2015,48660,9,-0.01148
2015,48700,9,-0.014024
2015,49020,9,-0.003649
2015,49420,9,-0.026586
2015,49620,9,0.015969
2015,49660,9,-0.003719
2015,49700,9,0.021677
2015,49740,9,0.004035
2015,10180,10,0.001327
2015,10420,10,0.005571
2015,10580,10,-0.002224
2015,10740,10,-0.017035
2015,10780,10,-0.013033
2015,10900,10,0.016295
2015,11020,10,-0.009362
2015,11260,10,-0.034715
2015,11460,10,0.014119
2015,11500,10,-0.005382
2015,11540,10,0.000762
2015,11700,10,-0.002578
2015,12020,10,0.003375
2015,12100,10,9.4e-05
2015,12220,10,0.019826
2015,12420,10,0.027011
2015,12540,10,0.003069
2015,12580,10,-0.014356
2015,12620,10,2.8e-05
2015,12700,10,0.000201
2015,12980,10,0.003096
2015,13020,10,-0.005969
2015,13380,10,-0.013174
2015,13460,10,0.034315
2015,13780,10,-0.004396
2015,14260,10,0.026719
2015,14500,10,-0.008251
2015,14740,10,-0.007186
2015,14860,10,0.004948
2015,15180,10,-0.011123
2015,15260,10,0.014211
2015,15380,10,7.2e-05
2015,15500,10,-0.018429
2015,15540,10,-0.006241
2015,15940,10,0.007157
2015,15980,10,0.016381
2015,16180,10,0.051168
2015,16220,10,-0.035467
2015,16300,10,-0.002579
2015,16700,10,0.012677
2015,16860,10,-0.020606
2015,16940,10,-0.033849
2015,17020,10,-0.001798
2015,17420,10,0.006591
2015,17660,10,0.019363
2015,17780,10,0.008891
2015,17820,10,-0.011137
2015,17900,10,-0.010282
2015,18020,10,-0.004421
2015,18700,10,-0.015603
2015,19140,10,0.006141
2015,19340,10,-0.014376
2015,19460,10,-0.002466
2015,19500,10,-0.025977
2015,19740,10,0.005413
2015,20020,10,0.004061
2015,20100,10,-0.001345
2015,20220,10,-0.012562
2015,20740,10,-0.008816
2015,20940,10,0.007514
2015,21140,10,0.007206
2015,21300,10,-0.01138
2015,21500,10,-0.014147
2015,21660,10,-0.002894
2015,21820,10,-0.066095
2015,22020,10,0.008797
2015,22140,10,-0.049596
2015,22380,10,0.012338
2015,22420,10,0.018465
2015,22500,10,-0.021393
2015,22520,10,0.000827
2015,22540,10,-0.011527
2015,22660,10,0.003104
2015,23420,10,0.008108
2015,23460,10,-0.014354
2015,23580,10,0.03809
2015,24020,10,-0.005432
2015,24140,10,-0.036357
2015,24220,10,-0.00259
2015,24300,10,-0.002479
2015,24500,10,-0.035022
2015,24540,10,0.015547
2015,24580,10,0.001485
2015,24660,10,-0.015639
2015,25260,10,-0.004861
2015,25420,10,0.005713
2015,25500,10,-0.009591
2015,25540,10,-0.003839
2015,25860,10,-0.020824
2015,25980,10,0.008733
2015,26300,10,-0.007942
2015,26380,10,-0.006684
2015,26620,10,0.003946
2015,26980,10,0.000626
2015,27060,10,0.005818
2015,27100,10,0.01685
2015,27260,10,0.022107
2015,27340,10,-0.033803
2015,27500,10,0.005358
2015,27620,10,-0.008889
2015,27740,10,-0.005216
2015,27780,10,-0.007431
2015,27860,10,-0.014028
2015,27900,10,0.000414
2015,28100,10,-0.010494
2015,28420,10,-0.02895
2015,28660,10,-0.013041
2015,28700,10,-0.031132
2015,28740,10,0.006084
2015,29100,10,-0.007878
2015,29340,10,-0.000102
2015,29420,10,0.004175
2015,29460,10,0.038547
2015,29540,10,0.010422
2015,29700,10,0.010103
2015,29740,10,-0.024313
2015,29820,10,0.0471
2015,29940,10,0.007171
2015,30140,10,0.007241
2015,30300,10,-0.012019
2015,30340,10,-0.001889
2015,30460,10,0.002034
2015,30620,10,-0.008163
2015,30700,10,0.007227
2015,30780,10,-0.010686
2015,30860,10,-0.015723
2015,31020,10,0.002083
2015,31420,10,-0.014383
2015,31700,10,0.011628
2015,31900,10,0.006644
2015,32580,10,0.008966
2015,32780,10,0.014447
2015,32900,10,0.012859
2015,33140,10,0.002245
2015,33340,10,0.002733
2015,33540,10,-0.016196
2015,33700,10,0.023296
2015,33780,10,0.013913
2015,33860,10,0.00122
2015,34060,10,-0.024257
2015,34580,10,0.005965
2015,34620,10,-0.004999
2015,34740,10,0.013301
2015,34900,10,0.006287
2015,34940,10,0.026644
2015,35300,10,-0.004791
2015,35660,10,0.00689
2015,35980,10,0.000999
2015,36100,10,0.024063
2015,36220,10,0.010265
2015,36420,10,-0.000964
2015,36500,10,0.000356
2015,36540,10,0.003513
2015,36740,10,0.035119
2015,36780,10,-0.008975
2015,36980,10,-0.011844
2015,37100,10,-0.008472
2015,37340,10,0.014943
2015,37860,10,0.000141
2015,38060,10,0.017267
2015,38300,10,-0.0044
2015,38340,10,-0.016194
2015,38860,10,0.005058
2015,38900,10,0.006179
2015,38940,10,0.020657
2015,39300,10,0.009336
2015,39340,10,0.003945
2015,39380,10,-0.014048
2015,39460,10,0.01403
2015,39540,10,0.00909
2015,39580,10,0.002846
2015,39740,10,0.008004
2015,39820,10,-0.000671
2015,39900,10,0.04308
2015,40140,10,0.007254
2015,40220,10,-0.014893
2015,40420,10,-0.002117
2015,40580,10,-0.024721
2015,40660,10,-0.00845
2015,40900,10,0.006748
2015,40980,10,-0.00506
2015,41060,10,0.011437
2015,41100,10,0.02097
2015,41140,10,-0.008969
2015,41420,10,0.012924
2015,41500,10,0.008329
2015,41700,10,0.013497
2015,41740,10,-0.009521
2015,41940,10,-0.012065
2015,42020,10,-0.001653
2015,42100,10,-0.001159
2015,42140,10,-0.008572
2015,42220,10,0.006936
2015,42340,10,0.01349
2015,42540,10,-0.004209
2015,42680,10,0.033992
2015,43100,10,-0.000351
2015,43300,10,0.008054
2015,43620,10,0.005925
2015,43780,10,0.002301
2015,44100,10,-0.018177
2015,44180,10,0.00401
2015,44220,10,0.001617
2015,44300,10,-0.003445
2015,44700,10,0.016528
2015,45060,10,-0.002752
2015,45220,10,-0.001324
2015,45820,10,-0.00703
2015,45940,10,0.006637
2015,46060,10,0.007987
2015,46140,10,-0.004068
2015,46340,10,0.004631
2015,46540,10,-0.007438
2015,46660,10,-0.019855
2015,46700,10,0.028576
2015,47220,10,0.00782
2015,47300,10,0.008102
2015,47940,10,-0.008593
2015,48300,10,-0.005915
2015,48540,10,-0.019555
2015,48660,10,-0.012334
2015,48700,10,-0.013696
2015,49020,10,-0.0031
2015,49420,10,-0.028245
2015,49620,10,0.014536
2015,49660,10,-0.003712
2015,49700,10,0.020705
2015,49740,10,0.003703
2015,10180,11,0.002013
2015,10420,11,0.005762
2015,10580,11,-0.001908
2015,10740,11,-0.015091
2015,10780,11,-0.012465
2015,10900,11,0.017949
2015,11020,11,-0.011923
2015,11260,11,-0.032737
2015,11460,11,0.010845
2015,11500,11,-0.003383
2015,11540,11,-0.000828
2015,11700,11,0.000158
2015,12020,11,0.002137
2015,12100,11,0.00368
2015,12220,11,0.022636
2015,12420,11,0.023232
2015,12540,11,0.00236
2015,12580,11,-0.011728
2015,12620,11,0.000732
2015,12700,11,-0.000563
2015,12980,11,0.003528
2015,13020,11,-0.004871
2015,13380,11,-0.011919
2015,13460,11,0.028711
2015,13780,11,-0.002493
2015,14260,11,0.022354
2015,14500,11,-0.008665
2015,14740,11,-0.004563
2015,14860,11,0.003843
2015,15180,11,-0.011726
2015,15260,11,0.01665
2015,15380,11,-0.002007
2015,15500,11,-0.020797
2015,15540,11,-0.008005
2015,15940,11,0.006094
2015,15980,11,0.011963
2015,16180,11,0.053568
2015,16220,11,-0.032553
2015,16300,11,-0.001964
2015,16700,11,0.012301
2015,16860,11,-0.020497
2015,16940,11,-0.03388
2015,17020,11,0.000205
2015,17420,11,0.006718
2015,17660,11,0.018219
2015,17780,11,0.007333
2015,17820,11,-0.012844
2015,17900,11,-0.010629
2015,18020,11,-0.006435
2015,18700,11,-0.020184
2015,19140,11,0.009662
2015,19340,11,-0.014055
2015,19460,11,-0.001517
2015,19500,11,-0.023189
2015,19740,11,0.00252
2015,20020,11,0.003794
2015,20100,11,-0.000506
2015,20220,11,-0.011613
2015,20740,11,-0.008909
2015,20940,11,0.004931
2015,21140,11,0.007096
2015,21300,11,-0.015509
2015,21500,11,-0.018174
2015,21660,11,-0.00282
2015,21820,11,-0.064088
2015,22020,11,0.005967
2015,22140,11,-0.045438
2015,22380,11,0.015753
2015,22420,11,0.016001
2015,22500,11,-0.022306
2015,22520,11,0.000111
2015,22540,11,-0.011876
2015,22660,11,-0.000745
2015,23420,11,0.009
2015,23460,11,-0.014058
2015,23580,11,0.039168
2015,24020,11,-0.00408
2015,24140,11,-0.038843
2015,24220,11,-0.005808
2015,24300,11,-0.000733
2015,24500,11,-0.032587
2015,24540,11,0.012439
2015,24580,11,0.000219
2015,24660,11,-0.016676
2015,25260,11,-0.002517
2015,25420,11,0.004892
2015,25500,11,-0.007358
2015,25540,11,-0.004003
2015,25860,11,-0.019913
2015,25980,11,0.007639
2015,26300,11,-0.006148
2015,26380,11,-0.005057
2015,26620,11,0.003593
2015,26980,11,-0.000113
2015,27060,11,0.007898
2015,27100,11,0.017124
2015,27260,11,0.022608
2015,27340,11,-0.036555
2015,27500,11,0.006461
2015,27620,11,-0.007928
2015,27740,11,-0.005475
2015,27780,11,-0.008691
2015,27860,11,-0.015884
2015,27900,11,-0.000632
2015,28100,11,-0.00817
2015,28420,11,-0.033039
2015,28660,11,-0.01249
2015,28700,11,-0.031218
2015,28740,11,0.011253
2015,29100,11,-0.007922
2015,29340,11,-0.000621
2015,29420,11,0.005496
2015,29460,11,0.040379
2015,29540,11,0.011079
2015,29700,11,0.010381
2015,29740,11,-0.021835
2015,29820,11,0.04562
2015,29940,11,0.006905
2015,30140,11,0.007394
2015,30300,11,-0.008094
2015,30340,11,-0.001645
2015,30460,11,0.002257
2015,30620,11,-0.007653
2015,30700,11,0.005837
2015,30780,11,-0.010267
2015,30860,11,-0.016683
2015,31020,11,0.004407
2015,31420,11,-0.014795
2015,31700,11,0.011313
2015,31900,11,0.007809
2015,32580,11,0.010093
2015,32780,11,0.014826
2015,32900,11,0.010635
2015,33140,11,0.003364
2015,33340,11,0.004973
2015,33540,11,-0.015826
2015,33700,11,0.023405
2015,33780,11,0.011655
2015,33860,11,0.000725
2015,34060,11,-0.022311
2015,34580,11,0.007942
2015,34620,11,-0.009475
2015,34740,11,0.013121
2015,34900,11,0.006013
2015,34940,11,0.023489
2015,35300,11,-0.004455
2015,35660,11,0.008465
2015,35980,11,0.002451
2015,36100,11,0.027743
2015,36220,11,0.008064
2015,36420,11,-0.001671
2015,36500,11,0.003824
2015,36540,11,0.003677
2015,36740,11,0.033814
2015,36780,11,-0.007927
2015,36980,11,-0.015212
2015,37100,11,-0.007207
2015,37340,11,0.016109
2015,37860,11,0.000879
2015,38060,11,0.013041
2015,38300,11,-0.006541
2015,38340,11,-0.01333
2015,38860,11,0.003422
2015,38900,11,0.00444
2015,38940,11,0.020841
2015,39300,11,0.01043
2015,39340,11,0.000893
2015,39380,11,-0.011128
2015,39460,11,0.0129
2015,39540,11,0.012494
2015,39580,11,-0.000984
2015,39740,11,0.010001
2015,39820,11,0.002091
2015,39900,11,0.043194
2015,40140,11,0.007443
2015,40220,11,-0.013047
2015,40420,11,0.001968
2015,40580,11,-0.025037
2015,40660,11,-0.007252
2015,40900,11,0.005466
2015,40980,11,-0.007322
2015,41060,11,0.01393
2015,41100,11,0.014085
2015,41140,11,-0.007211
2015,41420,11,0.014487
2015,41500,11,0.010819
2015,41700,11,0.015413
2015,41740,11,-0.010606
2015,41940,11,-0.016487
2015,42020,11,8.9e-05
2015,42100,11,-0.001362
2015,42140,11,-0.005311
2015,42220,11,0.005629
2015,42340,11,0.014668
2015,42540,11,-0.003531
2015,42680,11,0.035986
2015,43100,11,0.001742
2015,43300,11,0.008964
2015,43620,11,0.004469
2015,43780,11,0.001905
2015,44100,11,-0.018442
2015,44180,11,0.005175
2015,44220,11,0.000774
2015,44300,11,-0.006824
2015,44700,11,0.011878
2015,45060,11,-0.003075
2015,45220,11,-0.000242
2015,45820,11,-0.003971
2015,45940,11,0.007331
2015,46060,11,0.009561
2015,46140,11,-0.004578
2015,46340,11,0.0062
2015,46540,11,-0.00733
2015,46660,11,-0.020274
2015,46700,11,0.027571
2015,47220,11,0.009557
2015,47300,11,0.010165
2015,47940,11,-0.007725
2015,48300,11,-0.00354
2015,48540,11,-0.020335
2015,48660,11,-0.010468
2015,48700,11,-0.014658
2015,49020,11,-0.002347
2015,49420,11,-0.027329
2015,49620,11,0.01611
2015,49660,11,-0.00377
2015,49700,11,0.022667
2015,49740,11,0.00513
2015,10180,12,0.002256
2015,10420,12,0.007761
2015,10580,12,-0.00428
2015,10740,12,-0.017868
2015,10780,12,-0.015727
2015,10900,12,0.017263
2015,11020,12,-0.010361
2015,11260,12,-0.033379
2015,11460,12,0.015414
2015,11500,12,-0.006225
2015,11540,12,-0.000347
2015,11700,12,-6e-06
2015,12020,12,0.002726
2015,12100,12,-0.004559
2015,12220,12,0.023756
2015,12420,12,0.028778
2015,12540,12,-0.000143
2015,12580,12,-0.018954
2015,12620,12,0.002008
2015,12700,12,-0.002111
2015,12980,12,0.004694
2015,13020,12,-0.005533
2015,13380,12,-0.01424
2015,13460,12,0.032491
2015,13780,12,-0.002329
2015,14260,12,0.02547
2015,14500,12,-0.004609
2015,14740,12,-0.008022
2015,14860,12,0.003782
2015,15180,12,-0.013045
2015,15260,12,0.013989
2015,15380,12,0.002148
2015,15500,12,-0.016474
2015,15540,12,-0.00723
2015,15940,12,0.008199
2015,15980,12,0.013125
2015,16180,12,0.052737
2015,16220,12,-0.038729
2015,16300,12,-0.000692
2015,16700,12,0.013515
2015,16860,12,-0.019688
2015,16940,12,-0.036134
2015,17020,12,-0.002198
2015,17420,12,0.008591
2015,17660,12,0.017968
2015,17780,12,0.009825
2015,17820,12,-0.009778
2015,17900,12,-0.008796
2015,18020,12,-0.004206
2015,18700,12,-0.020882
2015,19140,12,0.012713
2015,19340,12,-0.015253
2015,19460,12,-0.001176
2015,19500,12,-0.026722
2015,19740,12,0.011023
2015,20020,12,0.002701
2015,20100,12,-0.002377
2015,20220,12,-0.012189
2015,20740,12,-0.011277
2015,20940,12,0.004614
2015,21140,12,0.009854
2015,21300,12,-0.01541
2015,21500,12,-0.015674
2015,21660,12,-0.002557
2015,21820,12,-0.070368
2015,22020,12,0.006557
2015,22140,12,-0.056379
2015,22380,12,0.011516
2015,22420,12,0.018295
2015,22500,12,-0.020962
2015,22520,12,0.00119
2015,22540,12,-0.013852
2015,22660,12,0.007813
2015,23420,12,0.006188
2015,23460,12,-0.016525
2015,23580,12,0.044995
2015,24020,12,-0.009546
2015,24140,12,-0.039833
2015,24220,12,-0.00821
2015,24300,12,-0.004629
2015,24500,12,-0.033414
2015,24540,12,0.024025
2015,24580,12,0.000541
2015,24660,12,-0.012827
2015,25260,12,-0.008748
2015,25420,12,0.00739
2015,25500,12,-0.009001
2015,25540,12,-0.00361
2015,25860,12,-0.018771
2015,25980,12,0.011688
2015,26300,12,-0.009961
2015,26380,12,-0.007627
2015,26620,12,0.004427
2015,26980,12,0.001457
2015,27060,12,0.008859
2015,27100,12,0.018945
2015,27260,12,0.021349
2015,27340,12,-0.043441
2015,27500,12,0.006793
2015,27620,12,-0.008681
2015,27740,12,-0.007637
2015,27780,12,-0.008545
2015,27860,12,-0.015169
2015,27900,12,-0.000405
2015,28100,12,-0.012934
2015,28420,12,-0.029585
2015,28660,12,-0.015003
2015,28700,12,-0.03226
2015,28740,12,0.006533
2015,29100,12,-0.009286
2015,29340,12,-0.001781
2015,29420,12,-2.9e-05
2015,29460,12,0.04107
2015,29540,12,0.013513
2015,29700,12,0.009563
2015,29740,12,-0.026586
2015,29820,12,0.047988
2015,29940,12,0.008163
2015,30140,12,0.009798
2015,30300,12,-0.0103
2015,30340,12,-0.001236
2015,30460,12,0.004381
2015,30620,12,-0.00819
2015,30700,12,0.009352
2015,30780,12,-0.011619
2015,30860,12,-0.014416
2015,31020,12,0.00602
2015,31420,12,-0.015308
2015,31700,12,0.013452
2015,31900,12,0.008685
2015,32580,12,0.011954
2015,32780,12,0.014263
2015,32900,12,0.012363
2015,33140,12,0.003471
2015,33340,12,0.001905
2015,33540,12,-0.018631
2015,33700,12,0.026013
2015,33780,12,0.013741
2015,33860,12,-0.000475
2015,34060,12,-0.021792
2015,34580,12,0.009226
2015,34620,12,-0.009471
2015,34740,12,0.014972
2015,34900,12,0.005504
2015,34940,12,0.022115
2015,35300,12,-0.006112
2015,35660,12,0.00693
2015,35980,12,0.000762
2015,36100,12,0.024445
2015,36220,12,0.008807
2015,36420,12,-0.00201
2015,36500,12,0.003238
2015,36540,12,0.00545
2015,36740,12,0.033244
2015,36780,12,-0.009115
2015,36980,12,-0.013797
2015,37100,12,-0.009838
2015,37340,12,0.013094
2015,37860,12,-0.000148
2015,38060,12,0.013727
2015,38300,12,-0.003065
2015,38340,12,-0.014733
2015,38860,12,0.004766
2015,38900,12,0.006756
2015,38940,12,0.018783
2015,39300,12,0.009475
2015,39340,12,0.004348
2015,39380,12,-0.007384
2015,39460,12,0.013661
2015,39540,12,0.009763
2015,39580,12,0.004943
2015,39740,12,0.010166
2015,39820,12,-0.00106
2015,39900,12,0.044693
2015,40140,12,0.005429
2015,40220,12,-0.014812
2015,40420,12,-0.002121
2015,40580,12,-0.024154
2015,40660,12,-0.005607
2015,40900,12,0.007069
2015,40980,12,-0.007897
2015,41060,12,0.011444
2015,41100,12,0.016112
2015,41140,12,-0.010087
2015,41420,12,0.018532
2015,41500,12,0.010067
2015,41700,12,0.017959
2015,41740,12,-0.011503
2015,41940,12,-0.014376
2015,42020,12,-0.000748
2015,42100,12,6.8e-05
2015,42140,12,-0.007687
2015,42220,12,0.008103
2015,42340,12,0.016058
2015,42540,12,-0.002959
2015,42680,12,0.036621
2015,43100,12,0.001697
2015,43300,12,0.01193
2015,43620,12,0.006868
2015,43780,12,0.002473
2015,44100,12,-0.017935
2015,44180,12,0.004974
2015,44220,12,0.001018
2015,44300,12,-0.005024
2015,44700,12,0.015736
2015,45060,12,-0.001741
2015,45220,12,-0.004258
2015,45820,12,-0.005402
2015,45940,12,0.003425
2015,46060,12,0.00635
2015,46140,12,-0.004623
2015,46340,12,0.006737
2015,46540,12,-0.007923
2015,46660,12,-0.021468
2015,46700,12,0.030292
2015,47220,12,0.005677
2015,47300,12,0.008884
2015,47940,12,-0.009197
2015,48300,12,-0.003465
2015,48540,12,-0.019291
2015,48660,12,-0.012559
2015,48700,12,-0.011619
2015,49020,12,-0.006277
2015,49420,12,-0.024993
2015,49620,12,0.01662
2015,49660,12,-0.003309
2015,49700,12,0.022756
2015,49740,12,0.000898
2015,10180,13,0.001327
2015,10420,13,0.005571
2015,10580,13,-0.002224
2015,10740,13,-0.017035
2015,10780,13,-0.013033
2015,10900,13,0.016295
2015,11020,13,-0.009362
2015,11260,13,-0.034715
2015,11460,13,0.014119
2015,11500,13,-0.005382
2015,11540,13,0.000762
2015,11700,13,-0.002578
2015,12020,13,0.003375
2015,12100,13,9.4e-05
2015,12220,13,0.019826
2015,12420,13,0.027011
2015,12540,13,0.003069
2015,12580,13,-0.014356
2015,12620,13,2.8e-05
2015,12700,13,0.000201
2015,12980,13,0.003096
2015,13020,13,-0.005969
2015,13380,13,-0.013174
2015,13460,13,0.034315
2015,13780,13,-0.004396
2015,14260,13,0.026719
2015,14500,13,-0.008251
2015,14740,13,-0.007186
2015,14860,13,0.004948
2015,15180,13,-0.011123
2015,15260,13,0.014211
2015,15380,13,7.2e-05
2015,15500,13,-0.018429
2015,15540,13,-0.006241
2015,15940,13,0.007157
2015,15980,13,0.016381
2015,16180,13,0.051168
2015,16220,13,-0.035467
2015,16300,13,-0.002579
2015,16700,13,0.012677
2015,16860,13,-0.020606
2015,16940,13,-0.033849
2015,17020,13,-0.001798
2015,17420,13,0.006591
2015,17660,13,0.019363
2015,17780,13,0.008891
2015,17820,13,-0.011137
2015,17900,13,-0.010282
2015,18020,13,-0.004421
2015,18700,13,-0.015603
2015,19140,13,0.006141
2015,19340,13,-0.014376
2015,19460,13,-0.002466
2015,19500,13,-0.025977
2015,19740,13,0.005413
2015,20020,13,0.004061
2015,20100,13,-0.001345
2015,20220,13,-0.012562
2015,20740,13,-0.008816
2015,20940,13,0.007514
2015,21140,13,0.007206
2015,21300,13,-0.01138
2015,21500,13,-0.014147
2015,21660,13,-0.002894
2015,21820,13,-0.066095
2015,22020,13,0.008797
2015,22140,13,-0.049596
2015,22380,13,0.012338
2015,22420,13,0.018465
2015,22500,13,-0.021393
2015,22520,13,0.000827
2015,22540,13,-0.011527
2015,22660,13,0.003104
2015,23420,13,0.008108
2015,23460,13,-0.014354
2015,23580,13,0.03809
2015,24020,13,-0.005432
2015,24140,13,-0.036357
2015,24220,13,-0.00259
2015,24300,13,-0.002479
2015,24500,13,-0.035022
2015,24540,13,0.015547
2015,24580,13,0.001485
2015,24660,13,-0.015639
2015,25260,13,-0.004861
2015,25420,13,0.005713
2015,25500,13,-0.009591
2015,25540,13,-0.003839
2015,25860,13,-0.020824
2015,25980,13,0.008733
2015,26300,13,-0.007942
2015,26380,13,-0.006684
2015,26620,13,0.003946
2015,26980,13,0.000626
2015,27060,13,0.005818
2015,27100,13,0.01685
2015,27260,13,0.022107
2015,27340,13,-0.033803
2015,27500,13,0.005358
2015,27620,13,-0.008889
2015,27740,13,-0.005216
2015,27780,13,-0.007431
2015,27860,13,-0.014028
2015,27900,13,0.000414
2015,28100,13,-0.010494
2015,28420,13,-0.02895
2015,28660,13,-0.013041
2015,28700,13,-0.031132
2015,28740,13,0.006084
2015,29100,13,-0.007878
2015,29340,13,-0.000102
2015,29420,13,0.004175
2015,29460,13,0.038547
2015,29540,13,0.010422
2015,29700,13,0.010103
2015,29740,13,-0.024313
2015,29820,13,0.0471
2015,29940,13,0.007171
2015,30140,13,0.007241
2015,30300,13,-0.012019
2015,30340,13,-0.001889
2015,30460,13,0.002034
2015,30620,13,-0.008163
2015,30700,13,0.007227
2015,30780,13,-0.010686
2015,30860,13,-0.015723
2015,31020,13,0.002083
2015,31420,13,-0.014383
2015,31700,13,0.011628
2015,31900,13,0.006644
2015,32580,13,0.008966
2015,32780,13,0.014447
2015,32900,13,0.012859
2015,33140,13,0.002245
2015,33340,13,0.002733
2015,33540,13,-0.016196
2015,33700,13,0.023296
2015,33780,13,0.013913
2015,33860,13,0.00122
2015,34060,13,-0.024257
2015,34580,13,0.005965
2015,34620,13,-0.004999
2015,34740,13,0.013301
2015,34900,13,0.006287
2015,34940,13,0.026644
2015,35300,13,-0.004791
2015,35660,13,0.00689
2015,35980,13,0.000999
2015,36100,13,0.024063
2015,36220,13,0.010265
2015,36420,13,-0.000964
2015,36500,13,0.000356
2015,36540,13,0.003513
2015,36740,13,0.035119
2015,36780,13,-0.008975
2015,36980,13,-0.011844
2015,37100,13,-0.008472
2015,37340,13,0.014943
2015,37860,13,0.000141
2015,38060,13,0.017267
2015,38300,13,-0.0044
2015,38340,13,-0.016194
2015,38860,13,0.005058
2015,38900,13,0.006179
2015,38940,13,0.020657
2015,39300,13,0.009336
2015,39340,13,0.003945
2015,39380,13,-0.014048
2015,39460,13,0.01403
2015,39540,13,0.00909
2015,39580,13,0.002846
2015,39740,13,0.008004
2015,39820,13,-0.000671
2015,39900,13,0.04308
2015,40140,13,0.007254
2015,40220,13,-0.014893
2015,40420,13,-0.002117
2015,40580,13,-0.024721
2015,40660,13,-0.00845
2015,40900,13,0.006748
2015,40980,13,-0.00506
2015,41060,13,0.011437
2015,41100,13,0.02097
2015,41140,13,-0.008969
2015,41420,13,0.012924
2015,41500,13,0.008329
2015,41700,13,0.013497
2015,41740,13,-0.009521
2015,41940,13,-0.012065
2015,42020,13,-0.001653
2015,42100,13,-0.001159
2015,42140,13,-0.008572
2015,42220,13,0.006936
2015,42340,13,0.01349
2015,42540,13,-0.004209
2015,42680,13,0.033992
2015,43100,13,-0.000351
2015,43300,13,0.008054
2015,43620,13,0.005925
2015,43780,13,0.002301
2015,44100,13,-0.018177
2015,44180,13,0.00401
2015,44220,13,0.001617
2015,44300,13,-0.003445
2015,44700,13,0.016528
2015,45060,13,-0.002752
2015,45220,13,-0.001324
2015,45820,13,-0.00703
2015,45940,13,0.006637
2015,46060,13,0.007987
2015,46140,13,-0.004068
2015,46340,13,0.004631
2015,46540,13,-0.007438
2015,46660,13,-0.019855
2015,46700,13,0.028576
2015,47220,13,0.00782
2015,47300,13,0.008102
2015,47940,13,-0.008593
2015,48300,13,-0.005915
2015,48540,13,-0.019555
2015,48660,13,-0.012334
2015,48700,13,-0.013696
2015,49020,13,-0.0031
2015,49420,13,-0.028245
2015,49620,13,0.014536
2015,49660,13,-0.003712
2015,49700,13,0.020705
2015,49740,13,0.003703
2015,10180,14,0.002013
2015,10420,14,0.005762
2015,10580,14,-0.001908
2015,10740,14,-0.015091
2015,10780,14,-0.012465
2015,10900,14,0.017949
2015,11020,14,-0.011923
2015,11260,14,-0.032737
2015,11460,14,0.010845
2015,11500,14,-0.003383
2015,11540,14,-0.000828
2015,11700,14,0.000158
2015,12020,14,0.002137
2015,12100,14,0.00368
2015,12220,14,0.022636
2015,12420,14,0.023232
2015,12540,14,0.00236
2015,12580,14,-0.011728
2015,12620,14,0.000732
2015,12700,14,-0.000563
2015,12980,14,0.003528
2015,13020,14,-0.004871
2015,13380,14,-0.011919
2015,13460,14,0.028711
2015,13780,14,-0.002493
2015,14260,14,0.022354
2015,14500,14,-0.008665
2015,14740,14,-0.004563
2015,14860,14,0.003843
2015,15180,14,-0.011726
2015,15260,14,0.01665
2015,15380,14,-0.002007
2015,15500,14,-0.020797
2015,15540,14,-0.008005
2015,15940,14,0.006094
2015,15980,14,0.011963
2015,16180,14,0.053568
2015,16220,14,-0.032553
2015,16300,14,-0.001964
2015,16700,14,0.012301
2015,16860,14,-0.020497
2015,16940,14,-0.03388
2015,17020,14,0.000205
2015,17420,14,0.006718
2015,17660,14,0.018219
2015,17780,14,0.007333
2015,17820,14,-0.012844
2015,17900,14,-0.010629
2015,18020,14,-0.006435
2015,18700,14,-0.020184
2015,19140,14,0.009662
2015,19340,14,-0.014055
2015,19460,14,-0.001517
2015,19500,14,-0.023189
2015,19740,14,0.00252
2015,20020,14,0.003794
2015,20100,14,-0.000506
2015,20220,14,-0.011613
2015,20740,14,-0.008909
2015,20940,14,0.004931
2015,21140,14,0.007096
2015,21300,14,-0.015509
2015,21500,14,-0.018174
2015,21660,14,-0.00282
2015,21820,14,-0.064088
2015,22020,14,0.005967
2015,22140,14,-0.045438
2015,22380,14,0.015753
2015,22420,14,0.016001
2015,22500,14,-0.022306
2015,22520,14,0.000111
2015,22540,14,-0.011876
2015,22660,14,-0.000745
2015,23420,14,0.009
2015,23460,14,-0.014058
2015,23580,14,0.039168
2015,24020,14,-0.00408
2015,24140,14,-0.038843
2015,24220,14,-0.005808
2015,24300,14,-0.000733
2015,24500,14,-0.032587
2015,24540,14,0.012439
2015,24580,14,0.000219
2015,24660,14,-0.016676
2015,25260,14,-0.002517
2015,25420,14,0.004892
2015,25500,14,-0.007358
2015,25540,14,-0.004003
2015,25860,14,-0.019913
2015,25980,14,0.007639
2015,26300,14,-0.006148
2015,26380,14,-0.005057
2015,26620,14,0.003593
2015,26980,14,-0.000113
2015,27060,14,0.007898
2015,27100,14,0.017124
2015,27260,14,0.022608
2015,27340,14,-0.036555
2015,27500,14,0.006461
2015,27620,14,-0.007928
2015,27740,14,-0.005475
2015,27780,14,-0.008691
2015,27860,14,-0.015884
2015,27900,14,-0.000632
2015,28100,14,-0.00817
2015,28420,14,-0.033039
2015,28660,14,-0.01249
2015,28700,14,-0.031218
2015,28740,14,0.011253
2015,29100,14,-0.007922
2015,29340,14,-0.000621
2015,29420,14,0.005496
2015,29460,14,0.040379
2015,29540,14,0.011079
2015,29700,14,0.010381
2015,29740,14,-0.021835
2015,29820,14,0.04562
2015,29940,14,0.006905
2015,30140,14,0.007394
2015,30300,14,-0.008094
2015,30340,14,-0.001645
2015,30460,14,0.002257
2015,30620,14,-0.007653
2015,30700,14,0.005837
2015,30780,14,-0.010267
2015,30860,14,-0.016683
2015,31020,14,0.004407
2015,31420,14,-0.014795
2015,31700,14,0.011313
2015,31900,14,0.007809
2015,32580,14,0.010093
2015,32780,14,0.014826
2015,32900,14,0.010635
2015,33140,14,0.003364
2015,33340,14,0.004973
2015,33540,14,-0.015826
2015,33700,14,0.023405
2015,33780,14,0.011655
2015,33860,14,0.000725
2015,34060,14,-0.022311
2015,34580,14,0.007942
2015,34620,14,-0.009475
2015,34740,14,0.013121
2015,34900,14,0.006013
2015,34940,14,0.023489
2015,35300,14,-0.004455
2015,35660,14,0.008465
2015,35980,14,0.002451
2015,36100,14,0.027743
2015,36220,14,0.008064
2015,36420,14,-0.001671
2015,36500,14,0.003824
2015,36540,14,0.003677
2015,36740,14,0.033814
2015,36780,14,-0.007927
2015,36980,14,-0.015212
2015,37100,14,-0.007207
2015,37340,14,0.016109
2015,37860,14,0.000879
2015,38060,14,0.013041
2015,38300,14,-0.006541
2015,38340,14,-0.01333
2015,38860,14,0.003422
2015,38900,14,0.00444
2015,38940,14,0.020841
2015,39300,14,0.01043
2015,39340,14,0.000893
2015,39380,14,-0.011128
2015,39460,14,0.0129
2015,39540,14,0.012494
2015,39580,14,-0.000984
2015,39740,14,0.010001
2015,39820,14,0.002091
2015,39900,14,0.043194
2015,40140,14,0.007443
2015,40220,14,-0.013047
2015,40420,14,0.001968
2015,40580,14,-0.025037
2015,40660,14,-0.007252
2015,40900,14,0.005466
2015,40980,14,-0.007322
2015,41060,14,0.01393
2015,41100,14,0.014085
2015,41140,14,-0.007211
2015,41420,14,0.014487
2015,41500,14,0.010819
2015,41700,14,0.015413
2015,41740,14,-0.010606
2015,41940,14,-0.016487
2015,42020,14,8.9e-05
2015,42100,14,-0.001362
2015,42140,14,-0.005311
2015,42220,14,0.005629
2015,42340,14,0.014668
2015,42540,14,-0.003531
2015,42680,14,0.035986
2015,43100,14,0.001742
2015,43300,14,0.008964
2015,43620,14,0.004469
2015,43780,14,0.001905
2015,44100,14,-0.018442
2015,44180,14,0.005175
2015,44220,14,0.000774
2015,44300,14,-0.006824
2015,44700,14,0.011878
2015,45060,14,-0.003075
2015,45220,14,-0.000242
2015,45820,14,-0.003971
2015,45940,14,0.007331
2015,46060,14,0.009561
2015,46140,14,-0.004578
2015,46340,14,0.0062
2015,46540,14,-0.00733
2015,46660,14,-0.020274
2015,46700,14,0.027571
2015,47220,14,0.009557
2015,47300,14,0.010165
2015,47940,14,-0.007725
2015,48300,14,-0.00354
2015,48540,14,-0.020335
2015,48660,14,-0.010468
2015,48700,14,-0.014658
2015,49020,14,-0.002347
2015,49420,14,-0.027329
2015,49620,14,0.01611
2015,49660,14,-0.00377
2015,49700,14,0.022667
2015,49740,14,0.00513
2015,10180,15,0.001327
2015,10420,15,0.005571
2015,10580,15,-0.002224
2015,10740,15,-0.017035
2015,10780,15,-0.013033
2015,10900,15,0.016295
2015,11020,15,-0.009362
2015,11260,15,-0.034715
2015,11460,15,0.014119
2015,11500,15,-0.005382
2015,11540,15,0.000762
2015,11700,15,-0.002578
2015,12020,15,0.003375
2015,12100,15,9.4e-05
2015,12220,15,0.019826
2015,12420,15,0.027011
2015,12540,15,0.003069
2015,12580,15,-0.014356
2015,12620,15,2.8e-05
2015,12700,15,0.000201
2015,12980,15,0.003096
2015,13020,15,-0.005969
2015,13380,15,-0.013174
2015,13460,15,0.034315
2015,13780,15,-0.004396
2015,14260,15,0.026719
2015,14500,15,-0.008251
2015,14740,15,-0.007186
2015,14860,15,0.004948
2015,15180,15,-0.011123
2015,15260,15,0.014211
2015,15380,15,7.2e-05
2015,15500,15,-0.018429
2015,15540,15,-0.006241
2015,15940,15,0.007157
2015,15980,15,0.016381
2015,16180,15,0.051168
2015,16220,15,-0.035467
2015,16300,15,-0.002579
2015,16700,15,0.012677
2015,16860,15,-0.020606
2015,16940,15,-0.033849
2015,17020,15,-0.001798
2015,17420,15,0.006591
2015,17660,15,0.019363
2015,17780,15,0.008891
2015,17820,15,-0.011137
2015,17900,15,-0.010282
2015,18020,15,-0.004421
2015,18700,15,-0.015603
2015,19140,15,0.006141
2015,19340,15,-0.014376
2015,19460,15,-0.002466
2015,19500,15,-0.025977
2015,19740,15,0.005413
2015,20020,15,0.004061
2015,20100,15,-0.001345
2015,20220,15,-0.012562
2015,20740,15,-0.008816
2015,20940,15,0.007514
2015,21140,15,0.007206
2015,21300,15,-0.01138
2015,21500,15,-0.014147
2015,21660,15,-0.002894
2015,21820,15,-0.066095
2015,22020,15,0.008797
2015,22140,15,-0.049596
2015,22380,15,0.012338
2015,22420,15,0.018465
2015,22500,15,-0.021393
2015,22520,15,0.000827
2015,22540,15,-0.011527
2015,22660,15,0.003104
2015,23420,15,0.008108
2015,23460,15,-0.014354
2015,23580,15,0.03809
2015,24020,15,-0.005432
2015,24140,15,-0.036357
2015,24220,15,-0.00259
2015,24300,15,-0.002479
2015,24500,15,-0.035022
2015,24540,15,0.015547
2015,24580,15,0.001485
2015,24660,15,-0.015639
2015,25260,15,-0.004861
2015,25420,15,0.005713
2015,25500,15,-0.009591
2015,25540,15,-0.003839
2015,25860,15,-0.020824
2015,25980,15,0.008733
2015,26300,15,-0.007942
2015,26380,15,-0.006684
2015,26620,15,0.003946
2015,26980,15,0.000626
2015,27060,15,0.005818
2015,27100,15,0.01685
2015,27260,15,0.022107
2015,27340,15,-0.033803
2015,27500,15,0.005358
2015,27620,15,-0.008889
2015,27740,15,-0.005216
2015,27780,15,-0.007431
2015,27860,15,-0.014028
2015,27900,15,0.000414
2015,28100,15,-0.010494
2015,28420,15,-0.02895
2015,28660,15,-0.013041
2015,28700,15,-0.031132
2015,28740,15,0.006084
2015,29100,15,-0.007878
2015,29340,15,-0.000102
2015,29420,15,0.004175
2015,29460,15,0.038547
2015,29540,15,0.010422
2015,29700,15,0.010103
2015,29740,15,-0.024313
2015,29820,15,0.0471
2015,29940,15,0.007171
2015,30140,15,0.007241
2015,30300,15,-0.012019
2015,30340,15,-0.001889
2015,30460,15,0.002034
2015,30620,15,-0.008163
2015,30700,15,0.007227
2015,30780,15,-0.010686
2015,30860,15,-0.015723
2015,31020,15,0.002083
2015,31420,15,-0.014383
2015,31700,15,0.011628
2015,31900,15,0.006644
2015,32580,15,0.008966
2015,32780,15,0.014447
2015,32900,15,0.012859
2015,33140,15,0.002245
2015,33340,15,0.002733
2015,33540,15,-0.016196
2015,33700,15,0.023296
2015,33780,15,0.013913
2015,33860,15,0.00122
2015,34060,15,-0.024257
2015,34580,15,0.005965
2015,34620,15,-0.004999
2015,34740,15,0.013301
2015,34900,15,0.006287
2015,34940,15,0.026644
2015,35300,15,-0.004791
2015,35660,15,0.00689
2015,35980,15,0.000999
2015,36100,15,0.024063
2015,36220,15,0.010265
2015,36420,15,-0.000964
2015,36500,15,0.000356
2015,36540,15,0.003513
2015,36740,15,0.035119
2015,36780,15,-0.008975
2015,36980,15,-0.011844
2015,37100,15,-0.008472
2015,37340,15,0.014943
2015,37860,15,0.000141
2015,38060,15,0.017267
2015,38300,15,-0.0044
2015,38340,15,-0.016194
2015,38860,15,0.005058
2015,38900,15,0.006179
2015,38940,15,0.020657
2015,39300,15,0.009336
2015,39340,15,0.003945
2015,39380,15,-0.014048
2015,39460,15,0.01403
2015,39540,15,0.00909
2015,39580,15,0.002846
2015,39740,15,0.008004
2015,39820,15,-0.000671
2015,39900,15,0.04308
2015,40140,15,0.007254
2015,40220,15,-0.014893
2015,40420,15,-0.002117
2015,40580,15,-0.024721
2015,40660,15,-0.00845
2015,40900,15,0.006748
2015,40980,15,-0.00506
2015,41060,15,0.011437
2015,41100,15,0.02097
2015,41140,15,-0.008969
2015,41420,15,0.012924
2015,41500,15,0.008329
2015,41700,15,0.013497
2015,41740,15,-0.009521
2015,41940,15,-0.012065
2015,42020,15,-0.001653
2015,42100,15,-0.001159
2015,42140,15,-0.008572
2015,42220,15,0.006936
2015,42340,15,0.01349
2015,42540,15,-0.004209
2015,42680,15,0.033992
2015,43100,15,-0.000351
2015,43300,15,0.008054
2015,43620,15,0.005925
2015,43780,15,0.002301
2015,44100,15,-0.018177
2015,44180,15,0.00401
2015,44220,15,0.001617
2015,44300,15,-0.003445
2015,44700,15,0.016528
2015,45060,15,-0.002752
2015,45220,15,-0.001324
2015,45820,15,-0.00703
2015,45940,15,0.006637
2015,46060,15,0.007987
2015,46140,15,-0.004068
2015,46340,15,0.004631
2015,46540,15,-0.007438
2015,46660,15,-0.019855
2015,46700,15,0.028576
2015,47220,15,0.00782
2015,47300,15,0.008102
2015,47940,15,-0.008593
2015,48300,15,-0.005915
2015,48540,15,-0.019555
2015,48660,15,-0.012334
2015,48700,15,-0.013696
2015,49020,15,-0.0031
2015,49420,15,-0.028245
2015,49620,15,0.014536
2015,49660,15,-0.003712
2015,49700,15,0.020705
2015,49740,15,0.003703
2015,10180,16,0.001931
2015,10420,16,0.004382
2015,10580,16,-0.000103
2015,10740,16,-0.013171
2015,10780,16,-0.010099
2015,10900,16,0.016874
2015,11020,16,-0.010925
2015,11260,16,-0.031337
2015,11460,16,0.00944
2015,11500,16,-0.003528
2015,11540,16,0.000128
2015,11700,16,-0.001032
2015,12020,16,0.003753
2015,12100,16,0.006247
2015,12220,16,0.019555
2015,12420,16,0.020691
2015,12540,16,0.002754
2015,12580,16,-0.007823
2015,12620,16,-0.000405
2015,12700,16,0.001231
2015,12980,16,0.002137
2015,13020,16,-0.005314
2015,13380,16,-0.009889
2015,13460,16,0.02706
2015,13780,16,-0.004481
2015,14260,16,0.020509
2015,14500,16,-0.009226
2015,14740,16,-0.002684
2015,14860,16,0.004607
2015,15180,16,-0.010648
2015,15260,16,0.017599
2015,15380,16,-0.00287
2015,15500,16,-0.022083
2015,15540,16,-0.007084
2015,15940,16,0.005713
2015,15980,16,0.011321
2015,16180,16,0.052381
2015,16220,16,-0.02951
2015,16300,16,-0.003092
2015,16700,16,0.011507
2015,16860,16,-0.019701
2015,16940,16,-0.030517
2015,17020,16,0.000332
2015,17420,16,0.005272
2015,17660,16,0.018074
2015,17780,16,0.006331
2015,17820,16,-0.012715
2015,17900,16,-0.010779
2015,18020,16,-0.006567
2015,18700,16,-0.013988
2015,19140,16,0.005337
2015,19340,16,-0.012781
2015,19460,16,-0.001867
2015,19500,16,-0.023415
2015,19740,16,-0.000385
2015,20020,16,0.005072
2015,20100,16,0.000225
2015,20220,16,-0.011611
2015,20740,16,-0.006727
2015,20940,16,0.00573
2015,21140,16,0.004767
2015,21300,16,-0.011784
2015,21500,16,-0.01767
2015,21660,16,-0.002014
2015,21820,16,-0.058783
2015,22020,16,0.006747
2015,22140,16,-0.038994
2015,22380,16,0.016638
2015,22420,16,0.015092
2015,22500,16,-0.021561
2015,22520,16,0.000395
2015,22540,16,-0.010751
2015,22660,16,-0.003334
2015,23420,16,0.009567
2015,23460,16,-0.012823
2015,23580,16,0.03496
2015,24020,16,-0.0013
2015,24140,16,-0.036419
2015,24220,16,-0.001838
2015,24300,16,0.000334
2015,24500,16,-0.032524
2015,24540,16,0.007116
2015,24580,16,0.00087
2015,24660,16,-0.017867
2015,25260,16,0.000992
2015,25420,16,0.003843
2015,25500,16,-0.007267
2015,25540,16,-0.003786
2015,25860,16,-0.020214
2015,25980,16,0.00536
2015,26300,16,-0.004814
2015,26380,16,-0.004133
2015,26620,16,0.002797
2015,26980,16,-0.000991
2015,27060,16,0.00656
2015,27100,16,0.015131
2015,27260,16,0.022565
2015,27340,16,-0.031557
2015,27500,16,0.005015
2015,27620,16,-0.007484
2015,27740,16,-0.003937
2015,27780,16,-0.008105
2015,27860,16,-0.015314
2015,27900,16,9.5e-05
2015,28100,16,-0.006564
2015,28420,16,-0.030779
2015,28660,16,-0.010866
2015,28700,16,-0.02925
2015,28740,16,0.010689
2015,29100,16,-0.006579
2015,29340,16,0.000831
2015,29420,16,0.007317
2015,29460,16,0.037354
2015,29540,16,0.008997
2015,29700,16,0.011136
2015,29740,16,-0.019282
2015,29820,16,0.041262
2015,29940,16,0.005759
2015,30140,16,0.00552
2015,30300,16,-0.007091
2015,30340,16,-0.002556
2015,30460,16,0.000641
2015,30620,16,-0.00785
2015,30700,16,0.004493
2015,30780,16,-0.009622
2015,30860,16,-0.016603
2015,31020,16,0.002761
2015,31420,16,-0.012724
2015,31700,16,0.010083
2015,31900,16,0.006624
2015,32580,16,0.008057
2015,32780,16,0.014967
2015,32900,16,0.008594
2015,33140,16,0.00261
2015,33340,16,0.005819
2015,33540,16,-0.013106
2015,33700,16,0.019651
2015,33780,16,0.011885
2015,33860,16,0.002409
2015,34060,16,-0.022371
2015,34580,16,0.006399
2015,34620,16,-0.005322
2015,34740,16,0.012093
2015,34900,16,0.006052
2015,34940,16,0.024292
2015,35300,16,-0.003601
2015,35660,16,0.008946
2015,35980,16,0.002597
2015,36100,16,0.026743
2015,36220,16,0.007483
2015,36420,16,-0.000767
2015,36500,16,0.002879
2015,36540,16,0.002351
2015,36740,16,0.033215
2015,36780,16,-0.007736
2015,36980,16,-0.013633
2015,37100,16,-0.00581
2015,37340,16,0.016323
2015,37860,16,0.001464
2015,38060,16,0.011535
2015,38300,16,-0.006972
2015,38340,16,-0.014558
2015,38860,16,0.003532
2015,38900,16,0.004301
2015,38940,16,0.020388
2015,39300,16,0.010293
2015,39340,16,-0.000262
2015,39380,16,-0.014255
2015,39460,16,0.011297
2015,39540,16,0.011902
2015,39580,16,-0.002308
2015,39740,16,0.008406
2015,39820,16,0.001707
2015,39900,16,0.039839
2015,40140,16,0.007281
2015,40220,16,-0.011715
2015,40420,16,0.001903
2015,40580,16,-0.024404
2015,40660,16,-0.008278
2015,40900,16,0.003949
2015,40980,16,-0.005244
2015,41060,16,0.014066
2015,41100,16,0.014489
2015,41140,16,-0.006446
2015,41420,16,0.011406
2015,41500,16,0.009186
2015,41700,16,0.012329
2015,41740,16,-0.009087
2015,41940,16,-0.015327
2015,42020,16,-0.000624
2015,42100,16,-0.001808
2015,42140,16,-0.004485
2015,42220,16,0.004665
2015,42340,16,0.012805
2015,42540,16,-0.004283
2015,42680,16,0.03368
2015,43100,16,-0.000381
2015,43300,16,0.006334
2015,43620,16,0.003045
2015,43780,16,0.00208
2015,44100,16,-0.018682
2015,44180,16,0.004307
2015,44220,16,0.002108
2015,44300,16,-0.00563
2015,44700,16,0.010077
2015,45060,16,-0.003294
2015,45220,16,0.002024
2015,45820,16,-0.00465
2015,45940,16,0.009191
2015,46060,16,0.010417
2015,46140,16,-0.004205
2015,46340,16,0.005408
2015,46540,16,-0.006354
2015,46660,16,-0.019323
2015,46700,16,0.024698
2015,47220,16,0.010133
2015,47300,16,0.009014
2015,47940,16,-0.006587
2015,48300,16,-0.003999
2015,48540,16,-0.018015
2015,48660,16,-0.009473
2015,48700,16,-0.016272
2015,49020,16,-0.000731
2015,49420,16,-0.027786
2015,49620,16,0.014317
2015,49660,16,-0.003702
2015,49700,16,0.021013
2015,49740,16,0.0064
2015,10180,17,0.004589
2015,10420,17,0.002962
2015,10580,17,0.001493
2015,10740,17,-0.011506
2015,10780,17,-0.00694
2015,10900,17,0.017208
2015,11020,17,-0.011721
2015,11260,17,-0.031898
2015,11460,17,0.007796
2015,11500,17,-0.000559
2015,11540,17,-0.001735
2015,11700,17,0.00049
2015,12020,17,0.001923
2015,12100,17,0.012084
2015,12220,17,0.017539
2015,12420,17,0.015202
2015,12540,17,0.005851
2015,12580,17,-0.000556
2015,12620,17,-0.000731
2015,12700,17,0.003126
2015,12980,17,0.001446
2015,13020,17,-0.004341
2015,13380,17,-0.011012
2015,13460,17,0.020518
2015,13780,17,-0.003685
2015,14260,17,0.01575
2015,14500,17,-0.010422
2015,14740,17,-0.002171
2015,14860,17,0.003211
2015,15180,17,-0.011309
2015,15260,17,0.018582
2015,15380,17,-0.005251
2015,15500,17,-0.028347
2015,15540,17,-0.007663
2015,15940,17,0.003998
2015,15980,17,0.012714
2015,16180,17,0.057114
2015,16220,17,-0.024439
2015,16300,17,-0.003808
2015,16700,17,0.009265
2015,16860,17,-0.019671
2015,16940,17,-0.029637
2015,17020,17,0.000964
2015,17420,17,0.004263
2015,17660,17,0.01536
2015,17780,17,0.003758
2015,17820,17,-0.016942
2015,17900,17,-0.01439
2015,18020,17,-0.009337
2015,18700,17,-0.017765
2015,19140,17,0.004951
2015,19340,17,-0.010999
2015,19460,17,-0.000567
2015,19500,17,-0.019857
2015,19740,17,-0.005906
2015,20020,17,0.005352
2015,20100,17,-0.000462
2015,20220,17,-0.00999
2015,20740,17,-0.005126
2015,20940,17,0.007699
2015,21140,17,0.002387
2015,21300,17,-0.011825
2015,21500,17,-0.021354
2015,21660,17,-0.005214
2015,21820,17,-0.056764
2015,22020,17,0.003869
2015,22140,17,-0.029696
2015,22380,17,0.021723
2015,22420,17,0.014742
2015,22500,17,-0.022959
2015,22520,17,0.000974
2015,22540,17,-0.010491
2015,22660,17,-0.011017
2015,23420,17,0.012432
2015,23460,17,-0.010155
2015,23580,17,0.031651
2015,24020,17,0.003022
2015,24140,17,-0.03789
2015,24220,17,0.000279
2015,24300,17,0.001329
2015,24500,17,-0.029768
2015,24540,17,-0.001791
2015,24580,17,-0.001274
2015,24660,17,-0.022309
2015,25260,17,0.006118
2015,25420,17,0.000394
2015,25500,17,-0.005939
2015,25540,17,-0.004529
2015,25860,17,-0.020994
2015,25980,17,0.000841
2015,26300,17,-0.001597
2015,26380,17,-0.000727
2015,26620,17,0.000401
2015,26980,17,-0.003845
2015,27060,17,0.009075
2015,27100,17,0.014599
2015,27260,17,0.023167
2015,27340,17,-0.034406
2015,27500,17,0.004992
2015,27620,17,-0.005585
2015,27740,17,-0.002276
2015,27780,17,-0.007911
2015,27860,17,-0.017861
2015,27900,17,0.000958
2015,28100,17,-0.003435
2015,28420,17,-0.039913
2015,28660,17,-0.010493
2015,28700,17,-0.02775
2015,28740,17,0.015963
2015,29100,17,-0.005368
2015,29340,17,0.002142
2015,29420,17,0.014063
2015,29460,17,0.038148
2015,29540,17,0.007004
2015,29700,17,0.011105
2015,29740,17,-0.018255
2015,29820,17,0.043161
2015,29940,17,0.003338
2015,30140,17,0.002834
2015,30300,17,-0.002295
2015,30340,17,-0.002905
2015,30460,17,-0.000889
2015,30620,17,-0.007182
2015,30700,17,0.001419
2015,30780,17,-0.009711
2015,30860,17,-0.020354
2015,31020,17,-8.2e-05
2015,31420,17,-0.013498
2015,31700,17,0.009095
2015,31900,17,0.005995
2015,32580,17,0.006328
2015,32780,17,0.013514
2015,32900,17,0.013686
2015,33140,17,0.003287
2015,33340,17,0.008921
2015,33540,17,-0.011534
2015,33700,17,0.023559
2015,33780,17,0.011159
2015,33860,17,0.003068
2015,34060,17,-0.019543
2015,34580,17,0.00203
2015,34620,17,-0.007484
2015,34740,17,0.011073
2015,34900,17,0.009168
2015,34940,17,0.027432
2015,35300,17,-0.002791
2015,35660,17,0.011633
2015,35980,17,0.003032
2015,36100,17,0.030661
2015,36220,17,0.006001
2015,36420,17,-0.001589
2015,36500,17,-0.00045
2015,36540,17,0.000458
2015,36740,17,0.033284
2015,36780,17,-0.007257
2015,36980,17,-0.01553
2015,37100,17,-0.00109
2015,37340,17,0.021509
2015,37860,17,0.001724
2015,38060,17,0.011859
2015,38300,17,-0.009054
2015,38340,17,-0.012345
2015,38860,17,0.001845
2015,38900,17,-0.000175
2015,38940,17,0.026831
2015,39300,17,0.012275
2015,39340,17,-0.004657
2015,39380,17,-0.015864
2015,39460,17,0.012155
2015,39540,17,0.014281
2015,39580,17,-0.011001
2015,39740,17,0.008559
2015,39820,17,0.004247
2015,39900,17,0.042097
2015,40140,17,0.013178
2015,40220,17,-0.010064
2015,40420,17,0.004135
2015,40580,17,-0.025756
2015,40660,17,-0.008687
2015,40900,17,0.003693
2015,40980,17,-0.005873
2015,41060,17,0.017091
2015,41100,17,0.006681
2015,41140,17,-0.003403
2015,41420,17,0.005857
2015,41500,17,0.013834
2015,41700,17,0.011984
2015,41740,17,-0.007431
2015,41940,17,-0.01672
2015,42020,17,0.001174
2015,42100,17,-0.001766
2015,42140,17,-0.002635
2015,42220,17,0.005091
2015,42340,17,0.011137
2015,42540,17,-0.004986
2015,42680,17,0.036099
2015,43100,17,-0.000259
2015,43300,17,0.006883
2015,43620,17,-0.001532
2015,43780,17,0.001636
2015,44100,17,-0.018157
2015,44180,17,0.003934
2015,44220,17,0.001584
2015,44300,17,-0.009025
2015,44700,17,0.010527
2015,45060,17,-0.004164
2015,45220,17,0.004018
2015,45820,17,-0.00165
2015,45940,17,0.011066
2015,46060,17,0.012767
2015,46140,17,-0.005328
2015,46340,17,0.006696
2015,46540,17,-0.005059
2015,46660,17,-0.020919
2015,46700,17,0.027364
2015,47220,17,0.011567
2015,47300,17,0.011222
2015,47940,17,-0.003723
2015,48300,17,-0.006528
2015,48540,17,-0.014714
2015,48660,17,-0.006434
2015,48700,17,-0.01622
2015,49020,17,0.0042
2015,49420,17,-0.03272
2015,49620,17,0.013357
2015,49660,17,-0.003733
2015,49700,17,0.025099
2015,49740,17,0.008731
2015,10180,18,0.003252
2015,10420,18,0.008147
2015,10580,18,-0.003911
2015,10740,18,-0.015755
2015,10780,18,-0.015232
2015,10900,18,0.018855
2015,11020,18,-0.012548
2015,11260,18,-0.031182
2015,11460,18,0.012294
2015,11500,18,-0.004432
2015,11540,18,-0.001795
2015,11700,18,0.002605
2015,12020,18,0.001511
2015,12100,18,-0.001683
2015,12220,18,0.026206
2015,12420,18,0.024489
2015,12540,18,-0.001395
2015,12580,18,-0.016676
2015,12620,18,0.002803
2015,12700,18,-0.002954
2015,12980,18,0.005282
2015,13020,18,-0.004647
2015,13380,18,-0.012726
2015,13460,18,0.026543
2015,13780,18,-0.000594
2015,14260,18,0.020941
2015,14500,18,-0.004678
2015,14740,18,-0.005113
2015,14860,18,0.002683
2015,15180,18,-0.013504
2015,15260,18,0.016439
2015,15380,18,0.00038
2015,15500,18,-0.018501
2015,15540,18,-0.009006
2015,15940,18,0.007348
2015,15980,18,0.008442
2015,16180,18,0.055664
2015,16220,18,-0.037039
2015,16300,18,0.000118
2015,16700,18,0.012804
2015,16860,18,-0.019359
2015,16940,18,-0.036602
2015,17020,18,-0.00028
2015,17420,18,0.008917
2015,17660,18,0.016567
2015,17780,18,0.008264
2015,17820,18,-0.011092
2015,17900,18,-0.008963
2015,18020,18,-0.006165
2015,18700,18,-0.0245
2015,19140,18,0.016434
2015,19340,18,-0.014966
2015,19460,18,5.9e-05
2015,19500,18,-0.024572
2015,19740,18,0.00869
2015,20020,18,0.002649
2015,20100,18,-0.001699
2015,20220,18,-0.011218
2015,20740,18,-0.011742
2015,20940,18,0.002017
2015,21140,18,0.009865
2015,21300,18,-0.01923
2015,21500,18,-0.019562
2015,21660,18,-0.002068
2015,21820,18,-0.068842
2015,22020,18,0.002623
2015,22140,18,-0.052889
2015,22380,18,0.014834
2015,22420,18,0.015751
2015,22500,18,-0.021462
2015,22520,18,0.000756
2015,22540,18,-0.01415
2015,22660,18,0.004532
2015,23420,18,0.00679
2015,23460,18,-0.016251
2015,23580,18,0.046563
2015,24020,18,-0.008587
2015,24140,18,-0.042181
2015,24220,18,-0.012272
2015,24300,18,-0.002874
2015,24500,18,-0.030806
2015,24540,18,0.02148
2015,24580,18,-0.000706
2015,24660,18,-0.013465
2015,25260,18,-0.006682
2015,25420,18,0.006829
2015,25500,18,-0.006846
2015,25540,18,-0.003622
2015,25860,18,-0.017573
2015,25980,18,0.011671
2015,26300,18,-0.007955
2015,26380,18,-0.00596
2015,26620,18,0.003917
2015,26980,18,0.000622
2015,27060,18,0.010752
2015,27100,18,0.019121
2015,27260,18,0.02164
2015,27340,18,-0.047132
2015,27500,18,0.00793
2015,27620,18,-0.007387
2015,27740,18,-0.008305
2015,27780,18,-0.009635
2015,27860,18,-0.016938
2015,27900,18,-0.000777
2015,28100,18,-0.01086
2015,28420,18,-0.033262
2015,28660,18,-0.014774
2015,28700,18,-0.03204
2015,28740,18,0.011347
2015,29100,18,-0.009607
2015,29340,18,-0.002456
2015,29420,18,0.000927
2015,29460,18,0.042845
2015,29540,18,0.01438
2015,29700,18,0.009525
2015,29740,18,-0.024128
2015,29820,18,0.045957
2015,29940,18,0.008101
2015,30140,18,0.009998
2015,30300,18,-0.00602
2015,30340,18,-0.000984
2015,30460,18,0.004659
2015,30620,18,-0.007631
2015,30700,18,0.008346
2015,30780,18,-0.0112
2015,30860,18,-0.014926
2015,31020,18,0.008812
2015,31420,18,-0.015323
2015,31700,18,0.01335
2015,31900,18,0.009944
2015,32580,18,0.013201
2015,32780,18,0.014692
2015,32900,18,0.009756
2015,33140,18,0.004672
2015,33340,18,0.003971
2015,33540,18,-0.018221
2015,33700,18,0.025754
2015,33780,18,0.011714
2015,33860,18,-0.0007
2015,34060,18,-0.019529
2015,34580,18,0.011794
2015,34620,18,-0.013536
2015,34740,18,0.014832
2015,34900,18,0.005028
2015,34940,18,0.018273
2015,35300,18,-0.005758
2015,35660,18,0.008631
2015,35980,18,0.00215
2015,36100,18,0.027907
2015,36220,18,0.006034
2015,36420,18,-0.002895
2015,36500,18,0.006835
2015,36540,18,0.005624
2015,36740,18,0.031405
2015,36780,18,-0.008303
2015,36980,18,-0.017248
2015,37100,18,-0.008674
2015,37340,18,0.013928
2015,37860,18,0.000419
2015,38060,18,0.009156
2015,38300,18,-0.005073
2015,38340,18,-0.012179
2015,38860,18,0.003193
2015,38900,18,0.005126
2015,38940,18,0.018555
2015,39300,18,0.010553
2015,39340,18,0.001308
2015,39380,18,-0.003918
2015,39460,18,0.012461
2015,39540,18,0.012988
2015,39580,18,0.001069
2015,39740,18,0.012183
2015,39820,18,0.001403
2015,39900,18,0.044426
2015,40140,18,0.005062
2015,40220,18,-0.012826
2015,40420,18,0.001651
2015,40580,18,-0.024166
2015,40660,18,-0.00404
2015,40900,18,0.005702
2015,40980,18,-0.010048
2015,41060,18,0.014006
2015,41100,18,0.008715
2015,41140,18,-0.008218
2015,41420,18,0.020682
2015,41500,18,0.012123
2015,41700,18,0.020027
2015,41740,18,-0.012578
2015,41940,18,-0.018921
2015,42020,18,0.000866
2015,42100,18,0.000139
2015,42140,18,-0.003934
2015,42220,18,0.006911
2015,42340,18,0.017389
2015,42540,18,-0.002171
2015,42680,18,0.038559
2015,43100,18,0.003828
2015,43300,18,0.013438
2015,43620,18,0.00496
2015,43780,18,0.002297
2015,44100,18,-0.018202
2015,44180,18,0.006157
2015,44220,18,0.000591
2015,44300,18,-0.008396
2015,44700,18,0.01109
2015,45060,18,-0.001911
2015,45220,18,-0.003271
2015,45820,18,-0.00222
2015,45940,18,0.003804
2015,46060,18,0.007834
2015,46140,18,-0.005113
2015,46340,18,0.008734
2015,46540,18,-0.007667
2015,46660,18,-0.021786
2015,46700,18,0.029005
2015,47220,18,0.007278
2015,47300,18,0.010615
2015,47940,18,-0.008125
2015,48300,18,-0.000863
2015,48540,18,-0.019516
2015,48660,18,-0.010556
2015,48700,18,-0.012535
2015,49020,18,-0.005884
2015,49420,18,-0.023425
2015,49620,18,0.01817
2015,49660,18,-0.003261
2015,49700,18,0.02449
2015,49740,18,0.002402
2015,10180,19,0.001419
2015,10420,19,0.004885
2015,10580,19,-0.00104
2015,10740,19,-0.014965
2015,10780,19,-0.011588
2015,10900,19,0.016626
2015,11020,19,-0.010343
2015,11260,19,-0.032699
2015,11460,19,0.011427
2015,11500,19,-0.004443
2015,11540,19,0.000521
2015,11700,19,-0.001685
2015,12020,19,0.003435
2015,12100,19,0.003547
2015,12220,19,0.019965
2015,12420,19,0.023792
2015,12540,19,0.002912
2015,12580,19,-0.010847
2015,12620,19,-0.000248
2015,12700,19,0.000667
2015,12980,19,0.002562
2015,13020,19,-0.005656
2015,13380,19,-0.011192
2015,13460,19,0.030544
2015,13780,19,-0.004412
2015,14260,19,0.023416
2015,14500,19,-0.008895
2015,14740,19,-0.004704
2015,14860,19,0.004778
2015,15180,19,-0.010853
2015,15260,19,0.015944
2015,15380,19,-0.001644
2015,15500,19,-0.020285
2015,15540,19,-0.006646
2015,15940,19,0.006277
2015,15980,19,0.013684
2015,16180,19,0.051221
2015,16220,19,-0.031881
2015,16300,19,-0.002888
2015,16700,19,0.012243
2015,16860,19,-0.020154
2015,16940,19,-0.031881
2015,17020,19,-0.000528
2015,17420,19,0.00591
2015,17660,19,0.018843
2015,17780,19,0.007596
2015,17820,19,-0.011906
2015,17900,19,-0.010429
2015,18020,19,-0.005418
2015,18700,19,-0.014888
2015,19140,19,0.005581
2015,19340,19,-0.013465
2015,19460,19,-0.002289
2015,19500,19,-0.024426
2015,19740,19,0.002239
2015,20020,19,0.004528
2015,20100,19,-0.000296
2015,20220,19,-0.012045
2015,20740,19,-0.007595
2015,20940,19,0.006348
2015,21140,19,0.005982
2015,21300,19,-0.011877
2015,21500,19,-0.016072
2015,21660,19,-0.002374
2015,21820,19,-0.061917
2015,22020,19,0.007982
2015,22140,19,-0.043988
2015,22380,19,0.014517
2015,22420,19,0.016274
2015,22500,19,-0.021536
2015,22520,19,0.000429
2015,22540,19,-0.010966
2015,22660,19,-0.00026
2015,23420,19,0.008888
2015,23460,19,-0.013593
2015,23580,19,0.036145
2015,24020,19,-0.003182
2015,24140,19,-0.036335
2015,24220,19,-0.002226
2015,24300,19,-0.000927
2015,24500,19,-0.033651
2015,24540,19,0.011055
2015,24580,19,0.001282
2015,24660,19,-0.016794
2015,25260,19,-0.001871
2015,25420,19,0.004777
2015,25500,19,-0.00819
2015,25540,19,-0.003845
2015,25860,19,-0.020572
2015,25980,19,0.006944
2015,26300,19,-0.006341
2015,26380,19,-0.005365
2015,26620,19,0.003534
2015,26980,19,-4.8e-05
2015,27060,19,0.006174
2015,27100,19,0.015775
2015,27260,19,0.022346
2015,27340,19,-0.031974
2015,27500,19,0.005231
2015,27620,19,-0.00827
2015,27740,19,-0.004521
2015,27780,19,-0.007955
2015,27860,19,-0.014663
2015,27900,19,1.4e-05
2015,28100,19,-0.008322
2015,28420,19,-0.029606
2015,28660,19,-0.011799
2015,28700,19,-0.030189
2015,28740,19,0.008623
2015,29100,19,-0.007038
2015,29340,19,0.000294
2015,29420,19,0.005669
2015,29460,19,0.037793
2015,29540,19,0.009704
2015,29700,19,0.010634
2015,29740,19,-0.021449
2015,29820,19,0.043724
2015,29940,19,0.006532
2015,30140,19,0.006405
2015,30300,19,-0.009518
2015,30340,19,-0.002224
2015,30460,19,0.001387
2015,30620,19,-0.007957
2015,30700,19,0.005745
2015,30780,19,-0.010051
2015,30860,19,-0.016108
2015,31020,19,0.002421
2015,31420,19,-0.013698
2015,31700,19,0.010704
2015,31900,19,0.006552
2015,32580,19,0.008527
2015,32780,19,0.014718
2015,32900,19,0.010258
2015,33140,19,0.002447
2015,33340,19,0.004433
2015,33540,19,-0.014456
2015,33700,19,0.021044
2015,33780,19,0.012517
2015,33860,19,0.001672
2015,34060,19,-0.02321
2015,34580,19,0.006372
2015,34620,19,-0.005345
2015,34740,19,0.012523
2015,34900,19,0.005989
2015,34940,19,0.02536
2015,35300,19,-0.004156
2015,35660,19,0.007879
2015,35980,19,0.001893
2015,36100,19,0.025382
2015,36220,19,0.00909
2015,36420,19,-0.000797
2015,36500,19,0.002017
2015,36540,19,0.002924
2015,36740,19,0.034093
2015,36780,19,-0.008149
2015,36980,19,-0.01285
2015,37100,19,-0.007112
2015,37340,19,0.015518
2015,37860,19,0.000916
2015,38060,19,0.014166
2015,38300,19,-0.005893
2015,38340,19,-0.015219
2015,38860,19,0.00425
2015,38900,19,0.005259
2015,38940,19,0.020308
2015,39300,19,0.009776
2015,39340,19,0.001763
2015,39380,19,-0.014192
2015,39460,19,0.012601
2015,39540,19,0.010671
2015,39580,19,0.000343
2015,39740,19,0.008227
2015,39820,19,0.000649
2015,39900,19,0.041037
2015,40140,19,0.007171
2015,40220,19,-0.013212
2015,40420,19,0.000141
2015,40580,19,-0.024687
2015,40660,19,-0.008527
2015,40900,19,0.005208
2015,40980,19,-0.005341
2015,41060,19,0.012722
2015,41100,19,0.017812
2015,41140,19,-0.007747
2015,41420,19,0.012172
2015,41500,19,0.008628
2015,41700,19,0.012933
2015,41740,19,-0.009243
2015,41940,19,-0.0138
2015,42020,19,-0.001039
2015,42100,19,-0.001599
2015,42140,19,-0.00638
2015,42220,19,0.005527
2015,42340,19,0.013212
2015,42540,19,-0.004256
2015,42680,19,0.03368
2015,43100,19,-0.000207
2015,43300,19,0.006903
2015,43620,19,0.004679
2015,43780,19,0.002151
2015,44100,19,-0.018355
2015,44180,19,0.00419
2015,44220,19,0.001734
2015,44300,19,-0.004523
2015,44700,19,0.012799
2015,45060,19,-0.003098
2015,45220,19,0.000462
2015,45820,19,-0.005858
2015,45940,19,0.008078
2015,46060,19,0.00922
2015,46140,19,-0.004153
2015,46340,19,0.004913
2015,46540,19,-0.006952
2015,46660,19,-0.019463
2015,46700,19,0.026201
2015,47220,19,0.009181
2015,47300,19,0.008574
2015,47940,19,-0.007641
2015,48300,19,-0.004724
2015,48540,19,-0.019183
2015,48660,19,-0.010941
2015,48700,19,-0.015118
2015,49020,19,-0.001855
2015,49420,19,-0.027849
2015,49620,19,0.014461
2015,49660,19,-0.003811
2015,49700,19,0.020593
2015,49740,19,0.005122
2016,10180,0,-0.010956
2016,10420,0,0.004612
2016,10580,0,0.002045
2016,10740,0,-0.009807
2016,10780,0,-0.019507
2016,10900,0,0.009086
2016,11020,0,-0.007077
2016,11260,0,-0.017382
2016,11460,0,-0.003474
2016,11500,0,-0.006363
2016,11540,0,0.004164
2016,11700,0,0.004336
2016,12020,0,0.021828
2016,12100,0,-0.005195
2016,12220,0,0.011717
2016,12420,0,0.014887
2016,12540,0,-0.023259
2016,12580,0,-0.021415
2016,12620,0,-0.014805
2016,12700,0,-0.0031
2016,12980,0,0.005299
2016,13020,0,-0.001875
2016,13380,0,0.018122
2016,13460,0,0.007757
2016,13780,0,-0.017691
2016,14260,0,-0.003145
2016,14500,0,0.021155
2016,14740,0,0.045504
2016,14860,0,0.004747
2016,15180,0,0.002169
2016,15260,0,0.014185
2016,15380,0,-0.000989
2016,15500,0,0.007297
2016,15540,0,-0.006693
2016,15940,0,-0.003515
2016,15980,0,0.016814
2016,16020,0,-0.0145
2016,16180,0,0.018211
2016,16220,0,-0.027165
2016,16300,0,0.002472
2016,16700,0,0.01809
2016,16860,0,-0.010959
2016,16940,0,-0.011661
2016,17020,0,-0.007772
2016,17420,0,0.003086
2016,17660,0,0.010119
2016,17780,0,0.025217
2016,17820,0,0.013574
2016,17900,0,0.005983
2016,18020,0,0.006106
2016,18700,0,0.011928
2016,19140,0,-0.002204
2016,19340,0,-0.011322
2016,19460,0,-0.00084
2016,19500,0,-0.015289
2016,19740,0,0.021453
2016,20020,0,0.001291
2016,20100,0,-0.006759
2016,20220,0,-0.006622
2016,20740,0,-0.003239
2016,20940,0,-0.013634
2016,21140,0,0.014446
2016,21300,0,-0.016936
2016,21500,0,0.002978
2016,21660,0,0.01139
2016,21820,0,-0.00841
2016,22020,0,0.003663
2016,22140,0,-0.074566
2016,22380,0,0.003434
2016,22420,0,-8e-06
2016,22500,0,-0.0205
2016,22520,0,-0.017115
2016,22540,0,0.001113
2016,22660,0,0.025546
2016,23420,0,-0.005715
2016,23460,0,-0.009643
2016,23580,0,0.022829
2016,24020,0,-0.004507
2016,24140,0,-0.019803
2016,24220,0,-0.022413
2016,24300,0,0.003234
2016,24500,0,-0.026772
2016,24540,0,0.031615
2016,24580,0,0.007032
2016,24660,0,-0.007254
2016,25260,0,0.000945
2016,25420,0,0.014885
2016,25500,0,-0.013282
2016,25540,0,-0.001575
2016,25860,0,-0.007295
2016,25980,0,-0.061905
2016,26300,0,-0.007587
2016,26380,0,-0.015689
2016,26620,0,0.00265
2016,26980,0,0.002862
2016,27060,0,-0.01522
2016,27100,0,0.009683
2016,27260,0,0.01384
2016,27340,0,-0.017823
2016,27500,0,0.00428
2016,27620,0,-0.003887
2016,27740,0,-0.005496
2016,27780,0,-0.009076
2016,27860,0,-0.000352
2016,27900,0,-0.001926
2016,28100,0,-0.001128
2016,28420,0,0.014616
2016,28660,0,0.006914
2016,28700,0,-0.018479
2016,28740,0,0.004627
2016,29100,0,-0.007206
2016,29340,0,-0.005945
2016,29420,0,-0.007615
2016,29460,0,0.018724
2016,29540,0,0.011794
2016,29700,0,-0.003358
2016,29740,0,-0.005894
2016,29820,0,0.002868
2016,29940,0,0.010505
2016,30140,0,0.00372
2016,30300,0,-0.01999
2016,30340,0,-0.004503
2016,30460,0,0.010829
2016,30620,0,-0.003689
2016,30700,0,0.006977
2016,30780,0,-0.009862
2016,30860,0,0.015791
2016,31020,0,0.030231
2016,31420,0,-0.007711
2016,31700,0,0.009707
2016,31860,0,-0.000931
2016,31900,0,0.007361
2016,32580,0,9e-05
2016,32780,0,0.005978
2016,32900,0,-0.019563
2016,33140,0,-0.008789
2016,33340,0,0.001228
2016,33540,0,-0.001973
2016,33700,0,-0.01382
2016,33780,0,0.00409
2016,33860,0,0.002457
2016,34060,0,-0.013324
2016,34580,0,0.028419
2016,34620,0,-0.01037
2016,34740,0,0.014589
2016,34900,0,-0.015629
2016,34940,0,0.018617
2016,35300,0,-0.000117
2016,35660,0,-0.000966
2016,35980,0,0.002869
2016,36100,0,0.015781
2016,36220,0,0.002464
2016,36420,0,0.004081
2016,36500,0,0.020672
2016,36540,0,0.010217
2016,36740,0,0.012859
2016,36780,0,-0.005243
2016,36980,0,0.006397
2016,37100,0,-0.016968
2016,37340,0,0.029782
2016,37860,0,0.002919
2016,38060,0,-0.014117
2016,38300,0,-0.002199
2016,38340,0,-0.002924
2016,38860,0,0.005802
2016,38900,0,0.016623
2016,38940,0,0.024365
2016,39300,0,0.009564
2016,39340,0,0.007663
2016,39380,0,0.023384
2016,39460,0,0.033127
2016,39540,0,0.005899
2016,39580,0,0.009927
2016,39740,0,0.012525
2016,39820,0,-0.019757
2016,39900,0,0.014308
2016,40140,0,-0.019858
2016,40220,0,-0.013389
2016,40420,0,0.00753
2016,40580,0,-0.027502
2016,40660,0,-0.005656
2016,40900,0,-0.007712
2016,40980,0,-0.008948
2016,41060,0,0.011912
2016,41100,0,-0.001353
2016,41140,0,-0.003405
2016,41420,0,0.028821
2016,41500,0,-0.002189
2016,41700,0,0.016452
2016,41740,0,-0.012534
2016,41940,0,-0.005999
2016,42020,0,-0.010062
2016,42100,0,0.0075
2016,42140,0,0.000652
2016,42220,0,-0.009431
2016,42340,0,0.008185
2016,42540,0,0.001434
2016,42680,0,0.024429
2016,43100,0,0.003804
2016,43300,0,0.01796
2016,43620,0,0.005038
2016,43780,0,0.001979
2016,44100,0,-0.012309
2016,44180,0,0.011136
2016,44220,0,0.000247
2016,44300,0,0.011633
2016,44700,0,-0.011527
2016,45060,0,-0.001664
2016,45220,0,0.00209
2016,45820,0,-0.002427
2016,45940,0,0.007892
2016,46060,0,-0.009634
2016,46140,0,0.008632
2016,46340,0,0.003474
2016,46540,0,-0.003761
2016,46660,0,-0.015758
2016,46700,0,-0.0086
2016,47220,0,0.000146
2016,47300,0,-0.013173
2016,47940,0,-0.010216
2016,48300,0,0.01983
2016,48540,0,-0.028112
2016,48660,0,-0.030804
2016,48700,0,-0.014984
2016,49020,0,-0.028981
2016,49420,0,0.004441
2016,49620,0,0.014386
2016,49660,0,-0.009098
2016,49700,0,-0.01305
2016,49740,0,-0.001806
2016,10180,1,-0.007945
2016,10420,1,0.00189
2016,10580,1,0.004574
2016,10740,1,-0.003453
2016,10780,1,-0.012652
2016,10900,1,0.008917
2016,11020,1,-0.008003
2016,11260,1,-0.01102
2016,11460,1,-0.011321
2016,11500,1,-0.00262
2016,11540,1,0.003544
2016,11700,1,0.004298
2016,12020,1,0.016141
2016,12100,1,0.003775
2016,12220,1,0.008433
2016,12420,1,0.00488
2016,12540,1,-0.017323
2016,12580,1,-0.010525
2016,12620,1,-0.011831
2016,12700,1,-0.002752
2016,12980,1,0.004818
2016,13020,1,-0.003527
2016,13380,1,0.020679
2016,13460,1,0.003624
2016,13780,1,-0.013431
2016,14260,1,-0.003254
2016,14500,1,0.009501
2016,14740,1,0.041419
2016,14860,1,0.004324
2016,15180,1,0.00386
2016,15260,1,0.016574
2016,15380,1,-0.005828
2016,15500,1,9.1e-05
2016,15540,1,-0.007312
2016,15940,1,-0.003711
2016,15980,1,0.003962
2016,16020,1,-0.008821
2016,16180,1,0.020175
2016,16220,1,-0.019881
2016,16300,1,0.000172
2016,16700,1,0.012788
2016,16860,1,-0.009872
2016,16940,1,-0.010574
2016,17020,1,-0.001376
2016,17420,1,0.000451
2016,17660,1,0.010847
2016,17780,1,0.016761
2016,17820,1,0.006477
2016,17900,1,0.003645
2016,18020,1,0.002054
2016,18700,1,0.013008
2016,19140,1,-0.003864
2016,19340,1,-0.009376
2016,19460,1,-0.000374
2016,19500,1,-0.009905
2016,19740,1,0.006631
2016,20020,1,0.004433
2016,20100,1,-0.001141
2016,20220,1,-0.006993
2016,20740,1,-0.001952
2016,20940,1,-0.013875
2016,21140,1,0.009616
2016,21300,1,-0.014257
2016,21500,1,-0.002287
2016,21660,1,0.01336
2016,21820,1,-0.003087
2016,22020,1,-0.001157
2016,22140,1,-0.045945
2016,22380,1,0.009065
2016,22420,1,-0.004021
2016,22500,1,-0.016633
2016,22520,1,-0.013005
2016,22540,1,0.003575
2016,22660,1,0.009845
2016,23420,1,-0.002479
2016,23460,1,-0.005653
2016,23580,1,0.016137
2016,24020,1,0.001827
2016,24140,1,-0.014438
2016,24220,1,-0.017348
2016,24300,1,0.010352
2016,24500,1,-0.019903
2016,24540,1,0.010722
2016,24580,1,0.005051
2016,24660,1,-0.00925
2016,25260,1,0.007506
2016,25420,1,0.010206
2016,25500,1,-0.006286
2016,25540,1,-0.001432
2016,25860,1,-0.006828
2016,25980,1,-0.039398
2016,26300,1,0.000353
2016,26380,1,-0.007977
2016,26620,1,0.002062
2016,26980,1,0.001211
2016,27060,1,-0.012805
2016,27100,1,0.005518
2016,27260,1,0.012888
2016,27340,1,-0.006092
2016,27500,1,0.004579
2016,27620,1,-0.002378
2016,27740,1,-0.002955
2016,27780,1,-0.006842
2016,27860,1,-0.003122
2016,27900,1,0.000353
2016,28100,1,0.004239
2016,28420,1,0.008909
2016,28660,1,0.005512
2016,28700,1,-0.013786
2016,28740,1,0.008996
2016,29100,1,-0.005549
2016,29340,1,-0.004797
2016,29420,1,-0.002691
2016,29460,1,0.016118
2016,29540,1,0.007518
2016,29700,1,-0.001207
2016,29740,1,0.00181
2016,29820,1,-0.004727
2016,29940,1,0.008031
2016,30140,1,0.001483
2016,30300,1,-0.010063
2016,30340,1,-0.004464
2016,30460,1,0.005758
2016,30620,1,-0.002091
2016,30700,1,0.00307
2016,30780,1,-0.006472
2016,30860,1,0.009858
2016,31020,1,0.02632
2016,31420,1,-0.004523
2016,31700,1,0.004404
2016,31860,1,0.00152
2016,31900,1,0.005805
2016,32580,1,-0.00073
2016,32780,1,0.008381
2016,32900,1,-0.026785
2016,33140,1,-0.005057
2016,33340,1,0.004635
2016,33540,1,0.000163
2016,33700,1,-0.018814
2016,33780,1,-0.000503
2016,33860,1,0.003812
2016,34060,1,-0.011791
2016,34580,1,0.028476
2016,34620,1,-0.007371
2016,34740,1,0.00965
2016,34900,1,-0.015018
2016,34940,1,0.009543
2016,35300,1,0.001629
2016,35660,1,0.002437
2016,35980,1,0.005864
2016,36100,1,0.017467
2016,36220,1,0.001085
2016,36420,1,0.003181
2016,36500,1,0.022335
2016,36540,1,0.005914
2016,36740,1,0.010103
2016,36780,1,-0.003285
2016,36980,1,-0.00023
2016,37100,1,-0.01185
2016,37340,1,0.022346
2016,37860,1,0.003336
2016,38060,1,-0.01412
2016,38300,1,-0.007421
2016,38340,1,0.001363
2016,38860,1,0.002959
2016,38900,1,0.014298
2016,38940,1,0.01479
2016,39300,1,0.007359
2016,39340,1,0.00102
2016,39380,1,0.01349
2016,39460,1,0.021006
2016,39540,1,0.009126
2016,39580,1,0.00248
2016,39740,1,0.010568
2016,39820,1,-0.010054
2016,39900,1,0.008943
2016,40140,1,-0.018152
2016,40220,1,-0.007369
2016,40420,1,0.011304
2016,40580,1,-0.022542
2016,40660,1,-0.006676
2016,40900,1,-0.009323
2016,40980,1,-0.008628
2016,41060,1,0.012539
2016,41100,1,-0.002884
2016,41140,1,-0.000142
2016,41420,1,0.024815
2016,41500,1,-0.006196
2016,41700,1,0.011266
2016,41740,1,-0.011202
2016,41940,1,-0.010631
2016,42020,1,-0.007259
2016,42100,1,0.002957
2016,42140,1,0.005964
2016,42220,1,-0.012106
2016,42340,1,0.007608
2016,42540,1,0.001024
2016,42680,1,0.017632
2016,43100,1,0.005222
2016,43300,1,0.00974
2016,43620,1,0.001948
2016,43780,1,0.001951
2016,44100,1,-0.011201
2016,44180,1,0.010286
2016,44220,1,9.1e-05
2016,44300,1,0.00732
2016,44700,1,-0.019503
2016,45060,1,-0.003365
2016,45220,1,0.008069
2016,45820,1,-0.000549
2016,45940,1,0.009445
2016,46060,1,-0.00279
2016,46140,1,0.00622
2016,46340,1,0.003219
2016,46540,1,-0.002721
2016,46660,1,-0.009226
2016,46700,1,-0.014939
2016,47220,1,0.007235
2016,47300,1,-0.009063
2016,47940,1,-0.007488
2016,48300,1,0.020679
2016,48540,1,-0.023921
2016,48660,1,-0.020986
2016,48700,1,-0.017823
2016,49020,1,-0.020499
2016,49420,1,0.004883
2016,49620,1,0.012128
2016,49660,1,-0.007279
2016,49700,1,-0.011237
2016,49740,1,0.005696
2016,10180,2,-0.014862
2016,10420,2,0.004755
2016,10580,2,0.00409
2016,10740,2,-0.008952
2016,10780,2,-0.020971
2016,10900,2,0.008837
2016,11020,2,-0.00832
2016,11260,2,-0.012097
2016,11460,2,-0.006847
2016,11500,2,-0.009397
2016,11540,2,0.006125
2016,11700,2,0.007147
2016,12020,2,0.021162
2016,12100,2,-0.004214
2016,12220,2,0.013582
2016,12420,2,0.017304
2016,12540,2,-0.029085
2016,12580,2,-0.021834
2016,12620,2,-0.017247
2016,12700,2,-0.002617
2016,12980,2,0.007511
2016,13020,2,-0.002801
2016,13380,2,0.02461
2016,13460,2,0.006326
2016,13780,2,-0.023155
2016,14260,2,-0.007626
2016,14500,2,0.026293
2016,14740,2,0.050953
2016,14860,2,0.006069
2016,15180,2,0.003865
2016,15260,2,0.015096
2016,15380,2,-0.000172
2016,15500,2,0.008267
2016,15540,2,-0.005896
2016,15940,2,-0.004203
2016,15980,2,0.016649
2016,16020,2,-0.01692
2016,16180,2,0.016288
2016,16220,2,-0.025355
2016,16300,2,0.000976
2016,16700,2,0.022324
2016,16860,2,-0.009732
2016,16940,2,-0.008005
2016,17020,2,-0.008081
2016,17420,2,0.002822
2016,17660,2,0.01043
2016,17780,2,0.028739
2016,17820,2,0.017303
2016,17900,2,0.008856
2016,18020,2,0.006894
2016,18700,2,0.016496
2016,19140,2,-0.006859
2016,19340,2,-0.011043
2016,19460,2,-0.000751
2016,19500,2,-0.016566
2016,19740,2,0.026787
2016,20020,2,0.002189
2016,20100,2,-0.005038
2016,20220,2,-0.007788
2016,20740,2,-0.002165
2016,20940,2,-0.01502
2016,21140,2,0.01528
2016,21300,2,-0.022262
2016,21500,2,0.00313
2016,21660,2,0.014904
2016,21820,2,-0.005392
2016,22020,2,0.007509
2016,22140,2,-0.073838
2016,22380,2,0.002461
2016,22420,2,-0.004289
2016,22500,2,-0.020864
2016,22520,2,-0.018069
2016,22540,2,0.002663
2016,22660,2,0.031356
2016,23420,2,-0.00787
2016,23460,2,-0.01101
2016,23580,2,0.023072
2016,24020,2,-0.003558
2016,24140,2,-0.019961
2016,24220,2,-0.022313
2016,24300,2,0.003106
2016,24500,2,-0.025801
2016,24540,2,0.035958
2016,24580,2,0.008471
2016,24660,2,-0.006558
2016,25260,2,0.000993
2016,25420,2,0.016827
2016,25500,2,-0.012209
2016,25540,2,-0.00206
2016,25860,2,-0.007425
2016,25980,2,-0.061478
2016,26300,2,-0.007864
2016,26380,2,-0.016051
2016,26620,2,0.005226
2016,26980,2,0.005229
2016,27060,2,-0.017247
2016,27100,2,0.007901
2016,27260,2,0.013708
2016,27340,2,-0.019059
2016,27500,2,0.004842
2016,27620,2,-0.00504
2016,27740,2,-0.00665
2016,27780,2,-0.012618
2016,27860,2,-0.000772
2016,27900,2,-0.003496
2016,28100,2,-0.001719
2016,28420,2,0.021871
2016,28660,2,0.006574
2016,28700,2,-0.018259
2016,28740,2,0.005769
2016,29100,2,-0.006596
2016,29340,2,-0.006976
2016,29420,2,-0.01194
2016,29460,2,0.015332
2016,29540,2,0.013095
2016,29700,2,-0.002261
2016,29740,2,-0.004325
2016,29820,2,-0.007795
2016,29940,2,0.010983
2016,30140,2,0.002339
2016,30300,2,-0.0194
2016,30340,2,-0.006607
2016,30460,2,0.012758
2016,30620,2,-0.002639
2016,30700,2,0.009643
2016,30780,2,-0.009934
2016,30860,2,0.018206
2016,31020,2,0.035007
2016,31420,2,-0.00906
2016,31700,2,0.009949
2016,31860,2,-0.001846
2016,31900,2,0.007097
2016,32580,2,-0.000236
2016,32780,2,0.006571
2016,32900,2,-0.02738
2016,33140,2,-0.007493
2016,33340,2,0.002178
2016,33540,2,-0.000622
2016,33700,2,-0.023721
2016,33780,2,0.002698
2016,33860,2,0.001882
2016,34060,2,-0.012501
2016,34580,2,0.036039
2016,34620,2,-0.011051
2016,34740,2,0.016176
2016,34900,2,-0.020105
2016,34940,2,0.023072
2016,35300,2,-0.000386
2016,35660,2,-0.000279
2016,35980,2,0.00359
2016,36100,2,0.013912
2016,36220,2,0.000434
2016,36420,2,0.006021
2016,36500,2,0.027879
2016,36540,2,0.011278
2016,36740,2,0.010631
2016,36780,2,-0.003813
2016,36980,2,0.006559
2016,37100,2,-0.018301
2016,37340,2,0.029903
2016,37860,2,0.004279
2016,38060,2,-0.024346
2016,38300,2,-0.001335
2016,38340,2,-0.002359
2016,38860,2,0.006811
2016,38900,2,0.0217
2016,38940,2,0.02503
2016,39300,2,0.009891
2016,39340,2,0.006837
2016,39380,2,0.026021
2016,39460,2,0.034124
2016,39540,2,0.006196
2016,39580,2,0.013624
2016,39740,2,0.013074
2016,39820,2,-0.022407
2016,39900,2,0.010456
2016,40140,2,-0.025342
2016,40220,2,-0.012967
2016,40420,2,0.00796
2016,40580,2,-0.030869
2016,40660,2,-0.009306
2016,40900,2,-0.013233
2016,40980,2,-0.011467
2016,41060,2,0.010921
2016,41100,2,-0.002729
2016,41140,2,-0.005194
2016,41420,2,0.033277
2016,41500,2,-0.004299
2016,41700,2,0.018963
2016,41740,2,-0.012453
2016,41940,2,-0.002092
2016,42020,2,-0.011031
2016,42100,2,0.009836
2016,42140,2,0.003115
2016,42220,2,-0.011455
2016,42340,2,0.007762
2016,42540,2,0.001375
2016,42680,2,0.025016
2016,43100,2,0.003732
2016,43300,2,0.015783
2016,43620,2,0.008677
2016,43780,2,0.002439
2016,44100,2,-0.012379
2016,44180,2,0.011746
2016,44220,2,0.00043
2016,44300,2,0.016851
2016,44700,2,-0.021423
2016,45060,2,-0.001183
2016,45220,2,0.002548
2016,45820,2,-0.003978
2016,45940,2,0.010027
2016,46060,2,-0.013243
2016,46140,2,0.009934
2016,46340,2,0.00278
2016,46540,2,-0.003101
2016,46660,2,-0.016736
2016,46700,2,-0.016216
2016,47220,2,0.002524
2016,47300,2,-0.016123
2016,47940,2,-0.011681
2016,48300,2,0.024948
2016,48540,2,-0.030402
2016,48660,2,-0.031902
2016,48700,2,-0.017714
2016,49020,2,-0.032044
2016,49420,2,0.009172
2016,49620,2,0.015146
2016,49660,2,-0.010507
2016,49700,2,-0.020185
2016,49740,2,-0.002717
2016,10180,3,-0.010586
2016,10420,3,0.003114
2016,10580,3,0.00303
2016,10740,3,-0.009271
2016,10780,3,-0.018146
2016,10900,3,0.009589
2016,11020,3,-0.007744
2016,11260,3,-0.017284
2016,11460,3,-0.005236
2016,11500,3,-0.006755
2016,11540,3,0.005411
2016,11700,3,0.003122
2016,12020,3,0.022149
2016,12100,3,-0.000769
2016,12220,3,0.011705
2016,12420,3,0.016468
2016,12540,3,-0.019057
2016,12580,3,-0.018448
2016,12620,3,-0.014549
2016,12700,3,-0.001747
2016,12980,3,0.00567
2016,13020,3,-0.003929
2016,13380,3,0.018263
2016,13460,3,0.012016
2016,13780,3,-0.017212
2016,14260,3,0.00226
2016,14500,3,0.015702
2016,14740,3,0.040061
2016,14860,3,0.006293
2016,15180,3,0.001925
2016,15260,3,0.015487
2016,15380,3,-0.002594
2016,15500,3,0.002586
2016,15540,3,-0.007074
2016,15940,3,-0.001948
2016,15980,3,0.013939
2016,16020,3,-0.012646
2016,16180,3,0.019641
2016,16220,3,-0.027717
2016,16300,3,-0.000217
2016,16700,3,0.018399
2016,16860,3,-0.010532
2016,16940,3,-0.013416
2016,17020,3,-0.005435
2016,17420,3,0.001706
2016,17660,3,0.011941
2016,17780,3,0.023509
2016,17820,3,0.010405
2016,17900,3,0.004818
2016,18020,3,0.005434
2016,18700,3,0.012832
2016,19140,3,-0.005354
2016,19340,3,-0.012158
2016,19460,3,-0.0023
2016,19500,3,-0.015875
2016,19740,3,0.016653
2016,20020,3,0.00314
2016,20100,3,-0.003963
2016,20220,3,-0.010175
2016,20740,3,-0.002355
2016,20940,3,-0.014197
2016,21140,3,0.012769
2016,21300,3,-0.013644
2016,21500,3,0.000433
2016,21660,3,0.012173
2016,21820,3,-0.00983
2016,22020,3,0.008707
2016,22140,3,-0.066305
2016,22380,3,0.006401
2016,22420,3,0.002226
2016,22500,3,-0.020884
2016,22520,3,-0.015503
2016,22540,3,0.001187
2016,22660,3,0.020515
2016,23420,3,-0.004362
2016,23460,3,-0.009497
2016,23580,3,0.02303
2016,24020,3,-0.0018
2016,24140,3,-0.019333
2016,24220,3,-0.015478
2016,24300,3,0.004814
2016,24500,3,-0.025264
2016,24540,3,0.026151
2016,24580,3,0.006707
2016,24660,3,-0.008841
2016,25260,3,0.004176
2016,25420,3,0.012975
2016,25500,3,-0.01214
2016,25540,3,-0.002172
2016,25860,3,-0.009404
2016,25980,3,-0.052988
2016,26300,3,-0.006518
2016,26380,3,-0.013095
2016,26620,3,0.004195
2016,26980,3,0.003183
2016,27060,3,-0.012499
2016,27100,3,0.009626
2016,27260,3,0.015739
2016,27340,3,-0.013899
2016,27500,3,0.004031
2016,27620,3,-0.005776
2016,27740,3,-0.003561
2016,27780,3,-0.008247
2016,27860,3,-0.001345
2016,27900,3,-0.0013
2016,28100,3,-0.001436
2016,28420,3,0.010699
2016,28660,3,0.005809
2016,28700,3,-0.020025
2016,28740,3,0.005374
2016,29100,3,-0.007377
2016,29340,3,-0.004925
2016,29420,3,-0.005829
2016,29460,3,0.019878
2016,29540,3,0.009277
2016,29700,3,0.000708
2016,29740,3,-0.006411
2016,29820,3,0.003772
2016,29940,3,0.00808
2016,30140,3,0.003543
2016,30300,3,-0.018171
2016,30340,3,-0.00648
2016,30460,3,0.008761
2016,30620,3,-0.004919
2016,30700,3,0.007062
2016,30780,3,-0.010338
2016,30860,3,0.011982
2016,31020,3,0.025575
2016,31420,3,-0.007968
2016,31700,3,0.007952
2016,31860,3,0.000182
2016,31900,3,0.006954
2016,32580,3,-0.000167
2016,32780,3,0.008767
2016,32900,3,-0.02153
2016,33140,3,-0.008094
2016,33340,3,0.002511
2016,33540,3,-0.002917
2016,33700,3,-0.013696
2016,33780,3,0.004255
2016,33860,3,0.003521
2016,34060,3,-0.0165
2016,34580,3,0.026325
2016,34620,3,-0.006697
2016,34740,3,0.014694
2016,34900,3,-0.015004
2016,34940,3,0.019625
2016,35300,3,1e-06
2016,35660,3,7.9e-05
2016,35980,3,0.004687
2016,36100,3,0.016826
2016,36220,3,0.002163
2016,36420,3,0.005879
2016,36500,3,0.018947
2016,36540,3,0.008428
2016,36740,3,0.016881
2016,36780,3,-0.004422
2016,36980,3,0.003682
2016,37100,3,-0.014726
2016,37340,3,0.025694
2016,37860,3,0.003479
2016,38060,3,-0.010704
2016,38300,3,-0.00375
2016,38340,3,-0.001751
2016,38860,3,0.005742
2016,38900,3,0.017621
2016,38940,3,0.020991
2016,39300,3,0.008194
2016,39340,3,0.007073
2016,39380,3,0.014315
2016,39460,3,0.028005
2016,39540,3,0.006289
2016,39580,3,0.010709
2016,39740,3,0.010912
2016,39820,3,-0.016365
2016,39900,3,0.015973
2016,40140,3,-0.018015
2016,40220,3,-0.01297
2016,40420,3,0.00687
2016,40580,3,-0.027821
2016,40660,3,-0.008361
2016,40900,3,-0.006833
2016,40980,3,-0.008907
2016,41060,3,0.012162
2016,41100,3,0.002833
2016,41140,3,-0.005387
2016,41420,3,0.025484
2016,41500,3,-0.003956
2016,41700,3,0.014144
2016,41740,3,-0.011832
2016,41940,3,-0.005304
2016,42020,3,-0.00894
2016,42100,3,0.004711
2016,42140,3,-5e-05
2016,42220,3,-0.009951
2016,42340,3,0.008703
2016,42540,3,0.000179
2016,42680,3,0.02317
2016,43100,3,0.003149
2016,43300,3,0.011233
2016,43620,3,0.006602
2016,43780,3,0.002289
2016,44100,3,-0.013491
2016,44180,3,0.010853
2016,44220,3,-0.000772
2016,44300,3,0.011944
2016,44700,3,-0.012485
2016,45060,3,-0.002759
2016,45220,3,0.004823
2016,45820,3,-0.00481
2016,45940,3,0.008709
2016,46060,3,-0.006435
2016,46140,3,0.008086
2016,46340,3,0.002284
2016,46540,3,-0.004359
2016,46660,3,-0.015948
2016,46700,3,-0.009086
2016,47220,3,0.00251
2016,47300,3,-0.011718
2016,47940,3,-0.010828
2016,48300,3,0.018348
2016,48540,3,-0.027392
2016,48660,3,-0.028596
2016,48700,3,-0.018175
2016,49020,3,-0.024935
2016,49420,3,0.000446
2016,49620,3,0.013192
2016,49660,3,-0.008289
2016,49700,3,-0.009707
2016,49740,3,-0.000127
2016,10180,4,-0.008256
2016,10420,4,0.002834
2016,10580,4,0.002757
2016,10740,4,-0.007578
2016,10780,4,-0.015828
2016,10900,4,0.009431
2016,11020,4,-0.007409
2016,11260,4,-0.016998
2016,11460,4,-0.00607
2016,11500,4,-0.003897
2016,11540,4,0.003718
2016,11700,4,0.002871
2016,12020,4,0.0198
2016,12100,4,-4.5e-05
2016,12220,4,0.009973
2016,12420,4,0.010864
2016,12540,4,-0.016939
2016,12580,4,-0.015714
2016,12620,4,-0.012666
2016,12700,4,-0.002614
2016,12980,4,0.004344
2016,13020,4,-0.003085
2016,13380,4,0.016838
2016,13460,4,0.008753
2016,13780,4,-0.013775
2016,14260,4,0.000915
2016,14500,4,0.012202
2016,14740,4,0.039774
2016,14860,4,0.004666
2016,15180,4,0.002016
2016,15260,4,0.01542
2016,15380,4,-0.004007
2016,15500,4,0.001985
2016,15540,4,-0.007384
2016,15940,4,-0.002814
2016,15980,4,0.010804
2016,16020,4,-0.010739
2016,16180,4,0.020449
2016,16220,4,-0.025141
2016,16300,4,0.00094
2016,16700,4,0.014767
2016,16860,4,-0.011042
2016,16940,4,-0.013523
2016,17020,4,-0.004127
2016,17420,4,0.001608
2016,17660,4,0.011298
2016,17780,4,0.019963
2016,17820,4,0.007896
2016,17900,4,0.003404
2016,18020,4,0.003959
2016,18700,4,0.010891
2016,19140,4,-0.002509
2016,19340,4,-0.011018
2016,19460,4,-0.001388
2016,19500,4,-0.012939
2016,19740,4,0.011476
2016,20020,4,0.002917
2016,20100,4,-0.003956
2016,20220,4,-0.007796
2016,20740,4,-0.002763
2016,20940,4,-0.013542
2016,21140,4,0.01159
2016,21300,4,-0.01281
2016,21500,4,-0.00034
2016,21660,4,0.011164
2016,21820,4,-0.008319
2016,22020,4,0.002628
2016,22140,4,-0.060484
2016,22380,4,0.007385
2016,22420,4,0.000761
2016,22500,4,-0.019277
2016,22520,4,-0.014607
2016,22540,4,0.001611
2016,22660,4,0.015001
2016,23420,4,-0.003001
2016,23460,4,-0.007555
2016,23580,4,0.020174
2016,24020,4,-0.00114
2016,24140,4,-0.017707
2016,24220,4,-0.01757
2016,24300,4,0.006838
2016,24500,4,-0.024047
2016,24540,4,0.019404
2016,24580,4,0.005628
2016,24660,4,-0.009205
2016,25260,4,0.004804
2016,25420,4,0.011551
2016,25500,4,-0.010456
2016,25540,4,-0.001655
2016,25860,4,-0.008198
2016,25980,4,-0.049705
2016,26300,4,-0.003937
2016,26380,4,-0.011506
2016,26620,4,0.002165
2016,26980,4,0.001483
2016,27060,4,-0.012396
2016,27100,4,0.008638
2016,27260,4,0.014496
2016,27340,4,-0.01108
2016,27500,4,0.004157
2016,27620,4,-0.003736
2016,27740,4,-0.003295
2016,27780,4,-0.006717
2016,27860,4,-0.001811
2016,27900,4,-0.000291
2016,28100,4,0.001195
2016,28420,4,0.00783
2016,28660,4,0.005979
2016,28700,4,-0.017556
2016,28740,4,0.006376
2016,29100,4,-0.006819
2016,29340,4,-0.004671
2016,29420,4,-0.003232
2016,29460,4,0.019722
2016,29540,4,0.008669
2016,29700,4,-0.001279
2016,29740,4,-0.003751
2016,29820,4,0.004447
2016,29940,4,0.008381
2016,30140,4,0.003266
2016,30300,4,-0.015705
2016,30340,4,-0.004497
2016,30460,4,0.007267
2016,30620,4,-0.003932
2016,30700,4,0.004423
2016,30780,4,-0.00877
2016,30860,4,0.010864
2016,31020,4,0.025021
2016,31420,4,-0.006368
2016,31700,4,0.006817
2016,31860,4,0.000814
2016,31900,4,0.00662
2016,32580,4,-0.00024
2016,32780,4,0.00793
2016,32900,4,-0.020464
2016,33140,4,-0.007498
2016,33340,4,0.002849
2016,33540,4,-0.002027
2016,33700,4,-0.012057
2016,33780,4,0.002736
2016,33860,4,0.003568
2016,34060,4,-0.014481
2016,34580,4,0.024858
2016,34620,4,-0.007688
2016,34740,4,0.012073
2016,34900,4,-0.013456
2016,34940,4,0.014093
2016,35300,4,0.000713
2016,35660,4,0.000587
2016,35980,4,0.004519
2016,36100,4,0.017769
2016,36220,4,0.002927
2016,36420,4,0.003694
2016,36500,4,0.018073
2016,36540,4,0.007372
2016,36740,4,0.014559
2016,36780,4,-0.004647
2016,36980,4,0.002487
2016,37100,4,-0.013622
2016,37340,4,0.025395
2016,37860,4,0.002836
2016,38060,4,-0.008678
2016,38300,4,-0.005377
2016,38340,4,-0.001039
2016,38860,4,0.004311
2016,38900,4,0.01429
2016,38940,4,0.019139
2016,39300,4,0.008071
2016,39340,4,0.005145
2016,39380,4,0.014592
2016,39460,4,0.026078
2016,39540,4,0.007393
2016,39580,4,0.005862
2016,39740,4,0.01096
2016,39820,4,-0.013469
2016,39900,4,0.014547
2016,40140,4,-0.016338
2016,40220,4,-0.011142
2016,40420,4,0.008715
2016,40580,4,-0.024793
2016,40660,4,-0.006025
2016,40900,4,-0.005901
2016,40980,4,-0.008014
2016,41060,4,0.012662
2016,41100,4,0.000474
2016,41140,4,-0.002298
2016,41420,4,0.024255
2016,41500,4,-0.003804
2016,41700,4,0.01266
2016,41740,4,-0.011836
2016,41940,4,-0.009164
2016,42020,4,-0.008143
2016,42100,4,0.003589
2016,42140,4,0.001425
2016,42220,4,-0.010035
2016,42340,4,0.008459
2016,42540,4,0.000718
2016,42680,4,0.021238
2016,43100,4,0.004188
2016,43300,4,0.012785
2016,43620,4,0.003187
2016,43780,4,0.001897
2016,44100,4,-0.012382
2016,44180,4,0.010484
2016,44220,4,-0.000364
2016,44300,4,0.008087
2016,44700,4,-0.011432
2016,45060,4,-0.003065
2016,45220,4,0.005426
2016,45820,4,-0.002153
2016,45940,4,0.008115
2016,46060,4,-0.004275
2016,46140,4,0.006905
2016,46340,4,0.003075
2016,46540,4,-0.003917
2016,46660,4,-0.012985
2016,46700,4,-0.008457
2016,47220,4,0.003154
2016,47300,4,-0.009778
2016,47940,4,-0.008926
2016,48300,4,0.017739
2016,48540,4,-0.025721
2016,48660,4,-0.025832
2016,48700,4,-0.016487
2016,49020,4,-0.022806
2016,49420,4,0.000998
2016,49620,4,0.012827
2016,49660,4,-0.007666
2016,49700,4,-0.00832
2016,49740,4,0.002256
2016,10180,5,-0.011781
2016,10420,5,0.003047
2016,10580,5,0.003696
2016,10740,5,-0.009099
2016,10780,5,-0.018658
2016,10900,5,0.009594
2016,11020,5,-0.008152
2016,11260,5,-0.016072
2016,11460,5,-0.00633
2016,11500,5,-0.007965
2016,11540,5,0.00618
2016,11700,5,0.003632
2016,12020,5,0.022695
2016,12100,5,-0.000139
2016,12220,5,0.012172
2016,12420,5,0.01762
2016,12540,5,-0.020506
2016,12580,5,-0.018636
2016,12620,5,-0.015487
2016,12700,5,-0.001408
2016,12980,5,0.006729
2016,13020,5,-0.004571
2016,13380,5,0.020176
2016,13460,5,0.012279
2016,13780,5,-0.019173
2016,14260,5,0.001789
2016,14500,5,0.017056
2016,14740,5,0.041086
2016,14860,5,0.007245
2016,15180,5,0.002467
2016,15260,5,0.016082
2016,15380,5,-0.002418
2016,15500,5,0.002261
2016,15540,5,-0.00713
2016,15940,5,-0.001714
2016,15980,5,0.01375
2016,16020,5,-0.013117
2016,16180,5,0.019824
2016,16220,5,-0.027966
2016,16300,5,-0.001097
2016,16700,5,0.019728
2016,16860,5,-0.010139
2016,16940,5,-0.01281
2016,17020,5,-0.005432
2016,17420,5,0.001404
2016,17660,5,0.012142
2016,17780,5,0.024558
2016,17820,5,0.011354
2016,17900,5,0.005555
2016,18020,5,0.005587
2016,18700,5,0.014375
2016,19140,5,-0.007221
2016,19340,5,-0.012569
2016,19460,5,-0.002421
2016,19500,5,-0.016878
2016,19740,5,0.0182
2016,20020,5,0.003841
2016,20100,5,-0.00337
2016,20220,5,-0.011367
2016,20740,5,-0.002036
2016,20940,5,-0.014765
2016,21140,5,0.013004
2016,21300,5,-0.014585
2016,21500,5,0.000256
2016,21660,5,0.013363
2016,21820,5,-0.00936
2016,22020,5,0.010256
2016,22140,5,-0.066042
2016,22380,5,0.006519
2016,22420,5,0.001845
2016,22500,5,-0.021216
2016,22520,5,-0.015584
2016,22540,5,0.001431
2016,22660,5,0.021984
2016,23420,5,-0.004948
2016,23460,5,-0.010009
2016,23580,5,0.023957
2016,24020,5,-0.001463
2016,24140,5,-0.019447
2016,24220,5,-0.014715
2016,24300,5,0.004826
2016,24500,5,-0.02518
2016,24540,5,0.027221
2016,24580,5,0.007058
2016,24660,5,-0.008836
2016,25260,5,0.004623
2016,25420,5,0.013501
2016,25500,5,-0.012014
2016,25540,5,-0.002398
2016,25860,5,-0.009762
2016,25980,5,-0.052274
2016,26300,5,-0.006532
2016,26380,5,-0.013063
2016,26620,5,0.005072
2016,26980,5,0.003987
2016,27060,5,-0.012755
2016,27100,5,0.009534
2016,27260,5,0.016127
2016,27340,5,-0.0144
2016,27500,5,0.004163
2016,27620,5,-0.006444
2016,27740,5,-0.003734
2016,27780,5,-0.009204
2016,27860,5,-0.001626
2016,27900,5,-0.001449
2016,28100,5,-0.002061
2016,28420,5,0.012406
2016,28660,5,0.005528
2016,28700,5,-0.020501
2016,28740,5,0.005643
2016,29100,5,-0.007518
2016,29340,5,-0.005402
2016,29420,5,-0.00703
2016,29460,5,0.019307
2016,29540,5,0.009363
2016,29700,5,0.001723
2016,29740,5,-0.006395
2016,29820,5,0.000965
2016,29940,5,0.008018
2016,30140,5,0.00311
2016,30300,5,-0.017875
2016,30340,5,-0.007648
2016,30460,5,0.009206
2016,30620,5,-0.004995
2016,30700,5,0.008122
2016,30780,5,-0.010636
2016,30860,5,0.012267
2016,31020,5,0.02653
2016,31420,5,-0.008228
2016,31700,5,0.00792
2016,31860,5,0.000144
2016,31900,5,0.007048
2016,32580,5,-0.000295
2016,32780,5,0.00945
2016,32900,5,-0.024066
2016,33140,5,-0.007772
2016,33340,5,0.002849
2016,33540,5,-0.00301
2016,33700,5,-0.016483
2016,33780,5,0.004257
2016,33860,5,0.00361
2016,34060,5,-0.016928
2016,34580,5,0.028479
2016,34620,5,-0.00602
2016,34740,5,0.015775
2016,34900,5,-0.016318
2016,34940,5,0.021182
2016,35300,5,-0.000106
2016,35660,5,0.000391
2016,35980,5,0.005185
2016,36100,5,0.016641
2016,36220,5,0.001375
2016,36420,5,0.0069
2016,36500,5,0.020776
2016,36540,5,0.008638
2016,36740,5,0.017057
2016,36780,5,-0.004137
2016,36980,5,0.003528
2016,37100,5,-0.014928
2016,37340,5,0.025401
2016,37860,5,0.003956
2016,38060,5,-0.013339
2016,38300,5,-0.003601
2016,38340,5,-0.001364
2016,38860,5,0.006101
2016,38900,5,0.019474
2016,38940,5,0.0211
2016,39300,5,0.00821
2016,39340,5,0.006819
2016,39380,5,0.014067
2016,39460,5,0.027967
2016,39540,5,0.006263
2016,39580,5,0.012134
2016,39740,5,0.010955
2016,39820,5,-0.017058
2016,39900,5,0.015499
2016,40140,5,-0.019651
2016,40220,5,-0.012933
2016,40420,5,0.006667
2016,40580,5,-0.029123
2016,40660,5,-0.009812
2016,40900,5,-0.008302
2016,40980,5,-0.009687
2016,41060,5,0.012173
2016,41100,5,0.002865
2016,41140,5,-0.006325
2016,41420,5,0.026676
2016,41500,5,-0.00465
2016,41700,5,0.014708
2016,41740,5,-0.011778
2016,41940,5,-0.003871
2016,42020,5,-0.009218
2016,42100,5,0.005294
2016,42140,5,0.000658
2016,42220,5,-0.010503
2016,42340,5,0.008619
2016,42540,5,-1.1e-05
2016,42680,5,0.023461
2016,43100,5,0.002909
2016,43300,5,0.009829
2016,43620,5,0.007933
2016,43780,5,0.002518
2016,44100,5,-0.014062
2016,44180,5,0.011175
2016,44220,5,-0.000874
2016,44300,5,0.013977
2016,44700,5,-0.015447
2016,45060,5,-0.002727
2016,45220,5,0.005316
2016,45820,5,-0.005755
2016,45940,5,0.009601
2016,46060,5,-0.007128
2016,46140,5,0.008552
2016,46340,5,0.002126
2016,46540,5,-0.004261
2016,46660,5,-0.016774
2016,46700,5,-0.011242
2016,47220,5,0.003372
2016,47300,5,-0.012732
2016,47940,5,-0.011498
2016,48300,5,0.019591
2016,48540,5,-0.027915
2016,48660,5,-0.028862
2016,48700,5,-0.019781
2016,49020,5,-0.025732
2016,49420,5,0.00121
2016,49620,5,0.013369
2016,49660,5,-0.008601
2016,49700,5,-0.011244
2016,49740,5,-0.000306
2016,10180,6,-0.008094
2016,10420,6,0.002135
2016,10580,6,0.004051
2016,10740,6,-0.004977
2016,10780,6,-0.013805
2016,10900,6,0.009129
2016,11020,6,-0.007886
2016,11260,6,-0.013001
2016,11460,6,-0.00943
2016,11500,6,-0.003062
2016,11540,6,0.003701
2016,11700,6,0.003905
2016,12020,6,0.017029
2016,12100,6,0.002607
2016,12220,6,0.009284
2016,12420,6,0.007149
2016,12540,6,-0.01689
2016,12580,6,-0.012071
2016,12620,6,-0.012019
2016,12700,6,-0.002723
2016,12980,6,0.004417
2016,13020,6,-0.003449
2016,13380,6,0.019368
2016,13460,6,0.005779
2016,13780,6,-0.013365
2016,14260,6,-0.001599
2016,14500,6,0.010103
2016,14740,6,0.040631
2016,14860,6,0.004324
2016,15180,6,0.003009
2016,15260,6,0.016044
2016,15380,6,-0.005313
2016,15500,6,0.000609
2016,15540,6,-0.007124
2016,15940,6,-0.00353
2016,15980,6,0.006595
2016,16020,6,-0.009577
2016,16180,6,0.019819
2016,16220,6,-0.021195
2016,16300,6,0.00038
2016,16700,6,0.013663
2016,16860,6,-0.010361
2016,16940,6,-0.011568
2016,17020,6,-0.002238
2016,17420,6,0.000948
2016,17660,6,0.011259
2016,17780,6,0.01785
2016,17820,6,0.006774
2016,17900,6,0.003478
2016,18020,6,0.002879
2016,18700,6,0.012084
2016,19140,6,-0.003516
2016,19340,6,-0.009722
2016,19460,6,-0.000896
2016,19500,6,-0.010817
2016,19740,6,0.008043
2016,20020,6,0.003776
2016,20100,6,-0.00191
2016,20220,6,-0.007124
2016,20740,6,-0.002088
2016,20940,6,-0.013763
2016,21140,6,0.010295
2016,21300,6,-0.013932
2016,21500,6,-0.001802
2016,21660,6,0.012496
2016,21820,6,-0.005057
2016,22020,6,0.000573
2016,22140,6,-0.051021
2016,22380,6,0.008502
2016,22420,6,-0.002757
2016,22500,6,-0.017656
2016,22520,6,-0.013589
2016,22540,6,0.003012
2016,22660,6,0.011505
2016,23420,6,-0.002535
2016,23460,6,-0.006353
2016,23580,6,0.017164
2016,24020,6,0.000938
2016,24140,6,-0.015721
2016,24220,6,-0.017167
2016,24300,6,0.009074
2016,24500,6,-0.021277
2016,24540,6,0.013571
2016,24580,6,0.00535
2016,24660,6,-0.009369
2016,25260,6,0.006411
2016,25420,6,0.01063
2016,25500,6,-0.007566
2016,25540,6,-0.001555
2016,25860,6,-0.007549
2016,25980,6,-0.042843
2016,26300,6,-0.001247
2016,26380,6,-0.009153
2016,26620,6,0.002251
2016,26980,6,0.001383
2016,27060,6,-0.012453
2016,27100,6,0.00633
2016,27260,6,0.013526
2016,27340,6,-0.007533
2016,27500,6,0.004479
2016,27620,6,-0.002945
2016,27740,6,-0.003062
2016,27780,6,-0.006994
2016,27860,6,-0.002723
2016,27900,6,-1.7e-05
2016,28100,6,0.00329
2016,28420,6,0.008393
2016,28660,6,0.005592
2016,28700,6,-0.015144
2016,28740,6,0.008134
2016,29100,6,-0.005739
2016,29340,6,-0.004661
2016,29420,6,-0.002826
2016,29460,6,0.017457
2016,29540,6,0.007972
2016,29700,6,-0.00129
2016,29740,6,-0.000167
2016,29820,6,-0.001394
2016,29940,6,0.008159
2016,30140,6,0.002163
2016,30300,6,-0.012024
2016,30340,6,-0.004365
2016,30460,6,0.006284
2016,30620,6,-0.002682
2016,30700,6,0.003455
2016,30780,6,-0.007277
2016,30860,6,0.010101
2016,31020,6,0.025583
2016,31420,6,-0.005551
2016,31700,6,0.005177
2016,31860,6,0.001169
2016,31900,6,0.005891
2016,32580,6,-0.000545
2016,32780,6,0.008182
2016,32900,6,-0.024577
2016,33140,6,-0.005837
2016,33340,6,0.004138
2016,33540,6,-0.000437
2016,33700,6,-0.016413
2016,33780,6,0.000336
2016,33860,6,0.003557
2016,34060,6,-0.012586
2016,34580,6,0.027051
2016,34620,6,-0.007687
2016,34740,6,0.010246
2016,34900,6,-0.014382
2016,34940,6,0.011345
2016,35300,6,0.001289
2016,35660,6,0.001781
2016,35980,6,0.005294
2016,36100,6,0.017488
2016,36220,6,0.00235
2016,36420,6,0.003301
2016,36500,6,0.02087
2016,36540,6,0.006337
2016,36740,6,0.011848
2016,36780,6,-0.003606
2016,36980,6,0.000592
2016,37100,6,-0.012412
2016,37340,6,0.023348
2016,37860,6,0.003185
2016,38060,6,-0.011859
2016,38300,6,-0.006834
2016,38340,6,0.000398
2016,38860,6,0.003467
2016,38900,6,0.014238
2016,38940,6,0.01627
2016,39300,6,0.007566
2016,39340,6,0.002589
2016,39380,6,0.013511
2016,39460,6,0.022752
2016,39540,6,0.008642
2016,39580,6,0.003702
2016,39740,6,0.010657
2016,39820,6,-0.011098
2016,39900,6,0.010784
2016,40140,6,-0.017245
2016,40220,6,-0.0087
2016,40420,6,0.010406
2016,40580,6,-0.023518
2016,40660,6,-0.006642
2016,40900,6,-0.008047
2016,40980,6,-0.008576
2016,41060,6,0.01242
2016,41100,6,-0.001341
2016,41140,6,-0.001035
2016,41420,6,0.02439
2016,41500,6,-0.005534
2016,41700,6,0.011837
2016,41740,6,-0.011313
2016,41940,6,-0.01017
2016,42020,6,-0.007471
2016,42100,6,0.002987
2016,42140,6,0.004229
2016,42220,6,-0.011473
2016,42340,6,0.008033
2016,42540,6,0.000826
2016,42680,6,0.01887
2016,43100,6,0.004966
2016,43300,6,0.01066
2016,43620,6,0.002525
2016,43780,6,0.001931
2016,44100,6,-0.011428
2016,44180,6,0.010241
2016,44220,6,-0.000148
2016,44300,6,0.007509
2016,44700,6,-0.016641
2016,45060,6,-0.00332
2016,45220,6,0.007046
2016,45820,6,-0.001213
2016,45940,6,0.008938
2016,46060,6,-0.003307
2016,46140,6,0.006276
2016,46340,6,0.00307
2016,46540,6,-0.00319
2016,46660,6,-0.010542
2016,46700,6,-0.012661
2016,47220,6,0.005842
2016,47300,6,-0.009138
2016,47940,6,-0.007968
2016,48300,6,0.019635
2016,48540,6,-0.024809
2016,48660,6,-0.022748
2016,48700,6,-0.017222
2016,49020,6,-0.020995
2016,49420,6,0.003337
2016,49620,6,0.012352
2016,49660,6,-0.007518
2016,49700,6,-0.010232
2016,49740,6,0.004475
2016,10180,7,-0.012503
2016,10420,7,0.005057
2016,10580,7,0.003613
2016,10740,7,-0.006446
2016,10780,7,-0.018707
2016,10900,7,0.009494
2016,11020,7,-0.008564
2016,11260,7,-0.012128
2016,11460,7,-0.008248
2016,11500,7,-0.00555
2016,11540,7,0.003995
2016,11700,7,0.006774
2016,12020,7,0.018972
2016,12100,7,-0.003086
2016,12220,7,0.013198
2016,12420,7,0.009505
2016,12540,7,-0.02696
2016,12580,7,-0.019103
2016,12620,7,-0.014639
2016,12700,7,-0.004633
2016,12980,7,0.005722
2016,13020,7,-0.001581
2016,13380,7,0.023177
2016,13460,7,0.001631
2016,13780,7,-0.018025
2016,14260,7,-0.009181
2016,14500,7,0.021477
2016,14740,7,0.05203
2016,14860,7,0.004213
2016,15180,7,0.004241
2016,15260,7,0.016171
2016,15380,7,-0.002615
2016,15500,7,0.008595
2016,15540,7,-0.006874
2016,15940,7,-0.005453
2016,15980,7,0.011888
2016,16020,7,-0.014847
2016,16180,7,0.017451
2016,16220,7,-0.022628
2016,16300,7,0.003107
2016,16700,7,0.01773
2016,16860,7,-0.011063
2016,16940,7,-0.008996
2016,17020,7,-0.006039
2016,17420,7,0.00316
2016,17660,7,0.010327
2016,17780,7,0.024567
2016,17820,7,0.014738
2016,17900,7,0.007722
2016,18020,7,0.004985
2016,18700,7,0.013602
2016,19140,7,-0.002024
2016,19340,7,-0.009983
2016,19460,7,0.000346
2016,19500,7,-0.01308
2016,19740,7,0.019787
2016,20020,7,0.001776
2016,20100,7,-0.004737
2016,20220,7,-0.004459
2016,20740,7,-0.003135
2016,20940,7,-0.015573
2016,21140,7,0.014366
2016,21300,7,-0.022554
2016,21500,7,0.001908
2016,21660,7,0.014289
2016,21820,7,-0.003728
2016,22020,7,-0.001496
2016,22140,7,-0.069268
2016,22380,7,0.003591
2016,22420,7,-0.00723
2016,22500,7,-0.019154
2016,22520,7,-0.017835
2016,22540,7,0.003498
2016,22660,7,0.024346
2016,23420,7,-0.005822
2016,23460,7,-0.009111
2016,23580,7,0.020517
2016,24020,7,-0.003384
2016,24140,7,-0.018255
2016,24220,7,-0.027666
2016,24300,7,0.00636
2016,24500,7,-0.025508
2016,24540,7,0.027504
2016,24580,7,0.007517
2016,24660,7,-0.006554
2016,25260,7,0.001547
2016,25420,7,0.015826
2016,25500,7,-0.010327
2016,25540,7,-0.001033
2016,25860,7,-0.005721
2016,25980,7,-0.058429
2016,26300,7,-0.004714
2016,26380,7,-0.014633
2016,26620,7,0.003147
2016,26980,7,0.003422
2016,27060,7,-0.017767
2016,27100,7,0.006731
2016,27260,7,0.012588
2016,27340,7,-0.014534
2016,27500,7,0.005412
2016,27620,7,-0.002276
2016,27740,7,-0.006923
2016,27780,7,-0.011422
2016,27860,7,-0.000931
2016,27900,7,-0.002324
2016,28100,7,0.002231
2016,28420,7,0.019106
2016,28660,7,0.007279
2016,28700,7,-0.015893
2016,28740,7,0.0075
2016,29100,7,-0.006341
2016,29340,7,-0.007375
2016,29420,7,-0.009796
2016,29460,7,0.016192
2016,29540,7,0.013292
2016,29700,7,-0.005185
2016,29740,7,7.2e-05
2016,29820,7,-0.006321
2016,29940,7,0.012715
2016,30140,7,0.002705
2016,30300,7,-0.016674
2016,30340,7,-0.00346
2016,30460,7,0.011283
2016,30620,7,-0.001419
2016,30700,7,0.006215
2016,30780,7,-0.007536
2016,30860,7,0.01784
2016,31020,7,0.03573
2016,31420,7,-0.006673
2016,31700,7,0.008877
2016,31860,7,-0.001301
2016,31900,7,0.007071
2016,32580,7,0.000523
2016,32780,7,0.00595
2016,32900,7,-0.02723
2016,33140,7,-0.006761
2016,33340,7,0.002724
2016,33540,7,0.000453
2016,33700,7,-0.022143
2016,33780,7,0.000231
2016,33860,7,0.001859
2016,34060,7,-0.01054
2016,34580,7,0.035729
2016,34620,7,-0.012873
2016,34740,7,0.012993
2016,34900,7,-0.018782
2016,34940,7,0.014399
2016,35300,7,0.000815
2016,35660,7,2.6e-05
2016,35980,7,0.003721
2016,36100,7,0.016119
2016,36220,7,0.001653
2016,36420,7,0.003079
2016,36500,7,0.028946
2016,36540,7,0.010529
2016,36740,7,0.007774
2016,36780,7,-0.004156
2016,36980,7,0.004443
2016,37100,7,-0.017554
2016,37340,7,0.029567
2016,37860,7,0.003505
2016,38060,7,-0.021984
2016,38300,7,-0.004313
2016,38340,7,-0.002096
2016,38860,7,0.004825
2016,38900,7,0.017272
2016,38940,7,0.021776
2016,39300,7,0.010078
2016,39340,7,0.004887
2016,39380,7,0.027807
2016,39460,7,0.03223
2016,39540,7,0.008414
2016,39580,7,0.007798
2016,39740,7,0.014056
2016,39820,7,-0.018776
2016,39900,7,0.008129
2016,40140,7,-0.024113
2016,40220,7,-0.010579
2016,40420,7,0.011741
2016,40580,7,-0.027147
2016,40660,7,-0.005336
2016,40900,7,-0.011918
2016,40980,7,-0.010505
2016,41060,7,0.01221
2016,41100,7,-0.005455
2016,41140,7,-0.000768
2016,41420,7,0.033532
2016,41500,7,-0.004334
2016,41700,7,0.017547
2016,41740,7,-0.012902
2016,41940,7,-0.008788
2016,42020,7,-0.010328
2016,42100,7,0.008268
2016,42140,7,0.005853
2016,42220,7,-0.012063
2016,42340,7,0.008398
2016,42540,7,0.002369
2016,42680,7,0.022806
2016,43100,7,0.005759
2016,43300,7,0.018503
2016,43620,7,0.004347
2016,43780,7,0.001991
2016,44100,7,-0.011585
2016,44180,7,0.012024
2016,44220,7,0.001252
2016,44300,7,0.01158
2016,44700,7,-0.020458
2016,45060,7,-0.001494
2016,45220,7,0.003168
2016,45820,7,-0.000237
2016,45940,7,0.009933
2016,46060,7,-0.0098
2016,46140,7,0.008813
2016,46340,7,0.004352
2016,46540,7,-0.002832
2016,46660,7,-0.012898
2016,46700,7,-0.015494
2016,47220,7,0.003874
2016,47300,7,-0.013554
2016,47940,7,-0.009506
2016,48300,7,0.024973
2016,48540,7,-0.030475
2016,48660,7,-0.028821
2016,48700,7,-0.016537
2016,49020,7,-0.030546
2016,49420,7,0.010885
2016,49620,7,0.01601
2016,49660,7,-0.009965
2016,49700,7,-0.018634
2016,49740,7,0.000934
2016,10180,8,-0.011124
2016,10420,8,0.003364
2016,10580,8,0.004994
2016,10740,8,-0.006423
2016,10780,8,-0.01563
2016,10900,8,0.009987
2016,11020,8,-0.009569
2016,11260,8,-0.01262
2016,11460,8,-0.010702
2016,11500,8,-0.003261
2016,11540,8,0.003194
2016,11700,8,0.007468
2016,12020,8,0.014346
2016,12100,8,0.002422
2016,12220,8,0.012054
2016,12420,8,0.008052
2016,12540,8,-0.022157
2016,12580,8,-0.014022
2016,12620,8,-0.013729
2016,12700,8,-0.003299
2016,12980,8,0.005487
2016,13020,8,-0.002359
2016,13380,8,0.022567
2016,13460,8,0.004639
2016,13780,8,-0.016478
2016,14260,8,-0.005343
2016,14500,8,0.014489
2016,14740,8,0.048469
2016,14860,8,0.003649
2016,15180,8,0.004553
2016,15260,8,0.01763
2016,15380,8,-0.005049
2016,15500,8,0.002357
2016,15540,8,-0.00721
2016,15940,8,-0.005802
2016,15980,8,0.008398
2016,16020,8,-0.012888
2016,16180,8,0.023346
2016,16220,8,-0.020169
2016,16300,8,0.000566
2016,16700,8,0.01723
2016,16860,8,-0.012509
2016,16940,8,-0.01105
2016,17020,8,-0.003001
2016,17420,8,0.001594
2016,17660,8,0.012219
2016,17780,8,0.021144
2016,17820,8,0.00842
2016,17900,8,0.00447
2016,18020,8,0.002318
2016,18700,8,0.011983
2016,19140,8,-0.003974
2016,19340,8,-0.009869
2016,19460,8,0.000215
2016,19500,8,-0.010721
2016,19740,8,0.012138
2016,20020,8,0.003386
2016,20100,8,-0.002254
2016,20220,8,-0.005468
2016,20740,8,-0.002867
2016,20940,8,-0.014503
2016,21140,8,0.011907
2016,21300,8,-0.021851
2016,21500,8,-0.000775
2016,21660,8,0.013731
2016,21820,8,-0.005896
2016,22020,8,-0.000143
2016,22140,8,-0.055212
2016,22380,8,0.008207
2016,22420,8,-0.006503
2016,22500,8,-0.019867
2016,22520,8,-0.015817
2016,22540,8,0.004516
2016,22660,8,0.015402
2016,23420,8,-0.003567
2016,23460,8,-0.006877
2016,23580,8,0.01851
2016,24020,8,0.000989
2016,24140,8,-0.018015
2016,24220,8,-0.021724
2016,24300,8,0.010266
2016,24500,8,-0.024408
2016,24540,8,0.01694
2016,24580,8,0.0061
2016,24660,8,-0.010404
2016,25260,8,0.004554
2016,25420,8,0.01287
2016,25500,8,-0.00778
2016,25540,8,-0.001966
2016,25860,8,-0.008143
2016,25980,8,-0.047316
2016,26300,8,-0.000713
2016,26380,8,-0.011237
2016,26620,8,0.002859
2016,26980,8,0.002439
2016,27060,8,-0.015986
2016,27100,8,0.006216
2016,27260,8,0.014182
2016,27340,8,-0.01095
2016,27500,8,0.005896
2016,27620,8,-0.002653
2016,27740,8,-0.005179
2016,27780,8,-0.010681
2016,27860,8,-0.003624
2016,27900,8,-0.001973
2016,28100,8,0.004866
2016,28420,8,0.011444
2016,28660,8,0.005394
2016,28700,8,-0.015523
2016,28740,8,0.010583
2016,29100,8,-0.005991
2016,29340,8,-0.005716
2016,29420,8,-0.004601
2016,29460,8,0.017851
2016,29540,8,0.01104
2016,29700,8,-0.003188
2016,29740,8,0.000534
2016,29820,8,-0.005165
2016,29940,8,0.010057
2016,30140,8,0.000497
2016,30300,8,-0.014077
2016,30340,8,-0.0039
2016,30460,8,0.008384
2016,30620,8,-0.000305
2016,30700,8,0.004323
2016,30780,8,-0.007008
2016,30860,8,0.011628
2016,31020,8,0.032444
2016,31420,8,-0.007883
2016,31700,8,0.006933
2016,31860,8,0.000617
2016,31900,8,0.006198
2016,32580,8,-0.000728
2016,32780,8,0.008085
2016,32900,8,-0.0288
2016,33140,8,-0.004541
2016,33340,8,0.004801
2016,33540,8,-9.8e-05
2016,33700,8,-0.021447
2016,33780,8,-0.000765
2016,33860,8,0.002367
2016,34060,8,-0.012505
2016,34580,8,0.034709
2016,34620,8,-0.013248
2016,34740,8,0.011811
2016,34900,8,-0.016353
2016,34940,8,0.015761
2016,35300,8,0.001384
2016,35660,8,0.002605
2016,35980,8,0.005092
2016,36100,8,0.018921
2016,36220,8,0.003074
2016,36420,8,0.002479
2016,36500,8,0.027703
2016,36540,8,0.008106
2016,36740,8,0.010666
2016,36780,8,-0.003513
2016,36980,8,0.000954
2016,37100,8,-0.015332
2016,37340,8,0.029688
2016,37860,8,0.003953
2016,38060,8,-0.017867
2016,38300,8,-0.006684
2016,38340,8,-0.000135
2016,38860,8,0.0041
2016,38900,8,0.016959
2016,38940,8,0.020895
2016,39300,8,0.009761
2016,39340,8,0.00157
2016,39380,8,0.01975
2016,39460,8,0.028488
2016,39540,8,0.010627
2016,39580,8,0.002827
2016,39740,8,0.013229
2016,39820,8,-0.012564
2016,39900,8,0.011731
2016,40140,8,-0.021346
2016,40220,8,-0.009851
2016,40420,8,0.013426
2016,40580,8,-0.027882
2016,40660,8,-0.008442
2016,40900,8,-0.011205
2016,40980,8,-0.01037
2016,41060,8,0.01267
2016,41100,8,-0.004314
2016,41140,8,0.000784
2016,41420,8,0.030151
2016,41500,8,-0.005195
2016,41700,8,0.015769
2016,41740,8,-0.012989
2016,41940,8,-0.010372
2016,42020,8,-0.008651
2016,42100,8,0.005781
2016,42140,8,0.005561
2016,42220,8,-0.011912
2016,42340,8,0.008319
2016,42540,8,0.001526
2016,42680,8,0.022678
2016,43100,8,0.0057
2016,43300,8,0.014579
2016,43620,8,0.003769
2016,43780,8,0.001448
2016,44100,8,-0.011745
2016,44180,8,0.011593
2016,44220,8,0.000539
2016,44300,8,0.009641
2016,44700,8,-0.022056
2016,45060,8,-0.003165
2016,45220,8,0.006631
2016,45820,8,-0.000122
2016,45940,8,0.011017
2016,46060,8,-0.006668
2016,46140,8,0.00729
2016,46340,8,0.002956
2016,46540,8,-0.002689
2016,46660,8,-0.0107
2016,46700,8,-0.015728
2016,47220,8,0.008231
2016,47300,8,-0.010333
2016,47940,8,-0.008936
2016,48300,8,0.024093
2016,48540,8,-0.029794
2016,48660,8,-0.025191
2016,48700,8,-0.017674
2016,49020,8,-0.025066
2016,49420,8,0.006697
2016,49620,8,0.014987
2016,49660,8,-0.009744
2016,49700,8,-0.015837
2016,49740,8,0.004833
2016,10180,9,-0.010241
2016,10420,9,0.003696
2016,10580,9,0.003075
2016,10740,9,-0.007458
2016,10780,9,-0.017216
2016,10900,9,0.009776
2016,11020,9,-0.008148
2016,11260,9,-0.015605
2016,11460,9,-0.006761
2016,11500,9,-0.004843
2016,11540,9,0.004138
2016,11700,9,0.004109
2016,12020,9,0.019862
2016,12100,9,-0.000693
2016,12220,9,0.012022
2016,12420,9,0.011391
2016,12540,9,-0.020228
2016,12580,9,-0.017238
2016,12620,9,-0.01344
2016,12700,9,-0.0033
2016,12980,9,0.004922
2016,13020,9,-0.002805
2016,13380,9,0.019022
2016,13460,9,0.007316
2016,13780,9,-0.015324
2016,14260,9,-0.001481
2016,14500,9,0.015066
2016,14740,9,0.043435
2016,14860,9,0.004887
2016,15180,9,0.002735
2016,15260,9,0.016044
2016,15380,9,-0.003647
2016,15500,9,0.004168
2016,15540,9,-0.007322
2016,15940,9,-0.003491
2016,15980,9,0.011244
2016,16020,9,-0.012414
2016,16180,9,0.019446
2016,16220,9,-0.024772
2016,16300,9,0.001395
2016,16700,9,0.016415
2016,16860,9,-0.011208
2016,16940,9,-0.012481
2016,17020,9,-0.004631
2016,17420,9,0.002179
2016,17660,9,0.011492
2016,17780,9,0.021939
2016,17820,9,0.01033
2016,17900,9,0.005087
2016,18020,9,0.004408
2016,18700,9,0.011749
2016,19140,9,-0.002679
2016,19340,9,-0.011008
2016,19460,9,-0.001156
2016,19500,9,-0.013506
2016,19740,9,0.014437
2016,20020,9,0.00259
2016,20100,9,-0.003841
2016,20220,9,-0.007218
2016,20740,9,-0.002922
2016,20940,9,-0.014711
2016,21140,9,0.012658
2016,21300,9,-0.016424
2016,21500,9,0.000234
2016,21660,9,0.01246
2016,21820,9,-0.00751
2016,22020,9,0.002525
2016,22140,9,-0.064208
2016,22380,9,0.006119
2016,22420,9,-0.001792
2016,22500,9,-0.019643
2016,22520,9,-0.015937
2016,22540,9,0.002256
2016,22660,9,0.018448
2016,23420,9,-0.003886
2016,23460,9,-0.008559
2016,23580,9,0.02101
2016,24020,9,-0.001966
2016,24140,9,-0.018258
2016,24220,9,-0.020644
2016,24300,9,0.006628
2016,24500,9,-0.02499
2016,24540,9,0.022699
2016,24580,9,0.006496
2016,24660,9,-0.008277
2016,25260,9,0.003652
2016,25420,9,0.0132
2016,25500,9,-0.01067
2016,25540,9,-0.001504
2016,25860,9,-0.007784
2016,25980,9,-0.052355
2016,26300,9,-0.004625
2016,26380,9,-0.012781
2016,26620,9,0.003171
2016,26980,9,0.002565
2016,27060,9,-0.01408
2016,27100,9,0.008153
2016,27260,9,0.014353
2016,27340,9,-0.012031
2016,27500,9,0.00465
2016,27620,9,-0.003755
2016,27740,9,-0.004585
2016,27780,9,-0.008766
2016,27860,9,-0.001402
2016,27900,9,-0.001254
2016,28100,9,0.001273
2016,28420,9,0.011736
2016,28660,9,0.006331
2016,28700,9,-0.017804
2016,28740,9,0.00678
2016,29100,9,-0.006896
2016,29340,9,-0.00568
2016,29420,9,-0.006021
2016,29460,9,0.019005
2016,29540,9,0.010387
2016,29700,9,-0.002006
2016,29740,9,-0.002769
2016,29820,9,0.001311
2016,29940,9,0.009897
2016,30140,9,0.003289
2016,30300,9,-0.016502
2016,30340,9,-0.004381
2016,30460,9,0.008751
2016,30620,9,-0.003318
2016,30700,9,0.005398
2016,30780,9,-0.008492
2016,30860,9,0.013159
2016,31020,9,0.028469
2016,31420,9,-0.006796
2016,31700,9,0.007668
2016,31860,9,-2.4e-05
2016,31900,9,0.006833
2016,32580,9,0.000288
2016,32780,9,0.007756
2016,32900,9,-0.023176
2016,33140,9,-0.007211
2016,33340,9,0.002871
2016,33540,9,-0.001526
2016,33700,9,-0.015573
2016,33780,9,0.00198
2016,33860,9,0.002952
2016,34060,9,-0.014045
2016,34580,9,0.028794
2016,34620,9,-0.009264
2016,34740,9,0.012792
2016,34900,9,-0.015433
2016,34940,9,0.014846
2016,35300,9,0.000698
2016,35660,9,0.000276
2016,35980,9,0.004478
2016,36100,9,0.017396
2016,36220,9,0.002536
2016,36420,9,0.003878
2016,36500,9,0.022229
2016,36540,9,0.008587
2016,36740,9,0.013149
2016,36780,9,-0.004355
2016,36980,9,0.002837
2016,37100,9,-0.015095
2016,37340,9,0.026437
2016,37860,9,0.003203
2016,38060,9,-0.012925
2016,38300,9,-0.005147
2016,38340,9,-0.00173
2016,38860,9,0.00465
2016,38900,9,0.015745
2016,38940,9,0.019701
2016,39300,9,0.008717
2016,39340,9,0.005506
2016,39380,9,0.018393
2016,39460,9,0.028096
2016,39540,9,0.007832
2016,39580,9,0.007433
2016,39740,9,0.012076
2016,39820,9,-0.015264
2016,39900,9,0.012777
2016,40140,9,-0.019118
2016,40220,9,-0.011264
2016,40420,9,0.009793
2016,40580,9,-0.026116
2016,40660,9,-0.006147
2016,40900,9,-0.007797
2016,40980,9,-0.008988
2016,41060,9,0.012503
2016,41100,9,-0.000485
2016,41140,9,-0.002306
2016,41420,9,0.027604
2016,41500,9,-0.004148
2016,41700,9,0.014443
2016,41740,9,-0.012232
2016,41940,9,-0.008859
2016,42020,9,-0.008943
2016,42100,9,0.004974
2016,42140,9,0.002663
2016,42220,9,-0.010742
2016,42340,9,0.008809
2016,42540,9,0.001125
2016,42680,9,0.022035
2016,43100,9,0.004644
2016,43300,9,0.014
2016,43620,9,0.004352
2016,43780,9,0.001964
2016,44100,9,-0.012535
2016,44180,9,0.011179
2016,44220,9,8.8e-05
2016,44300,9,0.009693
2016,44700,9,-0.014566
2016,45060,9,-0.002574
2016,45220,9,0.004654
2016,45820,9,-0.002084
2016,45940,9,0.009043
2016,46060,9,-0.005968
2016,46140,9,0.007737
2016,46340,9,0.003321
2016,46540,9,-0.003802
2016,46660,9,-0.013372
2016,46700,9,-0.010707
2016,47220,9,0.003677
2016,47300,9,-0.011024
2016,47940,9,-0.009569
2016,48300,9,0.020148
2016,48540,9,-0.028264
2016,48660,9,-0.027118
2016,48700,9,-0.017209
2016,49020,9,-0.025568
2016,49420,9,0.003968
2016,49620,9,0.014223
2016,49660,9,-0.008555
2016,49700,9,-0.011636
2016,49740,9,0.001721
2016,10180,10,-0.013304
2016,10420,10,0.004995
2016,10580,10,0.003593
2016,10740,10,-0.007525
2016,10780,10,-0.019541
2016,10900,10,0.009392
2016,11020,10,-0.008508
2016,11260,10,-0.012581
2016,11460,10,-0.007507
2016,11500,10,-0.006823
2016,11540,10,0.004732
2016,11700,10,0.006711
2016,12020,10,0.019886
2016,12100,10,-0.00347
2016,12220,10,0.013494
2016,12420,10,0.012609
2016,12540,10,-0.027399
2016,12580,10,-0.020308
2016,12620,10,-0.015469
2016,12700,10,-0.003897
2016,12980,10,0.006191
2016,13020,10,-0.001945
2016,13380,10,0.023253
2016,13460,10,0.003703
2016,13780,10,-0.019547
2016,14260,10,-0.008033
2016,14500,10,0.02279
2016,14740,10,0.051196
2016,14860,10,0.004805
2016,15180,10,0.004021
2016,15260,10,0.015831
2016,15380,10,-0.001769
2016,15500,10,0.008538
2016,15540,10,-0.006595
2016,15940,10,-0.004916
2016,15980,10,0.013586
2016,16020,10,-0.015623
2016,16180,10,0.017093
2016,16220,10,-0.024053
2016,16300,10,0.00241
2016,16700,10,0.019397
2016,16860,10,-0.010684
2016,16940,10,-0.009014
2016,17020,10,-0.006741
2016,17420,10,0.003057
2016,17660,10,0.010511
2016,17780,10,0.026085
2016,17820,10,0.015518
2016,17900,10,0.008085
2016,18020,10,0.005636
2016,18700,10,0.014452
2016,19140,10,-0.003527
2016,19340,10,-0.010495
2016,19460,10,-0.000171
2016,19500,10,-0.014337
2016,19740,10,0.022066
2016,20020,10,0.001802
2016,20100,10,-0.004843
2016,20220,10,-0.005744
2016,20740,10,-0.002904
2016,20940,10,-0.01543
2016,21140,10,0.014633
2016,21300,10,-0.022237
2016,21500,10,0.002399
2016,21660,10,0.014397
2016,21820,10,-0.004736
2016,22020,10,0.002238
2016,22140,10,-0.071116
2016,22380,10,0.003172
2016,22420,10,-0.00579
2016,22500,10,-0.019872
2016,22520,10,-0.018026
2016,22540,10,0.003111
2016,22660,10,0.026721
2016,23420,10,-0.006463
2016,23460,10,-0.009891
2016,23580,10,0.021555
2016,24020,10,-0.003493
2016,24140,10,-0.018984
2016,24220,10,-0.025589
2016,24300,10,0.005191
2016,24500,10,-0.025786
2016,24540,10,0.030711
2016,24580,10,0.007859
2016,24660,10,-0.006528
2016,25260,10,0.001367
2016,25420,10,0.016096
2016,25500,10,-0.011237
2016,25540,10,-0.001399
2016,25860,10,-0.006385
2016,25980,10,-0.059599
2016,26300,10,-0.006076
2016,26380,10,-0.015257
2016,26620,10,0.004004
2016,26980,10,0.004023
2016,27060,10,-0.017566
2016,27100,10,0.007324
2016,27260,10,0.013111
2016,27340,10,-0.015975
2016,27500,10,0.00514
2016,27620,10,-0.003388
2016,27740,10,-0.006724
2016,27780,10,-0.011679
2016,27860,10,-0.000705
2016,27900,10,-0.002885
2016,28100,10,0.000807
2016,28420,10,0.019755
2016,28660,10,0.007119
2016,28700,10,-0.017
2016,28740,10,0.006807
2016,29100,10,-0.00659
2016,29340,10,-0.00702
2016,29420,10,-0.0105
2016,29460,10,0.016141
2016,29540,10,0.013172
2016,29700,10,-0.003985
2016,29740,10,-0.001678
2016,29820,10,-0.006001
2016,29940,10,0.011962
2016,30140,10,0.002754
2016,30300,10,-0.018075
2016,30340,10,-0.004499
2016,30460,10,0.011707
2016,30620,10,-0.001981
2016,30700,10,0.007402
2016,30780,10,-0.00843
2016,30860,10,0.017875
2016,31020,10,0.035194
2016,31420,10,-0.00755
2016,31700,10,0.009366
2016,31860,10,-0.00151
2016,31900,10,0.007131
2016,32580,10,0.000352
2016,32780,10,0.006275
2016,32900,10,-0.026866
2016,33140,10,-0.007145
2016,33340,10,0.002425
2016,33540,10,-8.2e-05
2016,33700,10,-0.022127
2016,33780,10,0.001309
2016,33860,10,0.001929
2016,34060,10,-0.011745
2016,34580,10,0.035395
2016,34620,10,-0.012257
2016,34740,10,0.014074
2016,34900,10,-0.019083
2016,34940,10,0.017614
2016,35300,10,0.000374
2016,35660,10,-0.000209
2016,35980,10,0.003732
2016,36100,10,0.015405
2016,36220,10,0.001016
2016,36420,10,0.004133
2016,36500,10,0.02822
2016,36540,10,0.010821
2016,36740,10,0.009144
2016,36780,10,-0.004044
2016,36980,10,0.00517
2016,37100,10,-0.017868
2016,37340,10,0.029574
2016,37860,10,0.003739
2016,38060,10,-0.022224
2016,38300,10,-0.003226
2016,38340,10,-0.002398
2016,38860,10,0.00555
2016,38900,10,0.018722
2016,38940,10,0.022761
2016,39300,10,0.009958
2016,39340,10,0.00584
2016,39380,10,0.026887
2016,39460,10,0.032818
2016,39540,10,0.007589
2016,39580,10,0.010047
2016,39740,10,0.013668
2016,39820,10,-0.019962
2016,39900,10,0.009362
2016,40140,10,-0.024289
2016,40220,10,-0.01167
2016,40420,10,0.010426
2016,40580,10,-0.028345
2016,40660,10,-0.006608
2016,40900,10,-0.012034
2016,40980,10,-0.010611
2016,41060,10,0.011721
2016,41100,10,-0.003998
2016,41140,10,-0.002404
2016,41420,10,0.033195
2016,41500,10,-0.0042
2016,41700,10,0.017876
2016,41740,10,-0.012847
2016,41940,10,-0.006508
2016,42020,10,-0.010575
2016,42100,10,0.008589
2016,42140,10,0.004458
2016,42220,10,-0.011711
2016,42340,10,0.008298
2016,42540,10,0.001994
2016,42680,10,0.023668
2016,43100,10,0.004959
2016,43300,10,0.017435
2016,43620,10,0.005966
2016,43780,10,0.002103
2016,44100,10,-0.011953
2016,44180,10,0.011921
2016,44220,10,0.000946
2016,44300,10,0.013158
2016,44700,10,-0.02013
2016,45060,10,-0.001413
2016,45220,10,0.00292
2016,45820,10,-0.001639
2016,45940,10,0.009841
2016,46060,10,-0.010834
2016,46140,10,0.009287
2016,46340,10,0.003624
2016,46540,10,-0.003079
2016,46660,10,-0.0142
2016,46700,10,-0.015212
2016,47220,10,0.003302
2016,47300,10,-0.01425
2016,47940,10,-0.010388
2016,48300,10,0.024654
2016,48540,10,-0.030653
2016,48660,10,-0.030023
2016,48700,10,-0.016906
2016,49020,10,-0.03101
2016,49420,10,0.009886
2016,49620,10,0.015733
2016,49660,10,-0.010081
2016,49700,10,-0.018733
2016,49740,10,-0.000414
2016,10180,11,-0.011034
2016,10420,11,0.002673
2016,10580,11,0.004857
2016,10740,11,-0.006406
2016,10780,11,-0.015456
2016,10900,11,0.009875
2016,11020,11,-0.00925
2016,11260,11,-0.012969
2016,11460,11,-0.010671
2016,11500,11,-0.004605
2016,11540,11,0.004425
2016,11700,11,0.005798
2016,12020,11,0.016947
2016,12100,11,0.003406
2016,12220,11,0.011297
2016,12420,11,0.010786
2016,12540,11,-0.020502
2016,12580,11,-0.014153
2016,12620,11,-0.014119
2016,12700,11,-0.00212
2016,12980,11,0.00609
2016,13020,11,-0.003589
2016,13380,11,0.022128
2016,13460,11,0.007329
2016,13780,11,-0.017137
2016,14260,11,-0.002007
2016,14500,11,0.013186
2016,14740,11,0.044432
2016,14860,11,0.005132
2016,15180,11,0.004287
2016,15260,11,0.017713
2016,15380,11,-0.004783
2016,15500,11,0.000829
2016,15540,11,-0.007465
2016,15940,11,-0.00394
2016,15980,11,0.007647
2016,16020,11,-0.012012
2016,16180,11,0.022735
2016,16220,11,-0.022951
2016,16300,11,-0.000799
2016,16700,11,0.017622
2016,16860,11,-0.011166
2016,16940,11,-0.011735
2016,17020,11,-0.002725
2016,17420,11,0.000729
2016,17660,11,0.01239
2016,17780,11,0.021247
2016,17820,11,0.00831
2016,17900,11,0.004634
2016,18020,11,0.002655
2016,18700,11,0.013804
2016,19140,11,-0.006032
2016,19340,11,-0.010967
2016,19460,11,-0.000854
2016,19500,11,-0.012361
2016,19740,11,0.011923
2016,20020,11,0.004317
2016,20100,11,-0.001472
2016,20220,11,-0.008597
2016,20740,11,-0.002382
2016,20940,11,-0.014731
2016,21140,11,0.011179
2016,21300,11,-0.018151
2016,21500,11,-0.001173
2016,21660,11,0.01429
2016,21820,11,-0.006431
2016,22020,11,0.004646
2016,22140,11,-0.053173
2016,22380,11,0.008691
2016,22420,11,-0.003117
2016,22500,11,-0.019775
2016,22520,11,-0.015014
2016,22540,11,0.003675
2016,22660,11,0.015272
2016,23420,11,-0.003712
2016,23460,11,-0.007538
2016,23580,11,0.019731
2016,24020,11,0.001491
2016,24140,11,-0.017558
2016,24220,11,-0.017033
2016,24300,11,0.009575
2016,24500,11,-0.023318
2016,24540,11,0.017665
2016,24580,11,0.006092
2016,24660,11,-0.010109
2016,25260,11,0.006367
2016,25420,11,0.012061
2016,25500,11,-0.008452
2016,25540,11,-0.002235
2016,25860,11,-0.008703
2016,25980,11,-0.044527
2016,26300,11,-0.001733
2016,26380,11,-0.010513
2016,26620,11,0.003996
2016,26980,11,0.002779
2016,27060,11,-0.014497
2016,27100,11,0.007048
2016,27260,11,0.014922
2016,27340,11,-0.010039
2016,27500,11,0.005071
2016,27620,11,-0.004272
2016,27740,11,-0.003829
2016,27780,11,-0.009367
2016,27860,11,-0.003183
2016,27900,11,-0.00162
2016,28100,11,0.002918
2016,28420,11,0.010783
2016,28660,11,0.005289
2016,28700,11,-0.016914
2016,28740,11,0.009451
2016,29100,11,-0.006668
2016,29340,11,-0.004932
2016,29420,11,-0.004727
2016,29460,11,0.017732
2016,29540,11,0.009228
2016,29700,11,-5.4e-05
2016,29740,11,-0.000937
2016,29820,11,-0.004281
2016,29940,11,0.008149
2016,30140,11,0.00105
2016,30300,11,-0.014241
2016,30340,11,-0.005808
2016,30460,11,0.007552
2016,30620,11,-0.002045
2016,30700,11,0.005403
2016,30780,11,-0.007958
2016,30860,11,0.010586
2016,31020,11,0.029294
2016,31420,11,-0.00731
2016,31700,11,0.006417
2016,31860,11,0.000989
2016,31900,11,0.006397
2016,32580,11,-0.000784
2016,32780,11,0.009485
2016,32900,11,-0.028549
2016,33140,11,-0.005206
2016,33340,11,0.004563
2016,33540,11,-0.001085
2016,33700,11,-0.020682
2016,33780,11,0.000893
2016,33860,11,0.003446
2016,34060,11,-0.015046
2016,34580,11,0.032218
2016,34620,11,-0.00952
2016,34740,11,0.012668
2016,34900,11,-0.016474
2016,34940,11,0.017088
2016,35300,11,0.001065
2016,35660,11,0.002395
2016,35980,11,0.006086
2016,36100,11,0.018226
2016,36220,11,0.000701
2016,36420,11,0.004476
2016,36500,11,0.025089
2016,36540,11,0.007531
2016,36740,11,0.012992
2016,36780,11,-0.003298
2016,36980,11,0.000734
2016,37100,11,-0.014277
2016,37340,11,0.026229
2016,37860,11,0.004137
2016,38060,11,-0.016484
2016,38300,11,-0.006139
2016,38340,11,0.000233
2016,38860,11,0.004481
2016,38900,11,0.018079
2016,38940,11,0.018876
2016,39300,11,0.008564
2016,39340,11,0.002438
2016,39380,11,0.015016
2016,39460,11,0.025516
2016,39540,11,0.009297
2016,39580,11,0.005735
2016,39740,11,0.011744
2016,39820,11,-0.012524
2016,39900,11,0.012712
2016,40140,11,-0.020606
2016,40220,11,-0.010279
2016,40420,11,0.011384
2016,40580,11,-0.027393
2016,40660,11,-0.009528
2016,40900,11,-0.010538
2016,40980,11,-0.009704
2016,41060,11,0.012482
2016,41100,11,-0.00127
2016,41140,11,-0.001747
2016,41420,11,0.027841
2016,41500,11,-0.005727
2016,41700,11,0.014006
2016,41740,11,-0.012493
2016,41940,11,-0.008053
2016,42020,11,-0.008439
2016,42100,11,0.004582
2016,42140,11,0.004138
2016,42220,11,-0.011802
2016,42340,11,0.008238
2016,42540,11,0.000772
2016,42680,11,0.021792
2016,43100,11,0.004468
2016,43300,11,0.010284
2016,43620,11,0.005319
2016,43780,11,0.00184
2016,44100,11,-0.012732
2016,44180,11,0.011302
2016,44220,11,-7.3e-05
2016,44300,11,0.010697
2016,44700,11,-0.021124
2016,45060,11,-0.003356
2016,45220,11,0.007636
2016,45820,11,-0.002355
2016,45940,11,0.010748
2016,46060,11,-0.005572
2016,46140,11,0.007728
2016,46340,11,0.002061
2016,46540,11,-0.003238
2016,46660,11,-0.011759
2016,46700,11,-0.015286
2016,47220,11,0.007871
2016,47300,11,-0.010549
2016,47940,11,-0.009817
2016,48300,11,0.022439
2016,48540,11,-0.028244
2016,48660,11,-0.02483
2016,48700,11,-0.019449
2016,49020,11,-0.023823
2016,49420,11,0.004315
2016,49620,11,0.013771
2016,49660,11,-0.008781
2016,49700,11,-0.013549
2016,49740,11,0.004111
2016,10180,12,-0.010796
2016,10420,12,0.003781
2016,10580,12,0.00401
2016,10740,12,-0.006072
2016,10780,12,-0.016421
2016,10900,12,0.009881
2016,11020,12,-0.008896
2016,11260,12,-0.013103
2016,11460,12,-0.009202
2016,11500,12,-0.003958
2016,11540,12,0.003667
2016,11700,12,0.005829
2016,12020,12,0.017222
2016,12100,12,0.000597
2016,12220,12,0.012343
2016,12420,12,0.008439
2016,12540,12,-0.021904
2016,12580,12,-0.015577
2016,12620,12,-0.013325
2016,12700,12,-0.003862
2016,12980,12,0.005057
2016,13020,12,-0.002419
2016,13380,12,0.021393
2016,13460,12,0.00431
2016,13780,12,-0.015512
2016,14260,12,-0.004754
2016,14500,12,0.015051
2016,14740,12,0.046942
2016,14860,12,0.00416
2016,15180,12,0.003847
2016,15260,12,0.016915
2016,15380,12,-0.004495
2016,15500,12,0.004282
2016,15540,12,-0.007272
2016,15940,12,-0.004856
2016,15980,12,0.008967
2016,16020,12,-0.012617
2016,16180,12,0.020098
2016,16220,12,-0.021816
2016,16300,12,0.001578
2016,16700,12,0.016283
2016,16860,12,-0.011597
2016,16940,12,-0.011108
2016,17020,12,-0.003702
2016,17420,12,0.002117
2016,17660,12,0.011597
2016,17780,12,0.021362
2016,17820,12,0.010154
2016,17900,12,0.005413
2016,18020,12,0.00347
2016,18700,12,0.012144
2016,19140,12,-0.002653
2016,19340,12,-0.010096
2016,19460,12,-0.000296
2016,19500,12,-0.011791
2016,19740,12,0.013223
2016,20020,12,0.002808
2016,20100,12,-0.002919
2016,20220,12,-0.005695
2016,20740,12,-0.002907
2016,20940,12,-0.015102
2016,21140,12,0.012409
2016,21300,12,-0.019695
2016,21500,12,-0.000268
2016,21660,12,0.013538
2016,21820,12,-0.005436
2016,22020,12,-0.000315
2016,22140,12,-0.060043
2016,22380,12,0.006602
2016,22420,12,-0.005515
2016,22500,12,-0.019118
2016,22520,12,-0.016112
2016,22540,12,0.003629
2016,22660,12,0.01718
2016,23420,12,-0.003816
2016,23460,12,-0.007802
2016,23580,12,0.019296
2016,24020,12,-0.00089
2016,24140,12,-0.017604
2016,24220,12,-0.022911
2016,24300,12,0.008562
2016,24500,12,-0.024338
2016,24540,12,0.01975
2016,24580,12,0.006488
2016,24660,12,-0.00856
2016,25260,12,0.003919
2016,25420,12,0.013368
2016,25500,12,-0.008893
2016,25540,12,-0.001403
2016,25860,12,-0.007204
2016,25980,12,-0.050092
2016,26300,12,-0.002603
2016,26380,12,-0.012042
2016,26620,12,0.003038
2016,26980,12,0.002577
2016,27060,12,-0.015462
2016,27100,12,0.006609
2016,27260,12,0.013695
2016,27340,12,-0.010728
2016,27500,12,0.005337
2016,27620,12,-0.002735
2016,27740,12,-0.005239
2016,27780,12,-0.009926
2016,27860,12,-0.002146
2016,27900,12,-0.00157
2016,28100,12,0.003456
2016,28420,12,0.013047
2016,28660,12,0.006246
2016,28700,12,-0.016085
2016,28740,12,0.008685
2016,29100,12,-0.006275
2016,29340,12,-0.006102
2016,29420,12,-0.006203
2016,29460,12,0.017761
2016,29540,12,0.011091
2016,29700,12,-0.003229
2016,29740,12,0.000134
2016,29820,12,-0.00328
2016,29940,12,0.010711
2016,30140,12,0.00221
2016,30300,12,-0.014751
2016,30340,12,-0.00368
2016,30460,12,0.008792
2016,30620,12,-0.001656
2016,30700,12,0.004693
2016,30780,12,-0.00724
2016,30860,12,0.013477
2016,31020,12,0.031338
2016,31420,12,-0.006696
2016,31700,12,0.007221
2016,31860,12,1e-06
2016,31900,12,0.006527
2016,32580,12,0.00014
2016,32780,12,0.007586
2016,32900,12,-0.026774
2016,33140,12,-0.005849
2016,33340,12,0.003801
2016,33540,12,-0.000242
2016,33700,12,-0.019571
2016,33780,12,-6.7e-05
2016,33860,12,0.002534
2016,34060,12,-0.012403
2016,34580,12,0.032534
2016,34620,12,-0.011376
2016,34740,12,0.011794
2016,34900,12,-0.016533
2016,34940,12,0.013459
2016,35300,12,0.001197
2016,35660,12,0.001184
2016,35980,12,0.004764
2016,36100,12,0.017813
2016,36220,12,0.002532
2016,36420,12,0.00295
2016,36500,12,0.026186
2016,36540,12,0.008554
2016,36740,12,0.010523
2016,36780,12,-0.003811
2016,36980,12,0.001824
2016,37100,12,-0.015344
2016,37340,12,0.027393
2016,37860,12,0.003513
2016,38060,12,-0.016683
2016,38300,12,-0.006181
2016,38340,12,-0.001067
2016,38860,12,0.004125
2016,38900,12,0.015981
2016,38940,12,0.01928
2016,39300,12,0.009193
2016,39340,12,0.003514
2016,39380,12,0.02055
2016,39460,12,0.028022
2016,39540,12,0.009376
2016,39580,12,0.005199
2016,39740,12,0.012893
2016,39820,12,-0.014206
2016,39900,12,0.010373
2016,40140,12,-0.020926
2016,40220,12,-0.009914
2016,40420,12,0.012162
2016,40580,12,-0.026221
2016,40660,12,-0.006396
2016,40900,12,-0.009981
2016,40980,12,-0.009766
2016,41060,12,0.01258
2016,41100,12,-0.003111
2016,41140,12,-0.000386
2016,41420,12,0.029712
2016,41500,12,-0.00498
2016,41700,12,0.015142
2016,41740,12,-0.012537
2016,41940,12,-0.010321
2016,42020,12,-0.00892
2016,42100,12,0.005489
2016,42140,12,0.005111
2016,42220,12,-0.011814
2016,42340,12,0.00867
2016,42540,12,0.001611
2016,42680,12,0.021604
2016,43100,12,0.005615
2016,43300,12,0.014738
2016,43620,12,0.003703
2016,43780,12,0.001785
2016,44100,12,-0.011877
2016,44180,12,0.011496
2016,44220,12,0.000591
2016,44300,12,0.009379
2016,44700,12,-0.019151
2016,45060,12,-0.002632
2016,45220,12,0.00538
2016,45820,12,-0.000594
2016,45940,12,0.010065
2016,46060,12,-0.006274
2016,46140,12,0.007594
2016,46340,12,0.003563
2016,46540,12,-0.003142
2016,46660,12,-0.011531
2016,46700,12,-0.014085
2016,47220,12,0.00593
2016,47300,12,-0.010871
2016,47940,12,-0.008996
2016,48300,12,0.022781
2016,48540,12,-0.029246
2016,48660,12,-0.025889
2016,48700,12,-0.01742
2016,49020,12,-0.025889
2016,49420,12,0.006903
2016,49620,12,0.014902
2016,49660,12,-0.009129
2016,49700,12,-0.01457
2016,49740,12,0.003419
2016,10180,13,-0.009835
2016,10420,13,0.004697
2016,10580,13,0.001783
2016,10740,13,-0.008846
2016,10780,13,-0.018715
2016,10900,13,0.009306
2016,11020,13,-0.007048
2016,11260,13,-0.017802
2016,11460,13,-0.003868
2016,11500,13,-0.004997
2016,11540,13,0.003312
2016,11700,13,0.003821
2016,12020,13,0.021693
2016,12100,13,-0.004902
2016,12220,13,0.011292
2016,12420,13,0.011707
2016,12540,13,-0.022236
2016,12580,13,-0.020473
2016,12620,13,-0.013864
2016,12700,13,-0.003909
2016,12980,13,0.00484
2016,13020,13,-0.001598
2016,13380,13,0.017326
2016,13460,13,0.006058
2016,13780,13,-0.015771
2016,14260,13,-0.003401
2016,14500,13,0.019358
2016,14740,13,0.045603
2016,14860,13,0.004384
2016,15180,13,0.002246
2016,15260,13,0.014682
2016,15380,13,-0.001954
2016,15500,13,0.007157
2016,15540,13,-0.007333
2016,15940,13,-0.003705
2016,15980,13,0.01503
2016,16020,13,-0.013389
2016,16180,13,0.019137
2016,16220,13,-0.026638
2016,16300,13,0.003201
2016,16700,13,0.015954
2016,16860,13,-0.011485
2016,16940,13,-0.012392
2016,17020,13,-0.007063
2016,17420,13,0.003142
2016,17660,13,0.009921
2016,17780,13,0.023416
2016,17820,13,0.012527
2016,17900,13,0.005372
2016,18020,13,0.005352
2016,18700,13,0.010686
2016,19140,13,-0.000293
2016,19340,13,-0.011232
2016,19460,13,-0.000416
2016,19500,13,-0.014398
2016,19740,13,0.018755
2016,20020,13,0.00137
2016,20100,13,-0.006896
2016,20220,13,-0.005699
2016,20740,13,-0.003679
2016,20940,13,-0.013888
2016,21140,13,0.014188
2016,21300,13,-0.016388
2016,21500,13,0.002403
2016,21660,13,0.011043
2016,21820,13,-0.007963
2016,22020,13,-0.000504
2016,22140,13,-0.073463
2016,22380,13,0.004047
2016,22420,13,-0.000493
2016,22500,13,-0.019887
2016,22520,13,-0.016845
2016,22540,13,0.001152
2016,22660,13,0.022616
2016,23420,13,-0.004866
2016,23460,13,-0.008899
2016,23580,13,0.022485
2016,24020,13,-0.004703
2016,24140,13,-0.019132
2016,24220,13,-0.024531
2016,24300,13,0.004384
2016,24500,13,-0.026903
2016,24540,13,0.028106
2016,24580,13,0.006528
2016,24660,13,-0.007323
2016,25260,13,0.001276
2016,25420,13,0.014515
2016,25500,13,-0.012751
2016,25540,13,-0.001151
2016,25860,13,-0.006704
2016,25980,13,-0.06089
2016,26300,13,-0.006281
2016,26380,13,-0.015117
2016,26620,13,0.00158
2016,26980,13,0.002086
2016,27060,13,-0.015135
2016,27100,13,0.009607
2016,27260,13,0.013561
2016,27340,13,-0.016404
2016,27500,13,0.004466
2016,27620,13,-0.002816
2016,27740,13,-0.005585
2016,27780,13,-0.008435
2016,27860,13,-0.000515
2016,27900,13,-0.001004
2016,28100,13,3.3e-05
2016,28420,13,0.013175
2016,28660,13,0.007098
2016,28700,13,-0.017819
2016,28740,13,0.005073
2016,29100,13,-0.007327
2016,29340,13,-0.006435
2016,29420,13,-0.006649
2016,29460,13,0.019448
2016,29540,13,0.011715
2016,29700,13,-0.004367
2016,29740,13,-0.00453
2016,29820,13,0.003972
2016,29940,13,0.011267
2016,30140,13,0.00392
2016,30300,13,-0.018709
2016,30340,13,-0.003518
2016,30460,13,0.010216
2016,30620,13,-0.003543
2016,30700,13,0.005694
2016,30780,13,-0.009123
2016,30860,13,0.015495
2016,31020,13,0.030189
2016,31420,13,-0.006485
2016,31700,13,0.00921
2016,31860,13,-0.000555
2016,31900,13,0.00751
2016,32580,13,0.000376
2016,32780,13,0.005863
2016,32900,13,-0.019243
2016,33140,13,-0.008683
2016,33340,13,0.001367
2016,33540,13,-0.001924
2016,33700,13,-0.012699
2016,33780,13,0.003429
2016,33860,13,0.002596
2016,34060,13,-0.012653
2016,34580,13,0.027995
2016,34620,13,-0.010396
2016,34740,13,0.01377
2016,34900,13,-0.014966
2016,34940,13,0.014793
2016,35300,13,0.000334
2016,35660,13,-0.000865
2016,35980,13,0.002938
2016,36100,13,0.016942
2016,36220,13,0.003099
2016,36420,13,0.003071
2016,36500,13,0.020599
2016,36540,13,0.009862
2016,36740,13,0.012134
2016,36780,13,-0.005667
2016,36980,13,0.005577
2016,37100,13,-0.016532
2016,37340,13,0.029554
2016,37860,13,0.002544
2016,38060,13,-0.01267
2016,38300,13,-0.003462
2016,38340,13,-0.002668
2016,38860,13,0.004981
2016,38900,13,0.014785
2016,38940,13,0.023183
2016,39300,13,0.009629
2016,39340,13,0.006906
2016,39380,13,0.023779
2016,39460,13,0.03237
2016,39540,13,0.006595
2016,39580,13,0.007608
2016,39740,13,0.012878
2016,39820,13,-0.018436
2016,39900,13,0.013771
2016,40140,13,-0.019279
2016,40220,13,-0.012427
2016,40420,13,0.008657
2016,40580,13,-0.026081
2016,40660,13,-0.003994
2016,40900,13,-0.006897
2016,40980,13,-0.008587
2016,41060,13,0.012754
2016,41100,13,-0.002466
2016,41140,13,-0.001807
2016,41420,13,0.028852
2016,41500,13,-0.002109
2016,41700,13,0.015793
2016,41740,13,-0.012648
2016,41940,13,-0.008685
2016,42020,13,-0.009806
2016,42100,13,0.006917
2016,42140,13,0.001847
2016,42220,13,-0.009574
2016,42340,13,0.008412
2016,42540,13,0.00176
2016,42680,13,0.023584
2016,43100,13,0.004513
2016,43300,13,0.019006
2016,43620,13,0.003135
2016,43780,13,0.001875
2016,44100,13,-0.012365
2016,44180,13,0.011337
2016,44220,13,0.00048
2016,44300,13,0.009775
2016,44700,13,-0.010746
2016,45060,13,-0.001818
2016,45220,13,0.002385
2016,45820,13,-0.001114
2016,45940,13,0.007918
2016,46060,13,-0.008
2016,46140,13,0.008146
2016,46340,13,0.004406
2016,46540,13,-0.003688
2016,46660,13,-0.014747
2016,46700,13,-0.007965
2016,47220,13,0.00044
2016,47300,13,-0.012352
2016,47940,13,-0.009367
2016,48300,13,0.019479
2016,48540,13,-0.027771
2016,48660,13,-0.02959
2016,48700,13,-0.014879
2016,49020,13,-0.028431
2016,49420,13,0.004737
2016,49620,13,0.014684
2016,49660,13,-0.008787
2016,49700,13,-0.011896
2016,49740,13,-0.00037
2016,10180,14,-0.007581
2016,10420,14,0.001338
2016,10580,14,0.006482
2016,10740,14,-0.004828
2016,10780,14,-0.010878
2016,10900,14,0.008813
2016,11020,14,-0.009013
2016,11260,14,-0.011204
2016,11460,14,-0.013225
2016,11500,14,0.000103
2016,11540,14,0.000993
2016,11700,14,0.008379
2016,12020,14,0.008457
2016,12100,14,0.006207
2016,12220,14,0.007176
2016,12420,14,0.001436
2016,12540,14,-0.017707
2016,12580,14,-0.006898
2016,12620,14,-0.012173
2016,12700,14,-0.002326
2016,12980,14,0.005547
2016,13020,14,-0.00259
2016,13380,14,0.021709
2016,13460,14,0.003003
2016,13780,14,-0.014647
2016,14260,14,-0.005991
2016,14500,14,0.009281
2016,14740,14,0.045893
2016,14860,14,0.002448
2016,15180,14,0.005043
2016,15260,14,0.017437
2016,15380,14,-0.007013
2016,15500,14,-0.003966
2016,15540,14,-0.007247
2016,15940,14,-0.006664
2016,15980,14,0.004495
2016,16020,14,-0.009119
2016,16180,14,0.029249
2016,16220,14,-0.014467
2016,16300,14,-0.001176
2016,16700,14,0.013279
2016,16860,14,-0.013133
2016,16940,14,-0.010761
2016,17020,14,-0.000473
2016,17420,14,-8.4e-05
2016,17660,14,0.011371
2016,17780,14,0.015146
2016,17820,14,0.001794
2016,17900,14,0.000235
2016,18020,14,-0.000851
2016,18700,14,0.009636
2016,19140,14,-0.004661
2016,19340,14,-0.00838
2016,19460,14,0.001754
2016,19500,14,-0.006889
2016,19740,14,0.004276
2016,20020,14,0.00526
2016,20100,14,-0.001389
2016,20220,14,-0.004251
2016,20740,14,-0.002401
2016,20940,14,-0.011425
2016,21140,14,0.009167
2016,21300,14,-0.019847
2016,21500,14,-0.003139
2016,21660,14,0.011911
2016,21820,14,-0.004868
2016,22020,14,-0.0067
2016,22140,14,-0.037907
2016,22380,14,0.012619
2016,22420,14,-0.006738
2016,22500,14,-0.018354
2016,22520,14,-0.012035
2016,22540,14,0.005273
2016,22660,14,0.004957
2016,23420,14,-0.001414
2016,23460,14,-0.002566
2016,23580,14,0.014484
2016,24020,14,0.004874
2016,24140,14,-0.015694
2016,24220,14,-0.017923
2016,24300,14,0.013925
2016,24500,14,-0.021388
2016,24540,14,0.002874
2016,24580,14,0.003532
2016,24660,14,-0.014057
2016,25260,14,0.007099
2016,25420,14,0.009384
2016,25500,14,-0.00371
2016,25540,14,-0.002468
2016,25860,14,-0.008788
2016,25980,14,-0.035603
2016,26300,14,0.005674
2016,26380,14,-0.00661
2016,26620,14,-0.000504
2016,26980,14,0.000139
2016,27060,14,-0.013817
2016,27100,14,0.005045
2016,27260,14,0.013528
2016,27340,14,-0.008835
2016,27500,14,0.00635
2016,27620,14,-0.000653
2016,27740,14,-0.003765
2016,27780,14,-0.00883
2016,27860,14,-0.007221
2016,27900,14,0.000444
2016,28100,14,0.007935
2016,28420,14,0.003541
2016,28660,14,0.003103
2016,28700,14,-0.01164
2016,28740,14,0.013282
2016,29100,14,-0.004601
2016,29340,14,-0.005153
2016,29420,14,0.002304
2016,29460,14,0.017533
2016,29540,14,0.008337
2016,29700,14,-0.003755
2016,29740,14,0.00221
2016,29820,14,-0.006764
2016,29940,14,0.00807
2016,30140,14,-0.00285
2016,30300,14,-0.007837
2016,30340,14,-0.003622
2016,30460,14,0.005267
2016,30620,14,0.001727
2016,30700,14,0.001155
2016,30780,14,-0.005675
2016,30860,14,0.005396
2016,31020,14,0.0294
2016,31420,14,-0.007239
2016,31700,14,0.003999
2016,31860,14,0.003097
2016,31900,14,0.005066
2016,32580,14,-0.00285
2016,32780,14,0.008128
2016,32900,14,-0.028774
2016,33140,14,-0.001944
2016,33340,14,0.00671
2016,33540,14,0.000188
2016,33700,14,-0.020429
2016,33780,14,-0.002437
2016,33860,14,0.002668
2016,34060,14,-0.009544
2016,34580,14,0.033034
2016,34620,14,-0.013166
2016,34740,14,0.009819
2016,34900,14,-0.012888
2016,34940,14,0.012825
2016,35300,14,0.002166
2016,35660,14,0.005774
2016,35980,14,0.005257
2016,36100,14,0.021059
2016,36220,14,0.005745
2016,36420,14,0.000366
2016,36500,14,0.024978
2016,36540,14,0.004967
2016,36740,14,0.009712
2016,36780,14,-0.003667
2016,36980,14,-0.001674
2016,37100,14,-0.011948
2016,37340,14,0.030563
2016,37860,14,0.003775
2016,38060,14,-0.014807
2016,38300,14,-0.008892
2016,38340,14,0.003484
2016,38860,14,0.002459
2016,38900,14,0.01447
2016,38940,14,0.02108
2016,39300,14,0.009622
2016,39340,14,-0.004032
2016,39380,14,0.014389
2016,39460,14,0.024698
2016,39540,14,0.012336
2016,39580,14,-0.006188
2016,39740,14,0.012206
2016,39820,14,-0.00622
2016,39900,14,0.01298
2016,40140,14,-0.018096
2016,40220,14,-0.006895
2016,40420,14,0.014346
2016,40580,14,-0.026425
2016,40660,14,-0.00993
2016,40900,14,-0.010957
2016,40980,14,-0.010274
2016,41060,14,0.01345
2016,41100,14,-0.008231
2016,41140,14,0.004504
2016,41420,14,0.026301
2016,41500,14,-0.00533
2016,41700,14,0.013768
2016,41740,14,-0.012135
2016,41940,14,-0.012616
2016,42020,14,-0.006534
2016,42100,14,0.004706
2016,42140,14,0.007748
2016,42220,14,-0.011352
2016,42340,14,0.006541
2016,42540,14,0.001237
2016,42680,14,0.020873
2016,43100,14,0.006051
2016,43300,14,0.013498
2016,43620,14,-0.000145
2016,43780,14,0.000897
2016,44100,14,-0.010503
2016,44180,14,0.010541
2016,44220,14,0.000166
2016,44300,14,0.007064
2016,44700,14,-0.02391
2016,45060,14,-0.004464
2016,45220,14,0.009697
2016,45820,14,0.002194
2016,45940,14,0.011442
2016,46060,14,-0.003905
2016,46140,14,0.004566
2016,46340,14,0.003382
2016,46540,14,-0.001204
2016,46660,14,-0.00767
2016,46700,14,-0.016554
2016,47220,14,0.011497
2016,47300,14,-0.007616
2016,47940,14,-0.006195
2016,48300,14,0.022927
2016,48540,14,-0.024523
2016,48660,14,-0.019341
2016,48700,14,-0.016538
2016,49020,14,-0.018803
2016,49420,14,0.004457
2016,49620,14,0.012761
2016,49660,14,-0.009078
2016,49700,14,-0.01368
2016,49740,14,0.009222
2016,10180,15,-0.012163
2016,10420,15,0.003171
2016,10580,15,0.003348
2016,10740,15,-0.013645
2016,10780,15,-0.022625
2016,10900,15,0.006072
2016,11020,15,-0.004392
2016,11260,15,-0.015591
2016,11460,15,0.000511
2016,11500,15,-0.012127
2016,11540,15,0.007531
2016,11700,15,0.005633
2016,12020,15,0.024119
2016,12100,15,-0.010138
2016,12220,15,0.008689
2016,12420,15,0.025968
2016,12540,15,-0.026552
2016,12580,15,-0.023893
2016,12620,15,-0.018814
2016,12700,15,0.000596
2016,12980,15,0.006836
2016,13020,15,-0.003448
2016,13380,15,0.021063
2016,13460,15,0.013497
2016,13780,15,-0.026097
2016,14260,15,-0.005119
2016,14500,15,0.031908
2016,14740,15,0.045823
2016,14860,15,0.006037
2016,15180,15,-7.8e-05
2016,15260,15,0.008748
2016,15380,15,0.004369
2016,15500,15,0.007256
2016,15540,15,-0.002606
2016,15940,15,-0.002637
2016,15980,15,0.029056
2016,16020,15,-0.017315
2016,16180,15,0.011713
2016,16220,15,-0.027402
2016,16300,15,0.000335
2016,16700,15,0.024326
2016,16860,15,-0.007387
2016,16940,15,-0.006346
2016,17020,15,-0.012803
2016,17420,15,0.003313
2016,17660,15,0.008544
2016,17780,15,0.031639
2016,17820,15,0.018206
2016,17900,15,0.00695
2016,18020,15,0.011542
2016,18700,15,0.017438
2016,19140,15,-0.00988
2016,19340,15,-0.009983
2016,19460,15,-0.001942
2016,19500,15,-0.019086
2016,19740,15,0.034394
2016,20020,15,0.000904
2016,20100,15,-0.00909
2016,20220,15,-0.008897
2016,20740,15,9.5e-05
2016,20940,15,-0.009807
2016,21140,15,0.016445
2016,21300,15,-0.014249
2016,21500,15,0.005807
2016,21660,15,0.010641
2016,21820,15,-0.007598
2016,22020,15,0.015493
2016,22140,15,-0.084382
2016,22380,15,0.000651
2016,22420,15,0.003056
2016,22500,15,-0.021993
2016,22520,15,-0.016502
2016,22540,15,-0.000236
2016,22660,15,0.038872
2016,23420,15,-0.009601
2016,23460,15,-0.011123
2016,23580,15,0.022173
2016,24020,15,-0.004631
2016,24140,15,-0.022017
2016,24220,15,-0.013369
2016,24300,15,-0.004297
2016,24500,15,-0.024585
2016,24540,15,0.046361
2016,24580,15,0.008644
2016,24660,15,-0.007533
2016,25260,15,-0.001136
2016,25420,15,0.016249
2016,25500,15,-0.015031
2016,25540,15,-0.003121
2016,25860,15,-0.0092
2016,25980,15,-0.072722
2016,26300,15,-0.012842
2016,26380,15,-0.017452
2016,26620,15,0.003461
2016,26980,15,0.004517
2016,27060,15,-0.013314
2016,27100,15,0.009889
2016,27260,15,0.013648
2016,27340,15,-0.027103
2016,27500,15,0.003017
2016,27620,15,-0.006612
2016,27740,15,-0.004544
2016,27780,15,-0.009488
2016,27860,15,-0.000382
2016,27900,15,-0.002701
2016,28100,15,-0.007479
2016,28420,15,0.020058
2016,28660,15,0.006219
2016,28700,15,-0.018882
2016,28740,15,0.000381
2016,29100,15,-0.004534
2016,29340,15,-0.004468
2016,29420,15,-0.008626
2016,29460,15,0.015245
2016,29540,15,0.011264
2016,29700,15,-0.001888
2016,29740,15,-0.013495
2016,29820,15,-0.001226
2016,29940,15,0.007761
2016,30140,15,0.003166
2016,30300,15,-0.022766
2016,30340,15,-0.008549
2016,30460,15,0.013808
2016,30620,15,-0.005079
2016,30700,15,0.011484
2016,30780,15,-0.014242
2016,30860,15,0.017886
2016,31020,15,0.028298
2016,31420,15,-0.012348
2016,31700,15,0.010903
2016,31860,15,-0.00205
2016,31900,15,0.006252
2016,32580,15,-0.002579
2016,32780,15,0.003629
2016,32900,15,-0.01615
2016,33140,15,-0.010954
2016,33340,15,0.000217
2016,33540,15,-0.000851
2016,33700,15,-0.015015
2016,33780,15,0.00722
2016,33860,15,0.001911
2016,34060,15,-0.010068
2016,34580,15,0.025925
2016,34620,15,-0.007958
2016,34740,15,0.017504
2016,34900,15,-0.016811
2016,34940,15,0.032497
2016,35300,15,-0.002329
2016,35660,15,-0.001466
2016,35980,15,0.000302
2016,36100,15,0.009651
2016,36220,15,0.004568
2016,36420,15,0.007619
2016,36500,15,0.01514
2016,36540,15,0.010838
2016,36740,15,0.014656
2016,36780,15,-0.004697
2016,36980,15,0.012862
2016,37100,15,-0.017359
2016,37340,15,0.032452
2016,37860,15,0.003676
2016,38060,15,-0.017465
2016,38300,15,0.004167
2016,38340,15,-0.002361
2016,38860,15,0.009332
2016,38900,15,0.022281
2016,38940,15,0.033303
2016,39300,15,0.009321
2016,39340,15,0.010956
2016,39380,15,0.023069
2016,39460,15,0.038386
2016,39540,15,0.001146
2016,39580,15,0.017555
2016,39740,15,0.010114
2016,39820,15,-0.027657
2016,39900,15,0.015462
2016,40140,15,-0.019586
2016,40220,15,-0.016382
2016,40420,15,-0.001135
2016,40580,15,-0.032778
2016,40660,15,-0.011523
2016,40900,15,-0.010023
2016,40980,15,-0.011119
2016,41060,15,0.008931
2016,41100,15,0.000251
2016,41140,15,-0.010524
2016,41420,15,0.026129
2016,41500,15,-0.001956
2016,41700,15,0.019494
2016,41740,15,-0.01042
2016,41940,15,0.006075
2016,42020,15,-0.010696
2016,42100,15,0.011114
2016,42140,15,-0.004005
2016,42220,15,-0.008721
2016,42340,15,0.005849
2016,42540,15,1.8e-05
2016,42680,15,0.027343
2016,43100,15,0.001194
2016,43300,15,0.017308
2016,43620,15,0.009724
2016,43780,15,0.003157
2016,44100,15,-0.01021
2016,44180,15,0.009095
2016,44220,15,-0.001213
2016,44300,15,0.019647
2016,44700,15,-0.011086
2016,45060,15,-0.000758
2016,45220,15,-0.000342
2016,45820,15,-0.007093
2016,45940,15,0.005624
2016,46060,15,-0.017678
2016,46140,15,0.008838
2016,46340,15,0.001838
2016,46540,15,-0.003103
2016,46660,15,-0.022048
2016,46700,15,-0.00992
2016,47220,15,-0.005628
2016,47300,15,-0.01818
2016,47940,15,-0.01155
2016,48300,15,0.019821
2016,48540,15,-0.023497
2016,48660,15,-0.036921
2016,48700,15,-0.011974
2016,49020,15,-0.030114
2016,49420,15,0.002462
2016,49620,15,0.010858
2016,49660,15,-0.009957
2016,49700,15,-0.016816
2016,49740,15,-0.009502
2016,10180,16,-0.014752
2016,10420,16,0.00494
2016,10580,16,0.004324
2016,10740,16,-0.007754
2016,10780,16,-0.020048
2016,10900,16,0.009374
2016,11020,16,-0.009015
2016,11260,16,-0.011312
2016,11460,16,-0.008639
2016,11500,16,-0.007884
2016,11540,16,0.005395
2016,11700,16,0.007827
2016,12020,16,0.019503
2016,12100,16,-0.002896
2016,12220,16,0.01395
2016,12420,16,0.014303
2016,12540,16,-0.029378
2016,12580,16,-0.020647
2016,12620,16,-0.016608
2016,12700,16,-0.003347
2016,12980,16,0.00708
2016,13020,16,-0.002254
2016,13380,16,0.025401
2016,13460,16,0.004028
2016,13780,16,-0.021875
2016,14260,16,-0.009045
2016,14500,16,0.024552
2016,14740,16,0.053044
2016,14860,16,0.005213
2016,15180,16,0.004679
2016,15260,16,0.016267
2016,15380,16,-0.00138
2016,15500,16,0.008416
2016,15540,16,-0.006365
2016,15940,16,-0.005142
2016,15980,16,0.013841
2016,16020,16,-0.016679
2016,16180,16,0.017421
2016,16220,16,-0.024055
2016,16300,16,0.001571
2016,16700,16,0.021408
2016,16860,16,-0.010447
2016,16940,16,-0.008091
2016,17020,16,-0.006924
2016,17420,16,0.002772
2016,17660,16,0.010815
2016,17780,16,0.027657
2016,17820,16,0.016469
2016,17900,16,0.008841
2016,18020,16,0.005734
2016,18700,16,0.01618
2016,19140,16,-0.005592
2016,19340,16,-0.010662
2016,19460,16,-0.000174
2016,19500,16,-0.014874
2016,19740,16,0.024092
2016,20020,16,0.002205
2016,20100,16,-0.004291
2016,20220,16,-0.006546
2016,20740,16,-0.002598
2016,20940,16,-0.015693
2016,21140,16,0.014816
2016,21300,16,-0.024093
2016,21500,16,0.002588
2016,21660,16,0.015575
2016,21820,16,-0.004327
2016,22020,16,0.004774
2016,22140,16,-0.070459
2016,22380,16,0.003169
2016,22420,16,-0.006545
2016,22500,16,-0.020454
2016,22520,16,-0.018404
2016,22540,16,0.003611
2016,22660,16,0.028793
2016,23420,16,-0.007288
2016,23460,16,-0.010344
2016,23580,16,0.021877
2016,24020,16,-0.002784
2016,24140,16,-0.019409
2016,24220,16,-0.024632
2016,24300,16,0.005279
2016,24500,16,-0.025711
2016,24540,16,0.032536
2016,24580,16,0.008279
2016,24660,16,-0.006759
2016,25260,16,0.001638
2016,25420,16,0.016607
2016,25500,16,-0.01112
2016,25540,16,-0.001798
2016,25860,16,-0.006798
2016,25980,16,-0.059495
2016,26300,16,-0.006199
2016,26380,16,-0.015452
2016,26620,16,0.004974
2016,26980,16,0.004783
2016,27060,16,-0.018406
2016,27100,16,0.007051
2016,27260,16,0.013393
2016,27340,16,-0.016869
2016,27500,16,0.005298
2016,27620,16,-0.004083
2016,27740,16,-0.00691
2016,27780,16,-0.012791
2016,27860,16,-0.001022
2016,27900,16,-0.003669
2016,28100,16,0.000543
2016,28420,16,0.021665
2016,28660,16,0.006898
2016,28700,16,-0.017239
2016,28740,16,0.007381
2016,29100,16,-0.006576
2016,29340,16,-0.006977
2016,29420,16,-0.011544
2016,29460,16,0.015211
2016,29540,16,0.013449
2016,29700,16,-0.003202
2016,29740,16,-0.001692
2016,29820,16,-0.009289
2016,29940,16,0.011595
2016,30140,16,0.001998
2016,30300,16,-0.01845
2016,30340,16,-0.005518
2016,30460,16,0.012254
2016,30620,16,-0.001588
2016,30700,16,0.00847
2016,30780,16,-0.008728
2016,30860,16,0.018204
2016,31020,16,0.036814
2016,31420,16,-0.008412
2016,31700,16,0.0096
2016,31860,16,-0.001656
2016,31900,16,0.007092
2016,32580,16,-2.1e-05
2016,32780,16,0.006735
2016,32900,16,-0.029484
2016,33140,16,-0.006698
2016,33340,16,0.002777
2016,33540,16,0.000132
2016,33700,16,-0.025388
2016,33780,16,0.001259
2016,33860,16,0.001872
2016,34060,16,-0.012224
2016,34580,16,0.038006
2016,34620,16,-0.012741
2016,34740,16,0.014899
2016,34900,16,-0.020506
2016,34940,16,0.020579
2016,35300,16,0.000207
2016,35660,16,0.000231
2016,35980,16,0.004117
2016,36100,16,0.014974
2016,36220,16,-7.9e-05
2016,36420,16,0.004944
2016,36500,16,0.030356
2016,36540,16,0.011164
2016,36740,16,0.009005
2016,36780,16,-0.003567
2016,36980,16,0.005312
2016,37100,16,-0.018455
2016,37340,16,0.030256
2016,37860,16,0.004306
2016,38060,16,-0.025605
2016,38300,16,-0.002687
2016,38340,16,-0.002115
2016,38860,16,0.00608
2016,38900,16,0.020949
2016,38940,16,0.02367
2016,39300,16,0.010156
2016,39340,16,0.005473
2016,39380,16,0.027253
2016,39460,16,0.033441
2016,39540,16,0.007685
2016,39580,16,0.011314
2016,39740,16,0.013797
2016,39820,16,-0.020779
2016,39900,16,0.009161
2016,40140,16,-0.02612
2016,40220,16,-0.012023
2016,40420,16,0.010509
2016,40580,16,-0.030047
2016,40660,16,-0.008495
2016,40900,16,-0.013963
2016,40980,16,-0.011375
2016,41060,16,0.011357
2016,41100,16,-0.004203
2016,41140,16,-0.003132
2016,41420,16,0.034526
2016,41500,16,-0.004762
2016,41700,16,0.018767
2016,41740,16,-0.01308
2016,41940,16,-0.004697
2016,42020,16,-0.010941
2016,42100,16,0.0094
2016,42140,16,0.004693
2016,42220,16,-0.012218
2016,42340,16,0.008062
2016,42540,16,0.001871
2016,42680,16,0.024468
2016,43100,16,0.004645
2016,43300,16,0.016463
2016,43620,16,0.007524
2016,43780,16,0.002174
2016,44100,16,-0.012147
2016,44180,16,0.012141
2016,44220,16,0.000916
2016,44300,16,0.015112
2016,44700,16,-0.023478
2016,45060,16,-0.001392
2016,45220,16,0.003379
2016,45820,16,-0.002388
2016,45940,16,0.010608
2016,46060,16,-0.012295
2016,46140,16,0.009878
2016,46340,16,0.002953
2016,46540,16,-0.002906
2016,46660,16,-0.014621
2016,46700,16,-0.017668
2016,47220,16,0.004343
2016,47300,16,-0.01521
2016,47940,16,-0.011159
2016,48300,16,0.026379
2016,48540,16,-0.031555
2016,48660,16,-0.030692
2016,48700,16,-0.017917
2016,49020,16,-0.032008
2016,49420,16,0.010849
2016,49620,16,0.015903
2016,49660,16,-0.010629
2016,49700,16,-0.021066
2016,49740,16,-0.000764
2016,10180,17,-0.007581
2016,10420,17,0.001338
2016,10580,17,0.006482
2016,10740,17,-0.004828
2016,10780,17,-0.010878
2016,10900,17,0.008813
2016,11020,17,-0.009013
2016,11260,17,-0.011204
2016,11460,17,-0.013225
2016,11500,17,0.000103
2016,11540,17,0.000993
2016,11700,17,0.008379
2016,12020,17,0.008457
2016,12100,17,0.006207
2016,12220,17,0.007176
2016,12420,17,0.001436
2016,12540,17,-0.017707
2016,12580,17,-0.006898
2016,12620,17,-0.012173
2016,12700,17,-0.002326
2016,12980,17,0.005547
2016,13020,17,-0.00259
2016,13380,17,0.021709
2016,13460,17,0.003003
2016,13780,17,-0.014647
2016,14260,17,-0.005991
2016,14500,17,0.009281
2016,14740,17,0.045893
2016,14860,17,0.002448
2016,15180,17,0.005043
2016,15260,17,0.017437
2016,15380,17,-0.007013
2016,15500,17,-0.003966
2016,15540,17,-0.007247
2016,15940,17,-0.006664
2016,15980,17,0.004495
2016,16020,17,-0.009119
2016,16180,17,0.029249
2016,16220,17,-0.014467
2016,16300,17,-0.001176
2016,16700,17,0.013279
2016,16860,17,-0.013133
2016,16940,17,-0.010761
2016,17020,17,-0.000473
2016,17420,17,-8.4e-05
2016,17660,17,0.011371
2016,17780,17,0.015146
2016,17820,17,0.001794
2016,17900,17,0.000235
2016,18020,17,-0.000851
2016,18700,17,0.009636
2016,19140,17,-0.004661
2016,19340,17,-0.00838
2016,19460,17,0.001754
2016,19500,17,-0.006889
2016,19740,17,0.004276
2016,20020,17,0.00526
2016,20100,17,-0.001389
2016,20220,17,-0.004251
2016,20740,17,-0.002401
2016,20940,17,-0.011425
2016,21140,17,0.009167
2016,21300,17,-0.019847
2016,21500,17,-0.003139
2016,21660,17,0.011911
2016,21820,17,-0.004868
2016,22020,17,-0.0067
2016,22140,17,-0.037907
2016,22380,17,0.012619
2016,22420,17,-0.006738
2016,22500,17,-0.018354
2016,22520,17,-0.012035
2016,22540,17,0.005273
2016,22660,17,0.004957
2016,23420,17,-0.001414
2016,23460,17,-0.002566
2016,23580,17,0.014484
2016,24020,17,0.004874
2016,24140,17,-0.015694
2016,24220,17,-0.017923
2016,24300,17,0.013925
2016,24500,17,-0.021388
2016,24540,17,0.002874
2016,24580,17,0.003532
2016,24660,17,-0.014057
2016,25260,17,0.007099
2016,25420,17,0.009384
2016,25500,17,-0.00371
2016,25540,17,-0.002468
2016,25860,17,-0.008788
2016,25980,17,-0.035603
2016,26300,17,0.005674
2016,26380,17,-0.00661
2016,26620,17,-0.000504
2016,26980,17,0.000139
2016,27060,17,-0.013817
2016,27100,17,0.005045
2016,27260,17,0.013528
2016,27340,17,-0.008835
2016,27500,17,0.00635
2016,27620,17,-0.000653
2016,27740,17,-0.003765
2016,27780,17,-0.00883
2016,27860,17,-0.007221
2016,27900,17,0.000444
2016,28100,17,0.007935
2016,28420,17,0.003541
2016,28660,17,0.003103
2016,28700,17,-0.01164
2016,28740,17,0.013282
2016,29100,17,-0.004601
2016,29340,17,-0.005153
2016,29420,17,0.002304
2016,29460,17,0.017533
2016,29540,17,0.008337
2016,29700,17,-0.003755
2016,29740,17,0.00221
2016,29820,17,-0.006764
2016,29940,17,0.00807
2016,30140,17,-0.00285
2016,30300,17,-0.007837
2016,30340,17,-0.003622
2016,30460,17,0.005267
2016,30620,17,0.001727
2016,30700,17,0.001155
2016,30780,17,-0.005675
2016,30860,17,0.005396
2016,31020,17,0.0294
2016,31420,17,-0.007239
2016,31700,17,0.003999
2016,31860,17,0.003097
2016,31900,17,0.005066
2016,32580,17,-0.00285
2016,32780,17,0.008128
2016,32900,17,-0.028774
2016,33140,17,-0.001944
2016,33340,17,0.00671
2016,33540,17,0.000188
2016,33700,17,-0.020429
2016,33780,17,-0.002437
2016,33860,17,0.002668
2016,34060,17,-0.009544
2016,34580,17,0.033034
2016,34620,17,-0.013166
2016,34740,17,0.009819
2016,34900,17,-0.012888
2016,34940,17,0.012825
2016,35300,17,0.002166
2016,35660,17,0.005774
2016,35980,17,0.005257
2016,36100,17,0.021059
2016,36220,17,0.005745
2016,36420,17,0.000366
2016,36500,17,0.024978
2016,36540,17,0.004967
2016,36740,17,0.009712
2016,36780,17,-0.003667
2016,36980,17,-0.001674
2016,37100,17,-0.011948
2016,37340,17,0.030563
2016,37860,17,0.003775
2016,38060,17,-0.014807
2016,38300,17,-0.008892
2016,38340,17,0.003484
2016,38860,17,0.002459
2016,38900,17,0.01447
2016,38940,17,0.02108
2016,39300,17,0.009622
2016,39340,17,-0.004032
2016,39380,17,0.014389
2016,39460,17,0.024698
2016,39540,17,0.012336
2016,39580,17,-0.006188
2016,39740,17,0.012206
2016,39820,17,-0.00622
2016,39900,17,0.01298
2016,40140,17,-0.018096
2016,40220,17,-0.006895
2016,40420,17,0.014346
2016,40580,17,-0.026425
2016,40660,17,-0.00993
2016,40900,17,-0.010957
2016,40980,17,-0.010274
2016,41060,17,0.01345
2016,41100,17,-0.008231
2016,41140,17,0.004504
2016,41420,17,0.026301
2016,41500,17,-0.00533
2016,41700,17,0.013768
2016,41740,17,-0.012135
2016,41940,17,-0.012616
2016,42020,17,-0.006534
2016,42100,17,0.004706
2016,42140,17,0.007748
2016,42220,17,-0.011352
2016,42340,17,0.006541
2016,42540,17,0.001237
2016,42680,17,0.020873
2016,43100,17,0.006051
2016,43300,17,0.013498
2016,43620,17,-0.000145
2016,43780,17,0.000897
2016,44100,17,-0.010503
2016,44180,17,0.010541
2016,44220,17,0.000166
2016,44300,17,0.007064
2016,44700,17,-0.02391
2016,45060,17,-0.004464
2016,45220,17,0.009697
2016,45820,17,0.002194
2016,45940,17,0.011442
2016,46060,17,-0.003905
2016,46140,17,0.004566
2016,46340,17,0.003382
2016,46540,17,-0.001204
2016,46660,17,-0.00767
2016,46700,17,-0.016554
2016,47220,17,0.011497
2016,47300,17,-0.007616
2016,47940,17,-0.006195
2016,48300,17,0.022927
2016,48540,17,-0.024523
2016,48660,17,-0.019341
2016,48700,17,-0.016538
2016,49020,17,-0.018803
2016,49420,17,0.004457
2016,49620,17,0.012761
2016,49660,17,-0.009078
2016,49700,17,-0.01368
2016,49740,17,0.009222
2016,10180,18,-0.014398
2016,10420,18,0.004967
2016,10580,18,0.004468
2016,10740,18,-0.007201
2016,10780,18,-0.019429
2016,10900,18,0.009571
2016,11020,18,-0.009266
2016,11260,18,-0.011036
2016,11460,18,-0.009368
2016,11500,18,-0.006872
2016,11540,18,0.004844
2016,11700,18,0.008218
2016,12020,18,0.018305
2016,12100,18,-0.002279
2016,12220,18,0.013945
2016,12420,18,0.012412
2016,12540,18,-0.029177
2016,12580,18,-0.019726
2016,12620,18,-0.016123
2016,12700,18,-0.003747
2016,12980,18,0.006731
2016,13020,18,-0.00192
2016,13380,18,0.025542
2016,13460,18,0.002854
2016,13780,18,-0.020959
2016,14260,18,-0.009794
2016,14500,18,0.023484
2016,14740,18,0.053972
2016,14860,18,0.00462
2016,15180,18,0.004954
2016,15260,18,0.016684
2016,15380,18,-0.002053
2016,15500,18,0.008272
2016,15540,18,-0.006519
2016,15940,18,-0.005734
2016,15980,18,0.012641
2016,16020,18,-0.016392
2016,16180,18,0.018165
2016,16220,18,-0.022933
2016,16300,18,0.001922
2016,16700,18,0.020674
2016,16860,18,-0.010943
2016,16940,18,-0.008157
2016,17020,18,-0.006321
2016,17420,18,0.002798
2016,17660,18,0.010961
2016,17780,18,0.026789
2016,17820,18,0.015681
2016,17900,18,0.008515
2016,18020,18,0.005113
2016,18700,18,0.015591
2016,19140,18,-0.004754
2016,19340,18,-0.010285
2016,19460,18,0.000202
2016,19500,18,-0.013783
2016,19740,18,0.02239
2016,20020,18,0.00217
2016,20100,18,-0.004036
2016,20220,18,-0.005603
2016,20740,18,-0.002789
2016,20940,18,-0.015771
2016,21140,18,0.014561
2016,21300,18,-0.024915
2016,21500,18,0.002233
2016,21660,18,0.015586
2016,21820,18,-0.003881
2016,22020,18,0.002758
2016,22140,18,-0.068572
2016,22380,18,0.00367
2016,22420,18,-0.007755
2016,22500,18,-0.020218
2016,22520,18,-0.018404
2016,22540,18,0.004089
2016,22660,18,0.027034
2016,23420,18,-0.006821
2016,23460,18,-0.009761
2016,23580,18,0.02101
2016,24020,18,-0.002348
2016,24140,18,-0.019128
2016,24220,18,-0.025845
2016,24300,18,0.006403
2016,24500,18,-0.02565
2016,24540,18,0.030197
2016,24580,18,0.008064
2016,24660,18,-0.00708
2016,25260,18,0.001829
2016,25420,18,0.016375
2016,25500,18,-0.010405
2016,25540,18,-0.001663
2016,25860,18,-0.00655
2016,25980,18,-0.058431
2016,26300,18,-0.005119
2016,26380,18,-0.015021
2016,26620,18,0.004536
2016,26980,18,0.004396
2016,27060,18,-0.018784
2016,27100,18,0.006573
2016,27260,18,0.013191
2016,27340,18,-0.015833
2016,27500,18,0.005585
2016,27620,18,-0.003401
2016,27740,18,-0.007034
2016,27780,18,-0.012807
2016,27860,18,-0.001328
2016,27900,18,-0.00359
2016,28100,18,0.001844
2016,28420,18,0.021023
2016,28660,18,0.006945
2016,28700,18,-0.016516
2016,28740,18,0.008241
2016,29100,18,-0.00639
2016,29340,18,-0.006997
2016,29420,18,-0.010885
2016,29460,18,0.015316
2016,29540,18,0.013614
2016,29700,18,-0.003978
2016,29740,18,-0.000432
2016,29820,18,-0.009669
2016,29940,18,0.011961
2016,30140,18,0.001738
2016,30300,18,-0.017722
2016,30340,18,-0.004775
2016,30460,18,0.011927
2016,30620,18,-0.000936
2016,30700,18,0.007626
2016,30780,18,-0.008077
2016,30860,18,0.017943
2016,31020,18,0.037496
2016,31420,18,-0.008173
2016,31700,18,0.009337
2016,31860,18,-0.00148
2016,31900,18,0.006995
2016,32580,18,1e-06
2016,32780,18,0.006643
2016,32900,18,-0.03011
2016,33140,18,-0.006229
2016,33340,18,0.00314
2016,33540,18,0.000554
2016,33700,18,-0.025744
2016,33780,18,0.000409
2016,33860,18,0.001775
2016,34060,18,-0.01168
2016,34580,18,0.038682
2016,34620,18,-0.013754
2016,34740,18,0.0141
2016,34900,18,-0.020332
2016,34940,18,0.019102
2016,35300,18,0.000533
2016,35660,18,0.000583
2016,35980,18,0.004203
2016,36100,18,0.015643
2016,36220,18,0.000316
2016,36420,18,0.004143
2016,36500,18,0.031258
2016,36540,18,0.010973
2016,36740,18,0.008188
2016,36780,18,-0.003517
2016,36980,18,0.004673
2016,37100,18,-0.018386
2016,37340,18,0.030741
2016,37860,18,0.00425
2016,38060,18,-0.025663
2016,38300,18,-0.003473
2016,38340,18,-0.001909
2016,38860,18,0.005638
2016,38900,18,0.020219
2016,38940,18,0.023274
2016,39300,18,0.010358
2016,39340,18,0.004638
2016,39380,18,0.027814
2016,39460,18,0.033233
2016,39540,18,0.008525
2016,39580,18,0.009553
2016,39740,18,0.01417
2016,39820,18,-0.019711
2016,39900,18,0.008663
2016,40140,18,-0.026109
2016,40220,18,-0.011442
2016,40420,18,0.011774
2016,40580,18,-0.0296
2016,40660,18,-0.008009
2016,40900,18,-0.014096
2016,40980,18,-0.011357
2016,41060,18,0.011624
2016,41100,18,-0.005166
2016,41140,18,-0.00184
2016,41420,18,0.034899
2016,41500,18,-0.004886
2016,41700,18,0.0187
2016,41740,18,-0.013307
2016,41940,18,-0.006268
2016,42020,18,-0.010767
2016,42100,18,0.009169
2016,42140,18,0.005512
2016,42220,18,-0.012486
2016,42340,18,0.008169
2016,42540,18,0.002123
2016,42680,18,0.024205
2016,43100,18,0.005205
2016,43300,18,0.017169
2016,43620,18,0.006601
2016,43780,18,0.002007
2016,44100,18,-0.011859
2016,44180,18,0.01225
2016,44220,18,0.001137
2016,44300,18,0.013992
2016,44700,18,-0.024143
2016,45060,18,-0.001543
2016,45220,18,0.003736
2016,45820,18,-0.001373
2016,45940,18,0.010817
2016,46060,18,-0.011728
2016,46140,18,0.009598
2016,46340,18,0.00318
2016,46540,18,-0.002731
2016,46660,18,-0.013499
2016,46700,18,-0.01809
2016,47220,18,0.005183
2016,47300,18,-0.014565
2016,47940,18,-0.010657
2016,48300,18,0.026905
2016,48540,18,-0.031884
2016,48660,18,-0.029936
2016,48700,18,-0.01767
2016,49020,18,-0.031653
2016,49420,18,0.011481
2016,49620,18,0.016206
2016,49660,18,-0.010704
2016,49700,18,-0.021287
2016,49740,18,0.000352
2016,10180,19,-0.012503
2016,10420,19,0.005057
2016,10580,19,0.003613
2016,10740,19,-0.006446
2016,10780,19,-0.018707
2016,10900,19,0.009494
2016,11020,19,-0.008564
2016,11260,19,-0.012128
2016,11460,19,-0.008248
2016,11500,19,-0.00555
2016,11540,19,0.003995
2016,11700,19,0.006774
2016,12020,19,0.018972
2016,12100,19,-0.003086
2016,12220,19,0.013198
2016,12420,19,0.009505
2016,12540,19,-0.02696
2016,12580,19,-0.019103
2016,12620,19,-0.014639
2016,12700,19,-0.004633
2016,12980,19,0.005722
2016,13020,19,-0.001581
2016,13380,19,0.023177
2016,13460,19,0.001631
2016,13780,19,-0.018025
2016,14260,19,-0.009181
2016,14500,19,0.021477
2016,14740,19,0.05203
2016,14860,19,0.004213
2016,15180,19,0.004241
2016,15260,19,0.016171
2016,15380,19,-0.002615
2016,15500,19,0.008595
2016,15540,19,-0.006874
2016,15940,19,-0.005453
2016,15980,19,0.011888
2016,16020,19,-0.014847
2016,16180,19,0.017451
2016,16220,19,-0.022628
2016,16300,19,0.003107
2016,16700,19,0.01773
2016,16860,19,-0.011063
2016,16940,19,-0.008996
2016,17020,19,-0.006039
2016,17420,19,0.00316
2016,17660,19,0.010327
2016,17780,19,0.024567
2016,17820,19,0.014738
2016,17900,19,0.007722
2016,18020,19,0.004985
2016,18700,19,0.013602
2016,19140,19,-0.002024
2016,19340,19,-0.009983
2016,19460,19,0.000346
2016,19500,19,-0.01308
2016,19740,19,0.019787
2016,20020,19,0.001776
2016,20100,19,-0.004737
2016,20220,19,-0.004459
2016,20740,19,-0.003135
2016,20940,19,-0.015573
2016,21140,19,0.014366
2016,21300,19,-0.022554
2016,21500,19,0.001908
2016,21660,19,0.014289
2016,21820,19,-0.003728
2016,22020,19,-0.001496
2016,22140,19,-0.069268
2016,22380,19,0.003591
2016,22420,19,-0.00723
2016,22500,19,-0.019154
2016,22520,19,-0.017835
2016,22540,19,0.003498
2016,22660,19,0.024346
2016,23420,19,-0.005822
2016,23460,19,-0.009111
2016,23580,19,0.020517
2016,24020,19,-0.003384
2016,24140,19,-0.018255
2016,24220,19,-0.027666
2016,24300,19,0.00636
2016,24500,19,-0.025508
2016,24540,19,0.027504
2016,24580,19,0.007517
2016,24660,19,-0.006554
2016,25260,19,0.001547
2016,25420,19,0.015826
2016,25500,19,-0.010327
2016,25540,19,-0.001033
2016,25860,19,-0.005721
2016,25980,19,-0.058429
2016,26300,19,-0.004714
2016,26380,19,-0.014633
2016,26620,19,0.003147
2016,26980,19,0.003422
2016,27060,19,-0.017767
2016,27100,19,0.006731
2016,27260,19,0.012588
2016,27340,19,-0.014534
2016,27500,19,0.005412
2016,27620,19,-0.002276
2016,27740,19,-0.006923
2016,27780,19,-0.011422
2016,27860,19,-0.000931
2016,27900,19,-0.002324
2016,28100,19,0.002231
2016,28420,19,0.019106
2016,28660,19,0.007279
2016,28700,19,-0.015893
2016,28740,19,0.0075
2016,29100,19,-0.006341
2016,29340,19,-0.007375
2016,29420,19,-0.009796
2016,29460,19,0.016192
2016,29540,19,0.013292
2016,29700,19,-0.005185
2016,29740,19,7.2e-05
2016,29820,19,-0.006321
2016,29940,19,0.012715
2016,30140,19,0.002705
2016,30300,19,-0.016674
2016,30340,19,-0.00346
2016,30460,19,0.011283
2016,30620,19,-0.001419
2016,30700,19,0.006215
2016,30780,19,-0.007536
2016,30860,19,0.01784
2016,31020,19,0.03573
2016,31420,19,-0.006673
2016,31700,19,0.008877
2016,31860,19,-0.001301
2016,31900,19,0.007071
2016,32580,19,0.000523
2016,32780,19,0.00595
2016,32900,19,-0.02723
2016,33140,19,-0.006761
2016,33340,19,0.002724
2016,33540,19,0.000453
2016,33700,19,-0.022143
2016,33780,19,0.000231
2016,33860,19,0.001859
2016,34060,19,-0.01054
2016,34580,19,0.035729
2016,34620,19,-0.012873
2016,34740,19,0.012993
2016,34900,19,-0.018782
2016,34940,19,0.014399
2016,35300,19,0.000815
2016,35660,19,2.6e-05
2016,35980,19,0.003721
2016,36100,19,0.016119
2016,36220,19,0.001653
2016,36420,19,0.003079
2016,36500,19,0.028946
2016,36540,19,0.010529
2016,36740,19,0.007774
2016,36780,19,-0.004156
2016,36980,19,0.004443
2016,37100,19,-0.017554
2016,37340,19,0.029567
2016,37860,19,0.003505
2016,38060,19,-0.021984
2016,38300,19,-0.004313
2016,38340,19,-0.002096
2016,38860,19,0.004825
2016,38900,19,0.017272
2016,38940,19,0.021776
2016,39300,19,0.010078
2016,39340,19,0.004887
2016,39380,19,0.027807
2016,39460,19,0.03223
2016,39540,19,0.008414
2016,39580,19,0.007798
2016,39740,19,0.014056
2016,39820,19,-0.018776
2016,39900,19,0.008129
2016,40140,19,-0.024113
2016,40220,19,-0.010579
2016,40420,19,0.011741
2016,40580,19,-0.027147
2016,40660,19,-0.005336
2016,40900,19,-0.011918
2016,40980,19,-0.010505
2016,41060,19,0.01221
2016,41100,19,-0.005455
2016,41140,19,-0.000768
2016,41420,19,0.033532
2016,41500,19,-0.004334
2016,41700,19,0.017547
2016,41740,19,-0.012902
2016,41940,19,-0.008788
2016,42020,19,-0.010328
2016,42100,19,0.008268
2016,42140,19,0.005853
2016,42220,19,-0.012063
2016,42340,19,0.008398
2016,42540,19,0.002369
2016,42680,19,0.022806
2016,43100,19,0.005759
2016,43300,19,0.018503
2016,43620,19,0.004347
2016,43780,19,0.001991
2016,44100,19,-0.011585
2016,44180,19,0.012024
2016,44220,19,0.001252
2016,44300,19,0.01158
2016,44700,19,-0.020458
2016,45060,19,-0.001494
2016,45220,19,0.003168
2016,45820,19,-0.000237
2016,45940,19,0.009933
2016,46060,19,-0.0098
2016,46140,19,0.008813
2016,46340,19,0.004352
2016,46540,19,-0.002832
2016,46660,19,-0.012898
2016,46700,19,-0.015494
2016,47220,19,0.003874
2016,47300,19,-0.013554
2016,47940,19,-0.009506
2016,48300,19,0.024973
2016,48540,19,-0.030475
2016,48660,19,-0.028821
2016,48700,19,-0.016537
2016,49020,19,-0.030546
2016,49420,19,0.010885
2016,49620,19,0.01601
2016,49660,19,-0.009965
2016,49700,19,-0.018634
2016,49740,19,0.000934
2017,10180,0,-0.008006
2017,10420,0,-0.001466
2017,10580,0,0.00442
2017,10740,0,0.005279
2017,10780,0,-0.011704
2017,10900,0,0.007402
2017,11020,0,-0.002843
2017,11260,0,0.001558
2017,11460,0,0.000354
2017,11500,0,-0.006848
2017,11540,0,0.006616
2017,11700,0,0.008516
2017,12020,0,0.013476
2017,12100,0,-0.008044
2017,12220,0,0.020695
2017,12420,0,0.008359
2017,12540,0,-0.043147
2017,12580,0,-0.018171
2017,12620,0,0.000317
2017,12700,0,-0.003994
2017,12980,0,0.004823
2017,13020,0,-0.015055
2017,13380,0,0.031905
2017,13460,0,0.012927
2017,13780,0,-0.007615
2017,14260,0,-0.009368
2017,14500,0,0.018025
2017,14740,0,0.035437
2017,14860,0,-0.003896
2017,15180,0,-0.002439
2017,15260,0,0.016206
2017,15380,0,0.001578
2017,15500,0,0.00707
2017,15540,0,-0.007497
2017,15940,0,-0.003988
2017,15980,0,0.004973
2017,16020,0,0.000689
2017,16180,0,-0.011899
2017,16220,0,-0.069306
2017,16300,0,0.00255
2017,16700,0,0.008043
2017,16860,0,0.000306
2017,16940,0,0.003929
2017,17020,0,0.003583
2017,17420,0,0.000103
2017,17660,0,0.016684
2017,17780,0,0.021268
2017,17820,0,0.02787
2017,17900,0,0.001852
2017,18020,0,-0.002392
2017,18700,0,0.019836
2017,19340,0,-0.003847
2017,19460,0,-0.012742
2017,19500,0,-0.009233
2017,19740,0,0.009595
2017,20020,0,-0.007275
2017,20100,0,-0.00026
2017,20220,0,-0.00614
2017,20740,0,0.010675
2017,20940,0,-0.007938
2017,21140,0,0.006717
2017,21300,0,-0.014242
2017,21500,0,-0.008737
2017,21660,0,0.028927
2017,21820,0,0.018955
2017,22020,0,-0.000844
2017,22140,0,-0.046509
2017,22380,0,-0.008994
2017,22420,0,-0.010883
2017,22500,0,-0.012614
2017,22520,0,-0.006477
2017,22540,0,0.004884
2017,22660,0,0.021167
2017,23420,0,-0.016924
2017,23460,0,-0.012509
2017,23580,0,0.000865
2017,24020,0,-0.017509
2017,24220,0,-0.020922
2017,24300,0,0.005199
2017,24500,0,-0.015798
2017,24540,0,0.03674
2017,24580,0,0.012782
2017,24660,0,0.002619
2017,25420,0,0.010398
2017,25500,0,-0.004657
2017,25540,0,-0.006036
2017,25860,0,0.002469
2017,25980,0,-0.028429
2017,26300,0,-0.011206
2017,26380,0,-0.018199
2017,26620,0,0.011367
2017,26980,0,0.003367
2017,27060,0,0.007941
2017,27100,0,-0.016951
2017,27260,0,0.011467
2017,27340,0,0.006523
2017,27500,0,0.009125
2017,27740,0,-0.004961
2017,27780,0,-0.001395
2017,27860,0,0.0087
2017,27900,0,-0.003293
2017,28100,0,-0.002044
2017,28420,0,0.036277
2017,28660,0,0.016521
2017,28700,0,-0.017909
2017,28740,0,-0.00139
2017,29100,0,0.002764
2017,29340,0,0.006193
2017,29420,0,-0.021519
2017,29460,0,0.01177
2017,29540,0,0.008332
2017,29700,0,-0.004196
2017,29740,0,0.007092
2017,29820,0,-0.030135
2017,29940,0,0.017156
2017,30140,0,0.018287
2017,30300,0,-0.001567
2017,30340,0,0.009812
2017,30460,0,0.015529
2017,30620,0,-0.007856
2017,30700,0,0.008403
2017,30780,0,-0.001825
2017,30860,0,0.031509
2017,31020,0,0.035037
2017,31420,0,-0.007845
2017,31700,0,0.007986
2017,31860,0,-0.001023
2017,32580,0,0.013944
2017,32780,0,0.010013
2017,32900,0,-0.036583
2017,33140,0,-0.011623
2017,33340,0,0.000353
2017,33540,0,0.015526
2017,33700,0,-0.028895
2017,33780,0,-0.008122
2017,33860,0,-0.00048
2017,34060,0,-0.010597
2017,34580,0,0.03374
2017,34620,0,0.007561
2017,34740,0,0.005671
2017,34940,0,-0.015682
2017,35300,0,-0.005327
2017,35660,0,-0.004832
2017,35840,0,0.003212
2017,35980,0,0.002726
2017,36100,0,0.004726
2017,36220,0,-0.0852
2017,36420,0,0.001476
2017,36500,0,0.039429
2017,36540,0,0.009196
2017,36740,0,-0.000902
2017,36780,0,0.004266
2017,36980,0,0.002736
2017,37100,0,-0.016994
2017,37340,0,0.012639
2017,37860,0,0.007354
2017,38060,0,-0.027835
2017,38300,0,-0.002337
2017,38340,0,-0.009686
2017,38860,0,0.007781
2017,38900,0,0.021656
2017,38940,0,0.018823
2017,39300,0,0.006955
2017,39340,0,0.018979
2017,39380,0,0.018972
2017,39460,0,0.021323
2017,39540,0,0.009578
2017,39580,0,0.019772
2017,39740,0,0.000723
2017,39820,0,-0.02531
2017,39900,0,-0.013919
2017,40140,0,-0.023927
2017,40420,0,0.006561
2017,40660,0,0.00086
2017,40900,0,-0.013661
2017,40980,0,0.000873
2017,41060,0,0.00581
2017,41100,0,0.010385
2017,41140,0,-0.001527
2017,41420,0,0.039955
2017,41500,0,-0.008721
2017,41700,0,0.017665
2017,41740,0,-0.00852
2017,41940,0,-0.02123
2017,42020,0,-0.007696
2017,42100,0,-0.009998
2017,42140,0,0.015261
2017,42220,0,-0.024499
2017,42340,0,0.001831
2017,42540,0,-0.002637
2017,42680,0,0.018855
2017,43100,0,0.009089
2017,43620,0,0.009338
2017,43780,0,0.011685
2017,44100,0,-0.008859
2017,44180,0,0.001353
2017,44220,0,-0.006494
2017,44300,0,0.009505
2017,44700,0,-0.023478
2017,45060,0,-0.001692
2017,45220,0,-0.003093
2017,45820,0,-0.004977
2017,45940,0,0.003613
2017,46060,0,-0.003272
2017,46140,0,-0.001939
2017,46340,0,0.01351
2017,46540,0,0.002657
2017,46660,0,-0.011096
2017,46700,0,-0.024308
2017,47220,0,-0.003183
2017,47300,0,-0.018343
2017,47940,0,-0.018153
2017,48300,0,0.017215
2017,48540,0,-0.025163
2017,48660,0,0.006681
2017,48700,0,-0.013874
2017,49020,0,-0.011778
2017,49420,0,0.018233
2017,49620,0,0.008849
2017,49660,0,-0.002392
2017,49740,0,-0.004173
2017,10180,1,-0.009096
2017,10420,1,0.001145
2017,10580,1,0.000195
2017,10740,1,-0.002056
2017,10780,1,-0.011398
2017,10900,1,0.010051
2017,11020,1,-0.00489
2017,11260,1,-0.010643
2017,11460,1,0.008502
2017,11500,1,-0.00646
2017,11540,1,0.002991
2017,11700,1,0.005525
2017,12020,1,0.012527
2017,12100,1,-0.008395
2017,12220,1,0.019175
2017,12420,1,0.012399
2017,12540,1,-0.030047
2017,12580,1,-0.021796
2017,12620,1,-0.003041
2017,12700,1,-0.002602
2017,12980,1,0.006369
2017,13020,1,-0.010786
2017,13380,1,0.018254
2017,13460,1,0.013716
2017,13780,1,-0.007068
2017,14260,1,0.000816
2017,14500,1,0.011379
2017,14740,1,0.024666
2017,14860,1,-0.002995
2017,15180,1,0.00041
2017,15260,1,0.013651
2017,15380,1,-0.000116
2017,15500,1,0.004392
2017,15540,1,-0.011032
2017,15940,1,-0.002956
2017,15980,1,0.008706
2017,16020,1,-0.00098
2017,16180,1,0.00463
2017,16220,1,-0.067936
2017,16300,1,0.002513
2017,16700,1,0.007439
2017,16860,1,-0.004231
2017,16940,1,-0.006122
2017,17020,1,-0.00033
2017,17420,1,-0.00123
2017,17660,1,0.014828
2017,17780,1,0.018783
2017,17820,1,0.02172
2017,17900,1,-0.001981
2017,18020,1,-0.004761
2017,18700,1,0.00867
2017,19340,1,-0.008882
2017,19460,1,-0.008791
2017,19500,1,-0.011051
2017,19740,1,0.007024
2017,20020,1,-0.006758
2017,20100,1,-0.006131
2017,20220,1,-0.008113
2017,20740,1,0.005453
2017,20940,1,-0.008393
2017,21140,1,0.005786
2017,21300,1,-0.01246
2017,21500,1,-0.006191
2017,21660,1,0.021454
2017,21820,1,0.005676
2017,22020,1,-0.000398
2017,22140,1,-0.054283
2017,22380,1,-0.00437
2017,22420,1,-0.000911
2017,22500,1,-0.016656
2017,22520,1,-0.008168
2017,22540,1,0.003783
2017,22660,1,0.013218
2017,23420,1,-0.011527
2017,23460,1,-0.010733
2017,23580,1,0.012358
2017,24020,1,-0.014955
2017,24220,1,-0.018456
2017,24300,1,0.004994
2017,24500,1,-0.026657
2017,24540,1,0.034163
2017,24580,1,0.009491
2017,24660,1,-0.001708
2017,25420,1,0.009104
2017,25500,1,-0.007524
2017,25540,1,-0.005552
2017,25860,1,-0.000156
2017,25980,1,-0.021306
2017,26300,1,-0.008099
2017,26380,1,-0.020977
2017,26620,1,0.009159
2017,26980,1,0.002847
2017,27060,1,0.006149
2017,27100,1,-0.007584
2017,27260,1,0.013588
2017,27340,1,-0.003333
2017,27500,1,0.007748
2017,27740,1,-0.002277
2017,27780,1,-0.003497
2017,27860,1,0.007716
2017,27900,1,-0.001956
2017,28100,1,-0.003411
2017,28420,1,0.019515
2017,28660,1,0.012593
2017,28700,1,-0.020422
2017,28740,1,0.000539
2017,29100,1,-0.003893
2017,29340,1,0.003709
2017,29420,1,-0.017815
2017,29460,1,0.019751
2017,29540,1,0.009336
2017,29700,1,-0.00273
2017,29740,1,-0.001596
2017,29820,1,-0.002941
2017,29940,1,0.013812
2017,30140,1,0.016347
2017,30300,1,-0.006926
2017,30340,1,0.008638
2017,30460,1,0.01389
2017,30620,1,-0.00652
2017,30700,1,0.00662
2017,30780,1,-0.003901
2017,30860,1,0.025753
2017,31020,1,0.028646
2017,31420,1,-0.00875
2017,31700,1,0.010925
2017,31860,1,0.000639
2017,32580,1,0.011623
2017,32780,1,0.009169
2017,32900,1,-0.018771
2017,33140,1,-0.011332
2017,33340,1,-0.00151
2017,33540,1,0.00751
2017,33700,1,-0.008561
2017,33780,1,-0.00039
2017,33860,1,5e-06
2017,34060,1,-0.017769
2017,34580,1,0.024744
2017,34620,1,0.00366
2017,34740,1,0.01124
2017,34940,1,-0.004915
2017,35300,1,-0.004047
2017,35660,1,-0.003973
2017,35840,1,0.009369
2017,35980,1,0.003343
2017,36100,1,0.011978
2017,36220,1,-0.075069
2017,36420,1,0.001573
2017,36500,1,0.03046
2017,36540,1,0.009594
2017,36740,1,0.007428
2017,36780,1,0.000337
2017,36980,1,0.001583
2017,37100,1,-0.015732
2017,37340,1,0.019159
2017,37860,1,0.006753
2017,38060,1,-0.011335
2017,38300,1,-0.00318
2017,38340,1,-0.009555
2017,38860,1,0.006736
2017,38900,1,0.013327
2017,38940,1,0.024408
2017,39300,1,0.008577
2017,39340,1,0.018281
2017,39380,1,0.01643
2017,39460,1,0.027931
2017,39540,1,0.008617
2017,39580,1,0.014661
2017,39740,1,0.004141
2017,39820,1,-0.020239
2017,39900,1,0.003412
2017,40140,1,-0.013412
2017,40420,1,0.007159
2017,40660,1,0.000214
2017,40900,1,-0.004195
2017,40980,1,0.002194
2017,41060,1,0.008726
2017,41100,1,0.01238
2017,41140,1,0.001086
2017,41420,1,0.033999
2017,41500,1,-0.000895
2017,41700,1,0.016896
2017,41740,1,-0.009588
2017,41940,1,-0.020756
2017,42020,1,-0.008056
2017,42100,1,-0.00964
2017,42140,1,0.007883
2017,42220,1,-0.015317
2017,42340,1,0.001738
2017,42540,1,-0.002496
2017,42680,1,0.02514
2017,43100,1,0.005124
2017,43620,1,0.007422
2017,43780,1,0.009096
2017,44100,1,-0.012627
2017,44180,1,0.003023
2017,44220,1,-0.006425
2017,44300,1,0.008609
2017,44700,1,-0.005254
2017,45060,1,-0.003501
2017,45220,1,-0.003615
2017,45820,1,-0.005107
2017,45940,1,0.005225
2017,46060,1,-0.001449
2017,46140,1,-7.6e-05
2017,46340,1,0.011881
2017,46540,1,0.000625
2017,46660,1,-0.010837
2017,46700,1,-0.005462
2017,47220,1,-0.004074
2017,47300,1,-0.014596
2017,47940,1,-0.018218
2017,48300,1,0.006871
2017,48540,1,-0.028801
2017,48660,1,0.003978
2017,48700,1,-0.01315
2017,49020,1,-0.013299
2017,49420,1,0.005149
2017,49620,1,0.012389
2017,49660,1,-0.004445
2017,49740,1,-0.002399
2017,10180,2,-0.004354
2017,10420,2,-0.001843
2017,10580,2,0.003372
2017,10740,2,0.009879
2017,10780,2,-0.004437
2017,10900,2,0.006777
2017,11020,2,-0.00382
2017,11260,2,0.00555
2017,11460,2,-0.007486
2017,11500,2,-0.00117
2017,11540,2,0.003699
2017,11700,2,0.007909
2017,12020,2,0.008675
2017,12100,2,-0.001343
2017,12220,2,0.013715
2017,12420,2,-0.004482
2017,12540,2,-0.027639
2017,12580,2,-0.006317
2017,12620,2,0.001096
2017,12700,2,-0.004739
2017,12980,2,0.002235
2017,13020,2,-0.011891
2017,13380,2,0.026924
2017,13460,2,-0.00145
2017,13780,2,-0.001037
2017,14260,2,-0.00924
2017,14500,2,0.00501
2017,14740,2,0.029787
2017,14860,2,-0.004489
2017,15180,2,0.001152
2017,15260,2,0.01631
2017,15380,2,-0.004371
2017,15500,2,0.002179
2017,15540,2,-0.007055
2017,15940,2,-0.004673
2017,15980,2,-0.012104
2017,16020,2,0.004477
2017,16180,2,-0.005287
2017,16220,2,-0.042867
2017,16300,2,0.002176
2017,16700,2,0.001973
2017,16860,2,0.000836
2017,16940,2,0.001891
2017,17020,2,0.005526
2017,17420,2,-0.002565
2017,17660,2,0.012637
2017,17780,2,0.010301
2017,17820,2,0.015874
2017,17900,2,0.001142
2017,18020,2,-0.003788
2017,18700,2,0.018073
2017,19340,2,-0.001626
2017,19460,2,-0.007129
2017,19500,2,-0.001669
2017,19740,2,-0.005492
2017,20020,2,-0.003042
2017,20100,2,0.002717
2017,20220,2,-0.002636
2017,20740,2,0.00719
2017,20940,2,-0.011376
2017,21140,2,0.002956
2017,21300,2,-0.00955
2017,21500,2,-0.009653
2017,21660,2,0.026181
2017,21820,2,0.020926
2017,22020,2,-0.008027
2017,22140,2,-0.020681
2017,22380,2,-0.001068
2017,22420,2,-0.014918
2017,22500,2,-0.006371
2017,22520,2,-0.004565
2017,22540,2,0.007407
2017,22660,2,0.002528
2017,23420,2,-0.010281
2017,23460,2,-0.006146
2017,23580,2,-0.001518
2017,24020,2,-0.007785
2017,24220,2,-0.015338
2017,24300,2,0.011871
2017,24500,2,-0.008772
2017,24540,2,0.00968
2017,24580,2,0.007911
2017,24660,2,0.000972
2017,25420,2,0.005039
2017,25500,2,0.002248
2017,25540,2,-0.003197
2017,25860,2,0.004848
2017,25980,2,-0.009261
2017,26300,2,-0.001387
2017,26380,2,-0.008648
2017,26620,2,0.007343
2017,26980,2,0.000583
2017,27060,2,0.005672
2017,27100,2,-0.015349
2017,27260,2,0.007232
2017,27340,2,0.016067
2017,27500,2,0.00758
2017,27740,2,-0.000918
2017,27780,2,-0.000307
2017,27860,2,0.004525
2017,27900,2,-0.000113
2017,28100,2,0.005919
2017,28420,2,0.023665
2017,28660,2,0.011669
2017,28700,2,-0.007578
2017,28740,2,0.00271
2017,29100,2,0.001758
2017,29340,2,0.004621
2017,29420,2,-0.015782
2017,29460,2,0.008717
2017,29540,2,0.005665
2017,29700,2,-0.004609
2017,29740,2,0.013283
2017,29820,2,-0.026922
2017,29940,2,0.010834
2017,30140,2,0.012858
2017,30300,2,0.007617
2017,30340,2,0.008861
2017,30460,2,0.007426
2017,30620,2,-0.00338
2017,30700,2,0.000411
2017,30780,2,0.000276
2017,30860,2,0.02461
2017,31020,2,0.029165
2017,31420,2,-0.00162
2017,31700,2,0.002337
2017,31860,2,-0.001423
2017,32580,2,0.008756
2017,32780,2,0.008196
2017,32900,2,-0.03569
2017,33140,2,-0.006504
2017,33340,2,0.002963
2017,33540,2,0.013445
2017,33700,2,-0.026172
2017,33780,2,-0.010769
2017,33860,2,0.000587
2017,34060,2,-0.004939
2017,34580,2,0.028897
2017,34620,2,0.00521
2017,34740,2,0.000644
2017,34940,2,-0.023053
2017,35300,2,-0.001629
2017,35660,2,-0.000797
2017,35840,2,-0.009034
2017,35980,2,0.005722
2017,36100,2,0.007389
2017,36220,2,-0.057926
2017,36420,2,-0.000198
2017,36500,2,0.03512
2017,36540,2,0.004459
2017,36740,2,-0.00534
2017,36780,2,0.003183
2017,36980,2,-0.002988
2017,37100,2,-0.009876
2017,37340,2,0.005759
2017,37860,2,0.005718
2017,38060,2,-0.021878
2017,38300,2,-0.007817
2017,38340,2,-0.002814
2017,38860,2,0.002613
2017,38900,2,0.013639
2017,38940,2,0.005003
2017,39300,2,0.003843
2017,39340,2,0.009057
2017,39380,2,0.012079
2017,39460,2,0.00782
2017,39540,2,0.011249
2017,39580,2,0.008007
2017,39740,2,0.002158
2017,39820,2,-0.012772
2017,39900,2,-0.01645
2017,40140,2,-0.017752
2017,40420,2,0.011852
2017,40660,2,0.002963
2017,40900,2,-0.012561
2017,40980,2,-0.001164
2017,41060,2,0.007193
2017,41100,2,0.003547
2017,41140,2,0.004181
2017,41420,2,0.032039
2017,41500,2,-0.011307
2017,41700,2,0.010594
2017,41740,2,-0.008056
2017,41940,2,-0.021675
2017,42020,2,-0.005345
2017,42100,2,-0.01039
2017,42140,2,0.016996
2017,42220,2,-0.020942
2017,42340,2,0.002912
2017,42540,2,-0.001236
2017,42680,2,0.008921
2017,43100,2,0.009899
2017,43620,2,0.002339
2017,43780,2,0.008974
2017,44100,2,-0.005659
2017,44180,2,0.002462
2017,44220,2,-0.004107
2017,44300,2,0.003348
2017,44700,2,-0.024943
2017,45060,2,-0.003016
2017,45220,2,0.002976
2017,45820,2,-0.000216
2017,45940,2,0.002932
2017,46060,2,0.002452
2017,46140,2,-0.002015
2017,46340,2,0.01055
2017,46540,2,0.002655
2017,46660,2,-0.002052
2017,46700,2,-0.023916
2017,47220,2,0.002288
2017,47300,2,-0.011124
2017,47940,2,-0.010407
2017,48300,2,0.017395
2017,48540,2,-0.018097
2017,48660,2,0.009838
2017,48700,2,-0.012789
2017,49020,2,-0.008892
2017,49420,2,0.017126
2017,49620,2,0.008392
2017,49660,2,-0.001714
2017,49740,2,0.003312
2017,10180,3,-0.006271
2017,10420,3,-0.000988
2017,10580,3,0.003734
2017,10740,3,0.006843
2017,10780,3,-0.007198
2017,10900,3,0.007457
2017,11020,3,-0.004789
2017,11260,3,0.002217
2017,11460,3,-0.003622
2017,11500,3,-0.003422
2017,11540,3,0.004261
2017,11700,3,0.006649
2017,12020,3,0.010568
2017,12100,3,-0.002542
2017,12220,3,0.015556
2017,12420,3,0.001582
2017,12540,3,-0.029224
2017,12580,3,-0.011525
2017,12620,3,0.000595
2017,12700,3,-0.004888
2017,12980,3,0.003336
2017,13020,3,-0.011273
2017,13380,3,0.026369
2017,13460,3,0.005501
2017,13780,3,-0.00341
2017,14260,3,-0.00643
2017,14500,3,0.006594
2017,14740,3,0.029019
2017,14860,3,-0.003154
2017,15180,3,0.001066
2017,15260,3,0.015342
2017,15380,3,-0.00293
2017,15500,3,0.00363
2017,15540,3,-0.007993
2017,15940,3,-0.00374
2017,15980,3,-0.005269
2017,16020,3,0.001451
2017,16180,3,-0.00529
2017,16220,3,-0.051434
2017,16300,3,0.002468
2017,16700,3,0.003872
2017,16860,3,-0.000466
2017,16940,3,0.000514
2017,17020,3,0.004135
2017,17420,3,-0.001687
2017,17660,3,0.014051
2017,17780,3,0.012923
2017,17820,3,0.018671
2017,17900,3,0.001249
2017,18020,3,-0.003688
2017,18700,3,0.014983
2017,19340,3,-0.003979
2017,19460,3,-0.007935
2017,19500,3,-0.004408
2017,19740,3,-0.001546
2017,20020,3,-0.004652
2017,20100,3,0.000572
2017,20220,3,-0.005914
2017,20740,3,0.007594
2017,20940,3,-0.010971
2017,21140,3,0.003406
2017,21300,3,-0.009694
2017,21500,3,-0.009107
2017,21660,3,0.024938
2017,21820,3,0.017425
2017,22020,3,-0.003962
2017,22140,3,-0.030655
2017,22380,3,-0.002978
2017,22420,3,-0.01057
2017,22500,3,-0.010088
2017,22520,3,-0.006171
2017,22540,3,0.006116
2017,22660,3,0.006397
2017,23420,3,-0.011002
2017,23460,3,-0.008227
2017,23580,3,0.002518
2017,24020,3,-0.009402
2017,24220,3,-0.016602
2017,24300,3,0.009635
2017,24500,3,-0.012969
2017,24540,3,0.018922
2017,24580,3,0.008929
2017,24660,3,0.000336
2017,25420,3,0.007067
2017,25500,3,-0.001024
2017,25540,3,-0.003589
2017,25860,3,0.002686
2017,25980,3,-0.011951
2017,26300,3,-0.003655
2017,26380,3,-0.012388
2017,26620,3,0.008934
2017,26980,3,0.001773
2017,27060,3,0.005076
2017,27100,3,-0.013533
2017,27260,3,0.00906
2017,27340,3,0.010397
2017,27500,3,0.007416
2017,27740,3,-0.001634
2017,27780,3,-0.001177
2017,27860,3,0.005679
2017,27900,3,-0.000498
2017,28100,3,0.002573
2017,28420,3,0.024256
2017,28660,3,0.012913
2017,28700,3,-0.012893
2017,28740,3,0.002335
2017,29100,3,0.000697
2017,29340,3,0.004415
2017,29420,3,-0.016779
2017,29460,3,0.010695
2017,29540,3,0.005525
2017,29700,3,-0.002484
2017,29740,3,0.009715
2017,29820,3,-0.021517
2017,29940,3,0.012801
2017,30140,3,0.014296
2017,30300,3,0.002331
2017,30340,3,0.007573
2017,30460,3,0.009808
2017,30620,3,-0.00512
2017,30700,3,0.004004
2017,30780,3,-0.000672
2017,30860,3,0.024451
2017,31020,3,0.028951
2017,31420,3,-0.004247
2017,31700,3,0.004578
2017,31860,3,-0.000246
2017,32580,3,0.010293
2017,32780,3,0.008428
2017,32900,3,-0.032699
2017,33140,3,-0.008078
2017,33340,3,0.001725
2017,33540,3,0.012475
2017,33700,3,-0.023175
2017,33780,3,-0.008224
2017,33860,3,0.001007
2017,34060,3,-0.009922
2017,34580,3,0.02818
2017,34620,3,0.005263
2017,34740,3,0.003102
2017,34940,3,-0.017392
2017,35300,3,-0.002374
2017,35660,3,-0.002546
2017,35840,3,-0.003232
2017,35980,3,0.005333
2017,36100,3,0.007849
2017,36220,3,-0.065745
2017,36420,3,0.000834
2017,36500,3,0.034704
2017,36540,3,0.006316
2017,36740,3,-0.001559
2017,36780,3,0.003699
2017,36980,3,-0.001843
2017,37100,3,-0.011982
2017,37340,3,0.007423
2017,37860,3,0.006159
2017,38060,3,-0.020406
2017,38300,3,-0.006588
2017,38340,3,-0.005244
2017,38860,3,0.004074
2017,38900,3,0.014316
2017,38940,3,0.009213
2017,39300,3,0.004823
2017,39340,3,0.012945
2017,39380,3,0.013271
2017,39460,3,0.012745
2017,39540,3,0.010402
2017,39580,3,0.01159
2017,39740,3,0.002125
2017,39820,3,-0.015446
2017,39900,3,-0.011244
2017,40140,3,-0.017313
2017,40420,3,0.010144
2017,40660,3,0.001217
2017,40900,3,-0.010622
2017,40980,3,-7.8e-05
2017,41060,3,0.006112
2017,41100,3,0.006631
2017,41140,3,0.001511
2017,41420,3,0.032241
2017,41500,3,-0.008889
2017,41700,3,0.011726
2017,41740,3,-0.008297
2017,41940,3,-0.021571
2017,42020,3,-0.00682
2017,42100,3,-0.010996
2017,42140,3,0.014197
2017,42220,3,-0.020622
2017,42340,3,0.002493
2017,42540,3,-0.001684
2017,42680,3,0.01253
2017,43100,3,0.00803
2017,43620,3,0.004978
2017,43780,3,0.008686
2017,44100,3,-0.007981
2017,44180,3,0.002518
2017,44220,3,-0.00528
2017,44300,3,0.004571
2017,44700,3,-0.020359
2017,45060,3,-0.003106
2017,45220,3,0.000879
2017,45820,3,-0.002243
2017,45940,3,0.004364
2017,46060,3,0.001232
2017,46140,3,-0.001015
2017,46340,3,0.010368
2017,46540,3,0.001468
2017,46660,3,-0.004462
2017,46700,3,-0.019396
2017,47220,3,0.000506
2017,47300,3,-0.012262
2017,47940,3,-0.014012
2017,48300,3,0.015534
2017,48540,3,-0.019702
2017,48660,3,0.007067
2017,48700,3,-0.013533
2017,49020,3,-0.009472
2017,49420,3,0.014707
2017,49620,3,0.008884
2017,49660,3,-0.002539
2017,49740,3,0.001733
2017,10180,4,-0.008734
2017,10420,4,0.00068
2017,10580,4,-0.000135
2017,10740,4,0.000643
2017,10780,4,-0.010217
2017,10900,4,0.010163
2017,11020,4,-0.004266
2017,11260,4,-0.007808
2017,11460,4,0.006155
2017,11500,4,-0.005697
2017,11540,4,0.003085
2017,11700,4,0.006709
2017,12020,4,0.011918
2017,12100,4,-0.00854
2017,12220,4,0.019482
2017,12420,4,0.00852
2017,12540,4,-0.0325
2017,12580,4,-0.019879
2017,12620,4,-0.003006
2017,12700,4,-0.002705
2017,12980,4,0.006075
2017,13020,4,-0.011784
2017,13380,4,0.020588
2017,13460,4,0.009482
2017,13780,4,-0.00606
2017,14260,4,-0.002621
2017,14500,4,0.011615
2017,14740,4,0.027656
2017,14860,4,-0.004139
2017,15180,4,0.00055
2017,15260,4,0.015199
2017,15380,4,-0.001065
2017,15500,4,0.004886
2017,15540,4,-0.011003
2017,15940,4,-0.003978
2017,15980,4,0.004374
2017,16020,4,0.001068
2017,16180,4,0.002755
2017,16220,4,-0.067019
2017,16300,4,0.002848
2017,16700,4,0.006579
2017,16860,4,-0.003164
2017,16940,4,-0.004548
2017,17020,4,0.000823
2017,17420,4,-0.001753
2017,17660,4,0.014647
2017,17780,4,0.018429
2017,17820,4,0.022507
2017,17900,4,-0.001351
2017,18020,4,-0.004992
2017,18700,4,0.012527
2017,19340,4,-0.007509
2017,19460,4,-0.009103
2017,19500,4,-0.009933
2017,19740,4,0.00535
2017,20020,4,-0.006252
2017,20100,4,-0.004696
2017,20220,4,-0.005838
2017,20740,4,0.005706
2017,20940,4,-0.008785
2017,21140,4,0.00582
2017,21300,4,-0.01395
2017,21500,4,-0.006666
2017,21660,4,0.024357
2017,21820,4,0.010172
2017,22020,4,-0.003546
2017,22140,4,-0.051058
2017,22380,4,-0.004093
2017,22420,4,-0.005125
2017,22500,4,-0.014468
2017,22520,4,-0.007576
2017,22540,4,0.005169
2017,22660,4,0.012765
2017,23420,4,-0.012385
2017,23460,4,-0.010222
2017,23580,4,0.00931
2017,24020,4,-0.015539
2017,24220,4,-0.020258
2017,24300,4,0.006583
2017,24500,4,-0.025099
2017,24540,4,0.031314
2017,24580,4,0.009863
2017,24660,4,-0.000369
2017,25420,4,0.008654
2017,25500,4,-0.005376
2017,25540,4,-0.005547
2017,25860,4,0.00204
2017,25980,4,-0.021608
2017,26300,4,-0.007481
2017,26380,4,-0.020183
2017,26620,4,0.008921
2017,26980,4,0.002377
2017,27060,4,0.006706
2017,27100,4,-0.010211
2017,27260,4,0.012836
2017,27340,4,0.001259
2017,27500,4,0.008064
2017,27740,4,-0.002422
2017,27780,4,-0.003213
2017,27860,4,0.008284
2017,27900,4,-0.002212
2017,28100,4,-0.001291
2017,28420,4,0.022857
2017,28660,4,0.013183
2017,28700,4,-0.017464
2017,28740,4,0.000454
2017,29100,4,-0.003349
2017,29340,4,0.004017
2017,29420,4,-0.019071
2017,29460,4,0.018642
2017,29540,4,0.010504
2017,29700,4,-0.004559
2017,29740,4,0.001892
2017,29820,4,-0.009197
2017,29940,4,0.013822
2017,30140,4,0.016836
2017,30300,4,-0.003667
2017,30340,4,0.010533
2017,30460,4,0.01348
2017,30620,4,-0.005623
2017,30700,4,0.004823
2017,30780,4,-0.002952
2017,30860,4,0.028878
2017,31020,4,0.031507
2017,31420,4,-0.00694
2017,31700,4,0.010207
2017,31860,4,-0.000295
2017,32580,4,0.011848
2017,32780,4,0.0096
2017,32900,4,-0.023001
2017,33140,4,-0.011314
2017,33340,4,-0.001042
2017,33540,4,0.009461
2017,33700,4,-0.012848
2017,33780,4,-0.002492
2017,33860,4,-0.000275
2017,34060,4,-0.014992
2017,34580,4,0.027573
2017,34620,4,0.003981
2017,34740,4,0.00985
2017,34940,4,-0.010355
2017,35300,4,-0.003857
2017,35660,4,-0.00331
2017,35840,4,0.005304
2017,35980,4,0.003603
2017,36100,4,0.011356
2017,36220,4,-0.076779
2017,36420,4,0.000892
2017,36500,4,0.033821
2017,36540,4,0.009175
2017,36740,4,0.004168
2017,36780,4,0.000154
2017,36980,4,0.001098
2017,37100,4,-0.015858
2017,37340,4,0.018296
2017,37860,4,0.006952
2017,38060,4,-0.015182
2017,38300,4,-0.003935
2017,38340,4,-0.008823
2017,38860,4,0.006208
2017,38900,4,0.01386
2017,38940,4,0.022447
2017,39300,4,0.008212
2017,39340,4,0.017153
2017,39380,4,0.017991
2017,39460,4,0.025894
2017,39540,4,0.009431
2017,39580,4,0.014258
2017,39740,4,0.004362
2017,39820,4,-0.020448
2017,39900,4,-0.002254
2017,40140,4,-0.015809
2017,40420,4,0.00895
2017,40660,4,0.001943
2017,40900,4,-0.006702
2017,40980,4,0.00194
2017,41060,4,0.009853
2017,41100,4,0.011269
2017,41140,4,0.002954
2017,41420,4,0.036784
2017,41500,4,-0.003052
2017,41700,4,0.017259
2017,41740,4,-0.010024
2017,41940,4,-0.022427
2017,42020,4,-0.007654
2017,42100,4,-0.009812
2017,42140,4,0.01108
2017,42220,4,-0.017334
2017,42340,4,0.002078
2017,42540,4,-0.002121
2017,42680,4,0.023646
2017,43100,4,0.006748
2017,43620,4,0.006241
2017,43780,4,0.010146
2017,44100,4,-0.011573
2017,44180,4,0.00292
2017,44220,4,-0.00562
2017,44300,4,0.008446
2017,44700,4,-0.009984
2017,45060,4,-0.00334
2017,45220,4,-0.002716
2017,45820,4,-0.00398
2017,45940,4,0.004414
2017,46060,4,-0.001059
2017,46140,4,-0.000773
2017,46340,4,0.012936
2017,46540,4,0.00162
2017,46660,4,-0.009453
2017,46700,4,-0.010568
2017,47220,4,-0.003343
2017,47300,4,-0.015385
2017,47940,4,-0.016794
2017,48300,4,0.009169
2017,48540,4,-0.031155
2017,48660,4,0.006595
2017,48700,4,-0.013542
2017,49020,4,-0.013861
2017,49420,4,0.008688
2017,49620,4,0.012891
2017,49660,4,-0.004015
2017,49740,4,-0.001803
2017,10180,5,-0.007157
2017,10420,5,-0.000404
2017,10580,5,0.003922
2017,10740,5,0.002998
2017,10780,5,-0.008926
2017,10900,5,0.00757
2017,11020,5,-0.005575
2017,11260,5,-0.001983
2017,11460,5,0.000494
2017,11500,5,-0.004806
2017,11540,5,0.004038
2017,11700,5,0.005509
2017,12020,5,0.011526
2017,12100,5,-0.00336
2017,12220,5,0.015603
2017,12420,5,0.007494
2017,12540,5,-0.027885
2017,12580,5,-0.015364
2017,12620,5,0.000208
2017,12700,5,-0.004593
2017,12980,5,0.004166
2017,13020,5,-0.010451
2017,13380,5,0.023891
2017,13460,5,0.01213
2017,13780,5,-0.005258
2017,14260,5,-0.002046
2017,14500,5,0.007132
2017,14740,5,0.025731
2017,14860,5,-0.00209
2017,15180,5,0.000975
2017,15260,5,0.013232
2017,15380,5,-0.00138
2017,15500,5,0.003303
2017,15540,5,-0.008616
2017,15940,5,-0.00269
2017,15980,5,0.001514
2017,16020,5,-0.001185
2017,16180,5,-0.002691
2017,16220,5,-0.057122
2017,16300,5,0.002215
2017,16700,5,0.005245
2017,16860,5,-0.001787
2017,16940,5,-0.001602
2017,17020,5,0.002274
2017,17420,5,-0.001248
2017,17660,5,0.014727
2017,17780,5,0.014122
2017,17820,5,0.018986
2017,17900,5,7e-06
2017,18020,5,-0.003826
2017,18700,5,0.010184
2017,19340,5,-0.006126
2017,19460,5,-0.00795
2017,19500,5,-0.006367
2017,19740,5,0.001272
2017,20020,5,-0.005933
2017,20100,5,-0.002173
2017,20220,5,-0.009126
2017,20740,5,0.007679
2017,20940,5,-0.010393
2017,21140,5,0.003442
2017,21300,5,-0.008568
2017,21500,5,-0.008413
2017,21660,5,0.022231
2017,21820,5,0.012493
2017,22020,5,3.5e-05
2017,22140,5,-0.037506
2017,22380,5,-0.003714
2017,22420,5,-0.004727
2017,22500,5,-0.013653
2017,22520,5,-0.007054
2017,22540,5,0.004396
2017,22660,5,0.007584
2017,23420,5,-0.01078
2017,23460,5,-0.009213
2017,23580,5,0.006776
2017,24020,5,-0.009628
2017,24220,5,-0.014991
2017,24300,5,0.007562
2017,24500,5,-0.016569
2017,24540,5,0.025059
2017,24580,5,0.008804
2017,24660,5,-0.001471
2017,25420,5,0.007939
2017,25500,5,-0.004128
2017,25540,5,-0.003976
2017,25860,5,0.000138
2017,25980,5,-0.012852
2017,26300,5,-0.004885
2017,26380,5,-0.014908
2017,26620,5,0.009407
2017,26980,5,0.002306
2017,27060,5,0.004921
2017,27100,5,-0.010641
2017,27260,5,0.010541
2017,27340,5,0.003355
2017,27500,5,0.007216
2017,27740,5,-0.001347
2017,27780,5,-0.001695
2017,27860,5,0.005669
2017,27900,5,-0.000429
2017,28100,5,-0.000677
2017,28420,5,0.020845
2017,28660,5,0.012881
2017,28700,5,-0.017351
2017,28740,5,0.002093
2017,29100,5,-0.000347
2017,29340,5,0.004469
2017,29420,5,-0.015867
2017,29460,5,0.013052
2017,29540,5,0.004584
2017,29700,5,-0.000463
2017,29740,5,0.004634
2017,29820,5,-0.013536
2017,29940,5,0.013201
2017,30140,5,0.014336
2017,30300,5,-0.002255
2017,30340,5,0.005779
2017,30460,5,0.011096
2017,30620,5,-0.006447
2017,30700,5,0.006657
2017,30780,5,-0.002003
2017,30860,5,0.022133
2017,31020,5,0.026726
2017,31420,5,-0.007067
2017,31700,5,0.006271
2017,31860,5,0.001071
2017,32580,5,0.010519
2017,32780,5,0.008005
2017,32900,5,-0.027371
2017,33140,5,-0.008917
2017,33340,5,0.000686
2017,33540,5,0.01049
2017,33700,5,-0.017499
2017,33780,5,-0.005075
2017,33860,5,0.001281
2017,34060,5,-0.014231
2017,34580,5,0.025206
2017,34620,5,0.005032
2017,34740,5,0.005832
2017,34940,5,-0.010244
2017,35300,5,-0.002965
2017,35660,5,-0.003634
2017,35840,5,0.002997
2017,35980,5,0.0049
2017,36100,5,0.008983
2017,36220,5,-0.069619
2017,36420,5,0.001758
2017,36500,5,0.03149
2017,36540,5,0.007398
2017,36740,5,0.00288
2017,36780,5,0.003845
2017,36980,5,-0.00076
2017,37100,5,-0.012859
2017,37340,5,0.010079
2017,37860,5,0.006398
2017,38060,5,-0.015927
2017,38300,5,-0.005223
2017,38340,5,-0.006671
2017,38860,5,0.005138
2017,38900,5,0.014141
2017,38940,5,0.013757
2017,39300,5,0.00569
2017,39340,5,0.015701
2017,39380,5,0.012326
2017,39460,5,0.01731
2017,39540,5,0.009398
2017,39580,5,0.012829
2017,39740,5,0.001931
2017,39820,5,-0.016367
2017,39900,5,-0.003554
2017,40140,5,-0.014827
2017,40420,5,0.00783
2017,40660,5,-0.000888
2017,40900,5,-0.007523
2017,40980,5,0.000847
2017,41060,5,0.004897
2017,41100,5,0.008726
2017,41140,5,-0.000511
2017,41420,5,0.03024
2017,41500,5,-0.005643
2017,41700,5,0.012212
2017,41740,5,-0.008323
2017,41940,5,-0.020255
2017,42020,5,-0.007756
2017,42100,5,-0.011173
2017,42140,5,0.010132
2017,42220,5,-0.018594
2017,42340,5,0.001523
2017,42540,5,-0.002257
2017,42680,5,0.016068
2017,43100,5,0.005727
2017,43620,5,0.006735
2017,43780,5,0.007883
2017,44100,5,-0.009879
2017,44180,5,0.002498
2017,44220,5,-0.006707
2017,44300,5,0.00542
2017,44700,5,-0.014091
2017,45060,5,-0.003402
2017,45220,5,-0.00099
2017,45820,5,-0.00396
2017,45940,5,0.00539
2017,46060,5,0.000221
2017,46140,5,-0.0002
2017,46340,5,0.009608
2017,46540,5,0.000504
2017,46660,5,-0.006841
2017,46700,5,-0.012767
2017,47220,5,-0.001353
2017,47300,5,-0.012178
2017,47940,5,-0.016779
2017,48300,5,0.012383
2017,48540,5,-0.01835
2017,48660,5,0.004415
2017,48700,5,-0.013147
2017,49020,5,-0.009152
2017,49420,5,0.010237
2017,49620,5,0.008724
2017,49660,5,-0.003311
2017,49740,5,0.000471
2017,10180,6,-0.003415
2017,10420,6,-0.002438
2017,10580,6,0.004434
2017,10740,6,0.008883
2017,10780,6,-0.005726
2017,10900,6,0.00661
2017,11020,6,-0.003353
2017,11260,6,0.003134
2017,11460,6,-0.008547
2017,11500,6,-0.000834
2017,11540,6,0.004151
2017,11700,6,0.009474
2017,12020,6,0.009947
2017,12100,6,-0.000985
2017,12220,6,0.015351
2017,12420,6,-0.002292
2017,12540,6,-0.029951
2017,12580,6,-0.006827
2017,12620,6,0.002184
2017,12700,6,-0.004733
2017,12980,6,0.001863
2017,13020,6,-0.014286
2017,13380,6,0.027921
2017,13460,6,0.000506
2017,13780,6,-0.00117
2017,14260,6,-0.007609
2017,14500,6,0.007699
2017,14740,6,0.031957
2017,14860,6,-0.005235
2017,15180,6,-0.000687
2017,15260,6,0.019041
2017,15380,6,-0.003514
2017,15500,6,0.000494
2017,15540,6,-0.00679
2017,15940,6,-0.004845
2017,15980,6,-0.011018
2017,16020,6,0.004778
2017,16180,6,-0.002583
2017,16220,6,-0.04517
2017,16300,6,0.000854
2017,16700,6,0.003737
2017,16860,6,-0.000208
2017,16940,6,0.001062
2017,17020,6,0.005857
2017,17420,6,-0.002127
2017,17660,6,0.014357
2017,17780,6,0.013041
2017,17820,6,0.015557
2017,17900,6,0.000217
2017,18020,6,-0.004179
2017,18700,6,0.018339
2017,19340,6,-0.00154
2017,19460,6,-0.008737
2017,19500,6,-0.002433
2017,19740,6,-0.003578
2017,20020,6,-0.002938
2017,20100,6,0.003693
2017,20220,6,-0.002873
2017,20740,6,0.008232
2017,20940,6,-0.012147
2017,21140,6,0.004
2017,21300,6,-0.010486
2017,21500,6,-0.010283
2017,21660,6,0.026514
2017,21820,6,0.018186
2017,22020,6,-0.006297
2017,22140,6,-0.020894
2017,22380,6,-0.001216
2017,22420,6,-0.014941
2017,22500,6,-0.007878
2017,22520,6,-0.00425
2017,22540,6,0.006902
2017,22660,6,0.00465
2017,23420,6,-0.011037
2017,23460,6,-0.007251
2017,23580,6,-0.001889
2017,24020,6,-0.008887
2017,24220,6,-0.014314
2017,24300,6,0.012029
2017,24500,6,-0.009766
2017,24540,6,0.01043
2017,24580,6,0.008443
2017,24660,6,-0.000222
2017,25420,6,0.004913
2017,25500,6,0.000343
2017,25540,6,-0.004444
2017,25860,6,0.003264
2017,25980,6,-0.014183
2017,26300,6,-0.003796
2017,26380,6,-0.008658
2017,26620,6,0.007965
2017,26980,6,0.000307
2017,27060,6,0.006943
2017,27100,6,-0.015826
2017,27260,6,0.00897
2017,27340,6,0.01734
2017,27500,6,0.008874
2017,27740,6,-0.001704
2017,27780,6,0.000508
2017,27860,6,0.003131
2017,27900,6,-0.00152
2017,28100,6,0.006133
2017,28420,6,0.024191
2017,28660,6,0.012109
2017,28700,6,-0.009797
2017,28740,6,0.002396
2017,29100,6,0.003168
2017,29340,6,0.005823
2017,29420,6,-0.01632
2017,29460,6,0.009948
2017,29540,6,0.005583
2017,29700,6,-0.004737
2017,29740,6,0.012391
2017,29820,6,-0.027974
2017,29940,6,0.011861
2017,30140,6,0.012367
2017,30300,6,0.006487
2017,30340,6,0.009595
2017,30460,6,0.008137
2017,30620,6,-0.004061
2017,30700,6,0.000838
2017,30780,6,-0.000555
2017,30860,6,0.023437
2017,31020,6,0.030126
2017,31420,6,-0.003108
2017,31700,6,0.002549
2017,31860,6,-0.001362
2017,32580,6,0.00899
2017,32780,6,0.009108
2017,32900,6,-0.037585
2017,33140,6,-0.006241
2017,33340,6,0.003882
2017,33540,6,0.013089
2017,33700,6,-0.027353
2017,33780,6,-0.011553
2017,33860,6,0.000105
2017,34060,6,-0.005921
2017,34580,6,0.030866
2017,34620,6,0.005358
2017,34740,6,0.000934
2017,34940,6,-0.021522
2017,35300,6,-0.002539
2017,35660,6,-0.000391
2017,35840,6,-0.007049
2017,35980,6,0.00546
2017,36100,6,0.008091
2017,36220,6,-0.05759
2017,36420,6,-0.000616
2017,36500,6,0.035668
2017,36540,6,0.004499
2017,36740,6,-0.003608
2017,36780,6,0.003344
2017,36980,6,-0.002696
2017,37100,6,-0.01023
2017,37340,6,0.008911
2017,37860,6,0.005846
2017,38060,6,-0.021882
2017,38300,6,-0.007552
2017,38340,6,-0.003315
2017,38860,6,0.00344
2017,38900,6,0.01724
2017,38940,6,0.007244
2017,39300,6,0.004849
2017,39340,6,0.008698
2017,39380,6,0.010686
2017,39460,6,0.00941
2017,39540,6,0.012184
2017,39580,6,0.008332
2017,39740,6,0.001502
2017,39820,6,-0.014075
2017,39900,6,-0.014321
2017,40140,6,-0.018821
2017,40420,6,0.011893
2017,40660,6,0.002315
2017,40900,6,-0.012887
2017,40980,6,-0.001585
2017,41060,6,0.007228
2017,41100,6,0.002959
2017,41140,6,0.004198
2017,41420,6,0.033627
2017,41500,6,-0.01158
2017,41700,6,0.011614
2017,41740,6,-0.008267
2017,41940,6,-0.021466
2017,42020,6,-0.005452
2017,42100,6,-0.010319
2017,42140,6,0.016527
2017,42220,6,-0.021082
2017,42340,6,0.003503
2017,42540,6,-0.002127
2017,42680,6,0.010984
2017,43100,6,0.010999
2017,43620,6,0.003144
2017,43780,6,0.009713
2017,44100,6,-0.006136
2017,44180,6,0.002721
2017,44220,6,-0.004443
2017,44300,6,0.003899
2017,44700,6,-0.026048
2017,45060,6,-0.002985
2017,45220,6,0.003547
2017,45820,6,-0.000708
2017,45940,6,0.003058
2017,46060,6,0.002368
2017,46140,6,-0.002649
2017,46340,6,0.010346
2017,46540,6,0.003236
2017,46660,6,-0.004546
2017,46700,6,-0.024624
2017,47220,6,0.003439
2017,47300,6,-0.011408
2017,47940,6,-0.011454
2017,48300,6,0.018288
2017,48540,6,-0.018893
2017,48660,6,0.009638
2017,48700,6,-0.013344
2017,49020,6,-0.00973
2017,49420,6,0.016156
2017,49620,6,0.007923
2017,49660,6,-0.0013
2017,49740,6,0.002468
2017,10180,7,-0.007799
2017,10420,7,0.001499
2017,10580,7,0.000764
2017,10740,7,-0.005335
2017,10780,7,-0.011794
2017,10900,7,0.009697
2017,11020,7,-0.005855
2017,11260,7,-0.016635
2017,11460,7,0.0085
2017,11500,7,-0.005032
2017,11540,7,0.001604
2017,11700,7,0.00456
2017,12020,7,0.013716
2017,12100,7,-0.005651
2017,12220,7,0.017542
2017,12420,7,0.015038
2017,12540,7,-0.023839
2017,12580,7,-0.02214
2017,12620,7,-0.001882
2017,12700,7,-0.002757
2017,12980,7,0.006143
2017,13020,7,-0.009819
2017,13380,7,0.013236
2017,13460,7,0.015842
2017,13780,7,-0.006637
2017,14260,7,0.007036
2017,14500,7,0.009418
2017,14740,7,0.020224
2017,14860,7,-0.002068
2017,15180,7,0.000574
2017,15260,7,0.01454
2017,15380,7,0.000122
2017,15500,7,0.00084
2017,15540,7,-0.011858
2017,15940,7,-0.001563
2017,15980,7,0.009581
2017,16020,7,-0.002303
2017,16180,7,0.013567
2017,16220,7,-0.06477
2017,16300,7,0.000898
2017,16700,7,0.007416
2017,16860,7,-0.006701
2017,16940,7,-0.010489
2017,17020,7,-0.001102
2017,17420,7,-0.001331
2017,17660,7,0.014571
2017,17780,7,0.017771
2017,17820,7,0.016636
2017,17900,7,-0.004091
2017,18020,7,-0.006374
2017,18700,7,0.001796
2017,19340,7,-0.011062
2017,19460,7,-0.007576
2017,19500,7,-0.011078
2017,19740,7,0.006207
2017,20020,7,-0.006075
2017,20100,7,-0.007104
2017,20220,7,-0.011017
2017,20740,7,0.004163
2017,20940,7,-0.009582
2017,21140,7,0.005109
2017,21300,7,-0.009082
2017,21500,7,-0.00608
2017,21660,7,0.016421
2017,21820,7,-0.002903
2017,22020,7,0.002344
2017,22140,7,-0.050448
2017,22380,7,-0.002579
2017,22420,7,0.005535
2017,22500,7,-0.019327
2017,22520,7,-0.008398
2017,22540,7,0.001748
2017,22660,7,0.009216
2017,23420,7,-0.008862
2017,23460,7,-0.010326
2017,23580,7,0.016978
2017,24020,7,-0.012403
2017,24220,7,-0.013862
2017,24300,7,0.005232
2017,24500,7,-0.028045
2017,24540,7,0.030491
2017,24580,7,0.007392
2017,24660,7,-0.005103
2017,25420,7,0.007743
2017,25500,7,-0.01106
2017,25540,7,-0.005748
2017,25860,7,-0.003435
2017,25980,7,-0.018972
2017,26300,7,-0.007478
2017,26380,7,-0.019468
2017,26620,7,0.008414
2017,26980,7,0.001976
2017,27060,7,0.005251
2017,27100,7,-0.002772
2017,27260,7,0.014721
2017,27340,7,-0.00635
2017,27500,7,0.007833
2017,27740,7,-0.001525
2017,27780,7,-0.002293
2017,27860,7,0.004574
2017,27900,7,-0.001432
2017,28100,7,-0.003845
2017,28420,7,0.010313
2017,28660,7,0.010884
2017,28700,7,-0.023836
2017,28740,7,0.00206
2017,29100,7,-0.004833
2017,29340,7,0.003766
2017,29420,7,-0.014552
2017,29460,7,0.021563
2017,29540,7,0.006303
2017,29700,7,7.5e-05
2017,29740,7,-0.005372
2017,29820,7,0.007297
2017,29940,7,0.012615
2017,30140,7,0.013286
2017,30300,7,-0.010242
2017,30340,7,0.006074
2017,30460,7,0.012354
2017,30620,7,-0.007182
2017,30700,7,0.007069
2017,30780,7,-0.00523
2017,30860,7,0.017866
2017,31020,7,0.023882
2017,31420,7,-0.009891
2017,31700,7,0.010718
2017,31860,7,0.002039
2017,32580,7,0.010063
2017,32780,7,0.00878
2017,32900,7,-0.013159
2017,33140,7,-0.009731
2017,33340,7,-0.000961
2017,33540,7,0.002935
2017,33700,7,-0.001458
2017,33780,7,0.00195
2017,33860,7,0.00078
2017,34060,7,-0.02218
2017,34580,7,0.020818
2017,34620,7,0.002907
2017,34740,7,0.012524
2017,34940,7,0.001437
2017,35300,7,-0.003888
2017,35660,7,-0.003444
2017,35840,7,0.012795
2017,35980,7,0.004298
2017,36100,7,0.015039
2017,36220,7,-0.066324
2017,36420,7,0.00162
2017,36500,7,0.02452
2017,36540,7,0.008965
2017,36740,7,0.011973
2017,36780,7,8e-06
2017,36980,7,0.000729
2017,37100,7,-0.013606
2017,37340,7,0.021361
2017,37860,7,0.005994
2017,38060,7,-0.0042
2017,38300,7,-0.003607
2017,38340,7,-0.008946
2017,38860,7,0.006274
2017,38900,7,0.012566
2017,38940,7,0.025308
2017,39300,7,0.009338
2017,39340,7,0.015964
2017,39380,7,0.011593
2017,39460,7,0.028147
2017,39540,7,0.008831
2017,39580,7,0.011021
2017,39740,7,0.003805
2017,39820,7,-0.016987
2017,39900,7,0.013895
2017,40140,7,-0.008912
2017,40420,7,0.00675
2017,40660,7,-0.001531
2017,40900,7,-0.000103
2017,40980,7,0.002326
2017,41060,7,0.008099
2017,41100,7,0.010356
2017,41140,7,0.000885
2017,41420,7,0.029031
2017,41500,7,0.002271
2017,41700,7,0.014575
2017,41740,7,-0.009368
2017,41940,7,-0.018892
2017,42020,7,-0.00824
2017,42100,7,-0.009431
2017,42140,7,0.003768
2017,42220,7,-0.010903
2017,42340,7,0.001689
2017,42540,7,-0.003258
2017,42680,7,0.026338
2017,43100,7,0.003655
2017,43620,7,0.007136
2017,43780,7,0.007073
2017,44100,7,-0.014454
2017,44180,7,0.004068
2017,44220,7,-0.00711
2017,44300,7,0.006874
2017,44700,7,0.001124
2017,45060,7,-0.004181
2017,45220,7,-0.002244
2017,45820,7,-0.005211
2017,45940,7,0.006725
2017,46060,7,0.000198
2017,46140,7,0.000878
2017,46340,7,0.009332
2017,46540,7,-0.000409
2017,46660,7,-0.012243
2017,46700,7,0.002595
2017,47220,7,-0.002207
2017,47300,7,-0.011353
2017,47940,7,-0.01914
2017,48300,7,0.003577
2017,48540,7,-0.022968
2017,48660,7,0.001669
2017,48700,7,-0.01318
2017,49020,7,-0.012835
2017,49420,7,-0.001335
2017,49620,7,0.011288
2017,49660,7,-0.004226
2017,49740,7,-0.001288
2017,10180,8,-0.00797
2017,10420,8,0.000815
2017,10580,8,0.002537
2017,10740,8,-0.001678
2017,10780,8,-0.011245
2017,10900,8,0.008858
2017,11020,8,-0.006147
2017,11260,8,-0.00969
2017,11460,8,0.005245
2017,11500,8,-0.005423
2017,11540,8,0.003112
2017,11700,8,0.004353
2017,12020,8,0.013358
2017,12100,8,-0.004501
2017,12220,8,0.01697
2017,12420,8,0.012261
2017,12540,8,-0.025524
2017,12580,8,-0.01956
2017,12620,8,-0.000908
2017,12700,8,-0.003859
2017,12980,8,0.005394
2017,13020,8,-0.009745
2017,13380,8,0.01862
2017,13460,8,0.015022
2017,13780,8,-0.006499
2017,14260,8,0.00303
2017,14500,8,0.008473
2017,14740,8,0.022786
2017,14860,8,-0.001327
2017,15180,8,0.000776
2017,15260,8,0.013569
2017,15380,8,-0.00036
2017,15500,8,0.002373
2017,15540,8,-0.010273
2017,15940,8,-0.001595
2017,15980,8,0.006893
2017,16020,8,-0.002536
2017,16180,8,0.004921
2017,16220,8,-0.061537
2017,16300,8,0.001694
2017,16700,8,0.006583
2017,16860,8,-0.004457
2017,16940,8,-0.006234
2017,17020,8,0.000446
2017,17420,8,-0.000947
2017,17660,8,0.014816
2017,17780,8,0.016335
2017,17820,8,0.018216
2017,17900,8,-0.001793
2017,18020,8,-0.004622
2017,18700,8,0.00539
2017,19340,8,-0.009162
2017,19460,8,-0.007729
2017,19500,8,-0.009403
2017,19740,8,0.004525
2017,20020,8,-0.006168
2017,20100,8,-0.004949
2017,20220,8,-0.011047
2017,20740,8,0.005748
2017,20940,8,-0.009893
2017,21140,8,0.00458
2017,21300,8,-0.008118
2017,21500,8,-0.00745
2017,21660,8,0.018808
2017,21820,8,0.003565
2017,22020,8,0.001993
2017,22140,8,-0.046616
2017,22380,8,-0.003616
2017,22420,8,0.001524
2017,22500,8,-0.017254
2017,22520,8,-0.008319
2017,22540,8,0.002669
2017,22660,8,0.009379
2017,23420,8,-0.009659
2017,23460,8,-0.010261
2017,23580,8,0.013235
2017,24020,8,-0.011083
2017,24220,8,-0.014459
2017,24300,8,0.005718
2017,24500,8,-0.0224
2017,24540,8,0.029368
2017,24580,8,0.008268
2017,24660,8,-0.003309
2017,25420,8,0.008462
2017,25500,8,-0.008277
2017,25540,8,-0.004721
2017,25860,8,-0.002289
2017,25980,8,-0.015957
2017,26300,8,-0.006362
2017,26380,8,-0.017452
2017,26620,8,0.009278
2017,26980,8,0.002698
2017,27060,8,0.004739
2017,27100,8,-0.005888
2017,27260,8,0.012829
2017,27340,8,-0.00299
2017,27500,8,0.007576
2017,27740,8,-0.001647
2017,27780,8,-0.00225
2017,27860,8,0.005107
2017,27900,8,-0.000389
2017,28100,8,-0.003201
2017,28420,8,0.015329
2017,28660,8,0.011757
2017,28700,8,-0.022001
2017,28740,8,0.00225
2017,29100,8,-0.002724
2017,29340,8,0.003675
2017,29420,8,-0.015195
2017,29460,8,0.017657
2017,29540,8,0.005104
2017,29700,8,0.000421
2017,29740,8,-0.001192
2017,29820,8,-0.00178
2017,29940,8,0.013267
2017,30140,8,0.014347
2017,30300,8,-0.00719
2017,30340,8,0.004993
2017,30460,8,0.012156
2017,30620,8,-0.007491
2017,30700,8,0.007736
2017,30780,8,-0.004055
2017,30860,8,0.019492
2017,31020,8,0.024716
2017,31420,8,-0.009094
2017,31700,8,0.008728
2017,31860,8,0.001639
2017,32580,8,0.010516
2017,32780,8,0.008523
2017,32900,8,-0.019742
2017,33140,8,-0.009502
2017,33340,8,-0.000245
2017,33540,8,0.006289
2017,33700,8,-0.008909
2017,33780,8,-0.001154
2017,33860,8,0.001178
2017,34060,8,-0.019039
2017,34580,8,0.022741
2017,34620,8,0.004226
2017,34740,8,0.009516
2017,34940,8,-0.003315
2017,35300,8,-0.003426
2017,35660,8,-0.004043
2017,35840,8,0.00881
2017,35980,8,0.004671
2017,36100,8,0.012158
2017,36220,8,-0.067165
2017,36420,8,0.002171
2017,36500,8,0.027576
2017,36540,8,0.008487
2017,36740,8,0.008256
2017,36780,8,0.002107
2017,36980,8,0.000187
2017,37100,8,-0.013237
2017,37340,8,0.01527
2017,37860,8,0.006054
2017,38060,8,-0.009547
2017,38300,8,-0.004404
2017,38340,8,-0.008288
2017,38860,8,0.005998
2017,38900,8,0.013226
2017,38940,8,0.019973
2017,39300,8,0.007687
2017,39340,8,0.016458
2017,39380,8,0.011996
2017,39460,8,0.023369
2017,39540,8,0.009027
2017,39580,8,0.012559
2017,39740,8,0.002891
2017,39820,8,-0.017089
2017,39900,8,0.00618
2017,40140,8,-0.011486
2017,40420,8,0.00658
2017,40660,8,-0.001821
2017,40900,8,-0.003283
2017,40980,8,0.001271
2017,41060,8,0.006374
2017,41100,8,0.010249
2017,41140,8,-0.001118
2017,41420,8,0.029254
2017,41500,8,-0.001408
2017,41700,8,0.013575
2017,41740,8,-0.008567
2017,41940,8,-0.019242
2017,42020,8,-0.008135
2017,42100,8,-0.010236
2017,42140,8,0.006569
2017,42220,8,-0.01467
2017,42340,8,0.001847
2017,42540,8,-0.002832
2017,42680,8,0.021538
2017,43100,8,0.004559
2017,43620,8,0.007651
2017,43780,8,0.007136
2017,44100,8,-0.012611
2017,44180,8,0.003481
2017,44220,8,-0.007322
2017,44300,8,0.00637
2017,44700,8,-0.005476
2017,45060,8,-0.003857
2017,45220,8,-0.001871
2017,45820,8,-0.005084
2017,45940,8,0.00649
2017,46060,8,0.000123
2017,46140,8,0.000702
2017,46340,8,0.009629
2017,46540,8,-0.000596
2017,46660,8,-0.010156
2017,46700,8,-0.004036
2017,47220,8,-0.001993
2017,47300,8,-0.011846
2017,47940,8,-0.01862
2017,48300,8,0.007734
2017,48540,8,-0.019166
2017,48660,8,0.001673
2017,48700,8,-0.013493
2017,49020,8,-0.011075
2017,49420,8,0.004038
2017,49620,8,0.010026
2017,49660,8,-0.004005
2017,49740,8,-0.000569
2017,10180,9,-0.00799
2017,10420,9,-0.001034
2017,10580,9,0.002529
2017,10740,9,0.006675
2017,10780,9,-0.009197
2017,10900,9,0.008126
2017,11020,9,-0.002858
2017,11260,9,0.002338
2017,11460,9,-4.3e-05
2017,11500,9,-0.005768
2017,11540,9,0.00537
2017,11700,9,0.008433
2017,12020,9,0.011445
2017,12100,9,-0.007916
2017,12220,9,0.019472
2017,12420,9,0.004156
2017,12540,9,-0.040303
2017,12580,9,-0.016286
2017,12620,9,-0.00086
2017,12700,9,-0.003713
2017,12980,9,0.004802
2017,13020,9,-0.013744
2017,13380,9,0.029667
2017,13460,9,0.007702
2017,13780,9,-0.005849
2017,14260,9,-0.010602
2017,14500,9,0.014381
2017,14740,9,0.03418
2017,14860,9,-0.004733
2017,15180,9,-0.000583
2017,15260,9,0.016008
2017,15380,9,-0.000589
2017,15500,9,0.007345
2017,15540,9,-0.008406
2017,15940,9,-0.004905
2017,15980,9,0.000147
2017,16020,9,0.002343
2017,16180,9,-0.009963
2017,16220,9,-0.065342
2017,16300,9,0.003337
2017,16700,9,0.006122
2017,16860,9,0.000538
2017,16940,9,0.003039
2017,17020,9,0.003633
2017,17420,9,-0.001095
2017,17660,9,0.015175
2017,17780,9,0.01847
2017,17820,9,0.026363
2017,17900,9,0.001876
2017,18020,9,-0.003374
2017,18700,9,0.020341
2017,19340,9,-0.003543
2017,19460,9,-0.011081
2017,19500,9,-0.007601
2017,19740,9,0.005478
2017,20020,9,-0.006448
2017,20100,9,-0.000434
2017,20220,9,-0.003835
2017,20740,9,0.009116
2017,20940,9,-0.008375
2017,21140,9,0.005603
2017,21300,9,-0.015085
2017,21500,9,-0.008003
2017,21660,9,0.029437
2017,21820,9,0.02141
2017,22020,9,-0.004638
2017,22140,9,-0.042627
2017,22380,9,-0.00683
2017,22420,9,-0.012998
2017,22500,9,-0.010371
2017,22520,9,-0.006131
2017,22540,9,0.006474
2017,22660,9,0.016418
2017,23420,9,-0.015644
2017,23460,9,-0.010611
2017,23580,9,0.000346
2017,24020,9,-0.016276
2017,24220,9,-0.022271
2017,24300,9,0.007213
2017,24500,9,-0.016643
2017,24540,9,0.031241
2017,24580,9,0.011815
2017,24660,9,0.00316
2017,25420,9,0.00921
2017,25500,9,-0.001965
2017,25540,9,-0.005252
2017,25860,9,0.004764
2017,25980,9,-0.02363
2017,26300,9,-0.008397
2017,26380,9,-0.017721
2017,26620,9,0.010127
2017,26980,9,0.002553
2017,27060,9,0.007307
2017,27100,9,-0.017066
2017,27260,9,0.010387
2017,27340,9,0.009131
2017,27500,9,0.00824
2017,27740,9,-0.003818
2017,27780,9,-0.001902
2017,27860,9,0.009471
2017,27900,9,-0.002979
2017,28100,9,0.00042
2017,28420,9,0.034502
2017,28660,9,0.015854
2017,28700,9,-0.013738
2017,28740,9,-0.000708
2017,29100,9,0.000941
2017,29340,9,0.00547
2017,29420,9,-0.021287
2017,29460,9,0.011816
2017,29540,9,0.009773
2017,29700,9,-0.00548
2017,29740,9,0.009294
2017,29820,9,-0.028593
2017,29940,9,0.015552
2017,30140,9,0.017796
2017,30300,9,0.00103
2017,30340,9,0.011413
2017,30460,9,0.013845
2017,30620,9,-0.005716
2017,30700,9,0.005484
2017,30780,9,-0.000634
2017,30860,9,0.033115
2017,31020,9,0.035481
2017,31420,9,-0.00515
2017,31700,9,0.007674
2017,31860,9,-0.001338
2017,32580,9,0.013188
2017,32780,9,0.009617
2017,32900,9,-0.03508
2017,33140,9,-0.011246
2017,33340,9,7.2e-05
2017,33540,9,0.015494
2017,33700,9,-0.027155
2017,33780,9,-0.007975
2017,33860,9,-0.000335
2017,34060,9,-0.009124
2017,34580,9,0.032962
2017,34620,9,0.006315
2017,34740,9,0.00521
2017,34940,9,-0.019045
2017,35300,9,-0.00422
2017,35660,9,-0.003741
2017,35840,9,-0.000592
2017,35980,9,0.003309
2017,36100,9,0.005658
2017,36220,9,-0.083398
2017,36420,9,0.000693
2017,36500,9,0.039997
2017,36540,9,0.00859
2017,36740,9,-0.002905
2017,36780,9,0.002999
2017,36980,9,0.001371
2017,37100,9,-0.016399
2017,37340,9,0.011893
2017,37860,9,0.007358
2017,38060,9,-0.027001
2017,38300,9,-0.00361
2017,38340,9,-0.008261
2017,38860,9,0.006285
2017,38900,9,0.018116
2017,38940,9,0.016291
2017,39300,9,0.006293
2017,39340,9,0.017242
2017,39380,9,0.019948
2017,39460,9,0.019388
2017,39540,9,0.009699
2017,39580,9,0.017375
2017,39740,9,0.002166
2017,39820,9,-0.022695
2017,39900,9,-0.016041
2017,40140,9,-0.022807
2017,40420,9,0.009143
2017,40660,9,0.002913
2017,40900,9,-0.013485
2017,40980,9,0.001418
2017,41060,9,0.007452
2017,41100,9,0.009612
2017,41140,9,0.001797
2017,41420,9,0.039883
2017,41500,9,-0.008765
2017,41700,9,0.016711
2017,41740,9,-0.009222
2017,41940,9,-0.022914
2017,42020,9,-0.007314
2017,42100,9,-0.010266
2017,42140,9,0.016457
2017,42220,9,-0.023697
2017,42340,9,0.001853
2017,42540,9,-0.001739
2017,42680,9,0.017457
2017,43100,9,0.008964
2017,43620,9,0.006846
2017,43780,9,0.011668
2017,44100,9,-0.008305
2017,44180,9,0.001511
2017,44220,9,-0.00509
2017,44300,9,0.008366
2017,44700,9,-0.022999
2017,45060,9,-0.002003
2017,45220,9,-0.002239
2017,45820,9,-0.003333
2017,45940,9,0.003115
2017,46060,9,-0.002058
2017,46140,9,-0.001937
2017,46340,9,0.013583
2017,46540,9,0.003087
2017,46660,9,-0.007695
2017,46700,9,-0.024125
2017,47220,9,-0.002737
2017,47300,9,-0.017447
2017,47940,9,-0.015764
2017,48300,9,0.016376
2017,48540,9,-0.029217
2017,48660,9,0.009228
2017,48700,9,-0.013593
2017,49020,9,-0.012059
2017,49420,9,0.018532
2017,49620,9,0.010412
2017,49660,9,-0.002546
2017,49740,9,-0.002326
2017,10180,10,-0.008522
2017,10420,10,0.000253
2017,10580,10,0.001103
2017,10740,10,0.001426
2017,10780,10,-0.011219
2017,10900,10,0.009715
2017,11020,10,-0.003938
2017,11260,10,-0.006694
2017,11460,10,0.004489
2017,11500,10,-0.005916
2017,11540,10,0.004055
2017,11700,10,0.007277
2017,12020,10,0.013021
2017,12100,10,-0.008169
2017,12220,10,0.020589
2017,12420,10,0.009011
2017,12540,10,-0.035534
2017,12580,10,-0.019956
2017,12620,10,-0.001977
2017,12700,10,-0.00311
2017,12980,10,0.005782
2017,13020,10,-0.012949
2017,13380,10,0.023205
2017,13460,10,0.010471
2017,13780,10,-0.006465
2017,14260,10,-0.003735
2017,14500,10,0.013858
2017,14740,10,0.030254
2017,14860,10,-0.004043
2017,15180,10,-0.00052
2017,15260,10,0.016679
2017,15380,10,-0.00034
2017,15500,10,0.005224
2017,15540,10,-0.010347
2017,15940,10,-0.003877
2017,15980,10,0.004605
2017,16020,10,0.000937
2017,16180,10,0.000373
2017,16220,10,-0.068052
2017,16300,10,0.002496
2017,16700,10,0.007407
2017,16860,10,-0.002913
2017,16940,10,-0.003132
2017,17020,10,0.001651
2017,17420,10,-0.001082
2017,17660,10,0.015543
2017,17780,10,0.020037
2017,17820,10,0.023787
2017,17900,10,-0.000563
2017,18020,10,-0.004561
2017,18700,10,0.014173
2017,19340,10,-0.00695
2017,19460,10,-0.010343
2017,19500,10,-0.010237
2017,19740,10,0.007048
2017,20020,10,-0.006337
2017,20100,10,-0.003283
2017,20220,10,-0.006065
2017,20740,10,0.006804
2017,20940,10,-0.008872
2017,21140,10,0.00642
2017,21300,10,-0.014277
2017,21500,10,-0.007259
2017,21660,10,0.025289
2017,21820,10,0.010831
2017,22020,10,-0.002497
2017,22140,10,-0.050611
2017,22380,10,-0.005374
2017,22420,10,-0.006311
2017,22500,10,-0.014535
2017,22520,10,-0.007514
2017,22540,10,0.004924
2017,22660,10,0.015694
2017,23420,10,-0.013475
2017,23460,10,-0.011253
2017,23580,10,0.007809
2017,24020,10,-0.016479
2017,24220,10,-0.02073
2017,24300,10,0.006257
2017,24500,10,-0.023489
2017,24540,10,0.032991
2017,24580,10,0.01074
2017,24660,10,0.000179
2017,25420,10,0.009213
2017,25500,10,-0.006061
2017,25540,10,-0.005929
2017,25860,10,0.001646
2017,25980,10,-0.024691
2017,26300,10,-0.009102
2017,26380,10,-0.01982
2017,26620,10,0.009814
2017,26980,10,0.002672
2017,27060,10,0.006972
2017,27100,10,-0.011514
2017,27260,10,0.0131
2017,27340,10,0.003053
2017,27500,10,0.008624
2017,27740,10,-0.003501
2017,27780,10,-0.002594
2017,27860,10,0.008068
2017,27900,10,-0.002822
2017,28100,10,-0.001386
2017,28420,10,0.026225
2017,28660,10,0.014116
2017,28700,10,-0.018538
2017,28740,10,0.00012
2017,29100,10,-0.001833
2017,29340,10,0.004565
2017,29420,10,-0.01999
2017,29460,10,0.017447
2017,29540,10,0.01005
2017,29700,10,-0.004288
2017,29740,10,0.003027
2017,29820,10,-0.013778
2017,29940,10,0.015114
2017,30140,10,0.017157
2017,30300,10,-0.003943
2017,30340,10,0.010479
2017,30460,10,0.014215
2017,30620,10,-0.006422
2017,30700,10,0.005903
2017,30780,10,-0.002911
2017,30860,10,0.029006
2017,31020,10,0.032586
2017,31420,10,-0.007344
2017,31700,10,0.009903
2017,31860,10,-0.000456
2017,32580,10,0.012586
2017,32780,10,0.010129
2017,32900,10,-0.026467
2017,33140,10,-0.011308
2017,33340,10,-0.000501
2017,33540,10,0.010414
2017,33700,10,-0.016713
2017,33780,10,-0.003873
2017,33860,10,-0.000329
2017,34060,10,-0.014745
2017,34580,10,0.029725
2017,34620,10,0.004805
2017,34740,10,0.008986
2017,34940,10,-0.011191
2017,35300,10,-0.004372
2017,35660,10,-0.003652
2017,35840,10,0.005277
2017,35980,10,0.00347
2017,36100,10,0.010169
2017,36220,10,-0.07787
2017,36420,10,0.00093
2017,36500,10,0.035353
2017,36540,10,0.009331
2017,36740,10,0.003606
2017,36780,10,0.001043
2017,36980,10,0.001455
2017,37100,10,-0.016224
2017,37340,10,0.017619
2017,37860,10,0.006954
2017,38060,10,-0.018201
2017,38300,10,-0.003643
2017,38340,10,-0.009361
2017,38860,10,0.006773
2017,38900,10,0.01648
2017,38940,10,0.022032
2017,39300,10,0.008312
2017,39340,10,0.017312
2017,39380,10,0.018154
2017,39460,10,0.025252
2017,39540,10,0.009763
2017,39580,10,0.015798
2017,39740,10,0.003505
2017,39820,10,-0.02197
2017,39900,10,-0.004187
2017,40140,10,-0.018005
2017,40420,10,0.008641
2017,40660,10,0.001643
2017,40900,10,-0.008242
2017,40980,10,0.001584
2017,41060,10,0.009154
2017,41100,10,0.010932
2017,41140,10,0.0018
2017,41420,10,0.038012
2017,41500,10,-0.004306
2017,41700,10,0.017545
2017,41740,10,-0.00971
2017,41940,10,-0.022221
2017,42020,10,-0.007759
2017,42100,10,-0.009766
2017,42140,10,0.012029
2017,42220,10,-0.018884
2017,42340,10,0.002483
2017,42540,10,-0.002433
2017,42680,10,0.023118
2017,43100,10,0.007646
2017,43620,10,0.007272
2017,43780,10,0.010582
2017,44100,10,-0.011359
2017,44180,10,0.002842
2017,44220,10,-0.005736
2017,44300,10,0.00872
2017,44700,10,-0.013047
2017,45060,10,-0.002931
2017,45220,10,-0.002473
2017,45820,10,-0.004322
2017,45940,10,0.004524
2017,46060,10,-0.001375
2017,46140,10,-0.000999
2017,46340,10,0.013001
2017,46540,10,0.001779
2017,46660,10,-0.010528
2017,46700,10,-0.013611
2017,47220,10,-0.002671
2017,47300,10,-0.016102
2017,47940,10,-0.017467
2017,48300,10,0.011171
2017,48540,10,-0.030332
2017,48660,10,0.006256
2017,48700,10,-0.014125
2017,49020,10,-0.013968
2017,49420,10,0.010592
2017,49620,10,0.012046
2017,49660,10,-0.003499
2017,49740,10,-0.002473
2017,10180,11,-0.009073
2017,10420,11,0.000821
2017,10580,11,0.001127
2017,10740,11,-0.001513
2017,10780,11,-0.011935
2017,10900,11,0.009426
2017,11020,11,-0.004661
2017,11260,11,-0.009032
2017,11460,11,0.007874
2017,11500,11,-0.006877
2017,11540,11,0.003699
2017,11700,11,0.005563
2017,12020,11,0.013019
2017,12100,11,-0.008412
2017,12220,11,0.019281
2017,12420,11,0.012937
2017,12540,11,-0.031946
2017,12580,11,-0.021857
2017,12620,11,-0.002405
2017,12700,11,-0.002813
2017,12980,11,0.006255
2017,13020,11,-0.011146
2017,13380,11,0.020195
2017,13460,11,0.015038
2017,13780,11,-0.007679
2017,14260,11,-0.000237
2017,14500,11,0.012882
2017,14740,11,0.025692
2017,14860,11,-0.002647
2017,15180,11,-0.000175
2017,15260,11,0.013403
2017,15380,11,0.000727
2017,15500,11,0.004942
2017,15540,11,-0.010315
2017,15940,11,-0.002686
2017,15980,11,0.009741
2017,16020,11,-0.001417
2017,16180,11,0.001591
2017,16220,11,-0.068697
2017,16300,11,0.002485
2017,16700,11,0.007775
2017,16860,11,-0.003553
2017,16940,11,-0.004452
2017,17020,11,2.7e-05
2017,17420,11,-0.000736
2017,17660,11,0.01509
2017,17780,11,0.019383
2017,17820,11,0.022898
2017,17900,11,-0.001355
2017,18020,11,-0.004117
2017,18700,11,0.009574
2017,19340,11,-0.008386
2017,19460,11,-0.009442
2017,19500,11,-0.011175
2017,19740,11,0.008418
2017,20020,11,-0.007092
2017,20100,11,-0.005575
2017,20220,11,-0.008589
2017,20740,11,0.006366
2017,20940,11,-0.007921
2017,21140,11,0.006001
2017,21300,11,-0.012107
2017,21500,11,-0.006484
2017,21660,11,0.02187
2017,21820,11,0.006849
2017,22020,11,0.000575
2017,22140,11,-0.054156
2017,22380,11,-0.005632
2017,22420,11,-0.001179
2017,22500,11,-0.016551
2017,22520,11,-0.008058
2017,22540,11,0.003393
2017,22660,11,0.015314
2017,23420,11,-0.012388
2017,23460,11,-0.011294
2017,23580,11,0.011206
2017,24020,11,-0.015396
2017,24220,11,-0.018353
2017,24300,11,0.004237
2017,24500,11,-0.024769
2017,24540,11,0.03611
2017,24580,11,0.010024
2017,24660,11,-0.001136
2017,25420,11,0.009612
2017,25500,11,-0.007783
2017,25540,11,-0.005607
2017,25860,11,-0.000312
2017,25980,11,-0.022761
2017,26300,11,-0.008939
2017,26380,11,-0.02072
2017,26620,11,0.00965
2017,26980,11,0.003188
2017,27060,11,0.006273
2017,27100,11,-0.008435
2017,27260,11,0.013289
2017,27340,11,-0.003366
2017,27500,11,0.007882
2017,27740,11,-0.002821
2017,27780,11,-0.003147
2017,27860,11,0.007825
2017,27900,11,-0.001981
2017,28100,11,-0.004141
2017,28420,11,0.021841
2017,28660,11,0.01317
2017,28700,11,-0.021008
2017,28740,11,0.000119
2017,29100,11,-0.00277
2017,29340,11,0.004039
2017,29420,11,-0.018066
2017,29460,11,0.018391
2017,29540,11,0.008649
2017,29700,11,-0.00235
2017,29740,11,-0.001182
2017,29820,11,-0.006341
2017,29940,11,0.014473
2017,30140,11,0.016663
2017,30300,11,-0.007039
2017,30340,11,0.008042
2017,30460,11,0.01444
2017,30620,11,-0.00722
2017,30700,11,0.007763
2017,30780,11,-0.003839
2017,30860,11,0.025878
2017,31020,11,0.02885
2017,31420,11,-0.009182
2017,31700,11,0.010628
2017,31860,11,0.00059
2017,32580,11,0.012056
2017,32780,11,0.009141
2017,32900,11,-0.020715
2017,33140,11,-0.011473
2017,33340,11,-0.001403
2017,33540,11,0.008434
2017,33700,11,-0.011134
2017,33780,11,-0.001083
2017,33860,11,2.8e-05
2017,34060,11,-0.017225
2017,34580,11,0.025452
2017,34620,11,0.004498
2017,34740,11,0.010675
2017,34940,11,-0.005166
2017,35300,11,-0.004386
2017,35660,11,-0.004504
2017,35840,11,0.009619
2017,35980,11,0.0031
2017,36100,11,0.010574
2017,36220,11,-0.076721
2017,36420,11,0.001895
2017,36500,11,0.030921
2017,36540,11,0.009716
2017,36740,11,0.00678
2017,36780,11,0.001201
2017,36980,11,0.002167
2017,37100,11,-0.015928
2017,37340,11,0.017992
2017,37860,11,0.006767
2017,38060,11,-0.013476
2017,38300,11,-0.002582
2017,38340,11,-0.00991
2017,38860,11,0.007174
2017,38900,11,0.014744
2017,38940,11,0.024107
2017,39300,11,0.008384
2017,39340,11,0.018914
2017,39380,11,0.016592
2017,39460,11,0.02737
2017,39540,11,0.008402
2017,39580,11,0.015932
2017,39740,11,0.003323
2017,39820,11,-0.021338
2017,39900,11,0.00183
2017,40140,11,-0.014721
2017,40420,11,0.006146
2017,40660,11,-0.000253
2017,40900,11,-0.00522
2017,40980,11,0.002047
2017,41060,11,0.007717
2017,41100,11,0.012392
2017,41140,11,-0.000311
2017,41420,11,0.034135
2017,41500,11,-0.001599
2017,41700,11,0.016956
2017,41740,11,-0.009121
2017,41940,11,-0.020089
2017,42020,11,-0.008086
2017,42100,11,-0.009511
2017,42140,11,0.008309
2017,42220,11,-0.016448
2017,42340,11,0.00155
2017,42540,11,-0.00262
2017,42680,11,0.024361
2017,43100,11,0.005302
2017,43620,11,0.008299
2017,43780,11,0.009192
2017,44100,11,-0.012229
2017,44180,11,0.002696
2017,44220,11,-0.006776
2017,44300,11,0.008925
2017,44700,11,-0.007175
2017,45060,11,-0.003129
2017,45220,11,-0.003956
2017,45820,11,-0.005504
2017,45940,11,0.005171
2017,46060,11,-0.002064
2017,46140,11,-0.000133
2017,46340,11,0.011952
2017,46540,11,0.000631
2017,46660,11,-0.01149
2017,46700,11,-0.007426
2017,47220,11,-0.004329
2017,47300,11,-0.015167
2017,47940,11,-0.018731
2017,48300,11,0.008061
2017,48540,11,-0.02666
2017,48660,11,0.003499
2017,48700,11,-0.01309
2017,49020,11,-0.01275
2017,49420,11,0.006683
2017,49620,11,0.011415
2017,49660,11,-0.004155
2017,49740,11,-0.003089
2017,10180,12,-0.006629
2017,10420,12,-0.000986
2017,10580,12,0.003614
2017,10740,12,0.006613
2017,10780,12,-0.007761
2017,10900,12,0.007749
2017,11020,12,-0.004562
2017,11260,12,0.001898
2017,11460,12,-0.002988
2017,11500,12,-0.003946
2017,11540,12,0.004596
2017,11700,12,0.007078
2017,12020,12,0.010743
2017,12100,12,-0.003386
2017,12220,12,0.01666
2017,12420,12,0.002462
2017,12540,12,-0.031058
2017,12580,12,-0.012446
2017,12620,12,0.000313
2017,12700,12,-0.00474
2017,12980,12,0.003502
2017,13020,12,-0.011922
2017,13380,12,0.026999
2017,13460,12,0.006288
2017,13780,12,-0.003782
2017,14260,12,-0.006719
2017,14500,12,0.007769
2017,14740,12,0.030134
2017,14860,12,-0.003473
2017,15180,12,0.000611
2017,15260,12,0.015724
2017,15380,12,-0.002682
2017,15500,12,0.004151
2017,15540,12,-0.008027
2017,15940,12,-0.004041
2017,15980,12,-0.004182
2017,16020,12,0.001486
2017,16180,12,-0.005813
2017,16220,12,-0.053852
2017,16300,12,0.002534
2017,16700,12,0.004621
2017,16860,12,-0.000578
2017,16940,12,0.000641
2017,17020,12,0.004034
2017,17420,12,-0.001499
2017,17660,12,0.014654
2017,17780,12,0.014229
2017,17820,12,0.019923
2017,17900,12,0.001348
2017,18020,12,-0.003546
2017,18700,12,0.015916
2017,19340,12,-0.003928
2017,19460,12,-0.008628
2017,19500,12,-0.005082
2017,19740,12,-0.000372
2017,20020,12,-0.004943
2017,20100,12,0.000554
2017,20220,12,-0.005568
2017,20740,12,0.007946
2017,20940,12,-0.010818
2017,21140,12,0.003902
2017,21300,12,-0.010957
2017,21500,12,-0.009014
2017,21660,12,0.025769
2017,21820,12,0.017671
2017,22020,12,-0.003718
2017,22140,12,-0.033328
2017,22380,12,-0.003458
2017,22420,12,-0.0113
2017,22500,12,-0.01043
2017,22520,12,-0.006275
2017,22540,12,0.006317
2017,22660,12,0.008187
2017,23420,12,-0.011718
2017,23460,12,-0.008808
2017,23580,12,0.002246
2017,24020,12,-0.01055
2017,24220,12,-0.017669
2017,24300,12,0.009327
2017,24500,12,-0.014159
2017,24540,12,0.021086
2017,24580,12,0.009586
2017,24660,12,0.000611
2017,25420,12,0.007534
2017,25500,12,-0.001206
2017,25540,12,-0.00395
2017,25860,12,0.00273
2017,25980,12,-0.014112
2017,26300,12,-0.004712
2017,26380,12,-0.013463
2017,26620,12,0.009362
2017,26980,12,0.002007
2017,27060,12,0.005504
2017,27100,12,-0.014217
2017,27260,12,0.009628
2017,27340,12,0.010466
2017,27500,12,0.00764
2017,27740,12,-0.002052
2017,27780,12,-0.001493
2017,27860,12,0.006235
2017,27900,12,-0.001152
2017,28100,12,0.002338
2017,28420,12,0.026057
2017,28660,12,0.013434
2017,28700,12,-0.013316
2017,28740,12,0.001853
2017,29100,12,0.000805
2017,29340,12,0.004581
2017,29420,12,-0.017772
2017,29460,12,0.011264
2017,29540,12,0.006474
2017,29700,12,-0.002996
2017,29740,12,0.00957
2017,29820,12,-0.022316
2017,29940,12,0.013469
2017,30140,12,0.014981
2017,30300,12,0.001885
2017,30340,12,0.008389
2017,30460,12,0.010616
2017,30620,12,-0.005196
2017,30700,12,0.004272
2017,30780,12,-0.000752
2017,30860,12,0.025913
2017,31020,12,0.030153
2017,31420,12,-0.004671
2017,31700,12,0.005184
2017,31860,12,-0.00038
2017,32580,12,0.01084
2017,32780,12,0.008786
2017,32900,12,-0.033252
2017,33140,12,-0.0086
2017,33340,12,0.001563
2017,33540,12,0.012975
2017,33700,12,-0.023832
2017,33780,12,-0.008298
2017,33860,12,0.000708
2017,34060,12,-0.010035
2017,34580,12,0.029214
2017,34620,12,0.005207
2017,34740,12,0.003464
2017,34940,12,-0.017344
2017,35300,12,-0.002713
2017,35660,12,-0.002693
2017,35840,12,-0.002516
2017,35980,12,0.004938
2017,36100,12,0.007678
2017,36220,12,-0.068282
2017,36420,12,0.000761
2017,36500,12,0.035885
2017,36540,12,0.006748
2017,36740,12,-0.001349
2017,36780,12,0.003594
2017,36980,12,-0.001454
2017,37100,12,-0.012878
2017,37340,12,0.008438
2017,37860,12,0.006409
2017,38060,12,-0.021213
2017,38300,12,-0.006258
2017,38340,12,-0.005863
2017,38860,12,0.004544
2017,38900,12,0.015167
2017,38940,12,0.01048
2017,39300,12,0.005139
2017,39340,12,0.01382
2017,39380,12,0.014231
2017,39460,12,0.014156
2017,39540,12,0.010425
2017,39580,12,0.012817
2017,39740,12,0.002247
2017,39820,12,-0.01674
2017,39900,12,-0.011836
2017,40140,12,-0.01821
2017,40420,12,0.010173
2017,40660,12,0.00134
2017,40900,12,-0.011037
2017,40980,12,3.1e-05
2017,41060,12,0.006375
2017,41100,12,0.007467
2017,41140,12,0.00153
2017,41420,12,0.033758
2017,41500,12,-0.009031
2017,41700,12,0.012744
2017,41740,12,-0.008531
2017,41940,12,-0.021971
2017,42020,12,-0.006991
2017,42100,12,-0.011038
2017,42140,12,0.014382
2017,42220,12,-0.021202
2017,42340,12,0.002642
2017,42540,12,-0.001775
2017,42680,12,0.013651
2017,43100,12,0.008283
2017,43620,12,0.005453
2017,43780,12,0.009292
2017,44100,12,-0.00812
2017,44180,12,0.002408
2017,44220,12,-0.005226
2017,44300,12,0.005292
2017,44700,12,-0.020734
2017,45060,12,-0.002999
2017,45220,12,0.000395
2017,45820,12,-0.002579
2017,45940,12,0.00423
2017,46060,12,0.000713
2017,46140,12,-0.001249
2017,46340,12,0.010839
2017,46540,12,0.0017
2017,46660,12,-0.005069
2017,46700,12,-0.020124
2017,47220,12,0.000108
2017,47300,12,-0.013143
2017,47940,12,-0.014437
2017,48300,12,0.015788
2017,48540,12,-0.022338
2017,48660,12,0.00722
2017,48700,12,-0.013713
2017,49020,12,-0.010074
2017,49420,12,0.015081
2017,49620,12,0.00935
2017,49660,12,-0.00267
2017,49740,12,0.001059
2017,10180,13,-0.007381
2017,10420,13,-0.001614
2017,10580,13,0.003305
2017,10740,13,0.007833
2017,10780,13,-0.009404
2017,10900,13,0.007885
2017,11020,13,-0.002292
2017,11260,13,0.003422
2017,11460,13,-0.002169
2017,11500,13,-0.005443
2017,11540,13,0.006033
2017,11700,13,0.009673
2017,12020,13,0.011785
2017,12100,13,-0.007568
2017,12220,13,0.020525
2017,12420,13,0.003453
2017,12540,13,-0.042896
2017,12580,13,-0.015361
2017,12620,13,-6.7e-05
2017,12700,13,-0.003915
2017,12980,13,0.004291
2017,13020,13,-0.015354
2017,13380,13,0.031956
2017,13460,13,0.007034
2017,13780,13,-0.005492
2017,14260,13,-0.011871
2017,14500,13,0.015916
2017,14740,13,0.037003
2017,14860,13,-0.005406
2017,15180,13,-0.001612
2017,15260,13,0.017978
2017,15380,13,-0.000532
2017,15500,13,0.007124
2017,15540,13,-0.007809
2017,15940,13,-0.005402
2017,15980,13,-0.001293
2017,16020,13,0.003191
2017,16180,13,-0.011069
2017,16220,13,-0.065145
2017,16300,13,0.00289
2017,16700,13,0.006754
2017,16860,13,0.000748
2017,16940,13,0.004077
2017,17020,13,0.004572
2017,17420,13,-0.000834
2017,17660,13,0.016057
2017,17780,13,0.019726
2017,17820,13,0.026866
2017,17900,13,0.002263
2017,18020,13,-0.003246
2017,18700,13,0.022729
2017,19340,13,-0.00251
2017,19460,13,-0.012183
2017,19500,13,-0.007335
2017,19740,13,0.005883
2017,20020,13,-0.006158
2017,20100,13,0.001261
2017,20220,13,-0.002884
2017,20740,13,0.010055
2017,20940,13,-0.008853
2017,21140,13,0.006138
2017,21300,13,-0.016213
2017,21500,13,-0.008599
2017,21660,13,0.03099
2017,21820,13,0.022695
2017,22020,13,-0.004775
2017,22140,13,-0.040662
2017,22380,13,-0.007119
2017,22420,13,-0.015599
2017,22500,13,-0.0098
2017,22520,13,-0.005675
2017,22540,13,0.006903
2017,22660,13,0.017913
2017,23420,13,-0.016514
2017,23460,13,-0.011078
2017,23580,13,-0.001945
2017,24020,13,-0.016978
2017,24220,13,-0.022742
2017,24300,13,0.00782
2017,24500,13,-0.015512
2017,24540,13,0.030547
2017,24580,13,0.012503
2017,24660,13,0.003541
2017,25420,13,0.009164
2017,25500,13,-0.001686
2017,25540,13,-0.005723
2017,25860,13,0.00493
2017,25980,13,-0.026209
2017,26300,13,-0.009537
2017,26380,13,-0.017048
2017,26620,13,0.010618
2017,26980,13,0.002427
2017,27060,13,0.007999
2017,27100,13,-0.018935
2017,27260,13,0.010682
2017,27340,13,0.012497
2017,27500,13,0.008913
2017,27740,13,-0.004521
2017,27780,13,-0.001368
2017,27860,13,0.00911
2017,27900,13,-0.003892
2017,28100,13,0.001504
2017,28420,13,0.037402
2017,28660,13,0.016513
2017,28700,13,-0.013357
2017,28740,13,-0.000985
2017,29100,13,0.002372
2017,29340,13,0.006162
2017,29420,13,-0.02227
2017,29460,13,0.011091
2017,29540,13,0.010088
2017,29700,13,-0.006154
2017,29740,13,0.011055
2017,29820,13,-0.033387
2017,29940,13,0.016341
2017,30140,13,0.017844
2017,30300,13,0.00201
2017,30340,13,0.012434
2017,30460,13,0.01408
2017,30620,13,-0.005718
2017,30700,13,0.005227
2017,30780,13,-0.000396
2017,30860,13,0.033902
2017,31020,13,0.037141
2017,31420,13,-0.005021
2017,31700,13,0.007182
2017,31860,13,-0.001742
2017,32580,13,0.013549
2017,32780,13,0.010233
2017,32900,13,-0.038821
2017,33140,13,-0.010996
2017,33340,13,0.000865
2017,33540,13,0.01664
2017,33700,13,-0.030948
2017,33780,13,-0.009791
2017,33860,13,-0.000659
2017,34060,13,-0.007935
2017,34580,13,0.035454
2017,34620,13,0.006645
2017,34740,13,0.004143
2017,34940,13,-0.021048
2017,35300,13,-0.00457
2017,35660,13,-0.003388
2017,35840,13,-0.001752
2017,35980,13,0.003193
2017,36100,13,0.004979
2017,36220,13,-0.083392
2017,36420,13,0.00025
2017,36500,13,0.042075
2017,36540,13,0.008385
2017,36740,13,-0.003925
2017,36780,13,0.003403
2017,36980,13,0.001284
2017,37100,13,-0.016609
2017,37340,13,0.011982
2017,37860,13,0.007456
2017,38060,13,-0.029643
2017,38300,13,-0.003776
2017,38340,13,-0.008226
2017,38860,13,0.006511
2017,38900,13,0.020454
2017,38940,13,0.015563
2017,39300,13,0.00635
2017,39340,13,0.016638
2017,39380,13,0.019959
2017,39460,13,0.018449
2017,39540,13,0.010413
2017,39580,13,0.017962
2017,39740,13,0.001712
2017,39820,13,-0.023556
2017,39900,13,-0.018729
2017,40140,13,-0.024897
2017,40420,13,0.009822
2017,40660,13,0.003231
2017,40900,13,-0.015258
2017,40980,13,0.000945
2017,41060,13,0.007486
2017,41100,13,0.008906
2017,41140,13,0.002097
2017,41420,13,0.041732
2017,41500,13,-0.01044
2017,41700,13,0.017153
2017,41740,13,-0.009249
2017,41940,13,-0.023308
2017,42020,13,-0.007162
2017,42100,13,-0.010304
2017,42140,13,0.017868
2017,42220,13,-0.02515
2017,42340,13,0.002445
2017,42540,13,-0.001965
2017,42680,13,0.016959
2017,43100,13,0.010325
2017,43620,13,0.007016
2017,43780,13,0.012486
2017,44100,13,-0.00771
2017,44180,13,0.001465
2017,44220,13,-0.004781
2017,44300,13,0.008516
2017,44700,13,-0.026629
2017,45060,13,-0.001739
2017,45220,13,-0.00154
2017,45820,13,-0.003159
2017,45940,13,0.002804
2017,46060,13,-0.002036
2017,46140,13,-0.002579
2017,46340,13,0.013783
2017,46540,13,0.003753
2017,46660,13,-0.008078
2017,46700,13,-0.0278
2017,47220,13,-0.0017
2017,47300,13,-0.017981
2017,47940,13,-0.015549
2017,48300,13,0.01851
2017,48540,13,-0.03043
2017,48660,13,0.010023
2017,48700,13,-0.014039
2017,49020,13,-0.012424
2017,49420,13,0.020422
2017,49620,13,0.010078
2017,49660,13,-0.002044
2017,49740,13,-0.002555
2017,10180,14,-0.008865
2017,10420,14,0.000491
2017,10580,14,0.000839
2017,10740,14,0.001051
2017,10780,14,-0.010863
2017,10900,14,0.009646
2017,11020,14,-0.004244
2017,11260,14,-0.006427
2017,11460,14,0.00557
2017,11500,14,-0.006207
2017,11540,14,0.003805
2017,11700,14,0.006522
2017,12020,14,0.012501
2017,12100,14,-0.008331
2017,12220,14,0.01967
2017,12420,14,0.009301
2017,12540,14,-0.033989
2017,12580,14,-0.020153
2017,12620,14,-0.002381
2017,12700,14,-0.00303
2017,12980,14,0.005969
2017,13020,14,-0.011895
2017,13380,14,0.0223
2017,13460,14,0.011106
2017,13780,14,-0.006673
2017,14260,14,-0.003338
2017,14500,14,0.012693
2017,14740,14,0.028481
2017,14860,14,-0.003595
2017,15180,14,0.000122
2017,15260,14,0.01498
2017,15380,14,-0.000366
2017,15500,14,0.005537
2017,15540,14,-0.010396
2017,15940,14,-0.003622
2017,15980,14,0.005456
2017,16020,14,0.00033
2017,16180,14,-0.000118
2017,16220,14,-0.067657
2017,16300,14,0.002865
2017,16700,14,0.006955
2017,16860,14,-0.002696
2017,16940,14,-0.003157
2017,17020,14,0.001141
2017,17420,14,-0.001205
2017,17660,14,0.014988
2017,17780,14,0.018964
2017,17820,14,0.023602
2017,17900,14,-0.00059
2017,18020,14,-0.004386
2017,18700,14,0.012998
2017,19340,14,-0.00724
2017,19460,14,-0.009649
2017,19500,14,-0.0101
2017,19740,14,0.006601
2017,20020,14,-0.006593
2017,20100,14,-0.00416
2017,20220,14,-0.006591
2017,20740,14,0.00652
2017,20940,14,-0.008485
2017,21140,14,0.005924
2017,21300,14,-0.013512
2017,21500,14,-0.006919
2017,21660,14,0.024501
2017,21820,14,0.010969
2017,22020,14,-0.002274
2017,22140,14,-0.051106
2017,22380,14,-0.005286
2017,22420,14,-0.005159
2017,22500,14,-0.014572
2017,22520,14,-0.007655
2017,22540,14,0.00477
2017,22660,14,0.01466
2017,23420,14,-0.013031
2017,23460,14,-0.01085
2017,23580,14,0.008562
2017,24020,14,-0.015775
2017,24220,14,-0.020299
2017,24300,14,0.005856
2017,24500,14,-0.023508
2017,24540,14,0.033348
2017,24580,14,0.010388
2017,24660,14,0.000113
2017,25420,14,0.009264
2017,25500,14,-0.005769
2017,25540,14,-0.005502
2017,25860,14,0.001678
2017,25980,14,-0.022573
2017,26300,14,-0.008259
2017,26380,14,-0.020029
2017,26620,14,0.009556
2017,26980,14,0.0028
2017,27060,14,0.006538
2017,27100,14,-0.010797
2017,27260,14,0.012627
2017,27340,14,0.00117
2017,27500,14,0.008072
2017,27740,14,-0.002972
2017,27780,14,-0.002958
2017,27860,14,0.008408
2017,27900,14,-0.00223
2017,28100,14,-0.002033
2017,28420,14,0.02495
2017,28660,14,0.013793
2017,28700,14,-0.018343
2017,28740,14,0.0002
2017,29100,14,-0.002416
2017,29340,14,0.004203
2017,29420,14,-0.019327
2017,29460,14,0.017326
2017,29540,14,0.009717
2017,29700,14,-0.003832
2017,29740,14,0.002301
2017,29820,14,-0.01182
2017,29940,14,0.014591
2017,30140,14,0.017134
2017,30300,14,-0.004184
2017,30340,14,0.00975
2017,30460,14,0.014015
2017,30620,14,-0.006344
2017,30700,14,0.006151
2017,30780,14,-0.002855
2017,30860,14,0.028686
2017,31020,14,0.03148
2017,31420,14,-0.007388
2017,31700,14,0.009963
2017,31860,14,-0.000182
2017,32580,14,0.012339
2017,32780,14,0.009569
2017,32900,14,-0.024655
2017,33140,14,-0.011426
2017,33340,14,-0.000966
2017,33540,14,0.010187
2017,33700,14,-0.015085
2017,33780,14,-0.003031
2017,33860,14,-0.000112
2017,34060,14,-0.014968
2017,34580,14,0.028102
2017,34620,14,0.00467
2017,34740,14,0.009294
2017,34940,14,-0.010243
2017,35300,14,-0.004112
2017,35660,14,-0.003919
2017,35840,14,0.005712
2017,35980,14,0.003461
2017,36100,14,0.01008
2017,36220,14,-0.078181
2017,36420,14,0.00126
2017,36500,14,0.034209
2017,36540,14,0.009369
2017,36740,14,0.003815
2017,36780,14,0.001083
2017,36980,14,0.001504
2017,37100,14,-0.01607
2017,37340,14,0.016867
2017,37860,14,0.006945
2017,38060,14,-0.017028
2017,38300,14,-0.003481
2017,38340,14,-0.00925
2017,38860,14,0.006607
2017,38900,14,0.015038
2017,38940,14,0.021869
2017,39300,14,0.007988
2017,39340,14,0.017865
2017,39380,14,0.01808
2017,39460,14,0.025272
2017,39540,14,0.00919
2017,39580,14,0.015646
2017,39740,14,0.003627
2017,39820,14,-0.021361
2017,39900,14,-0.003409
2017,40140,14,-0.016891
2017,40420,14,0.008074
2017,40660,14,0.001355
2017,40900,14,-0.007473
2017,40980,14,0.001858
2017,41060,14,0.008729
2017,41100,14,0.011435
2017,41140,14,0.001421
2017,41420,14,0.036645
2017,41500,14,-0.003631
2017,41700,14,0.017096
2017,41740,14,-0.009571
2017,41940,14,-0.021849
2017,42020,14,-0.007825
2017,42100,14,-0.009833
2017,42140,14,0.011247
2017,42220,14,-0.018339
2017,42340,14,0.00198
2017,42540,14,-0.002227
2017,42680,14,0.022804
2017,43100,14,0.006724
2017,43620,14,0.007215
2017,43780,14,0.010083
2017,44100,14,-0.011368
2017,44180,14,0.002674
2017,44220,14,-0.005938
2017,44300,14,0.008599
2017,44700,14,-0.011454
2017,45060,14,-0.003022
2017,45220,14,-0.003017
2017,45820,14,-0.004443
2017,45940,14,0.004589
2017,46060,14,-0.001534
2017,46140,14,-0.000669
2017,46340,14,0.012785
2017,46540,14,0.001425
2017,46660,14,-0.009933
2017,46700,14,-0.012022
2017,47220,14,-0.003474
2017,47300,14,-0.015784
2017,47940,14,-0.017465
2017,48300,14,0.010223
2017,48540,14,-0.029269
2017,48660,14,0.005835
2017,48700,14,-0.013639
2017,49020,14,-0.013314
2017,49420,14,0.009949
2017,49620,14,0.012006
2017,49660,14,-0.003798
2017,49740,14,-0.002331
2017,10180,15,-0.008734
2017,10420,15,0.00068
2017,10580,15,-0.000135
2017,10740,15,0.000643
2017,10780,15,-0.010217
2017,10900,15,0.010163
2017,11020,15,-0.004266
2017,11260,15,-0.007808
2017,11460,15,0.006155
2017,11500,15,-0.005697
2017,11540,15,0.003085
2017,11700,15,0.006709
2017,12020,15,0.011918
2017,12100,15,-0.00854
2017,12220,15,0.019482
2017,12420,15,0.00852
2017,12540,15,-0.0325
2017,12580,15,-0.019879
2017,12620,15,-0.003006
2017,12700,15,-0.002705
2017,12980,15,0.006075
2017,13020,15,-0.011784
2017,13380,15,0.020588
2017,13460,15,0.009482
2017,13780,15,-0.00606
2017,14260,15,-0.002621
2017,14500,15,0.011615
2017,14740,15,0.027656
2017,14860,15,-0.004139
2017,15180,15,0.00055
2017,15260,15,0.015199
2017,15380,15,-0.001065
2017,15500,15,0.004886
2017,15540,15,-0.011003
2017,15940,15,-0.003978
2017,15980,15,0.004374
2017,16020,15,0.001068
2017,16180,15,0.002755
2017,16220,15,-0.067019
2017,16300,15,0.002848
2017,16700,15,0.006579
2017,16860,15,-0.003164
2017,16940,15,-0.004548
2017,17020,15,0.000823
2017,17420,15,-0.001753
2017,17660,15,0.014647
2017,17780,15,0.018429
2017,17820,15,0.022507
2017,17900,15,-0.001351
2017,18020,15,-0.004992
2017,18700,15,0.012527
2017,19340,15,-0.007509
2017,19460,15,-0.009103
2017,19500,15,-0.009933
2017,19740,15,0.00535
2017,20020,15,-0.006252
2017,20100,15,-0.004696
2017,20220,15,-0.005838
2017,20740,15,0.005706
2017,20940,15,-0.008785
2017,21140,15,0.00582
2017,21300,15,-0.01395
2017,21500,15,-0.006666
2017,21660,15,0.024357
2017,21820,15,0.010172
2017,22020,15,-0.003546
2017,22140,15,-0.051058
2017,22380,15,-0.004093
2017,22420,15,-0.005125
2017,22500,15,-0.014468
2017,22520,15,-0.007576
2017,22540,15,0.005169
2017,22660,15,0.012765
2017,23420,15,-0.012385
2017,23460,15,-0.010222
2017,23580,15,0.00931
2017,24020,15,-0.015539
2017,24220,15,-0.020258
2017,24300,15,0.006583
2017,24500,15,-0.025099
2017,24540,15,0.031314
2017,24580,15,0.009863
2017,24660,15,-0.000369
2017,25420,15,0.008654
2017,25500,15,-0.005376
2017,25540,15,-0.005547
2017,25860,15,0.00204
2017,25980,15,-0.021608
2017,26300,15,-0.007481
2017,26380,15,-0.020183
2017,26620,15,0.008921
2017,26980,15,0.002377
2017,27060,15,0.006706
2017,27100,15,-0.010211
2017,27260,15,0.012836
2017,27340,15,0.001259
2017,27500,15,0.008064
2017,27740,15,-0.002422
2017,27780,15,-0.003213
2017,27860,15,0.008284
2017,27900,15,-0.002212
2017,28100,15,-0.001291
2017,28420,15,0.022857
2017,28660,15,0.013183
2017,28700,15,-0.017464
2017,28740,15,0.000454
2017,29100,15,-0.003349
2017,29340,15,0.004017
2017,29420,15,-0.019071
2017,29460,15,0.018642
2017,29540,15,0.010504
2017,29700,15,-0.004559
2017,29740,15,0.001892
2017,29820,15,-0.009197
2017,29940,15,0.013822
2017,30140,15,0.016836
2017,30300,15,-0.003667
2017,30340,15,0.010533
2017,30460,15,0.01348
2017,30620,15,-0.005623
2017,30700,15,0.004823
2017,30780,15,-0.002952
2017,30860,15,0.028878
2017,31020,15,0.031507
2017,31420,15,-0.00694
2017,31700,15,0.010207
2017,31860,15,-0.000295
2017,32580,15,0.011848
2017,32780,15,0.0096
2017,32900,15,-0.023001
2017,33140,15,-0.011314
2017,33340,15,-0.001042
2017,33540,15,0.009461
2017,33700,15,-0.012848
2017,33780,15,-0.002492
2017,33860,15,-0.000275
2017,34060,15,-0.014992
2017,34580,15,0.027573
2017,34620,15,0.003981
2017,34740,15,0.00985
2017,34940,15,-0.010355
2017,35300,15,-0.003857
2017,35660,15,-0.00331
2017,35840,15,0.005304
2017,35980,15,0.003603
2017,36100,15,0.011356
2017,36220,15,-0.076779
2017,36420,15,0.000892
2017,36500,15,0.033821
2017,36540,15,0.009175
2017,36740,15,0.004168
2017,36780,15,0.000154
2017,36980,15,0.001098
2017,37100,15,-0.015858
2017,37340,15,0.018296
2017,37860,15,0.006952
2017,38060,15,-0.015182
2017,38300,15,-0.003935
2017,38340,15,-0.008823
2017,38860,15,0.006208
2017,38900,15,0.01386
2017,38940,15,0.022447
2017,39300,15,0.008212
2017,39340,15,0.017153
2017,39380,15,0.017991
2017,39460,15,0.025894
2017,39540,15,0.009431
2017,39580,15,0.014258
2017,39740,15,0.004362
2017,39820,15,-0.020448
2017,39900,15,-0.002254
2017,40140,15,-0.015809
2017,40420,15,0.00895
2017,40660,15,0.001943
2017,40900,15,-0.006702
2017,40980,15,0.00194
2017,41060,15,0.009853
2017,41100,15,0.011269
2017,41140,15,0.002954
2017,41420,15,0.036784
2017,41500,15,-0.003052
2017,41700,15,0.017259
2017,41740,15,-0.010024
2017,41940,15,-0.022427
2017,42020,15,-0.007654
2017,42100,15,-0.009812
2017,42140,15,0.01108
2017,42220,15,-0.017334
2017,42340,15,0.002078
2017,42540,15,-0.002121
2017,42680,15,0.023646
2017,43100,15,0.006748
2017,43620,15,0.006241
2017,43780,15,0.010146
2017,44100,15,-0.011573
2017,44180,15,0.00292
2017,44220,15,-0.00562
2017,44300,15,0.008446
2017,44700,15,-0.009984
2017,45060,15,-0.00334
2017,45220,15,-0.002716
2017,45820,15,-0.00398
2017,45940,15,0.004414
2017,46060,15,-0.001059
2017,46140,15,-0.000773
2017,46340,15,0.012936
2017,46540,15,0.00162
2017,46660,15,-0.009453
2017,46700,15,-0.010568
2017,47220,15,-0.003343
2017,47300,15,-0.015385
2017,47940,15,-0.016794
2017,48300,15,0.009169
2017,48540,15,-0.031155
2017,48660,15,0.006595
2017,48700,15,-0.013542
2017,49020,15,-0.013861
2017,49420,15,0.008688
2017,49620,15,0.012891
2017,49660,15,-0.004015
2017,49740,15,-0.001803
2017,10180,16,-0.00661
2017,10420,16,-0.000943
2017,10580,16,0.00083
2017,10740,16,0.009359
2017,10780,16,-0.005021
2017,10900,16,0.00839
2017,11020,16,-0.003361
2017,11260,16,0.004498
2017,11460,16,-0.002966
2017,11500,16,-0.002836
2017,11540,16,0.003387
2017,11700,16,0.007939
2017,12020,16,0.008686
2017,12100,16,-0.005505
2017,12220,16,0.015794
2017,12420,16,-0.003836
2017,12540,16,-0.032448
2017,12580,16,-0.010464
2017,12620,16,-0.001396
2017,12700,16,-0.003814
2017,12980,16,0.004003
2017,13020,16,-0.011707
2017,13380,16,0.026604
2017,13460,16,-0.001725
2017,13780,16,-0.002438
2017,14260,16,-0.011564
2017,14500,16,0.007467
2017,14740,16,0.031206
2017,14860,16,-0.005291
2017,15180,16,0.002007
2017,15260,16,0.015624
2017,15380,16,-0.00404
2017,15500,16,0.005401
2017,15540,16,-0.008894
2017,15940,16,-0.00548
2017,15980,16,-0.00934
2017,16020,16,0.005012
2017,16180,16,-0.006312
2017,16220,16,-0.053021
2017,16300,16,0.003753
2017,16700,16,0.002219
2017,16860,16,0.001152
2017,16940,16,0.001818
2017,17020,16,0.004408
2017,17420,16,-0.002981
2017,17660,16,0.012391
2017,17780,16,0.012336
2017,17820,16,0.020832
2017,17900,16,0.001348
2017,18020,16,-0.004316
2017,18700,16,0.020141
2017,19340,16,-0.00266
2017,19460,16,-0.007721
2017,19500,16,-0.003871
2017,19740,16,-0.002837
2017,20020,16,-0.004304
2017,20100,16,0.000213
2017,20220,16,-0.001344
2017,20740,16,0.006566
2017,20940,16,-0.009788
2017,21140,16,0.003727
2017,21300,16,-0.013024
2017,21500,16,-0.008286
2017,21660,16,0.028845
2017,21820,16,0.023588
2017,22020,16,-0.010385
2017,22140,16,-0.031387
2017,22380,16,-0.00257
2017,22420,16,-0.015253
2017,22500,16,-0.006668
2017,22520,16,-0.00533
2017,22540,16,0.008201
2017,22660,16,0.006334
2017,23420,16,-0.012333
2017,23460,16,-0.006936
2017,23580,16,-0.000283
2017,24020,16,-0.011861
2017,24220,16,-0.020526
2017,24300,16,0.010835
2017,24500,16,-0.013852
2017,24540,16,0.017355
2017,24580,16,0.009173
2017,24660,16,0.002876
2017,25420,16,0.006453
2017,25500,16,0.002286
2017,25540,16,-0.003643
2017,25860,16,0.007222
2017,25980,16,-0.013232
2017,26300,16,-0.002454
2017,26380,16,-0.013491
2017,26620,16,0.007539
2017,26980,16,0.001073
2017,27060,16,0.006252
2017,27100,16,-0.016168
2017,27260,16,0.007881
2017,27340,16,0.013373
2017,27500,16,0.00738
2017,27740,16,-0.001424
2017,27780,16,-0.001761
2017,27860,16,0.008153
2017,27900,16,-0.000748
2017,28100,16,0.004537
2017,28420,16,0.027907
2017,28660,16,0.013185
2017,28700,16,-0.007442
2017,28740,16,0.001395
2017,29100,16,-0.00062
2017,29340,16,0.004241
2017,29420,16,-0.018666
2017,29460,16,0.011012
2017,29540,16,0.009395
2017,29700,16,-0.006688
2017,29740,16,0.012526
2017,29820,16,-0.02639
2017,29940,16,0.011844
2017,30140,16,0.015764
2017,30300,16,0.006704
2017,30340,16,0.011548
2017,30460,16,0.009697
2017,30620,16,-0.003072
2017,30700,16,0.000507
2017,30780,16,0.000483
2017,30860,16,0.031566
2017,31020,16,0.03342
2017,31420,16,-0.001251
2017,31700,16,0.005215
2017,31860,16,-0.001986
2017,32580,16,0.010568
2017,32780,16,0.008725
2017,32900,16,-0.033853
2017,33140,16,-0.009157
2017,33340,16,0.000906
2017,33540,16,0.01455
2017,33700,16,-0.024831
2017,33780,16,-0.008854
2017,33860,16,0.000104
2017,34060,16,-0.005657
2017,34580,16,0.030582
2017,34620,16,0.00515
2017,34740,16,0.00325
2017,34940,16,-0.024349
2017,35300,16,-0.002099
2017,35660,16,-0.001631
2017,35840,16,-0.007872
2017,35980,16,0.004977
2017,36100,16,0.007573
2017,36220,16,-0.071303
2017,36420,16,-0.000166
2017,36500,16,0.038393
2017,36540,16,0.006334
2017,36740,16,-0.005988
2017,36780,16,0.001653
2017,36980,16,-0.001424
2017,37100,16,-0.01298
2017,37340,16,0.008828
2017,37860,16,0.006615
2017,38060,16,-0.024019
2017,38300,16,-0.006569
2017,38340,16,-0.004673
2017,38860,16,0.003404
2017,38900,16,0.012654
2017,38940,16,0.010004
2017,39300,16,0.004845
2017,39340,16,0.012306
2017,39380,16,0.017939
2017,39460,16,0.013287
2017,39540,16,0.010571
2017,39580,16,0.010875
2017,39740,16,0.003613
2017,39820,16,-0.016433
2017,39900,16,-0.018201
2017,40140,16,-0.019532
2017,40420,16,0.012214
2017,40660,16,0.004897
2017,40900,16,-0.012889
2017,40980,16,0.000529
2017,41060,16,0.009421
2017,41100,16,0.006405
2017,41140,16,0.005624
2017,41420,16,0.036897
2017,41500,16,-0.009764
2017,41700,16,0.013759
2017,41740,16,-0.009353
2017,41940,16,-0.023991
2017,42020,16,-0.005967
2017,42100,16,-0.010341
2017,42140,16,0.018294
2017,42220,16,-0.021893
2017,42340,16,0.002238
2017,42540,16,-0.00068
2017,42680,16,0.012974
2017,43100,16,0.00952
2017,43620,16,0.002562
2017,43780,16,0.01051
2017,44100,16,-0.006799
2017,44180,16,0.00216
2017,44220,16,-0.003761
2017,44300,16,0.005509
2017,44700,16,-0.023226
2017,45060,16,-0.002826
2017,45220,16,0.000604
2017,45820,16,-0.000504
2017,45940,16,0.002473
2017,46060,16,0.000882
2017,46140,16,-0.001929
2017,46340,16,0.013138
2017,46540,16,0.003182
2017,46660,16,-0.002623
2017,46700,16,-0.023759
2017,47220,16,-0.000647
2017,47300,16,-0.014287
2017,47940,16,-0.011349
2017,48300,16,0.015856
2017,48540,16,-0.026619
2017,48660,16,0.011731
2017,48700,16,-0.013053
2017,49020,16,-0.011203
2017,49420,16,0.01839
2017,49620,16,0.011168
2017,49660,16,-0.002466
2017,49740,16,0.001688
2017,10180,17,-0.006977
2017,10420,17,0.000328
2017,10580,17,0.000741
2017,10740,17,-4.4e-05
2017,10780,17,-0.009303
2017,10900,17,0.00949
2017,11020,17,-0.004862
2017,11260,17,-0.009559
2017,11460,17,0.003824
2017,11500,17,-0.003904
2017,11540,17,0.002273
2017,11700,17,0.006614
2017,12020,17,0.011661
2017,12100,17,-0.005534
2017,12220,17,0.017504
2017,12420,17,0.007941
2017,12540,17,-0.026958
2017,12580,17,-0.017218
2017,12620,17,-0.001737
2017,12700,17,-0.003088
2017,12980,17,0.00505
2017,13020,17,-0.011562
2017,13380,17,0.018322
2017,13460,17,0.008777
2017,13780,17,-0.004614
2017,14260,17,0.000739
2017,14500,17,0.008598
2017,14740,17,0.025045
2017,14860,17,-0.003927
2017,15180,17,0.000554
2017,15260,17,0.0159
2017,15380,17,-0.001845
2017,15500,17,0.001533
2017,15540,17,-0.01069
2017,15940,17,-0.003493
2017,15980,17,0.001816
2017,16020,17,0.001047
2017,16180,17,0.007773
2017,16220,17,-0.059938
2017,16300,17,0.001532
2017,16700,17,0.005947
2017,16860,17,-0.004238
2017,16940,17,-0.006629
2017,17020,17,0.001045
2017,17420,17,-0.002096
2017,17660,17,0.014417
2017,17780,17,0.016305
2017,17820,17,0.017425
2017,17900,17,-0.002663
2017,18020,17,-0.005674
2017,18700,17,0.009222
2017,19340,17,-0.007657
2017,19460,17,-0.00796
2017,19500,17,-0.008357
2017,19740,17,0.002249
2017,20020,17,-0.005124
2017,20100,17,-0.003967
2017,20220,17,-0.006802
2017,20740,17,0.005155
2017,20940,17,-0.010359
2017,21140,17,0.004963
2017,21300,17,-0.011331
2017,21500,17,-0.007324
2017,21660,17,0.021583
2017,21820,17,0.006261
2017,22020,17,-0.002668
2017,22140,17,-0.043404
2017,22380,17,-0.001759
2017,22420,17,-0.003338
2017,22500,17,-0.014843
2017,22520,17,-0.007109
2017,22540,17,0.004558
2017,22660,17,0.007587
2017,23420,17,-0.01005
2017,23460,17,-0.009065
2017,23580,17,0.010228
2017,24020,17,-0.012189
2017,24220,17,-0.015984
2017,24300,17,0.007996
2017,24500,17,-0.023613
2017,24540,17,0.024019
2017,24580,17,0.00811
2017,24660,17,-0.002764
2017,25420,17,0.006916
2017,25500,17,-0.005829
2017,25540,17,-0.005348
2017,25860,17,0.000231
2017,25980,17,-0.017529
2017,26300,17,-0.005858
2017,26380,17,-0.017056
2017,26620,17,0.008051
2017,26980,17,0.001439
2017,27060,17,0.006279
2017,27100,17,-0.008206
2017,27260,17,0.012797
2017,27340,17,0.002198
2017,27500,17,0.00817
2017,27740,17,-0.001377
2017,27780,17,-0.002232
2017,27860,17,0.005282
2017,27900,17,-0.001606
2017,28100,17,7.1e-05
2017,28420,17,0.016339
2017,28660,17,0.011428
2017,28700,17,-0.017574
2017,28740,17,0.001854
2017,29100,17,-0.00296
2017,29340,17,0.004162
2017,29420,17,-0.016333
2017,29460,17,0.018704
2017,29540,17,0.00806
2017,29700,17,-0.003222
2017,29740,17,0.001215
2017,29820,17,-0.005119
2017,29940,17,0.012236
2017,30140,17,0.014107
2017,30300,17,-0.003327
2017,30340,17,0.008908
2017,30460,17,0.011241
2017,30620,17,-0.005379
2017,30700,17,0.003745
2017,30780,17,-0.003428
2017,30860,17,0.023083
2017,31020,17,0.027943
2017,31420,17,-0.007026
2017,31700,17,0.008559
2017,31860,17,0.00031
2017,32580,17,0.009965
2017,32780,17,0.009146
2017,32900,17,-0.021607
2017,33140,17,-0.009298
2017,33340,17,0.000232
2017,33540,17,0.007229
2017,33700,17,-0.010244
2017,33780,17,-0.002686
2017,33860,17,0.000114
2017,34060,17,-0.015663
2017,34580,17,0.025195
2017,34620,17,0.003327
2017,34740,17,0.009026
2017,34940,17,-0.008393
2017,35300,17,-0.003316
2017,35660,17,-0.002204
2017,35840,17,0.004914
2017,35980,17,0.004478
2017,36100,17,0.013047
2017,36220,17,-0.066312
2017,36420,17,0.000583
2017,36500,17,0.030247
2017,36540,17,0.007713
2017,36740,17,0.005761
2017,36780,17,0.000283
2017,36980,17,-0.000442
2017,37100,17,-0.013338
2017,37340,17,0.018047
2017,37860,17,0.006285
2017,38060,17,-0.010814
2017,38300,17,-0.00523
2017,38340,17,-0.00714
2017,38860,17,0.005223
2017,38900,17,0.013225
2017,38940,17,0.020028
2017,39300,17,0.007911
2017,39340,17,0.014108
2017,39380,17,0.01325
2017,39460,17,0.023051
2017,39540,17,0.010111
2017,39580,17,0.010401
2017,39740,17,0.003973
2017,39820,17,-0.016667
2017,39900,17,0.00214
2017,40140,17,-0.012825
2017,40420,17,0.009406
2017,40660,17,0.000855
2017,40900,17,-0.004978
2017,40980,17,0.001083
2017,41060,17,0.009229
2017,41100,17,0.008835
2017,41140,17,0.003375
2017,41420,17,0.032829
2017,41500,17,-0.002786
2017,41700,17,0.014848
2017,41740,17,-0.009655
2017,41940,17,-0.021245
2017,42020,17,-0.007252
2017,42100,17,-0.009921
2017,42140,17,0.009263
2017,42220,17,-0.015036
2017,42340,17,0.002402
2017,42540,17,-0.002547
2017,42680,17,0.022086
2017,43100,17,0.006575
2017,43620,17,0.005142
2017,43780,17,0.008778
2017,44100,17,-0.011524
2017,44180,17,0.003514
2017,44220,17,-0.005824
2017,44300,17,0.006523
2017,44700,17,-0.008464
2017,45060,17,-0.003934
2017,45220,17,-0.000727
2017,45820,17,-0.003413
2017,45940,17,0.004902
2017,46060,17,0.000688
2017,46140,17,-0.000684
2017,46340,17,0.010904
2017,46540,17,0.001236
2017,46660,17,-0.008934
2017,46700,17,-0.007665
2017,47220,17,-0.001103
2017,47300,17,-0.012405
2017,47940,17,-0.015973
2017,48300,17,0.008499
2017,48540,17,-0.025978
2017,48660,17,0.005708
2017,48700,17,-0.013337
2017,49020,17,-0.012732
2017,49420,17,0.005466
2017,49620,17,0.011652
2017,49660,17,-0.003711
2017,49740,17,-3.4e-05
2017,10180,18,-0.006365
2017,10420,18,-0.001397
2017,10580,18,0.005207
2017,10740,18,0.006725
2017,10780,18,-0.009227
2017,10900,18,0.007393
2017,11020,18,-0.004569
2017,11260,18,0.00194
2017,11460,18,-0.004546
2017,11500,18,-0.004179
2017,11540,18,0.005595
2017,11700,18,0.007603
2017,12020,18,0.012307
2017,12100,18,-0.002595
2017,12220,18,0.017979
2017,12420,18,0.004019
2017,12540,18,-0.033521
2017,12580,18,-0.012916
2017,12620,18,0.001575
2017,12700,18,-0.005294
2017,12980,18,0.003186
2017,13020,18,-0.013258
2017,13380,18,0.02943
2017,13460,18,0.008449
2017,13780,18,-0.004309
2017,14260,18,-0.006537
2017,14500,18,0.009851
2017,14740,18,0.03252
2017,14860,18,-0.00318
2017,15180,18,-0.000615
2017,15260,18,0.017509
2017,15380,18,-0.00188
2017,15500,18,0.003873
2017,15540,18,-0.007489
2017,15940,18,-0.003726
2017,15980,18,-0.003301
2017,16020,18,0.000905
2017,16180,18,-0.006974
2017,16220,18,-0.055396
2017,16300,18,0.001889
2017,16700,18,0.005826
2017,16860,18,-0.000854
2017,16940,18,0.001302
2017,17020,18,0.004741
2017,17420,18,-0.000736
2017,17660,18,0.016054
2017,17780,18,0.016171
2017,17820,18,0.020715
2017,17900,18,0.001787
2017,18020,18,-0.003216
2017,18700,18,0.016582
2017,19340,18,-0.00381
2017,19460,18,-0.009937
2017,19500,18,-0.005627
2017,19740,18,0.001393
2017,20020,18,-0.005073
2017,20100,18,0.001833
2017,20220,18,-0.006615
2017,20740,18,0.009135
2017,20940,18,-0.011369
2017,21140,18,0.004573
2017,21300,18,-0.010882
2017,21500,18,-0.009866
2017,21660,18,0.026229
2017,21820,18,0.016832
2017,22020,18,-0.001747
2017,22140,18,-0.033514
2017,22380,18,-0.004532
2017,22420,18,-0.011534
2017,22500,18,-0.01144
2017,22520,18,-0.006447
2017,22540,18,0.005791
2017,22660,18,0.010846
2017,23420,18,-0.012552
2017,23460,18,-0.010095
2017,23580,18,0.001691
2017,24020,18,-0.011178
2017,24220,18,-0.017463
2017,24300,18,0.009051
2017,24500,18,-0.013144
2017,24540,18,0.022918
2017,24580,18,0.010403
2017,24660,18,0.000426
2017,25420,18,0.008149
2017,25500,18,-0.00261
2017,25540,18,-0.004469
2017,25860,18,0.001473
2017,25980,18,-0.017181
2017,26300,18,-0.006522
2017,26380,18,-0.013147
2017,26620,18,0.010473
2017,26980,18,0.002351
2017,27060,18,0.005779
2017,27100,18,-0.014942
2017,27260,18,0.010438
2017,27340,18,0.011648
2017,27500,18,0.00842
2017,27740,18,-0.003055
2017,27780,18,-0.000826
2017,27860,18,0.005489
2017,27900,18,-0.001718
2017,28100,18,0.002008
2017,28420,18,0.028318
2017,28660,18,0.014282
2017,28700,18,-0.015603
2017,28740,18,0.001784
2017,29100,18,0.00236
2017,29340,18,0.005219
2017,29420,18,-0.01847
2017,29460,18,0.010752
2017,29540,18,0.005577
2017,29700,18,-0.002186
2017,29740,18,0.009925
2017,29820,18,-0.025314
2017,29940,18,0.014931
2017,30140,18,0.015153
2017,30300,18,0.000843
2017,30340,18,0.007888
2017,30460,18,0.011436
2017,30620,18,-0.006347
2017,30700,18,0.005745
2017,30780,18,-0.001106
2017,30860,18,0.024985
2017,31020,18,0.030787
2017,31420,18,-0.005753
2017,31700,18,0.004955
2017,31860,18,-0.000251
2017,32580,18,0.011524
2017,32780,18,0.009444
2017,32900,18,-0.036409
2017,33140,18,-0.008482
2017,33340,18,0.002294
2017,33540,18,0.0134
2017,33700,18,-0.026911
2017,33780,18,-0.009467
2017,33860,18,0.00075
2017,34060,18,-0.010845
2017,34580,18,0.031183
2017,34620,18,0.005969
2017,34740,18,0.002909
2017,34940,18,-0.01688
2017,35300,18,-0.003305
2017,35660,18,-0.003067
2017,35840,18,-0.001554
2017,35980,18,0.004966
2017,36100,18,0.007148
2017,36220,18,-0.068751
2017,36420,18,0.000918
2017,36500,18,0.036994
2017,36540,18,0.006957
2017,36740,18,-0.000764
2017,36780,18,0.004628
2017,36980,18,-0.001239
2017,37100,18,-0.013166
2017,37340,18,0.008325
2017,37860,18,0.006413
2017,38060,18,-0.023112
2017,38300,18,-0.006143
2017,38340,18,-0.006516
2017,38860,18,0.005265
2017,38900,18,0.018145
2017,38940,18,0.010567
2017,39300,18,0.00548
2017,39340,18,0.014112
2017,39380,18,0.013568
2017,39460,18,0.014053
2017,39540,18,0.01099
2017,39580,18,0.014245
2017,39740,18,0.001327
2017,39820,18,-0.018143
2017,39900,18,-0.011915
2017,40140,18,-0.019866
2017,40420,18,0.009753
2017,40660,18,0.000437
2017,40900,18,-0.011986
2017,40980,18,-0.000475
2017,41060,18,0.005509
2017,41100,18,0.007246
2017,41140,18,-1.4e-05
2017,41420,18,0.03466
2017,41500,18,-0.009996
2017,41700,18,0.012999
2017,41740,18,-0.008259
2017,41940,18,-0.0217
2017,42020,18,-0.007295
2017,42100,18,-0.011217
2017,42140,18,0.01461
2017,42220,18,-0.02244
2017,42340,18,0.003183
2017,42540,18,-0.002339
2017,42680,18,0.013731
2017,43100,18,0.009076
2017,43620,18,0.006813
2017,43780,18,0.009546
2017,44100,18,-0.008375
2017,44180,18,0.002539
2017,44220,18,-0.005703
2017,44300,18,0.005508
2017,44700,18,-0.022973
2017,45060,18,-0.002795
2017,45220,18,0.000774
2017,45820,18,-0.003221
2017,45940,18,0.004724
2017,46060,18,0.000584
2017,46140,18,-0.001366
2017,46340,18,0.010621
2017,46540,18,0.001612
2017,46660,18,-0.006688
2017,46700,18,-0.022021
2017,47220,18,0.001034
2017,47300,18,-0.013561
2017,47940,18,-0.015727
2017,48300,18,0.017585
2017,48540,18,-0.020842
2017,48660,18,0.006204
2017,48700,18,-0.014563
2017,49020,18,-0.010209
2017,49420,18,0.015936
2017,49620,18,0.00844
2017,49660,18,-0.002274
2017,49740,18,0.000484
2017,10180,19,-0.006365
2017,10420,19,-0.001397
2017,10580,19,0.005207
2017,10740,19,0.006725
2017,10780,19,-0.009227
2017,10900,19,0.007393
2017,11020,19,-0.004569
2017,11260,19,0.00194
2017,11460,19,-0.004546
2017,11500,19,-0.004179
2017,11540,19,0.005595
2017,11700,19,0.007603
2017,12020,19,0.012307
2017,12100,19,-0.002595
2017,12220,19,0.017979
2017,12420,19,0.004019
2017,12540,19,-0.033521
2017,12580,19,-0.012916
2017,12620,19,0.001575
2017,12700,19,-0.005294
2017,12980,19,0.003186
2017,13020,19,-0.013258
2017,13380,19,0.02943
2017,13460,19,0.008449
2017,13780,19,-0.004309
2017,14260,19,-0.006537
2017,14500,19,0.009851
2017,14740,19,0.03252
2017,14860,19,-0.00318
2017,15180,19,-0.000615
2017,15260,19,0.017509
2017,15380,19,-0.00188
2017,15500,19,0.003873
2017,15540,19,-0.007489
2017,15940,19,-0.003726
2017,15980,19,-0.003301
2017,16020,19,0.000905
2017,16180,19,-0.006974
2017,16220,19,-0.055396
2017,16300,19,0.001889
2017,16700,19,0.005826
2017,16860,19,-0.000854
2017,16940,19,0.001302
2017,17020,19,0.004741
2017,17420,19,-0.000736
2017,17660,19,0.016054
2017,17780,19,0.016171
2017,17820,19,0.020715
2017,17900,19,0.001787
2017,18020,19,-0.003216
2017,18700,19,0.016582
2017,19340,19,-0.00381
2017,19460,19,-0.009937
2017,19500,19,-0.005627
2017,19740,19,0.001393
2017,20020,19,-0.005073
2017,20100,19,0.001833
2017,20220,19,-0.006615
2017,20740,19,0.009135
2017,20940,19,-0.011369
2017,21140,19,0.004573
2017,21300,19,-0.010882
2017,21500,19,-0.009866
2017,21660,19,0.026229
2017,21820,19,0.016832
2017,22020,19,-0.001747
2017,22140,19,-0.033514
2017,22380,19,-0.004532
2017,22420,19,-0.011534
2017,22500,19,-0.01144
2017,22520,19,-0.006447
2017,22540,19,0.005791
2017,22660,19,0.010846
2017,23420,19,-0.012552
2017,23460,19,-0.010095
2017,23580,19,0.001691
2017,24020,19,-0.011178
2017,24220,19,-0.017463
2017,24300,19,0.009051
2017,24500,19,-0.013144
2017,24540,19,0.022918
2017,24580,19,0.010403
2017,24660,19,0.000426
2017,25420,19,0.008149
2017,25500,19,-0.00261
2017,25540,19,-0.004469
2017,25860,19,0.001473
2017,25980,19,-0.017181
2017,26300,19,-0.006522
2017,26380,19,-0.013147
2017,26620,19,0.010473
2017,26980,19,0.002351
2017,27060,19,0.005779
2017,27100,19,-0.014942
2017,27260,19,0.010438
2017,27340,19,0.011648
2017,27500,19,0.00842
2017,27740,19,-0.003055
2017,27780,19,-0.000826
2017,27860,19,0.005489
2017,27900,19,-0.001718
2017,28100,19,0.002008
2017,28420,19,0.028318
2017,28660,19,0.014282
2017,28700,19,-0.015603
2017,28740,19,0.001784
2017,29100,19,0.00236
2017,29340,19,0.005219
2017,29420,19,-0.01847
2017,29460,19,0.010752
2017,29540,19,0.005577
2017,29700,19,-0.002186
2017,29740,19,0.009925
2017,29820,19,-0.025314
2017,29940,19,0.014931
2017,30140,19,0.015153
2017,30300,19,0.000843
2017,30340,19,0.007888
2017,30460,19,0.011436
2017,30620,19,-0.006347
2017,30700,19,0.005745
2017,30780,19,-0.001106
2017,30860,19,0.024985
2017,31020,19,0.030787
2017,31420,19,-0.005753
2017,31700,19,0.004955
2017,31860,19,-0.000251
2017,32580,19,0.011524
2017,32780,19,0.009444
2017,32900,19,-0.036409
2017,33140,19,-0.008482
2017,33340,19,0.002294
2017,33540,19,0.0134
2017,33700,19,-0.026911
2017,33780,19,-0.009467
2017,33860,19,0.00075
2017,34060,19,-0.010845
2017,34580,19,0.031183
2017,34620,19,0.005969
2017,34740,19,0.002909
2017,34940,19,-0.01688
2017,35300,19,-0.003305
2017,35660,19,-0.003067
2017,35840,19,-0.001554
2017,35980,19,0.004966
2017,36100,19,0.007148
2017,36220,19,-0.068751
2017,36420,19,0.000918
2017,36500,19,0.036994
2017,36540,19,0.006957
2017,36740,19,-0.000764
2017,36780,19,0.004628
2017,36980,19,-0.001239
2017,37100,19,-0.013166
2017,37340,19,0.008325
2017,37860,19,0.006413
2017,38060,19,-0.023112
2017,38300,19,-0.006143
2017,38340,19,-0.006516
2017,38860,19,0.005265
2017,38900,19,0.018145
2017,38940,19,0.010567
2017,39300,19,0.00548
2017,39340,19,0.014112
2017,39380,19,0.013568
2017,39460,19,0.014053
2017,39540,19,0.01099
2017,39580,19,0.014245
2017,39740,19,0.001327
2017,39820,19,-0.018143
2017,39900,19,-0.011915
2017,40140,19,-0.019866
2017,40420,19,0.009753
2017,40660,19,0.000437
2017,40900,19,-0.011986
2017,40980,19,-0.000475
2017,41060,19,0.005509
2017,41100,19,0.007246
2017,41140,19,-1.4e-05
2017,41420,19,0.03466
2017,41500,19,-0.009996
2017,41700,19,0.012999
2017,41740,19,-0.008259
2017,41940,19,-0.0217
2017,42020,19,-0.007295
2017,42100,19,-0.011217
2017,42140,19,0.01461
2017,42220,19,-0.02244
2017,42340,19,0.003183
2017,42540,19,-0.002339
2017,42680,19,0.013731
2017,43100,19,0.009076
2017,43620,19,0.006813
2017,43780,19,0.009546
2017,44100,19,-0.008375
2017,44180,19,0.002539
2017,44220,19,-0.005703
2017,44300,19,0.005508
2017,44700,19,-0.022973
2017,45060,19,-0.002795
2017,45220,19,0.000774
2017,45820,19,-0.003221
2017,45940,19,0.004724
2017,46060,19,0.000584
2017,46140,19,-0.001366
2017,46340,19,0.010621
2017,46540,19,0.001612
2017,46660,19,-0.006688
2017,46700,19,-0.022021
2017,47220,19,0.001034
2017,47300,19,-0.013561
2017,47940,19,-0.015727
2017,48300,19,0.017585
2017,48540,19,-0.020842
2017,48660,19,0.006204
2017,48700,19,-0.014563
2017,49020,19,-0.010209
2017,49420,19,0.015936
2017,49620,19,0.00844
2017,49660,19,-0.002274
2017,49740,19,0.000484
2018,10180,0,-0.009096
2018,10420,0,0.000143
2018,10580,0,0.00215
2018,10740,0,-1.7e-05
2018,10780,0,-0.011117
2018,10900,0,0.010436
2018,11020,0,-0.006054
2018,11260,0,-0.016273
2018,11460,0,-0.000551
2018,11500,0,-0.004857
2018,11540,0,0.011141
2018,11700,0,-0.002303
2018,12020,0,0.01526
2018,12100,0,-0.005817
2018,12220,0,0.012521
2018,12420,0,-0.004604
2018,12540,0,-0.010624
2018,12580,0,-0.012296
2018,12620,0,0.001424
2018,12700,0,-0.002209
2018,12980,0,0.000604
2018,13020,0,0.004543
2018,13380,0,0.031959
2018,13460,0,3.1e-05
2018,13780,0,-0.00208
2018,14260,0,0.007896
2018,14500,0,-0.017584
2018,14740,0,0.015371
2018,14860,0,-0.006867
2018,15180,0,0.007541
2018,15260,0,0.003297
2018,15380,0,0.001472
2018,15500,0,0.016302
2018,15540,0,-0.006425
2018,15940,0,-0.007452
2018,15980,0,-0.008425
2018,16020,0,-0.013073
2018,16180,0,-0.011589
2018,16220,0,-0.047423
2018,16300,0,0.009057
2018,16700,0,-0.002207
2018,16860,0,0.005699
2018,16940,0,-0.011624
2018,17020,0,0.008443
2018,17420,0,0.00739
2018,17660,0,0.019095
2018,17780,0,-0.008524
2018,17820,0,0.016909
2018,17900,0,0.00316
2018,18020,0,-0.00673
2018,18700,0,0.018887
2018,19340,0,-0.009996
2018,19460,0,0.004344
2018,19500,0,-0.010764
2018,19740,0,-0.011464
2018,20020,0,-0.007431
2018,20100,0,-0.005839
2018,20220,0,-0.002704
2018,20740,0,0.003378
2018,20940,0,-0.005419
2018,21140,0,0.000749
2018,21300,0,-0.003979
2018,21500,0,-0.015746
2018,21660,0,0.016854
2018,21820,0,-0.011202
2018,22020,0,-0.015675
2018,22140,0,-0.02216
2018,22380,0,-0.011517
2018,22420,0,-0.006689
2018,22500,0,-0.007754
2018,22520,0,-0.007054
2018,22540,0,0.008351
2018,22660,0,-0.00437
2018,23420,0,0.000446
2018,23460,0,-0.00595
2018,23580,0,0.000305
2018,24020,0,0.007394
2018,24220,0,-0.026694
2018,24300,0,0.005891
2018,24500,0,-0.002836
2018,24540,0,0.021142
2018,24580,0,0.011758
2018,24660,0,0.001017
2018,25420,0,0.006232
2018,25500,0,-0.001425
2018,25540,0,-0.002668
2018,25860,0,0.006934
2018,25980,0,0.019981
2018,26300,0,0.014466
2018,26380,0,-0.021501
2018,26620,0,0.005311
2018,26980,0,0.004224
2018,27060,0,-0.003036
2018,27100,0,0.005886
2018,27260,0,0.002625
2018,27340,0,0.00956
2018,27500,0,0.011171
2018,27740,0,0.000266
2018,27780,0,-0.008484
2018,27860,0,0.007794
2018,27900,0,0.006092
2018,28100,0,-0.007189
2018,28420,0,0.032864
2018,28660,0,0.016835
2018,28700,0,-0.005986
2018,28740,0,0.013852
2018,29100,0,-0.00098
2018,29340,0,-0.010288
2018,29420,0,-0.002292
2018,29460,0,0.017214
2018,29540,0,0.008061
2018,29700,0,-0.002618
2018,29740,0,0.007743
2018,29820,0,-0.004477
2018,29940,0,0.000761
2018,30140,0,0.015222
2018,30300,0,0.004352
2018,30340,0,0.007089
2018,30460,0,0.006711
2018,30620,0,-0.003799
2018,30700,0,0.010393
2018,30780,0,0.005023
2018,30860,0,0.021704
2018,31020,0,0.026198
2018,31420,0,-0.005155
2018,31700,0,0.003989
2018,31860,0,0.011017
2018,32580,0,0.006813
2018,32780,0,0.002704
2018,32900,0,-0.001209
2018,33140,0,-0.00939
2018,33340,0,-0.002447
2018,33540,0,0.001012
2018,33700,0,-0.011749
2018,33780,0,-0.001681
2018,33860,0,-0.005593
2018,34060,0,-0.017796
2018,34580,0,0.023394
2018,34620,0,-0.005363
2018,34740,0,0.005165
2018,34940,0,-0.026378
2018,35300,0,-0.001842
2018,35660,0,-0.000293
2018,35840,0,-0.014836
2018,35980,0,0.006087
2018,36100,0,0.013948
2018,36220,0,-0.037525
2018,36420,0,-0.003232
2018,36500,0,0.031745
2018,36540,0,0.009146
2018,36740,0,-0.001522
2018,36780,0,0.011911
2018,36980,0,-0.00645
2018,37100,0,-0.011413
2018,37340,0,0.005572
2018,37860,0,0.006332
2018,38060,0,-0.008524
2018,38300,0,-0.01026
2018,38340,0,-0.009783
2018,38860,0,0.005848
2018,38900,0,-0.010596
2018,38940,0,-1.7e-05
2018,39300,0,0.004568
2018,39340,0,0.010105
2018,39380,0,0.018948
2018,39460,0,0.001326
2018,39540,0,0.009838
2018,39580,0,0.009124
2018,39740,0,0.010281
2018,39820,0,-0.002294
2018,39900,0,-0.016737
2018,40140,0,-0.006975
2018,40420,0,0.005429
2018,40660,0,0.012671
2018,40900,0,-0.002357
2018,40980,0,-0.00239
2018,41060,0,0.011154
2018,41100,0,0.024857
2018,41140,0,-0.009605
2018,41420,0,0.021415
2018,41500,0,-0.014308
2018,41700,0,0.01048
2018,41740,0,-0.008837
2018,41940,0,-0.029754
2018,42020,0,-0.013558
2018,42100,0,-0.016528
2018,42140,0,0.003508
2018,42220,0,-0.022333
2018,42340,0,-0.006313
2018,42540,0,0.004054
2018,42680,0,0.010598
2018,43100,0,0.00806
2018,43620,0,0.006633
2018,43780,0,0.000331
2018,44100,0,-0.019465
2018,44180,0,0.011529
2018,44220,0,0.000543
2018,44300,0,-0.005689
2018,44700,0,-0.005371
2018,45060,0,-0.002143
2018,45220,0,0.005701
2018,45820,0,0.004106
2018,45940,0,-0.000637
2018,46060,0,0.007631
2018,46140,0,-0.002458
2018,46340,0,0.008354
2018,46540,0,-0.002864
2018,46660,0,-0.004964
2018,46700,0,-0.011713
2018,47220,0,-0.002495
2018,47300,0,-0.004922
2018,47940,0,-0.009583
2018,48300,0,0.007855
2018,48540,0,-0.025742
2018,48660,0,0.009541
2018,48700,0,-0.020548
2018,49020,0,0.003025
2018,49420,0,0.013495
2018,49620,0,0.009033
2018,49660,0,-0.006424
2018,49740,0,-8.6e-05
2018,10180,1,-0.009796
2018,10420,1,0.000971
2018,10580,1,0.00285
2018,10740,1,-0.009271
2018,10780,1,-0.015546
2018,10900,1,0.010801
2018,11020,1,-0.007034
2018,11260,1,-0.028934
2018,11460,1,0.006853
2018,11500,1,-0.006774
2018,11540,1,0.010479
2018,11700,1,-0.001092
2018,12020,1,0.01472
2018,12100,1,-0.005569
2018,12220,1,0.014865
2018,12420,1,0.007426
2018,12540,1,-0.01176
2018,12580,1,-0.019107
2018,12620,1,0.000521
2018,12700,1,-0.000345
2018,12980,1,0.00096
2018,13020,1,0.004019
2018,13380,1,0.026884
2018,13460,1,0.012444
2018,13780,1,-0.005353
2018,14260,1,0.017494
2018,14500,1,-0.01188
2018,14740,1,0.011138
2018,14860,1,-0.007871
2018,15180,1,0.004836
2018,15260,1,0.002348
2018,15380,1,0.007026
2018,15500,1,0.013703
2018,15540,1,-0.007067
2018,15940,1,-0.006136
2018,15980,1,0.004614
2018,16020,1,-0.018666
2018,16180,1,0.000177
2018,16220,1,-0.061481
2018,16300,1,0.006436
2018,16700,1,0.002632
2018,16860,1,0.002695
2018,16940,1,-0.017306
2018,17020,1,0.006431
2018,17420,1,0.009002
2018,17660,1,0.022637
2018,17780,1,-0.001331
2018,17820,1,0.01777
2018,17900,1,-0.001392
2018,18020,1,-0.008008
2018,18700,1,0.010684
2018,19340,1,-0.013358
2018,19460,1,0.003582
2018,19500,1,-0.016195
2018,19740,1,-0.002282
2018,20020,1,-0.009831
2018,20100,1,-0.009525
2018,20220,1,-0.005549
2018,20740,1,0.004894
2018,20940,1,-0.002909
2018,21140,1,0.002438
2018,21300,1,-0.006811
2018,21500,1,-0.015749
2018,21660,1,0.011333
2018,21820,1,-0.027752
2018,22020,1,-0.008608
2018,22140,1,-0.036768
2018,22380,1,-0.012515
2018,22420,1,0.004441
2018,22500,1,-0.015956
2018,22520,1,-0.007195
2018,22540,1,0.0054
2018,22660,1,0.003763
2018,23420,1,0.001178
2018,23460,1,-0.008919
2018,23580,1,0.007573
2018,24020,1,0.005744
2018,24220,1,-0.024803
2018,24300,1,0.00091
2018,24500,1,-0.009877
2018,24540,1,0.031496
2018,24580,1,0.01222
2018,24660,1,-0.003256
2018,25420,1,0.006954
2018,25500,1,-0.008647
2018,25540,1,-0.005067
2018,25860,1,-0.000307
2018,25980,1,0.011425
2018,26300,1,0.009013
2018,26380,1,-0.027206
2018,26620,1,0.006109
2018,26980,1,0.007279
2018,27060,1,-0.001192
2018,27100,1,0.011091
2018,27260,1,0.00821
2018,27340,1,-0.003248
2018,27500,1,0.012807
2018,27740,1,-0.002117
2018,27780,1,-0.009789
2018,27860,1,0.008548
2018,27900,1,0.00188
2018,28100,1,-0.012858
2018,28420,1,0.026807
2018,28660,1,0.016271
2018,28700,1,-0.016017
2018,28740,1,0.01447
2018,29100,1,-0.001946
2018,29340,1,-0.007989
2018,29420,1,0.000754
2018,29460,1,0.024459
2018,29540,1,0.007806
2018,29700,1,-0.001039
2018,29740,1,-0.003685
2018,29820,1,0.010275
2018,29940,1,0.00467
2018,30140,1,0.014241
2018,30300,1,-0.006815
2018,30340,1,0.00709
2018,30460,1,0.010625
2018,30620,1,-0.00705
2018,30700,1,0.015381
2018,30780,1,0.00188
2018,30860,1,0.014513
2018,31020,1,0.022545
2018,31420,1,-0.012718
2018,31700,1,0.008598
2018,31860,1,0.011869
2018,32580,1,0.007233
2018,32780,1,0.003361
2018,32900,1,0.01024
2018,33140,1,-0.010328
2018,33340,1,-0.002394
2018,33540,1,-0.00266
2018,33700,1,-0.002159
2018,33780,1,0.003685
2018,33860,1,-0.006885
2018,34060,1,-0.027221
2018,34580,1,0.019657
2018,34620,1,-0.008067
2018,34740,1,0.010591
2018,34940,1,-0.012218
2018,35300,1,-0.004406
2018,35660,1,-0.000668
2018,35840,1,6e-06
2018,35980,1,0.004064
2018,36100,1,0.017584
2018,36220,1,-0.042524
2018,36420,1,-0.002873
2018,36500,1,0.027635
2018,36540,1,0.011341
2018,36740,1,0.009493
2018,36780,1,0.01097
2018,36980,1,-0.003108
2018,37100,1,-0.012886
2018,37340,1,0.017437
2018,37860,1,0.008017
2018,38060,1,-0.000929
2018,38300,1,-0.00644
2018,38340,1,-0.014361
2018,38860,1,0.009414
2018,38900,1,-0.007929
2018,38940,1,0.014148
2018,39300,1,0.008784
2018,39340,1,0.013425
2018,39380,1,0.016204
2018,39460,1,0.012321
2018,39540,1,0.008721
2018,39580,1,0.011221
2018,39740,1,0.009915
2018,39820,1,-0.005359
2018,39900,1,0.001089
2018,40140,1,-0.002934
2018,40420,1,0.001219
2018,40660,1,0.010168
2018,40900,1,0.003622
2018,40980,1,-0.000791
2018,41060,1,0.009774
2018,41100,1,0.027793
2018,41140,1,-0.014457
2018,41420,1,0.019116
2018,41500,1,-0.007859
2018,41700,1,0.013494
2018,41740,1,-0.008228
2018,41940,1,-0.027583
2018,42020,1,-0.01449
2018,42100,1,-0.015841
2018,42140,1,-0.005372
2018,42220,1,-0.017452
2018,42340,1,-0.007904
2018,42540,1,0.002234
2018,42680,1,0.021327
2018,43100,1,0.005111
2018,43620,1,0.013604
2018,43780,1,-0.000536
2018,44100,1,-0.023273
2018,44180,1,0.011586
2018,44220,1,-0.001456
2018,44300,1,-0.005161
2018,44700,1,0.005561
2018,45060,1,-0.001194
2018,45220,1,0.002749
2018,45820,1,0.001541
2018,45940,1,0.000325
2018,46060,1,0.005023
2018,46140,1,-0.002875
2018,46340,1,0.006976
2018,46540,1,-0.003106
2018,46660,1,-0.014071
2018,46700,1,-0.001051
2018,47220,1,-0.004249
2018,47300,1,-0.004323
2018,47940,1,-0.013959
2018,48300,1,0.001168
2018,48540,1,-0.028402
2018,48660,1,0.004842
2018,48700,1,-0.020387
2018,49020,1,0.004203
2018,49420,1,0.003498
2018,49620,1,0.008321
2018,49660,1,-0.006522
2018,49740,1,-0.00404
2018,10180,2,-0.008646
2018,10420,2,-0.000775
2018,10580,2,0.003294
2018,10740,2,0.003581
2018,10780,2,-0.008759
2018,10900,2,0.0093
2018,11020,2,-0.005807
2018,11260,2,-0.009257
2018,11460,2,-0.004209
2018,11500,2,-0.004634
2018,11540,2,0.012466
2018,11700,2,-0.001653
2018,12020,2,0.013719
2018,12100,2,-0.005028
2018,12220,2,0.011225
2018,12420,2,-0.008092
2018,12540,2,-0.012745
2018,12580,2,-0.008759
2018,12620,2,0.001617
2018,12700,2,-0.002792
2018,12980,2,-0.00053
2018,13020,2,0.004114
2018,13380,2,0.03778
2018,13460,2,-0.002126
2018,13780,2,-0.000497
2018,14260,2,0.007788
2018,14500,2,-0.019124
2018,14740,2,0.018262
2018,14860,2,-0.007306
2018,15180,2,0.007943
2018,15260,2,0.000919
2018,15380,2,0.001292
2018,15500,2,0.017008
2018,15540,2,-0.004349
2018,15940,2,-0.007506
2018,15980,2,-0.012564
2018,16020,2,-0.013636
2018,16180,2,-0.019787
2018,16220,2,-0.044544
2018,16300,2,0.009972
2018,16700,2,-0.002227
2018,16860,2,0.00893
2018,16940,2,-0.007583
2018,17020,2,0.010001
2018,17420,2,0.007585
2018,17660,2,0.020303
2018,17780,2,-0.009959
2018,17820,2,0.01815
2018,17900,2,0.005534
2018,18020,2,-0.004013
2018,18700,2,0.023855
2018,19340,2,-0.007835
2018,19460,2,0.005053
2018,19500,2,-0.008814
2018,19740,2,-0.013633
2018,20020,2,-0.007323
2018,20100,2,-0.004284
2018,20220,2,-0.001607
2018,20740,2,0.004973
2018,20940,2,-0.00835
2018,21140,2,0.000622
2018,21300,2,-0.002759
2018,21500,2,-0.017591
2018,21660,2,0.021041
2018,21820,2,-0.002675
2018,22020,2,-0.018086
2018,22140,2,-0.018579
2018,22380,2,-0.010504
2018,22420,2,-0.011374
2018,22500,2,-0.004479
2018,22520,2,-0.006676
2018,22540,2,0.009928
2018,22660,2,-0.005108
2018,23420,2,0.000616
2018,23460,2,-0.005807
2018,23580,2,-0.003889
2018,24020,2,0.009844
2018,24220,2,-0.028573
2018,24300,2,0.007796
2018,24500,2,0.002511
2018,24540,2,0.016841
2018,24580,2,0.012291
2018,24660,2,0.003246
2018,25420,2,0.006355
2018,25500,2,0.002825
2018,25540,2,-0.001413
2018,25860,2,0.008691
2018,25980,2,0.024644
2018,26300,2,0.016194
2018,26380,2,-0.019404
2018,26620,2,0.005549
2018,26980,2,0.00525
2018,27060,2,-0.003535
2018,27100,2,0.003082
2018,27260,2,0.000752
2018,27340,2,0.012669
2018,27500,2,0.011327
2018,27740,2,0.001235
2018,27780,2,-0.008549
2018,27860,2,0.009065
2018,27900,2,0.006509
2018,28100,2,-0.006673
2018,28420,2,0.037899
2018,28660,2,0.016947
2018,28700,2,-0.002945
2018,28740,2,0.013915
2018,29100,2,0.000812
2018,29340,2,-0.010854
2018,29420,2,-0.002271
2018,29460,2,0.014078
2018,29540,2,0.007499
2018,29700,2,-0.003638
2018,29740,2,0.011046
2018,29820,2,-0.01507
2018,29940,2,0.00165
2018,30140,2,0.015748
2018,30300,2,0.008385
2018,30340,2,0.006965
2018,30460,2,0.006164
2018,30620,2,-0.00324
2018,30700,2,0.01061
2018,30780,2,0.006561
2018,30860,2,0.023852
2018,31020,2,0.027355
2018,31420,2,-0.003649
2018,31700,2,0.001957
2018,31860,2,0.011068
2018,32580,2,0.006495
2018,32780,2,0.00328
2018,32900,2,-0.009491
2018,33140,2,-0.009095
2018,33340,2,-0.001384
2018,33540,2,0.005163
2018,33700,2,-0.021276
2018,33780,2,-0.005019
2018,33860,2,-0.006054
2018,34060,2,-0.014336
2018,34580,2,0.025663
2018,34620,2,-0.004924
2018,34740,2,0.002921
2018,34940,2,-0.034164
2018,35300,2,-0.001417
2018,35660,2,-0.000552
2018,35840,2,-0.020531
2018,35980,2,0.006357
2018,36100,2,0.011982
2018,36220,2,-0.038471
2018,36420,2,-0.002166
2018,36500,2,0.035695
2018,36540,2,0.008929
2018,36740,2,-0.005082
2018,36780,2,0.013532
2018,36980,2,-0.007079
2018,37100,2,-0.011685
2018,37340,2,0.000373
2018,37860,2,0.007243
2018,38060,2,-0.012827
2018,38300,2,-0.010738
2018,38340,2,-0.008744
2018,38860,2,0.005602
2018,38900,2,-0.009336
2018,38940,2,-0.007965
2018,39300,2,0.002764
2018,39340,2,0.010998
2018,39380,2,0.01889
2018,39460,2,-0.003758
2018,39540,2,0.009571
2018,39580,2,0.010496
2018,39740,2,0.009645
2018,39820,2,-0.001211
2018,39900,2,-0.026709
2018,40140,2,-0.011313
2018,40420,2,0.00588
2018,40660,2,0.013614
2018,40900,2,-0.005572
2018,40980,2,-0.003788
2018,41060,2,0.009474
2018,41100,2,0.024667
2018,41140,2,-0.011627
2018,41420,2,0.023032
2018,41500,2,-0.019037
2018,41700,2,0.009168
2018,41740,2,-0.008151
2018,41940,2,-0.0315
2018,42020,2,-0.01289
2018,42100,2,-0.016751
2018,42140,2,0.004861
2018,42220,2,-0.025789
2018,42340,2,-0.006109
2018,42540,2,0.00471
2018,42680,2,0.006538
2018,43100,2,0.009072
2018,43620,2,0.007289
2018,43780,2,0.000501
2018,44100,2,-0.017683
2018,44180,2,0.011608
2018,44220,2,0.000489
2018,44300,2,-0.006534
2018,44700,2,-0.014248
2018,45060,2,-0.001264
2018,45220,2,0.00558
2018,45820,2,0.004899
2018,45940,2,-0.00257
2018,46060,2,0.008101
2018,46140,2,-0.001741
2018,46340,2,0.008664
2018,46540,2,-0.0027
2018,46660,2,-0.002662
2018,46700,2,-0.020601
2018,47220,2,-0.00177
2018,47300,2,-0.00493
2018,47940,2,-0.008321
2018,48300,2,0.013646
2018,48540,2,-0.023578
2018,48660,2,0.009511
2018,48700,2,-0.021966
2018,49020,2,0.00361
2018,49420,2,0.020265
2018,49620,2,0.00812
2018,49660,2,-0.006238
2018,49740,2,0.000969
2018,10180,3,-0.006814
2018,10420,3,-0.000598
2018,10580,3,0.003515
2018,10740,3,-7.5e-05
2018,10780,3,-0.011172
2018,10900,3,0.008787
2018,11020,3,-0.00788
2018,11260,3,-0.013961
2018,11460,3,-0.002096
2018,11500,3,-0.004347
2018,11540,3,0.011277
2018,11700,3,0.001934
2018,12020,3,0.012963
2018,12100,3,-0.005219
2018,12220,3,0.011564
2018,12420,3,-0.003668
2018,12540,3,-0.010699
2018,12580,3,-0.01048
2018,12620,3,0.00161
2018,12700,3,-0.003204
2018,12980,3,-0.001631
2018,13020,3,0.002322
2018,13380,3,0.03318
2018,13460,3,-0.001363
2018,13780,3,-0.000299
2018,14260,3,0.006306
2018,14500,3,-0.013399
2018,14740,3,0.019492
2018,14860,3,-0.008202
2018,15180,3,0.006642
2018,15260,3,0.005783
2018,15380,3,0.002216
2018,15500,3,0.010348
2018,15540,3,-0.005112
2018,15940,3,-0.007136
2018,15980,3,-0.012138
2018,16020,3,-0.013754
2018,16180,3,-0.009241
2018,16220,3,-0.038338
2018,16300,3,0.007221
2018,16700,3,0.000652
2018,16860,3,0.006485
2018,16940,3,-0.010145
2018,17020,3,0.006223
2018,17420,3,0.00714
2018,17660,3,0.018718
2018,17780,3,-0.00641
2018,17820,3,0.015268
2018,17900,3,0.002806
2018,18020,3,-0.004038
2018,18700,3,0.016663
2018,19340,3,-0.008987
2018,19460,3,0.007364
2018,19500,3,-0.008376
2018,19740,3,-0.010106
2018,20020,3,-0.007699
2018,20100,3,-0.006874
2018,20220,3,-0.003035
2018,20740,3,0.005579
2018,20940,3,-0.009547
2018,21140,3,0.001414
2018,21300,3,-0.004408
2018,21500,3,-0.017258
2018,21660,3,0.016047
2018,21820,3,-0.008456
2018,22020,3,-0.012968
2018,22140,3,-0.021089
2018,22380,3,-0.006704
2018,22420,3,-0.006792
2018,22500,3,-0.009743
2018,22520,3,-0.007297
2018,22540,3,0.009378
2018,22660,3,-0.003384
2018,23420,3,-0.000636
2018,23460,3,-0.006555
2018,23580,3,0.002168
2018,24020,3,0.011421
2018,24220,3,-0.020768
2018,24300,3,0.006312
2018,24500,3,-0.000198
2018,24540,3,0.015118
2018,24580,3,0.011063
2018,24660,3,-0.000922
2018,25420,3,0.005003
2018,25500,3,-8.2e-05
2018,25540,3,-0.00298
2018,25860,3,0.004192
2018,25980,3,0.024025
2018,26300,3,0.01536
2018,26380,3,-0.017615
2018,26620,3,0.003977
2018,26980,3,0.003302
2018,27060,3,-0.00066
2018,27100,3,0.00287
2018,27260,3,0.003557
2018,27340,3,0.009058
2018,27500,3,0.012315
2018,27740,3,0.000943
2018,27780,3,-0.008362
2018,27860,3,0.004648
2018,27900,3,0.005385
2018,28100,3,-0.005441
2018,28420,3,0.028635
2018,28660,3,0.013289
2018,28700,3,-0.007858
2018,28740,3,0.016161
2018,29100,3,0.000908
2018,29340,3,-0.008814
2018,29420,3,-0.003478
2018,29460,3,0.015595
2018,29540,3,0.005892
2018,29700,3,-0.002724
2018,29740,3,0.005218
2018,29820,3,-0.004417
2018,29940,3,0.00145
2018,30140,3,0.014373
2018,30300,3,0.004641
2018,30340,3,0.007458
2018,30460,3,0.006895
2018,30620,3,-0.003898
2018,30700,3,0.011732
2018,30780,3,0.002382
2018,30860,3,0.020064
2018,31020,3,0.02469
2018,31420,3,-0.008026
2018,31700,3,0.00359
2018,31860,3,0.009555
2018,32580,3,0.004504
2018,32780,3,0.002171
2018,32900,3,-0.006777
2018,33140,3,-0.00865
2018,33340,3,0.000736
2018,33540,3,0.001774
2018,33700,3,-0.014171
2018,33780,3,-0.005966
2018,33860,3,-0.005613
2018,34060,3,-0.016218
2018,34580,3,0.024324
2018,34620,3,-0.008158
2018,34740,3,0.004328
2018,34940,3,-0.026195
2018,35300,3,-0.002638
2018,35660,3,0.000313
2018,35840,3,-0.014942
2018,35980,3,0.00658
2018,36100,3,0.014146
2018,36220,3,-0.026653
2018,36420,3,-0.00336
2018,36500,3,0.031433
2018,36540,3,0.009151
2018,36740,3,0.000179
2018,36780,3,0.012871
2018,36980,3,-0.006494
2018,37100,3,-0.01003
2018,37340,3,0.005138
2018,37860,3,0.00741
2018,38060,3,-0.008129
2018,38300,3,-0.010744
2018,38340,3,-0.009167
2018,38860,3,0.00673
2018,38900,3,-0.00706
2018,38940,3,0.000308
2018,39300,3,0.005214
2018,39340,3,0.008701
2018,39380,3,0.017983
2018,39460,3,-0.000622
2018,39540,3,0.010073
2018,39580,3,0.008102
2018,39740,3,0.009
2018,39820,3,-0.004306
2018,39900,3,-0.014445
2018,40140,3,-0.005967
2018,40420,3,0.007458
2018,40660,3,0.009549
2018,40900,3,-0.002874
2018,40980,3,-0.005931
2018,41060,3,0.008845
2018,41100,3,0.015352
2018,41140,3,-0.012395
2018,41420,3,0.022029
2018,41500,3,-0.015254
2018,41700,3,0.010108
2018,41740,3,-0.008176
2018,41940,3,-0.027034
2018,42020,3,-0.013748
2018,42100,3,-0.016388
2018,42140,3,0.002067
2018,42220,3,-0.020131
2018,42340,3,-0.003225
2018,42540,3,0.002061
2018,42680,3,0.010578
2018,43100,3,0.009012
2018,43620,3,0.007138
2018,43780,3,0.000156
2018,44100,3,-0.017031
2018,44180,3,0.01109
2018,44220,3,-0.001985
2018,44300,3,-0.006068
2018,44700,3,-0.007221
2018,45060,3,-0.001722
2018,45220,3,0.006686
2018,45820,3,0.004653
2018,45940,3,-0.002803
2018,46060,3,0.006816
2018,46140,3,-0.002432
2018,46340,3,0.007267
2018,46540,3,-0.003043
2018,46660,3,-0.00702
2018,46700,3,-0.01195
2018,47220,3,0.000211
2018,47300,3,-0.004708
2018,47940,3,-0.009742
2018,48300,3,0.012954
2018,48540,3,-0.018464
2018,48660,3,0.004623
2018,48700,3,-0.01819
2018,49020,3,0.000263
2018,49420,3,0.015212
2018,49620,3,0.007761
2018,49660,3,-0.006452
2018,49740,3,-0.001483
2018,10180,4,-0.007738
2018,10420,4,-0.001195
2018,10580,4,0.003082
2018,10740,4,0.00022
2018,10780,4,-0.011165
2018,10900,4,0.009649
2018,11020,4,-0.006586
2018,11260,4,-0.013622
2018,11460,4,-0.001407
2018,11500,4,-0.005554
2018,11540,4,0.012716
2018,11700,4,0.0017
2018,12020,4,0.01414
2018,12100,4,-0.007413
2018,12220,4,0.012759
2018,12420,4,-0.003139
2018,12540,4,-0.012131
2018,12580,4,-0.010369
2018,12620,4,0.000792
2018,12700,4,-0.002499
2018,12980,4,-0.001011
2018,13020,4,0.001534
2018,13380,4,0.036449
2018,13460,4,-0.000452
2018,13780,4,-0.000378
2018,14260,4,0.007425
2018,14500,4,-0.014958
2018,14740,4,0.021098
2018,14860,4,-0.008555
2018,15180,4,0.006359
2018,15260,4,0.004691
2018,15380,4,0.001665
2018,15500,4,0.011304
2018,15540,4,-0.004167
2018,15940,4,-0.008057
2018,15980,4,-0.011604
2018,16020,4,-0.013805
2018,16180,4,-0.014337
2018,16220,4,-0.040245
2018,16300,4,0.008043
2018,16700,4,0.001856
2018,16860,4,0.007119
2018,16940,4,-0.009218
2018,17020,4,0.006438
2018,17420,4,0.007654
2018,17660,4,0.020802
2018,17780,4,-0.006608
2018,17820,4,0.016828
2018,17900,4,0.003661
2018,18020,4,-0.002795
2018,18700,4,0.020693
2018,19340,4,-0.008567
2018,19460,4,0.006283
2018,19500,4,-0.01018
2018,19740,4,-0.01075
2018,20020,4,-0.007776
2018,20100,4,-0.00703
2018,20220,4,-0.002418
2018,20740,4,0.006211
2018,20940,4,-0.010093
2018,21140,4,0.001993
2018,21300,4,-0.003498
2018,21500,4,-0.017996
2018,21660,4,0.018841
2018,21820,4,-0.005399
2018,22020,4,-0.01376
2018,22140,4,-0.021969
2018,22380,4,-0.007125
2018,22420,4,-0.009986
2018,22500,4,-0.009227
2018,22520,4,-0.007562
2018,22540,4,0.009625
2018,22660,4,-0.003147
2018,23420,4,-0.000614
2018,23460,4,-0.007128
2018,23580,4,0.000207
2018,24020,4,0.011303
2018,24220,4,-0.02269
2018,24300,4,0.006764
2018,24500,4,-0.001866
2018,24540,4,0.016819
2018,24580,4,0.012203
2018,24660,4,-0.000439
2018,25420,4,0.005461
2018,25500,4,0.001565
2018,25540,4,-0.003226
2018,25860,4,0.005479
2018,25980,4,0.023555
2018,26300,4,0.015437
2018,26380,4,-0.019072
2018,26620,4,0.004527
2018,26980,4,0.003714
2018,27060,4,-0.0005
2018,27100,4,0.003737
2018,27260,4,0.003849
2018,27340,4,0.010395
2018,27500,4,0.012412
2018,27740,4,0.002174
2018,27780,4,-0.009691
2018,27860,4,0.00525
2018,27900,4,0.005072
2018,28100,4,-0.005873
2018,28420,4,0.03305
2018,28660,4,0.014132
2018,28700,4,-0.006025
2018,28740,4,0.01496
2018,29100,4,0.001733
2018,29340,4,-0.009882
2018,29420,4,-0.004456
2018,29460,4,0.016661
2018,29540,4,0.008244
2018,29700,4,-0.00395
2018,29740,4,0.005718
2018,29820,4,-0.007311
2018,29940,4,0.001014
2018,30140,4,0.016025
2018,30300,4,0.006802
2018,30340,4,0.008312
2018,30460,4,0.007524
2018,30620,4,-0.003576
2018,30700,4,0.011554
2018,30780,4,0.002808
2018,30860,4,0.023702
2018,31020,4,0.026637
2018,31420,4,-0.007824
2018,31700,4,0.00333
2018,31860,4,0.010189
2018,32580,4,0.004523
2018,32780,4,0.002826
2018,32900,4,-0.009085
2018,33140,4,-0.010017
2018,33340,4,0.000103
2018,33540,4,0.003171
2018,33700,4,-0.016579
2018,33780,4,-0.006257
2018,33860,4,-0.006772
2018,34060,4,-0.014765
2018,34580,4,0.026111
2018,34620,4,-0.006668
2018,34740,4,0.005121
2018,34940,4,-0.028758
2018,35300,4,-0.002984
2018,35660,4,0.000318
2018,35840,4,-0.016121
2018,35980,4,0.006011
2018,36100,4,0.013862
2018,36220,4,-0.028175
2018,36420,4,-0.002935
2018,36500,4,0.033937
2018,36540,4,0.009603
2018,36740,4,0.000246
2018,36780,4,0.013242
2018,36980,4,-0.006269
2018,37100,4,-0.01161
2018,37340,4,0.00497
2018,37860,4,0.007808
2018,38060,4,-0.009209
2018,38300,4,-0.011057
2018,38340,4,-0.00912
2018,38860,4,0.007327
2018,38900,4,-0.006804
2018,38940,4,-0.000949
2018,39300,4,0.004639
2018,39340,4,0.010582
2018,39380,4,0.018579
2018,39460,4,-0.000332
2018,39540,4,0.010048
2018,39580,4,0.010439
2018,39740,4,0.010274
2018,39820,4,-0.005004
2018,39900,4,-0.019077
2018,40140,4,-0.007786
2018,40420,4,0.006735
2018,40660,4,0.009618
2018,40900,4,-0.004129
2018,40980,4,-0.006752
2018,41060,4,0.010308
2018,41100,4,0.018863
2018,41140,4,-0.012442
2018,41420,4,0.024622
2018,41500,4,-0.018086
2018,41700,4,0.011338
2018,41740,4,-0.008571
2018,41940,4,-0.028954
2018,42020,4,-0.014283
2018,42100,4,-0.017078
2018,42140,4,0.002176
2018,42220,4,-0.022419
2018,42340,4,-0.003066
2018,42540,4,0.002147
2018,42680,4,0.010986
2018,43100,4,0.01017
2018,43620,4,0.007428
2018,43780,4,0.000952
2018,44100,4,-0.01778
2018,44180,4,0.011328
2018,44220,4,-0.001661
2018,44300,4,-0.004456
2018,44700,4,-0.009843
2018,45060,4,-0.002111
2018,45220,4,0.006416
2018,45820,4,0.00391
2018,45940,4,-0.003559
2018,46060,4,0.006884
2018,46140,4,-0.002595
2018,46340,4,0.007949
2018,46540,4,-0.003422
2018,46660,4,-0.007048
2018,46700,4,-0.015314
2018,47220,4,-0.000966
2018,47300,4,-0.005893
2018,47940,4,-0.009706
2018,48300,4,0.014797
2018,48540,4,-0.023856
2018,48660,4,0.005392
2018,48700,4,-0.020841
2018,49020,4,-0.000231
2018,49420,4,0.01664
2018,49620,4,0.009371
2018,49660,4,-0.007627
2018,49740,4,-0.002005
2018,10180,5,-0.009032
2018,10420,5,0.001378
2018,10580,5,0.002295
2018,10740,5,-0.010182
2018,10780,5,-0.017074
2018,10900,5,0.01172
2018,11020,5,-0.008609
2018,11260,5,-0.028484
2018,11460,5,0.009109
2018,11500,5,-0.006773
2018,11540,5,0.0102
2018,11700,5,-0.000924
2018,12020,5,0.016676
2018,12100,5,-0.007876
2018,12220,5,0.015823
2018,12420,5,0.008981
2018,12540,5,-0.009252
2018,12580,5,-0.019245
2018,12620,5,-0.000389
2018,12700,5,-0.001177
2018,12980,5,0.001063
2018,13020,5,0.002199
2018,13380,5,0.023169
2018,13460,5,0.011201
2018,13780,5,-0.006113
2018,14260,5,0.012538
2018,14500,5,-0.009338
2018,14740,5,0.012886
2018,14860,5,-0.006049
2018,15180,5,0.00347
2018,15260,5,0.004924
2018,15380,5,0.004775
2018,15500,5,0.010886
2018,15540,5,-0.007322
2018,15940,5,-0.006201
2018,15980,5,0.008036
2018,16020,5,-0.016037
2018,16180,5,0.00119
2018,16220,5,-0.05402
2018,16300,5,0.006358
2018,16700,5,0.003725
2018,16860,5,0.000252
2018,16940,5,-0.017231
2018,17020,5,0.0034
2018,17420,5,0.00821
2018,17660,5,0.018777
2018,17780,5,-5.8e-05
2018,17820,5,0.015478
2018,17900,5,-0.001807
2018,18020,5,-0.005692
2018,18700,5,0.008147
2018,19340,5,-0.012682
2018,19460,5,0.002815
2018,19500,5,-0.015139
2018,19740,5,-0.001822
2018,20020,5,-0.009122
2018,20100,5,-0.010646
2018,20220,5,-0.006354
2018,20740,5,0.003569
2018,20940,5,-0.003303
2018,21140,5,0.00417
2018,21300,5,-0.008412
2018,21500,5,-0.014101
2018,21660,5,0.009333
2018,21820,5,-0.02561
2018,22020,5,-0.005532
2018,22140,5,-0.034317
2018,22380,5,-0.010594
2018,22420,5,0.00381
2018,22500,5,-0.01779
2018,22520,5,-0.008924
2018,22540,5,0.005206
2018,22660,5,0.003013
2018,23420,5,-0.000326
2018,23460,5,-0.008635
2018,23580,5,0.01016
2018,24020,5,0.003848
2018,24220,5,-0.020293
2018,24300,5,0.000284
2018,24500,5,-0.013502
2018,24540,5,0.032207
2018,24580,5,0.011516
2018,24660,5,-0.004697
2018,25420,5,0.007513
2018,25500,5,-0.008987
2018,25540,5,-0.00522
2018,25860,5,-0.001282
2018,25980,5,0.004933
2018,26300,5,0.008088
2018,26380,5,-0.024967
2018,26620,5,0.005097
2018,26980,5,0.00459
2018,27060,5,0.000146
2018,27100,5,0.008461
2018,27260,5,0.008975
2018,27340,5,-0.00502
2018,27500,5,0.012103
2018,27740,5,-0.001323
2018,27780,5,-0.010705
2018,27860,5,0.005139
2018,27900,5,0.00356
2018,28100,5,-0.010901
2018,28420,5,0.021324
2018,28660,5,0.013953
2018,28700,5,-0.01748
2018,28740,5,0.013843
2018,29100,5,-0.002259
2018,29340,5,-0.008067
2018,29420,5,-0.002146
2018,29460,5,0.025196
2018,29540,5,0.008659
2018,29700,5,-0.001458
2018,29740,5,-0.005736
2018,29820,5,0.015776
2018,29940,5,0.002221
2018,30140,5,0.015219
2018,30300,5,-0.007378
2018,30340,5,0.006567
2018,30460,5,0.010722
2018,30620,5,-0.007097
2018,30700,5,0.013366
2018,30780,5,-0.000854
2018,30860,5,0.016307
2018,31020,5,0.021596
2018,31420,5,-0.014065
2018,31700,5,0.008898
2018,31860,5,0.010351
2018,32580,5,0.006464
2018,32780,5,0.002758
2018,32900,5,0.010052
2018,33140,5,-0.010699
2018,33340,5,-0.001869
2018,33540,5,-0.004567
2018,33700,5,0.002954
2018,33780,5,0.002864
2018,33860,5,-0.005816
2018,34060,5,-0.024083
2018,34580,5,0.018316
2018,34620,5,-0.008852
2018,34740,5,0.010573
2018,34940,5,-0.006505
2018,35300,5,-0.003716
2018,35660,5,-0.001352
2018,35840,5,0.00253
2018,35980,5,0.003565
2018,36100,5,0.017725
2018,36220,5,-0.032974
2018,36420,5,-0.002614
2018,36500,5,0.02281
2018,36540,5,0.01092
2018,36740,5,0.011216
2018,36780,5,0.009535
2018,36980,5,-0.002908
2018,37100,5,-0.011796
2018,37340,5,0.018583
2018,37860,5,0.005827
2018,38060,5,0.002145
2018,38300,5,-0.00722
2018,38340,5,-0.013862
2018,38860,5,0.008736
2018,38900,5,-0.007362
2018,38940,5,0.019054
2018,39300,5,0.009134
2018,39340,5,0.012569
2018,39380,5,0.016524
2018,39460,5,0.016657
2018,39540,5,0.009068
2018,39580,5,0.00985
2018,39740,5,0.010129
2018,39820,5,-0.008132
2018,39900,5,0.004365
2018,40140,5,0.000204
2018,40420,5,0.002544
2018,40660,5,0.006952
2018,40900,5,0.004357
2018,40980,5,-0.002712
2018,41060,5,0.011538
2018,41100,5,0.023493
2018,41140,5,-0.012051
2018,41420,5,0.01929
2018,41500,5,-0.005374
2018,41700,5,0.015278
2018,41740,5,-0.008386
2018,41940,5,-0.023772
2018,42020,5,-0.013981
2018,42100,5,-0.014596
2018,42140,5,-0.004392
2018,42220,5,-0.015281
2018,42340,5,-0.004363
2018,42540,5,0.001073
2018,42680,5,0.022577
2018,43100,5,0.005742
2018,43620,5,0.009186
2018,43780,5,0.000618
2018,44100,5,-0.020944
2018,44180,5,0.010814
2018,44220,5,-0.002941
2018,44300,5,-0.001455
2018,44700,5,0.009864
2018,45060,5,-0.002416
2018,45220,5,0.002476
2018,45820,5,0.00048
2018,45940,5,0.00173
2018,46060,5,0.003671
2018,46140,5,-0.002704
2018,46340,5,0.008266
2018,46540,5,-0.003612
2018,46660,5,-0.014293
2018,46700,5,0.003898
2018,47220,5,-0.004581
2018,47300,5,-0.00577
2018,47940,5,-0.013795
2018,48300,5,0.00071
2018,48540,5,-0.026442
2018,48660,5,0.000471
2018,48700,5,-0.017318
2018,49020,5,0.00029
2018,49420,5,0.000605
2018,49620,5,0.009732
2018,49660,5,-0.007635
2018,49740,5,-0.005131
2018,10180,6,-0.008002
2018,10420,6,-0.000677
2018,10580,6,0.00339
2018,10740,6,0.001516
2018,10780,6,-0.010239
2018,10900,6,0.009145
2018,11020,6,-0.006599
2018,11260,6,-0.011029
2018,11460,6,-0.002791
2018,11500,6,-0.004879
2018,11540,6,0.011872
2018,11700,6,4.3e-05
2018,12020,6,0.013294
2018,12100,6,-0.005223
2018,12220,6,0.011859
2018,12420,6,-0.004629
2018,12540,6,-0.010937
2018,12580,6,-0.009459
2018,12620,6,0.001428
2018,12700,6,-0.003129
2018,12980,6,-0.000997
2018,13020,6,0.002686
2018,13380,6,0.034678
2018,13460,6,-0.000365
2018,13780,6,-0.000673
2018,14260,6,0.006841
2018,14500,6,-0.016315
2018,14740,6,0.018537
2018,14860,6,-0.007106
2018,15180,6,0.00658
2018,15260,6,0.003409
2018,15380,6,0.001072
2018,15500,6,0.013636
2018,15540,6,-0.004222
2018,15940,6,-0.007382
2018,15980,6,-0.01138
2018,16020,6,-0.013185
2018,16180,6,-0.015227
2018,16220,6,-0.039854
2018,16300,6,0.008326
2018,16700,6,-0.00019
2018,16860,6,0.006945
2018,16940,6,-0.008621
2018,17020,6,0.007628
2018,17420,6,0.00709
2018,17660,6,0.019423
2018,17780,6,-0.007214
2018,17820,6,0.016236
2018,17900,6,0.004263
2018,18020,6,-0.003307
2018,18700,6,0.02019
2018,19340,6,-0.007841
2018,19460,6,0.005165
2018,19500,6,-0.008517
2018,19740,6,-0.011772
2018,20020,6,-0.007184
2018,20100,6,-0.004826
2018,20220,6,-0.002411
2018,20740,6,0.005324
2018,20940,6,-0.008737
2018,21140,6,0.001217
2018,21300,6,-0.003585
2018,21500,6,-0.016682
2018,21660,6,0.018334
2018,21820,6,-0.005266
2018,22020,6,-0.013945
2018,22140,6,-0.019119
2018,22380,6,-0.008621
2018,22420,6,-0.010008
2018,22500,6,-0.007226
2018,22520,6,-0.007
2018,22540,6,0.009634
2018,22660,6,-0.00404
2018,23420,6,-0.000231
2018,23460,6,-0.00612
2018,23580,6,-0.000764
2018,24020,6,0.009881
2018,24220,6,-0.023814
2018,24300,6,0.006865
2018,24500,6,-2e-05
2018,24540,6,0.016336
2018,24580,6,0.011669
2018,24660,6,0.000902
2018,25420,6,0.005977
2018,25500,6,0.001682
2018,25540,6,-0.002064
2018,25860,6,0.005986
2018,25980,6,0.022473
2018,26300,6,0.014594
2018,26380,6,-0.018287
2018,26620,6,0.005342
2018,26980,6,0.0046
2018,27060,6,-0.001919
2018,27100,6,0.002554
2018,27260,6,0.002508
2018,27340,6,0.011185
2018,27500,6,0.011217
2018,27740,6,0.001087
2018,27780,6,-0.008689
2018,27860,6,0.006661
2018,27900,6,0.005635
2018,28100,6,-0.005501
2018,28420,6,0.032855
2018,28660,6,0.014803
2018,28700,6,-0.005209
2018,28740,6,0.013881
2018,29100,6,0.001045
2018,29340,6,-0.00939
2018,29420,6,-0.003751
2018,29460,6,0.014914
2018,29540,6,0.007129
2018,29700,6,-0.002998
2018,29740,6,0.0081
2018,29820,6,-0.009081
2018,29940,6,0.00174
2018,30140,6,0.015129
2018,30300,6,0.006358
2018,30340,6,0.006973
2018,30460,6,0.006576
2018,30620,6,-0.003421
2018,30700,6,0.010423
2018,30780,6,0.004066
2018,30860,6,0.021754
2018,31020,6,0.025507
2018,31420,6,-0.006022
2018,31700,6,0.002573
2018,31860,6,0.009658
2018,32580,6,0.00549
2018,32780,6,0.002687
2018,32900,6,-0.008368
2018,33140,6,-0.008691
2018,33340,6,-0.000382
2018,33540,6,0.003663
2018,33700,6,-0.016997
2018,33780,6,-0.005449
2018,33860,6,-0.005707
2018,34060,6,-0.014512
2018,34580,6,0.024395
2018,34620,6,-0.006036
2018,34740,6,0.003257
2018,34940,6,-0.028291
2018,35300,6,-0.001854
2018,35660,6,-0.000198
2018,35840,6,-0.01664
2018,35980,6,0.005963
2018,36100,6,0.012434
2018,36220,6,-0.030648
2018,36420,6,-0.002657
2018,36500,6,0.033082
2018,36540,6,0.008585
2018,36740,6,-0.001853
2018,36780,6,0.012718
2018,36980,6,-0.006678
2018,37100,6,-0.010807
2018,37340,6,0.002298
2018,37860,6,0.006779
2018,38060,6,-0.009769
2018,38300,6,-0.010813
2018,38340,6,-0.00856
2018,38860,6,0.005995
2018,38900,6,-0.007679
2018,38940,6,-0.003868
2018,39300,6,0.003553
2018,39340,6,0.010262
2018,39380,6,0.017333
2018,39460,6,-0.001737
2018,39540,6,0.009696
2018,39580,6,0.009933
2018,39740,6,0.00932
2018,39820,6,-0.003113
2018,39900,6,-0.020157
2018,40140,6,-0.008173
2018,40420,6,0.006373
2018,40660,6,0.01064
2018,40900,6,-0.004249
2018,40980,6,-0.00503
2018,41060,6,0.008939
2018,41100,6,0.020785
2018,41140,6,-0.011336
2018,41420,6,0.022122
2018,41500,6,-0.01723
2018,41700,6,0.009768
2018,41740,6,-0.008129
2018,41940,6,-0.028142
2018,42020,6,-0.013108
2018,42100,6,-0.016414
2018,42140,6,0.003284
2018,42220,6,-0.022772
2018,42340,6,-0.004102
2018,42540,6,0.003229
2018,42680,6,0.008084
2018,43100,6,0.008908
2018,43620,6,0.007247
2018,43780,6,0.000681
2018,44100,6,-0.016591
2018,44180,6,0.010721
2018,44220,6,-0.000645
2018,44300,6,-0.005335
2018,44700,6,-0.010306
2018,45060,6,-0.001861
2018,45220,6,0.005725
2018,45820,6,0.003879
2018,45940,6,-0.002162
2018,46060,6,0.006796
2018,46140,6,-0.002373
2018,46340,6,0.007645
2018,46540,6,-0.002915
2018,46660,6,-0.004211
2018,46700,6,-0.015826
2018,47220,6,-0.001303
2018,47300,6,-0.005024
2018,47940,6,-0.008918
2018,48300,6,0.01299
2018,48540,6,-0.022271
2018,48660,6,0.006434
2018,48700,6,-0.019557
2018,49020,6,0.001831
2018,49420,6,0.016574
2018,49620,6,0.008226
2018,49660,6,-0.006601
2018,49740,6,-0.000294
2018,10180,7,-0.007695
2018,10420,7,-0.000953
2018,10580,7,0.003073
2018,10740,7,-0.000322
2018,10780,7,-0.011634
2018,10900,7,0.009635
2018,11020,7,-0.007307
2018,11260,7,-0.015536
2018,11460,7,-0.001343
2018,11500,7,-0.005132
2018,11540,7,0.012374
2018,11700,7,0.00186
2018,12020,7,0.014187
2018,12100,7,-0.006872
2018,12220,7,0.012709
2018,12420,7,-0.003681
2018,12540,7,-0.012382
2018,12580,7,-0.011497
2018,12620,7,0.000865
2018,12700,7,-0.002494
2018,12980,7,-0.000997
2018,13020,7,0.002278
2018,13380,7,0.035903
2018,13460,7,-0.0014
2018,13780,7,-0.000387
2018,14260,7,0.007296
2018,14500,7,-0.014003
2018,14740,7,0.021354
2018,14860,7,-0.008958
2018,15180,7,0.007058
2018,15260,7,0.005618
2018,15380,7,0.002393
2018,15500,7,0.010914
2018,15540,7,-0.005341
2018,15940,7,-0.007826
2018,15980,7,-0.011906
2018,16020,7,-0.014467
2018,16180,7,-0.011509
2018,16220,7,-0.041824
2018,16300,7,0.007907
2018,16700,7,0.001467
2018,16860,7,0.007134
2018,16940,7,-0.010274
2018,17020,7,0.00643
2018,17420,7,0.007827
2018,17660,7,0.020439
2018,17780,7,-0.006586
2018,17820,7,0.017224
2018,17900,7,0.003267
2018,18020,7,-0.003882
2018,18700,7,0.018851
2018,19340,7,-0.009794
2018,19460,7,0.007545
2018,19500,7,-0.010298
2018,19740,7,-0.010121
2018,20020,7,-0.00823
2018,20100,7,-0.00802
2018,20220,7,-0.002904
2018,20740,7,0.005985
2018,20940,7,-0.010084
2018,21140,7,0.001796
2018,21300,7,-0.003967
2018,21500,7,-0.018324
2018,21660,7,0.017768
2018,21820,7,-0.007374
2018,22020,7,-0.014426
2018,22140,7,-0.023419
2018,22380,7,-0.00706
2018,22420,7,-0.007704
2018,22500,7,-0.010194
2018,22520,7,-0.007942
2018,22540,7,0.009645
2018,22660,7,-0.002659
2018,23420,7,-0.000472
2018,23460,7,-0.007401
2018,23580,7,0.00163
2018,24020,7,0.011892
2018,24220,7,-0.023169
2018,24300,7,0.006478
2018,24500,7,-0.0017
2018,24540,7,0.017055
2018,24580,7,0.012108
2018,24660,7,-0.000693
2018,25420,7,0.005206
2018,25500,7,0.000187
2018,25540,7,-0.003543
2018,25860,7,0.005078
2018,25980,7,0.024664
2018,26300,7,0.016238
2018,26380,7,-0.019538
2018,26620,7,0.004033
2018,26980,7,0.003381
2018,27060,7,-0.000707
2018,27100,7,0.004363
2018,27260,7,0.004075
2018,27340,7,0.00934
2018,27500,7,0.012998
2018,27740,7,0.001666
2018,27780,7,-0.009214
2018,27860,7,0.005416
2018,27900,7,0.005223
2018,28100,7,-0.006435
2018,28420,7,0.032077
2018,28660,7,0.0143
2018,28700,7,-0.007717
2018,28740,7,0.016639
2018,29100,7,0.000974
2018,29340,7,-0.009986
2018,29420,7,-0.003762
2018,29460,7,0.016887
2018,29540,7,0.007416
2018,29700,7,-0.003473
2018,29740,7,0.005044
2018,29820,7,-0.005286
2018,29940,7,0.001485
2018,30140,7,0.015748
2018,30300,7,0.005322
2018,30340,7,0.0085
2018,30460,7,0.007822
2018,30620,7,-0.00389
2018,30700,7,0.012662
2018,30780,7,0.002689
2018,30860,7,0.022949
2018,31020,7,0.026601
2018,31420,7,-0.008206
2018,31700,7,0.004112
2018,31860,7,0.010536
2018,32580,7,0.004738
2018,32780,7,0.002687
2018,32900,7,-0.007346
2018,33140,7,-0.010294
2018,33340,7,0.000279
2018,33540,7,0.002259
2018,33700,7,-0.015371
2018,33780,7,-0.005923
2018,33860,7,-0.0066
2018,34060,7,-0.016962
2018,34580,7,0.026228
2018,34620,7,-0.007635
2018,34740,7,0.005763
2018,34940,7,-0.028544
2018,35300,7,-0.003256
2018,35660,7,0.000241
2018,35840,7,-0.01567
2018,35980,7,0.006738
2018,36100,7,0.014918
2018,36220,7,-0.029471
2018,36420,7,-0.003231
2018,36500,7,0.033761
2018,36540,7,0.010231
2018,36740,7,0.000629
2018,36780,7,0.013486
2018,36980,7,-0.006265
2018,37100,7,-0.011474
2018,37340,7,0.006274
2018,37860,7,0.008287
2018,38060,7,-0.009006
2018,38300,7,-0.011031
2018,38340,7,-0.009877
2018,38860,7,0.007594
2018,38900,7,-0.007409
2018,38940,7,0.000787
2018,39300,7,0.005692
2018,39340,7,0.009782
2018,39380,7,0.019874
2018,39460,7,0.000231
2018,39540,7,0.010257
2018,39580,7,0.009592
2018,39740,7,0.010132
2018,39820,7,-0.005173
2018,39900,7,-0.016757
2018,40140,7,-0.00722
2018,40420,7,0.007498
2018,40660,7,0.010126
2018,40900,7,-0.003283
2018,40980,7,-0.006368
2018,41060,7,0.010429
2018,41100,7,0.016973
2018,41140,7,-0.013071
2018,41420,7,0.024496
2018,41500,7,-0.016682
2018,41700,7,0.011142
2018,41740,7,-0.008605
2018,41940,7,-0.029558
2018,42020,7,-0.014692
2018,42100,7,-0.017295
2018,42140,7,0.001951
2018,42220,7,-0.021665
2018,42340,7,-0.003436
2018,42540,7,0.002002
2018,42680,7,0.012414
2018,43100,7,0.010015
2018,43620,7,0.007665
2018,43780,7,0.000415
2018,44100,7,-0.018859
2018,44180,7,0.011879
2018,44220,7,-0.001946
2018,44300,7,-0.0056
2018,44700,7,-0.008191
2018,45060,7,-0.001792
2018,45220,7,0.006779
2018,45820,7,0.004703
2018,45940,7,-0.003502
2018,46060,7,0.007322
2018,46140,7,-0.002225
2018,46340,7,0.007968
2018,46540,7,-0.003609
2018,46660,7,-0.008301
2018,46700,7,-0.013578
2018,47220,7,-2.7e-05
2018,47300,7,-0.005612
2018,47940,7,-0.010416
2018,48300,7,0.014076
2018,48540,7,-0.022382
2018,48660,7,0.005286
2018,48700,7,-0.020785
2018,49020,7,-0.000512
2018,49420,7,0.01654
2018,49620,7,0.009057
2018,49660,7,-0.007302
2018,49740,7,-0.002186
2018,10180,8,-0.008726
2018,10420,8,-0.000765
2018,10580,8,0.000771
2018,10740,8,-0.001823
2018,10780,8,-0.012231
2018,10900,8,0.011946
2018,11020,8,-0.004689
2018,11260,8,-0.019557
2018,11460,8,0.002859
2018,11500,8,-0.00644
2018,11540,8,0.012585
2018,11700,8,-0.000541
2018,12020,8,0.017798
2018,12100,8,-0.011291
2018,12220,8,0.014261
2018,12420,8,-0.001531
2018,12540,8,-0.011431
2018,12580,8,-0.012871
2018,12620,8,0.000147
2018,12700,8,-0.00082
2018,12980,8,0.001297
2018,13020,8,0.001824
2018,13380,8,0.033724
2018,13460,8,0.000287
2018,13780,8,-0.001979
2018,14260,8,0.007971
2018,14500,8,-0.016856
2018,14740,8,0.018319
2018,14860,8,-0.008394
2018,15180,8,0.006384
2018,15260,8,0.004809
2018,15380,8,0.000845
2018,15500,8,0.013189
2018,15540,8,-0.005487
2018,15940,8,-0.009078
2018,15980,8,-0.007456
2018,16020,8,-0.01193
2018,16180,8,-0.012473
2018,16220,8,-0.04603
2018,16300,8,0.009045
2018,16700,8,0.000973
2018,16860,8,0.005036
2018,16940,8,-0.012081
2018,17020,8,0.006115
2018,17420,8,0.007894
2018,17660,8,0.020759
2018,17780,8,-0.008379
2018,17820,8,0.016749
2018,17900,8,0.002172
2018,18020,8,-0.005395
2018,18700,8,0.02175
2018,19340,8,-0.009957
2018,19460,8,0.003996
2018,19500,8,-0.013937
2018,19740,8,-0.01084
2018,20020,8,-0.007462
2018,20100,8,-0.00871
2018,20220,8,-0.001918
2018,20740,8,0.003985
2018,20940,8,-0.006364
2018,21140,8,0.002342
2018,21300,8,-0.003233
2018,21500,8,-0.016613
2018,21660,8,0.018347
2018,21820,8,-0.009908
2018,22020,8,-0.014848
2018,22140,8,-0.024714
2018,22380,8,-0.009596
2018,22420,8,-0.009235
2018,22500,8,-0.009794
2018,22520,8,-0.007547
2018,22540,8,0.007648
2018,22660,8,-0.004486
2018,23420,8,-0.000481
2018,23460,8,-0.006834
2018,23580,8,0.0004
2018,24020,8,0.007622
2018,24220,8,-0.023839
2018,24300,8,0.00586
2018,24500,8,-0.00787
2018,24540,8,0.022779
2018,24580,8,0.012485
2018,24660,8,-0.001086
2018,25420,8,0.005597
2018,25500,8,-0.000607
2018,25540,8,-0.004473
2018,25860,8,0.00733
2018,25980,8,0.018513
2018,26300,8,0.014782
2018,26380,8,-0.022527
2018,26620,8,0.004149
2018,26980,8,0.00203
2018,27060,8,-0.000377
2018,27100,8,0.007916
2018,27260,8,0.004482
2018,27340,8,0.009543
2018,27500,8,0.012048
2018,27740,8,0.002986
2018,27780,8,-0.010804
2018,27860,8,0.00449
2018,27900,8,0.005524
2018,28100,8,-0.006823
2018,28420,8,0.033349
2018,28660,8,0.015607
2018,28700,8,-0.00453
2018,28740,8,0.012865
2018,29100,8,0.000548
2018,29340,8,-0.011389
2018,29420,8,-0.004582
2018,29460,8,0.020539
2018,29540,8,0.011845
2018,29700,8,-0.005059
2018,29740,8,0.00454
2018,29820,8,-0.001872
2018,29940,8,-0.002713
2018,30140,8,0.017193
2018,30300,8,0.007258
2018,30340,8,0.009166
2018,30460,8,0.00756
2018,30620,8,-0.003441
2018,30700,8,0.009773
2018,30780,8,0.002997
2018,30860,8,0.026724
2018,31020,8,0.0283
2018,31420,8,-0.00703
2018,31700,8,0.004504
2018,31860,8,0.01162
2018,32580,8,0.00496
2018,32780,8,0.002918
2018,32900,8,-0.002328
2018,33140,8,-0.011441
2018,33340,8,-0.002692
2018,33540,8,-5.4e-05
2018,33700,8,-0.009587
2018,33780,8,-0.00231
2018,33860,8,-0.007367
2018,34060,8,-0.014883
2018,34580,8,0.025491
2018,34620,8,-0.004575
2018,34740,8,0.008074
2018,34940,8,-0.026166
2018,35300,8,-0.00318
2018,35660,8,0.000819
2018,35840,8,-0.014127
2018,35980,8,0.005097
2018,36100,8,0.01529
2018,36220,8,-0.03127
2018,36420,8,-0.003629
2018,36500,8,0.031731
2018,36540,8,0.009865
2018,36740,8,0.001435
2018,36780,8,0.011699
2018,36980,8,-0.005732
2018,37100,8,-0.012786
2018,37340,8,0.009436
2018,37860,8,0.006655
2018,38060,8,-0.006957
2018,38300,8,-0.010714
2018,38340,8,-0.009553
2018,38860,8,0.007329
2018,38900,8,-0.009418
2018,38940,8,0.004505
2018,39300,8,0.005131
2018,39340,8,0.011099
2018,39380,8,0.019868
2018,39460,8,0.004306
2018,39540,8,0.010266
2018,39580,8,0.010191
2018,39740,8,0.012639
2018,39820,8,-0.00522
2018,39900,8,-0.016725
2018,40140,8,-0.005948
2018,40420,8,0.004904
2018,40660,8,0.010409
2018,40900,8,-0.002718
2018,40980,8,-0.005253
2018,41060,8,0.014817
2018,41100,8,0.024676
2018,41140,8,-0.00874
2018,41420,8,0.025613
2018,41500,8,-0.016354
2018,41700,8,0.013923
2018,41740,8,-0.009915
2018,41940,8,-0.029961
2018,42020,8,-0.014945
2018,42100,8,-0.017018
2018,42140,8,0.0027
2018,42220,8,-0.02201
2018,42340,8,-0.00409
2018,42540,8,0.002528
2018,42680,8,0.014172
2018,43100,8,0.010399
2018,43620,8,0.004827
2018,43780,8,0.00172
2018,44100,8,-0.020359
2018,44180,8,0.011862
2018,44220,8,-0.00039
2018,44300,8,-0.001848
2018,44700,8,-0.004407
2018,45060,8,-0.003519
2018,45220,8,0.006668
2018,45820,8,0.003057
2018,45940,8,-0.002412
2018,46060,8,0.007421
2018,46140,8,-0.003499
2018,46340,8,0.009334
2018,46540,8,-0.003418
2018,46660,8,-0.007906
2018,46700,8,-0.01088
2018,47220,8,-0.003749
2018,47300,8,-0.007019
2018,47940,8,-0.009663
2018,48300,8,0.009954
2018,48540,8,-0.031475
2018,48660,8,0.008948
2018,48700,8,-0.022463
2018,49020,8,-0.000514
2018,49420,8,0.012068
2018,49620,8,0.012142
2018,49660,8,-0.00875
2018,49740,8,-0.002739
2018,10180,9,-0.008441
2018,10420,9,-0.000595
2018,10580,9,0.002991
2018,10740,9,-5.2e-05
2018,10780,9,-0.011385
2018,10900,9,0.009922
2018,11020,9,-0.006534
2018,11260,9,-0.013849
2018,11460,9,-0.000926
2018,11500,9,-0.00552
2018,11540,9,0.012124
2018,11700,9,-9e-06
2018,12020,9,0.014381
2018,12100,9,-0.006494
2018,12220,9,0.012927
2018,12420,9,-0.00271
2018,12540,9,-0.011061
2018,12580,9,-0.010964
2018,12620,9,0.000971
2018,12700,9,-0.002668
2018,12980,9,-0.000505
2018,13020,9,0.002366
2018,13380,9,0.034221
2018,13460,9,0.001108
2018,13780,9,-0.001362
2018,14260,9,0.007684
2018,14500,9,-0.015941
2018,14740,9,0.01854
2018,14860,9,-0.007273
2018,15180,9,0.00621
2018,15260,9,0.003823
2018,15380,9,0.001288
2018,15500,9,0.013397
2018,15540,9,-0.004581
2018,15940,9,-0.007691
2018,15980,9,-0.00916
2018,16020,9,-0.013502
2018,16180,9,-0.014023
2018,16220,9,-0.042302
2018,16300,9,0.008292
2018,16700,9,0.000679
2018,16860,9,0.006123
2018,16940,9,-0.009867
2018,17020,9,0.007004
2018,17420,9,0.007406
2018,17660,9,0.020049
2018,17780,9,-0.006484
2018,17820,9,0.016578
2018,17900,9,0.003588
2018,18020,9,-0.003557
2018,18700,9,0.019771
2018,19340,9,-0.008605
2018,19460,9,0.004733
2018,19500,9,-0.010104
2018,19740,9,-0.01083
2018,20020,9,-0.007507
2018,20100,9,-0.005891
2018,20220,9,-0.002763
2018,20740,9,0.005234
2018,20940,9,-0.008231
2018,21140,9,0.001741
2018,21300,9,-0.003965
2018,21500,9,-0.016687
2018,21660,9,0.017925
2018,21820,9,-0.007485
2018,22020,9,-0.013194
2018,22140,9,-0.021614
2018,22380,9,-0.008953
2018,22420,9,-0.009152
2018,22500,9,-0.00877
2018,22520,9,-0.007432
2018,22540,9,0.009184
2018,22660,9,-0.003281
2018,23420,9,-0.000332
2018,23460,9,-0.006665
2018,23580,9,0.000363
2018,24020,9,0.009213
2018,24220,9,-0.023792
2018,24300,9,0.006215
2018,24500,9,-0.002645
2018,24540,9,0.018954
2018,24580,9,0.012042
2018,24660,9,5.8e-05
2018,25420,9,0.006202
2018,25500,9,0.000602
2018,25540,9,-0.002742
2018,25860,9,0.005468
2018,25980,9,0.020494
2018,26300,9,0.014054
2018,26380,9,-0.019792
2018,26620,9,0.005376
2018,26980,9,0.004447
2018,27060,9,-0.001469
2018,27100,9,0.003828
2018,27260,9,0.003576
2018,27340,9,0.00978
2018,27500,9,0.011527
2018,27740,9,0.001218
2018,27780,9,-0.009419
2018,27860,9,0.00634
2018,27900,9,0.005332
2018,28100,9,-0.006195
2018,28420,9,0.032602
2018,28660,9,0.014984
2018,28700,9,-0.006318
2018,28740,9,0.013785
2018,29100,9,0.000811
2018,29340,9,-0.009637
2018,29420,9,-0.004051
2018,29460,9,0.016881
2018,29540,9,0.008185
2018,29700,9,-0.0032
2018,29740,9,0.006397
2018,29820,9,-0.006028
2018,29940,9,0.001392
2018,30140,9,0.015758
2018,30300,9,0.005338
2018,30340,9,0.007405
2018,30460,9,0.00732
2018,30620,9,-0.00377
2018,30700,9,0.010763
2018,30780,9,0.003405
2018,30860,9,0.02242
2018,31020,9,0.025917
2018,31420,9,-0.007132
2018,31700,9,0.003431
2018,31860,9,0.010013
2018,32580,9,0.005546
2018,32780,9,0.002804
2018,32900,9,-0.006378
2018,33140,9,-0.009501
2018,33340,9,-0.00079
2018,33540,9,0.002668
2018,33700,9,-0.014602
2018,33780,9,-0.004498
2018,33860,9,-0.006127
2018,34060,9,-0.015552
2018,34580,9,0.024456
2018,34620,9,-0.006074
2018,34740,9,0.004644
2018,34940,9,-0.026293
2018,35300,9,-0.002305
2018,35660,9,-0.00019
2018,35840,9,-0.014627
2018,35980,9,0.005627
2018,36100,9,0.013379
2018,36220,9,-0.030983
2018,36420,9,-0.002779
2018,36500,9,0.032678
2018,36540,9,0.009109
2018,36740,9,-1e-06
2018,36780,9,0.012474
2018,36980,9,-0.00625
2018,37100,9,-0.011455
2018,37340,9,0.004709
2018,37860,9,0.006813
2018,38060,9,-0.008426
2018,38300,9,-0.010692
2018,38340,9,-0.009273
2018,38860,9,0.006608
2018,38900,9,-0.007765
2018,38940,9,-0.000778
2018,39300,9,0.004279
2018,39340,9,0.010933
2018,39380,9,0.017739
2018,39460,9,0.000786
2018,39540,9,0.009828
2018,39580,9,0.010463
2018,39740,9,0.010036
2018,39820,9,-0.004146
2018,39900,9,-0.017914
2018,40140,9,-0.007301
2018,40420,9,0.005911
2018,40660,9,0.010164
2018,40900,9,-0.003421
2018,40980,9,-0.005123
2018,41060,9,0.010075
2018,41100,9,0.021931
2018,41140,9,-0.011285
2018,41420,9,0.022844
2018,41500,9,-0.016558
2018,41700,9,0.011048
2018,41740,9,-0.008513
2018,41940,9,-0.028364
2018,42020,9,-0.013696
2018,42100,9,-0.016655
2018,42140,9,0.002409
2018,42220,9,-0.022413
2018,42340,9,-0.003999
2018,42540,9,0.00287
2018,42680,9,0.010398
2018,43100,9,0.009047
2018,43620,9,0.007397
2018,43780,9,0.000914
2018,44100,9,-0.017696
2018,44180,9,0.010944
2018,44220,9,-0.000873
2018,44300,9,-0.004368
2018,44700,9,-0.008001
2018,45060,9,-0.002225
2018,45220,9,0.005555
2018,45820,9,0.003307
2018,45940,9,-0.001921
2018,46060,9,0.006552
2018,46140,9,-0.002626
2018,46340,9,0.007952
2018,46540,9,-0.003187
2018,46660,9,-0.005746
2018,46700,9,-0.013795
2018,47220,9,-0.001991
2018,47300,9,-0.00557
2018,47940,9,-0.009668
2018,48300,9,0.011914
2018,48540,9,-0.024788
2018,48660,9,0.006081
2018,48700,9,-0.020172
2018,49020,9,0.001225
2018,49420,9,0.014736
2018,49620,9,0.009153
2018,49660,9,-0.007233
2018,49740,9,-0.001198
2018,10180,10,-0.008441
2018,10420,10,-0.000595
2018,10580,10,0.002991
2018,10740,10,-5.2e-05
2018,10780,10,-0.011385
2018,10900,10,0.009922
2018,11020,10,-0.006534
2018,11260,10,-0.013849
2018,11460,10,-0.000926
2018,11500,10,-0.00552
2018,11540,10,0.012124
2018,11700,10,-9e-06
2018,12020,10,0.014381
2018,12100,10,-0.006494
2018,12220,10,0.012927
2018,12420,10,-0.00271
2018,12540,10,-0.011061
2018,12580,10,-0.010964
2018,12620,10,0.000971
2018,12700,10,-0.002668
2018,12980,10,-0.000505
2018,13020,10,0.002366
2018,13380,10,0.034221
2018,13460,10,0.001108
2018,13780,10,-0.001362
2018,14260,10,0.007684
2018,14500,10,-0.015941
2018,14740,10,0.01854
2018,14860,10,-0.007273
2018,15180,10,0.00621
2018,15260,10,0.003823
2018,15380,10,0.001288
2018,15500,10,0.013397
2018,15540,10,-0.004581
2018,15940,10,-0.007691
2018,15980,10,-0.00916
2018,16020,10,-0.013502
2018,16180,10,-0.014023
2018,16220,10,-0.042302
2018,16300,10,0.008292
2018,16700,10,0.000679
2018,16860,10,0.006123
2018,16940,10,-0.009867
2018,17020,10,0.007004
2018,17420,10,0.007406
2018,17660,10,0.020049
2018,17780,10,-0.006484
2018,17820,10,0.016578
2018,17900,10,0.003588
2018,18020,10,-0.003557
2018,18700,10,0.019771
2018,19340,10,-0.008605
2018,19460,10,0.004733
2018,19500,10,-0.010104
2018,19740,10,-0.01083
2018,20020,10,-0.007507
2018,20100,10,-0.005891
2018,20220,10,-0.002763
2018,20740,10,0.005234
2018,20940,10,-0.008231
2018,21140,10,0.001741
2018,21300,10,-0.003965
2018,21500,10,-0.016687
2018,21660,10,0.017925
2018,21820,10,-0.007485
2018,22020,10,-0.013194
2018,22140,10,-0.021614
2018,22380,10,-0.008953
2018,22420,10,-0.009152
2018,22500,10,-0.00877
2018,22520,10,-0.007432
2018,22540,10,0.009184
2018,22660,10,-0.003281
2018,23420,10,-0.000332
2018,23460,10,-0.006665
2018,23580,10,0.000363
2018,24020,10,0.009213
2018,24220,10,-0.023792
2018,24300,10,0.006215
2018,24500,10,-0.002645
2018,24540,10,0.018954
2018,24580,10,0.012042
2018,24660,10,5.8e-05
2018,25420,10,0.006202
2018,25500,10,0.000602
2018,25540,10,-0.002742
2018,25860,10,0.005468
2018,25980,10,0.020494
2018,26300,10,0.014054
2018,26380,10,-0.019792
2018,26620,10,0.005376
2018,26980,10,0.004447
2018,27060,10,-0.001469
2018,27100,10,0.003828
2018,27260,10,0.003576
2018,27340,10,0.00978
2018,27500,10,0.011527
2018,27740,10,0.001218
2018,27780,10,-0.009419
2018,27860,10,0.00634
2018,27900,10,0.005332
2018,28100,10,-0.006195
2018,28420,10,0.032602
2018,28660,10,0.014984
2018,28700,10,-0.006318
2018,28740,10,0.013785
2018,29100,10,0.000811
2018,29340,10,-0.009637
2018,29420,10,-0.004051
2018,29460,10,0.016881
2018,29540,10,0.008185
2018,29700,10,-0.0032
2018,29740,10,0.006397
2018,29820,10,-0.006028
2018,29940,10,0.001392
2018,30140,10,0.015758
2018,30300,10,0.005338
2018,30340,10,0.007405
2018,30460,10,0.00732
2018,30620,10,-0.00377
2018,30700,10,0.010763
2018,30780,10,0.003405
2018,30860,10,0.02242
2018,31020,10,0.025917
2018,31420,10,-0.007132
2018,31700,10,0.003431
2018,31860,10,0.010013
2018,32580,10,0.005546
2018,32780,10,0.002804
2018,32900,10,-0.006378
2018,33140,10,-0.009501
2018,33340,10,-0.00079
2018,33540,10,0.002668
2018,33700,10,-0.014602
2018,33780,10,-0.004498
2018,33860,10,-0.006127
2018,34060,10,-0.015552
2018,34580,10,0.024456
2018,34620,10,-0.006074
2018,34740,10,0.004644
2018,34940,10,-0.026293
2018,35300,10,-0.002305
2018,35660,10,-0.00019
2018,35840,10,-0.014627
2018,35980,10,0.005627
2018,36100,10,0.013379
2018,36220,10,-0.030983
2018,36420,10,-0.002779
2018,36500,10,0.032678
2018,36540,10,0.009109
2018,36740,10,-1e-06
2018,36780,10,0.012474
2018,36980,10,-0.00625
2018,37100,10,-0.011455
2018,37340,10,0.004709
2018,37860,10,0.006813
2018,38060,10,-0.008426
2018,38300,10,-0.010692
2018,38340,10,-0.009273
2018,38860,10,0.006608
2018,38900,10,-0.007765
2018,38940,10,-0.000778
2018,39300,10,0.004279
2018,39340,10,0.010933
2018,39380,10,0.017739
2018,39460,10,0.000786
2018,39540,10,0.009828
2018,39580,10,0.010463
2018,39740,10,0.010036
2018,39820,10,-0.004146
2018,39900,10,-0.017914
2018,40140,10,-0.007301
2018,40420,10,0.005911
2018,40660,10,0.010164
2018,40900,10,-0.003421
2018,40980,10,-0.005123
2018,41060,10,0.010075
2018,41100,10,0.021931
2018,41140,10,-0.011285
2018,41420,10,0.022844
2018,41500,10,-0.016558
2018,41700,10,0.011048
2018,41740,10,-0.008513
2018,41940,10,-0.028364
2018,42020,10,-0.013696
2018,42100,10,-0.016655
2018,42140,10,0.002409
2018,42220,10,-0.022413
2018,42340,10,-0.003999
2018,42540,10,0.00287
2018,42680,10,0.010398
2018,43100,10,0.009047
2018,43620,10,0.007397
2018,43780,10,0.000914
2018,44100,10,-0.017696
2018,44180,10,0.010944
2018,44220,10,-0.000873
2018,44300,10,-0.004368
2018,44700,10,-0.008001
2018,45060,10,-0.002225
2018,45220,10,0.005555
2018,45820,10,0.003307
2018,45940,10,-0.001921
2018,46060,10,0.006552
2018,46140,10,-0.002626
2018,46340,10,0.007952
2018,46540,10,-0.003187
2018,46660,10,-0.005746
2018,46700,10,-0.013795
2018,47220,10,-0.001991
2018,47300,10,-0.00557
2018,47940,10,-0.009668
2018,48300,10,0.011914
2018,48540,10,-0.024788
2018,48660,10,0.006081
2018,48700,10,-0.020172
2018,49020,10,0.001225
2018,49420,10,0.014736
2018,49620,10,0.009153
2018,49660,10,-0.007233
2018,49740,10,-0.001198
2018,10180,11,-0.008967
2018,10420,11,-0.000748
2018,10580,11,0.001394
2018,10740,11,-0.002285
2018,10780,11,-0.012837
2018,10900,11,0.011313
2018,11020,11,-0.006012
2018,11260,11,-0.021083
2018,11460,11,0.001813
2018,11500,11,-0.006002
2018,11540,11,0.01251
2018,11700,11,0.000525
2018,12020,11,0.016662
2018,12100,11,-0.009493
2018,12220,11,0.014323
2018,12420,11,-0.002362
2018,12540,11,-0.012785
2018,12580,11,-0.014331
2018,12620,11,-7.3e-05
2018,12700,11,-0.001001
2018,12980,11,0.000862
2018,13020,11,0.002797
2018,13380,11,0.034679
2018,13460,11,-0.000668
2018,13780,11,-0.001532
2018,14260,11,0.008316
2018,14500,11,-0.014564
2018,14740,11,0.020441
2018,14860,11,-0.009238
2018,15180,11,0.00742
2018,15260,11,0.006088
2018,15380,11,0.002355
2018,15500,11,0.012001
2018,15540,11,-0.006825
2018,15940,11,-0.008551
2018,15980,11,-0.008873
2018,16020,11,-0.014063
2018,16180,11,-0.009849
2018,16220,11,-0.047639
2018,16300,11,0.008464
2018,16700,11,0.00152
2018,16860,11,0.005887
2018,16940,11,-0.012571
2018,17020,11,0.006128
2018,17420,11,0.008301
2018,17660,11,0.021106
2018,17780,11,-0.006907
2018,17820,11,0.018409
2018,17900,11,0.002411
2018,18020,11,-0.005813
2018,18700,11,0.019031
2018,19340,11,-0.01172
2018,19460,11,0.006624
2018,19500,11,-0.013745
2018,19740,11,-0.009314
2018,20020,11,-0.008495
2018,20100,11,-0.009881
2018,20220,11,-0.002929
2018,20740,11,0.004807
2018,20940,11,-0.007918
2018,21140,11,0.002053
2018,21300,11,-0.003729
2018,21500,11,-0.017771
2018,21660,11,0.017324
2018,21820,11,-0.010796
2018,22020,11,-0.015441
2018,22140,11,-0.027178
2018,22380,11,-0.008701
2018,22420,11,-0.006272
2018,22500,11,-0.011457
2018,22520,11,-0.00845
2018,22540,11,0.0085
2018,22660,11,-0.002138
2018,23420,11,-0.000177
2018,23460,11,-0.007924
2018,23580,11,0.002489
2018,24020,11,0.009974
2018,24220,11,-0.02524
2018,24300,11,0.005556
2018,24500,11,-0.006614
2018,24540,11,0.021927
2018,24580,11,0.01271
2018,24660,11,-0.001192
2018,25420,11,0.005263
2018,25500,11,-0.001896
2018,25540,11,-0.004761
2018,25860,11,0.005996
2018,25980,11,0.021788
2018,26300,11,0.016022
2018,26380,11,-0.022925
2018,26620,11,0.003834
2018,26980,11,0.002581
2018,27060,11,-0.000845
2018,27100,11,0.008193
2018,27260,11,0.005129
2018,27340,11,0.0082
2018,27500,11,0.013121
2018,27740,11,0.002053
2018,27780,11,-0.009922
2018,27860,11,0.005726
2018,27900,11,0.004993
2018,28100,11,-0.007846
2018,28420,11,0.033243
2018,28660,11,0.015655
2018,28700,11,-0.00793
2018,28740,11,0.016131
2018,29100,11,-0.000229
2018,29340,11,-0.011223
2018,29420,11,-0.003721
2018,29460,11,0.019851
2018,29540,11,0.009875
2018,29700,11,-0.003951
2018,29740,11,0.003628
2018,29820,11,-0.000782
2018,29940,11,0.000162
2018,30140,11,0.016756
2018,30300,11,0.004457
2018,30340,11,0.009562
2018,30460,11,0.008645
2018,30620,11,-0.003915
2018,30700,11,0.012672
2018,30780,11,0.002763
2018,30860,11,0.025203
2018,31020,11,0.027955
2018,31420,11,-0.008095
2018,31700,11,0.005615
2018,31860,11,0.011766
2018,32580,11,0.005311
2018,32780,11,0.002943
2018,32900,11,-0.002278
2018,33140,11,-0.012157
2018,33340,11,-0.001585
2018,33540,11,0.000185
2018,33700,11,-0.010675
2018,33780,11,-0.003086
2018,33860,11,-0.007342
2018,34060,11,-0.018934
2018,34580,11,0.026393
2018,34620,11,-0.00635
2018,34740,11,0.008665
2018,34940,11,-0.026937
2018,35300,11,-0.003923
2018,35660,11,0.000368
2018,35840,11,-0.013631
2018,35980,11,0.006496
2018,36100,11,0.016426
2018,36220,11,-0.033224
2018,36420,11,-0.003667
2018,36500,11,0.033274
2018,36540,11,0.011199
2018,36740,11,0.002292
2018,36780,11,0.012713
2018,36980,11,-0.005575
2018,37100,11,-0.012866
2018,37340,11,0.010266
2018,37860,11,0.008282
2018,38060,11,-0.007685
2018,38300,11,-0.010748
2018,38340,11,-0.010881
2018,38860,11,0.008218
2018,38900,11,-0.009198
2018,38940,11,0.005398
2018,39300,11,0.006804
2018,39340,11,0.010296
2018,39380,11,0.021846
2018,39460,11,0.004017
2018,39540,11,0.010331
2018,39580,11,0.010128
2018,39740,11,0.011896
2018,39820,11,-0.006008
2018,39900,11,-0.014506
2018,40140,11,-0.006318
2018,40420,11,0.006661
2018,40660,11,0.010784
2018,40900,11,-0.001994
2018,40980,11,-0.005291
2018,41060,11,0.013678
2018,41100,11,0.020285
2018,41140,11,-0.011455
2018,41420,11,0.025821
2018,41500,11,-0.015303
2018,41700,11,0.012868
2018,41740,11,-0.00947
2018,41940,11,-0.031314
2018,42020,11,-0.015677
2018,42100,11,-0.017705
2018,42140,11,0.001665
2018,42220,11,-0.021397
2018,42340,11,-0.004322
2018,42540,11,0.001974
2018,42680,11,0.016145
2018,43100,11,0.010319
2018,43620,11,0.00702
2018,43780,11,0.000694
2018,44100,11,-0.021845
2018,44180,11,0.012574
2018,44220,11,-0.001223
2018,44300,11,-0.004293
2018,44700,11,-0.004111
2018,45060,11,-0.002481
2018,45220,11,0.006848
2018,45820,11,0.004273
2018,45940,11,-0.002938
2018,46060,11,0.007824
2018,46140,11,-0.002422
2018,46340,11,0.008744
2018,46540,11,-0.004108
2018,46660,11,-0.010212
2018,46700,11,-0.010387
2018,47220,11,-0.001301
2018,47300,11,-0.006558
2018,47940,11,-0.011246
2018,48300,11,0.010914
2018,48540,11,-0.028793
2018,48660,11,0.007425
2018,48700,11,-0.022929
2018,49020,11,-0.00123
2018,49420,11,0.01377
2018,49620,11,0.011154
2018,49660,11,-0.008193
2018,49740,11,-0.003176
2018,10180,12,-0.006944
2018,10420,12,-0.000696
2018,10580,12,0.00452
2018,10740,12,0.000412
2018,10780,12,-0.011463
2018,10900,12,0.00854
2018,11020,12,-0.009122
2018,11260,12,-0.012724
2018,11460,12,-0.003248
2018,11500,12,-0.004307
2018,11540,12,0.011999
2018,11700,12,0.002509
2018,12020,12,0.012557
2018,12100,12,-0.004272
2018,12220,12,0.011757
2018,12420,12,-0.004301
2018,12540,12,-0.011885
2018,12580,12,-0.010472
2018,12620,12,0.001622
2018,12700,12,-0.003833
2018,12980,12,-0.002358
2018,13020,12,0.002439
2018,13380,12,0.035822
2018,13460,12,-0.001478
2018,13780,12,-4.5e-05
2018,14260,12,0.006636
2018,14500,12,-0.012998
2018,14740,12,0.021638
2018,14860,12,-0.008454
2018,15180,12,0.006948
2018,15260,12,0.005577
2018,15380,12,0.002856
2018,15500,12,0.010381
2018,15540,12,-0.005024
2018,15940,12,-0.00696
2018,15980,12,-0.012797
2018,16020,12,-0.01539
2018,16180,12,-0.010869
2018,16220,12,-0.039337
2018,16300,12,0.00748
2018,16700,12,0.001138
2018,16860,12,0.007634
2018,16940,12,-0.00951
2018,17020,12,0.006654
2018,17420,12,0.007587
2018,17660,12,0.019506
2018,17780,12,-0.005853
2018,17820,12,0.016535
2018,17900,12,0.003582
2018,18020,12,-0.002964
2018,18700,12,0.01698
2018,19340,12,-0.009114
2018,19460,12,0.008478
2018,19500,12,-0.007731
2018,19740,12,-0.010074
2018,20020,12,-0.008363
2018,20100,12,-0.006999
2018,20220,12,-0.00356
2018,20740,12,0.00655
2018,20940,12,-0.011315
2018,21140,12,0.001681
2018,21300,12,-0.004975
2018,21500,12,-0.018638
2018,21660,12,0.017058
2018,21820,12,-0.006944
2018,22020,12,-0.013365
2018,22140,12,-0.02181
2018,22380,12,-0.006303
2018,22420,12,-0.006894
2018,22500,12,-0.010193
2018,22520,12,-0.007994
2018,22540,12,0.010454
2018,22660,12,-0.002481
2018,23420,12,-0.000616
2018,23460,12,-0.007196
2018,23580,12,0.002352
2018,24020,12,0.01299
2018,24220,12,-0.022074
2018,24300,12,0.006669
2018,24500,12,0.00164
2018,24540,12,0.014764
2018,24580,12,0.011648
2018,24660,12,-0.000501
2018,25420,12,0.005505
2018,25500,12,0.000448
2018,25540,12,-0.002659
2018,25860,12,0.003705
2018,25980,12,0.025845
2018,26300,12,0.01625
2018,26380,12,-0.017574
2018,26620,12,0.004248
2018,26980,12,0.004153
2018,27060,12,-0.00091
2018,27100,12,0.001542
2018,27260,12,0.003597
2018,27340,12,0.008683
2018,27500,12,0.013117
2018,27740,12,0.000666
2018,27780,12,-0.008531
2018,27860,12,0.005567
2018,27900,12,0.005648
2018,28100,12,-0.005963
2018,28420,12,0.030139
2018,28660,12,0.013564
2018,28700,12,-0.009416
2018,28740,12,0.017833
2018,29100,12,0.001147
2018,29340,12,-0.008978
2018,29420,12,-0.003356
2018,29460,12,0.015234
2018,29540,12,0.004994
2018,29700,12,-0.002536
2018,29740,12,0.005422
2018,29820,12,-0.00648
2018,29940,12,0.003091
2018,30140,12,0.014945
2018,30300,12,0.004083
2018,30340,12,0.007418
2018,30460,12,0.007584
2018,30620,12,-0.004372
2018,30700,12,0.013315
2018,30780,12,0.002455
2018,30860,12,0.020318
2018,31020,12,0.025282
2018,31420,12,-0.008873
2018,31700,12,0.003654
2018,31860,12,0.009712
2018,32580,12,0.00482
2018,32780,12,0.002441
2018,32900,12,-0.00928
2018,33140,12,-0.008945
2018,33340,12,0.001694
2018,33540,12,0.003075
2018,33700,12,-0.017376
2018,33780,12,-0.007376
2018,33860,12,-0.005695
2018,34060,12,-0.017278
2018,34580,12,0.025617
2018,34620,12,-0.009381
2018,34740,12,0.00385
2018,34940,12,-0.028129
2018,35300,12,-0.002688
2018,35660,12,-0.000245
2018,35840,12,-0.01584
2018,35980,12,0.007168
2018,36100,12,0.014454
2018,36220,12,-0.028126
2018,36420,12,-0.002896
2018,36500,12,0.033475
2018,36540,12,0.009852
2018,36740,12,4.2e-05
2018,36780,12,0.014042
2018,36980,12,-0.006708
2018,37100,12,-0.010327
2018,37340,12,0.004304
2018,37860,12,0.008227
2018,38060,12,-0.009251
2018,38300,12,-0.011116
2018,38340,12,-0.009889
2018,38860,12,0.007191
2018,38900,12,-0.006497
2018,38940,12,-0.000948
2018,39300,12,0.005553
2018,39340,12,0.009327
2018,39380,12,0.018867
2018,39460,12,-0.001224
2018,39540,12,0.010325
2018,39580,12,0.008843
2018,39740,12,0.008589
2018,39820,12,-0.004728
2018,39900,12,-0.016131
2018,40140,12,-0.007218
2018,40420,12,0.008342
2018,40660,12,0.009834
2018,40900,12,-0.003328
2018,40980,12,-0.006627
2018,41060,12,0.007877
2018,41100,12,0.014269
2018,41140,12,-0.01468
2018,41420,12,0.022922
2018,41500,12,-0.016167
2018,41700,12,0.009933
2018,41740,12,-0.007927
2018,41940,12,-0.028222
2018,42020,12,-0.014042
2018,42100,12,-0.016976
2018,42140,12,0.001818
2018,42220,12,-0.021404
2018,42340,12,-0.003066
2018,42540,12,0.002074
2018,42680,12,0.010712
2018,43100,12,0.009297
2018,43620,12,0.008431
2018,43780,12,-7.2e-05
2018,44100,12,-0.017158
2018,44180,12,0.01159
2018,44220,12,-0.002712
2018,44300,12,-0.007041
2018,44700,12,-0.009319
2018,45060,12,-0.001099
2018,45220,12,0.006453
2018,45820,12,0.005154
2018,45940,12,-0.003214
2018,46060,12,0.006871
2018,46140,12,-0.001813
2018,46340,12,0.007547
2018,46540,12,-0.003326
2018,46660,12,-0.007528
2018,46700,12,-0.01408
2018,47220,12,0.00109
2018,47300,12,-0.004723
2018,47940,12,-0.010472
2018,48300,12,0.015161
2018,48540,12,-0.016659
2018,48660,12,0.003031
2018,48700,12,-0.018745
2018,49020,12,0.000182
2018,49420,12,0.017738
2018,49620,12,0.007219
2018,49660,12,-0.006413
2018,49740,12,-0.001473
2018,10180,13,-0.008296
2018,10420,13,-0.000459
2018,10580,13,0.001815
2018,10740,13,-0.005737
2018,10780,13,-0.014999
2018,10900,13,0.010832
2018,11020,13,-0.007779
2018,11260,13,-0.025962
2018,11460,13,0.003539
2018,11500,13,-0.005953
2018,11540,13,0.011577
2018,11700,13,0.002641
2018,12020,13,0.015726
2018,12100,13,-0.008696
2018,12220,13,0.014753
2018,12420,13,0.00134
2018,12540,13,-0.012162
2018,12580,13,-0.016809
2018,12620,13,-0.000187
2018,12700,13,-0.001136
2018,12980,13,0.000158
2018,13020,13,0.002266
2018,13380,13,0.031447
2018,13460,13,0.001352
2018,13780,13,-0.001916
2018,14260,13,0.009067
2018,14500,13,-0.010246
2018,14740,13,0.020617
2018,14860,13,-0.01002
2018,15180,13,0.006679
2018,15260,13,0.008765
2018,15380,13,0.004096
2018,15500,13,0.008069
2018,15540,13,-0.007906
2018,15940,13,-0.007957
2018,15980,13,-0.007124
2018,16020,13,-0.015693
2018,16180,13,-0.001511
2018,16220,13,-0.047382
2018,16300,13,0.006421
2018,16700,13,0.003548
2018,16860,13,0.004286
2018,16940,13,-0.015122
2018,17020,13,0.003989
2018,17420,13,0.008343
2018,17660,13,0.020745
2018,17780,13,-0.003644
2018,17820,13,0.017426
2018,17900,13,0.000304
2018,18020,13,-0.00646
2018,18700,13,0.012904
2018,19340,13,-0.013463
2018,19460,13,0.008391
2018,19500,13,-0.014164
2018,19740,13,-0.005765
2018,20020,13,-0.009396
2018,20100,13,-0.011969
2018,20220,13,-0.004525
2018,20740,13,0.005419
2018,20940,13,-0.008432
2018,21140,13,0.002448
2018,21300,13,-0.00531
2018,21500,13,-0.017863
2018,21660,13,0.01333
2018,21820,13,-0.017133
2018,22020,13,-0.011949
2018,22140,13,-0.031374
2018,22380,13,-0.006927
2018,22420,13,-0.001084
2018,22500,13,-0.015898
2018,22520,13,-0.009054
2018,22540,13,0.007971
2018,22660,13,0.000548
2018,23420,13,-0.000612
2018,23460,13,-0.009033
2018,23580,13,0.007402
2018,24020,13,0.011048
2018,24220,13,-0.021538
2018,24300,13,0.003865
2018,24500,13,-0.008564
2018,24540,13,0.022381
2018,24580,13,0.0121
2018,24660,13,-0.004001
2018,25420,13,0.004586
2018,25500,13,-0.005133
2018,25540,13,-0.005971
2018,25860,13,0.002086
2018,25980,13,0.021079
2018,26300,13,0.015015
2018,26380,13,-0.023067
2018,26620,13,0.00311
2018,26980,13,0.002281
2018,27060,13,0.000551
2018,27100,13,0.008864
2018,27260,13,0.007473
2018,27340,13,0.003937
2018,27500,13,0.014084
2018,27740,13,0.000976
2018,27780,13,-0.009653
2018,27860,13,0.004056
2018,27900,13,0.003636
2018,28100,13,-0.008435
2018,28420,13,0.027283
2018,28660,13,0.013789
2018,28700,13,-0.013188
2018,28740,13,0.018347
2018,29100,13,-0.000774
2018,29340,13,-0.009724
2018,29420,13,-0.003514
2018,29460,13,0.021403
2018,29540,13,0.008147
2018,29700,13,-0.002748
2018,29740,13,-0.001233
2018,29820,13,0.007424
2018,29940,13,0.001605
2018,30140,13,0.015574
2018,30300,13,-0.000332
2018,30340,13,0.009733
2018,30460,13,0.009808
2018,30620,13,-0.004981
2018,30700,13,0.014798
2018,30780,13,0.000138
2018,30860,13,0.021227
2018,31020,13,0.025748
2018,31420,13,-0.011755
2018,31700,13,0.007449
2018,31860,13,0.011086
2018,32580,13,0.004567
2018,32780,13,0.002383
2018,32900,13,0.001268
2018,33140,13,-0.012148
2018,33340,13,-0.000256
2018,33540,13,-0.002205
2018,33700,13,-0.005697
2018,33780,13,-0.002842
2018,33860,13,-0.007195
2018,34060,13,-0.022903
2018,34580,13,0.025141
2018,34620,13,-0.009068
2018,34740,13,0.010173
2018,34940,13,-0.020722
2018,35300,13,-0.005098
2018,35660,13,0.000536
2018,35840,13,-0.008311
2018,35980,13,0.006731
2018,36100,13,0.018376
2018,36220,13,-0.028986
2018,36420,13,-0.004334
2018,36500,13,0.030758
2018,36540,13,0.011917
2018,36740,13,0.006741
2018,36780,13,0.012449
2018,36980,13,-0.004846
2018,37100,13,-0.012192
2018,37340,13,0.0146
2018,37860,13,0.008967
2018,38060,13,-0.004324
2018,38300,13,-0.010216
2018,38340,13,-0.01227
2018,38860,13,0.009431
2018,38900,13,-0.007796
2018,38940,13,0.011946
2018,39300,13,0.009146
2018,39340,13,0.009232
2018,39380,13,0.021408
2018,39460,13,0.007086
2018,39540,13,0.010414
2018,39580,13,0.008992
2018,39740,13,0.011122
2018,39820,13,-0.008111
2018,39900,13,-0.004524
2018,40140,13,-0.002988
2018,40420,13,0.007312
2018,40660,13,0.008553
2018,40900,13,0.000609
2018,40980,13,-0.005926
2018,41060,13,0.012578
2018,41100,13,0.014774
2018,41140,13,-0.013367
2018,41420,13,0.024598
2018,41500,13,-0.011826
2018,41700,13,0.013271
2018,41740,13,-0.009297
2018,41940,13,-0.02908
2018,42020,13,-0.016468
2018,42100,13,-0.017658
2018,42140,13,-0.001417
2018,42220,13,-0.017554
2018,42340,13,-0.0034
2018,42540,13,0.000248
2018,42680,13,0.020208
2018,43100,13,0.009562
2018,43620,13,0.008679
2018,43780,13,-6.6e-05
2018,44100,13,-0.022582
2018,44180,13,0.012464
2018,44220,13,-0.002986
2018,44300,13,-0.005005
2018,44700,13,0.001485
2018,45060,13,-0.002278
2018,45220,13,0.006951
2018,45820,13,0.004117
2018,45940,13,-0.002882
2018,46060,13,0.00686
2018,46140,13,-0.002578
2018,46340,13,0.007522
2018,46540,13,-0.004509
2018,46660,13,-0.014355
2018,46700,13,-0.003936
2018,47220,13,0.000142
2018,47300,13,-0.006097
2018,47940,13,-0.013178
2018,48300,13,0.009363
2018,48540,13,-0.025531
2018,48660,13,0.003849
2018,48700,13,-0.020947
2018,49020,13,-0.002717
2018,49420,13,0.009921
2018,49620,13,0.010343
2018,49660,13,-0.008041
2018,49740,13,-0.005016
2018,10180,14,-0.009154
2018,10420,14,0.000806
2018,10580,14,0.002886
2018,10740,14,-0.008936
2018,10780,14,-0.015447
2018,10900,14,0.01069
2018,11020,14,-0.007196
2018,11260,14,-0.027424
2018,11460,14,0.006746
2018,11500,14,-0.006764
2018,11540,14,0.010491
2018,11700,14,-0.000493
2018,12020,14,0.014725
2018,12100,14,-0.006181
2018,12220,14,0.014681
2018,12420,14,0.007715
2018,12540,14,-0.010938
2018,12580,14,-0.018032
2018,12620,14,0.000576
2018,12700,14,-0.00074
2018,12980,14,0.000552
2018,13020,14,0.003004
2018,13380,14,0.026544
2018,13460,14,0.011961
2018,13780,14,-0.005078
2018,14260,14,0.016098
2018,14500,14,-0.011633
2018,14740,14,0.011684
2018,14860,14,-0.007647
2018,15180,14,0.004203
2018,15260,14,0.002893
2018,15380,14,0.006195
2018,15500,14,0.012512
2018,15540,14,-0.006361
2018,15940,14,-0.00631
2018,15980,14,0.004035
2018,16020,14,-0.017666
2018,16180,14,-0.000371
2018,16220,14,-0.057462
2018,16300,14,0.006212
2018,16700,14,0.003057
2018,16860,14,0.002346
2018,16940,14,-0.016661
2018,17020,14,0.005626
2018,17420,14,0.00862
2018,17660,14,0.021899
2018,17780,14,-0.001346
2018,17820,14,0.016526
2018,17900,14,-0.001441
2018,18020,14,-0.006995
2018,18700,14,0.010956
2018,19340,14,-0.01238
2018,19460,14,0.003314
2018,19500,14,-0.015369
2018,19740,14,-0.00278
2018,20020,14,-0.009399
2018,20100,14,-0.009278
2018,20220,14,-0.005339
2018,20740,14,0.00494
2018,20940,14,-0.003495
2018,21140,14,0.002756
2018,21300,14,-0.006851
2018,21500,14,-0.015506
2018,21660,14,0.011371
2018,21820,14,-0.026159
2018,22020,14,-0.007578
2018,22140,14,-0.034905
2018,22380,14,-0.011497
2018,22420,14,0.002949
2018,22500,14,-0.015847
2018,22520,14,-0.007158
2018,22540,14,0.005472
2018,22660,14,0.002857
2018,23420,14,0.00061
2018,23460,14,-0.008584
2018,23580,14,0.007409
2018,24020,14,0.005742
2018,24220,14,-0.022534
2018,24300,14,0.001197
2018,24500,14,-0.009889
2018,24540,14,0.030049
2018,24580,14,0.01188
2018,24660,14,-0.00373
2018,25420,14,0.006813
2018,25500,14,-0.007737
2018,25540,14,-0.004978
2018,25860,14,-0.000452
2018,25980,14,0.010898
2018,26300,14,0.008815
2018,26380,14,-0.025756
2018,26620,14,0.005841
2018,26980,14,0.006544
2018,27060,14,-0.000446
2018,27100,14,0.009787
2018,27260,14,0.008123
2018,27340,14,-0.002559
2018,27500,14,0.012533
2018,27740,14,-0.00157
2018,27780,14,-0.01009
2018,27860,14,0.00703
2018,27900,14,0.002158
2018,28100,14,-0.011652
2018,28420,14,0.025432
2018,28660,14,0.015198
2018,28700,14,-0.015214
2018,28740,14,0.013816
2018,29100,14,-0.00129
2018,29340,14,-0.007732
2018,29420,14,-0.000316
2018,29460,14,0.024096
2018,29540,14,0.007992
2018,29700,14,-0.001448
2018,29740,14,-0.00374
2018,29820,14,0.010121
2018,29940,14,0.003586
2018,30140,14,0.014282
2018,30300,14,-0.005605
2018,30340,14,0.006955
2018,30460,14,0.010172
2018,30620,14,-0.006812
2018,30700,14,0.014314
2018,30780,14,0.001122
2018,30860,14,0.014929
2018,31020,14,0.022278
2018,31420,14,-0.01295
2018,31700,14,0.007988
2018,31860,14,0.011198
2018,32580,14,0.0065
2018,32780,14,0.003099
2018,32900,14,0.008529
2018,33140,14,-0.009903
2018,33340,14,-0.001966
2018,33540,14,-0.00265
2018,33700,14,-0.002089
2018,33780,14,0.002643
2018,33860,14,-0.00672
2018,34060,14,-0.024976
2018,34580,14,0.019522
2018,34620,14,-0.008142
2018,34740,14,0.009919
2018,34940,14,-0.011663
2018,35300,14,-0.004187
2018,35660,14,-0.000453
2018,35840,14,-0.000371
2018,35980,14,0.003735
2018,36100,14,0.017102
2018,36220,14,-0.038058
2018,36420,14,-0.002931
2018,36500,14,0.026724
2018,36540,14,0.010726
2018,36740,14,0.009426
2018,36780,14,0.010711
2018,36980,14,-0.003318
2018,37100,14,-0.012366
2018,37340,14,0.016667
2018,37860,14,0.007399
2018,38060,14,-0.00051
2018,38300,14,-0.006829
2018,38340,14,-0.013564
2018,38860,14,0.009094
2018,38900,14,-0.007223
2018,38940,14,0.01389
2018,39300,14,0.008242
2018,39340,14,0.013122
2018,39380,14,0.015365
2018,39460,14,0.01196
2018,39540,14,0.008837
2018,39580,14,0.010805
2018,39740,14,0.00986
2018,39820,14,-0.005776
2018,39900,14,0.000757
2018,40140,14,-0.002323
2018,40420,14,0.001435
2018,40660,14,0.008999
2018,40900,14,0.003139
2018,40980,14,-0.001861
2018,41060,14,0.009751
2018,41100,14,0.026458
2018,41140,14,-0.013769
2018,41420,14,0.019192
2018,41500,14,-0.008391
2018,41700,14,0.013766
2018,41740,14,-0.008289
2018,41940,14,-0.026134
2018,42020,14,-0.014251
2018,42100,14,-0.015545
2018,42140,14,-0.00498
2018,42220,14,-0.017076
2018,42340,14,-0.006679
2018,42540,14,0.001867
2018,42680,14,0.020342
2018,43100,14,0.005481
2018,43620,14,0.012355
2018,43780,14,-0.000113
2018,44100,14,-0.021835
2018,44180,14,0.011103
2018,44220,14,-0.001847
2018,44300,14,-0.004127
2018,44700,14,0.005182
2018,45060,14,-0.001648
2018,45220,14,0.002984
2018,45820,14,0.001182
2018,45940,14,0.000171
2018,46060,14,0.004596
2018,46140,14,-0.003247
2018,46340,14,0.006997
2018,46540,14,-0.002995
2018,46660,14,-0.013435
2018,46700,14,-0.001032
2018,47220,14,-0.004389
2018,47300,14,-0.004592
2018,47940,14,-0.013357
2018,48300,14,0.002146
2018,48540,14,-0.027382
2018,48660,14,0.003863
2018,48700,14,-0.01932
2018,49020,14,0.003359
2018,49420,14,0.003258
2018,49620,14,0.008498
2018,49660,14,-0.006837
2018,49740,14,-0.004181
2018,10180,15,-0.009042
2018,10420,15,0.000373
2018,10580,15,0.000952
2018,10740,15,-0.006491
2018,10780,15,-0.015653
2018,10900,15,0.012212
2018,11020,15,-0.006545
2018,11260,15,-0.025517
2018,11460,15,0.006105
2018,11500,15,-0.006758
2018,11540,15,0.010866
2018,11700,15,-0.000168
2018,12020,15,0.01761
2018,12100,15,-0.009883
2018,12220,15,0.015765
2018,12420,15,0.004597
2018,12540,15,-0.008213
2018,12580,15,-0.016515
2018,12620,15,0.000118
2018,12700,15,-0.001393
2018,12980,15,0.001269
2018,13020,15,0.001554
2018,13380,15,0.026367
2018,13460,15,0.005485
2018,13780,15,-0.003898
2018,14260,15,0.008309
2018,14500,15,-0.013307
2018,14740,15,0.015383
2018,14860,15,-0.007134
2018,15180,15,0.004697
2018,15260,15,0.007706
2018,15380,15,0.001343
2018,15500,15,0.010995
2018,15540,15,-0.006959
2018,15940,15,-0.008275
2018,15980,15,-0.001844
2018,16020,15,-0.012533
2018,16180,15,-0.002539
2018,16220,15,-0.046199
2018,16300,15,0.006792
2018,16700,15,0.002442
2018,16860,15,0.000864
2018,16940,15,-0.016068
2018,17020,15,0.003577
2018,17420,15,0.007345
2018,17660,15,0.019225
2018,17780,15,-0.003756
2018,17820,15,0.01458
2018,17900,15,-0.000433
2018,18020,15,-0.006602
2018,18700,15,0.013518
2018,19340,15,-0.011596
2018,19460,15,0.00316
2018,19500,15,-0.014356
2018,19740,15,-0.007115
2018,20020,15,-0.007776
2018,20100,15,-0.009228
2018,20220,15,-0.004268
2018,20740,15,0.003357
2018,20940,15,-0.00442
2018,21140,15,0.002778
2018,21300,15,-0.005741
2018,21500,15,-0.014367
2018,21660,15,0.012334
2018,21820,15,-0.019932
2018,22020,15,-0.008487
2018,22140,15,-0.028344
2018,22380,15,-0.009716
2018,22420,15,-0.003397
2018,22500,15,-0.014844
2018,22520,15,-0.00826
2018,22540,15,0.006552
2018,22660,15,-0.001924
2018,23420,15,-0.001074
2018,23460,15,-0.007408
2018,23580,15,0.006764
2018,24020,15,0.005515
2018,24220,15,-0.01955
2018,24300,15,0.003197
2018,24500,15,-0.012911
2018,24540,15,0.026461
2018,24580,15,0.011631
2018,24660,15,-0.004346
2018,25420,15,0.005993
2018,25500,15,-0.005345
2018,25540,15,-0.005328
2018,25860,15,0.002498
2018,25980,15,0.012174
2018,26300,15,0.011062
2018,26380,15,-0.023431
2018,26620,15,0.00482
2018,26980,15,0.002391
2018,27060,15,0.000508
2018,27100,15,0.008472
2018,27260,15,0.007376
2018,27340,15,0.004685
2018,27500,15,0.011621
2018,27740,15,0.000782
2018,27780,15,-0.010583
2018,27860,15,0.003058
2018,27900,15,0.004278
2018,28100,15,-0.006924
2018,28420,15,0.025179
2018,28660,15,0.014177
2018,28700,15,-0.01067
2018,28740,15,0.012991
2018,29100,15,-0.001038
2018,29340,15,-0.009053
2018,29420,15,-0.005219
2018,29460,15,0.023208
2018,29540,15,0.010599
2018,29700,15,-0.002677
2018,29740,15,-0.000261
2018,29820,15,0.010933
2018,29940,15,-0.001095
2018,30140,15,0.01588
2018,30300,15,0.000164
2018,30340,15,0.008261
2018,30460,15,0.008654
2018,30620,15,-0.004676
2018,30700,15,0.010222
2018,30780,15,1.2e-05
2018,30860,15,0.020996
2018,31020,15,0.024866
2018,31420,15,-0.01072
2018,31700,15,0.006632
2018,31860,15,0.010006
2018,32580,15,0.005237
2018,32780,15,0.00207
2018,32900,15,0.005191
2018,33140,15,-0.010714
2018,33340,15,-0.002355
2018,33540,15,-0.003778
2018,33700,15,0.000322
2018,33780,15,0.00011
2018,33860,15,-0.006245
2018,34060,15,-0.01949
2018,34580,15,0.021775
2018,34620,15,-0.006578
2018,34740,15,0.009032
2018,34940,15,-0.013861
2018,35300,15,-0.003509
2018,35660,15,0.000525
2018,35840,15,-0.005206
2018,35980,15,0.004516
2018,36100,15,0.016744
2018,36220,15,-0.026715
2018,36420,15,-0.004407
2018,36500,15,0.026764
2018,36540,15,0.009644
2018,36740,15,0.007017
2018,36780,15,0.009962
2018,36980,15,-0.004965
2018,37100,15,-0.011723
2018,37340,15,0.014061
2018,37860,15,0.005494
2018,38060,15,-0.001042
2018,38300,15,-0.010135
2018,38340,15,-0.010857
2018,38860,15,0.007675
2018,38900,15,-0.008737
2018,38940,15,0.013024
2018,39300,15,0.007092
2018,39340,15,0.0105
2018,39380,15,0.017603
2018,39460,15,0.00996
2018,39540,15,0.010349
2018,39580,15,0.00926
2018,39740,15,0.011844
2018,39820,15,-0.007212
2018,39900,15,-0.00281
2018,40140,15,-0.000385
2018,40420,15,0.004707
2018,40660,15,0.007413
2018,40900,15,0.001235
2018,40980,15,-0.004438
2018,41060,15,0.013712
2018,41100,15,0.022668
2018,41140,15,-0.008299
2018,41420,15,0.022061
2018,41500,15,-0.010523
2018,41700,15,0.014625
2018,41740,15,-0.009957
2018,41940,15,-0.025532
2018,42020,15,-0.015253
2018,42100,15,-0.016547
2018,42140,15,-0.000408
2018,42220,15,-0.017269
2018,42340,15,-0.003257
2018,42540,15,0.001168
2018,42680,15,0.017949
2018,43100,15,0.008359
2018,43620,15,0.00608
2018,43780,15,0.001314
2018,44100,15,-0.020485
2018,44180,15,0.01078
2018,44220,15,-0.001386
2018,44300,15,-0.001262
2018,44700,15,0.005563
2018,45060,15,-0.004152
2018,45220,15,0.005786
2018,45820,15,0.001274
2018,45940,15,0.000314
2018,46060,15,0.005372
2018,46140,15,-0.004268
2018,46340,15,0.007811
2018,46540,15,-0.003668
2018,46660,15,-0.010488
2018,46700,15,-0.000272
2018,47220,15,-0.003915
2018,47300,15,-0.006501
2018,47940,15,-0.011754
2018,48300,15,0.004237
2018,48540,15,-0.03055
2018,48660,15,0.005192
2018,48700,15,-0.018735
2018,49020,15,-0.000985
2018,49420,15,0.00369
2018,49620,15,0.011718
2018,49660,15,-0.008611
2018,49740,15,-0.004017
2018,10180,16,-0.009475
2018,10420,16,8.2e-05
2018,10580,16,0.001224
2018,10740,16,-0.004128
2018,10780,16,-0.014228
2018,10900,16,0.012152
2018,11020,16,-0.006219
2018,11260,16,-0.022478
2018,11460,16,0.004257
2018,11500,16,-0.006537
2018,11540,16,0.011818
2018,11700,16,-0.001065
2018,12020,16,0.017716
2018,12100,16,-0.009661
2018,12220,16,0.01528
2018,12420,16,0.00116
2018,12540,16,-0.010252
2018,12580,16,-0.015367
2018,12620,16,3.8e-05
2018,12700,16,-0.001338
2018,12980,16,0.001361
2018,13020,16,0.002439
2018,13380,16,0.030367
2018,13460,16,0.003349
2018,13780,16,-0.003356
2018,14260,16,0.008532
2018,14500,16,-0.015122
2018,14740,16,0.016895
2018,14860,16,-0.007303
2018,15180,16,0.005872
2018,15260,16,0.005698
2018,15380,16,0.001435
2018,15500,16,0.013268
2018,15540,16,-0.006708
2018,15940,16,-0.008341
2018,15980,16,-0.00349
2018,16020,16,-0.013118
2018,16180,16,-0.00812
2018,16220,16,-0.048542
2018,16300,16,0.008289
2018,16700,16,0.001342
2018,16860,16,0.003176
2018,16940,16,-0.014135
2018,17020,16,0.00543
2018,17420,16,0.007843
2018,17660,16,0.020002
2018,17780,16,-0.005665
2018,17820,16,0.016671
2018,17900,16,0.001325
2018,18020,16,-0.005967
2018,18700,16,0.017151
2018,19340,16,-0.011241
2018,19460,16,0.003617
2018,19500,16,-0.014058
2018,19740,16,-0.008725
2018,20020,16,-0.007966
2018,20100,16,-0.008796
2018,20220,16,-0.003624
2018,20740,16,0.003605
2018,20940,16,-0.005339
2018,21140,16,0.002584
2018,21300,16,-0.005
2018,21500,16,-0.01561
2018,21660,16,0.015356
2018,21820,16,-0.015129
2018,22020,16,-0.012031
2018,22140,16,-0.02726
2018,22380,16,-0.010453
2018,22420,16,-0.005453
2018,22500,16,-0.012418
2018,22520,16,-0.008393
2018,22540,16,0.007425
2018,22660,16,-0.002401
2018,23420,16,-0.000489
2018,23460,16,-0.007387
2018,23580,16,0.003904
2018,24020,16,0.006375
2018,24220,16,-0.023621
2018,24300,16,0.004319
2018,24500,16,-0.009994
2018,24540,16,0.025905
2018,24580,16,0.012373
2018,24660,16,-0.002075
2018,25420,16,0.006434
2018,25500,16,-0.00346
2018,25540,16,-0.004568
2018,25860,16,0.004765
2018,25980,16,0.014747
2018,26300,16,0.012891
2018,26380,16,-0.023656
2018,26620,16,0.004945
2018,26980,16,0.00301
2018,27060,16,-0.000759
2018,27100,16,0.007932
2018,27260,16,0.00586
2018,27340,16,0.006238
2018,27500,16,0.011904
2018,27740,16,0.001213
2018,27780,16,-0.010552
2018,27860,16,0.005184
2018,27900,16,0.005169
2018,28100,16,-0.007678
2018,28420,16,0.030149
2018,28660,16,0.015669
2018,28700,16,-0.008901
2018,28740,16,0.01355
2018,29100,16,-0.000858
2018,29340,16,-0.010397
2018,29420,16,-0.004397
2018,29460,16,0.021826
2018,29540,16,0.010719
2018,29700,16,-0.003344
2018,29740,16,0.002464
2018,29820,16,0.004251
2018,29940,16,-0.000591
2018,30140,16,0.016772
2018,30300,16,0.002298
2018,30340,16,0.008347
2018,30460,16,0.008581
2018,30620,16,-0.004441
2018,30700,16,0.010805
2018,30780,16,0.001972
2018,30860,16,0.023547
2018,31020,16,0.026609
2018,31420,16,-0.008878
2018,31700,16,0.005924
2018,31860,16,0.011004
2018,32580,16,0.005953
2018,32780,16,0.002715
2018,32900,16,0.001871
2018,33140,16,-0.011312
2018,33340,16,-0.002567
2018,33540,16,-0.001523
2018,33700,16,-0.005261
2018,33780,16,-0.000729
2018,33860,16,-0.006572
2018,34060,16,-0.018723
2018,34580,16,0.023573
2018,34620,16,-0.005901
2018,34740,16,0.008429
2018,34940,16,-0.02
2018,35300,16,-0.003132
2018,35660,16,-2.4e-05
2018,35840,16,-0.009281
2018,35980,16,0.005089
2018,36100,16,0.016122
2018,36220,16,-0.032248
2018,36420,16,-0.003609
2018,36500,16,0.029786
2018,36540,16,0.010183
2018,36740,16,0.00409
2018,36780,16,0.011098
2018,36980,16,-0.0053
2018,37100,16,-0.0125
2018,37340,16,0.011548
2018,37860,16,0.006212
2018,38060,16,-0.004349
2018,38300,16,-0.01032
2018,38340,16,-0.01093
2018,38860,16,0.007507
2018,38900,16,-0.009477
2018,38940,16,0.008557
2018,39300,16,0.006397
2018,39340,16,0.011276
2018,39380,16,0.019379
2018,39460,16,0.007736
2018,39540,16,0.010253
2018,39580,16,0.010194
2018,39740,16,0.011954
2018,39820,16,-0.006116
2018,39900,16,-0.010045
2018,40140,16,-0.003787
2018,40420,16,0.004978
2018,40660,16,0.009593
2018,40900,16,-0.000477
2018,40980,16,-0.004191
2018,41060,16,0.013862
2018,41100,16,0.024456
2018,41140,16,-0.009309
2018,41420,16,0.023579
2018,41500,16,-0.012847
2018,41700,16,0.013999
2018,41740,16,-0.009712
2018,41940,16,-0.028518
2018,42020,16,-0.015016
2018,42100,16,-0.016878
2018,42140,16,0.001102
2018,42220,16,-0.020303
2018,42340,16,-0.004233
2018,42540,16,0.002229
2018,42680,16,0.0164
2018,43100,16,0.008975
2018,43620,16,0.006232
2018,43780,16,0.001282
2018,44100,16,-0.020903
2018,44180,16,0.011574
2018,44220,16,-0.000863
2018,44300,16,-0.002185
2018,44700,16,0.000595
2018,45060,16,-0.003409
2018,45220,16,0.005594
2018,45820,16,0.002306
2018,45940,16,-0.000456
2018,46060,16,0.006409
2018,46140,16,-0.003286
2018,46340,16,0.008841
2018,46540,16,-0.00372
2018,46660,16,-0.009208
2018,46700,16,-0.005844
2018,47220,16,-0.00369
2018,47300,16,-0.006657
2018,47940,16,-0.011279
2018,48300,16,0.006654
2018,48540,16,-0.030736
2018,48660,16,0.006643
2018,48700,16,-0.020911
2018,49020,16,-0.000227
2018,49420,16,0.008481
2018,49620,16,0.011595
2018,49660,16,-0.008428
2018,49740,16,-0.003055
2018,10180,17,-0.008943
2018,10420,17,0.000348
2018,10580,17,0.002551
2018,10740,17,-0.004187
2018,10780,17,-0.014279
2018,10900,17,0.010508
2018,11020,17,-0.00815
2018,11260,17,-0.022122
2018,11460,17,0.002032
2018,11500,17,-0.005381
2018,11540,17,0.01085
2018,11700,17,0.00023
2018,12020,17,0.015027
2018,12100,17,-0.005858
2018,12220,17,0.014167
2018,12420,17,0.000232
2018,12540,17,-0.010412
2018,12580,17,-0.015729
2018,12620,17,0.000613
2018,12700,17,-0.002263
2018,12980,17,0.000114
2018,13020,17,0.003535
2018,13380,17,0.029532
2018,13460,17,0.002706
2018,13780,17,-0.002696
2018,14260,17,0.008501
2018,14500,17,-0.012377
2018,14740,17,0.01744
2018,14860,17,-0.007618
2018,15180,17,0.006575
2018,15260,17,0.006794
2018,15380,17,0.00308
2018,15500,17,0.011706
2018,15540,17,-0.00765
2018,15940,17,-0.007106
2018,15980,17,-0.005548
2018,16020,17,-0.015113
2018,16180,17,-0.003847
2018,16220,17,-0.047402
2018,16300,17,0.007029
2018,16700,17,0.001209
2018,16860,17,0.003823
2018,16940,17,-0.014286
2018,17020,17,0.005551
2018,17420,17,0.007714
2018,17660,17,0.019237
2018,17780,17,-0.003915
2018,17820,17,0.016818
2018,17900,17,0.001307
2018,18020,17,-0.006411
2018,18700,17,0.012646
2018,19340,17,-0.012194
2018,19460,17,0.006265
2018,19500,17,-0.01195
2018,19740,17,-0.007184
2018,20020,17,-0.008654
2018,20100,17,-0.008689
2018,20220,17,-0.004776
2018,20740,17,0.004416
2018,20940,17,-0.006729
2018,21140,17,0.00183
2018,21300,17,-0.005857
2018,21500,17,-0.016129
2018,21660,17,0.013063
2018,21820,17,-0.016863
2018,22020,17,-0.011383
2018,22140,17,-0.027754
2018,22380,17,-0.00925
2018,22420,17,-0.001709
2018,22500,17,-0.01355
2018,22520,17,-0.008604
2018,22540,17,0.008233
2018,22660,17,-0.000463
2018,23420,17,-0.000227
2018,23460,17,-0.007815
2018,23580,17,0.006248
2018,24020,17,0.008745
2018,24220,17,-0.023202
2018,24300,17,0.003967
2018,24500,17,-0.006602
2018,24540,17,0.022938
2018,24580,17,0.011745
2018,24660,17,-0.002229
2018,25420,17,0.005942
2018,25500,17,-0.004774
2018,25540,17,-0.004223
2018,25860,17,0.00248
2018,25980,17,0.018265
2018,26300,17,0.013395
2018,26380,17,-0.022307
2018,26620,17,0.004766
2018,26980,17,0.00396
2018,27060,17,-0.001299
2018,27100,17,0.006668
2018,27260,17,0.005969
2018,27340,17,0.004731
2018,27500,17,0.01248
2018,27740,17,-0.000532
2018,27780,17,-0.008824
2018,27860,17,0.006124
2018,27900,17,0.004594
2018,28100,17,-0.007972
2018,28420,17,0.027465
2018,28660,17,0.014909
2018,28700,17,-0.012546
2018,28740,17,0.016589
2018,29100,17,-0.001535
2018,29340,17,-0.009043
2018,29420,17,-0.003037
2018,29460,17,0.019697
2018,29540,17,0.007024
2018,29700,17,-0.001448
2018,29740,17,0.001902
2018,29820,17,0.005168
2018,29940,17,0.002835
2018,30140,17,0.014984
2018,30300,17,-0.001186
2018,30340,17,0.007743
2018,30460,17,0.008881
2018,30620,17,-0.005
2018,30700,17,0.013236
2018,30780,17,0.001652
2018,30860,17,0.019026
2018,31020,17,0.02451
2018,31420,17,-0.009865
2018,31700,17,0.006449
2018,31860,17,0.010287
2018,32580,17,0.00615
2018,32780,17,0.002347
2018,32900,17,0.001817
2018,33140,17,-0.010412
2018,33340,17,-0.000845
2018,33540,17,-0.001237
2018,33700,17,-0.006386
2018,33780,17,-0.001814
2018,33860,17,-0.005729
2018,34060,17,-0.022402
2018,34580,17,0.022942
2018,34620,17,-0.00831
2018,34740,17,0.00747
2018,34940,17,-0.019286
2018,35300,17,-0.003362
2018,35660,17,-0.00044
2018,35840,17,-0.008409
2018,35980,17,0.006409
2018,36100,17,0.016443
2018,36220,17,-0.032356
2018,36420,17,-0.003684
2018,36500,17,0.02989
2018,36540,17,0.010576
2018,36740,17,0.004387
2018,36780,17,0.011843
2018,36980,17,-0.005405
2018,37100,17,-0.011333
2018,37340,17,0.010912
2018,37860,17,0.00733
2018,38060,17,-0.004698
2018,38300,17,-0.010055
2018,38340,17,-0.011696
2018,38860,17,0.007711
2018,38900,17,-0.008712
2018,38940,17,0.008168
2018,39300,17,0.00756
2018,39340,17,0.009682
2018,39380,17,0.019451
2018,39460,17,0.00604
2018,39540,17,0.010108
2018,39580,17,0.009042
2018,39740,17,0.009973
2018,39820,17,-0.005918
2018,39900,17,-0.006252
2018,40140,17,-0.003492
2018,40420,17,0.006665
2018,40660,17,0.009624
2018,40900,17,0.000434
2018,40980,17,-0.003835
2018,41060,17,0.010719
2018,41100,17,0.018701
2018,41140,17,-0.012061
2018,41420,17,0.0215
2018,41500,17,-0.010924
2018,41700,17,0.011724
2018,41740,17,-0.008762
2018,41940,17,-0.027863
2018,42020,17,-0.0149
2018,42100,17,-0.016887
2018,42140,17,-4.8e-05
2018,42220,17,-0.018633
2018,42340,17,-0.004497
2018,42540,17,0.0018
2018,42680,17,0.016394
2018,43100,17,0.007901
2018,43620,17,0.008648
2018,43780,17,-0.000122
2018,44100,17,-0.020726
2018,44180,17,0.011597
2018,44220,17,-0.001758
2018,44300,17,-0.005539
2018,44700,17,0.000894
2018,45060,17,-0.002084
2018,45220,17,0.005607
2018,45820,17,0.003565
2018,45940,17,-0.000549
2018,46060,17,0.006363
2018,46140,17,-0.00235
2018,46340,17,0.007426
2018,46540,17,-0.003862
2018,46660,17,-0.01031
2018,46700,17,-0.004752
2018,47220,17,-0.000856
2018,47300,17,-0.005194
2018,47940,17,-0.012333
2018,48300,17,0.007083
2018,48540,17,-0.024127
2018,48660,17,0.004464
2018,48700,17,-0.019205
2018,49020,17,0.000162
2018,49420,17,0.009598
2018,49620,17,0.009085
2018,49660,17,-0.006956
2018,49740,17,-0.002735
2018,10180,18,-0.009124
2018,10420,18,0.00078
2018,10580,18,0.003194
2018,10740,18,-0.005806
2018,10780,18,-0.015869
2018,10900,18,0.010984
2018,11020,18,-0.009576
2018,11260,18,-0.022454
2018,11460,18,0.003791
2018,11500,18,-0.005931
2018,11540,18,0.011078
2018,11700,18,3.2e-05
2018,12020,18,0.015678
2018,12100,18,-0.006047
2018,12220,18,0.015249
2018,12420,18,0.003269
2018,12540,18,-0.009719
2018,12580,18,-0.016666
2018,12620,18,0.000215
2018,12700,18,-0.002877
2018,12980,18,-0.000145
2018,13020,18,0.00267
2018,13380,18,0.028248
2018,13460,18,0.005772
2018,13780,18,-0.003956
2018,14260,18,0.008687
2018,14500,18,-0.011116
2018,14740,18,0.017486
2018,14860,18,-0.0064
2018,15180,18,0.005198
2018,15260,18,0.006561
2018,15380,18,0.003053
2018,15500,18,0.01134
2018,15540,18,-0.007294
2018,15940,18,-0.006749
2018,15980,18,-0.000729
2018,16020,18,-0.015742
2018,16180,18,-0.003802
2018,16220,18,-0.047881
2018,16300,18,0.006953
2018,16700,18,0.002511
2018,16860,18,0.002564
2018,16940,18,-0.014683
2018,17020,18,0.004515
2018,17420,18,0.007816
2018,17660,18,0.018725
2018,17780,18,-0.001757
2018,17820,18,0.016462
2018,17900,18,0.000931
2018,18020,18,-0.00467
2018,18700,18,0.010995
2018,19340,18,-0.01189
2018,19460,18,0.005095
2018,19500,18,-0.011924
2018,19740,18,-0.005767
2018,20020,18,-0.008914
2018,20100,18,-0.008858
2018,20220,18,-0.005914
2018,20740,18,0.004488
2018,20940,18,-0.006797
2018,21140,18,0.00311
2018,21300,18,-0.007548
2018,21500,18,-0.015715
2018,21660,18,0.01216
2018,21820,18,-0.018094
2018,22020,18,-0.008394
2018,22140,18,-0.02902
2018,22380,18,-0.009315
2018,22420,18,-0.000904
2018,22500,18,-0.015457
2018,22520,18,-0.009557
2018,22540,18,0.008134
2018,22660,18,0.000828
2018,23420,18,-0.000699
2018,23460,18,-0.008291
2018,23580,18,0.008086
2018,24020,18,0.007392
2018,24220,18,-0.022016
2018,24300,18,0.002966
2018,24500,18,-0.008502
2018,24540,18,0.025932
2018,24580,18,0.011941
2018,24660,18,-0.003017
2018,25420,18,0.007229
2018,25500,18,-0.005569
2018,25540,18,-0.004089
2018,25860,18,0.000588
2018,25980,18,0.0131
2018,26300,18,0.01155
2018,26380,18,-0.022496
2018,26620,18,0.00536
2018,26980,18,0.00451
2018,27060,18,-0.000838
2018,27100,18,0.005147
2018,27260,18,0.00708
2018,27340,18,0.001552
2018,27500,18,0.012388
2018,27740,18,-0.000996
2018,27780,18,-0.009832
2018,27860,18,0.005764
2018,27900,18,0.004869
2018,28100,18,-0.008416
2018,28420,18,0.025354
2018,28660,18,0.014355
2018,28700,18,-0.015336
2018,28740,18,0.016126
2018,29100,18,-0.001616
2018,29340,18,-0.008612
2018,29420,18,-0.00379
2018,29460,18,0.021274
2018,29540,18,0.007166
2018,29700,18,-0.001191
2018,29740,18,-0.000291
2018,29820,18,0.008252
2018,29940,18,0.0034
2018,30140,18,0.015728
2018,30300,18,-0.003659
2018,30340,18,0.006915
2018,30460,18,0.009833
2018,30620,18,-0.005964
2018,30700,18,0.01339
2018,30780,18,0.000288
2018,30860,18,0.018486
2018,31020,18,0.023653
2018,31420,18,-0.012027
2018,31700,18,0.007052
2018,31860,18,0.009701
2018,32580,18,0.006474
2018,32780,18,0.002465
2018,32900,18,0.002404
2018,33140,18,-0.010467
2018,33340,18,-0.000444
2018,33540,18,-0.00161
2018,33700,18,-0.004445
2018,33780,18,-0.001531
2018,33860,18,-0.005369
2018,34060,18,-0.022617
2018,34580,18,0.021789
2018,34620,18,-0.009319
2018,34740,18,0.007494
2018,34940,18,-0.014574
2018,35300,18,-0.003062
2018,35660,18,-0.001367
2018,35840,18,-0.004823
2018,35980,18,0.005599
2018,36100,18,0.016671
2018,36220,18,-0.030912
2018,36420,18,-0.002959
2018,36500,18,0.028011
2018,36540,18,0.010685
2018,36740,18,0.006725
2018,36780,18,0.011445
2018,36980,18,-0.004915
2018,37100,18,-0.011349
2018,37340,18,0.012222
2018,37860,18,0.006489
2018,38060,18,-0.002439
2018,38300,18,-0.009818
2018,38340,18,-0.01253
2018,38860,18,0.007914
2018,38900,18,-0.007716
2018,38940,18,0.011169
2018,39300,18,0.007938
2018,39340,18,0.011094
2018,39380,18,0.018501
2018,39460,18,0.009778
2018,39540,18,0.010091
2018,39580,18,0.009793
2018,39740,18,0.009704
2018,39820,18,-0.007412
2018,39900,18,-0.003498
2018,40140,18,-0.002321
2018,40420,18,0.006164
2018,40660,18,0.008006
2018,40900,18,0.001398
2018,40980,18,-0.004342
2018,41060,18,0.01037
2018,41100,18,0.01945
2018,41140,18,-0.012708
2018,41420,18,0.021049
2018,41500,18,-0.009445
2018,41700,18,0.013051
2018,41740,18,-0.008563
2018,41940,18,-0.026072
2018,42020,18,-0.01458
2018,42100,18,-0.016357
2018,42140,18,-0.001215
2018,42220,18,-0.01824
2018,42340,18,-0.003432
2018,42540,18,0.001453
2018,42680,18,0.017903
2018,43100,18,0.00738
2018,43620,18,0.008755
2018,43780,18,0.00036
2018,44100,18,-0.019854
2018,44180,18,0.011195
2018,44220,18,-0.002793
2018,44300,18,-0.003834
2018,44700,18,0.003221
2018,45060,18,-0.00226
2018,45220,18,0.004192
2018,45820,18,0.002255
2018,45940,18,0.000695
2018,46060,18,0.004938
2018,46140,18,-0.002237
2018,46340,18,0.008018
2018,46540,18,-0.004031
2018,46660,18,-0.011108
2018,46700,18,-0.002425
2018,47220,18,-0.001867
2018,47300,18,-0.00571
2018,47940,18,-0.013163
2018,48300,18,0.006252
2018,48540,18,-0.023633
2018,48660,18,0.000983
2018,48700,18,-0.017928
2018,49020,18,-0.000371
2018,49420,18,0.007406
2018,49620,18,0.009236
2018,49660,18,-0.007446
2018,49740,18,-0.003428
2018,10180,19,-0.009013
2018,10420,19,0.00022
2018,10580,19,0.001902
2018,10740,19,-0.002624
2018,10780,19,-0.012843
2018,10900,19,0.010829
2018,11020,19,-0.006298
2018,11260,19,-0.019446
2018,11460,19,0.001839
2018,11500,19,-0.005591
2018,11540,19,0.010904
2018,11700,19,-0.001227
2018,12020,19,0.015607
2018,12100,19,-0.006884
2018,12220,19,0.013686
2018,12420,19,-0.000578
2018,12540,19,-0.009502
2018,12580,19,-0.013763
2018,12620,19,0.000944
2018,12700,19,-0.002
2018,12980,19,0.000676
2018,13020,19,0.003258
2018,13380,19,0.029446
2018,13460,19,0.002738
2018,13780,19,-0.002736
2018,14260,19,0.008222
2018,14500,19,-0.015511
2018,14740,19,0.015233
2018,14860,19,-0.006844
2018,15180,19,0.006192
2018,15260,19,0.004995
2018,15380,19,0.001513
2018,15500,19,0.013906
2018,15540,19,-0.006392
2018,15940,19,-0.007588
2018,15980,19,-0.005799
2018,16020,19,-0.012992
2018,16180,19,-0.007849
2018,16220,19,-0.04611
2018,16300,19,0.00784
2018,16700,19,-8.8e-05
2018,16860,19,0.003727
2018,16940,19,-0.013137
2018,17020,19,0.006412
2018,17420,19,0.007265
2018,17660,19,0.019132
2018,17780,19,-0.006029
2018,17820,19,0.015806
2018,17900,19,0.001773
2018,18020,19,-0.006382
2018,18700,19,0.016269
2018,19340,19,-0.010409
2018,19460,19,0.003843
2018,19500,19,-0.011843
2018,19740,19,-0.009422
2018,20020,19,-0.007521
2018,20100,19,-0.006813
2018,20220,19,-0.00342
2018,20740,19,0.003617
2018,20940,19,-0.005173
2018,21140,19,0.001506
2018,21300,19,-0.004681
2018,21500,19,-0.015031
2018,21660,19,0.014774
2018,21820,19,-0.014621
2018,22020,19,-0.012136
2018,22140,19,-0.024366
2018,22380,19,-0.010566
2018,22420,19,-0.005274
2018,22500,19,-0.010609
2018,22520,19,-0.007415
2018,22540,19,0.007698
2018,22660,19,-0.00299
2018,23420,19,-0.000155
2018,23460,19,-0.006547
2018,23580,19,0.003015
2018,24020,19,0.006786
2018,24220,19,-0.023403
2018,24300,19,0.00472
2018,24500,19,-0.006556
2018,24540,19,0.022756
2018,24580,19,0.011592
2018,24660,19,-0.001179
2018,25420,19,0.006123
2018,25500,19,-0.002892
2018,25540,19,-0.003596
2018,25860,19,0.004685
2018,25980,19,0.016831
2018,26300,19,0.012687
2018,26380,19,-0.021891
2018,26620,19,0.005304
2018,26980,19,0.00385
2018,27060,19,-0.001594
2018,27100,19,0.006589
2018,27260,19,0.004614
2018,27340,19,0.007522
2018,27500,19,0.011194
2018,27740,19,0.000273
2018,27780,19,-0.009138
2018,27860,19,0.006008
2018,27900,19,0.005053
2018,28100,19,-0.006954
2018,28420,19,0.029374
2018,28660,19,0.015492
2018,28700,19,-0.008094
2018,28740,19,0.013386
2018,29100,19,-0.000889
2018,29340,19,-0.009375
2018,29420,19,-0.003462
2018,29460,19,0.019204
2018,29540,19,0.00868
2018,29700,19,-0.002361
2018,29740,19,0.004454
2018,29820,19,0.00159
2018,29940,19,0.000617
2018,30140,19,0.015162
2018,30300,19,0.002287
2018,30340,19,0.007371
2018,30460,19,0.007502
2018,30620,19,-0.004148
2018,30700,19,0.010403
2018,30780,19,0.0029
2018,30860,19,0.020593
2018,31020,19,0.025084
2018,31420,19,-0.007535
2018,31700,19,0.004953
2018,31860,19,0.01028
2018,32580,19,0.006138
2018,32780,19,0.002425
2018,32900,19,0.001013
2018,33140,19,-0.009636
2018,33340,19,-0.002152
2018,33540,19,-0.000608
2018,33700,19,-0.007193
2018,33780,19,-0.001147
2018,33860,19,-0.005745
2018,34060,19,-0.018516
2018,34580,19,0.0224
2018,34620,19,-0.005921
2018,34740,19,0.006394
2018,34940,19,-0.020784
2018,35300,19,-0.002499
2018,35660,19,-4e-06
2018,35840,19,-0.010545
2018,35980,19,0.005386
2018,36100,19,0.014743
2018,36220,19,-0.032557
2018,36420,19,-0.003613
2018,36500,19,0.029639
2018,36540,19,0.009184
2018,36740,19,0.002091
2018,36780,19,0.011081
2018,36980,19,-0.005778
2018,37100,19,-0.011345
2018,37340,19,0.00858
2018,37860,19,0.006028
2018,38060,19,-0.005436
2018,38300,19,-0.010074
2018,38340,19,-0.010097
2018,38860,19,0.006567
2018,38900,19,-0.009391
2018,38940,19,0.004808
2018,39300,19,0.005483
2018,39340,19,0.010259
2018,39380,19,0.017803
2018,39460,19,0.004474
2018,39540,19,0.009885
2018,39580,19,0.009317
2018,39740,19,0.010559
2018,39820,19,-0.004241
2018,39900,19,-0.010754
2018,40140,19,-0.004309
2018,40420,19,0.005111
2018,40660,19,0.01024
2018,40900,19,-0.000903
2018,40980,19,-0.003222
2018,41060,19,0.011486
2018,41100,19,0.023541
2018,41140,19,-0.009337
2018,41420,19,0.021176
2018,41500,19,-0.012732
2018,41700,19,0.011781
2018,41740,19,-0.009053
2018,41940,19,-0.027509
2018,42020,19,-0.014045
2018,42100,19,-0.016397
2018,42140,19,0.001621
2018,42220,19,-0.020025
2018,42340,19,-0.004978
2018,42540,19,0.0028
2018,42680,19,0.013192
2018,43100,19,0.007948
2018,43620,19,0.006919
2018,43780,19,0.00065
2018,44100,19,-0.019448
2018,44180,19,0.010956
2018,44220,19,-0.000295
2018,44300,19,-0.00407
2018,44700,19,-0.00119
2018,45060,19,-0.002816
2018,45220,19,0.005542
2018,45820,19,0.002815
2018,45940,19,-0.000222
2018,46060,19,0.006463
2018,46140,19,-0.003156
2018,46340,19,0.007747
2018,46540,19,-0.003155
2018,46660,19,-0.007052
2018,46700,19,-0.007191
2018,47220,19,-0.002877
2018,47300,19,-0.005352
2018,47940,19,-0.010449
2018,48300,19,0.006527
2018,48540,19,-0.02708
2018,48660,19,0.007324
2018,48700,19,-0.019419
2018,49020,19,0.001582
2018,49420,19,0.009462
2018,49620,19,0.009745
2018,49660,19,-0.007126
2018,49740,19,-0.001607
2019,10180,0,-0.003005
2019,10420,0,0.002638
2019,10580,0,0.00602
2019,10740,0,-0.007818
2019,10780,0,-0.017086
2019,10900,0,0.007485
2019,11020,0,-0.027916
2019,11260,0,-0.017276
2019,11460,0,-0.001444
2019,11500,0,-0.002855
2019,11540,0,0.007161
2019,11700,0,-0.006932
2019,12020,0,0.005764
2019,12100,0,0.01034
2019,12220,0,0.008577
2019,12420,0,-0.003821
2019,12540,0,0.006577
2019,12580,0,-0.012271
2019,12620,0,0.003091
2019,12700,0,-0.00843
2019,12980,0,-0.002769
2019,13020,0,0.002915
2019,13380,0,0.016271
2019,13460,0,0.005528
2019,13780,0,-0.003847
2019,14260,0,0.021581
2019,14500,0,-0.019976
2019,14740,0,0.01184
2019,14860,0,-0.003591
2019,15180,0,-0.004654
2019,15260,0,-0.005112
2019,15380,0,0.003253
2019,15500,0,0.021466
2019,15540,0,0.003774
2019,15940,0,-0.004811
2019,15980,0,0.001021
2019,16020,0,-0.023166
2019,16180,0,0.001284
2019,16220,0,-0.025124
2019,16300,0,0.005968
2019,16700,0,-0.008688
2019,16860,0,0.003065
2019,16940,0,-0.012434
2019,17020,0,0.005048
2019,17420,0,0.01439
2019,17660,0,0.015301
2019,17780,0,-0.006528
2019,17820,0,0.014271
2019,17900,0,0.002097
2019,18020,0,0.001314
2019,18700,0,-0.010638
2019,19340,0,-0.008978
2019,19460,0,-0.00012
2019,19500,0,-0.006873
2019,19740,0,-0.01508
2019,20020,0,-0.005229
2019,20100,0,0.001175
2019,20220,0,-0.008745
2019,20740,0,0.008199
2019,20940,0,-0.013909
2019,21140,0,0.005974
2019,21300,0,-0.020337
2019,21500,0,-0.009065
2019,21660,0,0.002165
2019,21820,0,-0.020854
2019,22020,0,-0.003235
2019,22140,0,-0.030996
2019,22380,0,-0.007656
2019,22420,0,-0.006871
2019,22500,0,-0.013572
2019,22520,0,-0.013451
2019,22540,0,0.014484
2019,22660,0,-0.008082
2019,23420,0,0.002537
2019,23460,0,-0.003563
2019,23580,0,0.00183
2019,24020,0,-0.002216
2019,24220,0,-0.023221
2019,24300,0,0.01057
2019,24500,0,-0.010498
2019,24540,0,0.006817
2019,24580,0,0.006721
2019,24660,0,0.002076
2019,25420,0,0.012389
2019,25500,0,-0.004201
2019,25540,0,-0.003686
2019,25860,0,-0.004395
2019,25980,0,0.00291
2019,26300,0,0.009712
2019,26380,0,-0.016591
2019,26620,0,0.013819
2019,26980,0,0.00711
2019,27060,0,-0.013073
2019,27100,0,-0.013891
2019,27260,0,0.005123
2019,27340,0,0.020485
2019,27500,0,0.009505
2019,27740,0,-0.002454
2019,27780,0,-0.017447
2019,27860,0,0.007035
2019,27900,0,0.00905
2019,28100,0,-0.003006
2019,28420,0,0.01819
2019,28660,0,0.019483
2019,28700,0,-0.0194
2019,28740,0,0.016626
2019,29100,0,-0.004159
2019,29340,0,-0.01482
2019,29420,0,0.006248
2019,29460,0,0.025116
2019,29540,0,0.002833
2019,29700,0,-0.000111
2019,29740,0,0.004078
2019,29820,0,0.025451
2019,29940,0,0.012913
2019,30140,0,0.017244
2019,30300,0,-0.027849
2019,30340,0,0.003927
2019,30460,0,0.004216
2019,30620,0,-0.009088
2019,30700,0,0.007611
2019,30780,0,-0.002846
2019,30860,0,0.012469
2019,31020,0,0.018743
2019,31420,0,0.003957
2019,31700,0,0.004394
2019,31860,0,0.004424
2019,32580,0,0.003253
2019,32780,0,-0.001583
2019,32900,0,0.010382
2019,33140,0,0.009196
2019,33340,0,0.001519
2019,33540,0,-0.00723
2019,33700,0,-0.00332
2019,33780,0,-0.005825
2019,33860,0,-0.008925
2019,34060,0,-0.01356
2019,34580,0,0.014732
2019,34620,0,-0.010881
2019,34740,0,-0.009991
2019,34940,0,-0.007549
2019,35300,0,-0.001527
2019,35660,0,-0.013579
2019,35840,0,-0.002608
2019,35980,0,-0.007052
2019,36100,0,0.01076
2019,36220,0,0.031268
2019,36420,0,-0.003287
2019,36500,0,0.023957
2019,36540,0,0.009934
2019,36740,0,0.006091
2019,36780,0,0.010043
2019,36980,0,-0.005265
2019,37100,0,-0.009144
2019,37340,0,-0.003512
2019,37860,0,0.009301
2019,38060,0,0.012438
2019,38300,0,-0.006879
2019,38340,0,0.002733
2019,38860,0,0.002258
2019,38900,0,-0.018788
2019,38940,0,-0.000828
2019,39300,0,0.00325
2019,39340,0,0.008102
2019,39380,0,0.008924
2019,39460,0,0.004018
2019,39540,0,0.013656
2019,39580,0,0.003667
2019,39740,0,0.004378
2019,39820,0,-0.001332
2019,39900,0,-0.001667
2019,40140,0,0.005917
2019,40420,0,0.007728
2019,40660,0,0.007558
2019,40900,0,0.005772
2019,40980,0,-0.002179
2019,41060,0,-0.007201
2019,41100,0,0.021683
2019,41140,0,-0.010104
2019,41420,0,0.009761
2019,41500,0,-0.009374
2019,41700,0,0.003566
2019,41740,0,-0.002989
2019,41940,0,-0.008975
2019,42020,0,-0.008194
2019,42100,0,-0.020362
2019,42140,0,0.001885
2019,42220,0,-0.01855
2019,42340,0,-0.006467
2019,42540,0,0.003137
2019,42680,0,0.002543
2019,43100,0,0.000793
2019,43620,0,0.009978
2019,43780,0,0.007927
2019,44100,0,-0.015164
2019,44180,0,0.01237
2019,44220,0,0.004808
2019,44300,0,-0.002693
2019,44700,0,0.013772
2019,45060,0,0.005196
2019,45220,0,-0.00576
2019,45820,0,-6.1e-05
2019,45940,0,0.010376
2019,46060,0,0.001903
2019,46140,0,-0.006726
2019,46340,0,0.010505
2019,46540,0,0.006051
2019,46660,0,0.007948
2019,46700,0,0.000346
2019,47220,0,-0.002925
2019,47300,0,-0.00344
2019,47940,0,-0.003405
2019,48300,0,0.0045
2019,48540,0,-0.010401
2019,48660,0,-0.019388
2019,48700,0,-0.003279
2019,49020,0,0.002232
2019,49420,0,0.015634
2019,49620,0,0.002557
2019,49660,0,-0.007135
2019,49740,0,-0.000671
2019,10180,1,-0.001525
2019,10420,1,-0.000973
2019,10580,1,-0.000145
2019,10740,1,-0.00721
2019,10780,1,-0.016561
2019,10900,1,0.007135
2019,11020,1,-0.014988
2019,11260,1,-0.017921
2019,11460,1,-0.003532
2019,11500,1,-0.000966
2019,11540,1,0.006671
2019,11700,1,-0.00381
2019,12020,1,0.009361
2019,12100,1,0.002411
2019,12220,1,0.005744
2019,12420,1,-0.00614
2019,12540,1,0.005876
2019,12580,1,-0.01103
2019,12620,1,0.002365
2019,12700,1,-0.002735
2019,12980,1,-0.001018
2019,13020,1,-7.5e-05
2019,13380,1,0.017818
2019,13460,1,4.7e-05
2019,13780,1,-0.000958
2019,14260,1,0.021228
2019,14500,1,-0.018724
2019,14740,1,0.013689
2019,14860,1,-0.007331
2019,15180,1,-0.007166
2019,15260,1,-0.003734
2019,15380,1,0.001418
2019,15500,1,0.020081
2019,15540,1,0.005152
2019,15940,1,-0.007796
2019,15980,1,-0.008571
2019,16020,1,0.00052
2019,16180,1,-0.002334
2019,16220,1,-0.016994
2019,16300,1,0.000905
2019,16700,1,-0.008211
2019,16860,1,0.00562
2019,16940,1,-0.011688
2019,17020,1,0.001624
2019,17420,1,0.014535
2019,17660,1,0.016254
2019,17780,1,-0.010297
2019,17820,1,0.013843
2019,17900,1,0.002874
2019,18020,1,0.000736
2019,18700,1,-0.002027
2019,19340,1,-0.00965
2019,19460,1,-0.001887
2019,19500,1,-0.012794
2019,19740,1,-0.016086
2019,20020,1,-0.003115
2019,20100,1,-0.00032
2019,20220,1,-0.008837
2019,20740,1,0.007567
2019,20940,1,-0.014864
2019,21140,1,0.005406
2019,21300,1,-0.008407
2019,21500,1,-0.007681
2019,21660,1,0.006284
2019,21820,1,-0.013154
2019,22020,1,-0.006548
2019,22140,1,-0.029277
2019,22380,1,-0.007506
2019,22420,1,-0.012393
2019,22500,1,-0.010437
2019,22520,1,-0.016245
2019,22540,1,0.014035
2019,22660,1,-0.009691
2019,23420,1,-0.001317
2019,23460,1,-0.002265
2019,23580,1,-0.000855
2019,24020,1,-0.004593
2019,24220,1,-0.020652
2019,24300,1,0.012533
2019,24500,1,-0.008698
2019,24540,1,0.002636
2019,24580,1,0.004442
2019,24660,1,0.002353
2019,25420,1,0.007106
2019,25500,1,-0.001669
2019,25540,1,-0.007931
2019,25860,1,0.007408
2019,25980,1,0.00276
2019,26300,1,0.009319
2019,26380,1,-0.015491
2019,26620,1,0.01338
2019,26980,1,0.000104
2019,27060,1,-0.012282
2019,27100,1,-0.007819
2019,27260,1,0.00274
2019,27340,1,0.027735
2019,27500,1,0.00813
2019,27740,1,0.003636
2019,27780,1,-0.018415
2019,27860,1,0.001346
2019,27900,1,0.00567
2019,28100,1,-0.002428
2019,28420,1,0.021804
2019,28660,1,0.017502
2019,28700,1,-0.002425
2019,28740,1,0.014113
2019,29100,1,-0.004227
2019,29340,1,-0.018169
2019,29420,1,0.003024
2019,29460,1,0.023998
2019,29540,1,0.007403
2019,29700,1,-0.001203
2019,29740,1,0.003244
2019,29820,1,0.022604
2019,29940,1,0.006854
2019,30140,1,0.016157
2019,30300,1,-0.006747
2019,30340,1,0.004143
2019,30460,1,0.002237
2019,30620,1,-0.003359
2019,30700,1,0.000425
2019,30780,1,-0.007672
2019,30860,1,0.01843
2019,31020,1,0.023172
2019,31420,1,0.007373
2019,31700,1,0.003328
2019,31860,1,-0.000794
2019,32580,1,-0.000646
2019,32780,1,-0.003764
2019,32900,1,0.006849
2019,33140,1,0.008449
2019,33340,1,-0.001544
2019,33540,1,-0.009966
2019,33700,1,0.003125
2019,33780,1,-0.001091
2019,33860,1,-0.011452
2019,34060,1,-0.007472
2019,34580,1,0.017145
2019,34620,1,-0.004754
2019,34740,1,-0.003553
2019,34940,1,-0.011883
2019,35300,1,-0.003665
2019,35660,1,-0.009004
2019,35840,1,-0.009332
2019,35980,1,-0.005751
2019,36100,1,0.005972
2019,36220,1,0.045969
2019,36420,1,-0.005323
2019,36500,1,0.0264
2019,36540,1,0.004916
2019,36740,1,0.002551
2019,36780,1,0.008586
2019,36980,1,-0.004466
2019,37100,1,-0.011987
2019,37340,1,-0.00694
2019,37860,1,0.010142
2019,38060,1,0.009278
2019,38300,1,-0.006081
2019,38340,1,0.009456
2019,38860,1,0.001396
2019,38900,1,-0.019333
2019,38940,1,-0.005411
2019,39300,1,0.000708
2019,39340,1,0.003699
2019,39380,1,0.01067
2019,39460,1,-0.003667
2019,39540,1,0.014619
2019,39580,1,0.003456
2019,39740,1,0.008299
2019,39820,1,-0.002564
2019,39900,1,-0.008735
2019,40140,1,0.004269
2019,40420,1,0.005627
2019,40660,1,0.006708
2019,40900,1,-0.000263
2019,40980,1,-0.0062
2019,41060,1,0.003985
2019,41100,1,0.017149
2019,41140,1,0.007291
2019,41420,1,0.013353
2019,41500,1,-0.014854
2019,41700,1,0.00289
2019,41740,1,-0.006186
2019,41940,1,-0.003832
2019,42020,1,-0.008756
2019,42100,1,-0.020741
2019,42140,1,0.003955
2019,42220,1,-0.018524
2019,42340,1,-0.006618
2019,42540,1,0.002023
2019,42680,1,-0.000497
2019,43100,1,0.009266
2019,43620,1,0.002035
2019,43780,1,0.008641
2019,44100,1,-0.016072
2019,44180,1,0.009441
2019,44220,1,0.00402
2019,44300,1,0.001119
2019,44700,1,0.009029
2019,45060,1,0.002158
2019,45220,1,-0.004579
2019,45820,1,-0.003479
2019,45940,1,0.003223
2019,46060,1,2.4e-05
2019,46140,1,-0.009488
2019,46340,1,0.009412
2019,46540,1,0.005875
2019,46660,1,0.007382
2019,46700,1,-0.002487
2019,47220,1,-0.006536
2019,47300,1,-0.007036
2019,47940,1,-0.002037
2019,48300,1,0.009507
2019,48540,1,-0.014413
2019,48660,1,-0.000944
2019,48700,1,-0.004593
2019,49020,1,-0.002761
2019,49420,1,0.018747
2019,49620,1,0.004439
2019,49660,1,-0.009762
2019,49740,1,-0.007007
2019,10180,2,-0.001974
2019,10420,2,0.00107
2019,10580,2,0.003438
2019,10740,2,-0.007471
2019,10780,2,-0.016609
2019,10900,2,0.006516
2019,11020,2,-0.023369
2019,11260,2,-0.017862
2019,11460,2,-0.003404
2019,11500,2,-0.001164
2019,11540,2,0.006602
2019,11700,2,-0.005571
2019,12020,2,0.007072
2019,12100,2,0.008895
2019,12220,2,0.007142
2019,12420,2,-0.006458
2019,12540,2,0.006937
2019,12580,2,-0.011693
2019,12620,2,0.003358
2019,12700,2,-0.006069
2019,12980,2,-0.002329
2019,13020,2,0.002378
2019,13380,2,0.016124
2019,13460,2,0.000919
2019,13780,2,-0.002075
2019,14260,2,0.021497
2019,14500,2,-0.019185
2019,14740,2,0.013094
2019,14860,2,-0.005382
2019,15180,2,-0.005467
2019,15260,2,-0.003872
2019,15380,2,0.003013
2019,15500,2,0.020264
2019,15540,2,0.003597
2019,15940,2,-0.00593
2019,15980,2,-0.004352
2019,16020,2,-0.013601
2019,16180,2,0.000756
2019,16220,2,-0.019469
2019,16300,2,0.003692
2019,16700,2,-0.009233
2019,16860,2,0.004667
2019,16940,2,-0.01209
2019,17020,2,0.00344
2019,17420,2,0.014603
2019,17660,2,0.015058
2019,17780,2,-0.00796
2019,17820,2,0.01403
2019,17900,2,0.002746
2019,18020,2,0.000244
2019,18700,2,-0.009114
2019,19340,2,-0.009931
2019,19460,2,-0.000236
2019,19500,2,-0.00894
2019,19740,2,-0.01579
2019,20020,2,-0.004412
2019,20100,2,0.000976
2019,20220,2,-0.008587
2019,20740,2,0.007681
2019,20940,2,-0.014412
2019,21140,2,0.005475
2019,21300,2,-0.015145
2019,21500,2,-0.008008
2019,21660,2,0.002473
2019,21820,2,-0.01791
2019,22020,2,-0.005912
2019,22140,2,-0.029773
2019,22380,2,-0.007734
2019,22420,2,-0.008795
2019,22500,2,-0.011618
2019,22520,2,-0.014568
2019,22540,2,0.014249
2019,22660,2,-0.009269
2019,23420,2,0.001196
2019,23460,2,-0.002633
2019,23580,2,0.000224
2019,24020,2,-0.002822
2019,24220,2,-0.022238
2019,24300,2,0.012136
2019,24500,2,-0.008957
2019,24540,2,0.002802
2019,24580,2,0.005427
2019,24660,2,0.002623
2019,25420,2,0.009753
2019,25500,2,-0.00393
2019,25540,2,-0.005791
2019,25860,2,0.000667
2019,25980,2,0.003948
2019,26300,2,0.010055
2019,26380,2,-0.015348
2019,26620,2,0.013246
2019,26980,2,0.003695
2019,27060,2,-0.013471
2019,27100,2,-0.011737
2019,27260,2,0.003508
2019,27340,2,0.024817
2019,27500,2,0.008953
2019,27740,2,-0.000154
2019,27780,2,-0.017395
2019,27860,2,0.004641
2019,27900,2,0.008155
2019,28100,2,-0.002397
2019,28420,2,0.019271
2019,28660,2,0.018888
2019,28700,2,-0.012588
2019,28740,2,0.017039
2019,29100,2,-0.00432
2019,29340,2,-0.016136
2019,29420,2,0.006006
2019,29460,2,0.023079
2019,29540,2,0.003911
2019,29700,2,-1.4e-05
2019,29740,2,0.004609
2019,29820,2,0.025525
2019,29940,2,0.010355
2019,30140,2,0.015718
2019,30300,2,-0.020177
2019,30340,2,0.004298
2019,30460,2,0.003117
2019,30620,2,-0.006481
2019,30700,2,0.004942
2019,30780,2,-0.004678
2019,30860,2,0.014072
2019,31020,2,0.019978
2019,31420,2,0.006694
2019,31700,2,0.003716
2019,31860,2,0.002252
2019,32580,2,0.0017
2019,32780,2,-0.003474
2019,32900,2,0.009816
2019,33140,2,0.009874
2019,33340,2,0.000522
2019,33540,2,-0.008757
2019,33700,2,-0.00033
2019,33780,2,-0.004624
2019,33860,2,-0.010129
2019,34060,2,-0.011792
2019,34580,2,0.015365
2019,34620,2,-0.008589
2019,34740,2,-0.007738
2019,34940,2,-0.009698
2019,35300,2,-0.00271
2019,35660,2,-0.012169
2019,35840,2,-0.006294
2019,35980,2,-0.006228
2019,36100,2,0.008714
2019,36220,2,0.039725
2019,36420,2,-0.0047
2019,36500,2,0.024026
2019,36540,2,0.008152
2019,36740,2,0.003114
2019,36780,2,0.009678
2019,36980,2,-0.005294
2019,37100,2,-0.00956
2019,37340,2,-0.005587
2019,37860,2,0.009984
2019,38060,2,0.011049
2019,38300,2,-0.006425
2019,38340,2,0.00642
2019,38860,2,0.001774
2019,38900,2,-0.019994
2019,38940,2,-0.003864
2019,39300,2,0.002534
2019,39340,2,0.004699
2019,39380,2,0.01076
2019,39460,2,-0.00056
2019,39540,2,0.014543
2019,39580,2,0.002434
2019,39740,2,0.005186
2019,39820,2,-0.001427
2019,39900,2,-0.00387
2019,40140,2,0.005608
2019,40420,2,0.007793
2019,40660,2,0.007953
2019,40900,2,0.003605
2019,40980,2,-0.00336
2019,41060,2,-0.003485
2019,41100,2,0.017584
2019,41140,2,-0.002278
2019,41420,2,0.010272
2019,41500,2,-0.010996
2019,41700,2,0.002031
2019,41740,2,-0.003941
2019,41940,2,-0.005704
2019,42020,2,-0.008366
2019,42100,2,-0.020325
2019,42140,2,0.003508
2019,42220,2,-0.017253
2019,42340,2,-0.006836
2019,42540,2,0.002498
2019,42680,2,0.000497
2019,43100,2,0.004333
2019,43620,2,0.005874
2019,43780,2,0.008544
2019,44100,2,-0.015847
2019,44180,2,0.011418
2019,44220,2,0.005225
2019,44300,2,-0.002219
2019,44700,2,0.012507
2019,45060,2,0.004695
2019,45220,2,-0.005047
2019,45820,2,-0.000404
2019,45940,2,0.007348
2019,46060,2,0.001058
2019,46140,2,-0.007557
2019,46340,2,0.009651
2019,46540,2,0.006628
2019,46660,2,0.008702
2019,46700,2,-0.000155
2019,47220,2,-0.003405
2019,47300,2,-0.004618
2019,47940,2,-0.002153
2019,48300,2,0.006576
2019,48540,2,-0.009922
2019,48660,2,-0.01213
2019,48700,2,-0.003577
2019,49020,2,-0.000547
2019,49420,2,0.018294
2019,49620,2,0.002266
2019,49660,2,-0.007818
2019,49740,2,-0.003773
2019,10180,3,-0.003719
2019,10420,3,0.00152
2019,10580,3,0.001418
2019,10740,3,-0.009268
2019,10780,3,-0.017785
2019,10900,3,0.009648
2019,11020,3,-0.020288
2019,11260,3,-0.023437
2019,11460,3,-0.000142
2019,11500,3,-0.002277
2019,11540,3,0.006043
2019,11700,3,-0.008882
2019,12020,3,0.006934
2019,12100,3,0.007444
2019,12220,3,0.008108
2019,12420,3,-0.005807
2019,12540,3,0.007795
2019,12580,3,-0.013162
2019,12620,3,0.000813
2019,12700,3,-0.003996
2019,12980,3,0.00031
2019,13020,3,0.003056
2019,13380,3,0.013739
2019,13460,3,0.00361
2019,13780,3,-0.003858
2019,14260,3,0.023482
2019,14500,3,-0.021928
2019,14740,3,0.009589
2019,14860,3,-0.004494
2019,15180,3,-0.005499
2019,15260,3,-0.005793
2019,15380,3,0.001519
2019,15500,3,0.02122
2019,15540,3,0.003388
2019,15940,3,-0.005449
2019,15980,3,0.000892
2019,16020,3,-0.008245
2019,16180,3,0.004349
2019,16220,3,-0.026925
2019,16300,3,0.003518
2019,16700,3,-0.009936
2019,16860,3,0.002751
2019,16940,3,-0.014906
2019,17020,3,0.005828
2019,17420,3,0.015906
2019,17660,3,0.015412
2019,17780,3,-0.009885
2019,17820,3,0.014358
2019,17900,3,0.001182
2019,18020,3,-0.001448
2019,18700,3,-0.010506
2019,19340,3,-0.011386
2019,19460,3,-0.001664
2019,19500,3,-0.013283
2019,19740,3,-0.015711
2019,20020,3,-0.003718
2019,20100,3,-9.7e-05
2019,20220,3,-0.010422
2019,20740,3,0.006333
2019,20940,3,-0.01254
2019,21140,3,0.005794
2019,21300,3,-0.013816
2019,21500,3,-0.008379
2019,21660,3,0.001706
2019,21820,3,-0.021024
2019,22020,3,-0.006876
2019,22140,3,-0.0359
2019,22380,3,-0.006735
2019,22420,3,-0.00477
2019,22500,3,-0.014099
2019,22520,3,-0.01619
2019,22540,3,0.013513
2019,22660,3,-0.008136
2019,23420,3,0.003753
2019,23460,3,-0.00437
2019,23580,3,0.000928
2019,24020,3,-0.005754
2019,24220,3,-0.026907
2019,24300,3,0.009877
2019,24500,3,-0.01338
2019,24540,3,0.007161
2019,24580,3,0.005272
2019,24660,3,0.001577
2019,25420,3,0.009461
2019,25500,3,-0.005755
2019,25540,3,-0.005937
2019,25860,3,0.001028
2019,25980,3,-0.002056
2019,26300,3,0.00986
2019,26380,3,-0.018815
2019,26620,3,0.01398
2019,26980,3,0.003545
2019,27060,3,-0.014533
2019,27100,3,-0.00581
2019,27260,3,0.006139
2019,27340,3,0.022875
2019,27500,3,0.008173
2019,27740,3,0.000287
2019,27780,3,-0.018825
2019,27860,3,0.006184
2019,27900,3,0.006118
2019,28100,3,-0.00467
2019,28420,3,0.018058
2019,28660,3,0.020421
2019,28700,3,-0.011974
2019,28740,3,0.015619
2019,29100,3,-0.007282
2019,29340,3,-0.019237
2019,29420,3,0.008417
2019,29460,3,0.028966
2019,29540,3,0.005743
2019,29700,3,-0.001147
2019,29740,3,0.002253
2019,29820,3,0.030003
2019,29940,3,0.009371
2019,30140,3,0.018077
2019,30300,3,-0.020618
2019,30340,3,0.003275
2019,30460,3,0.003358
2019,30620,3,-0.007072
2019,30700,3,0.004128
2019,30780,3,-0.004466
2019,30860,3,0.014645
2019,31020,3,0.019296
2019,31420,3,0.006235
2019,31700,3,0.005228
2019,31860,3,0.002638
2019,32580,3,0.001749
2019,32780,3,0.000213
2019,32900,3,0.015686
2019,33140,3,0.007062
2019,33340,3,-0.001328
2019,33540,3,-0.012023
2019,33700,3,0.005053
2019,33780,3,0.002282
2019,33860,3,-0.010153
2019,34060,3,-0.014548
2019,34580,3,0.014077
2019,34620,3,-0.007184
2019,34740,3,-0.004848
2019,34940,3,-0.007986
2019,35300,3,-0.001975
2019,35660,3,-0.01164
2019,35840,3,-0.001846
2019,35980,3,-0.006131
2019,36100,3,0.011375
2019,36220,3,0.038688
2019,36420,3,-0.003485
2019,36500,3,0.02343
2019,36540,3,0.008292
2019,36740,3,0.008331
2019,36780,3,0.007888
2019,36980,3,-0.003959
2019,37100,3,-0.010965
2019,37340,3,-0.00175
2019,37860,3,0.011092
2019,38060,3,0.013225
2019,38300,3,-0.006259
2019,38340,3,0.0042
2019,38860,3,0.001588
2019,38900,3,-0.022309
2019,38940,3,0.002409
2019,39300,3,0.003351
2019,39340,3,0.006275
2019,39380,3,0.00819
2019,39460,3,0.004898
2019,39540,3,0.012897
2019,39580,3,0.002956
2019,39740,3,0.008577
2019,39820,3,-0.000383
2019,39900,3,-0.000476
2019,40140,3,0.006737
2019,40420,3,0.005801
2019,40660,3,0.006864
2019,40900,3,0.005728
2019,40980,3,-0.002446
2019,41060,3,0.003205
2019,41100,3,0.023494
2019,41140,3,7.2e-05
2019,41420,3,0.009783
2019,41500,3,-0.009214
2019,41700,3,0.002713
2019,41740,3,-0.003471
2019,41940,3,-0.009411
2019,42020,3,-0.007593
2019,42100,3,-0.021607
2019,42140,3,0.001398
2019,42220,3,-0.019804
2019,42340,3,-0.007415
2019,42540,3,0.002692
2019,42680,3,0.004806
2019,43100,3,0.00496
2019,43620,3,0.006637
2019,43780,3,0.00685
2019,44100,3,-0.019136
2019,44180,3,0.011864
2019,44220,3,0.00433
2019,44300,3,-0.001734
2019,44700,3,0.016421
2019,45060,3,0.00362
2019,45220,3,-0.005633
2019,45820,3,-0.002953
2019,45940,3,0.009246
2019,46060,3,0.003591
2019,46140,3,-0.008054
2019,46340,3,0.010408
2019,46540,3,0.003401
2019,46660,3,0.005021
2019,46700,3,0.001433
2019,47220,3,-0.00398
2019,47300,3,-0.003834
2019,47940,3,-0.003112
2019,48300,3,0.001641
2019,48540,3,-0.01811
2019,48660,3,-0.008187
2019,48700,3,-0.005942
2019,49020,3,0.001376
2019,49420,3,0.012739
2019,49620,3,0.005462
2019,49660,3,-0.008422
2019,49740,3,-0.001799
2019,10180,4,0.000276
2019,10420,4,-0.001511
2019,10580,4,0.000335
2019,10740,4,-0.008275
2019,10780,4,-0.016008
2019,10900,4,0.004471
2019,11020,4,-0.01592
2019,11260,4,-0.017297
2019,11460,4,-0.00615
2019,11500,4,0.001094
2019,11540,4,0.006522
2019,11700,4,-0.001158
2019,12020,4,0.010398
2019,12100,4,0.007177
2019,12220,4,0.005984
2019,12420,4,-0.007406
2019,12540,4,0.003326
2019,12580,4,-0.01079
2019,12620,4,0.004443
2019,12700,4,-0.00174
2019,12980,4,-0.002985
2019,13020,4,-0.000553
2019,13380,4,0.019573
2019,13460,4,-0.003587
2019,13780,4,0.00107
2019,14260,4,0.025229
2019,14500,4,-0.017817
2019,14740,4,0.017869
2019,14860,4,-0.009653
2019,15180,4,-0.009082
2019,15260,4,-0.002006
2019,15380,4,0.004596
2019,15500,4,0.017984
2019,15540,4,0.004493
2019,15940,4,-0.007702
2019,15980,4,-0.014601
2019,16020,4,0.001579
2019,16180,4,-0.002615
2019,16220,4,-0.012618
2019,16300,4,-0.000357
2019,16700,4,-0.007932
2019,16860,4,0.008059
2019,16940,4,-0.009951
2019,17020,4,0.001779
2019,17420,4,0.014657
2019,17660,4,0.018139
2019,17780,4,-0.007154
2019,17820,4,0.01447
2019,17900,4,0.004016
2019,18020,4,0.00043
2019,18700,4,-0.002942
2019,19340,4,-0.011413
2019,19460,4,-0.002638
2019,19500,4,-0.013723
2019,19740,4,-0.015416
2019,20020,4,-0.004143
2019,20100,4,0.001357
2019,20220,4,-0.008262
2019,20740,4,0.00842
2019,20940,4,-0.017494
2019,21140,4,0.005002
2019,21300,4,-0.006173
2019,21500,4,-0.006809
2019,21660,4,0.006469
2019,21820,4,-0.011681
2019,22020,4,-0.009746
2019,22140,4,-0.029622
2019,22380,4,-0.008304
2019,22420,4,-0.012936
2019,22500,4,-0.008938
2019,22520,4,-0.015694
2019,22540,4,0.012332
2019,22660,4,-0.011444
2019,23420,4,-0.00198
2019,23460,4,-0.000806
2019,23580,4,-0.001905
2019,24020,4,-0.003831
2019,24220,4,-0.022648
2019,24300,4,0.015629
2019,24500,4,-0.006523
2019,24540,4,-0.002318
2019,24580,4,0.003716
2019,24660,4,0.003727
2019,25420,4,0.006092
2019,25500,4,-0.003218
2019,25540,4,-0.010336
2019,25860,4,0.008172
2019,25980,4,0.005424
2019,26300,4,0.007645
2019,26380,4,-0.013693
2019,26620,4,0.013293
2019,26980,4,-0.000713
2019,27060,4,-0.016646
2019,27100,4,-0.009946
2019,27260,4,0.002897
2019,27340,4,0.029891
2019,27500,4,0.008119
2019,27740,4,0.004006
2019,27780,4,-0.019446
2019,27860,4,0.00025
2019,27900,4,0.006531
2019,28100,4,-0.001472
2019,28420,4,0.023939
2019,28660,4,0.017315
2019,28700,4,-0.001823
2019,28740,4,0.017586
2019,29100,4,-0.002322
2019,29340,4,-0.015694
2019,29420,4,0.004771
2019,29460,4,0.019995
2019,29540,4,0.006668
2019,29700,4,0.000298
2019,29740,4,0.004149
2019,29820,4,0.023573
2019,29940,4,0.005424
2019,30140,4,0.012172
2019,30300,4,-0.007085
2019,30340,4,0.005313
2019,30460,4,0.002281
2019,30620,4,-0.002643
2019,30700,4,0.002106
2019,30780,4,-0.008417
2019,30860,4,0.016057
2019,31020,4,0.023686
2019,31420,4,0.009325
2019,31700,4,0.002849
2019,31860,4,-0.001417
2019,32580,4,-0.001015
2019,32780,4,-0.006397
2019,32900,4,0.002382
2019,33140,4,0.012177
2019,33340,4,-0.000329
2019,33540,4,-0.008616
2019,33700,4,-0.000385
2019,33780,4,-0.004211
2019,33860,4,-0.012782
2019,34060,4,-0.009235
2019,34580,4,0.018826
2019,34620,4,-0.004214
2019,34740,4,-0.003161
2019,34940,4,-0.014275
2019,35300,4,-0.005856
2019,35660,4,-0.010346
2019,35840,4,-0.012789
2019,35980,4,-0.006289
2019,36100,4,0.005111
2019,36220,4,0.050099
2019,36420,4,-0.007206
2019,36500,4,0.02603
2019,36540,4,0.005744
2019,36740,4,-0.000194
2019,36780,4,0.009863
2019,36980,4,-0.005584
2019,37100,4,-0.01151
2019,37340,4,-0.010477
2019,37860,4,0.011311
2019,38060,4,0.005618
2019,38300,4,-0.004048
2019,38340,4,0.013017
2019,38860,4,0.002614
2019,38900,4,-0.018838
2019,38940,4,-0.010892
2019,39300,4,0.000811
2019,39340,4,0.002733
2019,39380,4,0.013083
2019,39460,4,-0.009956
2019,39540,4,0.016681
2019,39580,4,0.003373
2019,39740,4,0.005854
2019,39820,4,-0.002779
2019,39900,4,-0.00788
2019,40140,4,0.002433
2019,40420,4,0.006102
2019,40660,4,0.007518
2019,40900,4,-0.002473
2019,40980,4,-0.005418
2019,41060,4,0.000779
2019,41100,4,0.012863
2019,41140,4,0.010556
2019,41420,4,0.013959
2019,41500,4,-0.016702
2019,41700,4,0.000529
2019,41740,4,-0.006075
2019,41940,4,0.003253
2019,42020,4,-0.009512
2019,42100,4,-0.020285
2019,42140,4,0.005078
2019,42220,4,-0.014215
2019,42340,4,-0.005427
2019,42540,4,0.001042
2019,42680,4,-0.004834
2019,43100,4,0.010062
2019,43620,4,0.001912
2019,43780,4,0.01137
2019,44100,4,-0.016424
2019,44180,4,0.008905
2019,44220,4,0.005411
2019,44300,4,0.000113
2019,44700,4,0.005198
2019,45060,4,0.004339
2019,45220,4,-0.003755
2019,45820,4,-0.001597
2019,45940,4,0.001365
2019,46060,4,-0.002792
2019,46140,4,-0.008951
2019,46340,4,0.007641
2019,46540,4,0.009413
2019,46660,4,0.010978
2019,46700,4,-0.004985
2019,47220,4,-0.0067
2019,47300,4,-0.008081
2019,47940,4,-0.000786
2019,48300,4,0.014878
2019,48540,4,-0.009902
2019,48660,4,-0.000513
2019,48700,4,-0.004451
2019,49020,4,-0.006075
2019,49420,4,0.025252
2019,49620,4,0.001037
2019,49660,4,-0.009354
2019,49740,4,-0.01092
2019,10180,5,-0.002733
2019,10420,5,0.002929
2019,10580,5,0.004893
2019,10740,5,-0.012412
2019,10780,5,-0.01894
2019,10900,5,0.009521
2019,11020,5,-0.02692
2019,11260,5,-0.025851
2019,11460,5,0.003847
2019,11500,5,-0.003892
2019,11540,5,0.006664
2019,11700,5,-0.006396
2019,12020,5,0.007405
2019,12100,5,0.006973
2019,12220,5,0.009383
2019,12420,5,0.001112
2019,12540,5,0.003931
2019,12580,5,-0.015304
2019,12620,5,0.001587
2019,12700,5,-0.005961
2019,12980,5,-0.001288
2019,13020,5,0.001961
2019,13380,5,0.014487
2019,13460,5,0.009915
2019,13780,5,-0.006121
2019,14260,5,0.025417
2019,14500,5,-0.017346
2019,14740,5,0.010911
2019,14860,5,-0.00489
2019,15180,5,-0.006345
2019,15260,5,-0.0054
2019,15380,5,0.005543
2019,15500,5,0.019403
2019,15540,5,0.003403
2019,15940,5,-0.004655
2019,15980,5,0.007452
2019,16020,5,-0.023042
2019,16180,5,0.009123
2019,16220,5,-0.035067
2019,16300,5,0.004982
2019,16700,5,-0.006409
2019,16860,5,0.001178
2019,16940,5,-0.015768
2019,17020,5,0.004633
2019,17420,5,0.015555
2019,17660,5,0.017414
2019,17780,5,-0.005574
2019,17820,5,0.014526
2019,17900,5,-0.00114
2019,18020,5,0.00021
2019,18700,5,-0.011857
2019,19340,5,-0.011161
2019,19460,5,-0.000816
2019,19500,5,-0.011952
2019,19740,5,-0.01072
2019,20020,5,-0.005804
2019,20100,5,-0.002976
2019,20220,5,-0.009747
2019,20740,5,0.008125
2019,20940,5,-0.011956
2019,21140,5,0.00741
2019,21300,5,-0.021386
2019,21500,5,-0.010139
2019,21660,5,0.001762
2019,21820,5,-0.028257
2019,22020,5,-0.001728
2019,22140,5,-0.04
2019,22380,5,-0.006722
2019,22420,5,-0.001149
2019,22500,5,-0.018058
2019,22520,5,-0.014462
2019,22540,5,0.012113
2019,22660,5,-0.005002
2019,23420,5,0.003171
2019,23460,5,-0.005268
2019,23580,5,0.005677
2019,24020,5,-0.004244
2019,24220,5,-0.023935
2019,24300,5,0.007889
2019,24500,5,-0.016044
2019,24540,5,0.013466
2019,24580,5,0.006563
2019,24660,5,-0.00076
2019,25420,5,0.01214
2019,25500,5,-0.007329
2019,25540,5,-0.005828
2019,25860,5,-0.006015
2019,25980,5,-0.004445
2019,26300,5,0.007932
2019,26380,5,-0.020341
2019,26620,5,0.013077
2019,26980,5,0.006592
2019,27060,5,-0.012233
2019,27100,5,-0.009006
2019,27260,5,0.008735
2019,27340,5,0.012217
2019,27500,5,0.010604
2019,27740,5,-0.00188
2019,27780,5,-0.019383
2019,27860,5,0.005806
2019,27900,5,0.007084
2019,28100,5,-0.006407
2019,28420,5,0.015181
2019,28660,5,0.019052
2019,28700,5,-0.022365
2019,28740,5,0.016554
2019,29100,5,-0.005168
2019,29340,5,-0.015757
2019,29420,5,0.008458
2019,29460,5,0.032053
2019,29540,5,0.005091
2019,29700,5,-0.000572
2019,29740,5,-0.003204
2019,29820,5,0.032233
2019,29940,5,0.012951
2019,30140,5,0.017945
2019,30300,5,-0.029868
2019,30340,5,0.004197
2019,30460,5,0.005962
2019,30620,5,-0.010406
2019,30700,5,0.008717
2019,30780,5,-0.00503
2019,30860,5,0.011774
2019,31020,5,0.019814
2019,31420,5,0.000526
2019,31700,5,0.007462
2019,31860,5,0.005572
2019,32580,5,0.002866
2019,32780,5,0.00056
2019,32900,5,0.015801
2019,33140,5,0.007319
2019,33340,5,0.000706
2019,33540,5,-0.010542
2019,33700,5,0.002014
2019,33780,5,-0.001064
2019,33860,5,-0.009986
2019,34060,5,-0.016561
2019,34580,5,0.014646
2019,34620,5,-0.011542
2019,34740,5,-0.004803
2019,34940,5,-0.002548
2019,35300,5,-0.003106
2019,35660,5,-0.012723
2019,35840,5,0.003859
2019,35980,5,-0.008244
2019,36100,5,0.014099
2019,36220,5,0.028092
2019,36420,5,-0.002737
2019,36500,5,0.022818
2019,36540,5,0.011028
2019,36740,5,0.013151
2019,36780,5,0.008616
2019,36980,5,-0.003083
2019,37100,5,-0.011406
2019,37340,5,0.005335
2019,37860,5,0.010657
2019,38060,5,0.014593
2019,38300,5,-0.004652
2019,38340,5,0.000314
2019,38860,5,0.003931
2019,38900,5,-0.018054
2019,38940,5,0.009983
2019,39300,5,0.00592
2019,39340,5,0.009275
2019,39380,5,0.008706
2019,39460,5,0.011272
2019,39540,5,0.013326
2019,39580,5,0.003817
2019,39740,5,0.006359
2019,39820,5,-0.003091
2019,39900,5,0.005816
2019,40140,5,0.006934
2019,40420,5,0.004955
2019,40660,5,0.006294
2019,40900,5,0.007031
2019,40980,5,-0.002107
2019,41060,5,-0.003416
2019,41100,5,0.023707
2019,41140,5,-0.010598
2019,41420,5,0.011867
2019,41500,5,-0.006329
2019,41700,5,0.007056
2019,41740,5,-0.003754
2019,41940,5,-0.009797
2019,42020,5,-0.008761
2019,42100,5,-0.019876
2019,42140,5,-0.001723
2019,42220,5,-0.017326
2019,42340,5,-0.006698
2019,42540,5,0.002207
2019,42680,5,0.010712
2019,43100,5,0.000526
2019,43620,5,0.011062
2019,43780,5,0.007499
2019,44100,5,-0.018673
2019,44180,5,0.013038
2019,44220,5,0.003412
2019,44300,5,-0.000714
2019,44700,5,0.017564
2019,45060,5,0.004865
2019,45220,5,-0.006436
2019,45820,5,-0.001522
2019,45940,5,0.01046
2019,46060,5,0.001878
2019,46140,5,-0.007181
2019,46340,5,0.011698
2019,46540,5,0.005485
2019,46660,5,0.000767
2019,46700,5,0.004558
2019,47220,5,-0.004621
2019,47300,5,-0.003855
2019,47940,5,-0.005337
2019,48300,5,0.00185
2019,48540,5,-0.014605
2019,48660,5,-0.01892
2019,48700,5,-0.004722
2019,49020,5,0.0019
2019,49420,5,0.010177
2019,49620,5,0.004568
2019,49660,5,-0.008068
2019,49740,5,-0.002794
2019,10180,6,-0.001804
2019,10420,6,0.001383
2019,10580,6,0.003671
2019,10740,6,-0.006615
2019,10780,6,-0.01601
2019,10900,6,0.006334
2019,11020,6,-0.023903
2019,11260,6,-0.016565
2019,11460,6,-0.004167
2019,11500,6,-0.000818
2019,11540,6,0.006395
2019,11700,6,-0.006122
2019,12020,6,0.006613
2019,12100,6,0.010284
2019,12220,6,0.006771
2019,12420,6,-0.00807
2019,12540,6,0.00707
2019,12580,6,-0.010774
2019,12620,6,0.003617
2019,12700,6,-0.006431
2019,12980,6,-0.002559
2019,13020,6,0.002825
2019,13380,6,0.016059
2019,13460,6,-0.000314
2019,13780,6,-0.001775
2019,14260,6,0.021264
2019,14500,6,-0.020165
2019,14740,6,0.013015
2019,14860,6,-0.005
2019,15180,6,-0.005228
2019,15260,6,-0.004166
2019,15380,6,0.002873
2019,15500,6,0.020568
2019,15540,6,0.003666
2019,15940,6,-0.005456
2019,15980,6,-0.00566
2019,16020,6,-0.013791
2019,16180,6,0.000431
2019,16220,6,-0.0183
2019,16300,6,0.004099
2019,16700,6,-0.010196
2019,16860,6,0.00503
2019,16940,6,-0.011497
2019,17020,6,0.004622
2019,17420,6,0.014653
2019,17660,6,0.014547
2019,17780,6,-0.008543
2019,17820,6,0.013897
2019,17900,6,0.003193
2019,18020,6,0.000166
2019,18700,6,-0.009481
2019,19340,6,-0.009645
2019,19460,6,-0.000254
2019,19500,6,-0.008209
2019,19740,6,-0.016541
2019,20020,6,-0.004201
2019,20100,6,0.001864
2019,20220,6,-0.008331
2019,20740,6,0.007485
2019,20940,6,-0.014742
2019,21140,6,0.005263
2019,21300,6,-0.014988
2019,21500,6,-0.007808
2019,21660,6,0.002486
2019,21820,6,-0.016778
2019,22020,6,-0.00708
2019,22140,6,-0.028867
2019,22380,6,-0.007427
2019,22420,6,-0.008824
2019,22500,6,-0.010674
2019,22520,6,-0.014367
2019,22540,6,0.014329
2019,22660,6,-0.009971
2019,23420,6,0.001821
2019,23460,6,-0.002339
2019,23580,6,-0.000498
2019,24020,6,-0.002896
2019,24220,6,-0.023609
2019,24300,6,0.012611
2019,24500,6,-0.00785
2019,24540,6,0.001368
2019,24580,6,0.005189
2019,24660,6,0.003321
2019,25420,6,0.009826
2019,25500,6,-0.003728
2019,25540,6,-0.005237
2019,25860,6,0.000707
2019,25980,6,0.004334
2019,26300,6,0.010369
2019,26380,6,-0.01464
2019,26620,6,0.013291
2019,26980,6,0.004047
2019,27060,6,-0.014609
2019,27100,6,-0.012349
2019,27260,6,0.003299
2019,27340,6,0.02592
2019,27500,6,0.008546
2019,27740,6,-0.000411
2019,27780,6,-0.017328
2019,27860,6,0.005291
2019,27900,6,0.008648
2019,28100,6,-0.00189
2019,28420,6,0.019511
2019,28660,6,0.019213
2019,28700,6,-0.012301
2019,28740,6,0.017146
2019,29100,6,-0.004406
2019,29340,6,-0.016289
2019,29420,6,0.006723
2019,29460,6,0.022346
2019,29540,6,0.00335
2019,29700,6,-2.4e-05
2019,29740,6,0.005893
2019,29820,6,0.024531
2019,29940,6,0.010371
2019,30140,6,0.015522
2019,30300,6,-0.020836
2019,30340,6,0.004042
2019,30460,6,0.00267
2019,30620,6,-0.006599
2019,30700,6,0.004918
2019,30780,6,-0.003905
2019,30860,6,0.013551
2019,31020,6,0.019601
2019,31420,6,0.007809
2019,31700,6,0.003249
2019,31860,6,0.002319
2019,32580,6,0.001839
2019,32780,6,-0.003035
2019,32900,6,0.009005
2019,33140,6,0.010459
2019,33340,6,0.000702
2019,33540,6,-0.008511
2019,33700,6,-0.001907
2019,33780,6,-0.00491
2019,33860,6,-0.009801
2019,34060,6,-0.011602
2019,34580,6,0.015245
2019,34620,6,-0.008532
2019,34740,6,-0.008799
2019,34940,6,-0.011463
2019,35300,6,-0.002253
2019,35660,6,-0.012619
2019,35840,6,-0.007487
2019,35980,6,-0.006238
2019,36100,6,0.008653
2019,36220,6,0.040504
2019,36420,6,-0.004557
2019,36500,6,0.023946
2019,36540,6,0.008217
2019,36740,6,0.002415
2019,36780,6,0.0097
2019,36980,6,-0.00556
2019,37100,6,-0.009054
2019,37340,6,-0.007234
2019,37860,6,0.010067
2019,38060,6,0.01018
2019,38300,6,-0.006432
2019,38340,6,0.006648
2019,38860,6,0.001372
2019,38900,6,-0.020563
2019,38940,6,-0.005557
2019,39300,6,0.002198
2019,39340,6,0.004636
2019,39380,6,0.010397
2019,39460,6,-0.001861
2019,39540,6,0.014307
2019,39580,6,0.002143
2019,39740,6,0.004872
2019,39820,6,-0.000483
2019,39900,6,-0.004751
2019,40140,6,0.00511
2019,40420,6,0.008
2019,40660,6,0.008406
2019,40900,6,0.003464
2019,40980,6,-0.002812
2019,41060,6,-0.004032
2019,41100,6,0.017592
2019,41140,6,-0.002394
2019,41420,6,0.00974
2019,41500,6,-0.011282
2019,41700,6,0.001037
2019,41740,6,-0.00336
2019,41940,6,-0.005523
2019,42020,6,-0.007887
2019,42100,6,-0.020286
2019,42140,6,0.004116
2019,42220,6,-0.017483
2019,42340,6,-0.006476
2019,42540,6,0.002779
2019,42680,6,-0.001281
2019,43100,6,0.003967
2019,43620,6,0.005841
2019,43780,6,0.008485
2019,44100,6,-0.015502
2019,44180,6,0.011542
2019,44220,6,0.005602
2019,44300,6,-0.002949
2019,44700,6,0.011529
2019,45060,6,0.005157
2019,45220,6,-0.004829
2019,45820,6,4.6e-05
2019,45940,6,0.007905
2019,46060,6,0.001554
2019,46140,6,-0.007303
2019,46340,6,0.009588
2019,46540,6,0.006701
2019,46660,6,0.009965
2019,46700,6,-0.001504
2019,47220,6,-0.003007
2019,47300,6,-0.004175
2019,47940,6,-0.001351
2019,48300,6,0.006858
2019,48540,6,-0.008972
2019,48660,6,-0.012552
2019,48700,6,-0.003336
2019,49020,6,-0.000121
2019,49420,6,0.019384
2019,49620,6,0.001847
2019,49660,6,-0.007321
2019,49740,6,-0.002846
2019,10180,7,-0.001893
2019,10420,7,0.002075
2019,10580,7,0.002658
2019,10740,7,-0.004707
2019,10780,7,-0.015081
2019,10900,7,0.008644
2019,11020,7,-0.022105
2019,11260,7,-0.015195
2019,11460,7,-0.004393
2019,11500,7,-0.000125
2019,11540,7,0.006295
2019,11700,7,-0.009006
2019,12020,7,0.007967
2019,12100,7,0.011119
2019,12220,7,0.005654
2019,12420,7,-0.013324
2019,12540,7,0.006265
2019,12580,7,-0.008836
2019,12620,7,0.003161
2019,12700,7,-0.005383
2019,12980,7,-0.001745
2019,13020,7,0.003051
2019,13380,7,0.018349
2019,13460,7,-0.002579
2019,13780,7,-0.001154
2019,14260,7,0.023169
2019,14500,7,-0.026648
2019,14740,7,0.012836
2019,14860,7,-0.0049
2019,15180,7,-0.005324
2019,15260,7,-0.006722
2019,15380,7,0.001396
2019,15500,7,0.024703
2019,15540,7,0.004452
2019,15940,7,-0.005124
2019,15980,7,-0.009735
2019,16020,7,-0.006784
2019,16180,7,-0.002574
2019,16220,7,-0.021472
2019,16300,7,0.004918
2019,16700,7,-0.014113
2019,16860,7,0.006191
2019,16940,7,-0.010949
2019,17020,7,0.009825
2019,17420,7,0.015847
2019,17660,7,0.015761
2019,17780,7,-0.013477
2019,17820,7,0.015326
2019,17900,7,0.004136
2019,18020,7,0.000421
2019,18700,7,-0.005204
2019,19340,7,-0.009923
2019,19460,7,-0.002696
2019,19500,7,-0.010696
2019,19740,7,-0.020862
2019,20020,7,-0.003243
2019,20100,7,0.002883
2019,20220,7,-0.008668
2019,20740,7,0.006906
2019,20940,7,-0.016407
2019,21140,7,0.004985
2019,21300,7,-0.012264
2019,21500,7,-0.007992
2019,21660,7,0.006842
2019,21820,7,-0.011792
2019,22020,7,-0.012553
2019,22140,7,-0.029526
2019,22380,7,-0.007218
2019,22420,7,-0.009918
2019,22500,7,-0.008932
2019,22520,7,-0.016736
2019,22540,7,0.014706
2019,22660,7,-0.014037
2019,23420,7,0.003704
2019,23460,7,-0.001045
2019,23580,7,-0.002455
2019,24020,7,-0.005575
2019,24220,7,-0.032867
2019,24300,7,0.014657
2019,24500,7,-0.006876
2019,24540,7,1.5e-05
2019,24580,7,0.004591
2019,24660,7,0.005825
2019,25420,7,0.010041
2019,25500,7,-0.002164
2019,25540,7,-0.004995
2019,25860,7,0.004839
2019,25980,7,0.003468
2019,26300,7,0.0115
2019,26380,7,-0.015419
2019,26620,7,0.014743
2019,26980,7,0.004278
2019,27060,7,-0.020737
2019,27100,7,-0.011497
2019,27260,7,0.003924
2019,27340,7,0.030055
2019,27500,7,0.007226
2019,27740,7,0.001088
2019,27780,7,-0.020524
2019,27860,7,0.007471
2019,27900,7,0.009408
2019,28100,7,-0.001337
2019,28420,7,0.023141
2019,28660,7,0.021438
2019,28700,7,-0.007067
2019,28740,7,0.016713
2019,29100,7,-0.005866
2019,29340,7,-0.019738
2019,29420,7,0.008446
2019,29460,7,0.025032
2019,29540,7,0.005296
2019,29700,7,-0.001117
2019,29740,7,0.008606
2019,29820,7,0.023003
2019,29940,7,0.010076
2019,30140,7,0.017415
2019,30300,7,-0.017025
2019,30340,7,0.00344
2019,30460,7,0.001833
2019,30620,7,-0.006532
2019,30700,7,0.002763
2019,30780,7,-0.002616
2019,30860,7,0.016015
2019,31020,7,0.021729
2019,31420,7,0.011451
2019,31700,7,0.002943
2019,31860,7,0.001776
2019,32580,7,0.001861
2019,32780,7,-0.000106
2019,32900,7,0.005834
2019,33140,7,0.010777
2019,33340,7,-0.000568
2019,33540,7,-0.008724
2019,33700,7,-0.004347
2019,33780,7,-0.001988
2019,33860,7,-0.009555
2019,34060,7,-0.010636
2019,34580,7,0.01694
2019,34620,7,-0.005418
2019,34740,7,-0.008725
2019,34940,7,-0.019424
2019,35300,7,-0.000899
2019,35660,7,-0.013562
2019,35840,7,-0.011962
2019,35980,7,-0.006632
2019,36100,7,0.008706
2019,36220,7,0.04143
2019,36420,7,-0.00371
2019,36500,7,0.027494
2019,36540,7,0.007429
2019,36740,7,0.003161
2019,36780,7,0.009391
2019,36980,7,-0.00587
2019,37100,7,-0.010614
2019,37340,7,-0.012051
2019,37860,7,0.011141
2019,38060,7,0.007475
2019,38300,7,-0.006412
2019,38340,7,0.00803
2019,38860,7,0.000138
2019,38900,7,-0.024452
2019,38940,7,-0.009454
2019,39300,7,0.000543
2019,39340,7,0.006436
2019,39380,7,0.009568
2019,39460,7,-0.004596
2019,39540,7,0.014402
2019,39580,7,0.002721
2019,39740,7,0.007442
2019,39820,7,0.002458
2019,39900,7,-0.010426
2019,40140,7,0.002601
2019,40420,7,0.006714
2019,40660,7,0.009847
2019,40900,7,0.0015
2019,40980,7,-0.001369
2019,41060,7,0.000533
2019,41100,7,0.022704
2019,41140,7,0.002878
2019,41420,7,0.011403
2019,41500,7,-0.014697
2019,41700,7,-0.000449
2019,41740,7,-0.003001
2019,41940,7,-0.006297
2019,42020,7,-0.007137
2019,42100,7,-0.022283
2019,42140,7,0.00648
2019,42220,7,-0.021029
2019,42340,7,-0.005177
2019,42540,7,0.004159
2019,42680,7,-0.006257
2019,43100,7,0.005701
2019,43620,7,0.004808
2019,43780,7,0.0087
2019,44100,7,-0.016685
2019,44180,7,0.011751
2019,44220,7,0.005741
2019,44300,7,-0.002515
2019,44700,7,0.007678
2019,45060,7,0.005017
2019,45220,7,-0.004051
2019,45820,7,-0.001045
2019,45940,7,0.009257
2019,46060,7,0.003779
2019,46140,7,-0.007483
2019,46340,7,0.011267
2019,46540,7,0.006533
2019,46660,7,0.012978
2019,46700,7,-0.00729
2019,47220,7,-0.00517
2019,47300,7,-0.004673
2019,47940,7,0.000111
2019,48300,7,0.008437
2019,48540,7,-0.013425
2019,48660,7,-0.006585
2019,48700,7,-0.005048
2019,49020,7,0.001443
2019,49420,7,0.022928
2019,49620,7,0.003591
2019,49660,7,-0.007641
2019,49740,7,-0.000648
2019,10180,8,-0.002087
2019,10420,8,0.0019
2019,10580,8,0.001888
2019,10740,8,-0.009323
2019,10780,8,-0.016708
2019,10900,8,0.00946
2019,11020,8,-0.019015
2019,11260,8,-0.020181
2019,11460,8,-0.000397
2019,11500,8,-0.00204
2019,11540,8,0.006251
2019,11700,8,-0.007202
2019,12020,8,0.008303
2019,12100,8,0.008797
2019,12220,8,0.007787
2019,12420,8,-0.005527
2019,12540,8,0.002118
2019,12580,8,-0.010897
2019,12620,8,0.001655
2019,12700,8,-0.002853
2019,12980,8,-0.001149
2019,13020,8,0.000852
2019,13380,8,0.01804
2019,13460,8,0.004145
2019,13780,8,-0.002988
2019,14260,8,0.028075
2019,14500,8,-0.023872
2019,14740,8,0.01254
2019,14860,8,-0.005991
2019,15180,8,-0.008531
2019,15260,8,-0.007018
2019,15380,8,0.003546
2019,15500,8,0.021298
2019,15540,8,0.005617
2019,15940,8,-0.004568
2019,15980,8,-0.004673
2019,16020,8,-0.004794
2019,16180,8,0.00192
2019,16220,8,-0.028252
2019,16300,8,0.003237
2019,16700,8,-0.009502
2019,16860,8,0.004609
2019,16940,8,-0.012156
2019,17020,8,0.009832
2019,17420,8,0.016174
2019,17660,8,0.018869
2019,17780,8,-0.009087
2019,17820,8,0.014909
2019,17900,8,0.001826
2019,18020,8,0.000519
2019,18700,8,-0.005002
2019,19340,8,-0.010788
2019,19460,8,-0.004894
2019,19500,8,-0.015336
2019,19740,8,-0.015164
2019,20020,8,-0.003952
2019,20100,8,0.001521
2019,20220,8,-0.009825
2019,20740,8,0.007589
2019,20940,8,-0.015832
2019,21140,8,0.006088
2019,21300,8,-0.011071
2019,21500,8,-0.008744
2019,21660,8,0.007273
2019,21820,8,-0.016502
2019,22020,8,-0.00959
2019,22140,8,-0.03777
2019,22380,8,-0.005818
2019,22420,8,-0.005741
2019,22500,8,-0.012672
2019,22520,8,-0.015784
2019,22540,8,0.011431
2019,22660,8,-0.009861
2019,23420,8,0.003748
2019,23460,8,-0.00346
2019,23580,8,0.000149
2019,24020,8,-0.007279
2019,24220,8,-0.033005
2019,24300,8,0.011816
2019,24500,8,-0.011428
2019,24540,8,0.006354
2019,24580,8,0.004574
2019,24660,8,0.003015
2019,25420,8,0.009547
2019,25500,8,-0.004712
2019,25540,8,-0.006807
2019,25860,8,0.002231
2019,25980,8,-0.003852
2019,26300,8,0.006883
2019,26380,8,-0.018208
2019,26620,8,0.015033
2019,26980,8,0.004592
2019,27060,8,-0.020106
2019,27100,8,-0.007149
2019,27260,8,0.008522
2019,27340,8,0.022519
2019,27500,8,0.00719
2019,27740,8,0.001519
2019,27780,8,-0.022144
2019,27860,8,0.005978
2019,27900,8,0.006177
2019,28100,8,-0.004182
2019,28420,8,0.022143
2019,28660,8,0.020126
2019,28700,8,-0.008805
2019,28740,8,0.014677
2019,29100,8,-0.005182
2019,29340,8,-0.018049
2019,29420,8,0.009222
2019,29460,8,0.029777
2019,29540,8,0.007114
2019,29700,8,-0.001685
2019,29740,8,0.001937
2019,29820,8,0.025286
2019,29940,8,0.007619
2019,30140,8,0.016914
2019,30300,8,-0.017819
2019,30340,8,0.002975
2019,30460,8,0.003241
2019,30620,8,-0.007331
2019,30700,8,0.004401
2019,30780,8,-0.004759
2019,30860,8,0.013909
2019,31020,8,0.021984
2019,31420,8,0.006851
2019,31700,8,0.004855
2019,31860,8,0.002019
2019,32580,8,0.00096
2019,32780,8,0.002408
2019,32900,8,0.006144
2019,33140,8,0.009286
2019,33340,8,-0.000821
2019,33540,8,-0.009802
2019,33700,8,-0.002991
2019,33780,8,0.002135
2019,33860,8,-0.010748
2019,34060,8,-0.013237
2019,34580,8,0.017335
2019,34620,8,-0.005394
2019,34740,8,-0.004275
2019,34940,8,-0.014389
2019,35300,8,-0.00272
2019,35660,8,-0.012214
2019,35840,8,-0.00554
2019,35980,8,-0.008133
2019,36100,8,0.010937
2019,36220,8,0.038956
2019,36420,8,-0.003274
2019,36500,8,0.026229
2019,36540,8,0.008223
2019,36740,8,0.00991
2019,36780,8,0.008064
2019,36980,8,-0.00406
2019,37100,8,-0.012533
2019,37340,8,-0.006358
2019,37860,8,0.012085
2019,38060,8,0.006911
2019,38300,8,-0.003648
2019,38340,8,0.005915
2019,38860,8,0.002488
2019,38900,8,-0.020114
2019,38940,8,-0.002409
2019,39300,8,0.001816
2019,39340,8,0.010129
2019,39380,8,0.0063
2019,39460,8,-0.000273
2019,39540,8,0.012958
2019,39580,8,0.005694
2019,39740,8,0.008623
2019,39820,8,0.000216
2019,39900,8,-0.003579
2019,40140,8,0.001894
2019,40420,8,0.002775
2019,40660,8,0.006392
2019,40900,8,0.001214
2019,40980,8,-0.002066
2019,41060,8,0.003087
2019,41100,8,0.02615
2019,41140,8,0.002622
2019,41420,8,0.013473
2019,41500,8,-0.014213
2019,41700,8,0.002367
2019,41740,8,-0.003461
2019,41940,8,-0.004488
2019,42020,8,-0.007428
2019,42100,8,-0.021535
2019,42140,8,0.001235
2019,42220,8,-0.019847
2019,42340,8,-0.003975
2019,42540,8,0.002736
2019,42680,8,-0.000899
2019,43100,8,0.005358
2019,43620,8,0.008468
2019,43780,8,0.00865
2019,44100,8,-0.018508
2019,44180,8,0.010827
2019,44220,8,0.004064
2019,44300,8,-0.000324
2019,44700,8,0.007098
2019,45060,8,0.004598
2019,45220,8,-0.004869
2019,45820,8,-0.003743
2019,45940,8,0.008367
2019,46060,8,0.002016
2019,46140,8,-0.008256
2019,46340,8,0.01011
2019,46540,8,0.005439
2019,46660,8,0.007364
2019,46700,8,-0.007065
2019,47220,8,-0.007379
2019,47300,8,-0.005257
2019,47940,8,-0.001818
2019,48300,8,0.00861
2019,48540,8,-0.018477
2019,48660,8,-0.00605
2019,48700,8,-0.006221
2019,49020,8,0.000754
2019,49420,8,0.017862
2019,49620,8,0.004747
2019,49660,8,-0.008378
2019,49740,8,-0.003059
2019,10180,9,-0.002958
2019,10420,9,0.002083
2019,10580,9,0.003979
2019,10740,9,-0.008684
2019,10780,9,-0.016898
2019,10900,9,0.007583
2019,11020,9,-0.023149
2019,11260,9,-0.018262
2019,11460,9,-0.001711
2019,11500,9,-0.002656
2019,11540,9,0.006513
2019,11700,9,-0.006971
2019,12020,9,0.005562
2019,12100,9,0.010722
2019,12220,9,0.0088
2019,12420,9,-0.003832
2019,12540,9,0.005288
2019,12580,9,-0.011535
2019,12620,9,0.002271
2019,12700,9,-0.005877
2019,12980,9,-0.002052
2019,13020,9,0.002282
2019,13380,9,0.015801
2019,13460,9,0.00503
2019,13780,9,-0.00341
2019,14260,9,0.024233
2019,14500,9,-0.020965
2019,14740,9,0.011536
2019,14860,9,-0.004182
2019,15180,9,-0.006535
2019,15260,9,-0.005554
2019,15380,9,0.003175
2019,15500,9,0.019926
2019,15540,9,0.004653
2019,15940,9,-0.004308
2019,15980,9,-0.00113
2019,16020,9,-0.014418
2019,16180,9,0.002136
2019,16220,9,-0.02391
2019,16300,9,0.004286
2019,16700,9,-0.008255
2019,16860,9,0.003527
2019,16940,9,-0.01204
2019,17020,9,0.006842
2019,17420,9,0.014957
2019,17660,9,0.016125
2019,17780,9,-0.006108
2019,17820,9,0.01377
2019,17900,9,0.002161
2019,18020,9,0.000417
2019,18700,9,-0.010226
2019,19340,9,-0.009582
2019,19460,9,-0.002052
2019,19500,9,-0.010143
2019,19740,9,-0.014168
2019,20020,9,-0.00452
2019,20100,9,0.002549
2019,20220,9,-0.009417
2019,20740,9,0.007699
2019,20940,9,-0.01445
2019,21140,9,0.005768
2019,21300,9,-0.015288
2019,21500,9,-0.008424
2019,21660,9,0.002577
2019,21820,9,-0.019263
2019,22020,9,-0.005447
2019,22140,9,-0.033892
2019,22380,9,-0.006304
2019,22420,9,-0.005781
2019,22500,9,-0.012962
2019,22520,9,-0.013432
2019,22540,9,0.012765
2019,22660,9,-0.007656
2019,23420,9,0.003358
2019,23460,9,-0.004256
2019,23580,9,0.000508
2019,24020,9,-0.004202
2019,24220,9,-0.026311
2019,24300,9,0.010504
2019,24500,9,-0.010763
2019,24540,9,0.005872
2019,24580,9,0.005607
2019,24660,9,0.00214
2019,25420,9,0.010577
2019,25500,9,-0.00513
2019,25540,9,-0.004801
2019,25860,9,-0.002384
2019,25980,9,-0.000483
2019,26300,9,0.007694
2019,26380,9,-0.016711
2019,26620,9,0.014356
2019,26980,9,0.005927
2019,27060,9,-0.015392
2019,27100,9,-0.010139
2019,27260,9,0.00678
2019,27340,9,0.021837
2019,27500,9,0.007936
2019,27740,9,-0.001165
2019,27780,9,-0.018395
2019,27860,9,0.006488
2019,27900,9,0.006992
2019,28100,9,-0.003486
2019,28420,9,0.019303
2019,28660,9,0.019479
2019,28700,9,-0.014862
2019,28740,9,0.015302
2019,29100,9,-0.00456
2019,29340,9,-0.015421
2019,29420,9,0.00785
2019,29460,9,0.025823
2019,29540,9,0.003815
2019,29700,9,-0.000659
2019,29740,9,0.003377
2019,29820,9,0.025016
2019,29940,9,0.009317
2019,30140,9,0.016264
2019,30300,9,-0.024278
2019,30340,9,0.003052
2019,30460,9,0.003392
2019,30620,9,-0.007996
2019,30700,9,0.006521
2019,30780,9,-0.003513
2019,30860,9,0.011667
2019,31020,9,0.018616
2019,31420,9,0.005135
2019,31700,9,0.004119
2019,31860,9,0.003117
2019,32580,9,0.002052
2019,32780,9,0.000166
2019,32900,9,0.009181
2019,33140,9,0.009221
2019,33340,9,0.000672
2019,33540,9,-0.008529
2019,33700,9,-0.002914
2019,33780,9,-0.001928
2019,33860,9,-0.009723
2019,34060,9,-0.014081
2019,34580,9,0.014922
2019,34620,9,-0.008668
2019,34740,9,-0.007866
2019,34940,9,-0.00913
2019,35300,9,-0.002096
2019,35660,9,-0.01264
2019,35840,9,-0.002857
2019,35980,9,-0.007203
2019,36100,9,0.010804
2019,36220,9,0.036804
2019,36420,9,-0.00345
2019,36500,9,0.023309
2019,36540,9,0.00925
2019,36740,9,0.007348
2019,36780,9,0.008883
2019,36980,9,-0.004744
2019,37100,9,-0.009739
2019,37340,9,-0.005044
2019,37860,9,0.010503
2019,38060,9,0.009918
2019,38300,9,-0.005372
2019,38340,9,0.003999
2019,38860,9,0.002431
2019,38900,9,-0.018452
2019,38940,9,-0.001925
2019,39300,9,0.002591
2019,39340,9,0.008735
2019,39380,9,0.00648
2019,39460,9,0.001626
2019,39540,9,0.012498
2019,39580,9,0.004763
2019,39740,9,0.005724
2019,39820,9,-0.0006
2019,39900,9,-0.00089
2019,40140,9,0.004537
2019,40420,9,0.005625
2019,40660,9,0.006146
2019,40900,9,0.00434
2019,40980,9,-0.002264
2019,41060,9,-0.002998
2019,41100,9,0.023056
2019,41140,9,-0.004621
2019,41420,9,0.009908
2019,41500,9,-0.010977
2019,41700,9,0.002137
2019,41740,9,-0.002609
2019,41940,9,-0.006328
2019,42020,9,-0.007383
2019,42100,9,-0.020476
2019,42140,9,0.000636
2019,42220,9,-0.018584
2019,42340,9,-0.005435
2019,42540,9,0.002555
2019,42680,9,0.001024
2019,43100,9,0.00253
2019,43620,9,0.009972
2019,43780,9,0.007855
2019,44100,9,-0.016368
2019,44180,9,0.011295
2019,44220,9,0.004674
2019,44300,9,-0.00248
2019,44700,9,0.011197
2019,45060,9,0.005091
2019,45220,9,-0.005553
2019,45820,9,-0.001856
2019,45940,9,0.009382
2019,46060,9,0.001724
2019,46140,9,-0.007429
2019,46340,9,0.008935
2019,46540,9,0.004915
2019,46660,9,0.007684
2019,46700,9,-0.002755
2019,47220,9,-0.003812
2019,47300,9,-0.003534
2019,47940,9,-0.002476
2019,48300,9,0.005649
2019,48540,9,-0.013675
2019,48660,9,-0.014031
2019,48700,9,-0.004283
2019,49020,9,0.001417
2019,49420,9,0.015483
2019,49620,9,0.002949
2019,49660,9,-0.00725
2019,49740,9,-0.001542
2019,10180,10,-0.001691
2019,10420,10,-0.001056
2019,10580,10,-0.000442
2019,10740,10,-0.010256
2019,10780,10,-0.018079
2019,10900,10,0.007165
2019,11020,10,-0.016757
2019,11260,10,-0.023822
2019,11460,10,-0.003351
2019,11500,10,0.000282
2019,11540,10,0.006543
2019,11700,10,-0.004367
2019,12020,10,0.010709
2019,12100,10,0.006548
2019,12220,10,0.007378
2019,12420,10,-0.007143
2019,12540,10,0.006004
2019,12580,10,-0.013907
2019,12620,10,0.002732
2019,12700,10,-0.001253
2019,12980,10,-0.000902
2019,13020,10,0.000956
2019,13380,10,0.017428
2019,13460,10,-0.00145
2019,13780,10,-0.000721
2019,14260,10,0.026334
2019,14500,10,-0.019891
2019,14740,10,0.015324
2019,14860,10,-0.008921
2019,15180,10,-0.007859
2019,15260,10,-0.002953
2019,15380,10,0.003482
2019,15500,10,0.020029
2019,15540,10,0.002925
2019,15940,10,-0.0081
2019,15980,10,-0.008097
2019,16020,10,0.001047
2019,16180,10,0.000688
2019,16220,10,-0.020318
2019,16300,10,0.000219
2019,16700,10,-0.009114
2019,16860,10,0.006111
2019,16940,10,-0.013769
2019,17020,10,0.001977
2019,17420,10,0.015968
2019,17660,10,0.018282
2019,17780,10,-0.008797
2019,17820,10,0.015732
2019,17900,10,0.002617
2019,18020,10,-0.001327
2019,18700,10,-0.006335
2019,19340,10,-0.013674
2019,19460,10,-0.002423
2019,19500,10,-0.016439
2019,19740,10,-0.016425
2019,20020,10,-0.004328
2019,20100,10,-0.000616
2019,20220,10,-0.010106
2019,20740,10,0.007505
2019,20940,10,-0.015567
2019,21140,10,0.005368
2019,21300,10,-0.008335
2019,21500,10,-0.007481
2019,21660,10,0.004199
2019,21820,10,-0.017112
2019,22020,10,-0.009666
2019,22140,10,-0.034635
2019,22380,10,-0.009101
2019,22420,10,-0.009855
2019,22500,10,-0.012321
2019,22520,10,-0.017907
2019,22540,10,0.013116
2019,22660,10,-0.010971
2019,23420,10,-0.00018
2019,23460,10,-0.002015
2019,23580,10,-0.000431
2019,24020,10,-0.005051
2019,24220,10,-0.025132
2019,24300,10,0.014121
2019,24500,10,-0.011341
2019,24540,10,0.001833
2019,24580,10,0.004481
2019,24660,10,0.002684
2019,25420,10,0.006864
2019,25500,10,-0.005363
2019,25540,10,-0.010627
2019,25860,10,0.007411
2019,25980,10,0.002965
2019,26300,10,0.009224
2019,26380,10,-0.017493
2019,26620,10,0.013885
2019,26980,10,-0.000651
2019,27060,10,-0.016511
2019,27100,10,-0.006686
2019,27260,10,0.004075
2019,27340,10,0.028559
2019,27500,10,0.00884
2019,27740,10,0.003537
2019,27780,10,-0.020365
2019,27860,10,0.002016
2019,27900,10,0.006094
2019,28100,10,-0.003493
2019,28420,10,0.022302
2019,28660,10,0.01948
2019,28700,10,-0.004923
2019,28740,10,0.018775
2019,29100,10,-0.005265
2019,29340,10,-0.018519
2019,29420,10,0.006452
2019,29460,10,0.024886
2019,29540,10,0.007679
2019,29700,10,9.1e-05
2019,29740,10,0.002592
2019,29820,10,0.030993
2019,29940,10,0.006951
2019,30140,10,0.014833
2019,30300,10,-0.0108
2019,30340,10,0.005456
2019,30460,10,0.003297
2019,30620,10,-0.003739
2019,30700,10,0.002469
2019,30780,10,-0.008175
2019,30860,10,0.017321
2019,31020,10,0.023137
2019,31420,10,0.008547
2019,31700,10,0.004708
2019,31860,10,-0.000248
2019,32580,10,-4.6e-05
2019,32780,10,-0.005383
2019,32900,10,0.010687
2019,33140,10,0.009885
2019,33340,10,-0.001577
2019,33540,10,-0.01151
2019,33700,10,0.006402
2019,33780,10,-0.000521
2019,33860,10,-0.012915
2019,34060,10,-0.013128
2019,34580,10,0.017518
2019,34620,10,-0.004486
2019,34740,10,-0.001487
2019,34940,10,-0.010533
2019,35300,10,-0.005366
2019,35660,10,-0.010957
2019,35840,10,-0.008173
2019,35980,10,-0.005824
2019,36100,10,0.007832
2019,36220,10,0.047304
2019,36420,10,-0.006684
2019,36500,10,0.025808
2019,36540,10,0.006747
2019,36740,10,0.003258
2019,36780,10,0.009413
2019,36980,10,-0.005045
2019,37100,10,-0.012472
2019,37340,10,-0.005477
2019,37860,10,0.01201
2019,38060,10,0.01052
2019,38300,10,-0.005197
2019,38340,10,0.010779
2019,38860,10,0.002561
2019,38900,10,-0.022483
2019,38940,10,-0.004179
2019,39300,10,0.002547
2019,39340,10,0.002882
2019,39380,10,0.013663
2019,39460,10,-0.003197
2019,39540,10,0.016873
2019,39580,10,0.002715
2019,39740,10,0.008033
2019,39820,10,-0.002607
2019,39900,10,-0.003981
2019,40140,10,0.005431
2019,40420,10,0.006535
2019,40660,10,0.007788
2019,40900,10,0.001247
2019,40980,10,-0.004441
2019,41060,10,0.004274
2019,41100,10,0.016824
2019,41140,10,0.010177
2019,41420,10,0.012959
2019,41500,10,-0.013511
2019,41700,10,0.00169
2019,41740,10,-0.006088
2019,41940,10,-0.001633
2019,42020,10,-0.009916
2019,42100,10,-0.022171
2019,42140,10,0.004173
2019,42220,10,-0.016037
2019,42340,10,-0.007534
2019,42540,10,0.001333
2019,42680,10,0.000957
2019,43100,10,0.01012
2019,43620,10,0.002331
2019,43780,10,0.010335
2019,44100,10,-0.019913
2019,44180,10,0.01037
2019,44220,10,0.005124
2019,44300,10,-7.3e-05
2019,44700,10,0.012715
2019,45060,10,0.00364
2019,45220,10,-0.004616
2019,45820,10,-0.00251
2019,45940,10,0.003687
2019,46060,10,-0.000603
2019,46140,10,-0.009057
2019,46340,10,0.009211
2019,46540,10,0.007487
2019,46660,10,0.008057
2019,46700,10,0.000306
2019,47220,10,-0.006155
2019,47300,10,-0.007485
2019,47940,10,-0.002666
2019,48300,10,0.008984
2019,48540,10,-0.01573
2019,48660,10,-8.5e-05
2019,48700,10,-0.006487
2019,49020,10,-0.004541
2019,49420,10,0.020646
2019,49620,10,0.003454
2019,49660,10,-0.010208
2019,49740,10,-0.009498
2019,10180,11,-0.000827
2019,10420,11,-3.7e-05
2019,10580,11,0.002188
2019,10740,11,-0.005828
2019,10780,11,-0.015252
2019,10900,11,0.005824
2019,11020,11,-0.018501
2019,11260,11,-0.013412
2019,11460,11,-0.005141
2019,11500,11,-0.00054
2019,11540,11,0.006876
2019,11700,11,-0.00343
2019,12020,11,0.008513
2019,12100,11,0.006531
2019,12220,11,0.005786
2019,12420,11,-0.007242
2019,12540,11,0.004461
2019,12580,11,-0.009294
2019,12620,11,0.003832
2019,12700,11,-0.004548
2019,12980,11,-0.002845
2019,13020,11,0.000201
2019,13380,11,0.019403
2019,13460,11,-0.000673
2019,13780,11,-0.000274
2019,14260,11,0.021585
2019,14500,11,-0.019574
2019,14740,11,0.015154
2019,14860,11,-0.006783
2019,15180,11,-0.00707
2019,15260,11,-0.003867
2019,15380,11,0.002563
2019,15500,11,0.020332
2019,15540,11,0.005446
2019,15940,11,-0.006648
2019,15980,11,-0.011035
2019,16020,11,-0.005027
2019,16180,11,-0.004403
2019,16220,11,-0.015027
2019,16300,11,0.002288
2019,16700,11,-0.008739
2019,16860,11,0.006591
2019,16940,11,-0.00936
2019,17020,11,0.003693
2019,17420,11,0.013968
2019,17660,11,0.016367
2019,17780,11,-0.008807
2019,17820,11,0.013868
2019,17900,11,0.004023
2019,18020,11,0.001908
2019,18700,11,-0.002099
2019,19340,11,-0.008583
2019,19460,11,-0.002039
2019,19500,11,-0.009883
2019,19740,11,-0.016526
2019,20020,11,-0.003661
2019,20100,11,0.001936
2019,20220,11,-0.0078
2019,20740,11,0.008257
2019,20940,11,-0.016435
2019,21140,11,0.005124
2019,21300,11,-0.010073
2019,21500,11,-0.007551
2019,21660,11,0.007146
2019,21820,11,-0.010909
2019,22020,11,-0.007354
2019,22140,11,-0.02664
2019,22380,11,-0.007501
2019,22420,11,-0.013039
2019,22500,11,-0.008791
2019,22520,11,-0.014645
2019,22540,11,0.013801
2019,22660,11,-0.010937
2019,23420,11,-0.000787
2019,23460,11,-0.001306
2019,23580,11,-0.001609
2019,24020,11,-0.003422
2019,24220,11,-0.022478
2019,24300,11,0.013909
2019,24500,11,-0.005937
2019,24540,11,0.000303
2019,24580,11,0.004635
2019,24660,11,0.003839
2019,25420,11,0.008333
2019,25500,11,-0.001066
2019,25540,11,-0.006671
2019,25860,11,0.005275
2019,25980,11,0.005192
2019,26300,11,0.008809
2019,26380,11,-0.013562
2019,26620,11,0.01361
2019,26980,11,0.002239
2019,27060,11,-0.01475
2019,27100,11,-0.011953
2019,27260,11,0.002732
2019,27340,11,0.028053
2019,27500,11,0.007883
2019,27740,11,0.002301
2019,27780,11,-0.018342
2019,27860,11,0.002724
2019,27900,11,0.00748
2019,28100,11,-0.001026
2019,28420,11,0.022927
2019,28660,11,0.017569
2019,28700,11,-0.004834
2019,28740,11,0.014967
2019,29100,11,-0.002646
2019,29340,11,-0.015848
2019,29420,11,0.003595
2019,29460,11,0.021145
2019,29540,11,0.005632
2019,29700,11,-0.00061
2019,29740,11,0.00569
2019,29820,11,0.019316
2019,29940,11,0.007797
2019,30140,11,0.014842
2019,30300,11,-0.010576
2019,30340,11,0.00416
2019,30460,11,0.002149
2019,30620,11,-0.004333
2019,30700,11,0.002304
2019,30780,11,-0.005897
2019,30860,11,0.016212
2019,31020,11,0.022466
2019,31420,11,0.008027
2019,31700,11,0.002402
2019,31860,11,-1.5e-05
2019,32580,11,0.000175
2019,32780,11,-0.003734
2019,32900,11,0.002031
2019,33140,11,0.010625
2019,33340,11,3.9e-05
2019,33540,11,-0.007065
2019,33700,11,-0.003619
2019,33780,11,-0.004796
2019,33860,11,-0.010638
2019,34060,11,-0.007433
2019,34580,11,0.017685
2019,34620,11,-0.00562
2019,34740,11,-0.006647
2019,34940,11,-0.01471
2019,35300,11,-0.003187
2019,35660,11,-0.010671
2019,35840,11,-0.011515
2019,35980,11,-0.006375
2019,36100,11,0.005692
2019,36220,11,0.043284
2019,36420,11,-0.005139
2019,36500,11,0.026564
2019,36540,11,0.005907
2019,36740,11,0.001014
2019,36780,11,0.009621
2019,36980,11,-0.00546
2019,37100,11,-0.010677
2019,37340,11,-0.010635
2019,37860,11,0.0098
2019,38060,11,0.006614
2019,38300,11,-0.005649
2019,38340,11,0.00957
2019,38860,11,0.00155
2019,38900,11,-0.018214
2019,38940,11,-0.009943
2019,39300,11,0.00013
2019,39340,11,0.005165
2019,39380,11,0.010294
2019,39460,11,-0.006714
2019,39540,11,0.014749
2019,39580,11,0.003988
2019,39740,11,0.005954
2019,39820,11,-0.00156
2019,39900,11,-0.010122
2019,40140,11,0.002454
2019,40420,11,0.006213
2019,40660,11,0.007445
2019,40900,11,-0.00102
2019,40980,11,-0.004892
2019,41060,11,-0.001151
2019,41100,11,0.016854
2019,41140,11,0.003834
2019,41420,11,0.012997
2019,41500,11,-0.015937
2019,41700,11,0.001566
2019,41740,11,-0.005049
2019,41940,11,-0.001955
2019,42020,11,-0.008375
2019,42100,11,-0.020106
2019,42140,11,0.004854
2019,42220,11,-0.017644
2019,42340,11,-0.005074
2019,42540,11,0.002454
2019,42680,11,-0.004803
2019,43100,11,0.007171
2019,43620,11,0.004003
2019,43780,11,0.009551
2019,44100,11,-0.014091
2019,44180,11,0.009524
2019,44220,11,0.004801
2019,44300,11,-0.000174
2019,44700,11,0.005201
2019,45060,11,0.003797
2019,45220,11,-0.004129
2019,45820,11,-0.001699
2019,45940,11,0.004296
2019,46060,11,-0.000501
2019,46140,11,-0.008386
2019,46340,11,0.008968
2019,46540,11,0.007569
2019,46660,11,0.010966
2019,46700,11,-0.006004
2019,47220,11,-0.00602
2019,47300,11,-0.006503
2019,47940,11,-0.000978
2019,48300,11,0.012265
2019,48540,11,-0.010243
2019,48660,11,-0.005504
2019,48700,11,-0.00349
2019,49020,11,-0.002166
2019,49420,11,0.022393
2019,49620,11,0.002306
2019,49660,11,-0.008462
2019,49740,11,-0.005775
2019,10180,12,-0.002149
2019,10420,12,0.001722
2019,10580,12,0.002459
2019,10740,12,-0.004776
2019,10780,12,-0.014429
2019,10900,12,0.007665
2019,11020,12,-0.018906
2019,11260,12,-0.012506
2019,11460,12,-0.004382
2019,11500,12,-0.00136
2019,11540,12,0.006119
2019,11700,12,-0.007676
2019,12020,12,0.006073
2019,12100,12,0.010084
2019,12220,12,0.006236
2019,12420,12,-0.009478
2019,12540,12,0.004854
2019,12580,12,-0.007585
2019,12620,12,0.002504
2019,12700,12,-0.005015
2019,12980,12,-0.001941
2019,13020,12,0.001833
2019,13380,12,0.017685
2019,13460,12,0.000322
2019,13780,12,-0.001413
2019,14260,12,0.022416
2019,14500,12,-0.024514
2019,14740,12,0.01177
2019,14860,12,-0.004161
2019,15180,12,-0.006464
2019,15260,12,-0.006688
2019,15380,12,0.001056
2019,15500,12,0.021836
2019,15540,12,0.006016
2019,15940,12,-0.004295
2019,15980,12,-0.008976
2019,16020,12,-0.005043
2019,16180,12,-0.003176
2019,16220,12,-0.018561
2019,16300,12,0.004055
2019,16700,12,-0.011115
2019,16860,12,0.005539
2019,16940,12,-0.00927
2019,17020,12,0.009614
2019,17420,12,0.014663
2019,17660,12,0.015315
2019,17780,12,-0.010464
2019,17820,12,0.013443
2019,17900,12,0.004034
2019,18020,12,0.001175
2019,18700,12,-0.004404
2019,19340,12,-0.00794
2019,19460,12,-0.003465
2019,19500,12,-0.009924
2019,19740,12,-0.017798
2019,20020,12,-0.002845
2019,20100,12,0.004444
2019,20220,12,-0.00846
2019,20740,12,0.007024
2019,20940,12,-0.016008
2019,21140,12,0.004855
2019,21300,12,-0.010145
2019,21500,12,-0.007594
2019,21660,12,0.00666
2019,21820,12,-0.010431
2019,22020,12,-0.009819
2019,22140,12,-0.028731
2019,22380,12,-0.005555
2019,22420,12,-0.009635
2019,22500,12,-0.008465
2019,22520,12,-0.014163
2019,22540,12,0.013235
2019,22660,12,-0.011164
2019,23420,12,0.003295
2019,23460,12,-0.002392
2019,23580,12,-0.00281
2019,24020,12,-0.005516
2019,24220,12,-0.029878
2019,24300,12,0.012696
2019,24500,12,-0.006339
2019,24540,12,0.001033
2019,24580,12,0.004317
2019,24660,12,0.004747
2019,25420,12,0.009261
2019,25500,12,-0.001745
2019,25540,12,-0.004126
2019,25860,12,0.003224
2019,25980,12,0.001169
2019,26300,12,0.008599
2019,26380,12,-0.014244
2019,26620,12,0.014646
2019,26980,12,0.004744
2019,27060,12,-0.01846
2019,27100,12,-0.010222
2019,27260,12,0.004985
2019,27340,12,0.027868
2019,27500,12,0.005975
2019,27740,12,0.000877
2019,27780,12,-0.018999
2019,27860,12,0.006565
2019,27900,12,0.007308
2019,28100,12,-0.001384
2019,28420,12,0.02253
2019,28660,12,0.019454
2019,28700,12,-0.005963
2019,28740,12,0.013238
2019,29100,12,-0.004577
2019,29340,12,-0.017329
2019,29420,12,0.007117
2019,29460,12,0.023624
2019,29540,12,0.004757
2019,29700,12,-0.001634
2019,29740,12,0.007427
2019,29820,12,0.01822
2019,29940,12,0.007417
2019,30140,12,0.016287
2019,30300,12,-0.01552
2019,30340,12,0.002201
2019,30460,12,0.001325
2019,30620,12,-0.006054
2019,30700,12,0.002767
2019,30780,12,-0.00275
2019,30860,12,0.013972
2019,31020,12,0.020014
2019,31420,12,0.009353
2019,31700,12,0.002108
2019,31860,12,0.001102
2019,32580,12,0.001046
2019,32780,12,0.001289
2019,32900,12,0.002908
2019,33140,12,0.009908
2019,33340,12,-0.000283
2019,33540,12,-0.00761
2019,33700,12,-0.006494
2019,33780,12,-0.001045
2019,33860,12,-0.009175
2019,34060,12,-0.009348
2019,34580,12,0.016094
2019,34620,12,-0.005221
2019,34740,12,-0.008684
2019,34940,12,-0.017578
2019,35300,12,-0.000859
2019,35660,12,-0.011889
2019,35840,12,-0.010045
2019,35980,12,-0.006763
2019,36100,12,0.008001
2019,36220,12,0.041336
2019,36420,12,-0.003202
2019,36500,12,0.025614
2019,36540,12,0.006756
2019,36740,12,0.004086
2019,36780,12,0.008376
2019,36980,12,-0.005233
2019,37100,12,-0.009953
2019,37340,12,-0.012374
2019,37860,12,0.010377
2019,38060,12,0.005491
2019,38300,12,-0.00555
2019,38340,12,0.00698
2019,38860,12,0.000566
2019,38900,12,-0.019926
2019,38940,12,-0.009718
2019,39300,12,-0.000337
2019,39340,12,0.00817
2019,39380,12,0.005545
2019,39460,12,-0.00521
2019,39540,12,0.01196
2019,39580,12,0.004725
2019,39740,12,0.007012
2019,39820,12,0.001844
2019,39900,12,-0.009376
2019,40140,12,0.001475
2019,40420,12,0.004855
2019,40660,12,0.007086
2019,40900,12,0.000592
2019,40980,12,-0.00241
2019,41060,12,0.00043
2019,41100,12,0.023198
2019,41140,12,0.001909
2019,41420,12,0.010808
2019,41500,12,-0.015346
2019,41700,12,-0.000299
2019,41740,12,-0.002528
2019,41940,12,-0.004926
2019,42020,12,-0.006174
2019,42100,12,-0.020708
2019,42140,12,0.003811
2019,42220,12,-0.02074
2019,42340,12,-0.003891
2019,42540,12,0.003516
2019,42680,12,-0.006547
2019,43100,12,0.004987
2019,43620,12,0.006782
2019,43780,12,0.007801
2019,44100,12,-0.014671
2019,44180,12,0.010109
2019,44220,12,0.004883
2019,44300,12,-0.002039
2019,44700,12,0.004532
2019,45060,12,0.004439
2019,45220,12,-0.004272
2019,45820,12,-0.002531
2019,45940,12,0.008254
2019,46060,12,0.002738
2019,46140,12,-0.007771
2019,46340,12,0.009029
2019,46540,12,0.004854
2019,46660,12,0.011719
2019,46700,12,-0.009594
2019,47220,12,-0.005224
2019,47300,12,-0.004132
2019,47940,12,0.000145
2019,48300,12,0.009172
2019,48540,12,-0.013894
2019,48660,12,-0.006823
2019,48700,12,-0.00427
2019,49020,12,0.001599
2019,49420,12,0.0201
2019,49620,12,0.003388
2019,49660,12,-0.007088
2019,49740,12,-0.000343
2019,10180,13,-0.003014
2019,10420,13,0.000798
2019,10580,13,0.001321
2019,10740,13,-0.00793
2019,10780,13,-0.01713
2019,10900,13,0.009148
2019,11020,13,-0.018758
2019,11260,13,-0.020023
2019,11460,13,-0.001492
2019,11500,13,-0.001791
2019,11540,13,0.006702
2019,11700,13,-0.0073
2019,12020,13,0.008506
2019,12100,13,0.005839
2019,12220,13,0.007266
2019,12420,13,-0.006564
2019,12540,13,0.006421
2019,12580,13,-0.012066
2019,12620,13,0.001591
2019,12700,13,-0.003798
2019,12980,13,-0.000452
2019,13020,13,0.001617
2019,13380,13,0.016994
2019,13460,13,0.002549
2019,13780,13,-0.002544
2019,14260,13,0.023171
2019,14500,13,-0.022378
2019,14740,13,0.01175
2019,14860,13,-0.005627
2019,15180,13,-0.006064
2019,15260,13,-0.005596
2019,15380,13,0.001284
2019,15500,13,0.022393
2019,15540,13,0.004228
2019,15940,13,-0.006484
2019,15980,13,-0.003592
2019,16020,13,-0.005039
2019,16180,13,-0.000567
2019,16220,13,-0.024611
2019,16300,13,0.003082
2019,16700,13,-0.009917
2019,16860,13,0.004203
2019,16940,13,-0.013158
2019,17020,13,0.005266
2019,17420,13,0.015326
2019,17660,13,0.016635
2019,17780,13,-0.010631
2019,17820,13,0.014928
2019,17900,13,0.002274
2019,18020,13,0.000195
2019,18700,13,-0.005152
2019,19340,13,-0.010602
2019,19460,13,-0.002511
2019,19500,13,-0.013175
2019,19740,13,-0.017151
2019,20020,13,-0.003674
2019,20100,13,9.1e-05
2019,20220,13,-0.009783
2019,20740,13,0.007115
2019,20940,13,-0.014275
2019,21140,13,0.005561
2019,21300,13,-0.012015
2019,21500,13,-0.008368
2019,21660,13,0.005359
2019,21820,13,-0.016327
2019,22020,13,-0.007461
2019,22140,13,-0.032733
2019,22380,13,-0.007648
2019,22420,13,-0.008857
2019,22500,13,-0.012413
2019,22520,13,-0.016684
2019,22540,13,0.013985
2019,22660,13,-0.010132
2019,23420,13,0.001792
2019,23460,13,-0.0029
2019,23580,13,-1.5e-05
2019,24020,13,-0.005407
2019,24220,13,-0.02659
2019,24300,13,0.011723
2019,24500,13,-0.011266
2019,24540,13,0.005569
2019,24580,13,0.005271
2019,24660,13,0.002679
2019,25420,13,0.009228
2019,25500,13,-0.003328
2019,25540,13,-0.00656
2019,25860,13,0.004024
2019,25980,13,0.000862
2019,26300,13,0.009777
2019,26380,13,-0.017786
2019,26620,13,0.014332
2019,26980,13,0.002855
2019,27060,13,-0.015296
2019,27100,13,-0.007769
2019,27260,13,0.004893
2019,27340,13,0.025401
2019,27500,13,0.008127
2019,27740,13,0.001734
2019,27780,13,-0.019667
2019,27860,13,0.005061
2019,27900,13,0.006605
2019,28100,13,-0.003444
2019,28420,13,0.021066
2019,28660,13,0.01977
2019,28700,13,-0.007961
2019,28740,13,0.015183
2019,29100,13,-0.005874
2019,29340,13,-0.018849
2019,29420,13,0.005884
2019,29460,13,0.027258
2019,29540,13,0.006883
2019,29700,13,-0.001243
2019,29740,13,0.003576
2019,29820,13,0.026194
2019,29940,13,0.008994
2019,30140,13,0.017838
2019,30300,13,-0.014739
2019,30340,13,0.00378
2019,30460,13,0.003138
2019,30620,13,-0.005869
2019,30700,13,0.002693
2019,30780,13,-0.005242
2019,30860,13,0.016968
2019,31020,13,0.021588
2019,31420,13,0.006893
2019,31700,13,0.00443
2019,31860,13,0.00138
2019,32580,13,0.001171
2019,32780,13,-0.001139
2019,32900,13,0.010073
2019,33140,13,0.007809
2019,33340,13,-0.001406
2019,33540,13,-0.010067
2019,33700,13,0.002509
2019,33780,13,0.000292
2019,33860,13,-0.010472
2019,34060,13,-0.011554
2019,34580,13,0.016144
2019,34620,13,-0.005601
2019,34740,13,-0.004719
2019,34940,13,-0.011345
2019,35300,13,-0.002324
2019,35660,13,-0.011224
2019,35840,13,-0.006036
2019,35980,13,-0.00621
2019,36100,13,0.009021
2019,36220,13,0.038961
2019,36420,13,-0.004002
2019,36500,13,0.026153
2019,36540,13,0.006972
2019,36740,13,0.00606
2019,36780,13,0.008619
2019,36980,13,-0.004556
2019,37100,13,-0.011862
2019,37340,13,-0.005321
2019,37860,13,0.010595
2019,38060,13,0.010964
2019,38300,13,-0.006397
2019,38340,13,0.006442
2019,38860,13,0.00148
2019,38900,13,-0.021571
2019,38940,13,-0.002276
2019,39300,13,0.001777
2019,39340,13,0.006515
2019,39380,13,0.009389
2019,39460,13,0.000932
2019,39540,13,0.014058
2019,39580,13,0.003868
2019,39740,13,0.008652
2019,39820,13,-0.000907
2019,39900,13,-0.005783
2019,40140,13,0.004888
2019,40420,13,0.005631
2019,40660,13,0.007227
2019,40900,13,0.00271
2019,40980,13,-0.003496
2019,41060,13,0.003268
2019,41100,13,0.022691
2019,41140,13,0.003117
2019,41420,13,0.012057
2019,41500,13,-0.01272
2019,41700,13,0.002872
2019,41740,13,-0.004679
2019,41940,13,-0.007406
2019,42020,13,-0.008297
2019,42100,13,-0.02189
2019,42140,13,0.0032
2019,42220,13,-0.020108
2019,42340,13,-0.006622
2019,42540,13,0.002879
2019,42680,13,0.001142
2019,43100,13,0.006755
2019,43620,13,0.005251
2019,43780,13,0.008044
2019,44100,13,-0.017719
2019,44180,13,0.01089
2019,44220,13,0.004153
2019,44300,13,-0.000208
2019,44700,13,0.012016
2019,45060,13,0.003007
2019,45220,13,-0.005034
2019,45820,13,-0.003221
2019,45940,13,0.00726
2019,46060,13,0.002236
2019,46140,13,-0.008435
2019,46340,13,0.010596
2019,46540,13,0.004921
2019,46660,13,0.007376
2019,46700,13,-0.001765
2019,47220,13,-0.005873
2019,47300,13,-0.005586
2019,47940,13,-0.002844
2019,48300,13,0.005865
2019,48540,13,-0.017577
2019,48660,13,-0.00489
2019,48700,13,-0.005845
2019,49020,13,0.000201
2019,49420,13,0.016635
2019,49620,13,0.005285
2019,49660,13,-0.009138
2019,49740,13,-0.003393
2019,10180,14,-0.000376
2019,10420,14,-0.000457
2019,10580,14,-0.001281
2019,10740,14,-0.007844
2019,10780,14,-0.016685
2019,10900,14,0.008377
2019,11020,14,-0.016617
2019,11260,14,-0.022645
2019,11460,14,-0.004234
2019,11500,14,0.001959
2019,11540,14,0.006001
2019,11700,14,-0.005995
2019,12020,14,0.012291
2019,12100,14,0.006926
2019,12220,14,0.004795
2019,12420,14,-0.013731
2019,12540,14,0.005712
2019,12580,14,-0.011624
2019,12620,14,0.003253
2019,12700,14,-0.000766
2019,12980,14,-0.000588
2019,13020,14,0.001556
2019,13380,14,0.018658
2019,13460,14,-0.006489
2019,13780,14,0.000316
2019,14260,14,0.026358
2019,14500,14,-0.023765
2019,14740,14,0.015881
2019,14860,14,-0.009317
2019,15180,14,-0.007437
2019,15260,14,-0.004298
2019,15380,14,0.002995
2019,15500,14,0.022923
2019,15540,14,0.003207
2019,15940,14,-0.007907
2019,15980,14,-0.013554
2019,16020,14,0.005419
2019,16180,14,6.5e-05
2019,16220,14,-0.020423
2019,16300,14,0.000958
2019,16700,14,-0.013389
2019,16860,14,0.007777
2019,16940,14,-0.013284
2019,17020,14,0.005377
2019,17420,14,0.017124
2019,17660,14,0.018066
2019,17780,14,-0.014445
2019,17820,14,0.01654
2019,17900,14,0.003352
2019,18020,14,-0.001512
2019,18700,14,-0.003463
2019,19340,14,-0.013829
2019,19460,14,-0.002933
2019,19500,14,-0.017229
2019,19740,14,-0.020181
2019,20020,14,-0.003272
2019,20100,14,-0.000797
2019,20220,14,-0.009416
2019,20740,14,0.006876
2019,20940,14,-0.016696
2019,21140,14,0.005281
2019,21300,14,-0.006776
2019,21500,14,-0.007463
2019,21660,14,0.00729
2019,21820,14,-0.013169
2019,22020,14,-0.015047
2019,22140,14,-0.033577
2019,22380,14,-0.00866
2019,22420,14,-0.010856
2019,22500,14,-0.009852
2019,22520,14,-0.020088
2019,22540,14,0.013897
2019,22660,14,-0.01486
2019,23420,14,0.000942
2019,23460,14,-0.000138
2019,23580,14,-0.001868
2019,24020,14,-0.006762
2019,24220,14,-0.031078
2019,24300,14,0.016522
2019,24500,14,-0.008881
2019,24540,14,-0.001475
2019,24580,14,0.003419
2019,24660,14,0.004983
2019,25420,14,0.006659
2019,25500,14,-0.003814
2019,25540,14,-0.010541
2019,25860,14,0.011655
2019,25980,14,0.003258
2019,26300,14,0.011672
2019,26380,14,-0.016835
2019,26620,14,0.013916
2019,26980,14,-0.001333
2019,27060,14,-0.02079
2019,27100,14,-0.007001
2019,27260,14,0.003123
2019,27340,14,0.032439
2019,27500,14,0.00835
2019,27740,14,0.004964
2019,27780,14,-0.02236
2019,27860,14,0.002879
2019,27900,14,0.00777
2019,28100,14,-0.002505
2019,28420,14,0.024134
2019,28660,14,0.020938
2019,28700,14,-0.000296
2019,28740,14,0.019472
2019,29100,14,-0.006396
2019,29340,14,-0.022077
2019,29420,14,0.008381
2019,29460,14,0.026206
2019,29540,14,0.008744
2019,29700,14,-0.000557
2019,29740,14,0.005055
2019,29820,14,0.029953
2019,29940,14,0.007681
2019,30140,14,0.015898
2019,30300,14,-0.007347
2019,30340,14,0.005389
2019,30460,14,0.0022
2019,30620,14,-0.003463
2019,30700,14,0.00018
2019,30780,14,-0.007442
2019,30860,14,0.019493
2019,31020,14,0.02556
2019,31420,14,0.012956
2019,31700,14,0.004341
2019,31860,14,-0.000619
2019,32580,14,-0.000252
2019,32780,14,-0.003964
2019,32900,14,0.008872
2019,33140,14,0.011145
2019,33340,14,-0.002342
2019,33540,14,-0.012514
2019,33700,14,0.004641
2019,33780,14,0.000584
2019,33860,14,-0.012716
2019,34060,14,-0.010855
2019,34580,14,0.018939
2019,34620,14,-0.0028
2019,34740,14,-0.001925
2019,34940,14,-0.018345
2019,35300,14,-0.004416
2019,35660,14,-0.011699
2019,35840,14,-0.013786
2019,35980,14,-0.006068
2019,36100,14,0.007502
2019,36220,14,0.051063
2019,36420,14,-0.006334
2019,36500,14,0.028457
2019,36540,14,0.005933
2019,36740,14,0.002137
2019,36780,14,0.009269
2019,36980,14,-0.005239
2019,37100,14,-0.013252
2019,37340,14,-0.0092
2019,37860,14,0.013014
2019,38060,14,0.008351
2019,38300,14,-0.005083
2019,38340,14,0.012862
2019,38860,14,0.001029
2019,38900,14,-0.026648
2019,38940,14,-0.007542
2019,39300,14,0.001599
2019,39340,14,0.001754
2019,39380,14,0.014987
2019,39460,14,-0.006588
2019,39540,14,0.017629
2019,39580,14,0.001028
2019,39740,14,0.009518
2019,39820,14,8e-06
2019,39900,14,-0.00933
2019,40140,14,0.003693
2019,40420,14,0.006451
2019,40660,14,0.010443
2019,40900,14,-0.000654
2019,40980,14,-0.003411
2019,41060,14,0.007035
2019,41100,14,0.017254
2019,41140,14,0.014246
2019,41420,14,0.014394
2019,41500,14,-0.01553
2019,41700,14,0.00021
2019,41740,14,-0.005908
2019,41940,14,-0.001785
2019,42020,14,-0.009229
2019,42100,14,-0.023023
2019,42140,14,0.007567
2019,42220,14,-0.017888
2019,42340,14,-0.006822
2019,42540,14,0.002548
2019,42680,14,-0.003411
2019,43100,14,0.011516
2019,43620,14,-0.000794
2019,43780,14,0.010605
2019,44100,14,-0.020572
2019,44180,14,0.011193
2019,44220,14,0.005783
2019,44300,14,-0.00017
2019,44700,14,0.009928
2019,45060,14,0.004089
2019,45220,14,-0.003584
2019,45820,14,-0.001888
2019,45940,14,0.004344
2019,46060,14,0.001476
2019,46140,14,-0.009078
2019,46340,14,0.011358
2019,46540,14,0.008525
2019,46660,14,0.010499
2019,46700,14,-0.003394
2019,47220,14,-0.007254
2019,47300,14,-0.007784
2019,47940,14,-0.000355
2019,48300,14,0.010667
2019,48540,14,-0.015212
2019,48660,14,0.003946
2019,48700,14,-0.006789
2019,49020,14,-0.003928
2019,49420,14,0.025226
2019,49620,14,0.004129
2019,49660,14,-0.010113
2019,49740,14,-0.0083
2019,10180,15,-0.001228
2019,10420,15,-0.000948
2019,10580,15,0.000107
2019,10740,15,-0.0062
2019,10780,15,-0.015035
2019,10900,15,0.005934
2019,11020,15,-0.013556
2019,11260,15,-0.014336
2019,11460,15,-0.004915
2019,11500,15,-0.000628
2019,11540,15,0.006369
2019,11700,15,-0.003277
2019,12020,15,0.008329
2019,12100,15,0.004468
2019,12220,15,0.005684
2019,12420,15,-0.006458
2019,12540,15,0.004638
2019,12580,15,-0.009164
2019,12620,15,0.002723
2019,12700,15,-0.002519
2019,12980,15,-0.001697
2019,13020,15,-0.000336
2019,13380,15,0.018015
2019,13460,15,-0.000667
2019,13780,15,-8.6e-05
2019,14260,15,0.021236
2019,14500,15,-0.018842
2019,14740,15,0.013884
2019,14860,15,-0.006965
2019,15180,15,-0.007593
2019,15260,15,-0.003685
2019,15380,15,0.001521
2019,15500,15,0.018786
2019,15540,15,0.005618
2019,15940,15,-0.006876
2019,15980,15,-0.011061
2019,16020,15,0.002234
2019,16180,15,-0.004207
2019,16220,15,-0.013385
2019,16300,15,0.000693
2019,16700,15,-0.007788
2019,16860,15,0.006262
2019,16940,15,-0.009442
2019,17020,15,0.003018
2019,17420,15,0.013651
2019,17660,15,0.015911
2019,17780,15,-0.008734
2019,17820,15,0.013005
2019,17900,15,0.003747
2019,18020,15,0.001135
2019,18700,15,-0.001269
2019,19340,15,-0.008677
2019,19460,15,-0.002756
2019,19500,15,-0.011834
2019,19740,15,-0.015548
2019,20020,15,-0.002885
2019,20100,15,0.001893
2019,20220,15,-0.008211
2019,20740,15,0.007467
2019,20940,15,-0.015498
2019,21140,15,0.004772
2019,21300,15,-0.00618
2019,21500,15,-0.006865
2019,21660,15,0.006784
2019,21820,15,-0.009774
2019,22020,15,-0.007422
2019,22140,15,-0.026914
2019,22380,15,-0.00679
2019,22420,15,-0.012708
2019,22500,15,-0.008477
2019,22520,15,-0.014597
2019,22540,15,0.012831
2019,22660,15,-0.009864
2019,23420,15,-0.001016
2019,23460,15,-0.001886
2019,23580,15,-0.002227
2019,24020,15,-0.004402
2019,24220,15,-0.021406
2019,24300,15,0.012884
2019,24500,15,-0.006573
2019,24540,15,0.000406
2019,24580,15,0.003941
2019,24660,15,0.003202
2019,25420,15,0.006522
2019,25500,15,-0.001238
2019,25540,15,-0.007364
2019,25860,15,0.007289
2019,25980,15,0.003278
2019,26300,15,0.007756
2019,26380,15,-0.013558
2019,26620,15,0.01333
2019,26980,15,0.000534
2019,27060,15,-0.013727
2019,27100,15,-0.008265
2019,27260,15,0.002925
2019,27340,15,0.028336
2019,27500,15,0.006838
2019,27740,15,0.003485
2019,27780,15,-0.017733
2019,27860,15,0.001609
2019,27900,15,0.005383
2019,28100,15,-0.001476
2019,28420,15,0.022468
2019,28660,15,0.016671
2019,28700,15,-0.000793
2019,28740,15,0.013135
2019,29100,15,-0.003185
2019,29340,15,-0.016229
2019,29420,15,0.003175
2019,29460,15,0.020972
2019,29540,15,0.006561
2019,29700,15,-0.00106
2019,29740,15,0.004683
2019,29820,15,0.018846
2019,29940,15,0.005161
2019,30140,15,0.014285
2019,30300,15,-0.005819
2019,30340,15,0.003581
2019,30460,15,0.001575
2019,30620,15,-0.002847
2019,30700,15,0.000604
2019,30780,15,-0.006759
2019,30860,15,0.016498
2019,31020,15,0.021745
2019,31420,15,0.008011
2019,31700,15,0.002227
2019,31860,15,-0.001285
2019,32580,15,-0.000821
2019,32780,15,-0.003263
2019,32900,15,0.002798
2019,33140,15,0.009231
2019,33340,15,-0.001041
2019,33540,15,-0.008191
2019,33700,15,-0.000501
2019,33780,15,-0.001662
2019,33860,15,-0.010904
2019,34060,15,-0.006876
2019,34580,15,0.016865
2019,34620,15,-0.003756
2019,34740,15,-0.004328
2019,34940,15,-0.013647
2019,35300,15,-0.003472
2019,35660,15,-0.008884
2019,35840,15,-0.010741
2019,35980,15,-0.005681
2019,36100,15,0.004992
2019,36220,15,0.045596
2019,36420,15,-0.005231
2019,36500,15,0.02529
2019,36540,15,0.004606
2019,36740,15,0.001383
2019,36780,15,0.008394
2019,36980,15,-0.00477
2019,37100,15,-0.01095
2019,37340,15,-0.010135
2019,37860,15,0.009831
2019,38060,15,0.006242
2019,38300,15,-0.005237
2019,38340,15,0.010057
2019,38860,15,0.001401
2019,38900,15,-0.017519
2019,38940,15,-0.009206
2019,39300,15,-0.00031
2019,39340,15,0.004499
2019,39380,15,0.008909
2019,39460,15,-0.006964
2019,39540,15,0.013602
2019,39580,15,0.004324
2019,39740,15,0.007242
2019,39820,15,-0.001729
2019,39900,15,-0.009653
2019,40140,15,0.002487
2019,40420,15,0.004978
2019,40660,15,0.006029
2019,40900,15,-0.001558
2019,40980,15,-0.005629
2019,41060,15,0.002929
2019,41100,15,0.016661
2019,41140,15,0.008129
2019,41420,15,0.012574
2019,41500,15,-0.016049
2019,41700,15,0.001249
2019,41740,15,-0.005298
2019,41940,15,-0.001312
2019,42020,15,-0.007892
2019,42100,15,-0.019681
2019,42140,15,0.003925
2019,42220,15,-0.017454
2019,42340,15,-0.005125
2019,42540,15,0.001895
2019,42680,15,-0.004074
2019,43100,15,0.008912
2019,43620,15,0.002816
2019,43780,15,0.008788
2019,44100,15,-0.014457
2019,44180,15,0.008315
2019,44220,15,0.004219
2019,44300,15,0.000559
2019,44700,15,0.005083
2019,45060,15,0.00265
2019,45220,15,-0.004037
2019,45820,15,-0.003341
2019,45940,15,0.002822
2019,46060,15,-0.000589
2019,46140,15,-0.008933
2019,46340,15,0.007776
2019,46540,15,0.005938
2019,46660,15,0.009434
2019,46700,15,-0.00593
2019,47220,15,-0.006357
2019,47300,15,-0.006655
2019,47940,15,-0.00099
2019,48300,15,0.011468
2019,48540,15,-0.013092
2019,48660,15,-0.000365
2019,48700,15,-0.004187
2019,49020,15,-0.002876
2019,49420,15,0.020132
2019,49620,15,0.003227
2019,49660,15,-0.008816
2019,49740,15,-0.006564
2019,10180,16,-0.002671
2019,10420,16,0.000553
2019,10580,16,-0.000194
2019,10740,16,-0.006671
2019,10780,16,-0.01591
2019,10900,16,0.009275
2019,11020,16,-0.014836
2019,11260,16,-0.018219
2019,11460,16,-0.00206
2019,11500,16,-0.0016
2019,11540,16,0.006018
2019,11700,16,-0.007585
2019,12020,16,0.007979
2019,12100,16,0.004755
2019,12220,16,0.006087
2019,12420,16,-0.007968
2019,12540,16,0.005882
2019,12580,16,-0.009966
2019,12620,16,0.000998
2019,12700,16,-0.00257
2019,12980,16,0.000141
2019,13020,16,0.001209
2019,13380,16,0.016423
2019,13460,16,0.001173
2019,13780,16,-0.002057
2019,14260,16,0.02238
2019,14500,16,-0.023102
2019,14740,16,0.010707
2019,14860,16,-0.00535
2019,15180,16,-0.006598
2019,15260,16,-0.006268
2019,15380,16,0.000213
2019,15500,16,0.021692
2019,15540,16,0.005344
2019,15940,16,-0.005947
2019,15980,16,-0.006197
2019,16020,16,0.001426
2019,16180,16,-0.000992
2019,16220,16,-0.021894
2019,16300,16,0.002354
2019,16700,16,-0.010346
2019,16860,16,0.004578
2019,16940,16,-0.012035
2019,17020,16,0.006777
2019,17420,16,0.015216
2019,17660,16,0.015782
2019,17780,16,-0.012164
2019,17820,16,0.013827
2019,17900,16,0.00255
2019,18020,16,3.4e-05
2019,18700,16,-0.003236
2019,19340,16,-0.009557
2019,19460,16,-0.003389
2019,19500,16,-0.013815
2019,19740,16,-0.017198
2019,20020,16,-0.002448
2019,20100,16,0.001021
2019,20220,16,-0.009497
2019,20740,16,0.006397
2019,20940,16,-0.014207
2019,21140,16,0.005255
2019,21300,16,-0.00831
2019,21500,16,-0.0078
2019,21660,16,0.006443
2019,21820,16,-0.012986
2019,22020,16,-0.008975
2019,22140,16,-0.031746
2019,22380,16,-0.006052
2019,22420,16,-0.009051
2019,22500,16,-0.010567
2019,22520,16,-0.016379
2019,22540,16,0.013303
2019,22660,16,-0.010134
2019,23420,16,0.002223
2019,23460,16,-0.002984
2019,23580,16,-0.00143
2019,24020,16,-0.006745
2019,24220,16,-0.027674
2019,24300,16,0.011442
2019,24500,16,-0.00978
2019,24540,16,0.004114
2019,24580,16,0.004188
2019,24660,16,0.003071
2019,25420,16,0.007862
2019,25500,16,-0.002363
2019,25540,16,-0.006164
2019,25860,16,0.006238
2019,25980,16,-0.00113
2019,26300,16,0.0092
2019,26380,16,-0.016676
2019,26620,16,0.014177
2019,26980,16,0.002005
2019,27060,16,-0.015818
2019,27100,16,-0.005594
2019,27260,16,0.004941
2019,27340,16,0.026772
2019,27500,16,0.006634
2019,27740,16,0.002799
2019,27780,16,-0.019473
2019,27860,16,0.004636
2019,27900,16,0.005441
2019,28100,16,-0.00308
2019,28420,16,0.021393
2019,28660,16,0.019169
2019,28700,16,-0.003081
2019,28740,16,0.012787
2019,29100,16,-0.006154
2019,29340,16,-0.019791
2019,29420,16,0.006157
2019,29460,16,0.027035
2019,29540,16,0.007365
2019,29700,16,-0.002116
2019,29740,16,0.004062
2019,29820,16,0.02271
2019,29940,16,0.006726
2019,30140,16,0.017614
2019,30300,16,-0.010222
2019,30340,16,0.002685
2019,30460,16,0.001854
2019,30620,16,-0.004816
2019,30700,16,0.000643
2019,30780,16,-0.005174
2019,30860,16,0.017041
2019,31020,16,0.021453
2019,31420,16,0.008333
2019,31700,16,0.003572
2019,31860,16,0.000244
2019,32580,16,0.000164
2019,32780,16,0.000693
2019,32900,16,0.008123
2019,33140,16,0.007422
2019,33340,16,-0.002141
2019,33540,16,-0.01067
2019,33700,16,0.001756
2019,33780,16,0.002861
2019,33860,16,-0.010231
2019,34060,16,-0.009352
2019,34580,16,0.015913
2019,34620,16,-0.003892
2019,34740,16,-0.004221
2019,34940,16,-0.014185
2019,35300,16,-0.001783
2019,35660,16,-0.009943
2019,35840,16,-0.007724
2019,35980,16,-0.006059
2019,36100,16,0.00818
2019,36220,16,0.042675
2019,36420,16,-0.003555
2019,36500,16,0.02584
2019,36540,16,0.005587
2019,36740,16,0.005958
2019,36780,16,0.00739
2019,36980,16,-0.004036
2019,37100,16,-0.011874
2019,37340,16,-0.007472
2019,37860,16,0.010748
2019,38060,16,0.008613
2019,38300,16,-0.005803
2019,38340,16,0.007166
2019,38860,16,0.000675
2019,38900,16,-0.02121
2019,38940,16,-0.00405
2019,39300,16,0.000552
2019,39340,16,0.00639
2019,39380,16,0.007101
2019,39460,16,-0.001446
2019,39540,16,0.012472
2019,39580,16,0.004054
2019,39740,16,0.009763
2019,39820,16,0.000268
2019,39900,16,-0.007899
2019,40140,16,0.003461
2019,40420,16,0.004143
2019,40660,16,0.006548
2019,40900,16,0.001107
2019,40980,16,-0.00384
2019,41060,16,0.00647
2019,41100,16,0.02306
2019,41140,16,0.006525
2019,41420,16,0.012017
2019,41500,16,-0.014118
2019,41700,16,0.001791
2019,41740,16,-0.004292
2019,41940,16,-0.006647
2019,42020,16,-0.007048
2019,42100,16,-0.021331
2019,42140,16,0.003168
2019,42220,16,-0.021053
2019,42340,16,-0.005639
2019,42540,16,0.00297
2019,42680,16,-0.001174
2019,43100,16,0.007791
2019,43620,16,0.004079
2019,43780,16,0.007208
2019,44100,16,-0.017112
2019,44180,16,0.009973
2019,44220,16,0.003867
2019,44300,16,7.2e-05
2019,44700,16,0.008908
2019,45060,16,0.00247
2019,45220,16,-0.004597
2019,45820,16,-0.004389
2019,45940,16,0.006565
2019,46060,16,0.002941
2019,46140,16,-0.00888
2019,46340,16,0.009942
2019,46540,16,0.003648
2019,46660,16,0.00741
2019,46700,16,-0.005008
2019,47220,16,-0.006389
2019,47300,16,-0.005319
2019,47940,16,-0.001422
2019,48300,16,0.006562
2019,48540,16,-0.018655
2019,48660,16,-0.000803
2019,48700,16,-0.005786
2019,49020,16,0.000434
2019,49420,16,0.016461
2019,49620,16,0.005908
2019,49660,16,-0.008847
2019,49740,16,-0.002647
2019,10180,17,-0.000759
2019,10420,17,-0.000764
2019,10580,17,-0.000325
2019,10740,17,-0.005953
2019,10780,17,-0.015539
2019,10900,17,0.007321
2019,11020,17,-0.014303
2019,11260,17,-0.015795
2019,11460,17,-0.004665
2019,11500,17,2.2e-05
2019,11540,17,0.006634
2019,11700,17,-0.004115
2019,12020,17,0.010328
2019,12100,17,0.003831
2019,12220,17,0.004877
2019,12420,17,-0.009256
2019,12540,17,0.004522
2019,12580,17,-0.009381
2019,12620,17,0.002959
2019,12700,17,-0.002173
2019,12980,17,-0.001392
2019,13020,17,-0.000291
2019,13380,17,0.019839
2019,13460,17,-0.002336
2019,13780,17,0.000138
2019,14260,17,0.022652
2019,14500,17,-0.021421
2019,14740,17,0.014998
2019,14860,17,-0.007876
2019,15180,17,-0.007696
2019,15260,17,-0.004475
2019,15380,17,0.001541
2019,15500,17,0.021559
2019,15540,17,0.005693
2019,15940,17,-0.007564
2019,15980,17,-0.013103
2019,16020,17,0.00411
2019,16180,17,-0.004578
2019,16220,17,-0.016334
2019,16300,17,0.001074
2019,16700,17,-0.010024
2019,16860,17,0.007118
2019,16940,17,-0.010339
2019,17020,17,0.004219
2019,17420,17,0.01494
2019,17660,17,0.017209
2019,17780,17,-0.012044
2019,17820,17,0.014538
2019,17900,17,0.003872
2019,18020,17,0.001211
2019,18700,17,0.000753
2019,19340,17,-0.009676
2019,19460,17,-0.003193
2019,19500,17,-0.013578
2019,19740,17,-0.018075
2019,20020,17,-0.002786
2019,20100,17,0.000786
2019,20220,17,-0.008455
2019,20740,17,0.007657
2019,20940,17,-0.016569
2019,21140,17,0.005156
2019,21300,17,-0.006365
2019,21500,17,-0.007488
2019,21660,17,0.009086
2019,21820,17,-0.009255
2019,22020,17,-0.009973
2019,22140,17,-0.028511
2019,22380,17,-0.007464
2019,22420,17,-0.013732
2019,22500,17,-0.008563
2019,22520,17,-0.016985
2019,22540,17,0.013879
2019,22660,17,-0.012309
2019,23420,17,-0.000869
2019,23460,17,-0.000954
2019,23580,17,-0.002255
2019,24020,17,-0.005482
2019,24220,17,-0.025189
2019,24300,17,0.014578
2019,24500,17,-0.00676
2019,24540,17,0.000174
2019,24580,17,0.003901
2019,24660,17,0.004167
2019,25420,17,0.006967
2019,25500,17,-0.000645
2019,25540,17,-0.008184
2019,25860,17,0.009893
2019,25980,17,0.003551
2019,26300,17,0.009476
2019,26380,17,-0.014767
2019,26620,17,0.013963
2019,26980,17,7.3e-05
2019,27060,17,-0.016219
2019,27100,17,-0.008606
2019,27260,17,0.002749
2019,27340,17,0.030552
2019,27500,17,0.00744
2019,27740,17,0.004589
2019,27780,17,-0.020058
2019,27860,17,0.001927
2019,27900,17,0.006491
2019,28100,17,-0.001503
2019,28420,17,0.024395
2019,28660,17,0.018225
2019,28700,17,0.000893
2019,28740,17,0.014486
2019,29100,17,-0.004009
2019,29340,17,-0.018947
2019,29420,17,0.003882
2019,29460,17,0.023672
2019,29540,17,0.008091
2019,29700,17,-0.001382
2019,29740,17,0.005182
2019,29820,17,0.020661
2019,29940,17,0.006379
2019,30140,17,0.015926
2019,30300,17,-0.004142
2019,30340,17,0.004138
2019,30460,17,0.001679
2019,30620,17,-0.00298
2019,30700,17,-0.000412
2019,30780,17,-0.007177
2019,30860,17,0.01915
2019,31020,17,0.024608
2019,31420,17,0.009828
2019,31700,17,0.002771
2019,31860,17,-0.001345
2019,32580,17,-0.000823
2019,32780,17,-0.003067
2019,32900,17,0.002819
2019,33140,17,0.009836
2019,33340,17,-0.001674
2019,33540,17,-0.009204
2019,33700,17,-7.9e-05
2019,33780,17,-0.001093
2019,33860,17,-0.011511
2019,34060,17,-0.006441
2019,34580,17,0.018665
2019,34620,17,-0.00305
2019,34740,17,-0.0038
2019,34940,17,-0.017203
2019,35300,17,-0.003451
2019,35660,17,-0.009657
2019,35840,17,-0.013307
2019,35980,17,-0.006117
2019,36100,17,0.005301
2019,36220,17,0.047614
2019,36420,17,-0.005339
2019,36500,17,0.028327
2019,36540,17,0.004508
2019,36740,17,0.001644
2019,36780,17,0.008854
2019,36980,17,-0.004947
2019,37100,17,-0.012496
2019,37340,17,-0.010985
2019,37860,17,0.010771
2019,38060,17,0.006364
2019,38300,17,-0.005498
2019,38340,17,0.011333
2019,38860,17,0.001
2019,38900,17,-0.020629
2019,38940,17,-0.009724
2019,39300,17,-0.000399
2019,39340,17,0.004311
2019,39380,17,0.01088
2019,39460,17,-0.007521
2019,39540,17,0.015183
2019,39580,17,0.003757
2019,39740,17,0.008711
2019,39820,17,-0.001126
2019,39900,17,-0.012375
2019,40140,17,0.002119
2019,40420,17,0.005121
2019,40660,17,0.007737
2019,40900,17,-0.002384
2019,40980,17,-0.005467
2019,41060,17,0.004911
2019,41100,17,0.01804
2019,41140,17,0.010586
2019,41420,17,0.014613
2019,41500,17,-0.01751
2019,41700,17,0.001546
2019,41740,17,-0.00601
2019,41940,17,-0.001996
2019,42020,17,-0.008476
2019,42100,17,-0.021293
2019,42140,17,0.005757
2019,42220,17,-0.01912
2019,42340,17,-0.005348
2019,42540,17,0.002555
2019,42680,17,-0.004957
2019,43100,17,0.010304
2019,43620,17,0.001283
2019,43780,17,0.009539
2019,44100,17,-0.016019
2019,44180,17,0.009264
2019,44220,17,0.00446
2019,44300,17,0.001227
2019,44700,17,0.004984
2019,45060,17,0.002676
2019,45220,17,-0.003809
2019,45820,17,-0.003347
2019,45940,17,0.003146
2019,46060,17,0.000247
2019,46140,17,-0.009401
2019,46340,17,0.009807
2019,46540,17,0.007004
2019,46660,17,0.010249
2019,46700,17,-0.006787
2019,47220,17,-0.007761
2019,47300,17,-0.007627
2019,47940,17,-0.000667
2019,48300,17,0.01253
2019,48540,17,-0.014445
2019,48660,17,0.002005
2019,48700,17,-0.004982
2019,49020,17,-0.002873
2019,49420,17,0.022889
2019,49620,17,0.004223
2019,49660,17,-0.009673
2019,49740,17,-0.006901
2019,10180,18,-0.002336
2019,10420,18,0.001402
2019,10580,18,0.001565
2019,10740,18,-0.005056
2019,10780,18,-0.014867
2019,10900,18,0.008456
2019,11020,18,-0.018181
2019,11260,18,-0.014656
2019,11460,18,-0.004005
2019,11500,18,-0.00085
2019,11540,18,0.006142
2019,11700,18,-0.008268
2019,12020,18,0.007323
2019,12100,18,0.009129
2019,12220,18,0.006
2019,12420,18,-0.010816
2019,12540,18,0.005707
2019,12580,18,-0.008517
2019,12620,18,0.002252
2019,12700,18,-0.004193
2019,12980,18,-0.001191
2019,13020,18,0.002089
2019,13380,18,0.017684
2019,13460,18,-0.00079
2019,13780,18,-0.001252
2019,14260,18,0.022692
2019,14500,18,-0.025318
2019,14740,18,0.011814
2019,14860,18,-0.004753
2019,15180,18,-0.006048
2019,15260,18,-0.006615
2019,15380,18,0.000655
2019,15500,18,0.02296
2019,15540,18,0.0052
2019,15940,18,-0.005099
2019,15980,18,-0.008996
2019,16020,18,-0.002471
2019,16180,18,-0.00315
2019,16220,18,-0.02007
2019,16300,18,0.003755
2019,16700,18,-0.012133
2019,16860,18,0.005644
2019,16940,18,-0.010396
2019,17020,18,0.009099
2019,17420,18,0.015121
2019,17660,18,0.015621
2019,17780,18,-0.012092
2019,17820,18,0.014274
2019,17900,18,0.00389
2019,18020,18,0.00056
2019,18700,18,-0.003903
2019,19340,18,-0.009144
2019,19460,18,-0.003457
2019,19500,18,-0.011505
2019,19740,18,-0.019084
2019,20020,18,-0.002777
2019,20100,18,0.003247
2019,20220,18,-0.008862
2019,20740,18,0.006679
2019,20940,18,-0.01574
2019,21140,18,0.004807
2019,21300,18,-0.009594
2019,21500,18,-0.007596
2019,21660,18,0.006903
2019,21820,18,-0.010713
2019,22020,18,-0.011021
2019,22140,18,-0.029361
2019,22380,18,-0.006402
2019,22420,18,-0.009902
2019,22500,18,-0.008856
2019,22520,18,-0.015763
2019,22540,18,0.013695
2019,22660,18,-0.012262
2019,23420,18,0.003168
2019,23460,18,-0.001889
2019,23580,18,-0.002696
2019,24020,18,-0.005976
2019,24220,18,-0.030786
2019,24300,18,0.013252
2019,24500,18,-0.007298
2019,24540,18,0.001096
2019,24580,18,0.004313
2019,24660,18,0.004939
2019,25420,18,0.008936
2019,25500,18,-0.001912
2019,25540,18,-0.005068
2019,25860,18,0.005233
2019,25980,18,0.001694
2019,26300,18,0.009722
2019,26380,18,-0.015204
2019,26620,18,0.014651
2019,26980,18,0.003634
2019,27060,18,-0.01899
2019,27100,18,-0.009139
2019,27260,18,0.004487
2019,27340,18,0.029013
2019,27500,18,0.006327
2019,27740,18,0.001692
2019,27780,18,-0.019692
2019,27860,18,0.006459
2019,27900,18,0.007427
2019,28100,18,-0.001671
2019,28420,18,0.022818
2019,28660,18,0.020108
2019,28700,18,-0.004642
2019,28740,18,0.01426
2019,29100,18,-0.005525
2019,29340,18,-0.01885
2019,29420,18,0.007223
2019,29460,18,0.024608
2019,29540,18,0.005811
2019,29700,18,-0.001573
2019,29740,18,0.007376
2019,29820,18,0.02085
2019,29940,18,0.007793
2019,30140,18,0.016888
2019,30300,18,-0.013642
2019,30340,18,0.002747
2019,30460,18,0.001534
2019,30620,18,-0.005571
2019,30700,18,0.001893
2019,30780,18,-0.003258
2019,30860,18,0.015707
2019,31020,18,0.020881
2019,31420,18,0.010153
2019,31700,18,0.002643
2019,31860,18,0.000853
2019,32580,18,0.001061
2019,32780,18,0.000572
2019,32900,18,0.004933
2019,33140,18,0.00947
2019,33340,18,-0.001054
2019,33540,18,-0.008647
2019,33700,18,-0.003389
2019,33780,18,-8.2e-05
2019,33860,18,-0.009559
2019,34060,18,-0.009757
2019,34580,18,0.016328
2019,34620,18,-0.004316
2019,34740,18,-0.00729
2019,34940,18,-0.017723
2019,35300,18,-0.001072
2019,35660,18,-0.011874
2019,35840,18,-0.010533
2019,35980,18,-0.006327
2019,36100,18,0.007995
2019,36220,18,0.041643
2019,36420,18,-0.003527
2019,36500,18,0.02638
2019,36540,18,0.00644
2019,36740,18,0.00393
2019,36780,18,0.008432
2019,36980,18,-0.005234
2019,37100,18,-0.010708
2019,37340,18,-0.011606
2019,37860,18,0.010715
2019,38060,18,0.006732
2019,38300,18,-0.005959
2019,38340,18,0.007733
2019,38860,18,0.000353
2019,38900,18,-0.022042
2019,38940,18,-0.008869
2019,39300,18,-4.6e-05
2019,39340,18,0.007074
2019,39380,18,0.007346
2019,39460,18,-0.004539
2019,39540,18,0.012952
2019,39580,18,0.003973
2019,39740,18,0.008058
2019,39820,18,0.001825
2019,39900,18,-0.009895
2019,40140,18,0.002223
2019,40420,18,0.005274
2019,40660,18,0.007884
2019,40900,18,0.000829
2019,40980,18,-0.002325
2019,41060,18,0.002667
2019,41100,18,0.023132
2019,41140,18,0.004608
2019,41420,18,0.011247
2019,41500,18,-0.015122
2019,41700,18,-0.00013
2019,41740,18,-0.003167
2019,41940,18,-0.005634
2019,42020,18,-0.006699
2019,42100,18,-0.021524
2019,42140,18,0.004842
2019,42220,18,-0.020933
2019,42340,18,-0.00474
2019,42540,18,0.003616
2019,42680,18,-0.005617
2019,43100,18,0.006412
2019,43620,18,0.005123
2019,43780,18,0.008006
2019,44100,18,-0.01602
2019,44180,18,0.0104
2019,44220,18,0.004927
2019,44300,18,-0.001594
2019,44700,18,0.006455
2019,45060,18,0.003973
2019,45220,18,-0.004149
2019,45820,18,-0.00267
2019,45940,18,0.00798
2019,46060,18,0.00316
2019,46140,18,-0.007927
2019,46340,18,0.009873
2019,46540,18,0.005031
2019,46660,18,0.011488
2019,46700,18,-0.007955
2019,47220,18,-0.005625
2019,47300,18,-0.00475
2019,47940,18,-0.000229
2019,48300,18,0.008364
2019,48540,18,-0.015565
2019,48660,18,-0.003912
2019,48700,18,-0.005205
2019,49020,18,0.001141
2019,49420,18,0.020397
2019,49620,18,0.0042
2019,49660,18,-0.007795
2019,49740,18,-0.001081
2019,10180,19,-0.001302
2019,10420,19,-0.000193
2019,10580,19,0.002155
2019,10740,19,-0.006664
2019,10780,19,-0.015586
2019,10900,19,0.005494
2019,11020,19,-0.018105
2019,11260,19,-0.014482
2019,11460,19,-0.004165
2019,11500,19,-0.001385
2019,11540,19,0.006663
2019,11700,19,-0.002993
2019,12020,19,0.007365
2019,12100,19,0.005241
2019,12220,19,0.006291
2019,12420,19,-0.004427
2019,12540,19,0.005082
2019,12580,19,-0.010035
2019,12620,19,0.003212
2019,12700,19,-0.004718
2019,12980,19,-0.002498
2019,13020,19,0.000204
2019,13380,19,0.017357
2019,13460,19,0.001349
2019,13780,19,-0.001126
2019,14260,19,0.020155
2019,14500,19,-0.016969
2019,14740,19,0.013716
2019,14860,19,-0.006165
2019,15180,19,-0.006806
2019,15260,19,-0.003315
2019,15380,19,0.002445
2019,15500,19,0.018379
2019,15540,19,0.005258
2019,15940,19,-0.006476
2019,15980,19,-0.007539
2019,16020,19,-0.007035
2019,16180,19,-0.002368
2019,16220,19,-0.014837
2019,16300,19,0.001973
2019,16700,19,-0.006911
2019,16860,19,0.005311
2019,16940,19,-0.009963
2019,17020,19,0.001909
2019,17420,19,0.013362
2019,17660,19,0.015274
2019,17780,19,-0.007101
2019,17820,19,0.012775
2019,17900,19,0.00315
2019,18020,19,0.001545
2019,18700,19,-0.004077
2019,19340,19,-0.00813
2019,19460,19,-0.001176
2019,19500,19,-0.009148
2019,19740,19,-0.01425
2019,20020,19,-0.003696
2019,20100,19,0.001308
2019,20220,19,-0.00789
2019,20740,19,0.008011
2019,20940,19,-0.014815
2019,21140,19,0.005243
2019,21300,19,-0.010935
2019,21500,19,-0.007492
2019,21660,19,0.004938
2019,21820,19,-0.013429
2019,22020,19,-0.004525
2019,22140,19,-0.026876
2019,22380,19,-0.006958
2019,22420,19,-0.011545
2019,22500,19,-0.00989
2019,22520,19,-0.013485
2019,22540,19,0.013375
2019,22660,19,-0.008365
2019,23420,19,-0.00102
2019,23460,19,-0.002479
2019,23580,19,-0.000614
2019,24020,19,-0.002866
2019,24220,19,-0.01857
2019,24300,19,0.011856
2019,24500,19,-0.007133
2019,24540,19,0.00218
2019,24580,19,0.004797
2019,24660,19,0.002284
2019,25420,19,0.008098
2019,25500,19,-0.001807
2019,25540,19,-0.006245
2019,25860,19,0.003197
2019,25980,19,0.003809
2019,26300,19,0.008114
2019,26380,19,-0.013661
2019,26620,19,0.012892
2019,26980,19,0.00225
2019,27060,19,-0.011403
2019,27100,19,-0.010764
2019,27260,19,0.002941
2019,27340,19,0.025133
2019,27500,19,0.008014
2019,27740,19,0.001585
2019,27780,19,-0.016656
2019,27860,19,0.002101
2019,27900,19,0.006398
2019,28100,19,-0.001738
2019,28420,19,0.020451
2019,28660,19,0.016466
2019,28700,19,-0.006851
2019,28740,19,0.013869
2019,29100,19,-0.002645
2019,29340,19,-0.01482
2019,29420,19,0.002982
2019,29460,19,0.021027
2019,29540,19,0.004975
2019,29700,19,-0.000604
2019,29740,19,0.003895
2019,29820,19,0.019733
2019,29940,19,0.007527
2019,30140,19,0.014591
2019,30300,19,-0.012066
2019,30340,19,0.00384
2019,30460,19,0.002373
2019,30620,19,-0.004481
2019,30700,19,0.002812
2019,30780,19,-0.006185
2019,30860,19,0.015011
2019,31020,19,0.020817
2019,31420,19,0.005939
2019,31700,19,0.00267
2019,31860,19,0.000295
2019,32580,19,0.000116
2019,32780,19,-0.003739
2019,32900,19,0.004614
2019,33140,19,0.009346
2019,33340,19,0.000145
2019,33540,19,-0.007554
2019,33700,19,-0.00154
2019,33780,19,-0.004288
2019,33860,19,-0.010368
2019,34060,19,-0.007828
2019,34580,19,0.016135
2019,34620,19,-0.006732
2019,34740,19,-0.006276
2019,34940,19,-0.010512
2019,35300,19,-0.00327
2019,35660,19,-0.009726
2019,35840,19,-0.008152
2019,35980,19,-0.006071
2019,36100,19,0.006095
2019,36220,19,0.041816
2019,36420,19,-0.004916
2019,36500,19,0.024354
2019,36540,19,0.006007
2019,36740,19,0.001962
2019,36780,19,0.009
2019,36980,19,-0.004828
2019,37100,19,-0.010036
2019,37340,19,-0.00749
2019,37860,19,0.009181
2019,38060,19,0.008211
2019,38300,19,-0.005716
2019,38340,19,0.007893
2019,38860,19,0.001841
2019,38900,19,-0.016365
2019,38940,19,-0.006508
2019,39300,19,0.000842
2019,39340,19,0.004832
2019,39380,19,0.009246
2019,39460,19,-0.003909
2019,39540,19,0.013625
2019,39580,19,0.003903
2019,39740,19,0.00558
2019,39820,19,-0.002546
2019,39900,19,-0.007017
2019,40140,19,0.003753
2019,40420,19,0.006078
2019,40660,19,0.006181
2019,40900,19,0.000376
2019,40980,19,-0.005457
2019,41060,19,-0.001595
2019,41100,19,0.015988
2019,41140,19,0.001343
2019,41420,19,0.011787
2019,41500,19,-0.013776
2019,41700,19,0.002485
2019,41740,19,-0.004945
2019,41940,19,-0.003003
2019,42020,19,-0.008179
2019,42100,19,-0.019067
2019,42140,19,0.003015
2019,42220,19,-0.016883
2019,42340,19,-0.005654
2019,42540,19,0.001934
2019,42680,19,-0.001507
2019,43100,19,0.006182
2019,43620,19,0.004704
2019,43780,19,0.008538
2019,44100,19,-0.013684
2019,44180,19,0.009297
2019,44220,19,0.004286
2019,44300,19,-0.000215
2019,44700,19,0.007519
2019,45060,19,0.003333
2019,45220,19,-0.004629
2019,45820,19,-0.002
2019,45940,19,0.004177
2019,46060,19,-0.000686
2019,46140,19,-0.008375
2019,46340,19,0.00823
2019,46540,19,0.006321
2019,46660,19,0.008357
2019,46700,19,-0.003234
2019,47220,19,-0.00503
2019,47300,19,-0.005802
2019,47940,19,-0.001797
2019,48300,19,0.009934
2019,48540,19,-0.010073
2019,48660,19,-0.007494
2019,48700,19,-0.003005
2019,49020,19,-0.00199
2019,49420,19,0.018538
2019,49620,19,0.002431
2019,49660,19,-0.008245
2019,49740,19,-0.005656
2020,10180,0,-0.006149
2020,10420,0,-0.000289
2020,10580,0,-0.003934
2020,10740,0,0.001154
2020,10780,0,-0.014901
2020,10900,0,0.002757
2020,11020,0,-0.005267
2020,11260,0,-0.000196
2020,11460,0,-0.014189
2020,11500,0,-0.006518
2020,11540,0,0.002115
2020,11700,0,-0.011632
2020,12020,0,0.000613
2020,12100,0,0.014331
2020,12220,0,-0.004929
2020,12420,0,0.003831
2020,12540,0,0.017808
2020,12580,0,-0.007162
2020,12620,0,0.005786
2020,12700,0,-0.00899
2020,12980,0,0.002529
2020,13020,0,0.000184
2020,13380,0,0.00994
2020,13460,0,0.013379
2020,13780,0,-0.003864
2020,14260,0,0.015298
2020,14500,0,-0.027049
2020,14740,0,-0.003606
2020,14860,0,0.001477
2020,15180,0,0.003575
2020,15260,0,-0.010357
2020,15380,0,-0.005921
2020,15500,0,0.01523
2020,15540,0,-0.002812
2020,15940,0,-0.000806
2020,15980,0,-0.002865
2020,16020,0,-0.008453
2020,16180,0,-0.006242
2020,16220,0,0.012396
2020,16300,0,0.002581
2020,16700,0,-0.005465
2020,16860,0,0.002853
2020,16940,0,-0.002339
2020,17020,0,-0.033965
2020,17420,0,0.002507
2020,17660,0,0.012387
2020,17780,0,-0.011556
2020,17820,0,-0.004039
2020,17900,0,0.001774
2020,18020,0,0.012996
2020,18700,0,-0.000109
2020,19340,0,-0.00388
2020,19460,0,0.004444
2020,19500,0,0.004068
2020,19740,0,-0.019366
2020,20020,0,0.004008
2020,20100,0,0.003752
2020,20220,0,0.003891
2020,20740,0,-0.000565
2020,20940,0,-0.003678
2020,21140,0,-0.001186
2020,21300,0,-0.001971
2020,21500,0,-0.005782
2020,21660,0,0.003178
2020,21820,0,-0.020949
2020,22020,0,-0.007641
2020,22140,0,-0.010956
2020,22380,0,-0.008951
2020,22420,0,-0.007694
2020,22500,0,-0.008752
2020,22520,0,0.001933
2020,22540,0,0.007017
2020,22660,0,-0.011849
2020,23420,0,0.006776
2020,23460,0,-0.003863
2020,23580,0,-0.000627
2020,24020,0,-0.000237
2020,24220,0,-0.014475
2020,24300,0,-0.000419
2020,24500,0,-0.015449
2020,24540,0,-0.001824
2020,24580,0,0.000787
2020,24660,0,0.005031
2020,25420,0,0.005605
2020,25500,0,-0.003379
2020,25540,0,0.004654
2020,25860,0,0.004594
2020,25980,0,0.020759
2020,26300,0,0.006243
2020,26380,0,-0.011574
2020,26620,0,0.017793
2020,26980,0,-0.004815
2020,27100,0,-0.004749
2020,27260,0,-0.002604
2020,27340,0,0.019367
2020,27500,0,0.003298
2020,27740,0,-0.000852
2020,27780,0,0.001736
2020,27860,0,-0.002338
2020,27900,0,0.010892
2020,28100,0,0.007318
2020,28420,0,0.012721
2020,28660,0,0.017599
2020,28700,0,-0.001506
2020,28740,0,0.004263
2020,29100,0,-0.005057
2020,29340,0,-0.0163
2020,29420,0,0.006387
2020,29460,0,0.008782
2020,29540,0,0.000341
2020,29700,0,-0.001726
2020,29740,0,0.003668
2020,29820,0,0.006
2020,29940,0,0.009168
2020,30140,0,0.006275
2020,30300,0,-0.000471
2020,30340,0,0.008426
2020,30460,0,-0.00919
2020,30620,0,-0.003585
2020,30700,0,-0.002063
2020,30780,0,-0.001971
2020,30860,0,0.009561
2020,31020,0,0.012022
2020,31420,0,0.002466
2020,31700,0,0.000889
2020,31860,0,-0.001601
2020,32580,0,-0.00247
2020,32780,0,-0.001408
2020,32900,0,0.016493
2020,33140,0,0.004554
2020,33340,0,-0.001832
2020,33540,0,-0.001755
2020,33700,0,0.003011
2020,33780,0,-0.00589
2020,33860,0,-0.001002
2020,34060,0,-0.005774
2020,34580,0,0.000439
2020,34620,0,0.001516
2020,34740,0,-0.006759
2020,34940,0,-0.002851
2020,35300,0,0.003462
2020,35660,0,-0.003461
2020,35840,0,-0.005572
2020,35980,0,-0.004525
2020,36100,0,0.009253
2020,36220,0,0.04186
2020,36420,0,0.001304
2020,36500,0,0.008066
2020,36540,0,0.006209
2020,36740,0,-0.010278
2020,36780,0,0.00507
2020,36980,0,-0.005014
2020,37100,0,-0.002869
2020,37340,0,-0.012665
2020,37860,0,0.008542
2020,38060,0,0.008952
2020,38300,0,-0.006029
2020,38340,0,-0.006033
2020,38860,0,0.000478
2020,38900,0,-0.011023
2020,38940,0,-0.008948
2020,39300,0,-0.003493
2020,39340,0,0.004639
2020,39380,0,-0.002763
2020,39460,0,0.000894
2020,39540,0,0.000527
2020,39580,0,0.003026
2020,39740,0,0.000374
2020,39820,0,0.008661
2020,39900,0,-0.010564
2020,40140,0,0.008403
2020,40420,0,0.001439
2020,40660,0,0.007152
2020,40900,0,0.003987
2020,40980,0,0.006615
2020,41060,0,0.003287
2020,41100,0,0.020845
2020,41140,0,-0.010591
2020,41420,0,-0.005539
2020,41500,0,-4.6e-05
2020,41700,0,-0.00131
2020,41740,0,-0.005326
2020,41940,0,-0.023898
2020,42020,0,-0.006433
2020,42100,0,-0.01247
2020,42140,0,0.00735
2020,42220,0,-0.025745
2020,42340,0,-0.000328
2020,42540,0,0.003662
2020,42680,0,-0.007123
2020,43100,0,-0.001276
2020,43620,0,0.006797
2020,43780,0,0.000586
2020,44100,0,-0.007673
2020,44180,0,0.009992
2020,44220,0,0.001852
2020,44300,0,-0.004643
2020,44700,0,0.010857
2020,45060,0,-0.001606
2020,45220,0,0.001484
2020,45820,0,0.000451
2020,45940,0,0.001059
2020,46060,0,0.007049
2020,46140,0,-0.003518
2020,46340,0,0.004935
2020,46540,0,-0.004174
2020,46660,0,0.011184
2020,46700,0,0.001088
2020,47220,0,-0.000821
2020,47300,0,0.005112
2020,47940,0,-0.002428
2020,48300,0,9.6e-05
2020,48540,0,-0.011145
2020,48660,0,-0.002875
2020,48700,0,-0.000613
2020,49020,0,0.002509
2020,49420,0,0.007736
2020,49620,0,0.003098
2020,49660,0,-0.002872
2020,49740,0,0.006703
2020,10180,1,-0.006966
2020,10420,1,-0.000399
2020,10580,1,-0.004665
2020,10740,1,-0.002476
2020,10780,1,-0.01778
2020,10900,1,0.005089
2020,11020,1,-0.007077
2020,11260,1,-0.009329
2020,11460,1,-0.012367
2020,11500,1,-0.006812
2020,11540,1,0.002179
2020,11700,1,-0.013591
2020,12020,1,0.001486
2020,12100,1,0.015827
2020,12220,1,-0.003801
2020,12420,1,0.004913
2020,12540,1,0.01924
2020,12580,1,-0.010813
2020,12620,1,0.005478
2020,12700,1,-0.007846
2020,12980,1,0.003862
2020,13020,1,0.000663
2020,13380,1,0.00884
2020,13460,1,0.016163
2020,13780,1,-0.005147
2020,14260,1,0.019023
2020,14500,1,-0.02938
2020,14740,1,-0.004359
2020,14860,1,0.000879
2020,15180,1,0.003409
2020,15260,1,-0.010708
2020,15380,1,-0.005712
2020,15500,1,0.015529
2020,15540,1,-0.005147
2020,15940,1,-0.001615
2020,15980,1,0.002521
2020,16020,1,-0.008203
2020,16180,1,-0.000315
2020,16220,1,0.005559
2020,16300,1,0.002093
2020,16700,1,-0.005506
2020,16860,1,0.001349
2020,16940,1,-0.006904
2020,17020,1,-0.037079
2020,17420,1,0.004117
2020,17660,1,0.014505
2020,17780,1,-0.011267
2020,17820,1,-0.003836
2020,17900,1,-0.000594
2020,18020,1,0.011541
2020,18700,1,-0.00404
2020,19340,1,-0.00757
2020,19460,1,0.004331
2020,19500,1,4.4e-05
2020,19740,1,-0.019517
2020,20020,1,0.003628
2020,20100,1,0.001802
2020,20220,1,0.002537
2020,20740,1,-0.001188
2020,20940,1,-0.002063
2020,21140,1,-0.000715
2020,21300,1,-0.003958
2020,21500,1,-0.007266
2020,21660,1,0.000904
2020,21820,1,-0.029367
2020,22020,1,-0.008629
2020,22140,1,-0.018216
2020,22380,1,-0.009471
2020,22420,1,-0.004204
2020,22500,1,-0.013812
2020,22520,1,0.000203
2020,22540,1,0.006615
2020,22660,1,-0.012123
2020,23420,1,0.008787
2020,23460,1,-0.004765
2020,23580,1,0.001028
2020,24020,1,-0.000889
2020,24220,1,-0.01763
2020,24300,1,-0.001056
2020,24500,1,-0.021393
2020,24540,1,0.000965
2020,24580,1,0.001173
2020,24660,1,0.003421
2020,25420,1,0.005678
2020,25500,1,-0.007032
2020,25540,1,0.002824
2020,25860,1,0.003791
2020,25980,1,0.019395
2020,26300,1,0.007015
2020,26380,1,-0.015648
2020,26620,1,0.018776
2020,26980,1,-0.005924
2020,27100,1,-0.001408
2020,27260,1,-0.00067
2020,27340,1,0.017794
2020,27500,1,0.004679
2020,27740,1,-0.000758
2020,27780,1,-0.000411
2020,27860,1,-0.002388
2020,27900,1,0.010776
2020,28100,1,0.005912
2020,28420,1,0.01019
2020,28660,1,0.019922
2020,28700,1,-0.00481
2020,28740,1,0.0074
2020,29100,1,-0.007162
2020,29340,1,-0.018216
2020,29420,1,0.009792
2020,29460,1,0.014412
2020,29540,1,0.001848
2020,29700,1,-0.001728
2020,29740,1,0.000733
2020,29820,1,0.016682
2020,29940,1,0.009802
2020,30140,1,0.007217
2020,30300,1,-0.004025
2020,30340,1,0.009623
2020,30460,1,-0.008621
2020,30620,1,-0.004867
2020,30700,1,-0.001213
2020,30780,1,-0.002844
2020,30860,1,0.009636
2020,31020,1,0.012034
2020,31420,1,0.001235
2020,31700,1,0.002881
2020,31860,1,-0.000558
2020,32580,1,-0.002615
2020,32780,1,-0.000818
2020,32900,1,0.02482
2020,33140,1,0.00391
2020,33340,1,-0.002485
2020,33540,1,-0.005009
2020,33700,1,0.010105
2020,33780,1,-0.002949
2020,33860,1,-0.001855
2020,34060,1,-0.011611
2020,34580,1,-5.2e-05
2020,34620,1,0.001143
2020,34740,1,-0.003895
2020,34940,1,0.002483
2020,35300,1,0.00276
2020,35660,1,-0.004296
2020,35840,1,-0.000726
2020,35980,1,-0.004714
2020,36100,1,0.01266
2020,36220,1,0.042138
2020,36420,1,0.000871
2020,36500,1,0.007477
2020,36540,1,0.007551
2020,36740,1,-0.006591
2020,36780,1,0.005423
2020,36980,1,-0.005083
2020,37100,1,-0.004039
2020,37340,1,-0.005813
2020,37860,1,0.010604
2020,38060,1,0.012243
2020,38300,1,-0.006554
2020,38340,1,-0.007351
2020,38860,1,0.001263
2020,38900,1,-0.013535
2020,38940,1,-0.001091
2020,39300,1,-0.00129
2020,39340,1,0.004002
2020,39380,1,-0.002105
2020,39460,1,0.006682
2020,39540,1,0.002058
2020,39580,1,0.001323
2020,39740,1,0.002251
2020,39820,1,0.008232
2020,39900,1,-0.003616
2020,40140,1,0.0116
2020,40420,1,0.001553
2020,40660,1,0.007142
2020,40900,1,0.006539
2020,40980,1,0.00796
2020,41060,1,0.00691
2020,41100,1,0.023991
2020,41140,1,-0.009543
2020,41420,1,-0.005991
2020,41500,1,0.003523
2020,41700,1,-0.000292
2020,41740,1,-0.006195
2020,41940,1,-0.02559
2020,42020,1,-0.007709
2020,42100,1,-0.013704
2020,42140,1,0.006319
2020,42220,1,-0.026367
2020,42340,1,-0.002347
2020,42540,1,0.003286
2020,42680,1,-0.000577
2020,43100,1,-0.000327
2020,43620,1,0.007164
2020,43780,1,0.000916
2020,44100,1,-0.01238
2020,44180,1,0.011867
2020,44220,1,0.001601
2020,44300,1,-0.005127
2020,44700,1,0.017464
2020,45060,1,-0.001867
2020,45220,1,0.001293
2020,45820,1,2.5e-05
2020,45940,1,0.002415
2020,46060,1,0.008179
2020,46140,1,-0.003992
2020,46340,1,0.006046
2020,46540,1,-0.004636
2020,46660,1,0.008216
2020,46700,1,0.00712
2020,47220,1,-0.000408
2020,47300,1,0.005721
2020,47940,1,-0.004489
2020,48300,1,-0.004169
2020,48540,1,-0.016362
2020,48660,1,-0.001996
2020,48700,1,-0.003336
2020,49020,1,0.002573
2020,49420,1,0.004154
2020,49620,1,0.004761
2020,49660,1,-0.004158
2020,49740,1,0.006267
2020,10180,2,-0.007756
2020,10420,2,8.9e-05
2020,10580,2,-0.005032
2020,10740,2,0.002069
2020,10780,2,-0.015848
2020,10900,2,0.005569
2020,11020,2,-0.006248
2020,11260,2,-0.00021
2020,11460,2,-0.014989
2020,11500,2,-0.007395
2020,11540,2,0.001948
2020,11700,2,-0.014894
2020,12020,2,0.001746
2020,12100,2,0.01615
2020,12220,2,-0.003543
2020,12420,2,0.003899
2020,12540,2,0.021704
2020,12580,2,-0.0065
2020,12620,2,0.006133
2020,12700,2,-0.008161
2020,12980,2,0.004429
2020,13020,2,0.000619
2020,13380,2,0.010269
2020,13460,2,0.015493
2020,13780,2,-0.003397
2020,14260,2,0.01876
2020,14500,2,-0.034429
2020,14740,2,-0.005831
2020,14860,2,0.002991
2020,15180,2,0.003673
2020,15260,2,-0.011604
2020,15380,2,-0.008196
2020,15500,2,0.016172
2020,15540,2,-0.003354
2020,15940,2,0.000298
2020,15980,2,-0.002244
2020,16020,2,-0.002678
2020,16180,2,-0.009017
2020,16220,2,0.011089
2020,16300,2,0.002653
2020,16700,2,-0.006954
2020,16860,2,0.001713
2020,16940,2,-0.002267
2020,17020,2,-0.031254
2020,17420,2,0.003051
2020,17660,2,0.015528
2020,17780,2,-0.015509
2020,17820,2,-0.004861
2020,17900,2,0.00223
2020,18020,2,0.013093
2020,18700,2,0.000753
2020,19340,2,-0.004852
2020,19460,2,0.002835
2020,19500,2,0.002274
2020,19740,2,-0.025162
2020,20020,2,0.004816
2020,20100,2,0.005082
2020,20220,2,0.002604
2020,20740,2,-0.001652
2020,20940,2,-0.003379
2020,21140,2,-0.002051
2020,21300,2,-0.000454
2020,21500,2,-0.006875
2020,21660,2,0.004615
2020,21820,2,-0.02249
2020,22020,2,-0.010288
2020,22140,2,-0.011837
2020,22380,2,-0.009812
2020,22420,2,-0.007662
2020,22500,2,-0.010249
2020,22520,2,0.000918
2020,22540,2,0.005492
2020,22660,2,-0.016019
2020,23420,2,0.009643
2020,23460,2,-0.005301
2020,23580,2,-0.000923
2020,24020,2,-0.001679
2020,24220,2,-0.0195
2020,24300,2,-0.001682
2020,24500,2,-0.018215
2020,24540,2,-0.002443
2020,24580,2,0.000624
2020,24660,2,0.004923
2020,25420,2,0.005513
2020,25500,2,-0.003621
2020,25540,2,0.005174
2020,25860,2,0.006539
2020,25980,2,0.0186
2020,26300,2,0.005519
2020,26380,2,-0.012837
2020,26620,2,0.020083
2020,26980,2,-0.0058
2020,27100,2,-0.001365
2020,27260,2,-0.000735
2020,27340,2,0.019513
2020,27500,2,0.00217
2020,27740,2,9e-06
2020,27780,2,0.000938
2020,27860,2,-0.002063
2020,27900,2,0.010656
2020,28100,2,0.006554
2020,28420,2,0.013701
2020,28660,2,0.019771
2020,28700,2,0.000362
2020,28740,2,0.004263
2020,29100,2,-0.006319
2020,29340,2,-0.019055
2020,29420,2,0.00904
2020,29460,2,0.011277
2020,29540,2,0.000963
2020,29700,2,-0.000542
2020,29740,2,0.00413
2020,29820,2,0.006984
2020,29940,2,0.009193
2020,30140,2,0.007238
2020,30300,2,0.002896
2020,30340,2,0.006836
2020,30460,2,-0.010277
2020,30620,2,-0.004321
2020,30700,2,-0.003433
2020,30780,2,-0.001324
2020,30860,2,0.008865
2020,31020,2,0.012938
2020,31420,2,0.002367
2020,31700,2,0.001203
2020,31860,2,-0.001622
2020,32580,2,-0.001105
2020,32780,2,0.000384
2020,32900,2,0.017284
2020,33140,2,0.003516
2020,33340,2,-0.002587
2020,33540,2,-0.001847
2020,33700,2,0.005082
2020,33780,2,-0.002249
2020,33860,2,6e-05
2020,34060,2,-0.007806
2020,34580,2,-0.000414
2020,34620,2,0.003566
2020,34740,2,-0.004821
2020,34940,2,-0.004581
2020,35300,2,0.004661
2020,35660,2,-0.002368
2020,35840,2,-0.005658
2020,35980,2,-0.003798
2020,36100,2,0.012602
2020,36220,2,0.042713
2020,36420,2,0.002777
2020,36500,2,0.009143
2020,36540,2,0.006262
2020,36740,2,-0.008134
2020,36780,2,0.004574
2020,36980,2,-0.005832
2020,37100,2,-0.003428
2020,37340,2,-0.016419
2020,37860,2,0.009926
2020,38060,2,0.012015
2020,38300,2,-0.006409
2020,38340,2,-0.008286
2020,38860,2,-5.5e-05
2020,38900,2,-0.015102
2020,38940,2,-0.011438
2020,39300,2,-0.003919
2020,39340,2,0.006919
2020,39380,2,-0.005442
2020,39460,2,0.001352
2020,39540,2,-3.4e-05
2020,39580,2,0.004868
2020,39740,2,0.002532
2020,39820,2,0.013479
2020,39900,2,-0.012406
2020,40140,2,0.00906
2020,40420,2,0.000211
2020,40660,2,0.006467
2020,40900,2,0.004956
2020,40980,2,0.008641
2020,41060,2,0.00876
2020,41100,2,0.027781
2020,41140,2,-0.008452
2020,41420,2,-0.007469
2020,41500,2,-8.9e-05
2020,41700,2,-0.001508
2020,41740,2,-0.005287
2020,41940,2,-0.031431
2020,42020,2,-0.007002
2020,42100,2,-0.016223
2020,42140,2,0.007584
2020,42220,2,-0.031545
2020,42340,2,0.001436
2020,42540,2,0.0042
2020,42680,2,-0.008382
2020,43100,2,-0.001098
2020,43620,2,0.007304
2020,43780,2,-0.001072
2020,44100,2,-0.009816
2020,44180,2,0.010201
2020,44220,2,0.00161
2020,44300,2,-0.005262
2020,44700,2,0.01204
2020,45060,2,-0.002962
2020,45220,2,0.002683
2020,45820,2,-0.001118
2020,45940,2,0.00269
2020,46060,2,0.010384
2020,46140,2,-0.003232
2020,46340,2,0.005135
2020,46540,2,-0.007065
2020,46660,2,0.011318
2020,46700,2,-0.000217
2020,47220,2,-0.000359
2020,47300,2,0.007426
2020,47940,2,-0.00347
2020,48300,2,-0.000702
2020,48540,2,-0.014805
2020,48660,2,0.001509
2020,48700,2,-0.002415
2020,49020,2,0.005642
2020,49420,2,0.005812
2020,49620,2,0.005145
2020,49660,2,-0.003067
2020,49740,2,0.010003
2020,10180,3,-0.007486
2020,10420,3,-0.001684
2020,10580,3,-0.007363
2020,10740,3,0.000404
2020,10780,3,-0.018854
2020,10900,3,0.005134
2020,11020,3,-0.005984
2020,11260,3,-0.00657
2020,11460,3,-0.015077
2020,11500,3,-0.005811
2020,11540,3,0.002637
2020,11700,3,-0.013817
2020,12020,3,0.004017
2020,12100,3,0.014739
2020,12220,3,-0.005695
2020,12420,3,0.002409
2020,12540,3,0.020951
2020,12580,3,-0.010303
2020,12620,3,0.00756
2020,12700,3,-0.006823
2020,12980,3,0.005913
2020,13020,3,2.2e-05
2020,13380,3,0.010598
2020,13460,3,0.013557
2020,13780,3,-0.002876
2020,14260,3,0.020957
2020,14500,3,-0.034423
2020,14740,3,-0.004568
2020,14860,3,0.000491
2020,15180,3,0.005678
2020,15260,3,-0.011799
2020,15380,3,-0.007113
2020,15500,3,0.017658
2020,15540,3,-0.00507
2020,15940,3,-0.001624
2020,15980,3,-0.005039
2020,16020,3,0.001504
2020,16180,3,-0.00778
2020,16220,3,0.010377
2020,16300,3,0.000515
2020,16700,3,-0.007366
2020,16860,3,0.004185
2020,16940,3,-0.00393
2020,17020,3,-0.025746
2020,17420,3,0.004389
2020,17660,3,0.015435
2020,17780,3,-0.016149
2020,17820,3,-0.003889
2020,17900,3,0.001316
2020,18020,3,0.012159
2020,18700,3,0.001119
2020,19340,3,-0.007699
2020,19460,3,0.004542
2020,19500,3,0.000173
2020,19740,3,-0.023849
2020,20020,3,0.00345
2020,20100,3,0.000869
2020,20220,3,0.002533
2020,20740,3,-0.002586
2020,20940,3,-0.002934
2020,21140,3,-0.001568
2020,21300,3,0.000491
2020,21500,3,-0.006943
2020,21660,3,0.003602
2020,21820,3,-0.025222
2020,22020,3,-0.012541
2020,22140,3,-0.01448
2020,22380,3,-0.011381
2020,22420,3,-0.008655
2020,22500,3,-0.014339
2020,22520,3,0.000662
2020,22540,3,0.006087
2020,22660,3,-0.015953
2020,23420,3,0.00733
2020,23460,3,-0.004543
2020,23580,3,-0.001586
2020,24020,3,-0.002313
2020,24220,3,-0.016672
2020,24300,3,-2.2e-05
2020,24500,3,-0.020327
2020,24540,3,-0.003864
2020,24580,3,-0.000219
2020,24660,3,0.005932
2020,25420,3,0.002641
2020,25500,3,-0.004851
2020,25540,3,0.002916
2020,25860,3,0.013193
2020,25980,3,0.019631
2020,26300,3,0.008462
2020,26380,3,-0.015181
2020,26620,3,0.020005
2020,26980,3,-0.009491
2020,27100,3,0.001074
2020,27260,3,-0.003743
2020,27340,3,0.026707
2020,27500,3,0.004633
2020,27740,3,0.001879
2020,27780,3,0.002157
2020,27860,3,-0.005735
2020,27900,3,0.011123
2020,28100,3,0.006824
2020,28420,3,0.015652
2020,28660,3,0.021301
2020,28700,3,0.00508
2020,28740,3,0.007596
2020,29100,3,-0.007206
2020,29340,3,-0.021421
2020,29420,3,0.00883
2020,29460,3,0.01197
2020,29540,3,0.00209
2020,29700,3,-0.001754
2020,29740,3,0.002224
2020,29820,3,0.01126
2020,29940,3,0.007541
2020,30140,3,0.007232
2020,30300,3,0.00874
2020,30340,3,0.009472
2020,30460,3,-0.011621
2020,30620,3,-0.003767
2020,30700,3,-0.004877
2020,30780,3,-0.003509
2020,30860,3,0.015176
2020,31020,3,0.015387
2020,31420,3,0.003556
2020,31700,3,0.001439
2020,31860,3,-0.002603
2020,32580,3,-0.004403
2020,32780,3,-0.001945
2020,32900,3,0.021147
2020,33140,3,0.004818
2020,33340,3,-0.004742
2020,33540,3,-0.003522
2020,33700,3,0.011252
2020,33780,3,-0.002466
2020,33860,3,-0.001886
2020,34060,3,-0.007666
2020,34580,3,0.001053
2020,34620,3,0.004524
2020,34740,3,-0.000709
2020,34940,3,-0.003066
2020,35300,3,0.003977
2020,35660,3,-0.00158
2020,35840,3,-0.007153
2020,35980,3,-0.004646
2020,36100,3,0.011103
2020,36220,3,0.0529
2020,36420,3,0.000604
2020,36500,3,0.008408
2020,36540,3,0.006195
2020,36740,3,-0.010346
2020,36780,3,0.005357
2020,36980,3,-0.0053
2020,37100,3,-0.005044
2020,37340,3,-0.011313
2020,37860,3,0.011799
2020,38060,3,0.010434
2020,38300,3,-0.006324
2020,38340,3,-0.00589
2020,38860,3,0.00032
2020,38900,3,-0.015465
2020,38940,3,-0.008335
2020,39300,3,-0.003677
2020,39340,3,0.003337
2020,39380,3,-0.000981
2020,39460,3,0.000875
2020,39540,3,0.001307
2020,39580,3,0.001174
2020,39740,3,0.003574
2020,39820,3,0.012021
2020,39900,3,-0.01164
2020,40140,3,0.009713
2020,40420,3,-0.000206
2020,40660,3,0.008768
2020,40900,3,0.003152
2020,40980,3,0.009597
2020,41060,3,0.011811
2020,41100,3,0.023225
2020,41140,3,-0.00305
2020,41420,3,-0.005838
2020,41500,3,0.001541
2020,41700,3,-0.001056
2020,41740,3,-0.008221
2020,41940,3,-0.031558
2020,42020,3,-0.009104
2020,42100,3,-0.016311
2020,42140,3,0.010298
2020,42220,3,-0.034319
2020,42340,3,-0.001542
2020,42540,3,0.004336
2020,42680,3,-0.006556
2020,43100,3,0.002052
2020,43620,3,0.004105
2020,43780,3,-0.000345
2020,44100,3,-0.01408
2020,44180,3,0.012174
2020,44220,3,0.001911
2020,44300,3,-0.003009
2020,44700,3,0.013656
2020,45060,3,-0.003696
2020,45220,3,0.002917
2020,45820,3,-0.001094
2020,45940,3,-7e-05
2020,46060,3,0.009516
2020,46140,3,-0.004595
2020,46340,3,0.004981
2020,46540,3,-0.005968
2020,46660,3,0.010234
2020,46700,3,0.00424
2020,47220,3,-0.000272
2020,47300,3,0.005594
2020,47940,3,-0.004618
2020,48300,3,-0.001541
2020,48540,3,-0.0137
2020,48660,3,0.006216
2020,48700,3,-0.002824
2020,49020,3,0.002368
2020,49420,3,0.009476
2020,49620,3,0.004905
2020,49660,3,-0.005069
2020,49740,3,0.005999
2020,10180,4,-0.006505
2020,10420,4,-0.001069
2020,10580,4,-0.004679
2020,10740,4,-0.001657
2020,10780,4,-0.016527
2020,10900,4,0.004366
2020,11020,4,-0.005583
2020,11260,4,-0.004879
2020,11460,4,-0.013261
2020,11500,4,-0.007696
2020,11540,4,0.002513
2020,11700,4,-0.011859
2020,12020,4,0.001386
2020,12100,4,0.012445
2020,12220,4,-0.004114
2020,12420,4,0.007074
2020,12540,4,0.017089
2020,12580,4,-0.009391
2020,12620,4,0.005615
2020,12700,4,-0.006706
2020,12980,4,0.003697
2020,13020,4,-0.001183
2020,13380,4,0.010524
2020,13460,4,0.017312
2020,13780,4,-0.003406
2020,14260,4,0.017584
2020,14500,4,-0.026543
2020,14740,4,-0.003464
2020,14860,4,0.001065
2020,15180,4,0.001955
2020,15260,4,-0.01044
2020,15380,4,-0.005908
2020,15500,4,0.014693
2020,15540,4,-0.003284
2020,15940,4,-0.001468
2020,15980,4,0.001262
2020,16020,4,-0.002188
2020,16180,4,-0.005011
2020,16220,4,0.009154
2020,16300,4,0.000956
2020,16700,4,-0.003461
2020,16860,4,0.001419
2020,16940,4,-0.004531
2020,17020,4,-0.041112
2020,17420,4,0.003374
2020,17660,4,0.014529
2020,17780,4,-0.010215
2020,17820,4,-0.003951
2020,17900,4,0.00046
2020,18020,4,0.013074
2020,18700,4,-0.000453
2020,19340,4,-0.005397
2020,19460,4,0.003064
2020,19500,4,0.000301
2020,19740,4,-0.017498
2020,20020,4,0.00435
2020,20100,4,0.002982
2020,20220,4,0.002251
2020,20740,4,-0.000488
2020,20940,4,-0.003573
2020,21140,4,-0.000794
2020,21300,4,-0.000851
2020,21500,4,-0.005954
2020,21660,4,0.002879
2020,21820,4,-0.023983
2020,22020,4,-0.007235
2020,22140,4,-0.015899
2020,22380,4,-0.009362
2020,22420,4,-0.006616
2020,22500,4,-0.011646
2020,22520,4,3.3e-05
2020,22540,4,0.005832
2020,22660,4,-0.00979
2020,23420,4,0.007153
2020,23460,4,-0.005329
2020,23580,4,0.000204
2020,24020,4,-0.001031
2020,24220,4,-0.016362
2020,24300,4,-0.001673
2020,24500,4,-0.018688
2020,24540,4,0.0025
2020,24580,4,0.001259
2020,24660,4,0.003351
2020,25420,4,0.005426
2020,25500,4,-0.006001
2020,25540,4,0.002708
2020,25860,4,0.004939
2020,25980,4,0.018927
2020,26300,4,0.004451
2020,26380,4,-0.014026
2020,26620,4,0.018652
2020,26980,4,-0.00637
2020,27100,4,-0.000921
2020,27260,4,-0.000531
2020,27340,4,0.016135
2020,27500,4,0.003042
2020,27740,4,0.000348
2020,27780,4,-0.000551
2020,27860,4,-0.003001
2020,27900,4,0.008869
2020,28100,4,0.005342
2020,28420,4,0.012117
2020,28660,4,0.018003
2020,28700,4,-0.000736
2020,28740,4,0.003857
2020,29100,4,-0.005392
2020,29340,4,-0.017186
2020,29420,4,0.006916
2020,29460,4,0.011839
2020,29540,4,0.002153
2020,29700,4,-0.002059
2020,29740,4,0.000585
2020,29820,4,0.009887
2020,29940,4,0.00809
2020,30140,4,0.006291
2020,30300,4,0.00022
2020,30340,4,0.007194
2020,30460,4,-0.00835
2020,30620,4,-0.003949
2020,30700,4,-0.002105
2020,30780,4,-0.00346
2020,30860,4,0.009246
2020,31020,4,0.012212
2020,31420,4,0.000374
2020,31700,4,0.002247
2020,31860,4,-0.001977
2020,32580,4,-0.002922
2020,32780,4,-0.000534
2020,32900,4,0.018497
2020,33140,4,0.002894
2020,33340,4,-0.002536
2020,33540,4,-0.003751
2020,33700,4,0.007463
2020,33780,4,-0.001833
2020,33860,4,-0.001458
2020,34060,4,-0.00902
2020,34580,4,0.000771
2020,34620,4,0.002724
2020,34740,4,-0.003208
2020,34940,4,0.000927
2020,35300,4,0.002359
2020,35660,4,-0.002952
2020,35840,4,-0.001504
2020,35980,4,-0.004121
2020,36100,4,0.010064
2020,36220,4,0.040717
2020,36420,4,0.001413
2020,36500,4,0.008292
2020,36540,4,0.005721
2020,36740,4,-0.007471
2020,36780,4,0.005637
2020,36980,4,-0.004127
2020,37100,4,-0.004437
2020,37340,4,-0.009229
2020,37860,4,0.009496
2020,38060,4,0.010274
2020,38300,4,-0.005247
2020,38340,4,-0.006988
2020,38860,4,0.00136
2020,38900,4,-0.010146
2020,38940,4,-0.004479
2020,39300,4,-0.002701
2020,39340,4,0.005567
2020,39380,4,-0.004026
2020,39460,4,0.004536
2020,39540,4,0.000247
2020,39580,4,0.004195
2020,39740,4,0.002668
2020,39820,4,0.007892
2020,39900,4,-0.006751
2020,40140,4,0.009035
2020,40420,4,-0.000174
2020,40660,4,0.004458
2020,40900,4,0.004817
2020,40980,4,0.006373
2020,41060,4,0.008323
2020,41100,4,0.023556
2020,41140,4,-0.006898
2020,41420,4,-0.005141
2020,41500,4,0.000564
2020,41700,4,-0.000329
2020,41740,4,-0.005654
2020,41940,4,-0.022718
2020,42020,4,-0.007104
2020,42100,4,-0.012798
2020,42140,4,0.004509
2020,42220,4,-0.026134
2020,42340,4,-0.000895
2020,42540,4,0.002952
2020,42680,4,-0.003069
2020,43100,4,0.00075
2020,43620,4,0.007068
2020,43780,4,0.000435
2020,44100,4,-0.009943
2020,44180,4,0.009515
2020,44220,4,0.000156
2020,44300,4,-0.003516
2020,44700,4,0.013244
2020,45060,4,-0.00242
2020,45220,4,0.001034
2020,45820,4,-0.001808
2020,45940,4,0.000903
2020,46060,4,0.006557
2020,46140,4,-0.003888
2020,46340,4,0.004762
2020,46540,4,-0.005063
2020,46660,4,0.008097
2020,46700,4,0.003455
2020,47220,4,-0.001262
2020,47300,4,0.004534
2020,47940,4,-0.004366
2020,48300,4,-0.000671
2020,48540,4,-0.014911
2020,48660,4,0.000292
2020,48700,4,-0.002655
2020,49020,4,0.001536
2020,49420,4,0.004438
2020,49620,4,0.004561
2020,49660,4,-0.004083
2020,49740,4,0.005022
2020,10180,5,-0.006324
2020,10420,5,0.000301
2020,10580,5,-0.003638
2020,10740,5,-0.002166
2020,10780,5,-0.01691
2020,10900,5,0.004928
2020,11020,5,-0.006739
2020,11260,5,-0.00663
2020,11460,5,-0.012621
2020,11500,5,-0.008086
2020,11540,5,0.002085
2020,11700,5,-0.012302
2020,12020,5,0.001095
2020,12100,5,0.01439
2020,12220,5,-0.003962
2020,12420,5,0.006005
2020,12540,5,0.017864
2020,12580,5,-0.0094
2020,12620,5,0.004905
2020,12700,5,-0.008369
2020,12980,5,0.003067
2020,13020,5,-0.00012
2020,13380,5,0.010207
2020,13460,5,0.017794
2020,13780,5,-0.006158
2020,14260,5,0.017968
2020,14500,5,-0.028426
2020,14740,5,-0.003085
2020,14860,5,0.001198
2020,15180,5,0.0017
2020,15260,5,-0.010392
2020,15380,5,-0.004806
2020,15500,5,0.015269
2020,15540,5,-0.00401
2020,15940,5,-0.001039
2020,15980,5,0.002211
2020,16020,5,-0.011628
2020,16180,5,-0.0002
2020,16220,5,0.0061
2020,16300,5,0.003075
2020,16700,5,-0.004036
2020,16860,5,0.001259
2020,16940,5,-0.005895
2020,17020,5,-0.044891
2020,17420,5,0.003535
2020,17660,5,0.01448
2020,17780,5,-0.010073
2020,17820,5,-0.004363
2020,17900,5,-0.000292
2020,18020,5,0.013379
2020,18700,5,-0.002615
2020,19340,5,-0.00602
2020,19460,5,0.004081
2020,19500,5,0.000852
2020,19740,5,-0.018462
2020,20020,5,0.004559
2020,20100,5,0.002881
2020,20220,5,0.003747
2020,20740,5,-0.000514
2020,20940,5,-0.00331
2020,21140,5,-1e-05
2020,21300,5,-0.004928
2020,21500,5,-0.007298
2020,21660,5,0.002785
2020,21820,5,-0.028764
2020,22020,5,-0.008258
2020,22140,5,-0.018739
2020,22380,5,-0.008505
2020,22420,5,-0.00395
2020,22500,5,-0.012106
2020,22520,5,0.000817
2020,22540,5,0.00648
2020,22660,5,-0.010639
2020,23420,5,0.008983
2020,23460,5,-0.005305
2020,23580,5,0.001825
2020,24020,5,-0.000845
2020,24220,5,-0.019019
2020,24300,5,-0.001862
2020,24500,5,-0.020336
2020,24540,5,0.002707
2020,24580,5,0.001532
2020,24660,5,0.003411
2020,25420,5,0.007356
2020,25500,5,-0.006485
2020,25540,5,0.003317
2020,25860,5,0.001043
2020,25980,5,0.0192
2020,26300,5,0.005362
2020,26380,5,-0.015362
2020,26620,5,0.018693
2020,26980,5,-0.004483
2020,27100,5,-0.003198
2020,27260,5,0.000682
2020,27340,5,0.012701
2020,27500,5,0.004242
2020,27740,5,-0.001446
2020,27780,5,-0.001494
2020,27860,5,-0.001604
2020,27900,5,0.011004
2020,28100,5,0.005661
2020,28420,5,0.010296
2020,28660,5,0.019152
2020,28700,5,-0.006682
2020,28740,5,0.005114
2020,29100,5,-0.006292
2020,29340,5,-0.017679
2020,29420,5,0.009588
2020,29460,5,0.015261
2020,29540,5,0.002164
2020,29700,5,-0.002214
2020,29740,5,8.9e-05
2020,29820,5,0.013209
2020,29940,5,0.010427
2020,30140,5,0.007082
2020,30300,5,-0.006707
2020,30340,5,0.00888
2020,30460,5,-0.008129
2020,30620,5,-0.005061
2020,30700,5,-0.000283
2020,30780,5,-0.002686
2020,30860,5,0.008301
2020,31020,5,0.01398
2020,31420,5,0.000662
2020,31700,5,0.0036
2020,31860,5,-3.4e-05
2020,32580,5,-0.001936
2020,32780,5,0.00032
2020,32900,5,0.022214
2020,33140,5,0.00337
2020,33340,5,-0.001327
2020,33540,5,-0.004139
2020,33700,5,0.005629
2020,33780,5,-0.003359
2020,33860,5,-0.001562
2020,34060,5,-0.010635
2020,34580,5,0.001133
2020,34620,5,-6.5e-05
2020,34740,5,-0.005346
2020,34940,5,0.000478
2020,35300,5,0.002142
2020,35660,5,-0.004488
2020,35840,5,-0.001034
2020,35980,5,-0.005093
2020,36100,5,0.01341
2020,36220,5,0.038587
2020,36420,5,0.001947
2020,36500,5,0.008889
2020,36540,5,0.00799
2020,36740,5,-0.006746
2020,36780,5,0.005394
2020,36980,5,-0.004384
2020,37100,5,-0.003849
2020,37340,5,-0.006733
2020,37860,5,0.010687
2020,38060,5,0.012713
2020,38300,5,-0.005521
2020,38340,5,-0.008652
2020,38860,5,0.001734
2020,38900,5,-0.011886
2020,38940,5,-0.001792
2020,39300,5,-0.000843
2020,39340,5,0.005942
2020,39380,5,-0.003146
2020,39460,5,0.006743
2020,39540,5,0.00115
2020,39580,5,0.003271
2020,39740,5,0.00175
2020,39820,5,0.008213
2020,39900,5,-0.004887
2020,40140,5,0.010211
2020,40420,5,0.001248
2020,40660,5,0.006605
2020,40900,5,0.007018
2020,40980,5,0.006681
2020,41060,5,0.00546
2020,41100,5,0.025166
2020,41140,5,-0.013389
2020,41420,5,-0.004333
2020,41500,5,0.001969
2020,41700,5,0.001103
2020,41740,5,-0.00523
2020,41940,5,-0.02519
2020,42020,5,-0.007016
2020,42100,5,-0.012987
2020,42140,5,0.004799
2020,42220,5,-0.026569
2020,42340,5,-0.001174
2020,42540,5,0.003082
2020,42680,5,-0.000826
2020,43100,5,-0.001785
2020,43620,5,0.009151
2020,43780,5,0.001239
2020,44100,5,-0.010457
2020,44180,5,0.011667
2020,44220,5,0.001127
2020,44300,5,-0.005263
2020,44700,5,0.015835
2020,45060,5,-0.000994
2020,45220,5,0.000992
2020,45820,5,0.000404
2020,45940,5,0.002717
2020,46060,5,0.007562
2020,46140,5,-0.003533
2020,46340,5,0.00714
2020,46540,5,-0.004212
2020,46660,5,0.007518
2020,46700,5,0.003894
2020,47220,5,-0.001441
2020,47300,5,0.005466
2020,47940,5,-0.003644
2020,48300,5,-0.001937
2020,48540,5,-0.016108
2020,48660,5,-0.005327
2020,48700,5,-0.002633
2020,49020,5,0.002865
2020,49420,5,0.003729
2020,49620,5,0.005008
2020,49660,5,-0.003412
2020,49740,5,0.006972
2020,10180,6,-0.007912
2020,10420,6,0.00035
2020,10580,6,-0.004265
2020,10740,6,-0.006944
2020,10780,6,-0.019932
2020,10900,6,0.008725
2020,11020,6,-0.008356
2020,11260,6,-0.017744
2020,11460,6,-0.00752
2020,11500,6,-0.007967
2020,11540,6,0.002497
2020,11700,6,-0.012875
2020,12020,6,0.004227
2020,12100,6,0.013765
2020,12220,6,0.000919
2020,12420,6,0.00922
2020,12540,6,0.016634
2020,12580,6,-0.013047
2020,12620,6,0.003826
2020,12700,6,-0.005038
2020,12980,6,0.005133
2020,13020,6,-3.3e-05
2020,13380,6,0.009827
2020,13460,6,0.021158
2020,13780,6,-0.007551
2020,14260,6,0.025394
2020,14500,6,-0.030637
2020,14740,6,-0.002647
2020,14860,6,-0.000102
2020,15180,6,0.000534
2020,15260,6,-0.009577
2020,15380,6,-0.003581
2020,15500,6,0.013829
2020,15540,6,-0.005169
2020,15940,6,-0.001379
2020,15980,6,0.008022
2020,16020,6,-0.008056
2020,16180,6,0.00448
2020,16220,6,-0.009072
2020,16300,6,0.001814
2020,16700,6,-0.002961
2020,16860,6,-0.00094
2020,16940,6,-0.009938
2020,17020,6,-0.029134
2020,17420,6,0.006204
2020,17660,6,0.019549
2020,17780,6,-0.009858
2020,17820,6,-0.002044
2020,17900,6,-0.002575
2020,18020,6,0.008914
2020,18700,6,-0.003863
2020,19340,6,-0.01054
2020,19460,6,0.001477
2020,19500,6,-0.00675
2020,19740,6,-0.018573
2020,20020,6,0.002148
2020,20100,6,-7e-06
2020,20220,6,-3.2e-05
2020,20740,6,-0.000583
2020,20940,6,-0.002008
2020,21140,6,0.001001
2020,21300,6,-0.006877
2020,21500,6,-0.009522
2020,21660,6,0.002468
2020,21820,6,-0.036228
2020,22020,6,-0.008389
2020,22140,6,-0.028046
2020,22380,6,-0.00902
2020,22420,6,0.000398
2020,22500,6,-0.01892
2020,22520,6,-0.001846
2020,22540,6,0.003853
2020,22660,6,-0.011312
2020,23420,6,0.010101
2020,23460,6,-0.007231
2020,23580,6,0.003792
2020,24020,6,-0.003103
2020,24220,6,-0.022426
2020,24300,6,-0.002673
2020,24500,6,-0.026825
2020,24540,6,0.00678
2020,24580,6,0.002182
2020,24660,6,7.4e-05
2020,25420,6,0.006311
2020,25500,6,-0.009753
2020,25540,6,4.7e-05
2020,25860,6,0.001238
2020,25980,6,0.007749
2020,26300,6,0.003968
2020,26380,6,-0.020001
2020,26620,6,0.018831
2020,26980,6,-0.004689
2020,27100,6,0.003371
2020,27260,6,0.005541
2020,27340,6,0.009905
2020,27500,6,0.005923
2020,27740,6,-0.000738
2020,27780,6,-0.004794
2020,27860,6,-0.00184
2020,27900,6,0.008095
2020,28100,6,0.001402
2020,28420,6,0.010106
2020,28660,6,0.020728
2020,28700,6,-0.009312
2020,28740,6,0.00852
2020,29100,6,-0.007694
2020,29340,6,-0.0184
2020,29420,6,0.01296
2020,29460,6,0.022989
2020,29540,6,0.004522
2020,29700,6,-0.001232
2020,29740,6,-0.004828
2020,29820,6,0.022477
2020,29940,6,0.009363
2020,30140,6,0.008653
2020,30300,6,-0.007455
2020,30340,6,0.008623
2020,30460,6,-0.005899
2020,30620,6,-0.006622
2020,30700,6,0.001084
2020,30780,6,-0.00393
2020,30860,6,0.00781
2020,31020,6,0.015474
2020,31420,6,-0.002759
2020,31700,6,0.005882
2020,31860,6,0.00164
2020,32580,6,-0.001086
2020,32780,6,0.00214
2020,32900,6,0.025833
2020,33140,6,0.001881
2020,33340,6,-0.00248
2020,33540,6,-0.00674
2020,33700,6,0.011593
2020,33780,6,0.002201
2020,33860,6,-0.003221
2020,34060,6,-0.017378
2020,34580,6,0.002748
2020,34620,6,-0.000646
2020,34740,6,0.001626
2020,34940,6,0.004712
2020,35300,6,0.001046
2020,35660,6,-0.003483
2020,35840,6,0.005109
2020,35980,6,-0.005378
2020,36100,6,0.018544
2020,36220,6,0.034357
2020,36420,6,0.001577
2020,36500,6,0.01001
2020,36540,6,0.009511
2020,36740,6,0.002926
2020,36780,6,0.00434
2020,36980,6,-0.00409
2020,37100,6,-0.00698
2020,37340,6,0.00075
2020,37860,6,0.012827
2020,38060,6,0.015989
2020,38300,6,-0.004804
2020,38340,6,-0.010477
2020,38860,6,0.003345
2020,38900,6,-0.014647
2020,38940,6,0.006232
2020,39300,6,0.001982
2020,39340,6,0.00797
2020,39380,6,-0.002619
2020,39460,6,0.012947
2020,39540,6,0.00328
2020,39580,6,0.003985
2020,39740,6,0.005258
2020,39820,6,0.008483
2020,39900,6,0.002311
2020,40140,6,0.010915
2020,40420,6,-0.000638
2020,40660,6,0.005021
2020,40900,6,0.008036
2020,40980,6,0.007746
2020,41060,6,0.011221
2020,41100,6,0.03066
2020,41140,6,-0.009996
2020,41420,6,-0.002441
2020,41500,6,0.00342
2020,41700,6,0.004141
2020,41740,6,-0.006705
2020,41940,6,-0.030131
2020,42020,6,-0.009199
2020,42100,6,-0.016546
2020,42140,6,0.002226
2020,42220,6,-0.028442
2020,42340,6,-0.001471
2020,42540,6,0.002352
2020,42680,6,0.006644
2020,43100,6,-0.000657
2020,43620,6,0.010392
2020,43780,6,0.000617
2020,44100,6,-0.016855
2020,44180,6,0.01264
2020,44220,6,0.00092
2020,44300,6,-0.003772
2020,44700,6,0.019277
2020,45060,6,-0.00218
2020,45220,6,0.001509
2020,45820,6,-0.001892
2020,45940,6,0.004144
2020,46060,6,0.008704
2020,46140,6,-0.004142
2020,46340,6,0.006919
2020,46540,6,-0.005646
2020,46660,6,0.00155
2020,46700,6,0.006813
2020,47220,6,-0.001557
2020,47300,6,0.005647
2020,47940,6,-0.007567
2020,48300,6,-0.004599
2020,48540,6,-0.023342
2020,48660,6,-0.001667
2020,48700,6,-0.006486
2020,49020,6,0.004306
2020,49420,6,-0.000726
2020,49620,6,0.007419
2020,49660,6,-0.005371
2020,49740,6,0.006002
2020,10180,7,-0.00604
2020,10420,7,-0.001571
2020,10580,7,-0.005108
2020,10740,7,-0.002585
2020,10780,7,-0.017578
2020,10900,7,0.003813
2020,11020,7,-0.005643
2020,11260,7,-0.007719
2020,11460,7,-0.013247
2020,11500,7,-0.007165
2020,11540,7,0.002734
2020,11700,7,-0.011279
2020,12020,7,0.001636
2020,12100,7,0.01211
2020,12220,7,-0.005428
2020,12420,7,0.006192
2020,12540,7,0.016654
2020,12580,7,-0.011046
2020,12620,7,0.005994
2020,12700,7,-0.006861
2020,12980,7,0.003679
2020,13020,7,-0.001228
2020,13380,7,0.010331
2020,13460,7,0.016548
2020,13780,7,-0.003751
2020,14260,7,0.017303
2020,14500,7,-0.025565
2020,14740,7,-0.002853
2020,14860,7,5.8e-05
2020,15180,7,0.002608
2020,15260,7,-0.01044
2020,15380,7,-0.005143
2020,15500,7,0.015443
2020,15540,7,-0.004131
2020,15940,7,-0.002445
2020,15980,7,0.000803
2020,16020,7,-0.003588
2020,16180,7,-0.002895
2020,16220,7,0.009199
2020,16300,7,0.000642
2020,16700,7,-0.003516
2020,16860,7,0.002384
2020,16940,7,-0.005792
2020,17020,7,-0.043082
2020,17420,7,0.003757
2020,17660,7,0.013544
2020,17780,7,-0.009515
2020,17820,7,-0.003772
2020,17900,7,-0.000236
2020,18020,7,0.013041
2020,18700,7,-0.001424
2020,19340,7,-0.006357
2020,19460,7,0.00434
2020,19500,7,0.000167
2020,19740,7,-0.01602
2020,20020,7,0.003994
2020,20100,7,0.001339
2020,20220,7,0.002846
2020,20740,7,-0.000685
2020,20940,7,-0.003272
2020,21140,7,-0.000367
2020,21300,7,-0.001624
2020,21500,7,-0.006001
2020,21660,7,0.001772
2020,21820,7,-0.025999
2020,22020,7,-0.007653
2020,22140,7,-0.017227
2020,22380,7,-0.009622
2020,22420,7,-0.006505
2020,22500,7,-0.012919
2020,22520,7,0.000215
2020,22540,7,0.006747
2020,22660,7,-0.008951
2020,23420,7,0.006324
2020,23460,7,-0.004708
2020,23580,7,0.000318
2020,24020,7,-0.000756
2020,24220,7,-0.014972
2020,24300,7,-0.000936
2020,24500,7,-0.019362
2020,24540,7,0.002385
2020,24580,7,0.001108
2020,24660,7,0.003791
2020,25420,7,0.004957
2020,25500,7,-0.006697
2020,25540,7,0.002009
2020,25860,7,0.005996
2020,25980,7,0.020938
2020,26300,7,0.006019
2020,26380,7,-0.014998
2020,26620,7,0.018363
2020,26980,7,-0.00726
2020,27100,7,-0.001273
2020,27260,7,-0.001984
2020,27340,7,0.018082
2020,27500,7,0.004287
2020,27740,7,0.000478
2020,27780,7,-0.000255
2020,27860,7,-0.003961
2020,27900,7,0.009683
2020,28100,7,0.005853
2020,28420,7,0.011757
2020,28660,7,0.018494
2020,28700,7,-0.000686
2020,28740,7,0.005252
2020,29100,7,-0.005807
2020,29340,7,-0.017719
2020,29420,7,0.006817
2020,29460,7,0.012307
2020,29540,7,0.002473
2020,29700,7,-0.002901
2020,29740,7,-0.000102
2020,29820,7,0.012661
2020,29940,7,0.008029
2020,30140,7,0.006344
2020,30300,7,-0.000142
2020,30340,7,0.008818
2020,30460,7,-0.008715
2020,30620,7,-0.003846
2020,30700,7,-0.002105
2020,30780,7,-0.004193
2020,30860,7,0.011457
2020,31020,7,0.012797
2020,31420,7,0.001013
2020,31700,7,0.002517
2020,31860,7,-0.002031
2020,32580,7,-0.004296
2020,32780,7,-0.001629
2020,32900,7,0.021443
2020,33140,7,0.003605
2020,33340,7,-0.002936
2020,33540,7,-0.004695
2020,33700,7,0.009627
2020,33780,7,-0.00287
2020,33860,7,-0.002293
2020,34060,7,-0.009147
2020,34580,7,0.001132
2020,34620,7,0.002209
2020,34740,7,-0.002934
2020,34940,7,0.002339
2020,35300,7,0.001888
2020,35660,7,-0.003459
2020,35840,7,-0.001675
2020,35980,7,-0.004672
2020,36100,7,0.009277
2020,36220,7,0.044019
2020,36420,7,0.00041
2020,36500,7,0.007695
2020,36540,7,0.00599
2020,36740,7,-0.00897
2020,36780,7,0.006212
2020,36980,7,-0.003913
2020,37100,7,-0.00459
2020,37340,7,-0.005967
2020,37860,7,0.01007
2020,38060,7,0.009747
2020,38300,7,-0.00548
2020,38340,7,-0.006008
2020,38860,7,0.001544
2020,38900,7,-0.009847
2020,38940,7,-0.001958
2020,39300,7,-0.00223
2020,39340,7,0.003629
2020,39380,7,-0.001917
2020,39460,7,0.004974
2020,39540,7,0.000986
2020,39580,7,0.002054
2020,39740,7,0.002494
2020,39820,7,0.006283
2020,39900,7,-0.00537
2020,40140,7,0.009933
2020,40420,7,0.000392
2020,40660,7,0.005804
2020,40900,7,0.004773
2020,40980,7,0.006363
2020,41060,7,0.007894
2020,41100,7,0.021
2020,41140,7,-0.006617
2020,41420,7,-0.004449
2020,41500,7,0.001783
2020,41700,7,-0.000105
2020,41740,7,-0.006541
2020,41940,7,-0.021157
2020,42020,7,-0.007619
2020,42100,7,-0.011885
2020,42140,7,0.005434
2020,42220,7,-0.025857
2020,42340,7,-0.002766
2020,42540,7,0.002951
2020,42680,7,-0.001465
2020,43100,7,0.001509
2020,43620,7,0.006103
2020,43780,7,0.001283
2020,44100,7,-0.011077
2020,44180,7,0.010642
2020,44220,7,0.000394
2020,44300,7,-0.003193
2020,44700,7,0.014902
2020,45060,7,-0.002129
2020,45220,7,0.000687
2020,45820,7,-0.001058
2020,45940,7,6.1e-05
2020,46060,7,0.005802
2020,46140,7,-0.00443
2020,46340,7,0.005274
2020,46540,7,-0.003926
2020,46660,7,0.007795
2020,46700,7,0.006218
2020,47220,7,-0.001328
2020,47300,7,0.003667
2020,47940,7,-0.004387
2020,48300,7,-0.001647
2020,48540,7,-0.014244
2020,48660,7,-8.8e-05
2020,48700,7,-0.002504
2020,49020,7,-7e-05
2020,49420,7,0.005591
2020,49620,7,0.004234
2020,49660,7,-0.004664
2020,49740,7,0.003375
2020,10180,8,-0.006263
2020,10420,8,0.000513
2020,10580,8,-0.004305
2020,10740,8,0.001824
2020,10780,8,-0.014928
2020,10900,8,0.004813
2020,11020,8,-0.006564
2020,11260,8,-0.002014
2020,11460,8,-0.014778
2020,11500,8,-0.006956
2020,11540,8,0.001504
2020,11700,8,-0.014554
2020,12020,8,0.000415
2020,12100,8,0.016191
2020,12220,8,-0.005822
2020,12420,8,0.000788
2020,12540,8,0.02172
2020,12580,8,-0.006597
2020,12620,8,0.005758
2020,12700,8,-0.009372
2020,12980,8,0.003363
2020,13020,8,0.001413
2020,13380,8,0.00834
2020,13460,8,0.01375
2020,13780,8,-0.004556
2020,14260,8,0.014487
2020,14500,8,-0.032527
2020,14740,8,-0.005909
2020,14860,8,0.002933
2020,15180,8,0.003887
2020,15260,8,-0.01118
2020,15380,8,-0.007366
2020,15500,8,0.016626
2020,15540,8,-0.004653
2020,15940,8,-0.000341
2020,15980,8,-0.001694
2020,16020,8,-0.009219
2020,16180,8,-0.003929
2020,16220,8,0.012518
2020,16300,8,0.003968
2020,16700,8,-0.00742
2020,16860,8,0.002169
2020,16940,8,-0.004146
2020,17020,8,-0.04233
2020,17420,8,0.002587
2020,17660,8,0.011533
2020,17780,8,-0.013722
2020,17820,8,-0.005888
2020,17900,8,0.001078
2020,18020,8,0.013507
2020,18700,8,-0.002513
2020,19340,8,-0.004823
2020,19460,8,0.004915
2020,19500,8,0.003902
2020,19740,8,-0.022849
2020,20020,8,0.005552
2020,20100,8,0.004295
2020,20220,8,0.004642
2020,20740,8,-0.002161
2020,20940,8,-0.002376
2020,21140,8,-0.001502
2020,21300,8,-0.003124
2020,21500,8,-0.006749
2020,21660,8,0.002349
2020,21820,8,-0.024753
2020,22020,8,-0.010787
2020,22140,8,-0.011772
2020,22380,8,-0.008439
2020,22420,8,-0.00585
2020,22500,8,-0.009352
2020,22520,8,0.001638
2020,22540,8,0.006961
2020,22660,8,-0.014455
2020,23420,8,0.0101
2020,23460,8,-0.003905
2020,23580,8,-0.000145
2020,24020,8,-0.000534
2020,24220,8,-0.018692
2020,24300,8,-0.001342
2020,24500,8,-0.017433
2020,24540,8,-0.00258
2020,24580,8,0.000549
2020,24660,8,0.005643
2020,25420,8,0.006425
2020,25500,8,-0.004048
2020,25540,8,0.005449
2020,25860,8,0.003987
2020,25980,8,0.023491
2020,26300,8,0.00749
2020,26380,8,-0.012724
2020,26620,8,0.018463
2020,26980,8,-0.005205
2020,27100,8,-0.003975
2020,27260,8,-0.00234
2020,27340,8,0.017126
2020,27500,8,0.002907
2020,27740,8,-0.0011
2020,27780,8,0.000615
2020,27860,8,-0.001262
2020,27900,8,0.012695
2020,28100,8,0.007716
2020,28420,8,0.009356
2020,28660,8,0.019218
2020,28700,8,-0.002947
2020,28740,8,0.004911
2020,29100,8,-0.007044
2020,29340,8,-0.018586
2020,29420,8,0.009667
2020,29460,8,0.011807
2020,29540,8,0.000908
2020,29700,8,-0.001669
2020,29740,8,0.004305
2020,29820,8,0.011129
2020,29940,8,0.010105
2020,30140,8,0.007048
2020,30300,8,-0.002684
2020,30340,8,0.008334
2020,30460,8,-0.010421
2020,30620,8,-0.004395
2020,30700,8,-0.002741
2020,30780,8,-0.000783
2020,30860,8,0.009048
2020,31020,8,0.011967
2020,31420,8,0.003988
2020,31700,8,0.001823
2020,31860,8,-0.000734
2020,32580,8,-0.001674
2020,32780,8,-0.00014
2020,32900,8,0.022441
2020,33140,8,0.003934
2020,33340,8,-0.001763
2020,33540,8,-0.002953
2020,33700,8,0.00619
2020,33780,8,-0.004063
2020,33860,8,0.000147
2020,34060,8,-0.007781
2020,34580,8,-0.001419
2020,34620,8,0.001644
2020,34740,8,-0.007566
2020,34940,8,-0.002985
2020,35300,8,0.004183
2020,35660,8,-0.004254
2020,35840,8,-0.005612
2020,35980,8,-0.004033
2020,36100,8,0.011844
2020,36220,8,0.040805
2020,36420,8,0.002333
2020,36500,8,0.007323
2020,36540,8,0.006629
2020,36740,8,-0.010829
2020,36780,8,0.00511
2020,36980,8,-0.005582
2020,37100,8,-0.001654
2020,37340,8,-0.011895
2020,37860,8,0.00987
2020,38060,8,0.01235
2020,38300,8,-0.006988
2020,38340,8,-0.007815
2020,38860,8,-0.000473
2020,38900,8,-0.014778
2020,38940,8,-0.00735
2020,39300,8,-0.002614
2020,39340,8,0.00401
2020,39380,8,-0.003619
2020,39460,8,0.002545
2020,39540,8,0.00049
2020,39580,8,0.001303
2020,39740,8,0.00137
2020,39820,8,0.011389
2020,39900,8,-0.009553
2020,40140,8,0.011043
2020,40420,8,0.002258
2020,40660,8,0.008489
2020,40900,8,0.006863
2020,40980,8,0.008058
2020,41060,8,0.00588
2020,41100,8,0.02418
2020,41140,8,-0.011856
2020,41420,8,-0.007407
2020,41500,8,0.002593
2020,41700,8,-0.001494
2020,41740,8,-0.00456
2020,41940,8,-0.02732
2020,42020,8,-0.005921
2020,42100,8,-0.013103
2020,42140,8,0.008178
2020,42220,8,-0.02848
2020,42340,8,-0.001123
2020,42540,8,0.004156
2020,42680,8,-0.005685
2020,43100,8,-0.001852
2020,43620,8,0.00652
2020,43780,8,0.000342
2020,44100,8,-0.00896
2020,44180,8,0.011442
2020,44220,8,0.001956
2020,44300,8,-0.006758
2020,44700,8,0.01554
2020,45060,8,-0.001404
2020,45220,8,0.001733
2020,45820,8,0.001356
2020,45940,8,0.003265
2020,46060,8,0.00984
2020,46140,8,-0.003018
2020,46340,8,0.007189
2020,46540,8,-0.005027
2020,46660,8,0.011173
2020,46700,8,0.003693
2020,47220,8,-0.000307
2020,47300,8,0.00713
2020,47940,8,-0.0018
2020,48300,8,-0.003482
2020,48540,8,-0.013132
2020,48660,8,-0.002874
2020,48700,8,-0.001758
2020,49020,8,0.004723
2020,49420,8,0.005077
2020,49620,8,0.004773
2020,49660,8,-0.002436
2020,49740,8,0.009937
2020,10180,9,-0.006629
2020,10420,9,-0.0027
2020,10580,9,-0.006253
2020,10740,9,-0.000521
2020,10780,9,-0.018413
2020,10900,9,0.001508
2020,11020,9,-0.004118
2020,11260,9,-0.00376
2020,11460,9,-0.014391
2020,11500,9,-0.005331
2020,11540,9,0.0035
2020,11700,9,-0.009083
2020,12020,9,0.003506
2020,12100,9,0.011457
2020,12220,9,-0.005534
2020,12420,9,0.005788
2020,12540,9,0.014875
2020,12580,9,-0.010993
2020,12620,9,0.007441
2020,12700,9,-0.007223
2020,12980,9,0.00377
2020,13020,9,-0.001712
2020,13380,9,0.012602
2020,13460,9,0.012619
2020,13780,9,-0.002452
2020,14260,9,0.019693
2020,14500,9,-0.025218
2020,14740,9,-0.001035
2020,14860,9,-0.001657
2020,15180,9,0.004945
2020,15260,9,-0.010523
2020,15380,9,-0.004649
2020,15500,9,0.016147
2020,15540,9,-0.002489
2020,15940,9,-0.002728
2020,15980,9,-0.006897
2020,16020,9,-0.001054
2020,16180,9,-0.009764
2020,16220,9,0.01141
2020,16300,9,-0.000755
2020,16700,9,-0.004419
2020,16860,9,0.005523
2020,16940,9,-0.001834
2020,17020,9,-0.019723
2020,17420,9,0.003942
2020,17660,9,0.014718
2020,17780,9,-0.011822
2020,17820,9,-0.001657
2020,17900,9,0.002031
2020,18020,9,0.0121
2020,18700,9,0.003783
2020,19340,9,-0.005759
2020,19460,9,0.004713
2020,19500,9,0.001604
2020,19740,9,-0.017408
2020,20020,9,0.001544
2020,20100,9,6.4e-05
2020,20220,9,0.002523
2020,20740,9,-0.000178
2020,20940,9,-0.004889
2020,21140,9,-0.00076
2020,21300,9,0.000787
2020,21500,9,-0.005504
2020,21660,9,0.004136
2020,21820,9,-0.02016
2020,22020,9,-0.007606
2020,22140,9,-0.012936
2020,22380,9,-0.011581
2020,22420,9,-0.011267
2020,22500,9,-0.012608
2020,22520,9,0.001611
2020,22540,9,0.007163
2020,22660,9,-0.010967
2020,23420,9,0.002246
2020,23460,9,-0.003906
2020,23580,9,-0.002096
2020,24020,9,-0.001244
2020,24220,9,-0.009865
2020,24300,9,0.001461
2020,24500,9,-0.016476
2020,24540,9,-0.002418
2020,24580,9,0.000254
2020,24660,9,0.005429
2020,25420,9,0.002197
2020,25500,9,-0.003693
2020,25540,9,0.00208
2020,25860,9,0.012559
2020,25980,9,0.018192
2020,26300,9,0.007227
2020,26380,9,-0.013348
2020,26620,9,0.018437
2020,26980,9,-0.0083
2020,27100,9,-0.002077
2020,27260,9,-0.005033
2020,27340,9,0.028949
2020,27500,9,0.005436
2020,27740,9,0.001563
2020,27780,9,0.003512
2020,27860,9,-0.00683
2020,27900,9,0.009422
2020,28100,9,0.006866
2020,28420,9,0.019153
2020,28660,9,0.018517
2020,28700,9,0.005651
2020,28740,9,0.006234
2020,29100,9,-0.004296
2020,29340,9,-0.017614
2020,29420,9,0.003489
2020,29460,9,0.007535
2020,29540,9,0.001201
2020,29700,9,-0.002663
2020,29740,9,0.001586
2020,29820,9,0.004266
2020,29940,9,0.006506
2020,30140,9,0.006229
2020,30300,9,0.009232
2020,30340,9,0.010158
2020,30460,9,-0.009941
2020,30620,9,-0.002609
2020,30700,9,-0.003564
2020,30780,9,-0.00508
2020,30860,9,0.01612
2020,31020,9,0.015278
2020,31420,9,0.001928
2020,31700,9,0.000106
2020,31860,9,-0.003623
2020,32580,9,-0.005956
2020,32780,9,-0.004116
2020,32900,9,0.013792
2020,33140,9,0.005925
2020,33340,9,-0.004365
2020,33540,9,-0.001961
2020,33700,9,0.005896
2020,33780,9,-0.006513
2020,33860,9,-0.003649
2020,34060,9,-0.004188
2020,34580,9,0.003597
2020,34620,9,0.003147
2020,34740,9,-0.001558
2020,34940,9,-0.002616
2020,35300,9,0.002644
2020,35660,9,-0.001421
2020,35840,9,-0.007492
2020,35980,9,-0.005705
2020,36100,9,0.006398
2020,36220,9,0.053592
2020,36420,9,-0.001136
2020,36500,9,0.009155
2020,36540,9,0.005591
2020,36740,9,-0.011218
2020,36780,9,0.00569
2020,36980,9,-0.004408
2020,37100,9,-0.006058
2020,37340,9,-0.011138
2020,37860,9,0.009509
2020,38060,9,0.005238
2020,38300,9,-0.005294
2020,38340,9,-0.003094
2020,38860,9,0.001503
2020,38900,9,-0.009213
2020,38940,9,-0.009614
2020,39300,9,-0.004721
2020,39340,9,0.003371
2020,39380,9,0.000788
2020,39460,9,-0.001555
2020,39540,9,0.001405
2020,39580,9,0.002612
2020,39740,9,0.001406
2020,39820,9,0.006639
2020,39900,9,-0.012729
2020,40140,9,0.006413
2020,40420,9,-0.000571
2020,40660,9,0.007563
2020,40900,9,-0.000431
2020,40980,9,0.006637
2020,41060,9,0.005952
2020,41100,9,0.016903
2020,41140,9,-0.003518
2020,41420,9,-0.002769
2020,41500,9,-0.001971
2020,41700,9,-0.000666
2020,41740,9,-0.00901
2020,41940,9,-0.024178
2020,42020,9,-0.009323
2020,42100,9,-0.013885
2020,42140,9,0.009061
2020,42220,9,-0.029084
2020,42340,9,-0.001538
2020,42540,9,0.003616
2020,42680,9,-0.008055
2020,43100,9,0.002372
2020,43620,9,0.004513
2020,43780,9,0.000767
2020,44100,9,-0.011126
2020,44180,9,0.010416
2020,44220,9,0.001821
2020,44300,9,-0.000547
2020,44700,9,0.007663
2020,45060,9,-0.003262
2020,45220,9,0.00186
2020,45820,9,-0.001452
2020,45940,9,-0.003253
2020,46060,9,0.004707
2020,46140,9,-0.005447
2020,46340,9,0.002583
2020,46540,9,-0.003682
2020,46660,9,0.010494
2020,46700,9,0.001386
2020,47220,9,-0.001457
2020,47300,9,0.002172
2020,47940,9,-0.004713
2020,48300,9,0.003014
2020,48540,9,-0.009908
2020,48660,9,0.003431
2020,48700,9,-0.000496
2020,49020,9,-0.001372
2020,49420,9,0.013255
2020,49620,9,0.002151
2020,49660,9,-0.005453
2020,49740,9,0.001117
2020,10180,10,-0.007174
2020,10420,10,-0.000176
2020,10580,10,-0.004454
2020,10740,10,0.002223
2020,10780,10,-0.015265
2020,10900,10,0.003156
2020,11020,10,-0.005621
2020,11260,10,0.000684
2020,11460,10,-0.014649
2020,11500,10,-0.005928
2020,11540,10,0.002017
2020,11700,10,-0.013159
2020,12020,10,0.001035
2020,12100,10,0.016594
2020,12220,10,-0.004063
2020,12420,10,0.003146
2020,12540,10,0.019782
2020,12580,10,-0.006836
2020,12620,10,0.006195
2020,12700,10,-0.009286
2020,12980,10,0.003144
2020,13020,10,0.001061
2020,13380,10,0.009704
2020,13460,10,0.012373
2020,13780,10,-0.003469
2020,14260,10,0.017225
2020,14500,10,-0.030162
2020,14740,10,-0.004731
2020,14860,10,0.001902
2020,15180,10,0.004887
2020,15260,10,-0.010917
2020,15380,10,-0.007017
2020,15500,10,0.015606
2020,15540,10,-0.002998
2020,15940,10,-0.000273
2020,15980,10,-0.003923
2020,16020,10,-0.007144
2020,16180,10,-0.008249
2020,16220,10,0.012307
2020,16300,10,0.002597
2020,16700,10,-0.007149
2020,16860,10,0.002887
2020,16940,10,-0.001579
2020,17020,10,-0.024551
2020,17420,10,0.002708
2020,17660,10,0.013684
2020,17780,10,-0.01403
2020,17820,10,-0.003782
2020,17900,10,0.002473
2020,18020,10,0.012096
2020,18700,10,0.000118
2020,19340,10,-0.004358
2020,19460,10,0.004178
2020,19500,10,0.004283
2020,19740,10,-0.022757
2020,20020,10,0.003478
2020,20100,10,0.004172
2020,20220,10,0.003178
2020,20740,10,-0.000968
2020,20940,10,-0.003333
2020,21140,10,-0.001977
2020,21300,10,-0.00126
2020,21500,10,-0.006144
2020,21660,10,0.00337
2020,21820,10,-0.020459
2020,22020,10,-0.008473
2020,22140,10,-0.009543
2020,22380,10,-0.009778
2020,22420,10,-0.008341
2020,22500,10,-0.009134
2020,22520,10,0.001971
2020,22540,10,0.006782
2020,22660,10,-0.014859
2020,23420,10,0.0074
2020,23460,10,-0.003882
2020,23580,10,-0.001356
2020,24020,10,-0.000582
2020,24220,10,-0.014982
2020,24300,10,-4.9e-05
2020,24500,10,-0.015957
2020,24540,10,-0.004262
2020,24580,10,0.000482
2020,24660,10,0.005352
2020,25420,10,0.004909
2020,25500,10,-0.002759
2020,25540,10,0.005292
2020,25860,10,0.006255
2020,25980,10,0.019659
2020,26300,10,0.006955
2020,26380,10,-0.011287
2020,26620,10,0.018632
2020,26980,10,-0.005056
2020,27100,10,-0.004072
2020,27260,10,-0.002813
2020,27340,10,0.023131
2020,27500,10,0.00321
2020,27740,10,-0.000724
2020,27780,10,0.002906
2020,27860,10,-0.002403
2020,27900,10,0.011114
2020,28100,10,0.007699
2020,28420,10,0.014176
2020,28660,10,0.018655
2020,28700,10,-0.000449
2020,28740,10,0.005449
2020,29100,10,-0.005528
2020,29340,10,-0.017055
2020,29420,10,0.007133
2020,29460,10,0.008037
2020,29540,10,-0.000392
2020,29700,10,-0.000704
2020,29740,10,0.005099
2020,29820,10,0.005601
2020,29940,10,0.009446
2020,30140,10,0.00664
2020,30300,10,0.001882
2020,30340,10,0.008619
2020,30460,10,-0.009856
2020,30620,10,-0.003676
2020,30700,10,-0.00269
2020,30780,10,-0.001402
2020,30860,10,0.009724
2020,31020,10,0.011641
2020,31420,10,0.002934
2020,31700,10,0.000126
2020,31860,10,-0.001734
2020,32580,10,-0.001923
2020,32780,10,-0.001562
2020,32900,10,0.016082
2020,33140,10,0.005106
2020,33340,10,-0.002327
2020,33540,10,-0.001173
2020,33700,10,0.003309
2020,33780,10,-0.006023
2020,33860,10,-0.000722
2020,34060,10,-0.005851
2020,34580,10,-0.000168
2020,34620,10,0.002369
2020,34740,10,-0.006453
2020,34940,10,-0.004105
2020,35300,10,0.004558
2020,35660,10,-0.002975
2020,35840,10,-0.006712
2020,35980,10,-0.004356
2020,36100,10,0.01014
2020,36220,10,0.04441
2020,36420,10,0.001351
2020,36500,10,0.008168
2020,36540,10,0.006433
2020,36740,10,-0.009762
2020,36780,10,0.004565
2020,36980,10,-0.005989
2020,37100,10,-0.002967
2020,37340,10,-0.015553
2020,37860,10,0.008625
2020,38060,10,0.009223
2020,38300,10,-0.006747
2020,38340,10,-0.006018
2020,38860,10,2.1e-05
2020,38900,10,-0.013366
2020,38940,10,-0.01175
2020,39300,10,-0.004254
2020,39340,10,0.004918
2020,39380,10,-0.002998
2020,39460,10,-0.000308
2020,39540,10,0.000852
2020,39580,10,0.003183
2020,39740,10,0.000415
2020,39820,10,0.010766
2020,39900,10,-0.01229
2020,40140,10,0.008559
2020,40420,10,0.001483
2020,40660,10,0.007795
2020,40900,10,0.003448
2020,40980,10,0.008042
2020,41060,10,0.003789
2020,41100,10,0.022309
2020,41140,10,-0.009574
2020,41420,10,-0.00697
2020,41500,10,-0.000137
2020,41700,10,-0.002279
2020,41740,10,-0.005761
2020,41940,10,-0.027822
2020,42020,10,-0.006949
2020,42100,10,-0.014551
2020,42140,10,0.008942
2020,42220,10,-0.027658
2020,42340,10,0.000594
2020,42540,10,0.004142
2020,42680,10,-0.009328
2020,43100,10,-0.001468
2020,43620,10,0.00651
2020,43780,10,-0.000243
2020,44100,10,-0.008519
2020,44180,10,0.010169
2020,44220,10,0.002642
2020,44300,10,-0.004989
2020,44700,10,0.010331
2020,45060,10,-0.002305
2020,45220,10,0.00236
2020,45820,10,0.000272
2020,45940,10,0.001467
2020,46060,10,0.008609
2020,46140,10,-0.003502
2020,46340,10,0.004162
2020,46540,10,-0.005277
2020,46660,10,0.012716
2020,46700,10,0.00027
2020,47220,10,-3.9e-05
2020,47300,10,0.006269
2020,47940,10,-0.002782
2020,48300,10,-0.00014
2020,48540,10,-0.011475
2020,48660,10,-0.000979
2020,48700,10,-0.000829
2020,49020,10,0.003903
2020,49420,10,0.008767
2020,49620,10,0.00305
2020,49660,10,-0.002883
2020,49740,10,0.008078
2020,10180,11,-0.007436
2020,10420,11,-0.000195
2020,10580,11,-0.003785
2020,10740,11,-0.001361
2020,10780,11,-0.016831
2020,10900,11,0.004359
2020,11020,11,-0.006702
2020,11260,11,-0.005813
2020,11460,11,-0.012141
2020,11500,11,-0.006596
2020,11540,11,0.002453
2020,11700,11,-0.013348
2020,12020,11,0.000903
2020,12100,11,0.016163
2020,12220,11,-0.002367
2020,12420,11,0.005725
2020,12540,11,0.018806
2020,12580,11,-0.009575
2020,12620,11,0.005387
2020,12700,11,-0.008629
2020,12980,11,0.002907
2020,13020,11,0.000962
2020,13380,11,0.009138
2020,13460,11,0.015605
2020,13780,11,-0.00456
2020,14260,11,0.018489
2020,14500,11,-0.028241
2020,14740,11,-0.004606
2020,14860,11,0.001343
2020,15180,11,0.003465
2020,15260,11,-0.010582
2020,15380,11,-0.006234
2020,15500,11,0.015262
2020,15540,11,-0.00367
2020,15940,11,-0.001283
2020,15980,11,0.002011
2020,16020,11,-0.008986
2020,16180,11,-0.003435
2020,16220,11,0.006
2020,16300,11,0.002441
2020,16700,11,-0.00561
2020,16860,11,0.001168
2020,16940,11,-0.005294
2020,17020,11,-0.028968
2020,17420,11,0.003837
2020,17660,11,0.014635
2020,17780,11,-0.011066
2020,17820,11,-0.003019
2020,17900,11,0.000506
2020,18020,11,0.010949
2020,18700,11,-0.002897
2020,19340,11,-0.006129
2020,19460,11,0.003597
2020,19500,11,0.001443
2020,19740,11,-0.019823
2020,20020,11,0.002872
2020,20100,11,0.003223
2020,20220,11,0.001875
2020,20740,11,-0.000275
2020,20940,11,-0.002518
2020,21140,11,-0.001101
2020,21300,11,-0.003696
2020,21500,11,-0.007001
2020,21660,11,0.00127
2020,21820,11,-0.025944
2020,22020,11,-0.006273
2020,22140,11,-0.01518
2020,22380,11,-0.009643
2020,22420,11,-0.005738
2020,22500,11,-0.012082
2020,22520,11,0.000624
2020,22540,11,0.007002
2020,22660,11,-0.012283
2020,23420,11,0.007882
2020,23460,11,-0.004525
2020,23580,11,0.000264
2020,24020,11,-0.000424
2020,24220,11,-0.015818
2020,24300,11,-0.000603
2020,24500,11,-0.019138
2020,24540,11,0.000384
2020,24580,11,0.001558
2020,24660,11,0.003222
2020,25420,11,0.005879
2020,25500,11,-0.005419
2020,25540,11,0.003785
2020,25860,11,0.002998
2020,25980,11,0.017961
2020,26300,11,0.006374
2020,26380,11,-0.013934
2020,26620,11,0.01874
2020,26980,11,-0.004338
2020,27100,11,-0.002861
2020,27260,11,-0.000752
2020,27340,11,0.019912
2020,27500,11,0.004129
2020,27740,11,-0.001263
2020,27780,11,0.000394
2020,27860,11,-0.001452
2020,27900,11,0.010111
2020,28100,11,0.006142
2020,28420,11,0.011769
2020,28660,11,0.019103
2020,28700,11,-0.004841
2020,28740,11,0.006598
2020,29100,11,-0.006119
2020,29340,11,-0.016302
2020,29420,11,0.007827
2020,29460,11,0.012058
2020,29540,11,0.000801
2020,29700,11,-0.001117
2020,29740,11,0.00259
2020,29820,11,0.012823
2020,29940,11,0.009691
2020,30140,11,0.007618
2020,30300,11,-0.003627
2020,30340,11,0.009052
2020,30460,11,-0.00812
2020,30620,11,-0.004589
2020,30700,11,-0.001004
2020,30780,11,-0.002187
2020,30860,11,0.008553
2020,31020,11,0.010476
2020,31420,11,0.000813
2020,31700,11,0.001467
2020,31860,11,-0.000786
2020,32580,11,-0.001901
2020,32780,11,-0.00108
2020,32900,11,0.020875
2020,33140,11,0.004284
2020,33340,11,-0.002173
2020,33540,11,-0.003508
2020,33700,11,0.007009
2020,33780,11,-0.004319
2020,33860,11,-0.00171
2020,34060,11,-0.010258
2020,34580,11,-0.000181
2020,34620,11,0.000935
2020,34740,11,-0.005552
2020,34940,11,0.001548
2020,35300,11,0.003463
2020,35660,11,-0.004193
2020,35840,11,-0.001311
2020,35980,11,-0.004629
2020,36100,11,0.011318
2020,36220,11,0.04079
2020,36420,11,0.000739
2020,36500,11,0.008061
2020,36540,11,0.007115
2020,36740,11,-0.00591
2020,36780,11,0.00511
2020,36980,11,-0.005772
2020,37100,11,-0.003805
2020,37340,11,-0.009278
2020,37860,11,0.008882
2020,38060,11,0.010839
2020,38300,11,-0.007121
2020,38340,11,-0.006741
2020,38860,11,0.001007
2020,38900,11,-0.012787
2020,38940,11,-0.004521
2020,39300,11,-0.002518
2020,39340,11,0.005191
2020,39380,11,-0.003063
2020,39460,11,0.004768
2020,39540,11,0.002073
2020,39580,11,0.002918
2020,39740,11,0.001492
2020,39820,11,0.00787
2020,39900,11,-0.005607
2020,40140,11,0.010628
2020,40420,11,0.001666
2020,40660,11,0.006464
2020,40900,11,0.005407
2020,40980,11,0.007316
2020,41060,11,0.004264
2020,41100,11,0.02426
2020,41140,11,-0.010152
2020,41420,11,-0.006473
2020,41500,11,0.001505
2020,41700,11,-0.001057
2020,41740,11,-0.005877
2020,41940,11,-0.024938
2020,42020,11,-0.007368
2020,42100,11,-0.014122
2020,42140,11,0.006178
2020,42220,11,-0.024874
2020,42340,11,-0.001282
2020,42540,11,0.003489
2020,42680,11,-0.003264
2020,43100,11,-0.000983
2020,43620,11,0.00779
2020,43780,11,0.000593
2020,44100,11,-0.010333
2020,44180,11,0.010604
2020,44220,11,0.002097
2020,44300,11,-0.005129
2020,44700,11,0.014615
2020,45060,11,-0.002114
2020,45220,11,0.001256
2020,45820,11,-0.000452
2020,45940,11,0.00246
2020,46060,11,0.0077
2020,46140,11,-0.004108
2020,46340,11,0.004621
2020,46540,11,-0.004866
2020,46660,11,0.009976
2020,46700,11,0.004671
2020,47220,11,-0.000471
2020,47300,11,0.005724
2020,47940,11,-0.004452
2020,48300,11,-0.002984
2020,48540,11,-0.01561
2020,48660,11,-0.002825
2020,48700,11,-0.002436
2020,49020,11,0.003453
2020,49420,11,0.004828
2020,49620,11,0.00392
2020,49660,11,-0.00382
2020,49740,11,0.006704
2020,10180,12,-0.006208
2020,10420,12,0.000848
2020,10580,12,-0.002262
2020,10740,12,-0.005753
2020,10780,12,-0.018495
2020,10900,12,0.005386
2020,11020,12,-0.007692
2020,11260,12,-0.013471
2020,11460,12,-0.008832
2020,11500,12,-0.007886
2020,11540,12,0.002602
2020,11700,12,-0.010652
2020,12020,12,0.001722
2020,12100,12,0.013756
2020,12220,12,-0.001756
2020,12420,12,0.007707
2020,12540,12,0.015012
2020,12580,12,-0.01206
2020,12620,12,0.003794
2020,12700,12,-0.008565
2020,12980,12,0.002091
2020,13020,12,0.000229
2020,13380,12,0.010078
2020,13460,12,0.019197
2020,13780,12,-0.008814
2020,14260,12,0.019775
2020,14500,12,-0.02554
2020,14740,12,-0.001172
2020,14860,12,-0.000386
2020,15180,12,0.000662
2020,15260,12,-0.009259
2020,15380,12,-0.002143
2020,15500,12,0.014883
2020,15540,12,-0.004206
2020,15940,12,-0.002016
2020,15980,12,0.005867
2020,16020,12,-0.019879
2020,16180,12,0.006199
2020,16220,12,-0.003292
2020,16300,12,0.003821
2020,16700,12,-0.002576
2020,16860,12,0.000767
2020,16940,12,-0.009074
2020,17020,12,-0.039751
2020,17420,12,0.004943
2020,17660,12,0.01521
2020,17780,12,-0.00669
2020,17820,12,-0.002442
2020,17900,12,-0.002108
2020,18020,12,0.011224
2020,18700,12,-0.004862
2020,19340,12,-0.007857
2020,19460,12,0.004234
2020,19500,12,-0.001451
2020,19740,12,-0.014916
2020,20020,12,0.002576
2020,20100,12,0.000747
2020,20220,12,0.003253
2020,20740,12,0.000666
2020,20940,12,-0.002894
2020,21140,12,0.001717
2020,21300,12,-0.009824
2020,21500,12,-0.008738
2020,21660,12,0.001512
2020,21820,12,-0.034619
2020,22020,12,-0.005966
2020,22140,12,-0.024779
2020,22380,12,-0.007979
2020,22420,12,-0.000802
2020,22500,12,-0.015078
2020,22520,12,0.000609
2020,22540,12,0.00715
2020,22660,12,-0.00824
2020,23420,12,0.008327
2020,23460,12,-0.005327
2020,23580,12,0.003891
2020,24020,12,-0.000718
2020,24220,12,-0.018464
2020,24300,12,-0.001362
2020,24500,12,-0.022667
2020,24540,12,0.006196
2020,24580,12,0.00258
2020,24660,12,0.001614
2020,25420,12,0.0084
2020,25500,12,-0.008081
2020,25540,12,0.001783
2020,25860,12,-0.002812
2020,25980,12,0.014822
2020,26300,12,0.005621
2020,26380,12,-0.01797
2020,26620,12,0.017704
2020,26980,12,-0.002255
2020,27100,12,-0.003939
2020,27260,12,0.002624
2020,27340,12,0.010269
2020,27500,12,0.00678
2020,27740,12,-0.002885
2020,27780,12,-0.003462
2020,27860,12,-0.000724
2020,27900,12,0.010831
2020,28100,12,0.004174
2020,28420,12,0.009146
2020,28660,12,0.019432
2020,28700,12,-0.013182
2020,28740,12,0.007506
2020,29100,12,-0.006463
2020,29340,12,-0.016047
2020,29420,12,0.010261
2020,29460,12,0.019887
2020,29540,12,0.003059
2020,29700,12,-0.002778
2020,29740,12,-0.00272
2020,29820,12,0.019308
2020,29940,12,0.011175
2020,30140,12,0.008489
2020,30300,12,-0.013917
2020,30340,12,0.010954
2020,30460,12,-0.005954
2020,30620,12,-0.006107
2020,30700,12,0.002591
2020,30780,12,-0.003366
2020,30860,12,0.008253
2020,31020,12,0.015002
2020,31420,12,-0.001208
2020,31700,12,0.00506
2020,31860,12,0.00197
2020,32580,12,-0.001919
2020,32780,12,0.000423
2020,32900,12,0.025643
2020,33140,12,0.003722
2020,33340,12,-0.000714
2020,33540,12,-0.005572
2020,33700,12,0.006023
2020,33780,12,-0.0042
2020,33860,12,-0.003494
2020,34060,12,-0.013867
2020,34580,12,0.002963
2020,34620,12,-0.003772
2020,34740,12,-0.004947
2020,34940,12,0.004128
2020,35300,12,0.000754
2020,35660,12,-0.005863
2020,35840,12,0.002817
2020,35980,12,-0.006535
2020,36100,12,0.015296
2020,36220,12,0.034881
2020,36420,12,0.000807
2020,36500,12,0.009703
2020,36540,12,0.010039
2020,36740,12,-0.002374
2020,36780,12,0.005342
2020,36980,12,-0.004111
2020,37100,12,-0.004922
2020,37340,12,0.000987
2020,37860,12,0.011189
2020,38060,12,0.013606
2020,38300,12,-0.005558
2020,38340,12,-0.008922
2020,38860,12,0.003217
2020,38900,12,-0.011251
2020,38940,12,0.005539
2020,39300,12,0.001703
2020,39340,12,0.006218
2020,39380,12,-0.000785
2020,39460,12,0.010937
2020,39540,12,0.003468
2020,39580,12,0.002376
2020,39740,12,0.001711
2020,39820,12,0.004542
2020,39900,12,0.001105
2020,40140,12,0.011087
2020,40420,12,0.001998
2020,40660,12,0.007345
2020,40900,12,0.008124
2020,40980,12,0.005579
2020,41060,12,0.002388
2020,41100,12,0.025172
2020,41140,12,-0.017302
2020,41420,12,-0.001442
2020,41500,12,0.002902
2020,41700,12,0.003775
2020,41740,12,-0.005944
2020,41940,12,-0.023562
2020,42020,12,-0.007851
2020,42100,12,-0.012652
2020,42140,12,0.003153
2020,42220,12,-0.023821
2020,42340,12,-0.003011
2020,42540,12,0.002559
2020,42680,12,0.005208
2020,43100,12,-0.002724
2020,43620,12,0.011177
2020,43780,12,0.002726
2020,44100,12,-0.012348
2020,44180,12,0.013252
2020,44220,12,0.001871
2020,44300,12,-0.005023
2020,44700,12,0.018351
2020,45060,12,2.8e-05
2020,45220,12,0.000116
2020,45820,12,0.0012
2020,45940,12,0.003459
2020,46060,12,0.006105
2020,46140,12,-0.00428
2020,46340,12,0.008106
2020,46540,12,-0.002432
2020,46660,12,0.004408
2020,46700,12,0.006657
2020,47220,12,-0.002299
2020,47300,12,0.004293
2020,47940,12,-0.0049
2020,48300,12,-0.003609
2020,48540,12,-0.018756
2020,48660,12,-0.0103
2020,48700,12,-0.003248
2020,49020,12,0.002466
2020,49420,12,0.00218
2020,49620,12,0.005164
2020,49660,12,-0.004174
2020,49740,12,0.005223
2020,10180,13,-0.006868
2020,10420,13,-0.000928
2020,10580,13,-0.004249
2020,10740,13,-0.003813
2020,10780,13,-0.017472
2020,10900,13,0.004664
2020,11020,13,-0.006397
2020,11260,13,-0.008755
2020,11460,13,-0.011776
2020,11500,13,-0.007642
2020,11540,13,0.002499
2020,11700,13,-0.012231
2020,12020,13,0.001083
2020,12100,13,0.013795
2020,12220,13,-0.002834
2020,12420,13,0.008567
2020,12540,13,0.016752
2020,12580,13,-0.01117
2020,12620,13,0.005053
2020,12700,13,-0.006677
2020,12980,13,0.00354
2020,13020,13,-0.000746
2020,13380,13,0.009753
2020,13460,13,0.018431
2020,13780,13,-0.004343
2020,14260,13,0.019144
2020,14500,13,-0.02527
2020,14740,13,-0.0034
2020,14860,13,0.000587
2020,15180,13,0.001762
2020,15260,13,-0.010191
2020,15380,13,-0.005261
2020,15500,13,0.013956
2020,15540,13,-0.003961
2020,15940,13,-0.001817
2020,15980,13,0.004887
2020,16020,13,-0.004911
2020,16180,13,-0.001252
2020,16220,13,0.005216
2020,16300,13,0.00089
2020,16700,13,-0.00306
2020,16860,13,0.000319
2020,16940,13,-0.006607
2020,17020,13,-0.04075
2020,17420,13,0.003951
2020,17660,13,0.015463
2020,17780,13,-0.008787
2020,17820,13,-0.003291
2020,17900,13,-0.00071
2020,18020,13,0.011869
2020,18700,13,-0.003152
2020,19340,13,-0.00681
2020,19460,13,0.003037
2020,19500,13,-0.001019
2020,19740,13,-0.016258
2020,20020,13,0.003646
2020,20100,13,0.002294
2020,20220,13,0.001465
2020,20740,13,-6.6e-05
2020,20940,13,-0.002798
2020,21140,13,-0.000512
2020,21300,13,-0.002568
2020,21500,13,-0.006442
2020,21660,13,0.001199
2020,21820,13,-0.02756
2020,22020,13,-0.005962
2020,22140,13,-0.019163
2020,22380,13,-0.009381
2020,22420,13,-0.004512
2020,22500,13,-0.013463
2020,22520,13,-0.000593
2020,22540,13,0.005943
2020,22660,13,-0.008986
2020,23420,13,0.007637
2020,23460,13,-0.00557
2020,23580,13,0.001296
2020,24020,13,-0.000771
2020,24220,13,-0.01665
2020,24300,13,-0.001714
2020,24500,13,-0.020981
2020,24540,13,0.004212
2020,24580,13,0.001736
2020,24660,13,0.002025
2020,25420,13,0.005869
2020,25500,13,-0.007778
2020,25540,13,0.001948
2020,25860,13,0.002524
2020,25980,13,0.017749
2020,26300,13,0.004554
2020,26380,13,-0.015351
2020,26620,13,0.018655
2020,26980,13,-0.005786
2020,27100,13,-0.000553
2020,27260,13,0.000728
2020,27340,13,0.014971
2020,27500,13,0.003847
2020,27740,13,-0.000356
2020,27780,13,-0.001295
2020,27860,13,-0.002406
2020,27900,13,0.008536
2020,28100,13,0.004732
2020,28420,13,0.010657
2020,28660,13,0.018447
2020,28700,13,-0.004427
2020,28740,13,0.005526
2020,29100,13,-0.005902
2020,29340,13,-0.016629
2020,29420,13,0.007975
2020,29460,13,0.013591
2020,29540,13,0.002199
2020,29700,13,-0.001793
2020,29740,13,-0.000682
2020,29820,13,0.014612
2020,29940,13,0.008982
2020,30140,13,0.006484
2020,30300,13,-0.003907
2020,30340,13,0.008114
2020,30460,13,-0.007168
2020,30620,13,-0.004557
2020,30700,13,-0.000643
2020,30780,13,-0.003749
2020,30860,13,0.007998
2020,31020,13,0.011024
2020,31420,13,-0.000866
2020,31700,13,0.002975
2020,31860,13,-0.001202
2020,32580,13,-0.002619
2020,32780,13,-0.000557
2020,32900,13,0.02165
2020,33140,13,0.002895
2020,33340,13,-0.002282
2020,33540,13,-0.005062
2020,33700,13,0.009372
2020,33780,13,-0.001687
2020,33860,13,-0.002052
2020,34060,13,-0.011936
2020,34580,13,0.000478
2020,34620,13,0.00171
2020,34740,13,-0.00286
2020,34940,13,0.00451
2020,35300,13,0.001862
2020,35660,13,-0.00386
2020,35840,13,0.001893
2020,35980,13,-0.004341
2020,36100,13,0.011358
2020,36220,13,0.039158
2020,36420,13,0.000929
2020,36500,13,0.007787
2020,36540,13,0.006703
2020,36740,13,-0.00493
2020,36780,13,0.005677
2020,36980,13,-0.004252
2020,37100,13,-0.004843
2020,37340,13,-0.005628
2020,37860,13,0.009658
2020,38060,13,0.011188
2020,38300,13,-0.005555
2020,38340,13,-0.007271
2020,38860,13,0.002052
2020,38900,13,-0.010309
2020,38940,13,-0.000254
2020,39300,13,-0.001521
2020,39340,13,0.005362
2020,39380,13,-0.003587
2020,39460,13,0.007745
2020,39540,13,0.001309
2020,39580,13,0.003643
2020,39740,13,0.002568
2020,39820,13,0.006337
2020,39900,13,-0.002203
2020,40140,13,0.010382
2020,40420,13,0.000418
2020,40660,13,0.00412
2020,40900,13,0.005926
2020,40980,13,0.006563
2020,41060,13,0.007417
2020,41100,13,0.024002
2020,41140,13,-0.007897
2020,41420,13,-0.005361
2020,41500,13,0.002142
2020,41700,13,-5.7e-05
2020,41740,13,-0.005791
2020,41940,13,-0.021657
2020,42020,13,-0.007492
2020,42100,13,-0.012775
2020,42140,13,0.003468
2020,42220,13,-0.02359
2020,42340,13,-0.001654
2020,42540,13,0.002521
2020,42680,13,0.000336
2020,43100,13,0.000501
2020,43620,13,0.00794
2020,43780,13,0.000874
2020,44100,13,-0.011265
2020,44180,13,0.01001
2020,44220,13,0.000301
2020,44300,13,-0.003959
2020,44700,13,0.015828
2020,45060,13,-0.002136
2020,45220,13,0.000667
2020,45820,13,-0.001664
2020,45940,13,0.001653
2020,46060,13,0.006302
2020,46140,13,-0.004022
2020,46340,13,0.004745
2020,46540,13,-0.004757
2020,46660,13,0.006934
2020,46700,13,0.006169
2020,47220,13,-0.000922
2020,47300,13,0.004606
2020,47940,13,-0.005299
2020,48300,13,-0.002444
2020,48540,13,-0.017036
2020,48660,13,-0.001457
2020,48700,13,-0.003546
2020,49020,13,0.001257
2020,49420,13,0.002735
2020,49620,13,0.004562
2020,49660,13,-0.004416
2020,49740,13,0.004365
2020,10180,14,-0.004683
2020,10420,14,2.3e-05
2020,10580,14,-0.003757
2020,10740,14,0.007527
2020,10780,14,-0.009864
2020,10900,14,0.000881
2020,11020,14,-0.002716
2020,11260,14,0.012252
2020,11460,14,-0.016642
2020,11500,14,-0.005567
2020,11540,14,0.00159
2020,11700,14,-0.009803
2020,12020,14,0.000257
2020,12100,14,0.011499
2020,12220,14,-0.007178
2020,12420,14,-0.000789
2020,12540,14,0.017303
2020,12580,14,-0.000746
2020,12620,14,0.006343
2020,12700,14,-0.009418
2020,12980,14,0.001843
2020,13020,14,-1e-05
2020,13380,14,0.010224
2020,13460,14,0.007887
2020,13780,14,-0.001384
2020,14260,14,0.008982
2020,14500,14,-0.026905
2020,14740,14,-0.003768
2020,14860,14,0.00307
2020,15180,14,0.004274
2020,15260,14,-0.009791
2020,15380,14,-0.007087
2020,15500,14,0.01502
2020,15540,14,-0.000437
2020,15940,14,0.000792
2020,15980,14,-0.011879
2020,16020,14,-0.00463
2020,16180,14,-0.015053
2020,16220,14,0.022211
2020,16300,14,0.003385
2020,16700,14,-0.00669
2020,16860,14,0.005139
2020,16940,14,0.004103
2020,17020,14,-0.028365
2020,17420,14,0.000224
2020,17660,14,0.00824
2020,17780,14,-0.014071
2020,17820,14,-0.005229
2020,17900,14,0.005108
2020,18020,14,0.01443
2020,18700,14,0.005842
2020,19340,14,0.000955
2020,19460,14,0.004392
2020,19500,14,0.008952
2020,19740,14,-0.021235
2020,20020,14,0.005232
2020,20100,14,0.006195
2020,20220,14,0.005865
2020,20740,14,-0.001218
2020,20940,14,-0.005076
2020,21140,14,-0.002172
2020,21300,14,0.001863
2020,21500,14,-0.003748
2020,21660,14,0.006719
2020,21820,14,-0.008381
2020,22020,14,-0.009164
2020,22140,14,0.000687
2020,22380,14,-0.007639
2020,22420,14,-0.012048
2020,22500,14,-0.001531
2020,22520,14,0.00404
2020,22540,14,0.006488
2020,22660,14,-0.013417
2020,23420,14,0.005181
2020,23460,14,-0.002345
2020,23580,14,-0.003378
2020,24020,14,-0.000151
2020,24220,14,-0.011586
2020,24300,14,9.3e-05
2020,24500,14,-0.00678
2020,24540,14,-0.00746
2020,24580,14,-0.000447
2020,24660,14,0.008023
2020,25420,14,0.004506
2020,25500,14,0.002319
2020,25540,14,0.007262
2020,25860,14,0.008214
2020,25980,14,0.022182
2020,26300,14,0.005666
2020,26380,14,-0.005525
2020,26620,14,0.015675
2020,26980,14,-0.004344
2020,27100,14,-0.007246
2020,27260,14,-0.00564
2020,27340,14,0.020767
2020,27500,14,0.000705
2020,27740,14,-3.6e-05
2020,27780,14,0.004479
2020,27860,14,-0.002493
2020,27900,14,0.011224
2020,28100,14,0.008967
2020,28420,14,0.014758
2020,28660,14,0.014274
2020,28700,14,0.005881
2020,28740,14,-0.000199
2020,29100,14,-0.002975
2020,29340,14,-0.014847
2020,29420,14,0.003043
2020,29460,14,0.001649
2020,29540,14,-0.001129
2020,29700,14,-0.001518
2020,29740,14,0.008141
2020,29820,14,-0.008017
2020,29940,14,0.00716
2020,30140,14,0.004928
2020,30300,14,0.007715
2020,30340,14,0.00562
2020,30460,14,-0.010942
2020,30620,14,-0.001651
2020,30700,14,-0.004812
2020,30780,14,-2.4e-05
2020,30860,14,0.010079
2020,31020,14,0.012311
2020,31420,14,0.005666
2020,31700,14,-0.001691
2020,31860,14,-0.002994
2020,32580,14,-0.002028
2020,32780,14,-0.001389
2020,32900,14,0.005835
2020,33140,14,0.004741
2020,33340,14,-0.001488
2020,33540,14,0.002671
2020,33700,14,-0.004655
2020,33780,14,-0.007606
2020,33860,14,0.001093
2020,34060,14,0.002859
2020,34580,14,0.000374
2020,34620,14,0.003246
2020,34740,14,-0.009224
2020,34940,14,-0.012223
2020,35300,14,0.004972
2020,35660,14,-0.001397
2020,35840,14,-0.013983
2020,35980,14,-0.003436
2020,36100,14,0.005082
2020,36220,14,0.040173
2020,36420,14,0.002551
2020,36500,14,0.008142
2020,36540,14,0.003554
2020,36740,14,-0.015835
2020,36780,14,0.004068
2020,36980,14,-0.004785
2020,37100,14,-0.000601
2020,37340,14,-0.022429
2020,37860,14,0.006317
2020,38060,14,0.005385
2020,38300,14,-0.005113
2020,38340,14,-0.004524
2020,38860,14,-0.001569
2020,38900,14,-0.009689
2020,38940,14,-0.020467
2020,39300,14,-0.006389
2020,39340,14,0.004736
2020,39380,14,-0.003785
2020,39460,14,-0.008042
2020,39540,14,-0.002043
2020,39580,14,0.004188
2020,39740,14,-0.000906
2020,39820,14,0.011838
2020,39900,14,-0.021434
2020,40140,14,0.004128
2020,40420,14,0.000872
2020,40660,14,0.007782
2020,40900,14,0.000865
2020,40980,14,0.00564
2020,41060,14,0.001896
2020,41100,14,0.016932
2020,41140,14,-0.009496
2020,41420,14,-0.005404
2020,41500,14,-0.004054
2020,41700,14,-0.002767
2020,41740,14,-0.003748
2020,41940,14,-0.02398
2020,42020,14,-0.004185
2020,42100,14,-0.011033
2020,42140,14,0.009829
2020,42220,14,-0.027435
2020,42340,14,0.002439
2020,42540,14,0.004524
2020,42680,14,-0.016566
2020,43100,14,-0.001992
2020,43620,14,0.004517
2020,43780,14,-0.000603
2020,44100,14,-0.001935
2020,44180,14,0.007484
2020,44220,14,0.002089
2020,44300,14,-0.004099
2020,44700,14,0.002369
2020,45060,14,-0.001631
2020,45220,14,0.0024
2020,45820,14,0.001063
2020,45940,14,-0.00025
2020,46060,14,0.007246
2020,46140,14,-0.002347
2020,46340,14,0.004157
2020,46540,14,-0.004299
2020,46660,14,0.014666
2020,46700,14,-0.006947
2020,47220,14,-0.001011
2020,47300,14,0.005126
2020,47940,14,0.000989
2020,48300,14,0.004706
2020,48540,14,-0.003469
2020,48660,14,-0.000688
2020,48700,14,0.002526
2020,49020,14,0.003741
2020,49420,14,0.011837
2020,49620,14,0.001882
2020,49660,14,-0.000838
2020,49740,14,0.008863
2020,10180,15,-0.006954
2020,10420,15,-0.001094
2020,10580,15,-0.004437
2020,10740,15,-0.006651
2020,10780,15,-0.019754
2020,10900,15,0.006379
2020,11020,15,-0.006785
2020,11260,15,-0.016089
2020,11460,15,-0.008067
2020,11500,15,-0.007265
2020,11540,15,0.003436
2020,11700,15,-0.010143
2020,12020,15,0.004115
2020,12100,15,0.010205
2020,12220,15,-0.000859
2020,12420,15,0.009231
2020,12540,15,0.013731
2020,12580,15,-0.013655
2020,12620,15,0.004666
2020,12700,15,-0.005026
2020,12980,15,0.004096
2020,13020,15,-0.001314
2020,13380,15,0.010798
2020,13460,15,0.019451
2020,13780,15,-0.005918
2020,14260,15,0.022373
2020,14500,15,-0.025516
2020,14740,15,-0.001252
2020,14860,15,-0.001376
2020,15180,15,0.000803
2020,15260,15,-0.009232
2020,15380,15,-0.003015
2020,15500,15,0.014482
2020,15540,15,-0.003978
2020,15940,15,-0.002936
2020,15980,15,0.005028
2020,16020,15,-0.005632
2020,16180,15,0.00125
2020,16220,15,-0.005089
2020,16300,15,0.000554
2020,16700,15,-0.001775
2020,16860,15,0.000989
2020,16940,15,-0.008842
2020,17020,15,-0.028114
2020,17420,15,0.005994
2020,17660,15,0.017091
2020,17780,15,-0.007701
2020,17820,15,-0.001162
2020,17900,15,-0.001958
2020,18020,15,0.009383
2020,18700,15,-0.001542
2020,19340,15,-0.009143
2020,19460,15,0.002236
2020,19500,15,-0.005378
2020,19740,15,-0.014445
2020,20020,15,0.001364
2020,20100,15,-0.000965
2020,20220,15,0.000268
2020,20740,15,0.000204
2020,20940,15,-0.002974
2020,21140,15,0.001285
2020,21300,15,-0.005285
2020,21500,15,-0.008184
2020,21660,15,0.002169
2020,21820,15,-0.031796
2020,22020,15,-0.006129
2020,22140,15,-0.024993
2020,22380,15,-0.009539
2020,22420,15,-0.003139
2020,22500,15,-0.017735
2020,22520,15,-0.001249
2020,22540,15,0.005335
2020,22660,15,-0.008081
2020,23420,15,0.006152
2020,23460,15,-0.006042
2020,23580,15,0.002285
2020,24020,15,-0.002292
2020,24220,15,-0.016641
2020,24300,15,-0.001255
2020,24500,15,-0.023227
2020,24540,15,0.006795
2020,24580,15,0.002172
2020,24660,15,0.000911
2020,25420,15,0.005053
2020,25500,15,-0.008417
2020,25540,15,-0.000464
2020,25860,15,0.004169
2020,25980,15,0.010188
2020,26300,15,0.004505
2020,26380,15,-0.018644
2020,26620,15,0.017821
2020,26980,15,-0.005521
2020,27100,15,0.001854
2020,27260,15,0.002232
2020,27340,15,0.014783
2020,27500,15,0.006303
2020,27740,15,0.000139
2020,27780,15,-0.003495
2020,27860,15,-0.003429
2020,27900,15,0.007466
2020,28100,15,0.002199
2020,28420,15,0.01222
2020,28660,15,0.019093
2020,28700,15,-0.004998
2020,28740,15,0.0074
2020,29100,15,-0.006126
2020,29340,15,-0.016798
2020,29420,15,0.008264
2020,29460,15,0.019182
2020,29540,15,0.004427
2020,29700,15,-0.002672
2020,29740,15,-0.004205
2020,29820,15,0.018451
2020,29940,15,0.00727
2020,30140,15,0.008378
2020,30300,15,-0.003379
2020,30340,15,0.009002
2020,30460,15,-0.006183
2020,30620,15,-0.005263
2020,30700,15,7.2e-05
2020,30780,15,-0.005131
2020,30860,15,0.011118
2020,31020,15,0.015016
2020,31420,15,-0.002222
2020,31700,15,0.0043
2020,31860,15,-2.2e-05
2020,32580,15,-0.003511
2020,32780,15,-0.000108
2020,32900,15,0.022566
2020,33140,15,0.002706
2020,33340,15,-0.003205
2020,33540,15,-0.006088
2020,33700,15,0.011112
2020,33780,15,-2.7e-05
2020,33860,15,-0.004278
2020,34060,15,-0.013761
2020,34580,15,0.003767
2020,34620,15,-0.00032
2020,34740,15,0.00117
2020,34940,15,0.004941
2020,35300,15,0.000585
2020,35660,15,-0.003153
2020,35840,15,0.00298
2020,35980,15,-0.005737
2020,36100,15,0.013034
2020,36220,15,0.038271
2020,36420,15,-0.000144
2020,36500,15,0.009791
2020,36540,15,0.00769
2020,36740,15,-0.000577
2020,36780,15,0.005305
2020,36980,15,-0.003579
2020,37100,15,-0.007185
2020,37340,15,0.000836
2020,37860,15,0.011216
2020,38060,15,0.011761
2020,38300,15,-0.004855
2020,38340,15,-0.007443
2020,38860,15,0.003212
2020,38900,15,-0.010731
2020,38940,15,0.004721
2020,39300,15,0.000357
2020,39340,15,0.006184
2020,39380,15,-0.000947
2020,39460,15,0.009612
2020,39540,15,0.003139
2020,39580,15,0.003267
2020,39740,15,0.004701
2020,39820,15,0.004843
2020,39900,15,2.7e-05
2020,40140,15,0.009629
2020,40420,15,-0.000889
2020,40660,15,0.004907
2020,40900,15,0.005305
2020,40980,15,0.005756
2020,41060,15,0.009427
2020,41100,15,0.025109
2020,41140,15,-0.007123
2020,41420,15,-0.001002
2020,41500,15,0.001453
2020,41700,15,0.003614
2020,41740,15,-0.007676
2020,41940,15,-0.023901
2020,42020,15,-0.009244
2020,42100,15,-0.01424
2020,42140,15,0.002678
2020,42220,15,-0.026504
2020,42340,15,-0.003185
2020,42540,15,0.002346
2020,42680,15,0.004812
2020,43100,15,0.001345
2020,43620,15,0.008392
2020,43780,15,0.00147
2020,44100,15,-0.015007
2020,44180,15,0.011543
2020,44220,15,0.000632
2020,44300,15,-0.00179
2020,44700,15,0.016231
2020,45060,15,-0.002438
2020,45220,15,0.000564
2020,45820,15,-0.002445
2020,45940,15,0.001188
2020,46060,15,0.005503
2020,46140,15,-0.005262
2020,46340,15,0.005477
2020,46540,15,-0.004034
2020,46660,15,0.002639
2020,46700,15,0.007037
2020,47220,15,-0.002457
2020,47300,15,0.002918
2020,47940,15,-0.007315
2020,48300,15,-0.002812
2020,48540,15,-0.019698
2020,48660,15,-0.000627
2020,48700,15,-0.004737
2020,49020,15,0.001208
2020,49420,15,0.002399
2020,49620,15,0.005839
2020,49660,15,-0.006139
2020,49740,15,0.002218
2020,10180,16,-0.008734
2020,10420,16,0.001242
2020,10580,16,-0.00479
2020,10740,16,-0.001801
2020,10780,16,-0.018458
2020,10900,16,0.008899
2020,11020,16,-0.008804
2020,11260,16,-0.009315
2020,11460,16,-0.012395
2020,11500,16,-0.008535
2020,11540,16,0.001574
2020,11700,16,-0.017225
2020,12020,16,0.00253
2020,12100,16,0.018665
2020,12220,16,-0.001172
2020,12420,16,0.00547
2020,12540,16,0.02339
2020,12580,16,-0.009269
2020,12620,16,0.004913
2020,12700,16,-0.007626
2020,12980,16,0.005499
2020,13020,16,0.001543
2020,13380,16,0.009342
2020,13460,16,0.019735
2020,13780,16,-0.006526
2020,14260,16,0.023501
2020,14500,16,-0.038459
2020,14740,16,-0.006338
2020,14860,16,0.002966
2020,15180,16,0.00245
2020,15260,16,-0.011765
2020,15380,16,-0.007397
2020,15500,16,0.016035
2020,15540,16,-0.00557
2020,15940,16,0.000452
2020,15980,16,0.004525
2020,16020,16,-0.007552
2020,16180,16,-0.000771
2020,16220,16,0.00104
2020,16300,16,0.003635
2020,16700,16,-0.006834
2020,16860,16,-0.000732
2020,16940,16,-0.007094
2020,17020,16,-0.036166
2020,17420,16,0.004629
2020,17660,16,0.018769
2020,17780,16,-0.015294
2020,17820,16,-0.004965
2020,17900,16,-0.000397
2020,18020,16,0.011846
2020,18700,16,-0.003774
2020,19340,16,-0.008535
2020,19460,16,0.002272
2020,19500,16,-0.002013
2020,19740,16,-0.026523
2020,20020,16,0.004798
2020,20100,16,0.003921
2020,20220,16,0.001713
2020,20740,16,-0.002087
2020,20940,16,-0.001932
2020,21140,16,-0.001115
2020,21300,16,-0.004766
2020,21500,16,-0.00934
2020,21660,16,0.003348
2020,21820,16,-0.033304
2020,22020,16,-0.011742
2020,22140,16,-0.021249
2020,22380,16,-0.009483
2020,22420,16,-0.00201
2020,22500,16,-0.015191
2020,22520,16,-0.000619
2020,22540,16,0.004522
2020,22660,16,-0.017035
2020,23420,16,0.013461
2020,23460,16,-0.006931
2020,23580,16,0.002072
2020,24020,16,-0.002647
2020,24220,16,-0.025875
2020,24300,16,-0.003197
2020,24500,16,-0.02532
2020,24540,16,0.001327
2020,24580,16,0.001349
2020,24660,16,0.002729
2020,25420,16,0.007253
2020,25500,16,-0.007497
2020,25540,16,0.003828
2020,25860,16,0.002174
2020,25980,16,0.015019
2020,26300,16,0.005346
2020,26380,16,-0.017586
2020,26620,16,0.021236
2020,26980,16,-0.005077
2020,27100,16,0.001197
2020,27260,16,0.00365
2020,27340,16,0.013011
2020,27500,16,0.003582
2020,27740,16,-0.001106
2020,27780,16,-0.002531
2020,27860,16,-0.00065
2020,27900,16,0.011078
2020,28100,16,0.004514
2020,28420,16,0.010212
2020,28660,16,0.022468
2020,28700,16,-0.007229
2020,28740,16,0.00717
2020,29100,16,-0.008704
2020,29340,16,-0.021018
2020,29420,16,0.014563
2020,29460,16,0.01967
2020,29540,16,0.002604
2020,29700,16,-0.000135
2020,29740,16,0.000497
2020,29820,16,0.018227
2020,29940,16,0.011337
2020,30140,16,0.008598
2020,30300,16,-0.005276
2020,30340,16,0.007876
2020,30460,16,-0.009026
2020,30620,16,-0.006541
2020,30700,16,-0.001133
2020,30780,16,-0.001446
2020,30860,16,0.006639
2020,31020,16,0.014326
2020,31420,16,0.000426
2020,31700,16,0.004336
2020,31860,16,0.000897
2020,32580,16,0.000385
2020,32780,16,0.002598
2020,32900,16,0.025929
2020,33140,16,0.002419
2020,33340,16,-0.002134
2020,33540,16,-0.004907
2020,33700,16,0.00945
2020,33780,16,0.000945
2020,33860,16,-0.000446
2020,34060,16,-0.01507
2020,34580,16,-0.000474
2020,34620,16,0.001558
2020,34740,16,-0.002866
2020,34940,16,-0.000365
2020,35300,16,0.003787
2020,35660,16,-0.003737
2020,35840,16,0.000184
2020,35980,16,-0.004342
2020,36100,16,0.019299
2020,36220,16,0.038546
2020,36420,16,0.003507
2020,36500,16,0.009621
2020,36540,16,0.009092
2020,36740,16,-0.002203
2020,36780,16,0.004299
2020,36980,16,-0.005927
2020,37100,16,-0.004463
2020,37340,16,-0.009358
2020,37860,16,0.012699
2020,38060,16,0.017573
2020,38300,16,-0.006542
2020,38340,16,-0.011726
2020,38860,16,0.001153
2020,38900,16,-0.018743
2020,38940,16,-0.002688
2020,39300,16,-0.000422
2020,39340,16,0.008246
2020,39380,16,-0.005674
2020,39460,16,0.008962
2020,39540,16,0.001548
2020,39580,16,0.004358
2020,39740,16,0.004183
2020,39820,16,0.014294
2020,39900,16,-0.004604
2020,40140,16,0.012146
2020,40420,16,0.000538
2020,40660,16,0.006626
2020,40900,16,0.009089
2020,40980,16,0.010066
2020,41060,16,0.011327
2020,41100,16,0.034134
2020,41140,16,-0.011936
2020,41420,16,-0.007284
2020,41500,16,0.003511
2020,41700,16,0.000864
2020,41740,16,-0.005303
2020,41940,16,-0.036013
2020,42020,16,-0.008003
2020,42100,16,-0.018286
2020,42140,16,0.005548
2020,42220,16,-0.032835
2020,42340,16,0.000652
2020,42540,16,0.003726
2020,42680,16,-0.000649
2020,43100,16,-0.002336
2020,43620,16,0.010042
2020,43780,16,-0.00078
2020,44100,16,-0.014477
2020,44180,16,0.012766
2020,44220,16,0.001608
2020,44300,16,-0.006861
2020,44700,16,0.019241
2020,45060,16,-0.002449
2020,45220,16,0.00269
2020,45820,16,-0.000785
2020,45940,16,0.005812
2020,46060,16,0.012563
2020,46140,16,-0.00307
2020,46340,16,0.007618
2020,46540,16,-0.007762
2020,46660,16,0.007288
2020,46700,16,0.004011
2020,47220,16,-0.000213
2020,47300,16,0.009084
2020,47940,16,-0.005288
2020,48300,16,-0.00486
2020,48540,16,-0.021798
2020,48660,16,-0.001064
2020,48700,16,-0.005509
2020,49020,16,0.007563
2020,49420,16,0.000564
2020,49620,16,0.00757
2020,49660,16,-0.003625
2020,49740,16,0.01173
2020,10180,17,-0.006521
2020,10420,17,0.000274
2020,10580,17,-0.003874
2020,10740,17,0.002074
2020,10780,17,-0.014397
2020,10900,17,0.003574
2020,11020,17,-0.005345
2020,11260,17,0.002307
2020,11460,17,-0.014886
2020,11500,17,-0.007432
2020,11540,17,0.001784
2020,11700,17,-0.012337
2020,12020,17,0.000703
2020,12100,17,0.014742
2020,12220,17,-0.004366
2020,12420,17,0.004471
2020,12540,17,0.018691
2020,12580,17,-0.005681
2020,12620,17,0.005568
2020,12700,17,-0.008894
2020,12980,17,0.002931
2020,13020,17,-2e-06
2020,13380,17,0.010665
2020,13460,17,0.014652
2020,13780,17,-0.004002
2020,14260,17,0.016215
2020,14500,17,-0.029415
2020,14740,17,-0.003917
2020,14860,17,0.002389
2020,15180,17,0.002865
2020,15260,17,-0.010646
2020,15380,17,-0.006488
2020,15500,17,0.014953
2020,15540,17,-0.002328
2020,15940,17,0.000267
2020,15980,17,-0.003083
2020,16020,17,-0.007452
2020,16180,17,-0.00781
2020,16220,17,0.012855
2020,16300,17,0.003007
2020,16700,17,-0.005441
2020,16860,17,0.002228
2020,16940,17,-0.001156
2020,17020,17,-0.035863
2020,17420,17,0.002143
2020,17660,17,0.013775
2020,17780,17,-0.012874
2020,17820,17,-0.004719
2020,17900,17,0.002365
2020,18020,17,0.013932
2020,18700,17,0.001117
2020,19340,17,-0.003229
2020,19460,17,0.003531
2020,19500,17,0.004062
2020,19740,17,-0.021529
2020,20020,17,0.004876
2020,20100,17,0.005141
2020,20220,17,0.003947
2020,20740,17,-0.000691
2020,20940,17,-0.004242
2020,21140,17,-0.001436
2020,21300,17,-0.001332
2020,21500,17,-0.005998
2020,21660,17,0.004926
2020,21820,17,-0.020249
2020,22020,17,-0.008604
2020,22140,17,-0.010786
2020,22380,17,-0.008751
2020,22420,17,-0.007596
2020,22500,17,-0.007932
2020,22520,17,0.001891
2020,22540,17,0.006001
2020,22660,17,-0.013125
2020,23420,17,0.00811
2020,23460,17,-0.004765
2020,23580,17,-0.000465
2020,24020,17,-0.000811
2020,24220,17,-0.017212
2020,24300,17,-0.001407
2020,24500,17,-0.015677
2020,24540,17,-0.00179
2020,24580,17,0.00074
2020,24660,17,0.004994
2020,25420,17,0.006283
2020,25500,17,-0.00301
2020,25540,17,0.005297
2020,25860,17,0.00393
2020,25980,17,0.019536
2020,26300,17,0.004841
2020,26380,17,-0.011344
2020,26620,17,0.018565
2020,26980,17,-0.004474
2020,27100,17,-0.004297
2020,27260,17,-0.001048
2020,27340,17,0.016635
2020,27500,17,0.002266
2020,27740,17,-0.000868
2020,27780,17,0.001251
2020,27860,17,-0.001827
2020,27900,17,0.010743
2020,28100,17,0.006944
2020,28420,17,0.013299
2020,28660,17,0.01779
2020,28700,17,-0.001473
2020,28740,17,0.002891
2020,29100,17,-0.004979
2020,29340,17,-0.016995
2020,29420,17,0.00742
2020,29460,17,0.009349
2020,29540,17,0.000384
2020,29700,17,-0.001157
2020,29740,17,0.003781
2020,29820,17,0.003461
2020,29940,17,0.009605
2020,30140,17,0.006145
2020,30300,17,-4e-05
2020,30340,17,0.007118
2020,30460,17,-0.009343
2020,30620,17,-0.003873
2020,30700,17,-0.002176
2020,30780,17,-0.001462
2020,30860,17,0.007978
2020,31020,17,0.013066
2020,31420,17,0.002119
2020,31700,17,0.001214
2020,31860,17,-0.001453
2020,32580,17,-0.001285
2020,32780,17,-6.3e-05
2020,32900,17,0.014403
2020,33140,17,0.003841
2020,33340,17,-0.001446
2020,33540,17,-0.000997
2020,33700,17,0.000832
2020,33780,17,-0.004713
2020,33860,17,-0.000161
2020,34060,17,-0.005738
2020,34580,17,0.000502
2020,34620,17,0.002043
2020,34740,17,-0.006727
2020,34940,17,-0.005107
2020,35300,17,0.003752
2020,35660,17,-0.002912
2020,35840,17,-0.006002
2020,35980,17,-0.004232
2020,36100,17,0.011034
2020,36220,17,0.040043
2020,36420,17,0.00265
2020,36500,17,0.009039
2020,36540,17,0.006388
2020,36740,17,-0.009522
2020,36780,17,0.004606
2020,36980,17,-0.005004
2020,37100,17,-0.002885
2020,37340,17,-0.015753
2020,37860,17,0.008952
2020,38060,17,0.010222
2020,38300,17,-0.005461
2020,38340,17,-0.007622
2020,38860,17,0.000439
2020,38900,17,-0.011816
2020,38940,17,-0.01132
2020,39300,17,-0.003636
2020,39340,17,0.006673
2020,39380,17,-0.004668
2020,39460,17,0.000691
2020,39540,17,-0.000433
2020,39580,17,0.005074
2020,39740,17,0.000683
2020,39820,17,0.011073
2020,39900,17,-0.012464
2020,40140,17,0.007524
2020,40420,17,0.000721
2020,40660,17,0.006369
2020,40900,17,0.004371
2020,40980,17,0.006971
2020,41060,17,0.004578
2020,41100,17,0.023992
2020,41140,17,-0.011567
2020,41420,17,-0.005815
2020,41500,17,-0.001008
2020,41700,17,-0.001034
2020,41740,17,-0.004613
2020,41940,17,-0.027037
2020,42020,17,-0.006166
2020,42100,17,-0.01369
2020,42140,17,0.006752
2020,42220,17,-0.027882
2020,42340,17,0.001634
2020,42540,17,0.003718
2020,42680,17,-0.008573
2020,43100,17,-0.002179
2020,43620,17,0.007991
2020,43780,17,-0.000196
2020,44100,17,-0.007194
2020,44180,17,0.009614
2020,44220,17,0.001506
2020,44300,17,-0.005029
2020,44700,17,0.009714
2020,45060,17,-0.001741
2020,45220,17,0.00203
2020,45820,17,2.6e-05
2020,45940,17,0.001859
2020,46060,17,0.008234
2020,46140,17,-0.002892
2020,46340,17,0.005236
2020,46540,17,-0.005347
2020,46660,17,0.011164
2020,46700,17,-0.001934
2020,47220,17,-0.000901
2020,47300,17,0.006145
2020,47940,17,-0.002247
2020,48300,17,0.001423
2020,48540,17,-0.012013
2020,48660,17,-0.002572
2020,48700,17,-0.000881
2020,49020,17,0.004018
2020,49420,17,0.006984
2020,49620,17,0.003812
2020,49660,17,-0.002305
2020,49740,17,0.008648
2020,10180,18,-0.007091
2020,10420,18,9.9e-05
2020,10580,18,-0.003834
2020,10740,18,-0.00055
2020,10780,18,-0.01531
2020,10900,18,0.004369
2020,11020,18,-0.006383
2020,11260,18,-0.002441
2020,11460,18,-0.01367
2020,11500,18,-0.007675
2020,11540,18,0.001599
2020,11700,18,-0.013864
2020,12020,18,-0.000115
2020,12100,18,0.016496
2020,12220,18,-0.00316
2020,12420,18,0.006463
2020,12540,18,0.019323
2020,12580,18,-0.007829
2020,12620,18,0.004993
2020,12700,18,-0.008166
2020,12980,18,0.003258
2020,13020,18,0.000358
2020,13380,18,0.009099
2020,13460,18,0.016656
2020,13780,18,-0.00414
2020,14260,18,0.017575
2020,14500,18,-0.028242
2020,14740,18,-0.004974
2020,14860,18,0.002394
2020,15180,18,0.00251
2020,15260,18,-0.010679
2020,15380,18,-0.00678
2020,15500,18,0.013806
2020,15540,18,-0.003607
2020,15940,18,-0.00015
2020,15980,18,0.002695
2020,16020,18,-0.006672
2020,16180,18,-0.00384
2020,16220,18,0.009784
2020,16300,18,0.00231
2020,16700,18,-0.005017
2020,16860,18,0.000119
2020,16940,18,-0.004064
2020,17020,18,-0.040572
2020,17420,18,0.002629
2020,17660,18,0.014766
2020,17780,18,-0.011411
2020,17820,18,-0.004631
2020,17900,18,0.000754
2020,18020,18,0.012764
2020,18700,18,-0.002868
2020,19340,18,-0.005017
2020,19460,18,0.003087
2020,19500,18,0.00203
2020,19740,18,-0.020273
2020,20020,18,0.004804
2020,20100,18,0.00483
2020,20220,18,0.002466
2020,20740,18,-0.000623
2020,20940,18,-0.002855
2020,21140,18,-0.001653
2020,21300,18,-0.001876
2020,21500,18,-0.00615
2020,21660,18,0.002185
2020,21820,18,-0.024228
2020,22020,18,-0.007292
2020,22140,18,-0.014341
2020,22380,18,-0.00887
2020,22420,18,-0.005087
2020,22500,18,-0.010096
2020,22520,18,0.000386
2020,22540,18,0.005697
2020,22660,18,-0.012087
2020,23420,18,0.009408
2020,23460,18,-0.005321
2020,23580,18,0.000599
2020,24020,18,-0.000501
2020,24220,18,-0.018261
2020,24300,18,-0.002067
2020,24500,18,-0.018892
2020,24540,18,0.00073
2020,24580,18,0.001224
2020,24660,18,0.00316
2020,25420,18,0.006561
2020,25500,18,-0.005855
2020,25540,18,0.004286
2020,25860,18,0.001449
2020,25980,18,0.019539
2020,26300,18,0.004551
2020,26380,18,-0.012822
2020,26620,18,0.018893
2020,26980,18,-0.00477
2020,27100,18,-0.002456
2020,27260,18,0.000497
2020,27340,18,0.014544
2020,27500,18,0.002243
2020,27740,18,-0.001141
2020,27780,18,8.2e-05
2020,27860,18,-0.001103
2020,27900,18,0.009762
2020,28100,18,0.006096
2020,28420,18,0.01035
2020,28660,18,0.018224
2020,28700,18,-0.00462
2020,28740,18,0.004327
2020,29100,18,-0.005928
2020,29340,18,-0.01676
2020,29420,18,0.008873
2020,29460,18,0.010971
2020,29540,18,0.000579
2020,29700,18,-0.000668
2020,29740,18,0.002363
2020,29820,18,0.010194
2020,29940,18,0.010279
2020,30140,18,0.005931
2020,30300,18,-0.003952
2020,30340,18,0.0072
2020,30460,18,-0.00812
2020,30620,18,-0.004484
2020,30700,18,-0.001155
2020,30780,18,-0.001817
2020,30860,18,0.005678
2020,31020,18,0.010043
2020,31420,18,0.000566
2020,31700,18,0.002051
2020,31860,18,-0.001109
2020,32580,18,-0.000896
2020,32780,18,0.000118
2020,32900,18,0.019208
2020,33140,18,0.003091
2020,33340,18,-0.001441
2020,33540,18,-0.003215
2020,33700,18,0.005469
2020,33780,18,-0.002859
2020,33860,18,-0.00026
2020,34060,18,-0.009996
2020,34580,18,-0.001119
2020,34620,18,0.002239
2020,34740,18,-0.005775
2020,34940,18,0.000542
2020,35300,18,0.003301
2020,35660,18,-0.003872
2020,35840,18,-0.000899
2020,35980,18,-0.003681
2020,36100,18,0.012149
2020,36220,18,0.037742
2020,36420,18,0.002343
2020,36500,18,0.007532
2020,36540,18,0.00669
2020,36740,18,-0.006687
2020,36780,18,0.004893
2020,36980,18,-0.005134
2020,37100,18,-0.003137
2020,37340,18,-0.011884
2020,37860,18,0.008969
2020,38060,18,0.011717
2020,38300,18,-0.005969
2020,38340,18,-0.008127
2020,38860,18,0.000915
2020,38900,18,-0.01214
2020,38940,18,-0.005959
2020,39300,18,-0.00257
2020,39340,18,0.00609
2020,39380,18,-0.005416
2020,39460,18,0.005164
2020,39540,18,0.000223
2020,39580,18,0.004435
2020,39740,18,0.001219
2020,39820,18,0.00967
2020,39900,18,-0.006206
2020,40140,18,0.009884
2020,40420,18,0.001145
2020,40660,18,0.004754
2020,40900,18,0.006238
2020,40980,18,0.007518
2020,41060,18,0.005727
2020,41100,18,0.025198
2020,41140,18,-0.010444
2020,41420,18,-0.007598
2020,41500,18,0.00164
2020,41700,18,-0.001659
2020,41740,18,-0.004362
2020,41940,18,-0.024819
2020,42020,18,-0.006305
2020,42100,18,-0.013418
2020,42140,18,0.004899
2020,42220,18,-0.024411
2020,42340,18,0.00062
2020,42540,18,0.003062
2020,42680,18,-0.004224
2020,43100,18,-0.001576
2020,43620,18,0.008298
2020,43780,18,-9.8e-05
2020,44100,18,-0.008844
2020,44180,18,0.009468
2020,44220,18,0.000916
2020,44300,18,-0.005806
2020,44700,18,0.01401
2020,45060,18,-0.001875
2020,45220,18,0.001491
2020,45820,18,-0.000609
2020,45940,18,0.002939
2020,46060,18,0.008306
2020,46140,18,-0.002866
2020,46340,18,0.00488
2020,46540,18,-0.005757
2020,46660,18,0.009788
2020,46700,18,0.002622
2020,47220,18,-8e-05
2020,47300,18,0.006632
2020,47940,18,-0.003558
2020,48300,18,-0.001679
2020,48540,18,-0.01526
2020,48660,18,-0.002578
2020,48700,18,-0.002634
2020,49020,18,0.0036
2020,49420,18,0.00337
2020,49620,18,0.004197
2020,49660,18,-0.002759
2020,49740,18,0.00803
2020,10180,19,-0.00697
2020,10420,19,-0.000752
2020,10580,19,-0.003885
2020,10740,19,-0.003464
2020,10780,19,-0.017749
2020,10900,19,0.004734
2020,11020,19,-0.006449
2020,11260,19,-0.009267
2020,11460,19,-0.010722
2020,11500,19,-0.007019
2020,11540,19,0.002981
2020,11700,19,-0.011617
2020,12020,19,0.001828
2020,12100,19,0.01304
2020,12220,19,-0.00217
2020,12420,19,0.00741
2020,12540,19,0.016251
2020,12580,19,-0.011149
2020,12620,19,0.005143
2020,12700,19,-0.007252
2020,12980,19,0.003037
2020,13020,19,-0.000282
2020,13380,19,0.009965
2020,13460,19,0.017297
2020,13780,19,-0.004798
2020,14260,19,0.019003
2020,14500,19,-0.025856
2020,14740,19,-0.003095
2020,14860,19,0.000228
2020,15180,19,0.002124
2020,15260,19,-0.009989
2020,15380,19,-0.004923
2020,15500,19,0.014979
2020,15540,19,-0.003495
2020,15940,19,-0.002188
2020,15980,19,0.003243
2020,16020,19,-0.007366
2020,16180,19,-0.001997
2020,16220,19,0.002766
2020,16300,19,0.001562
2020,16700,19,-0.003603
2020,16860,19,0.001187
2020,16940,19,-0.006584
2020,17020,19,-0.031406
2020,17420,19,0.004509
2020,17660,19,0.014993
2020,17780,19,-0.008942
2020,17820,19,-0.002345
2020,17900,19,-0.000422
2020,18020,19,0.01077
2020,18700,19,-0.002151
2020,19340,19,-0.006806
2020,19460,19,0.003129
2020,19500,19,-0.000868
2020,19740,19,-0.016579
2020,20020,19,0.002446
2020,20100,19,0.00173
2020,20220,19,0.00139
2020,20740,19,0.000157
2020,20940,19,-0.00292
2020,21140,19,-8.7e-05
2020,21300,19,-0.004054
2020,21500,19,-0.007124
2020,21660,19,0.001493
2020,21820,19,-0.027441
2020,22020,19,-0.005519
2020,22140,19,-0.018555
2020,22380,19,-0.009519
2020,22420,19,-0.005232
2020,22500,19,-0.013779
2020,22520,19,-6.5e-05
2020,22540,19,0.006647
2020,22660,19,-0.00956
2020,23420,19,0.006665
2020,23460,19,-0.004996
2020,23580,19,0.000927
2020,24020,19,-0.000873
2020,24220,19,-0.015331
2020,24300,19,-0.000842
2020,24500,19,-0.02001
2020,24540,19,0.003491
2020,24580,19,0.001919
2020,24660,19,0.00234
2020,25420,19,0.005672
2020,25500,19,-0.006498
2020,25540,19,0.002102
2020,25860,19,0.003276
2020,25980,19,0.015864
2020,26300,19,0.00542
2020,26380,19,-0.015474
2020,26620,19,0.018228
2020,26980,19,-0.004792
2020,27100,19,-0.001471
2020,27260,19,3.7e-05
2020,27340,19,0.017722
2020,27500,19,0.004805
2020,27740,19,-0.000655
2020,27780,19,-0.001186
2020,27860,19,-0.002245
2020,27900,19,0.008899
2020,28100,19,0.004717
2020,28420,19,0.011867
2020,28660,19,0.018622
2020,28700,19,-0.00453
2020,28740,19,0.00625
2020,29100,19,-0.00576
2020,29340,19,-0.016039
2020,29420,19,0.007075
2020,29460,19,0.014208
2020,29540,19,0.002258
2020,29700,19,-0.002069
2020,29740,19,-1.9e-05
2020,29820,19,0.014285
2020,29940,19,0.008469
2020,30140,19,0.007792
2020,30300,19,-0.00355
2020,30340,19,0.008845
2020,30460,19,-0.00727
2020,30620,19,-0.004632
2020,30700,19,-0.000635
2020,30780,19,-0.003519
2020,30860,19,0.009643
2020,31020,19,0.011895
2020,31420,19,-0.00044
2020,31700,19,0.0024
2020,31860,19,-0.000781
2020,32580,19,-0.002854
2020,32780,19,-0.000924
2020,32900,19,0.021029
2020,33140,19,0.003586
2020,33340,19,-0.002509
2020,33540,19,-0.004484
2020,33700,19,0.008378
2020,33780,19,-0.002875
2020,33860,19,-0.002755
2020,34060,19,-0.011117
2020,34580,19,0.001383
2020,34620,19,0.000466
2020,34740,19,-0.003361
2020,34940,19,0.003263
2020,35300,19,0.002154
2020,35660,19,-0.003897
2020,35840,19,0.000425
2020,35980,19,-0.005026
2020,36100,19,0.010918
2020,36220,19,0.039619
2020,36420,19,0.000251
2020,36500,19,0.008659
2020,36540,19,0.006916
2020,36740,19,-0.004496
2020,36780,19,0.005479
2020,36980,19,-0.004723
2020,37100,19,-0.005014
2020,37340,19,-0.005268
2020,37860,19,0.009374
2020,38060,19,0.010589
2020,38300,19,-0.006198
2020,38340,19,-0.006669
2020,38860,19,0.001869
2020,38900,19,-0.010891
2020,38940,19,-0.000888
2020,39300,19,-0.00164
2020,39340,19,0.005429
2020,39380,19,-0.002367
2020,39460,19,0.006415
2020,39540,19,0.00226
2020,39580,19,0.003169
2020,39740,19,0.002629
2020,39820,19,0.005819
2020,39900,19,-0.003478
2020,40140,19,0.010115
2020,40420,19,0.000647
2020,40660,19,0.005457
2020,40900,19,0.005196
2020,40980,19,0.006109
2020,41060,19,0.005895
2020,41100,19,0.023839
2020,41140,19,-0.008799
2020,41420,19,-0.004181
2020,41500,19,0.001145
2020,41700,19,0.000665
2020,41740,19,-0.006457
2020,41940,19,-0.022655
2020,42020,19,-0.00787
2020,42100,19,-0.013403
2020,42140,19,0.004394
2020,42220,19,-0.02466
2020,42340,19,-0.002325
2020,42540,19,0.002955
2020,42680,19,-0.000169
2020,43100,19,0.000215
2020,43620,19,0.007902
2020,43780,19,0.001157
2020,44100,19,-0.011419
2020,44180,19,0.01058
2020,44220,19,0.001239
2020,44300,19,-0.003628
2020,44700,19,0.01493
2020,45060,19,-0.002172
2020,45220,19,0.000629
2020,45820,19,-0.001389
2020,45940,19,0.001578
2020,46060,19,0.006118
2020,46140,19,-0.004675
2020,46340,19,0.004819
2020,46540,19,-0.004234
2020,46660,19,0.007221
2020,46700,19,0.005699
2020,47220,19,-0.001496
2020,47300,19,0.004136
2020,47940,19,-0.005425
2020,48300,19,-0.00263
2020,48540,19,-0.016725
2020,48660,19,-0.002243
2020,48700,19,-0.003028
2020,49020,19,0.001979
2020,49420,19,0.003871
2020,49620,19,0.004457
2020,49660,19,-0.004749
2020,49740,19,0.004343
2022,10180,0,0.003925
2022,10420,0,-0.000892
2022,10580,0,0.001332
2022,10740,0,-0.009526
2022,10780,0,-0.012019
2022,10900,0,0.013743
2022,11260,0,-0.007692
2022,11460,0,-0.020915
2022,11500,0,-0.008986
2022,11540,0,-0.00231
2022,11700,0,-0.010236
2022,12020,0,-0.006098
2022,12100,0,0.027029
2022,12220,0,-0.005448
2022,12420,0,0.045768
2022,12540,0,0.019978
2022,12580,0,-0.015694
2022,12620,0,0.002511
2022,12700,0,0.017793
2022,12980,0,0.009786
2022,13020,0,0.004736
2022,13380,0,-0.003028
2022,13460,0,0.046014
2022,13780,0,-0.007904
2022,14260,0,0.032211
2022,14500,0,-0.035589
2022,14740,0,-0.017078
2022,14860,0,0.00704
2022,15180,0,0.013122
2022,15260,0,-0.013771
2022,15380,0,-0.007947
2022,15500,0,0.00889
2022,15540,0,-0.009705
2022,15940,0,0.002218
2022,15980,0,0.041375
2022,16180,0,-0.012273
2022,16220,0,-0.035543
2022,16300,0,-0.007069
2022,16700,0,-0.008208
2022,16860,0,-0.003447
2022,16940,0,-0.02913
2022,17020,0,-0.031192
2022,17420,0,0.014353
2022,17660,0,0.046211
2022,17780,0,0.004838
2022,17820,0,-0.017785
2022,17900,0,-0.005858
2022,18020,0,0.005199
2022,18700,0,0.001402
2022,19340,0,-0.009135
2022,19460,0,0.012864
2022,19500,0,-0.012256
2022,19740,0,-0.028656
2022,20020,0,-0.004225
2022,20100,0,-0.000229
2022,20220,0,-0.015328
2022,20740,0,0.002791
2022,20940,0,0.003111
2022,21140,0,0.000395
2022,21300,0,-0.024579
2022,21500,0,-0.000993
2022,21660,0,-0.000733
2022,21820,0,-0.00452
2022,22020,0,-0.006487
2022,22140,0,-0.01656
2022,22380,0,-0.002022
2022,22420,0,-0.000236
2022,22500,0,-0.021317
2022,22520,0,0.004807
2022,22540,0,0.004254
2022,22660,0,-0.02589
2022,23420,0,0.007734
2022,23460,0,-0.001382
2022,23580,0,0.010671
2022,24020,0,-0.00371
2022,24220,0,-0.019757
2022,24300,0,-0.008061
2022,24500,0,-0.01307
2022,24540,0,-0.009793
2022,24580,0,0.002791
2022,24660,0,-0.00957
2022,25420,0,0.00512
2022,25500,0,-0.014331
2022,25540,0,-0.004637
2022,25860,0,-0.007385
2022,25980,0,0.017057
2022,26300,0,0.007479
2022,26380,0,-0.018054
2022,26620,0,0.024057
2022,26980,0,-0.00134
2022,27060,0,0.000315
2022,27100,0,-0.004657
2022,27260,0,0.006201
2022,27340,0,-0.000755
2022,27500,0,0.00214
2022,27740,0,0.002406
2022,27780,0,-0.0161
2022,27860,0,-0.00233
2022,27900,0,0.016544
2022,28100,0,-0.001443
2022,28420,0,-0.006155
2022,28660,0,0.034019
2022,28700,0,0.001626
2022,28740,0,0.028236
2022,29100,0,-0.011949
2022,29340,0,-0.083618
2022,29420,0,0.018634
2022,29460,0,0.01829
2022,29540,0,0.001334
2022,29700,0,-0.013166
2022,29740,0,-0.00233
2022,29820,0,-0.015081
2022,29940,0,0.006754
2022,30140,0,0.00547
2022,30300,0,0.005547
2022,30340,0,-0.000406
2022,30460,0,-0.01244
2022,30620,0,0.003746
2022,30700,0,-0.000781
2022,30780,0,0.005746
2022,30860,0,0.034726
2022,31020,0,-0.002123
2022,31420,0,-0.012941
2022,31700,0,-0.006411
2022,31860,0,-0.010338
2022,32580,0,0.006012
2022,32780,0,0.0056
2022,32900,0,0.029377
2022,33140,0,0.003587
2022,33340,0,-0.008105
2022,33540,0,0.01706
2022,33700,0,0.007918
2022,33780,0,0.004234
2022,33860,0,-0.008117
2022,34060,0,-0.016062
2022,34580,0,-0.000511
2022,34620,0,0.01312
2022,34740,0,0.007158
2022,34940,0,0.037235
2022,35300,0,0.001138
2022,35660,0,-0.006061
2022,35840,0,0.03166
2022,35980,0,0.002926
2022,36100,0,0.012707
2022,36220,0,-0.081398
2022,36420,0,0.006645
2022,36500,0,0.007098
2022,36540,0,-0.005392
2022,36740,0,-0.018387
2022,36780,0,-0.004172
2022,36980,0,-0.018716
2022,37100,0,-0.004907
2022,37340,0,0.00362
2022,37860,0,-0.00189
2022,38060,0,0.015792
2022,38300,0,-0.016284
2022,38340,0,-0.00058
2022,38860,0,0.000418
2022,38900,0,-0.008477
2022,38940,0,0.029542
2022,39300,0,-0.010913
2022,39340,0,0.030508
2022,39380,0,-0.009487
2022,39460,0,0.045575
2022,39540,0,-0.007877
2022,39580,0,0.003321
2022,39740,0,0.005283
2022,39820,0,0.004727
2022,39900,0,-0.000842
2022,40140,0,0.021932
2022,40420,0,0.006545
2022,40660,0,-0.007006
2022,40900,0,0.006576
2022,40980,0,0.007592
2022,41060,0,0.007464
2022,41100,0,0.066641
2022,41140,0,-0.005026
2022,41420,0,-0.003907
2022,41500,0,-0.001845
2022,41700,0,0.009756
2022,41740,0,-0.003968
2022,41940,0,-0.049998
2022,42020,0,0.001699
2022,42100,0,-0.012652
2022,42140,0,-0.018975
2022,42220,0,-0.022908
2022,42340,0,-0.00377
2022,42540,0,0.009088
2022,42680,0,0.013598
2022,43100,0,-0.004414
2022,43620,0,0.008433
2022,43780,0,0.000682
2022,44100,0,-0.009169
2022,44180,0,0.022678
2022,44220,0,0.00629
2022,44300,0,-0.019649
2022,44700,0,0.025554
2022,45060,0,-0.003893
2022,45220,0,-0.014309
2022,45820,0,0.004254
2022,45940,0,0.003563
2022,46060,0,0.000141
2022,46140,0,0.009899
2022,46340,0,0.019891
2022,46540,0,-0.008571
2022,46660,0,-0.006243
2022,46700,0,-0.004412
2022,47220,0,0.022255
2022,47300,0,0.013408
2022,47940,0,-0.01131
2022,48300,0,-0.00114
2022,48540,0,-0.041516
2022,48660,0,0.014914
2022,48700,0,-0.006307
2022,49020,0,0.011464
2022,49420,0,-0.015609
2022,49620,0,0.007969
2022,49660,0,0.006971
2022,49740,0,0.021148
2022,10180,1,0.004382
2022,10420,1,-0.001773
2022,10580,1,0.001035
2022,10740,1,-0.012933
2022,10780,1,-0.016539
2022,10900,1,0.01548
2022,11260,1,-0.013952
2022,11460,1,-0.021844
2022,11500,1,-0.010207
2022,11540,1,-0.00132
2022,11700,1,-0.009886
2022,12020,1,-0.006627
2022,12100,1,0.034407
2022,12220,1,-0.000229
2022,12420,1,0.05598
2022,12540,1,0.021232
2022,12580,1,-0.017412
2022,12620,1,0.000564
2022,12700,1,0.020014
2022,12980,1,0.010918
2022,13020,1,0.006298
2022,13380,1,-0.00241
2022,13460,1,0.052102
2022,13780,1,-0.007409
2022,14260,1,0.039304
2022,14500,1,-0.039223
2022,14740,1,-0.012624
2022,14860,1,0.006114
2022,15180,1,0.012087
2022,15260,1,-0.018928
2022,15380,1,-0.006748
2022,15500,1,0.009171
2022,15540,1,-0.011768
2022,15940,1,0.002525
2022,15980,1,0.044824
2022,16180,1,-0.006712
2022,16220,1,-0.040504
2022,16300,1,-0.00672
2022,16700,1,-0.007349
2022,16860,1,-0.005271
2022,16940,1,-0.032971
2022,17020,1,-0.038186
2022,17420,1,0.013495
2022,17660,1,0.053767
2022,17780,1,0.004064
2022,17820,1,-0.01691
2022,17900,1,-0.00902
2022,18020,1,0.002317
2022,18700,1,-0.00143
2022,19340,1,-0.011532
2022,19460,1,0.014441
2022,19500,1,-0.014652
2022,19740,1,-0.031949
2022,20020,1,-0.006941
2022,20100,1,0.002737
2022,20220,1,-0.015609
2022,20740,1,0.003914
2022,20940,1,0.001611
2022,21140,1,0.000123
2022,21300,1,-0.028162
2022,21500,1,-0.003199
2022,21660,1,0.000675
2022,21820,1,-0.014333
2022,22020,1,-0.007332
2022,22140,1,-0.025468
2022,22380,1,0.001383
2022,22420,1,0.001118
2022,22500,1,-0.027505
2022,22520,1,0.00255
2022,22540,1,0.002739
2022,22660,1,-0.029877
2022,23420,1,0.009838
2022,23460,1,-0.003217
2022,23580,1,0.00918
2022,24020,1,-0.002819
2022,24220,1,-0.020583
2022,24300,1,-0.008056
2022,24500,1,-0.016863
2022,24540,1,-0.011969
2022,24580,1,0.003761
2022,24660,1,-0.010538
2022,25420,1,0.005187
2022,25500,1,-0.017197
2022,25540,1,-0.007106
2022,25860,1,-0.011485
2022,25980,1,0.017248
2022,26300,1,0.007388
2022,26380,1,-0.024402
2022,26620,1,0.030214
2022,26980,1,-0.00454
2022,27060,1,-0.00013
2022,27100,1,-0.003936
2022,27260,1,0.012093
2022,27340,1,0.00299
2022,27500,1,0.002151
2022,27740,1,0.002044
2022,27780,1,-0.018473
2022,27860,1,-0.002893
2022,27900,1,0.017439
2022,28100,1,-0.003906
2022,28420,1,-0.006837
2022,28660,1,0.039063
2022,28700,1,-0.002739
2022,28740,1,0.032248
2022,29100,1,-0.012146
2022,29340,1,-0.073939
2022,29420,1,0.021758
2022,29460,1,0.021517
2022,29540,1,0.00046
2022,29700,1,-0.018028
2022,29740,1,-0.004353
2022,29820,1,-0.012462
2022,29940,1,0.004645
2022,30140,1,0.005303
2022,30300,1,0.003582
2022,30340,1,0.002647
2022,30460,1,-0.014563
2022,30620,1,0.0031
2022,30700,1,0.001135
2022,30780,1,0.00441
2022,30860,1,0.035317
2022,31020,1,-0.000608
2022,31420,1,-0.014521
2022,31700,1,-0.006535
2022,31860,1,-0.009225
2022,32580,1,0.00454
2022,32780,1,0.007845
2022,32900,1,0.03006
2022,33140,1,0.004544
2022,33340,1,-0.008429
2022,33540,1,0.015768
2022,33700,1,0.009153
2022,33780,1,0.005171
2022,33860,1,-0.008371
2022,34060,1,-0.024656
2022,34580,1,3.1e-05
2022,34620,1,0.010654
2022,34740,1,0.008346
2022,34940,1,0.038894
2022,35300,1,0.000553
2022,35660,1,-0.005952
2022,35840,1,0.034411
2022,35980,1,0.002485
2022,36100,1,0.01909
2022,36220,1,-0.0776
2022,36420,1,0.006027
2022,36500,1,0.010718
2022,36540,1,-0.001882
2022,36740,1,-0.012615
2022,36780,1,-0.004331
2022,36980,1,-0.020549
2022,37100,1,-0.007717
2022,37340,1,0.0066
2022,37860,1,0.003255
2022,38060,1,0.017847
2022,38300,1,-0.017252
2022,38340,1,-0.000548
2022,38860,1,0.001603
2022,38900,1,-0.007355
2022,38940,1,0.031782
2022,39300,1,-0.009357
2022,39340,1,0.033518
2022,39380,1,-0.011313
2022,39460,1,0.048918
2022,39540,1,-0.007247
2022,39580,1,0.005096
2022,39740,1,0.00594
2022,39820,1,0.00537
2022,39900,1,0.004444
2022,40140,1,0.021513
2022,40420,1,0.008697
2022,40660,1,-0.007598
2022,40900,1,0.008887
2022,40980,1,0.007612
2022,41060,1,0.006703
2022,41100,1,0.070157
2022,41140,1,-0.007824
2022,41420,1,-0.003796
2022,41500,1,-0.000659
2022,41700,1,0.009013
2022,41740,1,-0.005627
2022,41940,1,-0.051801
2022,42020,1,-0.00248
2022,42100,1,-0.016092
2022,42140,1,-0.018284
2022,42220,1,-0.027453
2022,42340,1,-0.002372
2022,42540,1,0.008982
2022,42680,1,0.014861
2022,43100,1,-0.003574
2022,43620,1,0.014193
2022,43780,1,0.00067
2022,44100,1,-0.012953
2022,44180,1,0.025031
2022,44220,1,0.007562
2022,44300,1,-0.026347
2022,44700,1,0.029393
2022,45060,1,-0.003775
2022,45220,1,-0.014284
2022,45820,1,0.005094
2022,45940,1,0.008565
2022,46060,1,0.001087
2022,46140,1,0.010197
2022,46340,1,0.017779
2022,46540,1,-0.009728
2022,46660,1,-0.006177
2022,46700,1,-0.001489
2022,47220,1,0.026905
2022,47300,1,0.015268
2022,47940,1,-0.015132
2022,48300,1,-9.6e-05
2022,48540,1,-0.049026
2022,48660,1,0.0113
2022,48700,1,-0.010266
2022,49020,1,0.010864
2022,49420,1,-0.015034
2022,49620,1,0.007788
2022,49660,1,0.007214
2022,49740,1,0.018698
2022,10180,2,0.001424
2022,10420,2,-0.000756
2022,10580,2,-6.6e-05
2022,10740,2,-0.009907
2022,10780,2,-0.012165
2022,10900,2,0.013427
2022,11260,2,-0.007447
2022,11460,2,-0.016872
2022,11500,2,-0.007114
2022,11540,2,-0.003798
2022,11700,2,-0.011809
2022,12020,2,-0.006448
2022,12100,2,0.026147
2022,12220,2,-0.001442
2022,12420,2,0.039155
2022,12540,2,0.018379
2022,12580,2,-0.014884
2022,12620,2,0.00114
2022,12700,2,0.013537
2022,12980,2,0.005784
2022,13020,2,0.005112
2022,13380,2,-0.003451
2022,13460,2,0.040478
2022,13780,2,-0.012421
2022,14260,2,0.028211
2022,14500,2,-0.034034
2022,14740,2,-0.016308
2022,14860,2,0.007016
2022,15180,2,0.012079
2022,15260,2,-0.012493
2022,15380,2,-0.009824
2022,15500,2,0.005106
2022,15540,2,-0.009676
2022,15940,2,0.001889
2022,15980,2,0.039297
2022,16180,2,-0.008223
2022,16220,2,-0.033702
2022,16300,2,-0.006863
2022,16700,2,-0.008662
2022,16860,2,-0.00597
2022,16940,2,-0.028775
2022,17020,2,-0.024791
2022,17420,2,0.012236
2022,17660,2,0.041638
2022,17780,2,0.00123
2022,17820,2,-0.017315
2022,17900,2,-0.006688
2022,18020,2,0.002023
2022,18700,2,0.00201
2022,19340,2,-0.008661
2022,19460,2,0.010674
2022,19500,2,-0.013019
2022,19740,2,-0.02938
2022,20020,2,-0.002546
2022,20100,2,0.001324
2022,20220,2,-0.014444
2022,20740,2,0.002265
2022,20940,2,0.006225
2022,21140,2,-0.001114
2022,21300,2,-0.017457
2022,21500,2,-0.001677
2022,21660,2,-0.001282
2022,21820,2,-0.002921
2022,22020,2,-0.006078
2022,22140,2,-0.014991
2022,22380,2,-0.002564
2022,22420,2,0.00287
2022,22500,2,-0.016682
2022,22520,2,0.00093
2022,22540,2,0.002561
2022,22660,2,-0.026286
2022,23420,2,0.007874
2022,23460,2,-0.001327
2022,23580,2,0.008609
2022,24020,2,-0.001744
2022,24220,2,-0.01918
2022,24300,2,-0.006852
2022,24500,2,-0.016511
2022,24540,2,-0.009132
2022,24580,2,0.001936
2022,24660,2,-0.011038
2022,25420,2,0.005802
2022,25500,2,-0.014354
2022,25540,2,-0.003742
2022,25860,2,-0.008493
2022,25980,2,0.016932
2022,26300,2,0.009186
2022,26380,2,-0.016135
2022,26620,2,0.022368
2022,26980,2,-0.001988
2022,27060,2,0.000283
2022,27100,2,-0.000944
2022,27260,2,0.005782
2022,27340,2,-0.000424
2022,27500,2,0.004138
2022,27740,2,0.002124
2022,27780,2,-0.014054
2022,27860,2,-0.002437
2022,27900,2,0.015856
2022,28100,2,0.00035
2022,28420,2,-0.007524
2022,28660,2,0.029855
2022,28700,2,-0.001172
2022,28740,2,0.02617
2022,29100,2,-0.012404
2022,29340,2,-0.078601
2022,29420,2,0.018057
2022,29460,2,0.0202
2022,29540,2,-0.000775
2022,29700,2,-0.011394
2022,29740,2,-0.001417
2022,29820,2,-0.011499
2022,29940,2,0.005077
2022,30140,2,0.005336
2022,30300,2,0.016482
2022,30340,2,0.000949
2022,30460,2,-0.011502
2022,30620,2,0.005584
2022,30700,2,-0.001395
2022,30780,2,0.004374
2022,30860,2,0.029392
2022,31020,2,-0.002406
2022,31420,2,-0.01145
2022,31700,2,-0.007005
2022,31860,2,-0.00999
2022,32580,2,0.005579
2022,32780,2,0.004485
2022,32900,2,0.027763
2022,33140,2,0.002394
2022,33340,2,-0.008385
2022,33540,2,0.01186
2022,33700,2,0.005581
2022,33780,2,0.00282
2022,33860,2,-0.006904
2022,34060,2,-0.016873
2022,34580,2,-0.002266
2022,34620,2,0.015414
2022,34740,2,0.007481
2022,34940,2,0.034011
2022,35300,2,0.004054
2022,35660,2,-0.004939
2022,35840,2,0.02906
2022,35980,2,0.004725
2022,36100,2,0.014713
2022,36220,2,-0.065922
2022,36420,2,0.005198
2022,36500,2,0.00508
2022,36540,2,-0.004145
2022,36740,2,-0.015921
2022,36780,2,-0.005472
2022,36980,2,-0.018293
2022,37100,2,-0.007773
2022,37340,2,0.00479
2022,37860,2,-0.002336
2022,38060,2,0.015076
2022,38300,2,-0.016463
2022,38340,2,-0.001917
2022,38860,2,0.000364
2022,38900,2,-0.009188
2022,38940,2,0.029628
2022,39300,2,-0.010241
2022,39340,2,0.025792
2022,39380,2,-0.009256
2022,39460,2,0.044823
2022,39540,2,-0.00549
2022,39580,2,0.00113
2022,39740,2,0.006166
2022,39820,2,0.004643
2022,39900,2,3.6e-05
2022,40140,2,0.020257
2022,40420,2,0.006985
2022,40660,2,-0.006909
2022,40900,2,0.005878
2022,40980,2,0.005073
2022,41060,2,0.006972
2022,41100,2,0.061666
2022,41140,2,-0.000832
2022,41420,2,-0.003294
2022,41500,2,-0.001719
2022,41700,2,0.008142
2022,41740,2,-0.005533
2022,41940,2,-0.04441
2022,42020,2,0.000301
2022,42100,2,-0.012869
2022,42140,2,-0.013197
2022,42220,2,-0.015166
2022,42340,2,-0.003591
2022,42540,2,0.00791
2022,42680,2,0.013072
2022,43100,2,-0.003206
2022,43620,2,0.008255
2022,43780,2,-0.001802
2022,44100,2,-0.008345
2022,44180,2,0.019827
2022,44220,2,0.006157
2022,44300,2,-0.015488
2022,44700,2,0.02328
2022,45060,2,-0.007439
2022,45220,2,-0.010948
2022,45820,2,0.004869
2022,45940,2,0.004106
2022,46060,2,0.001489
2022,46140,2,0.008248
2022,46340,2,0.016878
2022,46540,2,-0.008006
2022,46660,2,-0.003447
2022,46700,2,-0.003379
2022,47220,2,0.020133
2022,47300,2,0.013055
2022,47940,2,-0.01129
2022,48300,2,-0.001461
2022,48540,2,-0.040294
2022,48660,2,0.020648
2022,48700,2,-0.005608
2022,49020,2,0.009986
2022,49420,2,-0.014271
2022,49620,2,0.009544
2022,49660,2,0.00547
2022,49740,2,0.021418
2022,10180,3,0.004349
2022,10420,3,-0.002244
2022,10580,3,-0.001659
2022,10740,3,-0.012231
2022,10780,3,-0.014462
2022,10900,3,0.013816
2022,11260,3,-0.011462
2022,11460,3,-0.013835
2022,11500,3,-0.005913
2022,11540,3,-0.001797
2022,11700,3,-0.009325
2022,12020,3,-0.000903
2022,12100,3,0.025105
2022,12220,3,0.00123
2022,12420,3,0.033756
2022,12540,3,0.016852
2022,12580,3,-0.012873
2022,12620,3,-0.002716
2022,12700,3,0.021012
2022,12980,3,0.003512
2022,13020,3,0.003139
2022,13380,3,-0.003124
2022,13460,3,0.034965
2022,13780,3,-0.011846
2022,14260,3,0.030674
2022,14500,3,-0.031904
2022,14740,3,-0.011526
2022,14860,3,0.002062
2022,15180,3,0.008302
2022,15260,3,-0.018377
2022,15380,3,-0.005155
2022,15500,3,0.007426
2022,15540,3,-0.00931
2022,15940,3,0.001088
2022,15980,3,0.030159
2022,16180,3,0.003068
2022,16220,3,-0.034831
2022,16300,3,-0.005245
2022,16700,3,-0.009253
2022,16860,3,-0.005177
2022,16940,3,-0.027239
2022,17020,3,-0.036873
2022,17420,3,0.010567
2022,17660,3,0.042898
2022,17780,3,0.000146
2022,17820,3,-0.015725
2022,17900,3,-0.00895
2022,18020,3,-0.002204
2022,18700,3,0.008429
2022,19340,3,-0.009263
2022,19460,3,0.010367
2022,19500,3,-0.017631
2022,19740,3,-0.029546
2022,20020,3,-0.003018
2022,20100,3,-0.00286
2022,20220,3,-0.010137
2022,20740,3,0.002462
2022,20940,3,0.003679
2022,21140,3,-0.000905
2022,21300,3,-0.015735
2022,21500,3,-0.006147
2022,21660,3,0.000312
2022,21820,3,-0.009449
2022,22020,3,-0.007565
2022,22140,3,-0.024796
2022,22380,3,-0.00459
2022,22420,3,0.003775
2022,22500,3,-0.020118
2022,22520,3,-0.000806
2022,22540,3,0.002441
2022,22660,3,-0.025232
2022,23420,3,0.008318
2022,23460,3,-0.003403
2022,23580,3,0.009303
2022,24020,3,-0.003511
2022,24220,3,-0.018069
2022,24300,3,-0.006466
2022,24500,3,-0.014201
2022,24540,3,-0.005831
2022,24580,3,0.002914
2022,24660,3,-0.009477
2022,25420,3,0.007071
2022,25500,3,-0.01473
2022,25540,3,-0.007961
2022,25860,3,-0.00669
2022,25980,3,0.016281
2022,26300,3,0.011269
2022,26380,3,-0.019163
2022,26620,3,0.023347
2022,26980,3,-0.001492
2022,27060,3,0.001426
2022,27100,3,0.00327
2022,27260,3,0.010442
2022,27340,3,0.002788
2022,27500,3,0.005227
2022,27740,3,0.002062
2022,27780,3,-0.014
2022,27860,3,-0.004397
2022,27900,3,0.015743
2022,28100,3,-0.005337
2022,28420,3,-0.002876
2022,28660,3,0.032193
2022,28700,3,-0.000445
2022,28740,3,0.025577
2022,29100,3,-0.009587
2022,29340,3,-0.067991
2022,29420,3,0.017351
2022,29460,3,0.022168
2022,29540,3,0.000167
2022,29700,3,-0.018567
2022,29740,3,-0.004945
2022,29820,3,-0.009109
2022,29940,3,8.4e-05
2022,30140,3,0.00469
2022,30300,3,0.023746
2022,30340,3,0.003913
2022,30460,3,-0.013757
2022,30620,3,0.004067
2022,30700,3,-0.000405
2022,30780,3,0.002466
2022,30860,3,0.032721
2022,31020,3,0.003246
2022,31420,3,-0.006785
2022,31700,3,-0.005193
2022,31860,3,-0.006921
2022,32580,3,0.003817
2022,32780,3,0.005067
2022,32900,3,0.03067
2022,33140,3,0.004103
2022,33340,3,-0.009664
2022,33540,3,0.00314
2022,33700,3,0.006432
2022,33780,3,0.007268
2022,33860,3,-0.005943
2022,34060,3,-0.014098
2022,34580,3,0.001513
2022,34620,3,0.010381
2022,34740,3,0.011774
2022,34940,3,0.023304
2022,35300,3,0.000781
2022,35660,3,-0.004094
2022,35840,3,0.024322
2022,35980,3,0.001935
2022,36100,3,0.020467
2022,36220,3,-0.059654
2022,36420,3,0.005676
2022,36500,3,0.009805
2022,36540,3,-0.00049
2022,36740,3,-0.00939
2022,36780,3,-0.006777
2022,36980,3,-0.016392
2022,37100,3,-0.01145
2022,37340,3,0.008458
2022,37860,3,0.001683
2022,38060,3,0.008581
2022,38300,3,-0.013502
2022,38340,3,-0.002163
2022,38860,3,0.001994
2022,38900,3,-0.01019
2022,38940,3,0.02856
2022,39300,3,-0.006011
2022,39340,3,0.026679
2022,39380,3,-0.007084
2022,39460,3,0.037024
2022,39540,3,-0.003409
2022,39580,3,0.002455
2022,39740,3,0.007822
2022,39820,3,0.005339
2022,39900,3,0.002952
2022,40140,3,0.016025
2022,40420,3,0.005205
2022,40660,3,-0.004358
2022,40900,3,0.006325
2022,40980,3,0.002096
2022,41060,3,0.007206
2022,41100,3,0.057073
2022,41140,3,-0.005932
2022,41420,3,-0.000869
2022,41500,3,-0.00088
2022,41700,3,0.008865
2022,41740,3,-0.010135
2022,41940,3,-0.045599
2022,42020,3,-0.002565
2022,42100,3,-0.016476
2022,42140,3,-0.007087
2022,42220,3,-0.018101
2022,42340,3,0.001289
2022,42540,3,0.007556
2022,42680,3,0.015934
2022,43100,3,0.001854
2022,43620,3,0.00916
2022,43780,3,-0.002139
2022,44100,3,-0.01098
2022,44180,3,0.020668
2022,44220,3,0.006008
2022,44300,3,-0.019797
2022,44700,3,0.025203
2022,45060,3,-0.007644
2022,45220,3,-0.010366
2022,45820,3,0.004139
2022,45940,3,0.007194
2022,46060,3,0.000108
2022,46140,3,0.008214
2022,46340,3,0.01832
2022,46540,3,-0.008217
2022,46660,3,-0.005538
2022,46700,3,-0.00273
2022,47220,3,0.017106
2022,47300,3,0.012855
2022,47940,3,-0.012375
2022,48300,3,0.000224
2022,48540,3,-0.037189
2022,48660,3,0.020324
2022,48700,3,-0.007991
2022,49020,3,0.010233
2022,49420,3,-0.00717
2022,49620,3,0.010745
2022,49660,3,0.003411
2022,49740,3,0.007819
2022,10180,4,0.004607
2022,10420,4,-0.002184
2022,10580,4,-0.00047
2022,10740,4,-0.013327
2022,10780,4,-0.016354
2022,10900,4,0.01427
2022,11260,4,-0.015191
2022,11460,4,-0.017135
2022,11500,4,-0.008262
2022,11540,4,-7.6e-05
2022,11700,4,-0.008342
2022,12020,4,-0.002228
2022,12100,4,0.029244
2022,12220,4,0.001337
2022,12420,4,0.043422
2022,12540,4,0.01786
2022,12580,4,-0.015181
2022,12620,4,-0.001259
2022,12700,4,0.022105
2022,12980,4,0.007845
2022,13020,4,0.004173
2022,13380,4,-0.001547
2022,13460,4,0.042253
2022,13780,4,-0.006772
2022,14260,4,0.037163
2022,14500,4,-0.034157
2022,14740,4,-0.009205
2022,14860,4,0.002198
2022,15180,4,0.008824
2022,15260,4,-0.019117
2022,15380,4,-0.003926
2022,15500,4,0.008754
2022,15540,4,-0.010244
2022,15940,4,0.00147
2022,15980,4,0.034333
2022,16180,4,0.000618
2022,16220,4,-0.037386
2022,16300,4,-0.005729
2022,16700,4,-0.007215
2022,16860,4,-0.004434
2022,16940,4,-0.028921
2022,17020,4,-0.037659
2022,17420,4,0.011839
2022,17660,4,0.049094
2022,17780,4,0.002852
2022,17820,4,-0.014421
2022,17900,4,-0.009266
2022,18020,4,-0.000153
2022,18700,4,0.003047
2022,19340,4,-0.011473
2022,19460,4,0.012071
2022,19500,4,-0.016801
2022,19740,4,-0.029124
2022,20020,4,-0.00589
2022,20100,4,-0.001113
2022,20220,4,-0.012173
2022,20740,4,0.003582
2022,20940,4,0.000357
2022,21140,4,0.000197
2022,21300,4,-0.023587
2022,21500,4,-0.005978
2022,21660,4,0.000905
2022,21820,4,-0.015533
2022,22020,4,-0.007674
2022,22140,4,-0.028228
2022,22380,4,-0.001951
2022,22420,4,0.001753
2022,22500,4,-0.026176
2022,22520,4,0.000895
2022,22540,4,0.002674
2022,22660,4,-0.025642
2022,23420,4,0.008919
2022,23460,4,-0.004176
2022,23580,4,0.009582
2022,24020,4,-0.002764
2022,24220,4,-0.018985
2022,24300,4,-0.006737
2022,24500,4,-0.014858
2022,24540,4,-0.006999
2022,24580,4,0.003752
2022,24660,4,-0.009274
2022,25420,4,0.005698
2022,25500,4,-0.015847
2022,25540,4,-0.008716
2022,25860,4,-0.008517
2022,25980,4,0.01619
2022,26300,4,0.008551
2022,26380,4,-0.022829
2022,26620,4,0.027008
2022,26980,4,-0.00287
2022,27060,4,-0.000414
2022,27100,4,0.000153
2022,27260,4,0.012895
2022,27340,4,0.003552
2022,27500,4,0.003473
2022,27740,4,0.001856
2022,27780,4,-0.015793
2022,27860,4,-0.004131
2022,27900,4,0.015517
2022,28100,4,-0.006677
2022,28420,4,-0.002663
2022,28660,4,0.035674
2022,28700,4,-0.002439
2022,28740,4,0.028926
2022,29100,4,-0.009872
2022,29340,4,-0.065733
2022,29420,4,0.019319
2022,29460,4,0.022672
2022,29540,4,0.001353
2022,29700,4,-0.018878
2022,29740,4,-0.006219
2022,29820,4,-0.007449
2022,29940,4,0.001835
2022,30140,4,0.004449
2022,30300,4,0.007594
2022,30340,4,0.00348
2022,30460,4,-0.01402
2022,30620,4,0.001742
2022,30700,4,0.001411
2022,30780,4,0.002547
2022,30860,4,0.033413
2022,31020,4,0.003324
2022,31420,4,-0.010177
2022,31700,4,-0.004239
2022,31860,4,-0.006441
2022,32580,4,0.003475
2022,32780,4,0.006538
2022,32900,4,0.029611
2022,33140,4,0.005343
2022,33340,4,-0.008467
2022,33540,4,0.007434
2022,33700,4,0.008369
2022,33780,4,0.007409
2022,33860,4,-0.007033
2022,34060,4,-0.020149
2022,34580,4,0.002928
2022,34620,4,0.006969
2022,34740,4,0.010809
2022,34940,4,0.027835
2022,35300,4,-0.001535
2022,35660,4,-0.005068
2022,35840,4,0.027925
2022,35980,4,0.000796
2022,36100,4,0.021228
2022,36220,4,-0.061669
2022,36420,4,0.005763
2022,36500,4,0.012273
2022,36540,4,0.000277
2022,36740,4,-0.007632
2022,36780,4,-0.004495
2022,36980,4,-0.017507
2022,37100,4,-0.009891
2022,37340,4,0.009081
2022,37860,4,0.004578
2022,38060,4,0.01182
2022,38300,4,-0.01405
2022,38340,4,-0.001163
2022,38860,4,0.002573
2022,38900,4,-0.008243
2022,38940,4,0.029107
2022,39300,4,-0.005878
2022,39340,4,0.030032
2022,39380,4,-0.008108
2022,39460,4,0.039635
2022,39540,4,-0.004407
2022,39580,4,0.004588
2022,39740,4,0.0068
2022,39820,4,0.004961
2022,39900,4,0.005344
2022,40140,4,0.01679
2022,40420,4,0.005894
2022,40660,4,-0.00579
2022,40900,4,0.007463
2022,40980,4,0.005002
2022,41060,4,0.006924
2022,41100,4,0.060851
2022,41140,4,-0.008866
2022,41420,4,-0.001165
2022,41500,4,-0.000626
2022,41700,4,0.008935
2022,41740,4,-0.008697
2022,41940,4,-0.046777
2022,42020,4,-0.003805
2022,42100,4,-0.017329
2022,42140,4,-0.012767
2022,42220,4,-0.024601
2022,42340,4,0.00046
2022,42540,4,0.007907
2022,42680,4,0.016591
2022,43100,4,-9.1e-05
2022,43620,4,0.012525
2022,43780,4,0.000259
2022,44100,4,-0.014169
2022,44180,4,0.023063
2022,44220,4,0.006576
2022,44300,4,-0.024685
2022,44700,4,0.026737
2022,45060,4,-0.004012
2022,45220,4,-0.012273
2022,45820,4,0.003933
2022,45940,4,0.008324
2022,46060,4,5.7e-05
2022,46140,4,0.008811
2022,46340,4,0.017491
2022,46540,4,-0.00844
2022,46660,4,-0.006883
2022,46700,4,-0.001816
2022,47220,4,0.020879
2022,47300,4,0.013162
2022,47940,4,-0.013924
2022,48300,4,0.001134
2022,48540,4,-0.041925
2022,48660,4,0.011058
2022,48700,4,-0.010396
2022,49020,4,0.009954
2022,49420,4,-0.008971
2022,49620,4,0.008536
2022,49660,4,0.00443
2022,49740,4,0.009007
2022,10180,5,0.001295
2022,10420,5,-0.000846
2022,10580,5,0.002101
2022,10740,5,-0.012861
2022,10780,5,-0.014984
2022,10900,5,0.014119
2022,11260,5,-0.010566
2022,11460,5,-0.019203
2022,11500,5,-0.010406
2022,11540,5,-0.000342
2022,11700,5,-0.010905
2022,12020,5,-0.007634
2022,12100,5,0.02869
2022,12220,5,0.004811
2022,12420,5,0.050248
2022,12540,5,0.019039
2022,12580,5,-0.018294
2022,12620,5,0.002031
2022,12700,5,0.015438
2022,12980,5,0.008401
2022,13020,5,0.003785
2022,13380,5,-0.000804
2022,13460,5,0.050131
2022,13780,5,-0.007967
2022,14260,5,0.03689
2022,14500,5,-0.037869
2022,14740,5,-0.013374
2022,14860,5,0.006791
2022,15180,5,0.01072
2022,15260,5,-0.01352
2022,15380,5,-0.008215
2022,15500,5,0.005028
2022,15540,5,-0.009262
2022,15940,5,0.002127
2022,15980,5,0.045027
2022,16180,5,-0.009652
2022,16220,5,-0.038777
2022,16300,5,-0.008137
2022,16700,5,-0.004607
2022,16860,5,-0.006962
2022,16940,5,-0.0297
2022,17020,5,-0.026991
2022,17420,5,0.01336
2022,17660,5,0.051102
2022,17780,5,0.005834
2022,17820,5,-0.014506
2022,17900,5,-0.007112
2022,18020,5,0.003996
2022,18700,5,-0.002308
2022,19340,5,-0.010555
2022,19460,5,0.008925
2022,19500,5,-0.013738
2022,19740,5,-0.02957
2022,20020,5,-0.004938
2022,20100,5,0.004493
2022,20220,5,-0.016521
2022,20740,5,0.005776
2022,20940,5,0.003038
2022,21140,5,0.000382
2022,21300,5,-0.025067
2022,21500,5,-0.002957
2022,21660,5,-0.000992
2022,21820,5,-0.009347
2022,22020,5,-0.003513
2022,22140,5,-0.021576
2022,22380,5,-0.002302
2022,22420,5,0.00068
2022,22500,5,-0.024486
2022,22520,5,0.001259
2022,22540,5,0.003105
2022,22660,5,-0.025854
2022,23420,5,0.008771
2022,23460,5,-0.004719
2022,23580,5,0.009365
2022,24020,5,-0.001395
2022,24220,5,-0.020228
2022,24300,5,-0.006555
2022,24500,5,-0.019013
2022,24540,5,-0.005701
2022,24580,5,0.004202
2022,24660,5,-0.012293
2022,25420,5,0.006548
2022,25500,5,-0.016112
2022,25540,5,-0.004982
2022,25860,5,-0.013182
2022,25980,5,0.013903
2022,26300,5,0.004235
2022,26380,5,-0.01939
2022,26620,5,0.027089
2022,26980,5,-0.001157
2022,27060,5,-0.002046
2022,27100,5,-0.003628
2022,27260,5,0.010407
2022,27340,5,-0.000399
2022,27500,5,0.003846
2022,27740,5,0.000755
2022,27780,5,-0.015742
2022,27860,5,-0.001201
2022,27900,5,0.01397
2022,28100,5,-0.002112
2022,28420,5,-0.003971
2022,28660,5,0.034251
2022,28700,5,-0.006954
2022,28740,5,0.027547
2022,29100,5,-0.011508
2022,29340,5,-0.079254
2022,29420,5,0.019474
2022,29460,5,0.025942
2022,29540,5,0.000946
2022,29700,5,-0.009997
2022,29740,5,-0.003066
2022,29820,5,-0.009677
2022,29940,5,0.006235
2022,30140,5,0.005204
2022,30300,5,-0.002095
2022,30340,5,-0.000309
2022,30460,5,-0.010971
2022,30620,5,0.001658
2022,30700,5,0.001069
2022,30780,5,0.004131
2022,30860,5,0.029738
2022,31020,5,-0.001364
2022,31420,5,-0.016313
2022,31700,5,-0.005543
2022,31860,5,-0.008755
2022,32580,5,0.006889
2022,32780,5,0.005563
2022,32900,5,0.026886
2022,33140,5,0.003353
2022,33340,5,-0.006715
2022,33540,5,0.013331
2022,33700,5,0.005948
2022,33780,5,0.004011
2022,33860,5,-0.007766
2022,34060,5,-0.023952
2022,34580,5,6.9e-05
2022,34620,5,0.010857
2022,34740,5,0.006641
2022,34940,5,0.038309
2022,35300,5,0.000849
2022,35660,5,-0.006599
2022,35840,5,0.034062
2022,35980,5,0.002937
2022,36100,5,0.01893
2022,36220,5,-0.072209
2022,36420,5,0.006443
2022,36500,5,0.00811
2022,36540,5,-0.001964
2022,36740,5,-0.011999
2022,36780,5,-0.00257
2022,36980,5,-0.019044
2022,37100,5,-0.007407
2022,37340,5,0.005864
2022,37860,5,0.001049
2022,38060,5,0.018467
2022,38300,5,-0.016252
2022,38340,5,-0.002767
2022,38860,5,0.002397
2022,38900,5,-0.007725
2022,38940,5,0.03137
2022,39300,5,-0.009225
2022,39340,5,0.031856
2022,39380,5,-0.011564
2022,39460,5,0.050119
2022,39540,5,-0.005869
2022,39580,5,0.005953
2022,39740,5,0.005186
2022,39820,5,0.00377
2022,39900,5,0.003798
2022,40140,5,0.020498
2022,40420,5,0.006218
2022,40660,5,-0.010397
2022,40900,5,0.007425
2022,40980,5,0.006904
2022,41060,5,0.005775
2022,41100,5,0.069168
2022,41140,5,-0.00683
2022,41420,5,-0.003026
2022,41500,5,-0.002006
2022,41700,5,0.01018
2022,41740,5,-0.005448
2022,41940,5,-0.049245
2022,42020,5,-0.001248
2022,42100,5,-0.016344
2022,42140,5,-0.018628
2022,42220,5,-0.022651
2022,42340,5,-0.002831
2022,42540,5,0.007774
2022,42680,5,0.014402
2022,43100,5,-0.004491
2022,43620,5,0.015834
2022,43780,5,0.00015
2022,44100,5,-0.011678
2022,44180,5,0.021491
2022,44220,5,0.005913
2022,44300,5,-0.018505
2022,44700,5,0.024514
2022,45060,5,-0.004396
2022,45220,5,-0.012534
2022,45820,5,0.003077
2022,45940,5,0.005968
2022,46060,5,0.000563
2022,46140,5,0.009098
2022,46340,5,0.015961
2022,46540,5,-0.008964
2022,46660,5,-0.005251
2022,46700,5,-0.003094
2022,47220,5,0.021848
2022,47300,5,0.013903
2022,47940,5,-0.013451
2022,48300,5,0.001478
2022,48540,5,-0.046578
2022,48660,5,0.009347
2022,48700,5,-0.008719
2022,49020,5,0.01023
2022,49420,5,-0.016373
2022,49620,5,0.008474
2022,49660,5,0.005192
2022,49740,5,0.020604
2022,10180,6,0.002862
2022,10420,6,-0.000983
2022,10580,6,0.001021
2022,10740,6,-0.011487
2022,10780,6,-0.014112
2022,10900,6,0.012848
2022,11260,6,-0.009566
2022,11460,6,-0.020118
2022,11500,6,-0.010129
2022,11540,6,-0.001939
2022,11700,6,-0.009318
2022,12020,6,-0.006705
2022,12100,6,0.027387
2022,12220,6,-0.004459
2022,12420,6,0.051193
2022,12540,6,0.018096
2022,12580,6,-0.017913
2022,12620,6,0.003212
2022,12700,6,0.015968
2022,12980,6,0.010016
2022,13020,6,0.005283
2022,13380,6,-0.000825
2022,13460,6,0.048352
2022,13780,6,-0.007876
2022,14260,6,0.035176
2022,14500,6,-0.034222
2022,14740,6,-0.015272
2022,14860,6,0.006282
2022,15180,6,0.012717
2022,15260,6,-0.014127
2022,15380,6,-0.006858
2022,15500,6,0.008196
2022,15540,6,-0.00939
2022,15940,6,0.00222
2022,15980,6,0.042956
2022,16180,6,-0.014179
2022,16220,6,-0.036445
2022,16300,6,-0.007665
2022,16700,6,-0.006421
2022,16860,6,-0.002802
2022,16940,6,-0.029554
2022,17020,6,-0.027548
2022,17420,6,0.014763
2022,17660,6,0.048338
2022,17780,6,0.005124
2022,17820,6,-0.01586
2022,17900,6,-0.006081
2022,18020,6,0.00611
2022,18700,6,-0.000608
2022,19340,6,-0.009994
2022,19460,6,0.013645
2022,19500,6,-0.012576
2022,19740,6,-0.026538
2022,20020,6,-0.006044
2022,20100,6,0.000745
2022,20220,6,-0.01632
2022,20740,6,0.004092
2022,20940,6,0.001627
2022,21140,6,0.000621
2022,21300,6,-0.024445
2022,21500,6,-0.00054
2022,21660,6,-7.3e-05
2022,21820,6,-0.006345
2022,22020,6,-0.005742
2022,22140,6,-0.019113
2022,22380,6,-0.001303
2022,22420,6,-0.000129
2022,22500,6,-0.021816
2022,22520,6,0.004188
2022,22540,6,0.003317
2022,22660,6,-0.024713
2022,23420,6,0.006785
2022,23460,6,-0.001652
2022,23580,6,0.009814
2022,24020,6,-0.002139
2022,24220,6,-0.019329
2022,24300,6,-0.008255
2022,24500,6,-0.015111
2022,24540,6,-0.008837
2022,24580,6,0.002825
2022,24660,6,-0.009934
2022,25420,6,0.004321
2022,25500,6,-0.015321
2022,25540,6,-0.005017
2022,25860,6,-0.008325
2022,25980,6,0.01776
2022,26300,6,0.006191
2022,26380,6,-0.020164
2022,26620,6,0.025655
2022,26980,6,-0.0029
2022,27060,6,0.000112
2022,27100,6,-0.005023
2022,27260,6,0.006549
2022,27340,6,-0.000554
2022,27500,6,0.0025
2022,27740,6,0.002858
2022,27780,6,-0.016563
2022,27860,6,-0.002746
2022,27900,6,0.016267
2022,28100,6,-0.001765
2022,28420,6,-0.004752
2022,28660,6,0.033765
2022,28700,6,7.2e-05
2022,28740,6,0.029265
2022,29100,6,-0.011804
2022,29340,6,-0.081001
2022,29420,6,0.018643
2022,29460,6,0.018545
2022,29540,6,0.000905
2022,29700,6,-0.013015
2022,29740,6,-0.004258
2022,29820,6,-0.014148
2022,29940,6,0.006893
2022,30140,6,0.005582
2022,30300,6,0.003389
2022,30340,6,0.000625
2022,30460,6,-0.011501
2022,30620,6,0.004023
2022,30700,6,0.000695
2022,30780,6,0.004012
2022,30860,6,0.033923
2022,31020,6,-0.001844
2022,31420,6,-0.015168
2022,31700,6,-0.006143
2022,31860,6,-0.010682
2022,32580,6,0.004697
2022,32780,6,0.005044
2022,32900,6,0.02663
2022,33140,6,0.003659
2022,33340,6,-0.007991
2022,33540,6,0.018528
2022,33700,6,0.006785
2022,33780,6,0.002355
2022,33860,6,-0.009768
2022,34060,6,-0.01939
2022,34580,6,-0.000497
2022,34620,6,0.013378
2022,34740,6,0.00733
2022,34940,6,0.038215
2022,35300,6,0.00082
2022,35660,6,-0.006086
2022,35840,6,0.03246
2022,35980,6,0.002516
2022,36100,6,0.012006
2022,36220,6,-0.072372
2022,36420,6,0.005435
2022,36500,6,0.007541
2022,36540,6,-0.004251
2022,36740,6,-0.01766
2022,36780,6,-0.003104
2022,36980,6,-0.018531
2022,37100,6,-0.005976
2022,37340,6,0.003991
2022,37860,6,-0.00046
2022,38060,6,0.017143
2022,38300,6,-0.015893
2022,38340,6,-0.000354
2022,38860,6,0.001647
2022,38900,6,-0.006667
2022,38940,6,0.029957
2022,39300,6,-0.011141
2022,39340,6,0.030824
2022,39380,6,-0.008914
2022,39460,6,0.047178
2022,39540,6,-0.008018
2022,39580,6,0.004769
2022,39740,6,0.00473
2022,39820,6,0.003113
2022,39900,6,-0.000417
2022,40140,6,0.021453
2022,40420,6,0.006097
2022,40660,6,-0.007471
2022,40900,6,0.006662
2022,40980,6,0.007392
2022,41060,6,0.006128
2022,41100,6,0.065965
2022,41140,6,-0.00439
2022,41420,6,-0.002747
2022,41500,6,-0.003287
2022,41700,6,0.009522
2022,41740,6,-0.00321
2022,41940,6,-0.046059
2022,42020,6,1.3e-05
2022,42100,6,-0.01284
2022,42140,6,-0.02093
2022,42220,6,-0.021662
2022,42340,6,-0.00481
2022,42540,6,0.008385
2022,42680,6,0.013089
2022,43100,6,-0.005407
2022,43620,6,0.010969
2022,43780,6,0.001184
2022,44100,6,-0.010303
2022,44180,6,0.022512
2022,44220,6,0.006544
2022,44300,6,-0.018969
2022,44700,6,0.02465
2022,45060,6,-0.003392
2022,45220,6,-0.014536
2022,45820,6,0.004457
2022,45940,6,0.002378
2022,46060,6,-0.000763
2022,46140,6,0.008903
2022,46340,6,0.01764
2022,46540,6,-0.00766
2022,46660,6,-0.005961
2022,46700,6,-0.004108
2022,47220,6,0.022023
2022,47300,6,0.01195
2022,47940,6,-0.012466
2022,48300,6,0.000501
2022,48540,6,-0.043096
2022,48660,6,0.013024
2022,48700,6,-0.0062
2022,49020,6,0.00919
2022,49420,6,-0.01482
2022,49620,6,0.00653
2022,49660,6,0.006766
2022,49740,6,0.02076
2022,10180,7,0.004964
2022,10420,7,-0.002386
2022,10580,7,-0.001373
2022,10740,7,-0.01315
2022,10780,7,-0.016466
2022,10900,7,0.013017
2022,11260,7,-0.01453
2022,11460,7,-0.016985
2022,11500,7,-0.008335
2022,11540,7,-0.001138
2022,11700,7,-0.007298
2022,12020,7,-0.002145
2022,12100,7,0.028324
2022,12220,7,-0.003515
2022,12420,7,0.045152
2022,12540,7,0.016526
2022,12580,7,-0.015408
2022,12620,7,-0.000646
2022,12700,7,0.021385
2022,12980,7,0.008175
2022,13020,7,0.005226
2022,13380,7,-0.001127
2022,13460,7,0.041295
2022,13780,7,-0.007444
2022,14260,7,0.036014
2022,14500,7,-0.031095
2022,14740,7,-0.010095
2022,14860,7,0.001808
2022,15180,7,0.009677
2022,15260,7,-0.019841
2022,15380,7,-0.003148
2022,15500,7,0.010122
2022,15540,7,-0.010098
2022,15940,7,0.001484
2022,15980,7,0.033399
2022,16180,7,-0.002615
2022,16220,7,-0.035605
2022,16300,7,-0.00559
2022,16700,7,-0.007879
2022,16860,7,-0.002105
2022,16940,7,-0.028856
2022,17020,7,-0.036757
2022,17420,7,0.012374
2022,17660,7,0.047254
2022,17780,7,0.002116
2022,17820,7,-0.014807
2022,17900,7,-0.008777
2022,18020,7,0.001059
2022,18700,7,0.003741
2022,19340,7,-0.010995
2022,19460,7,0.014897
2022,19500,7,-0.016063
2022,19740,7,-0.026641
2022,20020,7,-0.006891
2022,20100,7,-0.002727
2022,20220,7,-0.012178
2022,20740,7,0.002929
2022,20940,7,-0.000648
2022,21140,7,9.2e-05
2022,21300,7,-0.022103
2022,21500,7,-0.004351
2022,21660,7,0.001446
2022,21820,7,-0.013688
2022,22020,7,-0.008451
2022,22140,7,-0.027029
2022,22380,7,-0.001309
2022,22420,7,0.001434
2022,22500,7,-0.023916
2022,22520,7,0.002048
2022,22540,7,0.002333
2022,22660,7,-0.024476
2022,23420,7,0.007295
2022,23460,7,-0.002409
2022,23580,7,0.009108
2022,24020,7,-0.0026
2022,24220,7,-0.017894
2022,24300,7,-0.007883
2022,24500,7,-0.013257
2022,24540,7,-0.00837
2022,24580,7,0.002831
2022,24660,7,-0.008124
2022,25420,7,0.004263
2022,25500,7,-0.015586
2022,25540,7,-0.008648
2022,25860,7,-0.006192
2022,25980,7,0.01895
2022,26300,7,0.009412
2022,26380,7,-0.023631
2022,26620,7,0.026474
2022,26980,7,-0.004419
2022,27060,7,0.001161
2022,27100,7,-0.000581
2022,27260,7,0.010423
2022,27340,7,0.003642
2022,27500,7,0.002842
2022,27740,7,0.00317
2022,27780,7,-0.016128
2022,27860,7,-0.005213
2022,27900,7,0.016777
2022,28100,7,-0.006344
2022,28420,7,-0.002956
2022,28660,7,0.034745
2022,28700,7,0.001198
2022,28740,7,0.029671
2022,29100,7,-0.009958
2022,29340,7,-0.065371
2022,29420,7,0.018375
2022,29460,7,0.018038
2022,29540,7,0.000716
2022,29700,7,-0.020732
2022,29740,7,-0.007316
2022,29820,7,-0.010086
2022,29940,7,0.001778
2022,30140,7,0.004645
2022,30300,7,0.012136
2022,30340,7,0.00437
2022,30460,7,-0.014138
2022,30620,7,0.003562
2022,30700,7,0.001435
2022,30780,7,0.001768
2022,30860,7,0.035181
2022,31020,7,0.002679
2022,31420,7,-0.009983
2022,31700,7,-0.00492
2022,31860,7,-0.007884
2022,32580,7,0.001588
2022,32780,7,0.005816
2022,32900,7,0.028291
2022,33140,7,0.005357
2022,33340,7,-0.009375
2022,33540,7,0.010486
2022,33700,7,0.007953
2022,33780,7,0.00555
2022,33860,7,-0.008571
2022,34060,7,-0.018089
2022,34580,7,0.001972
2022,34620,7,0.008956
2022,34740,7,0.01101
2022,34940,7,0.027731
2022,35300,7,-0.001185
2022,35660,7,-0.004711
2022,35840,7,0.026832
2022,35980,7,0.000583
2022,36100,7,0.016653
2022,36220,7,-0.057204
2022,36420,7,0.00458
2022,36500,7,0.011524
2022,36540,7,-0.000814
2022,36740,7,-0.011
2022,36780,7,-0.004767
2022,36980,7,-0.01716
2022,37100,7,-0.009653
2022,37340,7,0.007763
2022,37860,7,0.00374
2022,38060,7,0.011069
2022,38300,7,-0.013814
2022,38340,7,0.000242
2022,38860,7,0.002363
2022,38900,7,-0.006962
2022,38940,7,0.028161
2022,39300,7,-0.007309
2022,39340,7,0.029072
2022,39380,7,-0.006647
2022,39460,7,0.038296
2022,39540,7,-0.005728
2022,39580,7,0.004224
2022,39740,7,0.00631
2022,39820,7,0.003963
2022,39900,7,0.002761
2022,40140,7,0.016993
2022,40420,7,0.005679
2022,40660,7,-0.00426
2022,40900,7,0.006971
2022,40980,7,0.004714
2022,41060,7,0.006318
2022,41100,7,0.058221
2022,41140,7,-0.006894
2022,41420,7,-0.00082
2022,41500,7,-0.001995
2022,41700,7,0.008138
2022,41740,7,-0.007247
2022,41940,7,-0.042522
2022,42020,7,-0.003584
2022,42100,7,-0.015072
2022,42140,7,-0.014093
2022,42220,7,-0.022415
2022,42340,7,-0.001032
2022,42540,7,0.007926
2022,42680,7,0.015154
2022,43100,7,-0.000882
2022,43620,7,0.010396
2022,43780,7,0.000569
2022,44100,7,-0.013073
2022,44180,7,0.023051
2022,44220,7,0.006961
2022,44300,7,-0.024299
2022,44700,7,0.026272
2022,45060,7,-0.003865
2022,45220,7,-0.013365
2022,45820,7,0.004784
2022,45940,7,0.005863
2022,46060,7,-0.001165
2022,46140,7,0.008154
2022,46340,7,0.017322
2022,46540,7,-0.007478
2022,46660,7,-0.006641
2022,46700,7,-0.002278
2022,47220,7,0.020553
2022,47300,7,0.011442
2022,47940,7,-0.013647
2022,48300,7,0.000931
2022,48540,7,-0.040027
2022,48660,7,0.013408
2022,48700,7,-0.008517
2022,49020,7,0.008496
2022,49420,7,-0.00777
2022,49620,7,0.00699
2022,49660,7,0.005178
2022,49740,7,0.008863
2022,10180,8,0.001612
2022,10420,8,-0.000704
2022,10580,8,0.002616
2022,10740,8,-0.011763
2022,10780,8,-0.013819
2022,10900,8,0.014457
2022,11260,8,-0.008662
2022,11460,8,-0.020175
2022,11500,8,-0.01026
2022,11540,8,-0.000729
2022,11700,8,-0.01155
2022,12020,8,-0.008395
2022,12100,8,0.02891
2022,12220,8,0.00419
2022,12420,8,0.049945
2022,12540,8,0.020296
2022,12580,8,-0.017544
2022,12620,8,0.002104
2022,12700,8,0.015474
2022,12980,8,0.008558
2022,13020,8,0.003808
2022,13380,8,-0.001956
2022,13460,8,0.050643
2022,13780,8,-0.008259
2022,14260,8,0.035164
2022,14500,8,-0.038835
2022,14740,8,-0.015121
2022,14860,8,0.008063
2022,15180,8,0.011398
2022,15260,8,-0.013167
2022,15380,8,-0.009358
2022,15500,8,0.005299
2022,15540,8,-0.00935
2022,15940,8,0.00234
2022,15980,8,0.046212
2022,16180,8,-0.01075
2022,16220,8,-0.038225
2022,16300,8,-0.008046
2022,16700,8,-0.00527
2022,16860,8,-0.007421
2022,16940,8,-0.029827
2022,17020,8,-0.02827
2022,17420,8,0.013331
2022,17660,8,0.050334
2022,17780,8,0.00605
2022,17820,8,-0.015761
2022,17900,8,-0.006711
2022,18020,8,0.004262
2022,18700,8,-0.002093
2022,19340,8,-0.009721
2022,19460,8,0.008775
2022,19500,8,-0.012788
2022,19740,8,-0.030562
2022,20020,8,-0.004135
2022,20100,8,0.005018
2022,20220,8,-0.01661
2022,20740,8,0.005376
2022,20940,8,0.004012
2022,21140,8,0.000212
2022,21300,8,-0.025389
2022,21500,8,-0.002382
2022,21660,8,-0.001478
2022,21820,8,-0.007472
2022,22020,8,-0.003285
2022,22140,8,-0.019166
2022,22380,8,-0.002194
2022,22420,8,0.000351
2022,22500,8,-0.023843
2022,22520,8,0.00188
2022,22540,8,0.003582
2022,22660,8,-0.026624
2022,23420,8,0.009132
2022,23460,8,-0.004369
2022,23580,8,0.009468
2022,24020,8,-0.002058
2022,24220,8,-0.020247
2022,24300,8,-0.006743
2022,24500,8,-0.018209
2022,24540,8,-0.006606
2022,24580,8,0.004198
2022,24660,8,-0.012325
2022,25420,8,0.006902
2022,25500,8,-0.015646
2022,25540,8,-0.004201
2022,25860,8,-0.01339
2022,25980,8,0.013783
2022,26300,8,0.00434
2022,26380,8,-0.018225
2022,26620,8,0.026679
2022,26980,8,-0.000539
2022,27060,8,-0.001643
2022,27100,8,-0.00438
2022,27260,8,0.009714
2022,27340,8,-0.000714
2022,27500,8,0.00341
2022,27740,8,0.000548
2022,27780,8,-0.01573
2022,27860,8,-0.000647
2022,27900,8,0.014289
2022,28100,8,-0.001212
2022,28420,8,-0.005273
2022,28660,8,0.034476
2022,28700,8,-0.006209
2022,28740,8,0.027059
2022,29100,8,-0.011798
2022,29340,8,-0.08184
2022,29420,8,0.019416
2022,29460,8,0.025232
2022,29540,8,0.000827
2022,29700,8,-0.009558
2022,29740,8,-0.001633
2022,29820,8,-0.011437
2022,29940,8,0.006612
2022,30140,8,0.005302
2022,30300,8,-0.00153
2022,30340,8,-0.001153
2022,30460,8,-0.011305
2022,30620,8,0.001895
2022,30700,8,0.000276
2022,30780,8,0.005251
2022,30860,8,0.030134
2022,31020,8,-0.0026
2022,31420,8,-0.016129
2022,31700,8,-0.00626
2022,31860,8,-0.009249
2022,32580,8,0.0077
2022,32780,8,0.005832
2022,32900,8,0.027739
2022,33140,8,0.003051
2022,33340,8,-0.006705
2022,33540,8,0.014313
2022,33700,8,0.006175
2022,33780,8,0.004193
2022,33860,8,-0.007192
2022,34060,8,-0.022712
2022,34580,8,-0.000823
2022,34620,8,0.011652
2022,34740,8,0.005747
2022,34940,8,0.039868
2022,35300,8,0.001584
2022,35660,8,-0.006759
2022,35840,8,0.034715
2022,35980,8,0.003478
2022,36100,8,0.018251
2022,36220,8,-0.078593
2022,36420,8,0.007004
2022,36500,8,0.00716
2022,36540,8,-0.003056
2022,36740,8,-0.013645
2022,36780,8,-0.002964
2022,36980,8,-0.019511
2022,37100,8,-0.006344
2022,37340,8,0.004774
2022,37860,8,-0.000236
2022,38060,8,0.018799
2022,38300,8,-0.016906
2022,38340,8,-0.002756
2022,38860,8,0.001624
2022,38900,8,-0.008131
2022,38940,8,0.031332
2022,39300,8,-0.009975
2022,39340,8,0.032198
2022,39380,8,-0.012564
2022,39460,8,0.051042
2022,39540,8,-0.006454
2022,39580,8,0.005566
2022,39740,8,0.005099
2022,39820,8,0.004394
2022,39900,8,0.003097
2022,40140,8,0.021501
2022,40420,8,0.006783
2022,40660,8,-0.010631
2022,40900,8,0.007576
2022,40980,8,0.007283
2022,41060,8,0.005998
2022,41100,8,0.070852
2022,41140,8,-0.006819
2022,41420,8,-0.004142
2022,41500,8,-0.001565
2022,41700,8,0.010231
2022,41740,8,-0.004991
2022,41940,8,-0.051055
2022,42020,8,2.6e-05
2022,42100,8,-0.01563
2022,42140,8,-0.018753
2022,42220,8,-0.022988
2022,42340,8,-0.002949
2022,42540,8,0.008222
2022,42680,8,0.013825
2022,43100,8,-0.00481
2022,43620,8,0.015026
2022,43780,8,-0.000114
2022,44100,8,-0.010283
2022,44180,8,0.021453
2022,44220,8,0.005864
2022,44300,8,-0.01847
2022,44700,8,0.025014
2022,45060,8,-0.004699
2022,45220,8,-0.012787
2022,45820,8,0.003062
2022,45940,8,0.006302
2022,46060,8,0.00092
2022,46140,8,0.00969
2022,46340,8,0.016757
2022,46540,8,-0.009579
2022,46660,8,-0.004906
2022,46700,8,-0.003271
2022,47220,8,0.022646
2022,47300,8,0.014756
2022,47940,8,-0.012901
2022,48300,8,0.000556
2022,48540,8,-0.046618
2022,48660,8,0.010274
2022,48700,8,-0.008289
2022,49020,8,0.011352
2022,49420,8,-0.017941
2022,49620,8,0.008872
2022,49660,8,0.005782
2022,49740,8,0.022648
2022,10180,9,0.001294
2022,10420,9,-0.00095
2022,10580,9,0.001639
2022,10740,9,-0.012041
2022,10780,9,-0.01427
2022,10900,9,0.013561
2022,11260,9,-0.008652
2022,11460,9,-0.018272
2022,11500,9,-0.009699
2022,11540,9,-0.000687
2022,11700,9,-0.010997
2022,12020,9,-0.007714
2022,12100,9,0.028109
2022,12220,9,0.003765
2022,12420,9,0.046924
2022,12540,9,0.018923
2022,12580,9,-0.016719
2022,12620,9,0.00145
2022,12700,9,0.01551
2022,12980,9,0.007407
2022,13020,9,0.004186
2022,13380,9,-0.00173
2022,13460,9,0.047225
2022,13780,9,-0.008297
2022,14260,9,0.033549
2022,14500,9,-0.035554
2022,14740,9,-0.014262
2022,14860,9,0.007097
2022,15180,9,0.010535
2022,15260,9,-0.014254
2022,15380,9,-0.008779
2022,15500,9,0.005487
2022,15540,9,-0.008909
2022,15940,9,0.002089
2022,15980,9,0.042869
2022,16180,9,-0.009194
2022,16220,9,-0.035323
2022,16300,9,-0.007505
2022,16700,9,-0.005458
2022,16860,9,-0.006907
2022,16940,9,-0.028874
2022,17020,9,-0.027343
2022,17420,9,0.012439
2022,17660,9,0.047909
2022,17780,9,0.004982
2022,17820,9,-0.0153
2022,17900,9,-0.006894
2022,18020,9,0.003505
2022,18700,9,-0.001064
2022,19340,9,-0.009359
2022,19460,9,0.009302
2022,19500,9,-0.012647
2022,19740,9,-0.028854
2022,20020,9,-0.004193
2022,20100,9,0.004324
2022,20220,9,-0.015502
2022,20740,9,0.005036
2022,20940,9,0.003152
2022,21140,9,-0.000246
2022,21300,9,-0.023023
2022,21500,9,-0.002672
2022,21660,9,-0.001573
2022,21820,9,-0.007701
2022,22020,9,-0.003222
2022,22140,9,-0.019174
2022,22380,9,-0.002708
2022,22420,9,0.000418
2022,22500,9,-0.022334
2022,22520,9,0.001321
2022,22540,9,0.003267
2022,22660,9,-0.024687
2022,23420,9,0.008407
2022,23460,9,-0.003936
2022,23580,9,0.008595
2022,24020,9,-0.001029
2022,24220,9,-0.018694
2022,24300,9,-0.006768
2022,24500,9,-0.017323
2022,24540,9,-0.005267
2022,24580,9,0.003863
2022,24660,9,-0.011675
2022,25420,9,0.006578
2022,25500,9,-0.015081
2022,25540,9,-0.00432
2022,25860,9,-0.01237
2022,25980,9,0.015888
2022,26300,9,0.005185
2022,26380,9,-0.018219
2022,26620,9,0.026268
2022,26980,9,-0.000914
2022,27060,9,-0.000943
2022,27100,9,-0.003096
2022,27260,9,0.009338
2022,27340,9,0.000387
2022,27500,9,0.003384
2022,27740,9,0.000882
2022,27780,9,-0.014389
2022,27860,9,-0.001546
2022,27900,9,0.014358
2022,28100,9,-0.001765
2022,28420,9,-0.004803
2022,28660,9,0.032856
2022,28700,9,-0.00533
2022,28740,9,0.026339
2022,29100,9,-0.01118
2022,29340,9,-0.076965
2022,29420,9,0.018169
2022,29460,9,0.023722
2022,29540,9,0.000217
2022,29700,9,-0.010945
2022,29740,9,-0.002315
2022,29820,9,-0.009678
2022,29940,9,0.005033
2022,30140,9,0.004924
2022,30300,9,0.001705
2022,30340,9,-0.000501
2022,30460,9,-0.011655
2022,30620,9,0.002325
2022,30700,9,0.000423
2022,30780,9,0.004098
2022,30860,9,0.029264
2022,31020,9,-0.002341
2022,31420,9,-0.014545
2022,31700,9,-0.006235
2022,31860,9,-0.008869
2022,32580,9,0.006172
2022,32780,9,0.00517
2022,32900,9,0.026705
2022,33140,9,0.003642
2022,33340,9,-0.007099
2022,33540,9,0.012204
2022,33700,9,0.005381
2022,33780,9,0.004026
2022,33860,9,-0.006827
2022,34060,9,-0.02129
2022,34580,9,-0.001046
2022,34620,9,0.01105
2022,34740,9,0.006074
2022,34940,9,0.036374
2022,35300,9,0.001647
2022,35660,9,-0.006308
2022,35840,9,0.032209
2022,35980,9,0.003161
2022,36100,9,0.017595
2022,36220,9,-0.065672
2022,36420,9,0.006097
2022,36500,9,0.007109
2022,36540,9,-0.002557
2022,36740,9,-0.012775
2022,36780,9,-0.003107
2022,36980,9,-0.018847
2022,37100,9,-0.007279
2022,37340,9,0.005155
2022,37860,9,2.9e-05
2022,38060,9,0.016402
2022,38300,9,-0.016299
2022,38340,9,-0.00218
2022,38860,9,0.001655
2022,38900,9,-0.007279
2022,38940,9,0.030054
2022,39300,9,-0.009557
2022,39340,9,0.030404
2022,39380,9,-0.011765
2022,39460,9,0.047821
2022,39540,9,-0.005809
2022,39580,9,0.005257
2022,39740,9,0.005174
2022,39820,9,0.003883
2022,39900,9,0.003071
2022,40140,9,0.01975
2022,40420,9,0.006239
2022,40660,9,-0.009856
2022,40900,9,0.007167
2022,40980,9,0.006146
2022,41060,9,0.005264
2022,41100,9,0.066699
2022,41140,9,-0.006089
2022,41420,9,-0.003493
2022,41500,9,-0.00202
2022,41700,9,0.009004
2022,41740,9,-0.005612
2022,41940,9,-0.044768
2022,42020,9,-0.000709
2022,42100,9,-0.014929
2022,42140,9,-0.016963
2022,42220,9,-0.019815
2022,42340,9,-0.002571
2022,42540,9,0.007951
2022,42680,9,0.013531
2022,43100,9,-0.004016
2022,43620,9,0.014349
2022,43780,9,-0.000469
2022,44100,9,-0.009997
2022,44180,9,0.020501
2022,44220,9,0.005953
2022,44300,9,-0.018534
2022,44700,9,0.024095
2022,45060,9,-0.005079
2022,45220,9,-0.012447
2022,45820,9,0.003097
2022,45940,9,0.006184
2022,46060,9,9.4e-05
2022,46140,9,0.00871
2022,46340,9,0.015483
2022,46540,9,-0.008963
2022,46660,9,-0.003754
2022,46700,9,-0.002904
2022,47220,9,0.021074
2022,47300,9,0.013514
2022,47940,9,-0.012589
2022,48300,9,0.000725
2022,48540,9,-0.044115
2022,48660,9,0.0104
2022,48700,9,-0.007586
2022,49020,9,0.010429
2022,49420,9,-0.015612
2022,49620,9,0.008414
2022,49660,9,0.005165
2022,49740,9,0.019465
2022,10180,10,0.002561
2022,10420,10,-0.001068
2022,10580,10,0.000367
2022,10740,10,-0.011892
2022,10780,10,-0.01472
2022,10900,10,0.013099
2022,11260,10,-0.011273
2022,11460,10,-0.019342
2022,11500,10,-0.009572
2022,11540,10,-0.002412
2022,11700,10,-0.00947
2022,12020,10,-0.006269
2022,12100,10,0.028176
2022,12220,10,-0.003842
2022,12420,10,0.050267
2022,12540,10,0.017727
2022,12580,10,-0.017925
2022,12620,10,0.002669
2022,12700,10,0.015425
2022,12980,10,0.009553
2022,13020,10,0.005736
2022,13380,10,-0.000801
2022,13460,10,0.047119
2022,13780,10,-0.008782
2022,14260,10,0.035519
2022,14500,10,-0.034374
2022,14740,10,-0.014073
2022,14860,10,0.00568
2022,15180,10,0.012529
2022,15260,10,-0.0143
2022,15380,10,-0.00674
2022,15500,10,0.007521
2022,15540,10,-0.009993
2022,15940,10,0.002111
2022,15980,10,0.042099
2022,16180,10,-0.011881
2022,16220,10,-0.037117
2022,16300,10,-0.007469
2022,16700,10,-0.006758
2022,16860,10,-0.00317
2022,16940,10,-0.03009
2022,17020,10,-0.026875
2022,17420,10,0.014333
2022,17660,10,0.048083
2022,17780,10,0.003762
2022,17820,10,-0.015593
2022,17900,10,-0.006829
2022,18020,10,0.004764
2022,18700,10,-0.000749
2022,19340,10,-0.010664
2022,19460,10,0.013799
2022,19500,10,-0.01348
2022,19740,10,-0.027166
2022,20020,10,-0.006189
2022,20100,10,0.000649
2022,20220,10,-0.016049
2022,20740,10,0.003691
2022,20940,10,0.002109
2022,21140,10,0.000336
2022,21300,10,-0.023368
2022,21500,10,-0.001107
2022,21660,10,0.000321
2022,21820,10,-0.007792
2022,22020,10,-0.006669
2022,22140,10,-0.02039
2022,22380,10,-0.000678
2022,22420,10,0.001106
2022,22500,10,-0.021678
2022,22520,10,0.003063
2022,22540,10,0.002578
2022,22660,10,-0.025706
2022,23420,10,0.007106
2022,23460,10,-0.001616
2022,23580,10,0.009398
2022,24020,10,-0.001741
2022,24220,10,-0.019729
2022,24300,10,-0.007912
2022,24500,10,-0.016338
2022,24540,10,-0.009831
2022,24580,10,0.002506
2022,24660,10,-0.010148
2022,25420,10,0.004099
2022,25500,10,-0.015806
2022,25540,10,-0.005496
2022,25860,10,-0.008316
2022,25980,10,0.017611
2022,26300,10,0.007105
2022,26380,10,-0.020896
2022,26620,10,0.025712
2022,26980,10,-0.003899
2022,27060,10,-0.000166
2022,27100,10,-0.003779
2022,27260,10,0.007175
2022,27340,10,-2e-05
2022,27500,10,0.003
2022,27740,10,0.002982
2022,27780,10,-0.016689
2022,27860,10,-0.003124
2022,27900,10,0.016382
2022,28100,10,-0.001839
2022,28420,10,-0.005272
2022,28660,10,0.033463
2022,28700,10,-0.000649
2022,28740,10,0.029878
2022,29100,10,-0.012119
2022,29340,10,-0.078058
2022,29420,10,0.019306
2022,29460,10,0.019103
2022,29540,10,0.000504
2022,29700,10,-0.013591
2022,29740,10,-0.004673
2022,29820,10,-0.012676
2022,29940,10,0.00641
2022,30140,10,0.005544
2022,30300,10,0.0062
2022,30340,10,0.001793
2022,30460,10,-0.011539
2022,30620,10,0.004477
2022,30700,10,0.000821
2022,30780,10,0.003448
2022,30860,10,0.033021
2022,31020,10,-0.001093
2022,31420,10,-0.014677
2022,31700,10,-0.005977
2022,31860,10,-0.010325
2022,32580,10,0.004181
2022,32780,10,0.005199
2022,32900,10,0.026577
2022,33140,10,0.003511
2022,33340,10,-0.008185
2022,33540,10,0.017185
2022,33700,10,0.00694
2022,33780,10,0.002218
2022,33860,10,-0.009749
2022,34060,10,-0.020726
2022,34580,10,-0.000351
2022,34620,10,0.013556
2022,34740,10,0.008142
2022,34940,10,0.037127
2022,35300,10,0.001192
2022,35660,10,-0.005613
2022,35840,10,0.03179
2022,35980,10,0.002808
2022,36100,10,0.013296
2022,36220,10,-0.068602
2022,36420,10,0.004879
2022,36500,10,0.007946
2022,36540,10,-0.003416
2022,36740,10,-0.016115
2022,36780,10,-0.003575
2022,36980,10,-0.018523
2022,37100,10,-0.007107
2022,37340,10,0.005099
2022,37860,10,0.000443
2022,38060,10,0.017202
2022,38300,10,-0.015901
2022,38340,10,-0.000537
2022,38860,10,0.001784
2022,38900,10,-0.006999
2022,38940,10,0.030258
2022,39300,10,-0.010489
2022,39340,10,0.029618
2022,39380,10,-0.008337
2022,39460,10,0.046604
2022,39540,10,-0.007234
2022,39580,10,0.003935
2022,39740,10,0.005206
2022,39820,10,0.00331
2022,39900,10,0.000446
2022,40140,10,0.020948
2022,40420,10,0.006559
2022,40660,10,-0.006917
2022,40900,10,0.006649
2022,40980,10,0.006961
2022,41060,10,0.006439
2022,41100,10,0.06434
2022,41140,10,-0.003391
2022,41420,10,-0.00228
2022,41500,10,-0.002912
2022,41700,10,0.009047
2022,41740,10,-0.003855
2022,41940,10,-0.045617
2022,42020,10,-0.001093
2022,42100,10,-0.013418
2022,42140,10,-0.019303
2022,42220,10,-0.020947
2022,42340,10,-0.004673
2022,42540,10,0.008062
2022,42680,10,0.013531
2022,43100,10,-0.004835
2022,43620,10,0.010869
2022,43780,10,0.000792
2022,44100,10,-0.011259
2022,44180,10,0.022531
2022,44220,10,0.006765
2022,44300,10,-0.019141
2022,44700,10,0.024696
2022,45060,10,-0.004004
2022,45220,10,-0.013607
2022,45820,10,0.005013
2022,45940,10,0.002928
2022,46060,10,-5e-06
2022,46140,10,0.008543
2022,46340,10,0.017019
2022,46540,10,-0.007416
2022,46660,10,-0.005862
2022,46700,10,-0.003465
2022,47220,10,0.022262
2022,47300,10,0.011992
2022,47940,10,-0.013007
2022,48300,10,0.000405
2022,48540,10,-0.043526
2022,48660,10,0.014506
2022,48700,10,-0.006809
2022,49020,10,0.008562
2022,49420,10,-0.013917
2022,49620,10,0.006854
2022,49660,10,0.006473
2022,49740,10,0.020285
2022,10180,11,0.003929
2022,10420,11,-0.001521
2022,10580,11,0.000456
2022,10740,11,-0.014274
2022,10780,11,-0.018074
2022,10900,11,0.014748
2022,11260,11,-0.015265
2022,11460,11,-0.022971
2022,11500,11,-0.011662
2022,11540,11,-0.00244
2022,11700,11,-0.009112
2022,12020,11,-0.007097
2022,12100,11,0.034231
2022,12220,11,-0.00549
2022,12420,11,0.063956
2022,12540,11,0.01981
2022,12580,11,-0.021152
2022,12620,11,0.00319
2022,12700,11,0.018101
2022,12980,11,0.012797
2022,13020,11,0.007589
2022,13380,11,5.9e-05
2022,13460,11,0.056448
2022,13780,11,-0.00853
2022,14260,11,0.043381
2022,14500,11,-0.038751
2022,14740,11,-0.013823
2022,14860,11,0.005832
2022,15180,11,0.014389
2022,15260,11,-0.018008
2022,15380,11,-0.005787
2022,15500,11,0.009929
2022,15540,11,-0.011918
2022,15940,11,0.002715
2022,15980,11,0.04886
2022,16180,11,-0.013925
2022,16220,11,-0.043416
2022,16300,11,-0.008105
2022,16700,11,-0.006908
2022,16860,11,-0.002228
2022,16940,11,-0.034937
2022,17020,11,-0.033075
2022,17420,11,0.01656
2022,17660,11,0.057037
2022,17780,11,0.004577
2022,17820,11,-0.016697
2022,17900,11,-0.008291
2022,18020,11,0.005785
2022,18700,11,-0.002574
2022,19340,11,-0.012839
2022,19460,11,0.01804
2022,19500,11,-0.01521
2022,19740,11,-0.029756
2022,20020,11,-0.009168
2022,20100,11,0.001104
2022,20220,11,-0.01829
2022,20740,11,0.004533
2022,20940,11,0.000563
2022,21140,11,0.000879
2022,21300,11,-0.028788
2022,21500,11,-0.000794
2022,21660,11,0.001795
2022,21820,11,-0.012499
2022,22020,11,-0.008317
2022,22140,11,-0.026239
2022,22380,11,0.001973
2022,22420,11,0.001119
2022,22500,11,-0.026788
2022,22520,11,0.004148
2022,22540,11,0.002315
2022,22660,11,-0.02975
2022,23420,11,0.007986
2022,23460,11,-0.001587
2022,23580,11,0.010107
2022,24020,11,-0.002032
2022,24220,11,-0.021951
2022,24300,11,-0.009453
2022,24500,11,-0.018332
2022,24540,11,-0.013425
2022,24580,11,0.002971
2022,24660,11,-0.010606
2022,25420,11,0.003435
2022,25500,11,-0.018655
2022,25540,11,-0.007263
2022,25860,11,-0.009559
2022,25980,11,0.020046
2022,26300,11,0.007472
2022,26380,11,-0.026862
2022,26620,11,0.031222
2022,26980,11,-0.006642
2022,27060,11,0.000245
2022,27100,11,-0.00556
2022,27260,11,0.009414
2022,27340,11,0.001311
2022,27500,11,0.002559
2022,27740,11,0.004001
2022,27780,11,-0.020577
2022,27860,11,-0.003897
2022,27900,11,0.019184
2022,28100,11,-0.003049
2022,28420,11,-0.005951
2022,28660,11,0.039835
2022,28700,11,-0.000283
2022,28740,11,0.035966
2022,29100,11,-0.01344
2022,29340,11,-0.082626
2022,29420,11,0.022772
2022,29460,11,0.019655
2022,29540,11,0.000591
2022,29700,11,-0.017865
2022,29740,11,-0.006819
2022,29820,11,-0.015467
2022,29940,11,0.007246
2022,30140,11,0.006375
2022,30300,11,0.004475
2022,30340,11,0.003678
2022,30460,11,-0.013393
2022,30620,11,0.005227
2022,30700,11,0.002168
2022,30780,11,0.003342
2022,30860,11,0.038793
2022,31020,11,-0.000653
2022,31420,11,-0.017751
2022,31700,11,-0.006623
2022,31860,11,-0.011741
2022,32580,11,0.003351
2022,32780,11,0.006884
2022,32900,11,0.028934
2022,33140,11,0.004346
2022,33340,11,-0.009236
2022,33540,11,0.022446
2022,33700,11,0.008871
2022,33780,11,0.001928
2022,33860,11,-0.012276
2022,34060,11,-0.026157
2022,34580,11,-3e-06
2022,34620,11,0.014662
2022,34740,11,0.009535
2022,34940,11,0.043488
2022,35300,11,0.000554
2022,35660,11,-0.006128
2022,35840,11,0.036961
2022,35980,11,0.002491
2022,36100,11,0.014426
2022,36220,11,-0.078268
2022,36420,11,0.004903
2022,36500,11,0.010585
2022,36540,11,-0.002984
2022,36740,11,-0.017551
2022,36780,11,-0.003557
2022,36980,11,-0.020993
2022,37100,11,-0.007836
2022,37340,11,0.005931
2022,37860,11,0.002744
2022,38060,11,0.020774
2022,38300,11,-0.017626
2022,38340,11,0.000499
2022,38860,11,0.002596
2022,38900,11,-0.006254
2022,38940,11,0.033996
2022,39300,11,-0.011737
2022,39340,11,0.034808
2022,39380,11,-0.00905
2022,39460,11,0.05306
2022,39540,11,-0.009097
2022,39580,11,0.005615
2022,39740,11,0.005478
2022,39820,11,0.003462
2022,39900,11,0.001342
2022,40140,11,0.02388
2022,40420,11,0.008245
2022,40660,11,-0.007017
2022,40900,11,0.00841
2022,40980,11,0.008631
2022,41060,11,0.00678
2022,41100,11,0.072596
2022,41140,11,-0.004736
2022,41420,11,-0.00234
2022,41500,11,-0.003281
2022,41700,11,0.009947
2022,41740,11,-0.003204
2022,41940,11,-0.051467
2022,42020,11,-0.002551
2022,42100,11,-0.014983
2022,42140,11,-0.02371
2022,42220,11,-0.026644
2022,42340,11,-0.005653
2022,42540,11,0.009085
2022,42680,11,0.014751
2022,43100,11,-0.006005
2022,43620,11,0.013727
2022,43780,11,0.001995
2022,44100,11,-0.013881
2022,44180,11,0.026801
2022,44220,11,0.008319
2022,44300,11,-0.024479
2022,44700,11,0.029233
2022,45060,11,-0.002982
2022,45220,11,-0.016217
2022,45820,11,0.006428
2022,45940,11,0.003822
2022,46060,11,-0.000123
2022,46140,11,0.00979
2022,46340,11,0.018501
2022,46540,11,-0.008117
2022,46660,11,-0.007369
2022,46700,11,-0.002908
2022,47220,11,0.027507
2022,47300,11,0.013358
2022,47940,11,-0.015957
2022,48300,11,0.001038
2022,48540,11,-0.051089
2022,48660,11,0.014122
2022,48700,11,-0.008551
2022,49020,11,0.008591
2022,49420,11,-0.015181
2022,49620,11,0.006131
2022,49660,11,0.008322
2022,49740,11,0.022277
2022,10180,12,0.002153
2022,10420,12,-0.000962
2022,10580,12,0.000782
2022,10740,12,-0.010732
2022,10780,12,-0.012915
2022,10900,12,0.012718
2022,11260,12,-0.00747
2022,11460,12,-0.017841
2022,11500,12,-0.008802
2022,11540,12,-0.001436
2022,11700,12,-0.010303
2022,12020,12,-0.00603
2022,12100,12,0.025312
2022,12220,12,-0.001545
2022,12420,12,0.041878
2022,12540,12,0.017996
2022,12580,12,-0.01561
2022,12620,12,0.001835
2022,12700,12,0.016448
2022,12980,12,0.007375
2022,13020,12,0.004111
2022,13380,12,-0.002042
2022,13460,12,0.042976
2022,13780,12,-0.008199
2022,14260,12,0.031052
2022,14500,12,-0.032736
2022,14740,12,-0.01558
2022,14860,12,0.006168
2022,15180,12,0.011127
2022,15260,12,-0.013757
2022,15380,12,-0.007972
2022,15500,12,0.007034
2022,15540,12,-0.008536
2022,15940,12,0.001794
2022,15980,12,0.038846
2022,16180,12,-0.010231
2022,16220,12,-0.032996
2022,16300,12,-0.00714
2022,16700,12,-0.006932
2022,16860,12,-0.004564
2022,16940,12,-0.027577
2022,17020,12,-0.027028
2022,17420,12,0.013009
2022,17660,12,0.04443
2022,17780,12,0.004413
2022,17820,12,-0.016082
2022,17900,12,-0.006023
2022,18020,12,0.004266
2022,18700,12,0.001572
2022,19340,12,-0.008851
2022,19460,12,0.010756
2022,19500,12,-0.012433
2022,19740,12,-0.026978
2022,20020,12,-0.003787
2022,20100,12,0.00075
2022,20220,12,-0.014644
2022,20740,12,0.003673
2022,20940,12,0.002654
2022,21140,12,-0.000119
2022,21300,12,-0.021499
2022,21500,12,-0.002019
2022,21660,12,-0.00149
2022,21820,12,-0.004828
2022,22020,12,-0.004625
2022,22140,12,-0.017025
2022,22380,12,-0.003857
2022,22420,12,-6.9e-05
2022,22500,12,-0.020005
2022,22520,12,0.002834
2022,22540,12,0.003809
2022,22660,12,-0.023014
2022,23420,12,0.007143
2022,23460,12,-0.002369
2022,23580,12,0.009511
2022,24020,12,-0.001763
2022,24220,12,-0.018251
2022,24300,12,-0.007316
2022,24500,12,-0.014259
2022,24540,12,-0.005497
2022,24580,12,0.003003
2022,24660,12,-0.010184
2022,25420,12,0.005745
2022,25500,12,-0.013965
2022,25540,12,-0.004371
2022,25860,12,-0.008469
2022,25980,12,0.017651
2022,26300,12,0.006821
2022,26380,12,-0.017068
2022,26620,12,0.023748
2022,26980,12,-0.000587
2022,27060,12,-6e-05
2022,27100,12,-0.002798
2022,27260,12,0.006697
2022,27340,12,-0.000277
2022,27500,12,0.003024
2022,27740,12,0.001848
2022,27780,12,-0.013844
2022,27860,12,-0.002551
2022,27900,12,0.015086
2022,28100,12,-0.001883
2022,28420,12,-0.004401
2022,28660,12,0.031389
2022,28700,12,-0.000928
2022,28740,12,0.026011
2022,29100,12,-0.011035
2022,29340,12,-0.079202
2022,29420,12,0.016978
2022,29460,12,0.020242
2022,29540,12,0.000695
2022,29700,12,-0.011942
2022,29740,12,-0.002785
2022,29820,12,-0.011014
2022,29940,12,0.005133
2022,30140,12,0.004931
2022,30300,12,0.005763
2022,30340,12,-0.000587
2022,30460,12,-0.011775
2022,30620,12,0.003146
2022,30700,12,-0.000292
2022,30780,12,0.004129
2022,30860,12,0.031219
2022,31020,12,-0.001858
2022,31420,12,-0.012439
2022,31700,12,-0.005989
2022,31860,12,-0.009338
2022,32580,12,0.005373
2022,32780,12,0.004354
2022,32900,12,0.027286
2022,33140,12,0.003907
2022,33340,12,-0.007809
2022,33540,12,0.012686
2022,33700,12,0.005752
2022,33780,12,0.004031
2022,33860,12,-0.007263
2022,34060,12,-0.016336
2022,34580,12,-0.000599
2022,34620,12,0.01177
2022,34740,12,0.006947
2022,34940,12,0.033533
2022,35300,12,0.001194
2022,35660,12,-0.005973
2022,35840,12,0.029601
2022,35980,12,0.002704
2022,36100,12,0.014117
2022,36220,12,-0.064515
2022,36420,12,0.005901
2022,36500,12,0.006691
2022,36540,12,-0.003987
2022,36740,12,-0.015506
2022,36780,12,-0.003604
2022,36980,12,-0.017889
2022,37100,12,-0.006611
2022,37340,12,0.00451
2022,37860,12,-0.001476
2022,38060,12,0.013884
2022,38300,12,-0.01553
2022,38340,12,-0.001249
2022,38860,12,0.001097
2022,38900,12,-0.007715
2022,38940,12,0.028722
2022,39300,12,-0.009948
2022,39340,12,0.028761
2022,39380,12,-0.009535
2022,39460,12,0.043771
2022,39540,12,-0.006242
2022,39580,12,0.003894
2022,39740,12,0.00525
2022,39820,12,0.003687
2022,39900,12,0.000343
2022,40140,12,0.019434
2022,40420,12,0.005249
2022,40660,12,-0.007946
2022,40900,12,0.006047
2022,40980,12,0.005924
2022,41060,12,0.006051
2022,41100,12,0.063194
2022,41140,12,-0.004802
2022,41420,12,-0.002928
2022,41500,12,-0.002603
2022,41700,12,0.008913
2022,41740,12,-0.005314
2022,41940,12,-0.042995
2022,42020,12,0.000496
2022,42100,12,-0.01322
2022,42140,12,-0.016789
2022,42220,12,-0.018421
2022,42340,12,-0.002991
2022,42540,12,0.008228
2022,42680,12,0.013568
2022,43100,12,-0.00364
2022,43620,12,0.010165
2022,43780,12,-0.000128
2022,44100,12,-0.0092
2022,44180,12,0.020507
2022,44220,12,0.005834
2022,44300,12,-0.017702
2022,44700,12,0.023305
2022,45060,12,-0.004788
2022,45220,12,-0.013071
2022,45820,12,0.003346
2022,45940,12,0.003753
2022,46060,12,-0.000761
2022,46140,12,0.008474
2022,46340,12,0.017242
2022,46540,12,-0.008068
2022,46660,12,-0.004492
2022,46700,12,-0.00411
2022,47220,12,0.019198
2022,47300,12,0.012121
2022,47940,12,-0.011156
2022,48300,12,3.8e-05
2022,48540,12,-0.039769
2022,48660,12,0.013131
2022,48700,12,-0.005961
2022,49020,12,0.010316
2022,49420,12,-0.013781
2022,49620,12,0.008055
2022,49660,12,0.00524
2022,49740,12,0.017893
2022,10180,13,0.002263
2022,10420,13,-0.001462
2022,10580,13,0.003722
2022,10740,13,-0.015875
2022,10780,13,-0.018654
2022,10900,13,0.016504
2022,11260,13,-0.012347
2022,11460,13,-0.023228
2022,11500,13,-0.013411
2022,11540,13,0.001156
2022,11700,13,-0.011614
2022,12020,13,-0.010577
2022,12100,13,0.036542
2022,12220,13,0.009938
2022,12420,13,0.066655
2022,12540,13,0.023019
2022,12580,13,-0.021021
2022,12620,13,0.00134
2022,12700,13,0.018815
2022,12980,13,0.010549
2022,13020,13,0.004686
2022,13380,13,-0.000902
2022,13460,13,0.063073
2022,13780,13,-0.00745
2022,14260,13,0.044459
2022,14500,13,-0.044585
2022,14740,13,-0.013528
2022,14860,13,0.008779
2022,15180,13,0.011184
2022,15260,13,-0.018817
2022,15380,13,-0.008934
2022,15500,13,0.006478
2022,15540,13,-0.010603
2022,15940,13,0.003045
2022,15980,13,0.055185
2022,16180,13,-0.010482
2022,16220,13,-0.044959
2022,16300,13,-0.008819
2022,16700,13,-0.003468
2022,16860,13,-0.00935
2022,16940,13,-0.034661
2022,17020,13,-0.037167
2022,17420,13,0.014109
2022,17660,13,0.062251
2022,17780,13,0.008205
2022,17820,13,-0.015791
2022,17900,13,-0.008985
2022,18020,13,0.004192
2022,18700,13,-0.004993
2022,19340,13,-0.011436
2022,19460,13,0.010258
2022,19500,13,-0.014605
2022,19740,13,-0.034381
2022,20020,13,-0.007007
2022,20100,13,0.009247
2022,20220,13,-0.018683
2022,20740,13,0.008253
2022,20940,13,0.002094
2022,21140,13,0.000462
2022,21300,13,-0.031681
2022,21500,13,-0.003603
2022,21660,13,-0.000756
2022,21820,13,-0.014986
2022,22020,13,-0.001937
2022,22140,13,-0.027608
2022,22380,13,-0.000133
2022,22420,13,-0.000151
2022,22500,13,-0.031495
2022,22520,13,0.001193
2022,22540,13,0.003326
2022,22660,13,-0.030333
2022,23420,13,0.011072
2022,23460,13,-0.00686
2022,23580,13,0.009016
2022,24020,13,-0.001616
2022,24220,13,-0.02148
2022,24300,13,-0.007724
2022,24500,13,-0.022022
2022,24540,13,-0.006681
2022,24580,13,0.006169
2022,24660,13,-0.014149
2022,25420,13,0.008064
2022,25500,13,-0.018973
2022,25540,13,-0.006
2022,25860,13,-0.019166
2022,25980,13,0.014855
2022,26300,13,0.002406
2022,26380,13,-0.024613
2022,26620,13,0.0349
2022,26980,13,-0.002092
2022,27060,13,-0.001575
2022,27100,13,-0.006056
2022,27260,13,0.015289
2022,27340,13,0.00191
2022,27500,13,0.003257
2022,27740,13,-2e-06
2022,27780,13,-0.018931
2022,27860,13,-0.000409
2022,27900,13,0.015695
2022,28100,13,-0.003431
2022,28420,13,-0.00479
2022,28660,13,0.042101
2022,28700,13,-0.01065
2022,28740,13,0.031513
2022,29100,13,-0.012049
2022,29340,13,-0.082718
2022,29420,13,0.022502
2022,29460,13,0.029897
2022,29540,13,0.000446
2022,29700,13,-0.013473
2022,29740,13,-0.003282
2022,29820,13,-0.012328
2022,29940,13,0.005741
2022,30140,13,0.00571
2022,30300,13,-0.007881
2022,30340,13,2e-06
2022,30460,13,-0.013596
2022,30620,13,0.000827
2022,30700,13,0.002336
2022,30780,13,0.004831
2022,30860,13,0.033829
2022,31020,13,-0.002644
2022,31420,13,-0.020404
2022,31700,13,-0.007179
2022,31860,13,-0.00954
2022,32580,13,0.007661
2022,32780,13,0.00792
2022,32900,13,0.029562
2022,33140,13,0.004215
2022,33340,13,-0.007065
2022,33540,13,0.016398
2022,33700,13,0.006765
2022,33780,13,0.005045
2022,33860,13,-0.008287
2022,34060,13,-0.031247
2022,34580,13,-0.000849
2022,34620,13,0.010244
2022,34740,13,0.005849
2022,34940,13,0.046575
2022,35300,13,0.000748
2022,35660,13,-0.007916
2022,35840,13,0.041394
2022,35980,13,0.002862
2022,36100,13,0.023695
2022,36220,13,-0.085198
2022,36420,13,0.00765
2022,36500,13,0.010318
2022,36540,13,-0.000813
2022,36740,13,-0.011338
2022,36780,13,-0.002289
2022,36980,13,-0.022522
2022,37100,13,-0.008068
2022,37340,13,0.006054
2022,37860,13,0.00343
2022,38060,13,0.022544
2022,38300,13,-0.018828
2022,38340,13,-0.002871
2022,38860,13,0.003161
2022,38900,13,-0.006578
2022,38940,13,0.035474
2022,39300,13,-0.010343
2022,39340,13,0.039711
2022,39380,13,-0.016366
2022,39460,13,0.059986
2022,39540,13,-0.007582
2022,39580,13,0.009834
2022,39740,13,0.005164
2022,39820,13,0.004527
2022,39900,13,0.00716
2022,40140,13,0.02338
2022,40420,13,0.008401
2022,40660,13,-0.01329
2022,40900,13,0.010506
2022,40980,13,0.008156
2022,41060,13,0.004539
2022,41100,13,0.082286
2022,41140,13,-0.011592
2022,41420,13,-0.004831
2022,41500,13,-0.001614
2022,41700,13,0.011205
2022,41740,13,-0.005701
2022,41940,13,-0.056406
2022,42020,13,-0.002508
2022,42100,13,-0.019272
2022,42140,13,-0.022268
2022,42220,13,-0.02936
2022,42340,13,-0.002112
2022,42540,13,0.008954
2022,42680,13,0.014894
2022,43100,13,-0.005472
2022,43620,13,0.023177
2022,43780,13,0.000378
2022,44100,13,-0.012851
2022,44180,13,0.024783
2022,44220,13,0.007102
2022,44300,13,-0.024967
2022,44700,13,0.030039
2022,45060,13,-0.004161
2022,45220,13,-0.015019
2022,45820,13,0.003083
2022,45940,13,0.010486
2022,46060,13,0.000367
2022,46140,13,0.011025
2022,46340,13,0.016144
2022,46540,13,-0.011655
2022,46660,13,-0.004998
2022,46700,13,-0.001678
2022,47220,13,0.027978
2022,47300,13,0.017307
2022,47940,13,-0.016909
2022,48300,13,0.002446
2022,48540,13,-0.057001
2022,48660,13,0.004968
2022,48700,13,-0.011465
2022,49020,13,0.012081
2022,49420,13,-0.020151
2022,49620,13,0.00868
2022,49660,13,0.006758
2022,49740,13,0.022741
2022,10180,14,0.003571
2022,10420,14,-0.00141
2022,10580,14,0.001162
2022,10740,14,-0.011797
2022,10780,14,-0.014731
2022,10900,14,0.014899
2022,11260,14,-0.010759
2022,11460,14,-0.020406
2022,11500,14,-0.009444
2022,11540,14,-0.001139
2022,11700,14,-0.010681
2022,12020,14,-0.006356
2022,12100,14,0.030959
2022,12220,14,0.000236
2022,12420,14,0.04857
2022,12540,14,0.020814
2022,12580,14,-0.016173
2022,12620,14,0.000712
2022,12700,14,0.019466
2022,12980,14,0.009164
2022,13020,14,0.00505
2022,13380,14,-0.002926
2022,13460,14,0.048257
2022,13780,14,-0.007708
2022,14260,14,0.035545
2022,14500,14,-0.037599
2022,14740,14,-0.0144
2022,14860,14,0.006488
2022,15180,14,0.011594
2022,15260,14,-0.016933
2022,15380,14,-0.007869
2022,15500,14,0.008262
2022,15540,14,-0.010495
2022,15940,14,0.002217
2022,15980,14,0.042436
2022,16180,14,-0.007051
2022,16220,14,-0.037513
2022,16300,14,-0.00685
2022,16700,14,-0.007542
2022,16860,14,-0.005783
2022,16940,14,-0.030881
2022,17020,14,-0.034986
2022,17420,14,0.013126
2022,17660,14,0.050168
2022,17780,14,0.004369
2022,17820,14,-0.017192
2022,17900,14,-0.007892
2022,18020,14,0.002666
2022,18700,14,0.000395
2022,19340,14,-0.010275
2022,19460,14,0.01216
2022,19500,14,-0.013902
2022,19740,14,-0.031166
2022,20020,14,-0.004919
2022,20100,14,0.002097
2022,20220,14,-0.015054
2022,20740,14,0.003754
2022,20940,14,0.002566
2022,21140,14,-9.8e-05
2022,21300,14,-0.025753
2022,21500,14,-0.003267
2022,21660,14,-0.000682
2022,21820,14,-0.010246
2022,22020,14,-0.006032
2022,22140,14,-0.021698
2022,22380,14,-0.001457
2022,22420,14,0.000549
2022,22500,14,-0.024849
2022,22520,14,0.002536
2022,22540,14,0.003603
2022,22660,14,-0.027511
2022,23420,14,0.00933
2022,23460,14,-0.003254
2022,23580,14,0.009661
2022,24020,14,-0.002647
2022,24220,14,-0.019945
2022,24300,14,-0.007572
2022,24500,14,-0.015698
2022,24540,14,-0.008751
2022,24580,14,0.003723
2022,24660,14,-0.010697
2022,25420,14,0.006128
2022,25500,14,-0.015752
2022,25540,14,-0.005875
2022,25860,14,-0.010672
2022,25980,14,0.01729
2022,26300,14,0.007394
2022,26380,14,-0.020755
2022,26620,14,0.027625
2022,26980,14,-0.002008
2022,27060,14,-0.000272
2022,27100,14,-0.003107
2022,27260,14,0.010369
2022,27340,14,0.001694
2022,27500,14,0.002613
2022,27740,14,0.001557
2022,27780,14,-0.016256
2022,27860,14,-0.002507
2022,27900,14,0.01645
2022,28100,14,-0.00315
2022,28420,14,-0.006027
2022,28660,14,0.036412
2022,28700,14,-0.002408
2022,28740,14,0.029367
2022,29100,14,-0.011734
2022,29340,14,-0.077822
2022,29420,14,0.01995
2022,29460,14,0.022231
2022,29540,14,0.000721
2022,29700,14,-0.015382
2022,29740,14,-0.003005
2022,29820,14,-0.011429
2022,29940,14,0.004638
2022,30140,14,0.005091
2022,30300,14,0.00435
2022,30340,14,0.000741
2022,30460,14,-0.013872
2022,30620,14,0.002677
2022,30700,14,0.000157
2022,30780,14,0.004843
2022,30860,14,0.033764
2022,31020,14,-0.001184
2022,31420,14,-0.013154
2022,31700,14,-0.00637
2022,31860,14,-0.008968
2022,32580,14,0.005605
2022,32780,14,0.006615
2022,32900,14,0.030208
2022,33140,14,0.004441
2022,33340,14,-0.008156
2022,33540,14,0.013224
2022,33700,14,0.007958
2022,33780,14,0.005681
2022,33860,14,-0.007118
2022,34060,14,-0.020762
2022,34580,14,-0.000141
2022,34620,14,0.010667
2022,34740,14,0.0077
2022,34940,14,0.036546
2022,35300,14,0.000872
2022,35660,14,-0.006139
2022,35840,14,0.032657
2022,35980,14,0.002727
2022,36100,14,0.0184
2022,36220,14,-0.074484
2022,36420,14,0.006587
2022,36500,14,0.009106
2022,36540,14,-0.002837
2022,36740,14,-0.013431
2022,36780,14,-0.004265
2022,36980,14,-0.019797
2022,37100,14,-0.007251
2022,37340,14,0.005968
2022,37860,14,0.000999
2022,38060,14,0.015837
2022,38300,14,-0.01689
2022,38340,14,-0.001194
2022,38860,14,0.001149
2022,38900,14,-0.008216
2022,38940,14,0.030915
2022,39300,14,-0.009386
2022,39340,14,0.032033
2022,39380,14,-0.011276
2022,39460,14,0.047086
2022,39540,14,-0.006515
2022,39580,14,0.004472
2022,39740,14,0.005968
2022,39820,14,0.00526
2022,39900,14,0.003208
2022,40140,14,0.020786
2022,40420,14,0.007356
2022,40660,14,-0.008168
2022,40900,14,0.007848
2022,40980,14,0.006919
2022,41060,14,0.006792
2022,41100,14,0.068736
2022,41140,14,-0.007285
2022,41420,14,-0.003826
2022,41500,14,-0.000958
2022,41700,14,0.009208
2022,41740,14,-0.006225
2022,41940,14,-0.049726
2022,42020,14,-0.00086
2022,42100,14,-0.015476
2022,42140,14,-0.016928
2022,42220,14,-0.024202
2022,42340,14,-0.001969
2022,42540,14,0.008966
2022,42680,14,0.014918
2022,43100,14,-0.003135
2022,43620,14,0.012595
2022,43780,14,4.5e-05
2022,44100,14,-0.0113
2022,44180,14,0.023298
2022,44220,14,0.006762
2022,44300,14,-0.023224
2022,44700,14,0.027408
2022,45060,14,-0.004533
2022,45220,14,-0.013694
2022,45820,14,0.004065
2022,45940,14,0.007504
2022,46060,14,0.000577
2022,46140,14,0.00989
2022,46340,14,0.018236
2022,46540,14,-0.009599
2022,46660,14,-0.005375
2022,46700,14,-0.002617
2022,47220,14,0.023804
2022,47300,14,0.01476
2022,47940,14,-0.013331
2022,48300,14,-0.000338
2022,48540,14,-0.045487
2022,48660,14,0.012043
2022,48700,14,-0.008844
2022,49020,14,0.011682
2022,49420,14,-0.014986
2022,49620,14,0.00872
2022,49660,14,0.006232
2022,49740,14,0.018315
2022,10180,15,0.001387
2022,10420,15,-0.001245
2022,10580,15,0.002343
2022,10740,15,-0.015422
2022,10780,15,-0.018203
2022,10900,15,0.015652
2022,11260,15,-0.013837
2022,11460,15,-0.020879
2022,11500,15,-0.012003
2022,11540,15,0.000629
2022,11700,15,-0.011323
2022,12020,15,-0.00868
2022,12100,15,0.034014
2022,12220,15,0.008018
2022,12420,15,0.058812
2022,12540,15,0.020821
2022,12580,15,-0.020417
2022,12620,15,0.001507
2022,12700,15,0.017594
2022,12980,15,0.009687
2022,13020,15,0.00475
2022,13380,15,-0.00024
2022,13460,15,0.056828
2022,13780,15,-0.007375
2022,14260,15,0.042875
2022,14500,15,-0.041525
2022,14740,15,-0.012096
2022,14860,15,0.006957
2022,15180,15,0.010766
2022,15260,15,-0.016864
2022,15380,15,-0.008159
2022,15500,15,0.005608
2022,15540,15,-0.010481
2022,15940,15,0.002453
2022,15980,15,0.04984
2022,16180,15,-0.008332
2022,16220,15,-0.042894
2022,16300,15,-0.008569
2022,16700,15,-0.003969
2022,16860,15,-0.008234
2022,16940,15,-0.033141
2022,17020,15,-0.031432
2022,17420,15,0.013878
2022,17660,15,0.058308
2022,17780,15,0.006514
2022,17820,15,-0.014739
2022,17900,15,-0.008821
2022,18020,15,0.003457
2022,18700,15,-0.00425
2022,19340,15,-0.012251
2022,19460,15,0.010129
2022,19500,15,-0.015249
2022,19740,15,-0.032414
2022,20020,15,-0.006641
2022,20100,15,0.006638
2022,20220,15,-0.017874
2022,20740,15,0.00708
2022,20940,15,0.00194
2022,21140,15,0.000384
2022,21300,15,-0.02894
2022,21500,15,-0.004092
2022,21660,15,-0.000647
2022,21820,15,-0.014666
2022,22020,15,-0.003442
2022,22140,15,-0.026934
2022,22380,15,-0.001114
2022,22420,15,0.000742
2022,22500,15,-0.029295
2022,22520,15,0.000552
2022,22540,15,0.002862
2022,22660,15,-0.028463
2022,23420,15,0.010206
2022,23460,15,-0.006042
2022,23580,15,0.009227
2022,24020,15,-0.0006
2022,24220,15,-0.021503
2022,24300,15,-0.006978
2022,24500,15,-0.021786
2022,24540,15,-0.006001
2022,24580,15,0.005181
2022,24660,15,-0.013506
2022,25420,15,0.007074
2022,25500,15,-0.018301
2022,25540,15,-0.00622
2022,25860,15,-0.016275
2022,25980,15,0.015427
2022,26300,15,0.003884
2022,26380,15,-0.023515
2022,26620,15,0.032132
2022,26980,15,-0.002362
2022,27060,15,-0.002477
2022,27100,15,-0.003866
2022,27260,15,0.013951
2022,27340,15,0.001445
2022,27500,15,0.003893
2022,27740,15,0.00053
2022,27780,15,-0.017453
2022,27860,15,-0.001438
2022,27900,15,0.01509
2022,28100,15,-0.003524
2022,28420,15,-0.0041
2022,28660,15,0.038827
2022,28700,15,-0.009748
2022,28740,15,0.031039
2022,29100,15,-0.012098
2022,29340,15,-0.079791
2022,29420,15,0.021889
2022,29460,15,0.029287
2022,29540,15,0.000726
2022,29700,15,-0.012571
2022,29740,15,-0.004198
2022,29820,15,-0.008467
2022,29940,15,0.005692
2022,30140,15,0.00537
2022,30300,15,-0.005681
2022,30340,15,0.000623
2022,30460,15,-0.012625
2022,30620,15,0.001033
2022,30700,15,0.002285
2022,30780,15,0.003709
2022,30860,15,0.031707
2022,31020,15,-0.001015
2022,31420,15,-0.018421
2022,31700,15,-0.005854
2022,31860,15,-0.008672
2022,32580,15,0.006635
2022,32780,15,0.006867
2022,32900,15,0.028544
2022,33140,15,0.004385
2022,33340,15,-0.007047
2022,33540,15,0.013704
2022,33700,15,0.006691
2022,33780,15,0.004772
2022,33860,15,-0.008248
2022,34060,15,-0.029656
2022,34580,15,0.00036
2022,34620,15,0.009777
2022,34740,15,0.007199
2022,34940,15,0.041761
2022,35300,15,0.000374
2022,35660,15,-0.007188
2022,35840,15,0.037789
2022,35980,15,0.002737
2022,36100,15,0.023022
2022,36220,15,-0.072592
2022,36420,15,0.006635
2022,36500,15,0.010369
2022,36540,15,-0.000408
2022,36740,15,-0.009915
2022,36780,15,-0.002268
2022,36980,15,-0.021135
2022,37100,15,-0.008924
2022,37340,15,0.007527
2022,37860,15,0.00358
2022,38060,15,0.020538
2022,38300,15,-0.017723
2022,38340,15,-0.002767
2022,38860,15,0.003222
2022,38900,15,-0.007141
2022,38940,15,0.034289
2022,39300,15,-0.009147
2022,39340,15,0.035756
2022,39380,15,-0.013493
2022,39460,15,0.055067
2022,39540,15,-0.005975
2022,39580,15,0.007763
2022,39740,15,0.005602
2022,39820,15,0.004063
2022,39900,15,0.006724
2022,40140,15,0.021452
2022,40420,15,0.007377
2022,40660,15,-0.011834
2022,40900,15,0.009048
2022,40980,15,0.007557
2022,41060,15,0.005414
2022,41100,15,0.075635
2022,41140,15,-0.00906
2022,41420,15,-0.003181
2022,41500,15,-0.001794
2022,41700,15,0.010424
2022,41740,15,-0.006432
2022,41940,15,-0.051756
2022,42020,15,-0.003201
2022,42100,15,-0.018878
2022,42140,15,-0.020208
2022,42220,15,-0.026083
2022,42340,15,-0.002337
2022,42540,15,0.00831
2022,42680,15,0.015884
2022,43100,15,-0.004615
2022,43620,15,0.02023
2022,43780,15,0.000413
2022,44100,15,-0.014136
2022,44180,15,0.023875
2022,44220,15,0.006878
2022,44300,15,-0.02302
2022,44700,15,0.027694
2022,45060,15,-0.004181
2022,45220,15,-0.01363
2022,45820,15,0.003351
2022,45940,15,0.00874
2022,46060,15,0.000616
2022,46140,15,0.009762
2022,46340,15,0.015639
2022,46540,15,-0.010063
2022,46660,15,-0.005215
2022,46700,15,-0.001922
2022,47220,15,0.025273
2022,47300,15,0.015479
2022,47940,15,-0.015988
2022,48300,15,0.002387
2022,48540,15,-0.053065
2022,48660,15,0.006458
2022,48700,15,-0.011019
2022,49020,15,0.010655
2022,49420,15,-0.017277
2022,49620,15,0.008636
2022,49660,15,0.005586
2022,49740,15,0.020527
2022,10180,16,0.00172
2022,10420,16,-0.000407
2022,10580,16,0.001417
2022,10740,16,-0.009864
2022,10780,16,-0.012072
2022,10900,16,0.013508
2022,11260,16,-0.007221
2022,11460,16,-0.019733
2022,11500,16,-0.009036
2022,11540,16,-0.002282
2022,11700,16,-0.011477
2022,12020,16,-0.007297
2022,12100,16,0.026378
2022,12220,16,-0.002694
2022,12420,16,0.043684
2022,12540,16,0.019403
2022,12580,16,-0.016507
2022,12620,16,0.003114
2022,12700,16,0.014925
2022,12980,16,0.008719
2022,13020,16,0.004611
2022,13380,16,-0.002453
2022,13460,16,0.045607
2022,13780,16,-0.008564
2022,14260,16,0.031616
2022,14500,16,-0.035616
2022,14740,16,-0.01724
2022,14860,16,0.007707
2022,15180,16,0.012894
2022,15260,16,-0.011529
2022,15380,16,-0.009493
2022,15500,16,0.006441
2022,15540,16,-0.009308
2022,15940,16,0.002082
2022,15980,16,0.042524
2022,16180,16,-0.013005
2022,16220,16,-0.034913
2022,16300,16,-0.007791
2022,16700,16,-0.007292
2022,16860,16,-0.004935
2022,16940,16,-0.028946
2022,17020,16,-0.024551
2022,17420,16,0.014153
2022,17660,16,0.045513
2022,17780,16,0.004745
2022,17820,16,-0.017108
2022,17900,16,-0.005575
2022,18020,16,0.005352
2022,18700,16,-0.000251
2022,19340,16,-0.009367
2022,19460,16,0.010896
2022,19500,16,-0.011915
2022,19740,16,-0.028576
2022,20020,16,-0.003504
2022,20100,16,0.00143
2022,20220,16,-0.01633
2022,20740,16,0.003342
2022,20940,16,0.004109
2022,21140,16,6.6e-05
2022,21300,16,-0.023243
2022,21500,16,-0.000988
2022,21660,16,-0.001711
2022,21820,16,-0.003307
2022,22020,16,-0.005189
2022,22140,16,-0.014818
2022,22380,16,-0.003065
2022,22420,16,0.000139
2022,22500,16,-0.020054
2022,22520,16,0.003522
2022,22540,16,0.003997
2022,22660,16,-0.025076
2022,23420,16,0.007693
2022,23460,16,-0.001838
2022,23580,16,0.010224
2022,24020,16,-0.001975
2022,24220,16,-0.020072
2022,24300,16,-0.007316
2022,24500,16,-0.015502
2022,24540,16,-0.007779
2022,24580,16,0.002738
2022,24660,16,-0.01093
2022,25420,16,0.005514
2022,25500,16,-0.014359
2022,25540,16,-0.003494
2022,25860,16,-0.008822
2022,25980,16,0.016919
2022,26300,16,0.006715
2022,26380,16,-0.016477
2022,26620,16,0.023544
2022,26980,16,-0.00068
2022,27060,16,-0.000958
2022,27100,16,-0.003978
2022,27260,16,0.005752
2022,27340,16,-0.001704
2022,27500,16,0.002973
2022,27740,16,0.001871
2022,27780,16,-0.014766
2022,27860,16,-0.001824
2022,27900,16,0.015459
2022,28100,16,-0.000172
2022,28420,16,-0.006172
2022,28660,16,0.031943
2022,28700,16,-0.001198
2022,28740,16,0.027295
2022,29100,16,-0.01247
2022,29340,16,-0.085498
2022,29420,16,0.018447
2022,29460,16,0.020879
2022,29540,16,0.000949
2022,29700,16,-0.009685
2022,29740,16,-0.001607
2022,29820,16,-0.012052
2022,29940,16,0.007418
2022,30140,16,0.005379
2022,30300,16,0.003439
2022,30340,16,-0.001365
2022,30460,16,-0.011212
2022,30620,16,0.003496
2022,30700,16,-0.000777
2022,30780,16,0.005344
2022,30860,16,0.031303
2022,31020,16,-0.002907
2022,31420,16,-0.013983
2022,31700,16,-0.006264
2022,31860,16,-0.010229
2022,32580,16,0.006683
2022,32780,16,0.004719
2022,32900,16,0.028028
2022,33140,16,0.003235
2022,33340,16,-0.007469
2022,33540,16,0.015662
2022,33700,16,0.006533
2022,33780,16,0.00331
2022,33860,16,-0.007706
2022,34060,16,-0.017779
2022,34580,16,-0.001045
2022,34620,16,0.013584
2022,34740,16,0.006359
2022,34940,16,0.037817
2022,35300,16,0.002011
2022,35660,16,-0.006279
2022,35840,16,0.032012
2022,35980,16,0.003744
2022,36100,16,0.013551
2022,36220,16,-0.073757
2022,36420,16,0.006311
2022,36500,16,0.005862
2022,36540,16,-0.005181
2022,36740,16,-0.017512
2022,36780,16,-0.003511
2022,36980,16,-0.01888
2022,37100,16,-0.005443
2022,37340,16,0.003996
2022,37860,16,-0.002525
2022,38060,16,0.016787
2022,38300,16,-0.016774
2022,38340,16,-0.001498
2022,38860,16,0.000573
2022,38900,16,-0.008565
2022,38940,16,0.030172
2022,39300,16,-0.011027
2022,39340,16,0.029191
2022,39380,16,-0.010001
2022,39460,16,0.047224
2022,39540,16,-0.00682
2022,39580,16,0.002994
2022,39740,16,0.005204
2022,39820,16,0.004147
2022,39900,16,-0.000324
2022,40140,16,0.021642
2022,40420,16,0.006199
2022,40660,16,-0.008574
2022,40900,16,0.006052
2022,40980,16,0.007432
2022,41060,16,0.007124
2022,41100,16,0.066606
2022,41140,16,-0.003395
2022,41420,16,-0.003685
2022,41500,16,-0.002268
2022,41700,16,0.00947
2022,41740,16,-0.004188
2022,41940,16,-0.047192
2022,42020,16,0.001526
2022,42100,16,-0.012987
2022,42140,16,-0.018813
2022,42220,16,-0.01965
2022,42340,16,-0.004403
2022,42540,16,0.008609
2022,42680,16,0.013745
2022,43100,16,-0.005027
2022,43620,16,0.009477
2022,43780,16,0.00014
2022,44100,16,-0.009312
2022,44180,16,0.02135
2022,44220,16,0.005985
2022,44300,16,-0.016896
2022,44700,16,0.023698
2022,45060,16,-0.004671
2022,45220,16,-0.013225
2022,45820,16,0.003846
2022,45940,16,0.003068
2022,46060,16,0.000498
2022,46140,16,0.00914
2022,46340,16,0.018242
2022,46540,16,-0.008262
2022,46660,16,-0.004953
2022,46700,16,-0.004484
2022,47220,16,0.021083
2022,47300,16,0.013067
2022,47940,16,-0.0111
2022,48300,16,-0.000775
2022,48540,16,-0.042028
2022,48660,16,0.014373
2022,48700,16,-0.006018
2022,49020,16,0.010935
2022,49420,16,-0.016545
2022,49620,16,0.008422
2022,49660,16,0.006095
2022,49740,16,0.023187
2022,10180,17,0.002038
2022,10420,17,-0.001029
2022,10580,17,0.002738
2022,10740,17,-0.01106
2022,10780,17,-0.013095
2022,10900,17,0.013294
2022,11260,17,-0.005789
2022,11460,17,-0.019167
2022,11500,17,-0.010023
2022,11540,17,-0.000662
2022,11700,17,-0.010686
2022,12020,17,-0.009112
2022,12100,17,0.028102
2022,12220,17,0.004422
2022,12420,17,0.050096
2022,12540,17,0.019718
2022,12580,17,-0.015705
2022,12620,17,0.001229
2022,12700,17,0.015038
2022,12980,17,0.00746
2022,13020,17,0.00396
2022,13380,17,-0.002669
2022,13460,17,0.048989
2022,13780,17,-0.008424
2022,14260,17,0.031321
2022,14500,17,-0.035655
2022,14740,17,-0.015347
2022,14860,17,0.00866
2022,15180,17,0.010517
2022,15260,17,-0.014714
2022,15380,17,-0.009312
2022,15500,17,0.005882
2022,15540,17,-0.008406
2022,15940,17,0.002528
2022,15980,17,0.044722
2022,16180,17,-0.011097
2022,16220,17,-0.034149
2022,16300,17,-0.007121
2022,16700,17,-0.005069
2022,16860,17,-0.007403
2022,16940,17,-0.028141
2022,17020,17,-0.030454
2022,17420,17,0.011694
2022,17660,17,0.046982
2022,17780,17,0.005819
2022,17820,17,-0.01569
2022,17900,17,-0.006344
2022,18020,17,0.003955
2022,18700,17,-0.001333
2022,19340,17,-0.007504
2022,19460,17,0.008902
2022,19500,17,-0.010776
2022,19740,17,-0.028673
2022,20020,17,-0.003874
2022,20100,17,0.006327
2022,20220,17,-0.015068
2022,20740,17,0.005377
2022,20940,17,0.003652
2022,21140,17,-0.000328
2022,21300,17,-0.023148
2022,21500,17,-0.001597
2022,21660,17,-0.001668
2022,21820,17,-0.006145
2022,22020,17,-0.001724
2022,22140,17,-0.01708
2022,22380,17,-0.001521
2022,22420,17,-0.000296
2022,22500,17,-0.021689
2022,22520,17,0.001954
2022,22540,17,0.003455
2022,22660,17,-0.024863
2022,23420,17,0.008492
2022,23460,17,-0.003957
2022,23580,17,0.007673
2022,24020,17,-0.002103
2022,24220,17,-0.017218
2022,24300,17,-0.007092
2022,24500,17,-0.015963
2022,24540,17,-0.006176
2022,24580,17,0.004236
2022,24660,17,-0.011352
2022,25420,17,0.006965
2022,25500,17,-0.01437
2022,25540,17,-0.003436
2022,25860,17,-0.013799
2022,25980,17,0.014355
2022,26300,17,0.003812
2022,26380,17,-0.017324
2022,26620,17,0.026328
2022,26980,17,-0.000627
2022,27060,17,0.000319
2022,27100,17,-0.004983
2022,27260,17,0.009115
2022,27340,17,0.000569
2022,27500,17,0.002483
2022,27740,17,0.000441
2022,27780,17,-0.014652
2022,27860,17,-0.000427
2022,27900,17,0.014115
2022,28100,17,-0.000965
2022,28420,17,-0.005763
2022,28660,17,0.033039
2022,28700,17,-0.005044
2022,28740,17,0.024592
2022,29100,17,-0.010517
2022,29340,17,-0.074863
2022,29420,17,0.017231
2022,29460,17,0.021701
2022,29540,17,-0.00031
2022,29700,17,-0.01086
2022,29740,17,-0.000821
2022,29820,17,-0.013476
2022,29940,17,0.004814
2022,30140,17,0.00496
2022,30300,17,0.001556
2022,30340,17,-0.001111
2022,30460,17,-0.011703
2022,30620,17,0.002512
2022,30700,17,2.6e-05
2022,30780,17,0.005103
2022,30860,17,0.029136
2022,31020,17,-0.004195
2022,31420,17,-0.015044
2022,31700,17,-0.007391
2022,31860,17,-0.00942
2022,32580,17,0.006737
2022,32780,17,0.005669
2022,32900,17,0.025773
2022,33140,17,0.002924
2022,33340,17,-0.006758
2022,33540,17,0.014276
2022,33700,17,0.004964
2022,33780,17,0.003665
2022,33860,17,-0.006318
2022,34060,17,-0.020326
2022,34580,17,-0.002652
2022,34620,17,0.011571
2022,34740,17,0.004169
2022,34940,17,0.038457
2022,35300,17,0.002436
2022,35660,17,-0.006412
2022,35840,17,0.03301
2022,35980,17,0.003384
2022,36100,17,0.016068
2022,36220,17,-0.073943
2022,36420,17,0.006546
2022,36500,17,0.005877
2022,36540,17,-0.003295
2022,36740,17,-0.014206
2022,36780,17,-0.003255
2022,36980,17,-0.018791
2022,37100,17,-0.005694
2022,37340,17,0.002879
2022,37860,17,-0.000843
2022,38060,17,0.017042
2022,38300,17,-0.01632
2022,38340,17,-0.00205
2022,38860,17,0.001121
2022,38900,17,-0.006396
2022,38940,17,0.028801
2022,39300,17,-0.010401
2022,39340,17,0.031357
2022,39380,17,-0.01358
2022,39460,17,0.048882
2022,39540,17,-0.007111
2022,39580,17,0.006285
2022,39740,17,0.00438
2022,39820,17,0.004152
2022,39900,17,0.002539
2022,40140,17,0.02043
2022,40420,17,0.006939
2022,40660,17,-0.010236
2022,40900,17,0.007863
2022,40980,17,0.006171
2022,41060,17,0.004154
2022,41100,17,0.067744
2022,41140,17,-0.007262
2022,41420,17,-0.005072
2022,41500,17,-0.001697
2022,41700,17,0.008921
2022,41740,17,-0.004235
2022,41940,17,-0.04584
2022,42020,17,0.000471
2022,42100,17,-0.013599
2022,42140,17,-0.017375
2022,42220,17,-0.020678
2022,42340,17,-0.00246
2022,42540,17,0.008036
2022,42680,17,0.011176
2022,43100,17,-0.004644
2022,43620,17,0.015153
2022,43780,17,-0.000717
2022,44100,17,-0.007315
2022,44180,17,0.019615
2022,44220,17,0.005721
2022,44300,17,-0.018417
2022,44700,17,0.024409
2022,45060,17,-0.005081
2022,45220,17,-0.012768
2022,45820,17,0.002823
2022,45940,17,0.007025
2022,46060,17,-1e-06
2022,46140,17,0.009271
2022,46340,17,0.01502
2022,46540,17,-0.0098
2022,46660,17,-0.003037
2022,46700,17,-0.002598
2022,47220,17,0.022075
2022,47300,17,0.014267
2022,47940,17,-0.012211
2022,48300,17,0.000257
2022,48540,17,-0.044044
2022,48660,17,0.009733
2022,48700,17,-0.006928
2022,49020,17,0.011098
2022,49420,17,-0.017453
2022,49620,17,0.007941
2022,49660,17,0.006099
2022,49740,17,0.020991
2022,10180,18,0.003353
2022,10420,18,-0.001773
2022,10580,18,0.000769
2022,10740,18,-0.015142
2022,10780,18,-0.018363
2022,10900,18,0.015519
2022,11260,18,-0.015999
2022,11460,18,-0.020396
2022,11500,18,-0.010852
2022,11540,18,0.00013
2022,11700,18,-0.009874
2022,12020,18,-0.005441
2022,12100,18,0.033232
2022,12220,18,0.002905
2022,12420,18,0.054807
2022,12540,18,0.019978
2022,12580,18,-0.019238
2022,12620,18,0.000718
2022,12700,18,0.020939
2022,12980,18,0.010077
2022,13020,18,0.005071
2022,13380,18,-0.000441
2022,13460,18,0.052417
2022,13780,18,-0.006904
2022,14260,18,0.043002
2022,14500,18,-0.039329
2022,14740,18,-0.011089
2022,14860,18,0.004434
2022,15180,18,0.010808
2022,15260,18,-0.018772
2022,15380,18,-0.005746
2022,15500,18,0.008168
2022,15540,18,-0.011057
2022,15940,18,0.002059
2022,15980,18,0.044165
2022,16180,18,-0.005243
2022,16220,18,-0.042486
2022,16300,18,-0.007618
2022,16700,18,-0.00594
2022,16860,18,-0.005544
2022,16940,18,-0.032842
2022,17020,18,-0.035608
2022,17420,18,0.014197
2022,17660,18,0.056842
2022,17780,18,0.005032
2022,17820,18,-0.015221
2022,17900,18,-0.009343
2022,18020,18,0.002484
2022,18700,18,-0.000935
2022,19340,18,-0.012951
2022,19460,18,0.012829
2022,19500,18,-0.016877
2022,19740,18,-0.031562
2022,20020,18,-0.007246
2022,20100,18,0.001976
2022,20220,18,-0.016152
2022,20740,18,0.005423
2022,20940,18,0.00051
2022,21140,18,0.000585
2022,21300,18,-0.028319
2022,21500,18,-0.004856
2022,21660,18,0.000509
2022,21820,18,-0.016072
2022,22020,18,-0.006542
2022,22140,18,-0.029285
2022,22380,18,-0.001263
2022,22420,18,0.001099
2022,22500,18,-0.029354
2022,22520,18,0.001467
2022,22540,18,0.002902
2022,22660,18,-0.028217
2022,23420,18,0.009624
2022,23460,18,-0.00484
2022,23580,18,0.010232
2022,24020,18,-0.001718
2022,24220,18,-0.02154
2022,24300,18,-0.007507
2022,24500,18,-0.018908
2022,24540,18,-0.007502
2022,24580,18,0.00444
2022,24660,18,-0.011551
2022,25420,18,0.005995
2022,25500,18,-0.018082
2022,25540,18,-0.008094
2022,25860,18,-0.011987
2022,25980,18,0.017318
2022,26300,18,0.006707
2022,26380,18,-0.025066
2022,26620,18,0.031088
2022,26980,18,-0.00334
2022,27060,18,-0.001557
2022,27100,18,-0.002373
2022,27260,18,0.013553
2022,27340,18,0.002436
2022,27500,18,0.003639
2022,27740,18,0.001769
2022,27780,18,-0.017931
2022,27860,18,-0.003331
2022,27900,18,0.016482
2022,28100,18,-0.005499
2022,28420,18,-0.003376
2022,28660,18,0.039355
2022,28700,18,-0.005311
2022,28740,18,0.032532
2022,29100,18,-0.011751
2022,29340,18,-0.077215
2022,29420,18,0.021901
2022,29460,18,0.026261
2022,29540,18,0.001375
2022,29700,18,-0.016917
2022,29740,18,-0.006192
2022,29820,18,-0.008665
2022,29940,18,0.004535
2022,30140,18,0.005269
2022,30300,18,0.000178
2022,30340,18,0.002436
2022,30460,18,-0.013898
2022,30620,18,0.001679
2022,30700,18,0.002203
2022,30780,18,0.00309
2022,30860,18,0.035163
2022,31020,18,0.001513
2022,31420,18,-0.015323
2022,31700,18,-0.005051
2022,31860,18,-0.008245
2022,32580,18,0.004812
2022,32780,18,0.006983
2022,32900,18,0.030375
2022,33140,18,0.005307
2022,33340,18,-0.008276
2022,33540,18,0.012604
2022,33700,18,0.008339
2022,33780,18,0.005979
2022,33860,18,-0.008833
2022,34060,18,-0.026202
2022,34580,18,0.002117
2022,34620,18,0.009019
2022,34740,18,0.009856
2022,34940,18,0.036932
2022,35300,18,-0.001037
2022,35660,18,-0.006423
2022,35840,18,0.034605
2022,35980,18,0.001604
2022,36100,18,0.022034
2022,36220,18,-0.070265
2022,36420,18,0.006243
2022,36500,18,0.012244
2022,36540,18,-0.000319
2022,36740,18,-0.010039
2022,36780,18,-0.003309
2022,36980,18,-0.02024
2022,37100,18,-0.009641
2022,37340,18,0.008749
2022,37860,18,0.004454
2022,38060,18,0.017257
2022,38300,18,-0.016584
2022,38340,18,-0.001547
2022,38860,18,0.003151
2022,38900,18,-0.007805
2022,38940,18,0.033354
2022,39300,18,-0.008151
2022,39340,18,0.034611
2022,39380,18,-0.010482
2022,39460,18,0.049493
2022,39540,18,-0.005842
2022,39580,18,0.00639
2022,39740,18,0.006398
2022,39820,18,0.00443
2022,39900,18,0.005727
2022,40140,18,0.020361
2022,40420,18,0.006853
2022,40660,18,-0.008757
2022,40900,18,0.0085
2022,40980,18,0.007068
2022,41060,18,0.006732
2022,41100,18,0.071355
2022,41140,18,-0.008966
2022,41420,18,-0.001899
2022,41500,18,-0.00164
2022,41700,18,0.010223
2022,41740,18,-0.007402
2022,41940,18,-0.05147
2022,42020,18,-0.003744
2022,42100,18,-0.018638
2022,42140,18,-0.018588
2022,42220,18,-0.027122
2022,42340,18,-0.001624
2022,42540,18,0.008602
2022,42680,18,0.017221
2022,43100,18,-0.002887
2022,43620,18,0.016526
2022,43780,18,0.000947
2022,44100,18,-0.015435
2022,44180,18,0.025283
2022,44220,18,0.007263
2022,44300,18,-0.025378
2022,44700,18,0.028622
2022,45060,18,-0.003629
2022,45220,18,-0.014148
2022,45820,18,0.004149
2022,45940,18,0.007966
2022,46060,18,0.000118
2022,46140,18,0.009692
2022,46340,18,0.017756
2022,46540,18,-0.009251
2022,46660,18,-0.006944
2022,46700,18,-0.002207
2022,47220,18,0.02448
2022,47300,18,0.014491
2022,47940,18,-0.015769
2022,48300,18,0.001945
2022,48540,18,-0.049801
2022,48660,18,0.009132
2022,48700,18,-0.011079
2022,49020,18,0.010344
2022,49420,18,-0.013433
2022,49620,18,0.008412
2022,49660,18,0.00556
2022,49740,18,0.015677
2022,10180,19,0.002403
2022,10420,19,-0.00092
2022,10580,19,0.002458
2022,10740,19,-0.013512
2022,10780,19,-0.016462
2022,10900,19,0.017055
2022,11260,19,-0.013204
2022,11460,19,-0.02302
2022,11500,19,-0.011146
2022,11540,19,-0.000654
2022,11700,19,-0.012598
2022,12020,19,-0.008407
2022,12100,19,0.034998
2022,12220,19,0.004487
2022,12420,19,0.056308
2022,12540,19,0.023235
2022,12580,19,-0.019557
2022,12620,19,0.001856
2022,12700,19,0.018804
2022,12980,19,0.010843
2022,13020,19,0.005185
2022,13380,19,-0.002154
2022,13460,19,0.056679
2022,13780,19,-0.007931
2022,14260,19,0.04183
2022,14500,19,-0.044464
2022,14740,19,-0.014655
2022,14860,19,0.008052
2022,15180,19,0.012808
2022,15260,19,-0.015786
2022,15380,19,-0.009517
2022,15500,19,0.006585
2022,15540,19,-0.011706
2022,15940,19,0.002626
2022,15980,19,0.050691
2022,16180,19,-0.008568
2022,16220,19,-0.044177
2022,16300,19,-0.008471
2022,16700,19,-0.006326
2022,16860,19,-0.008092
2022,16940,19,-0.034492
2022,17020,19,-0.033544
2022,17420,19,0.014873
2022,17660,19,0.05795
2022,17780,19,0.005973
2022,17820,19,-0.017389
2022,17900,19,-0.008613
2022,18020,19,0.003458
2022,18700,19,-0.003238
2022,19340,19,-0.012438
2022,19460,19,0.011082
2022,19500,19,-0.015325
2022,19740,19,-0.035285
2022,20020,19,-0.005495
2022,20100,19,0.005057
2022,20220,19,-0.018274
2022,20740,19,0.005399
2022,20940,19,0.003781
2022,21140,19,0.000379
2022,21300,19,-0.030312
2022,21500,19,-0.0037
2022,21660,19,-0.000857
2022,21820,19,-0.012624
2022,22020,19,-0.00557
2022,22140,19,-0.024385
2022,22380,19,-0.000905
2022,22420,19,0.001103
2022,22500,19,-0.029078
2022,22520,19,0.001842
2022,22540,19,0.003636
2022,22660,19,-0.031332
2022,23420,19,0.011183
2022,23460,19,-0.004886
2022,23580,19,0.010759
2022,24020,19,-0.002097
2022,24220,19,-0.023524
2022,24300,19,-0.007212
2022,24500,19,-0.020795
2022,24540,19,-0.009315
2022,24580,19,0.004669
2022,24660,19,-0.01338
2022,25420,19,0.007096
2022,25500,19,-0.01816
2022,25540,19,-0.005891
2022,25860,19,-0.014584
2022,25980,19,0.015649
2022,26300,19,0.005922
2022,26380,19,-0.022535
2022,26620,19,0.03105
2022,26980,19,-0.001942
2022,27060,19,-0.002594
2022,27100,19,-0.00406
2022,27260,19,0.012804
2022,27340,19,0.000588
2022,27500,19,0.003607
2022,27740,19,0.00082
2022,27780,19,-0.018302
2022,27860,19,-0.001314
2022,27900,19,0.016505
2022,28100,19,-0.002459
2022,28420,19,-0.006508
2022,28660,19,0.040126
2022,28700,19,-0.007284
2022,28740,19,0.032511
2022,29100,19,-0.013512
2022,29340,19,-0.087042
2022,29420,19,0.023418
2022,29460,19,0.02872
2022,29540,19,0.00129
2022,29700,19,-0.01266
2022,29740,19,-0.002669
2022,29820,19,-0.010306
2022,29940,19,0.007118
2022,30140,19,0.005766
2022,30300,19,-0.00319
2022,30340,19,8.3e-05
2022,30460,19,-0.013459
2022,30620,19,0.001697
2022,30700,19,0.000874
2022,30780,19,0.005657
2022,30860,19,0.034061
2022,31020,19,-0.001353
2022,31420,19,-0.017343
2022,31700,19,-0.006221
2022,31860,19,-0.009321
2022,32580,19,0.007912
2022,32780,19,0.007637
2022,32900,19,0.032014
2022,33140,19,0.004155
2022,33340,19,-0.007486
2022,33540,19,0.015186
2022,33700,19,0.008679
2022,33780,19,0.005718
2022,33860,19,-0.007894
2022,34060,19,-0.027765
2022,34580,19,0.00037
2022,34620,19,0.011382
2022,34740,19,0.007654
2022,34940,19,0.0437
2022,35300,19,0.001033
2022,35660,19,-0.007183
2022,35840,19,0.038673
2022,35980,19,0.003652
2022,36100,19,0.02275
2022,36220,19,-0.085731
2022,36420,19,0.007619
2022,36500,19,0.010043
2022,36540,19,-0.002205
2022,36740,19,-0.012545
2022,36780,19,-0.003398
2022,36980,19,-0.022129
2022,37100,19,-0.007702
2022,37340,19,0.007317
2022,37860,19,0.002004
2022,38060,19,0.021205
2022,38300,19,-0.018965
2022,38340,19,-0.002628
2022,38860,19,0.001953
2022,38900,19,-0.009287
2022,38940,19,0.035452
2022,39300,19,-0.009842
2022,39340,19,0.035888
2022,39380,19,-0.013367
2022,39460,19,0.055845
2022,39540,19,-0.006449
2022,39580,19,0.005582
2022,39740,19,0.006328
2022,39820,19,0.005685
2022,39900,19,0.005472
2022,40140,19,0.023627
2022,40420,19,0.008501
2022,40660,19,-0.011025
2022,40900,19,0.008942
2022,40980,19,0.008804
2022,41060,19,0.007685
2022,41100,19,0.078436
2022,41140,19,-0.008033
2022,41420,19,-0.004183
2022,41500,19,-0.000606
2022,41700,19,0.010994
2022,41740,19,-0.006349
2022,41940,19,-0.057997
2022,42020,19,-0.001449
2022,42100,19,-0.018539
2022,42140,19,-0.020213
2022,42220,19,-0.028165
2022,42340,19,-0.002725
2022,42540,19,0.009352
2022,42680,19,0.016944
2022,43100,19,-0.004597
2022,43620,19,0.016839
2022,43780,19,0.000409
2022,44100,19,-0.01394
2022,44180,19,0.025508
2022,44220,19,0.007167
2022,44300,19,-0.023868
2022,44700,19,0.029385
2022,45060,19,-0.004455
2022,45220,19,-0.013983
2022,45820,19,0.004119
2022,45940,19,0.008731
2022,46060,19,0.002086
2022,46140,19,0.011041
2022,46340,19,0.018863
2022,46540,19,-0.010631
2022,46660,19,-0.00624
2022,46700,19,-0.002515
2022,47220,19,0.027164
2022,47300,19,0.017071
2022,47940,19,-0.015326
2022,48300,19,0.000437
2022,48540,19,-0.053495
2022,48660,19,0.010344
2022,48700,19,-0.011106
2022,49020,19,0.012641
2022,49420,19,-0.018947
2022,49620,19,0.009936
2022,49660,19,0.006595
2022,49740,19,0.023979
