origin_year,cbsa_code,member,y_pred
2014,10180,0,-0.010625
2014,10420,0,0.005083
2014,10580,0,0.001751
2014,10740,0,-0.0191
2014,10780,0,-0.008285
2014,10900,0,0.014239
2014,11020,0,-0.014557
2014,11260,0,-0.03171
2014,11460,0,0.019761
2014,11500,0,0.000379
2014,11540,0,-0.007844
2014,11700,0,0.000433
2014,12020,0,-0.00021
2014,12100,0,0.017421
2014,12220,0,0.017991
2014,12420,0,0.022339
2014,12540,0,0.019886
2014,12580,0,-0.006198
2014,12620,0,-0.001369
2014,12700,0,-0.003982
2014,12980,0,0.01155
2014,13020,0,-0.000433
2014,13380,0,-0.0214
2014,13460,0,0.047205
2014,13780,0,0.00125
2014,14260,0,0.037302
2014,14500,0,-0.015058
2014,14740,0,-0.024406
2014,14860,0,0.006201
2014,15180,0,-0.004473
2014,15260,0,0.001353
2014,15380,0,-0.003089
2014,15500,0,-0.017245
2014,15540,0,-0.008433
2014,15940,0,0.001508
2014,15980,0,0.03162
2014,16180,0,0.019699
2014,16220,0,-0.005828
2014,16300,0,-0.008573
2014,16700,0,0.009918
2014,16860,0,-0.016298
2014,16940,0,-0.026335
2014,17020,0,0.001952
2014,17420,0,0.004961
2014,17660,0,0.010336
2014,17780,0,-0.009537
2014,17820,0,-0.014143
2014,17900,0,-0.015109
2014,18020,0,-0.009636
2014,18700,0,-0.038565
2014,19140,0,-0.000426
2014,19340,0,-0.009282
2014,19460,0,-0.008874
2014,19500,0,-0.018229
2014,19740,0,-0.004981
2014,20020,0,-0.00443
2014,20100,0,-0.002898
2014,20220,0,-0.011243
2014,20740,0,-0.003041
2014,20940,0,-0.002583
2014,21140,0,0.009981
2014,21300,0,-0.02233
2014,21500,0,-0.005011
2014,21660,0,-0.014507
2014,21820,0,-0.04111
2014,22020,0,0.018847
2014,22140,0,-0.040651
2014,22380,0,0.004584
2014,22420,0,0.026511
2014,22500,0,-0.028017
2014,22520,0,-0.006576
2014,22540,0,-0.015955
2014,22660,0,-0.015777
2014,23420,0,0.010548
2014,23460,0,-0.001717
2014,23580,0,0.029464
2014,24020,0,-0.004693
2014,24140,0,-0.023824
2014,24220,0,0.013085
2014,24300,0,-0.005927
2014,24500,0,-0.021498
2014,24540,0,-0.001111
2014,24580,0,-0.004771
2014,24660,0,-0.012982
2014,25260,0,-0.012701
2014,25420,0,0.002401
2014,25500,0,-0.01601
2014,25540,0,-0.001441
2014,25860,0,-0.019455
2014,25980,0,-0.024933
2014,26300,0,-0.000111
2014,26380,0,-0.003146
2014,26620,0,0.001806
2014,26980,0,0.006896
2014,27060,0,0.006712
2014,27100,0,0.024643
2014,27260,0,0.02125
2014,27340,0,-0.032097
2014,27500,0,0.008903
2014,27620,0,-0.01306
2014,27740,0,-0.003999
2014,27780,0,-0.018027
2014,27860,0,-0.00673
2014,27900,0,-0.011003
2014,28100,0,-0.002071
2014,28420,0,-0.056206
2014,28660,0,-0.011865
2014,28700,0,-0.024154
2014,28740,0,0.005698
2014,29100,0,-0.006713
2014,29340,0,-0.004755
2014,29420,0,0.007847
2014,29460,0,0.036488
2014,29540,0,0.007311
2014,29700,0,0.000295
2014,29740,0,-0.031479
2014,29820,0,0.072118
2014,29940,0,0.003512
2014,30140,0,0.000729
2014,30300,0,-0.021838
2014,30340,0,0.002802
2014,30460,0,0.006766
2014,30620,0,-0.017199
2014,30700,0,0.001353
2014,30780,0,-0.002905
2014,30860,0,-0.025185
2014,31020,0,-0.015814
2014,31420,0,-0.02006
2014,31700,0,0.003645
2014,31900,0,-0.005803
2014,32580,0,-0.000256
2014,32780,0,0.01244
2014,32900,0,0.019989
2014,33140,0,0.0019
2014,33340,0,0.002275
2014,33540,0,-0.023835
2014,33700,0,0.038509
2014,33780,0,0.005261
2014,33860,0,-0.004324
2014,34060,0,-0.015347
2014,34580,0,-0.009137
2014,34620,0,-0.005609
2014,34740,0,0.016974
2014,34900,0,0.021916
2014,34940,0,0.028242
2014,35300,0,-0.00099
2014,35660,0,-0.002162
2014,35980,0,-0.000704
2014,36100,0,0.03136
2014,36220,0,0.025042
2014,36420,0,0.006174
2014,36500,0,-0.009162
2014,36540,0,0.002285
2014,36740,0,0.048076
2014,36780,0,-0.00336
2014,36980,0,-0.001521
2014,37100,0,-0.004128
2014,37340,0,0.022425
2014,37860,0,0.001037
2014,38060,0,0.049484
2014,38300,0,-0.003894
2014,38340,0,-0.004367
2014,38860,0,0.002132
2014,38900,0,9.9e-05
2014,38940,0,0.03437
2014,39300,0,0.006968
2014,39340,0,0.019581
2014,39380,0,-0.024675
2014,39460,0,0.026758
2014,39540,0,0.006423
2014,39580,0,-0.005126
2014,39740,0,0.014375
2014,39820,0,0.010295
2014,39900,0,0.058911
2014,40140,0,0.016928
2014,40220,0,-0.015704
2014,40420,0,-0.000624
2014,40580,0,-0.023047
2014,40660,0,-0.011834
2014,40900,0,0.023362
2014,40980,0,-0.004263
2014,41060,0,0.008368
2014,41100,0,0.018816
2014,41140,0,-0.007887
2014,41420,0,-0.006619
2014,41500,0,0.00949
2014,41700,0,0.011493
2014,41740,0,-0.004844
2014,41940,0,-0.002003
2014,42020,0,0.000971
2014,42100,0,0.005573
2014,42140,0,-0.009614
2014,42220,0,0.014229
2014,42340,0,0.007924
2014,42540,0,-0.004181
2014,42680,0,0.01518
2014,43100,0,0.002524
2014,43300,0,0.009716
2014,43620,0,0.016454
2014,43780,0,-0.003438
2014,44100,0,-0.01158
2014,44180,0,0.007226
2014,44220,0,-0.006344
2014,44300,0,-0.005864
2014,44700,0,0.025211
2014,45060,0,-0.002907
2014,45220,0,-0.004867
2014,45820,0,-0.009289
2014,45940,0,0.014975
2014,46060,0,0.009921
2014,46140,0,0.000139
2014,46340,0,-0.002869
2014,46540,0,-0.005839
2014,46660,0,-0.032095
2014,46700,0,0.035536
2014,47220,0,0.006225
2014,47300,0,0.011845
2014,47940,0,-0.008543
2014,48300,0,-0.019693
2014,48540,0,-0.016122
2014,48660,0,-0.008872
2014,48700,0,-0.019035
2014,49020,0,0.006587
2014,49420,0,-0.035712
2014,49620,0,0.017303
2014,49660,0,-0.00359
2014,49700,0,0.02578
2014,49740,0,-0.000447
2014,10180,1,-0.006381
2014,10420,1,0.001848
2014,10580,1,0.0038
2014,10740,1,-0.01524
2014,10780,1,-0.003934
2014,10900,1,0.013639
2014,11020,1,-0.014324
2014,11260,1,-0.03114
2014,11460,1,0.012031
2014,11500,1,0.002562
2014,11540,1,-0.005053
2014,11700,1,-0.001038
2014,12020,1,-0.00361
2014,12100,1,0.023498
2014,12220,1,0.013153
2014,12420,1,0.014541
2014,12540,1,0.01881
2014,12580,1,0.001344
2014,12620,1,-0.004105
2014,12700,1,0.002517
2014,12980,1,0.006116
2014,13020,1,-0.001142
2014,13380,1,-0.017583
2014,13460,1,0.031239
2014,13780,1,0.000709
2014,14260,1,0.025728
2014,14500,1,-0.0175
2014,14740,1,-0.016853
2014,14860,1,0.003916
2014,15180,1,-0.00367
2014,15260,1,0.005871
2014,15380,1,-0.008026
2014,15500,1,-0.021486
2014,15540,1,-0.008104
2014,15940,1,-0.000536
2014,15980,1,0.028169
2014,16180,1,0.02656
2014,16220,1,-0.005736
2014,16300,1,-0.007908
2014,16700,1,0.007368
2014,16860,1,-0.018025
2014,16940,1,-0.023662
2014,17020,1,0.005363
2014,17420,1,0.002867
2014,17660,1,0.010715
2014,17780,1,-0.004788
2014,17820,1,-0.015539
2014,17900,1,-0.015391
2014,18020,1,-0.011466
2014,18700,1,-0.032161
2014,19140,1,-0.003945
2014,19340,1,-0.007486
2014,19460,1,-0.006754
2014,19500,1,-0.013162
2014,19740,1,-0.01118
2014,20020,1,-0.000987
2014,20100,1,-0.000898
2014,20220,1,-0.008606
2014,20740,1,-0.00097
2014,20940,1,0.000509
2014,21140,1,0.00399
2014,21300,1,-0.019487
2014,21500,1,-0.009991
2014,21660,1,-0.014657
2014,21820,1,-0.040245
2014,22020,1,0.012766
2014,22140,1,-0.024223
2014,22380,1,0.011705
2014,22420,1,0.018233
2014,22500,1,-0.02521
2014,22520,1,-0.00535
2014,22540,1,-0.009903
2014,22660,1,-0.018251
2014,23420,1,0.013618
2014,23460,1,-0.001344
2014,23580,1,0.015772
2014,24020,1,0.002489
2014,24140,1,-0.024673
2014,24220,1,0.008725
2014,24300,1,0.001109
2014,24500,1,-0.02199
2014,24540,1,-0.011158
2014,24580,1,-0.003221
2014,24660,1,-0.018047
2014,25260,1,-0.004049
2014,25420,1,-0.00077
2014,25500,1,-0.010576
2014,25540,1,-0.003655
2014,25860,1,-0.020077
2014,25980,1,-0.01914
2014,26300,1,0.00182
2014,26380,1,0.000937
2014,26620,1,0.001263
2014,26980,1,0.002541
2014,27060,1,0.00299
2014,27100,1,0.016661
2014,27260,1,0.020802
2014,27340,1,-0.017453
2014,27500,1,0.00596
2014,27620,1,-0.009795
2014,27740,1,-0.001604
2014,27780,1,-0.014006
2014,27860,1,-0.007973
2014,27900,1,-0.008385
2014,28100,1,0.001927
2014,28420,1,-0.049682
2014,28660,1,-0.008175
2014,28700,1,-0.021795
2014,28740,1,0.013016
2014,29100,1,-0.004026
2014,29340,1,-0.002038
2014,29420,1,0.013528
2014,29460,1,0.029947
2014,29540,1,0.003746
2014,29700,1,0.000478
2014,29740,1,-0.020217
2014,29820,1,0.057656
2014,29940,1,0.003536
2014,30140,1,-0.001598
2014,30300,1,-0.018179
2014,30340,1,0.000394
2014,30460,1,0.003072
2014,30620,1,-0.011585
2014,30700,1,-0.002298
2014,30780,1,-0.002205
2014,30860,1,-0.02292
2014,31020,1,-0.017571
2014,31420,1,-0.018141
2014,31700,1,0.003224
2014,31900,1,-0.003805
2014,32580,1,-0.001786
2014,32780,1,0.010086
2014,32900,1,0.020278
2014,33140,1,0.001623
2014,33340,1,0.005993
2014,33540,1,-0.015501
2014,33700,1,0.032072
2014,33780,1,0.004383
2014,33860,1,-0.001531
2014,34060,1,-0.018018
2014,34580,1,-0.009207
2014,34620,1,-0.006084
2014,34740,1,0.011055
2014,34900,1,0.018515
2014,34940,1,0.031396
2014,35300,1,0.000473
2014,35660,1,0.00161
2014,35980,1,0.000467
2014,36100,1,0.027869
2014,36220,1,0.017256
2014,36420,1,0.003332
2014,36500,1,-0.009777
2014,36540,1,-0.000248
2014,36740,1,0.039566
2014,36780,1,-0.003066
2014,36980,1,-0.006059
2014,37100,1,0.002327
2014,37340,1,0.025131
2014,37860,1,0.001335
2014,38060,1,0.038468
2014,38300,1,-0.00806
2014,38340,1,-0.005397
2014,38860,1,0.001007
2014,38900,1,-0.005867
2014,38940,1,0.032879
2014,39300,1,0.00855
2014,39340,1,0.00575
2014,39380,1,-0.02427
2014,39460,1,0.026009
2014,39540,1,0.009233
2014,39580,1,-0.010673
2014,39740,1,0.009812
2014,39820,1,0.010767
2014,39900,1,0.046807
2014,40140,1,0.019113
2014,40220,1,-0.013214
2014,40420,1,0.002987
2014,40580,1,-0.023417
2014,40660,1,-0.012834
2014,40900,1,0.019376
2014,40980,1,-0.002441
2014,41060,1,0.011906
2014,41100,1,0.014172
2014,41140,1,-0.00372
2014,41420,1,-0.011518
2014,41500,1,0.013154
2014,41700,1,0.006314
2014,41740,1,0.000556
2014,41940,1,-0.004904
2014,42020,1,0.003633
2014,42100,1,0.002212
2014,42140,1,-0.00669
2014,42220,1,0.011172
2014,42340,1,0.006286
2014,42540,1,-0.00528
2014,42680,1,0.01821
2014,43100,1,0.002498
2014,43300,1,0.004943
2014,43620,1,0.008199
2014,43780,1,-0.002635
2014,44100,1,-0.012072
2014,44180,1,0.004301
2014,44220,1,-0.005317
2014,44300,1,-0.005701
2014,44700,1,0.023997
2014,45060,1,-0.004369
2014,45220,1,0.001265
2014,45820,1,-0.006169
2014,45940,1,0.01742
2014,46060,1,0.0124
2014,46140,1,-0.000739
2014,46340,1,-0.002347
2014,46540,1,-0.004925
2014,46660,1,-0.023832
2014,46700,1,0.030241
2014,47220,1,0.010316
2014,47300,1,0.009783
2014,47940,1,-0.004203
2014,48300,1,-0.019747
2014,48540,1,-0.020575
2014,48660,1,-0.006771
2014,48700,1,-0.018781
2014,49020,1,0.009676
2014,49420,1,-0.036499
2014,49620,1,0.012401
2014,49660,1,-0.004252
2014,49700,1,0.022384
2014,49740,1,0.005938
2014,10180,2,-0.008246
2014,10420,2,0.002989
2014,10580,2,0.0028
2014,10740,2,-0.018783
2014,10780,2,-0.005922
2014,10900,2,0.014242
2014,11020,2,-0.014738
2014,11260,2,-0.035183
2014,11460,2,0.016926
2014,11500,2,0.00193
2014,11540,2,-0.006292
2014,11700,2,-0.001379
2014,12020,2,-0.003032
2014,12100,2,0.021827
2014,12220,2,0.015279
2014,12420,2,0.020149
2014,12540,2,0.021981
2014,12580,2,-0.002474
2014,12620,2,-0.003334
2014,12700,2,0.000639
2014,12980,2,0.0084
2014,13020,2,-0.000853
2014,13380,2,-0.022092
2014,13460,2,0.040473
2014,13780,2,0.001499
2014,14260,2,0.033422
2014,14500,2,-0.018415
2014,14740,2,-0.022749
2014,14860,2,0.005094
2014,15180,2,-0.004546
2014,15260,2,0.003531
2014,15380,2,-0.006298
2014,15500,2,-0.021477
2014,15540,2,-0.008319
2014,15940,2,0.000305
2014,15980,2,0.03427
2014,16180,2,0.025641
2014,16220,2,-0.006757
2014,16300,2,-0.008748
2014,16700,2,0.008695
2014,16860,2,-0.019171
2014,16940,2,-0.026937
2014,17020,2,0.003313
2014,17420,2,0.003494
2014,17660,2,0.011326
2014,17780,2,-0.00572
2014,17820,2,-0.016488
2014,17900,2,-0.016595
2014,18020,2,-0.010887
2014,18700,2,-0.037361
2014,19140,2,-0.003551
2014,19340,2,-0.008818
2014,19460,2,-0.007929
2014,19500,2,-0.015778
2014,19740,2,-0.009129
2014,20020,2,-0.002307
2014,20100,2,-0.002366
2014,20220,2,-0.010076
2014,20740,2,-0.001799
2014,20940,2,0.001385
2014,21140,2,0.006522
2014,21300,2,-0.020847
2014,21500,2,-0.008071
2014,21660,2,-0.01687
2014,21820,2,-0.044828
2014,22020,2,0.016803
2014,22140,2,-0.032638
2014,22380,2,0.009946
2014,22420,2,0.024003
2014,22500,2,-0.028011
2014,22520,2,-0.005625
2014,22540,2,-0.012921
2014,22660,2,-0.01823
2014,23420,2,0.013707
2014,23460,2,-0.001626
2014,23580,2,0.021191
2014,24020,2,-0.000114
2014,24140,2,-0.026196
2014,24220,2,0.011554
2014,24300,2,-0.001531
2014,24500,2,-0.024104
2014,24540,2,-0.007767
2014,24580,2,-0.004068
2014,24660,2,-0.017706
2014,25260,2,-0.008208
2014,25420,2,0.00038
2014,25500,2,-0.013617
2014,25540,2,-0.003257
2014,25860,2,-0.021695
2014,25980,2,-0.022247
2014,26300,2,0.000463
2014,26380,2,-0.000675
2014,26620,2,0.001937
2014,26980,2,0.004479
2014,27060,2,0.004677
2014,27100,2,0.021073
2014,27260,2,0.022253
2014,27340,2,-0.022855
2014,27500,2,0.007297
2014,27620,2,-0.01199
2014,27740,2,-0.002362
2014,27780,2,-0.015802
2014,27860,2,-0.007603
2014,27900,2,-0.010001
2014,28100,2,0.000155
2014,28420,2,-0.05534
2014,28660,2,-0.009891
2014,28700,2,-0.024512
2014,28740,2,0.009812
2014,29100,2,-0.005449
2014,29340,2,-0.003157
2014,29420,2,0.01303
2014,29460,2,0.034184
2014,29540,2,0.005102
2014,29700,2,0.000301
2014,29740,2,-0.026659
2014,29820,2,0.069428
2014,29940,2,0.003492
2014,30140,2,-0.00079
2014,30300,2,-0.02204
2014,30340,2,0.001393
2014,30460,2,0.004407
2014,30620,2,-0.014571
2014,30700,2,-0.000969
2014,30780,2,-0.002878
2014,30860,2,-0.025106
2014,31020,2,-0.01972
2014,31420,2,-0.020525
2014,31700,2,0.003658
2014,31900,2,-0.004878
2014,32580,2,-0.001682
2014,32780,2,0.010794
2014,32900,2,0.025517
2014,33140,2,0.00167
2014,33340,2,0.00434
2014,33540,2,-0.020448
2014,33700,2,0.039267
2014,33780,2,0.005891
2014,33860,2,-0.002762
2014,34060,2,-0.019287
2014,34580,2,-0.01177
2014,34620,2,-0.006113
2014,34740,2,0.014105
2014,34900,2,0.021412
2014,34940,2,0.03459
2014,35300,2,-0.000216
2014,35660,2,-0.000155
2014,35980,2,-0.000454
2014,36100,2,0.030139
2014,36220,2,0.022392
2014,36420,2,0.004453
2014,36500,2,-0.012553
2014,36540,2,0.000704
2014,36740,2,0.046145
2014,36780,2,-0.003764
2014,36980,2,-0.00458
2014,37100,2,0.000255
2014,37340,2,0.026584
2014,37860,2,0.000846
2014,38060,2,0.047674
2014,38300,2,-0.006516
2014,38340,2,-0.005516
2014,38860,2,0.001781
2014,38900,2,-0.004478
2014,38940,2,0.037075
2014,39300,2,0.008389
2014,39340,2,0.011773
2014,39380,2,-0.027011
2014,39460,2,0.029339
2014,39540,2,0.007907
2014,39580,2,-0.008134
2014,39740,2,0.011642
2014,39820,2,0.01071
2014,39900,2,0.055532
2014,40140,2,0.021453
2014,40220,2,-0.016004
2014,40420,2,0.001043
2014,40580,2,-0.025044
2014,40660,2,-0.013826
2014,40900,2,0.023177
2014,40980,2,-0.002746
2014,41060,2,0.010774
2014,41100,2,0.018722
2014,41140,2,-0.005751
2014,41420,2,-0.011959
2014,41500,2,0.013789
2014,41700,2,0.008144
2014,41740,2,-0.001001
2014,41940,2,-0.003095
2014,42020,2,0.00227
2014,42100,2,0.003119
2014,42140,2,-0.010131
2014,42220,2,0.013687
2014,42340,2,0.006826
2014,42540,2,-0.005226
2014,42680,2,0.018555
2014,43100,2,0.002238
2014,43300,2,0.006587
2014,43620,2,0.012089
2014,43780,2,-0.003116
2014,44100,2,-0.012492
2014,44180,2,0.005473
2014,44220,2,-0.006306
2014,44300,2,-0.005242
2014,44700,2,0.029649
2014,45060,2,-0.004097
2014,45220,2,-0.001523
2014,45820,2,-0.008222
2014,45940,2,0.016899
2014,46060,2,0.011812
2014,46140,2,-0.000517
2014,46340,2,-0.003343
2014,46540,2,-0.005553
2014,46660,2,-0.028164
2014,46700,2,0.036129
2014,47220,2,0.00891
2014,47300,2,0.011333
2014,47940,2,-0.006146
2014,48300,2,-0.022452
2014,48540,2,-0.020306
2014,48660,2,-0.008547
2014,48700,2,-0.019286
2014,49020,2,0.009392
2014,49420,2,-0.040048
2014,49620,2,0.014493
2014,49660,2,-0.004272
2014,49700,2,0.025837
2014,49740,2,0.003527
2014,10180,3,-0.008246
2014,10420,3,0.002989
2014,10580,3,0.0028
2014,10740,3,-0.018783
2014,10780,3,-0.005922
2014,10900,3,0.014242
2014,11020,3,-0.014738
2014,11260,3,-0.035183
2014,11460,3,0.016926
2014,11500,3,0.00193
2014,11540,3,-0.006292
2014,11700,3,-0.001379
2014,12020,3,-0.003032
2014,12100,3,0.021827
2014,12220,3,0.015279
2014,12420,3,0.020149
2014,12540,3,0.021981
2014,12580,3,-0.002474
2014,12620,3,-0.003334
2014,12700,3,0.000639
2014,12980,3,0.0084
2014,13020,3,-0.000853
2014,13380,3,-0.022092
2014,13460,3,0.040473
2014,13780,3,0.001499
2014,14260,3,0.033422
2014,14500,3,-0.018415
2014,14740,3,-0.022749
2014,14860,3,0.005094
2014,15180,3,-0.004546
2014,15260,3,0.003531
2014,15380,3,-0.006298
2014,15500,3,-0.021477
2014,15540,3,-0.008319
2014,15940,3,0.000305
2014,15980,3,0.03427
2014,16180,3,0.025641
2014,16220,3,-0.006757
2014,16300,3,-0.008748
2014,16700,3,0.008695
2014,16860,3,-0.019171
2014,16940,3,-0.026937
2014,17020,3,0.003313
2014,17420,3,0.003494
2014,17660,3,0.011326
2014,17780,3,-0.00572
2014,17820,3,-0.016488
2014,17900,3,-0.016595
2014,18020,3,-0.010887
2014,18700,3,-0.037361
2014,19140,3,-0.003551
2014,19340,3,-0.008818
2014,19460,3,-0.007929
2014,19500,3,-0.015778
2014,19740,3,-0.009129
2014,20020,3,-0.002307
2014,20100,3,-0.002366
2014,20220,3,-0.010076
2014,20740,3,-0.001799
2014,20940,3,0.001385
2014,21140,3,0.006522
2014,21300,3,-0.020847
2014,21500,3,-0.008071
2014,21660,3,-0.01687
2014,21820,3,-0.044828
2014,22020,3,0.016803
2014,22140,3,-0.032638
2014,22380,3,0.009946
2014,22420,3,0.024003
2014,22500,3,-0.028011
2014,22520,3,-0.005625
2014,22540,3,-0.012921
2014,22660,3,-0.01823
2014,23420,3,0.013707
2014,23460,3,-0.001626
2014,23580,3,0.021191
2014,24020,3,-0.000114
2014,24140,3,-0.026196
2014,24220,3,0.011554
2014,24300,3,-0.001531
2014,24500,3,-0.024104
2014,24540,3,-0.007767
2014,24580,3,-0.004068
2014,24660,3,-0.017706
2014,25260,3,-0.008208
2014,25420,3,0.00038
2014,25500,3,-0.013617
2014,25540,3,-0.003257
2014,25860,3,-0.021695
2014,25980,3,-0.022247
2014,26300,3,0.000463
2014,26380,3,-0.000675
2014,26620,3,0.001937
2014,26980,3,0.004479
2014,27060,3,0.004677
2014,27100,3,0.021073
2014,27260,3,0.022253
2014,27340,3,-0.022855
2014,27500,3,0.007297
2014,27620,3,-0.01199
2014,27740,3,-0.002362
2014,27780,3,-0.015802
2014,27860,3,-0.007603
2014,27900,3,-0.010001
2014,28100,3,0.000155
2014,28420,3,-0.05534
2014,28660,3,-0.009891
2014,28700,3,-0.024512
2014,28740,3,0.009812
2014,29100,3,-0.005449
2014,29340,3,-0.003157
2014,29420,3,0.01303
2014,29460,3,0.034184
2014,29540,3,0.005102
2014,29700,3,0.000301
2014,29740,3,-0.026659
2014,29820,3,0.069428
2014,29940,3,0.003492
2014,30140,3,-0.00079
2014,30300,3,-0.02204
2014,30340,3,0.001393
2014,30460,3,0.004407
2014,30620,3,-0.014571
2014,30700,3,-0.000969
2014,30780,3,-0.002878
2014,30860,3,-0.025106
2014,31020,3,-0.01972
2014,31420,3,-0.020525
2014,31700,3,0.003658
2014,31900,3,-0.004878
2014,32580,3,-0.001682
2014,32780,3,0.010794
2014,32900,3,0.025517
2014,33140,3,0.00167
2014,33340,3,0.00434
2014,33540,3,-0.020448
2014,33700,3,0.039267
2014,33780,3,0.005891
2014,33860,3,-0.002762
2014,34060,3,-0.019287
2014,34580,3,-0.01177
2014,34620,3,-0.006113
2014,34740,3,0.014105
2014,34900,3,0.021412
2014,34940,3,0.03459
2014,35300,3,-0.000216
2014,35660,3,-0.000155
2014,35980,3,-0.000454
2014,36100,3,0.030139
2014,36220,3,0.022392
2014,36420,3,0.004453
2014,36500,3,-0.012553
2014,36540,3,0.000704
2014,36740,3,0.046145
2014,36780,3,-0.003764
2014,36980,3,-0.00458
2014,37100,3,0.000255
2014,37340,3,0.026584
2014,37860,3,0.000846
2014,38060,3,0.047674
2014,38300,3,-0.006516
2014,38340,3,-0.005516
2014,38860,3,0.001781
2014,38900,3,-0.004478
2014,38940,3,0.037075
2014,39300,3,0.008389
2014,39340,3,0.011773
2014,39380,3,-0.027011
2014,39460,3,0.029339
2014,39540,3,0.007907
2014,39580,3,-0.008134
2014,39740,3,0.011642
2014,39820,3,0.01071
2014,39900,3,0.055532
2014,40140,3,0.021453
2014,40220,3,-0.016004
2014,40420,3,0.001043
2014,40580,3,-0.025044
2014,40660,3,-0.013826
2014,40900,3,0.023177
2014,40980,3,-0.002746
2014,41060,3,0.010774
2014,41100,3,0.018722
2014,41140,3,-0.005751
2014,41420,3,-0.011959
2014,41500,3,0.013789
2014,41700,3,0.008144
2014,41740,3,-0.001001
2014,41940,3,-0.003095
2014,42020,3,0.00227
2014,42100,3,0.003119
2014,42140,3,-0.010131
2014,42220,3,0.013687
2014,42340,3,0.006826
2014,42540,3,-0.005226
2014,42680,3,0.018555
2014,43100,3,0.002238
2014,43300,3,0.006587
2014,43620,3,0.012089
2014,43780,3,-0.003116
2014,44100,3,-0.012492
2014,44180,3,0.005473
2014,44220,3,-0.006306
2014,44300,3,-0.005242
2014,44700,3,0.029649
2014,45060,3,-0.004097
2014,45220,3,-0.001523
2014,45820,3,-0.008222
2014,45940,3,0.016899
2014,46060,3,0.011812
2014,46140,3,-0.000517
2014,46340,3,-0.003343
2014,46540,3,-0.005553
2014,46660,3,-0.028164
2014,46700,3,0.036129
2014,47220,3,0.00891
2014,47300,3,0.011333
2014,47940,3,-0.006146
2014,48300,3,-0.022452
2014,48540,3,-0.020306
2014,48660,3,-0.008547
2014,48700,3,-0.019286
2014,49020,3,0.009392
2014,49420,3,-0.040048
2014,49620,3,0.014493
2014,49660,3,-0.004272
2014,49700,3,0.025837
2014,49740,3,0.003527
2014,10180,4,-0.010785
2014,10420,4,0.0055
2014,10580,4,0.00147
2014,10740,4,-0.018507
2014,10780,4,-0.008322
2014,10900,4,0.014344
2014,11020,4,-0.014479
2014,11260,4,-0.030793
2014,11460,4,0.019458
2014,11500,4,-0.000118
2014,11540,4,-0.007879
2014,11700,4,0.000539
2014,12020,4,0.000406
2014,12100,4,0.016513
2014,12220,4,0.018181
2014,12420,4,0.02193
2014,12540,4,0.018864
2014,12580,4,-0.00675
2014,12620,4,-0.000955
2014,12700,4,-0.004942
2014,12980,4,0.011615
2014,13020,4,-0.000288
2014,13380,4,-0.020738
2014,13460,4,0.047807
2014,13780,4,0.000945
2014,14260,4,0.037417
2014,14500,4,-0.014667
2014,14740,4,-0.023437
2014,14860,4,0.006435
2014,15180,4,-0.004305
2014,15260,4,0.001836
2014,15380,4,-0.002658
2014,15500,4,-0.016112
2014,15540,4,-0.008613
2014,15940,4,0.001831
2014,15980,4,0.029457
2014,16180,4,0.019376
2014,16220,4,-0.006294
2014,16300,4,-0.008277
2014,16700,4,0.009953
2014,16860,4,-0.015724
2014,16940,4,-0.026277
2014,17020,4,0.001854
2014,17420,4,0.005136
2014,17660,4,0.010209
2014,17780,4,-0.01005
2014,17820,4,-0.013544
2014,17900,4,-0.014385
2014,18020,4,-0.009627
2014,18700,4,-0.036926
2014,19140,4,0.000146
2014,19340,4,-0.009567
2014,19460,4,-0.008919
2014,19500,4,-0.018773
2014,19740,4,-0.004881
2014,20020,4,-0.00429
2014,20100,4,-0.002555
2014,20220,4,-0.011239
2014,20740,4,-0.00346
2014,20940,4,-0.003123
2014,21140,4,0.010218
2014,21300,4,-0.022602
2014,21500,4,-0.004431
2014,21660,4,-0.01308
2014,21820,4,-0.03987
2014,22020,4,0.018529
2014,22140,4,-0.041152
2014,22380,4,0.004251
2014,22420,4,0.026798
2014,22500,4,-0.027409
2014,22520,4,-0.006651
2014,22540,4,-0.016089
2014,22660,4,-0.015397
2014,23420,4,0.009883
2014,23460,4,-0.001949
2014,23580,4,0.030528
2014,24020,4,-0.00534
2014,24140,4,-0.023235
2014,24220,4,0.012514
2014,24300,4,-0.006301
2014,24500,4,-0.021461
2014,24540,4,-0.000527
2014,24580,4,-0.004635
2014,24660,4,-0.011843
2014,25260,4,-0.012508
2014,25420,4,0.002905
2014,25500,4,-0.016096
2014,25540,4,-0.000993
2014,25860,4,-0.018703
2014,25980,4,-0.024979
2014,26300,4,-8.7e-05
2014,26380,4,-0.003769
2014,26620,4,0.001681
2014,26980,4,0.006969
2014,27060,4,0.006296
2014,27100,4,0.024752
2014,27260,4,0.021159
2014,27340,4,-0.032411
2014,27500,4,0.008879
2014,27620,4,-0.012905
2014,27740,4,-0.004329
2014,27780,4,-0.018122
2014,27860,4,-0.006174
2014,27900,4,-0.010995
2014,28100,4,-0.002331
2014,28420,4,-0.054803
2014,28660,4,-0.011727
2014,28700,4,-0.023802
2014,28740,4,0.004916
2014,29100,4,-0.007336
2014,29340,4,-0.004814
2014,29420,4,0.006692
2014,29460,4,0.036699
2014,29540,4,0.007734
2014,29700,4,0.000667
2014,29740,4,-0.031188
2014,29820,4,0.07129
2014,29940,4,0.003611
2014,30140,4,0.000946
2014,30300,4,-0.021794
2014,30340,4,0.00317
2014,30460,4,0.006847
2014,30620,4,-0.017107
2014,30700,4,0.001773
2014,30780,4,-0.002568
2014,30860,4,-0.024475
2014,31020,4,-0.013796
2014,31420,4,-0.019187
2014,31700,4,0.003744
2014,31900,4,-0.00555
2014,32580,4,0.000165
2014,32780,4,0.01313
2014,32900,4,0.017586
2014,33140,4,0.001798
2014,33340,4,0.001904
2014,33540,4,-0.024215
2014,33700,4,0.036644
2014,33780,4,0.005376
2014,33860,4,-0.003928
2014,34060,4,-0.015252
2014,34580,4,-0.007782
2014,34620,4,-0.005445
2014,34740,4,0.017336
2014,34900,4,0.021062
2014,34940,4,0.026137
2014,35300,4,-0.000879
2014,35660,4,-0.002412
2014,35980,4,-0.000395
2014,36100,4,0.031461
2014,36220,4,0.024224
2014,36420,4,0.006281
2014,36500,4,-0.007717
2014,36540,4,0.002623
2014,36740,4,0.047777
2014,36780,4,-0.003408
2014,36980,4,-0.001182
2014,37100,4,-0.005561
2014,37340,4,0.021196
2014,37860,4,0.001218
2014,38060,4,0.048369
2014,38300,4,-0.003503
2014,38340,4,-0.004679
2014,38860,4,0.002047
2014,38900,4,0.001283
2014,38940,4,0.032685
2014,39300,4,0.006541
2014,39340,4,0.020624
2014,39380,4,-0.023884
2014,39460,4,0.025164
2014,39540,4,0.006166
2014,39580,4,-0.004232
2014,39740,4,0.014659
2014,39820,4,0.010135
2014,39900,4,0.058387
2014,40140,4,0.015001
2014,40220,4,-0.015428
2014,40420,4,-0.000489
2014,40580,4,-0.022129
2014,40660,4,-0.011089
2014,40900,4,0.022314
2014,40980,4,-0.00378
2014,41060,4,0.008087
2014,41100,4,0.019083
2014,41140,4,-0.008054
2014,41420,4,-0.004776
2014,41500,4,0.0081
2014,41700,4,0.011521
2014,41740,4,-0.006236
2014,41940,4,-0.002237
2014,42020,4,0.000353
2014,42100,4,0.005581
2014,42140,4,-0.009213
2014,42220,4,0.013519
2014,42340,4,0.007924
2014,42540,4,-0.003776
2014,42680,4,0.014324
2014,43100,4,0.002253
2014,43300,4,0.009993
2014,43620,4,0.016578
2014,43780,4,-0.003352
2014,44100,4,-0.011713
2014,44180,4,0.007584
2014,44220,4,-0.005949
2014,44300,4,-0.005895
2014,44700,4,0.023151
2014,45060,4,-0.002627
2014,45220,4,-0.004879
2014,45820,4,-0.009266
2014,45940,4,0.014634
2014,46060,4,0.009852
2014,46140,4,0.000358
2014,46340,4,-0.002869
2014,46540,4,-0.005917
2014,46660,4,-0.031967
2014,46700,4,0.034419
2014,47220,4,0.006194
2014,47300,4,0.011847
2014,47940,4,-0.008842
2014,48300,4,-0.018348
2014,48540,4,-0.016051
2014,48660,4,-0.008869
2014,48700,4,-0.019018
2014,49020,4,0.005743
2014,49420,4,-0.033999
2014,49620,4,0.017813
2014,49660,4,-0.003293
2014,49700,4,0.024717
2014,49740,4,-0.000611
2014,10180,5,-0.010719
2014,10420,5,0.005328
2014,10580,5,0.00159
2014,10740,5,-0.018755
2014,10780,5,-0.008308
2014,10900,5,0.014303
2014,11020,5,-0.014514
2014,11260,5,-0.031173
2014,11460,5,0.019585
2014,11500,5,8.7e-05
2014,11540,5,-0.007865
2014,11700,5,0.000498
2014,12020,5,0.000151
2014,12100,5,0.016896
2014,12220,5,0.018105
2014,12420,5,0.022104
2014,12540,5,0.019288
2014,12580,5,-0.006518
2014,12620,5,-0.001127
2014,12700,5,-0.004543
2014,12980,5,0.011589
2014,13020,5,-0.000351
2014,13380,5,-0.021011
2014,13460,5,0.04756
2014,13780,5,0.00107
2014,14260,5,0.03737
2014,14500,5,-0.014829
2014,14740,5,-0.023839
2014,14860,5,0.006337
2014,15180,5,-0.004375
2014,15260,5,0.001636
2014,15380,5,-0.002838
2014,15500,5,-0.016585
2014,15540,5,-0.008538
2014,15940,5,0.001697
2014,15980,5,0.03035
2014,16180,5,0.019514
2014,16220,5,-0.006098
2014,16300,5,-0.008401
2014,16700,5,0.009942
2014,16860,5,-0.015963
2014,16940,5,-0.026301
2014,17020,5,0.001899
2014,17420,5,0.005065
2014,17660,5,0.010263
2014,17780,5,-0.009839
2014,17820,5,-0.013793
2014,17900,5,-0.014688
2014,18020,5,-0.009632
2014,18700,5,-0.037611
2014,19140,5,-9.1e-05
2014,19340,5,-0.009447
2014,19460,5,-0.008903
2014,19500,5,-0.01855
2014,19740,5,-0.004921
2014,20020,5,-0.004348
2014,20100,5,-0.002696
2014,20220,5,-0.011241
2014,20740,5,-0.003284
2014,20940,5,-0.002907
2014,21140,5,0.01012
2014,21300,5,-0.022494
2014,21500,5,-0.004673
2014,21660,5,-0.013673
2014,21820,5,-0.040387
2014,22020,5,0.018665
2014,22140,5,-0.040947
2014,22380,5,0.004391
2014,22420,5,0.026678
2014,22500,5,-0.027666
2014,22520,5,-0.006622
2014,22540,5,-0.016036
2014,22660,5,-0.015555
2014,23420,5,0.010159
2014,23460,5,-0.001852
2014,23580,5,0.03009
2014,24020,5,-0.005072
2014,24140,5,-0.023482
2014,24220,5,0.012755
2014,24300,5,-0.006147
2014,24500,5,-0.021478
2014,24540,5,-0.000771
2014,24580,5,-0.004692
2014,24660,5,-0.012318
2014,25260,5,-0.012591
2014,25420,5,0.002694
2014,25500,5,-0.016059
2014,25540,5,-0.00118
2014,25860,5,-0.019019
2014,25980,5,-0.024961
2014,26300,5,-9.8e-05
2014,26380,5,-0.00351
2014,26620,5,0.001732
2014,26980,5,0.00694
2014,27060,5,0.00647
2014,27100,5,0.024709
2014,27260,5,0.021202
2014,27340,5,-0.032284
2014,27500,5,0.00889
2014,27620,5,-0.012971
2014,27740,5,-0.004192
2014,27780,5,-0.018089
2014,27860,5,-0.006407
2014,27900,5,-0.011003
2014,28100,5,-0.002222
2014,28420,5,-0.055393
2014,28660,5,-0.011787
2014,28700,5,-0.02395
2014,28740,5,0.005245
2014,29100,5,-0.007075
2014,29340,5,-0.004789
2014,29420,5,0.007171
2014,29460,5,0.036615
2014,29540,5,0.007559
2014,29700,5,0.000512
2014,29740,5,-0.031311
2014,29820,5,0.071638
2014,29940,5,0.00357
2014,30140,5,0.000856
2014,30300,5,-0.021815
2014,30340,5,0.003017
2014,30460,5,0.006817
2014,30620,5,-0.017149
2014,30700,5,0.001598
2014,30780,5,-0.002708
2014,30860,5,-0.024775
2014,31020,5,-0.014637
2014,31420,5,-0.019553
2014,31700,5,0.003703
2014,31900,5,-0.005657
2014,32580,5,-1.1e-05
2014,32780,5,0.012847
2014,32900,5,0.018576
2014,33140,5,0.001842
2014,33340,5,0.002061
2014,33540,5,-0.024058
2014,33700,5,0.037419
2014,33780,5,0.005326
2014,33860,5,-0.004093
2014,34060,5,-0.015289
2014,34580,5,-0.008344
2014,34620,5,-0.005514
2014,34740,5,0.017186
2014,34900,5,0.021421
2014,34940,5,0.027009
2014,35300,5,-0.000925
2014,35660,5,-0.002307
2014,35980,5,-0.000524
2014,36100,5,0.031424
2014,36220,5,0.024568
2014,36420,5,0.006238
2014,36500,5,-0.008316
2014,36540,5,0.002483
2014,36740,5,0.047907
2014,36780,5,-0.003387
2014,36980,5,-0.001322
2014,37100,5,-0.004965
2014,37340,5,0.021707
2014,37860,5,0.001144
2014,38060,5,0.048834
2014,38300,5,-0.003665
2014,38340,5,-0.004549
2014,38860,5,0.002083
2014,38900,5,0.000793
2014,38940,5,0.033385
2014,39300,5,0.006719
2014,39340,5,0.02019
2014,39380,5,-0.024216
2014,39460,5,0.025827
2014,39540,5,0.006275
2014,39580,5,-0.004604
2014,39740,5,0.014544
2014,39820,5,0.010205
2014,39900,5,0.058611
2014,40140,5,0.0158
2014,40220,5,-0.015543
2014,40420,5,-0.000546
2014,40580,5,-0.022515
2014,40660,5,-0.0114
2014,40900,5,0.022753
2014,40980,5,-0.003983
2014,41060,5,0.008206
2014,41100,5,0.01897
2014,41140,5,-0.007987
2014,41420,5,-0.005542
2014,41500,5,0.008675
2014,41700,5,0.011512
2014,41740,5,-0.005656
2014,41940,5,-0.00214
2014,42020,5,0.000614
2014,42100,5,0.00558
2014,42140,5,-0.009379
2014,42220,5,0.013817
2014,42340,5,0.007929
2014,42540,5,-0.003946
2014,42680,5,0.014679
2014,43100,5,0.002367
2014,43300,5,0.00988
2014,43620,5,0.016529
2014,43780,5,-0.003387
2014,44100,5,-0.011657
2014,44180,5,0.007435
2014,44220,5,-0.006115
2014,44300,5,-0.005882
2014,44700,5,0.024004
2014,45060,5,-0.002744
2014,45220,5,-0.004871
2014,45820,5,-0.009276
2014,45940,5,0.014779
2014,46060,5,0.009883
2014,46140,5,0.000266
2014,46340,5,-0.002869
2014,46540,5,-0.005886
2014,46660,5,-0.032024
2014,46700,5,0.034884
2014,47220,5,0.006208
2014,47300,5,0.011847
2014,47940,5,-0.008718
2014,48300,5,-0.018908
2014,48540,5,-0.016081
2014,48660,5,-0.008873
2014,48700,5,-0.019028
2014,49020,5,0.006094
2014,49420,5,-0.034714
2014,49620,5,0.017603
2014,49660,5,-0.003416
2014,49700,5,0.025162
2014,49740,5,-0.000542
2014,10180,6,-0.00909
2014,10420,6,0.003607
2014,10580,6,0.002234
2014,10740,6,-0.019062
2014,10780,6,-0.006627
2014,10900,6,0.014277
2014,11020,6,-0.014642
2014,11260,6,-0.034912
2014,11460,6,0.017874
2014,11500,6,0.001452
2014,11540,6,-0.00673
2014,11700,6,-0.0012
2014,12020,6,-0.002232
2014,12100,6,0.020315
2014,12220,6,0.016173
2014,12420,6,0.021056
2014,12540,6,0.021745
2014,12580,6,-0.004068
2014,12620,6,-0.002729
2014,12700,6,-0.000832
2014,12980,6,0.009328
2014,13020,6,-0.000499
2014,13380,6,-0.022416
2014,13460,6,0.043173
2014,13780,6,0.001561
2014,14260,6,0.035281
2014,14500,6,-0.017924
2014,14740,6,-0.023501
2014,14860,6,0.005633
2014,15180,6,-0.004624
2014,15260,6,0.003004
2014,15380,6,-0.005375
2014,15500,6,-0.020229
2014,15540,6,-0.008477
2014,15940,6,0.000717
2014,15980,6,0.034231
2014,16180,6,0.02413
2014,16220,6,-0.007006
2014,16300,6,-0.008684
2014,16700,6,0.009019
2014,16860,6,-0.018684
2014,16940,6,-0.02733
2014,17020,6,0.002531
2014,17420,6,0.003797
2014,17660,6,0.011198
2014,17780,6,-0.006574
2014,17820,6,-0.015972
2014,17900,6,-0.01607
2014,18020,6,-0.010493
2014,18700,6,-0.03762
2014,19140,6,-0.002759
2014,19340,6,-0.009325
2014,19460,6,-0.008164
2014,19500,6,-0.016649
2014,19740,6,-0.008177
2014,20020,6,-0.002785
2014,20100,6,-0.002551
2014,20220,6,-0.010516
2014,20740,6,-0.002409
2014,20940,6,0.001069
2014,21140,6,0.00756
2014,21300,6,-0.021263
2014,21500,6,-0.007058
2014,21660,6,-0.016204
2014,21820,6,-0.044336
2014,22020,6,0.017527
2014,22140,6,-0.035434
2014,22380,6,0.008567
2014,22420,6,0.025407
2014,22500,6,-0.02804
2014,22520,6,-0.005811
2014,22540,6,-0.0138
2014,22660,6,-0.017679
2014,23420,6,0.012944
2014,23460,6,-0.001858
2014,23580,6,0.023699
2014,24020,6,-0.001502
2014,24140,6,-0.025724
2014,24220,6,0.011797
2014,24300,6,-0.002712
2014,24500,6,-0.023956
2014,24540,6,-0.005838
2014,24580,6,-0.004238
2014,24660,6,-0.016363
2014,25260,6,-0.009385
2014,25420,6,0.001181
2014,25500,6,-0.014522
2014,25540,6,-0.002707
2014,25860,6,-0.021133
2014,25980,6,-0.023198
2014,26300,6,0.000231
2014,26380,6,-0.001578
2014,26620,6,0.002111
2014,26980,6,0.00515
2014,27060,6,0.00506
2014,27100,6,0.022311
2014,27260,6,0.022103
2014,27340,6,-0.025149
2014,27500,6,0.007757
2014,27620,6,-0.012399
2014,27740,6,-0.002859
2014,27780,6,-0.016195
2014,27860,6,-0.007082
2014,27900,6,-0.010195
2014,28100,6,-0.000647
2014,28420,6,-0.055453
2014,28660,6,-0.010306
2014,28700,6,-0.024765
2014,28740,6,0.008172
2014,29100,6,-0.006259
2014,29340,6,-0.00368
2014,29420,6,0.011721
2014,29460,6,0.035166
2014,29540,6,0.005813
2014,29700,6,0.000513
2014,29740,6,-0.028188
2014,29820,6,0.071138
2014,29940,6,0.00354
2014,30140,6,-0.000293
2014,30300,6,-0.02243
2014,30340,6,0.001913
2014,30460,6,0.004913
2014,30620,6,-0.015248
2014,30700,6,-0.000196
2014,30780,6,-0.002855
2014,30860,6,-0.024936
2014,31020,6,-0.018401
2014,31420,6,-0.020373
2014,31700,6,0.003733
2014,31900,6,-0.004969
2014,32580,6,-0.001165
2014,32780,6,0.01133
2014,32900,6,0.024843
2014,33140,6,0.001604
2014,33340,6,0.00347
2014,33540,6,-0.021916
2014,33700,6,0.039449
2014,33780,6,0.006127
2014,33860,6,-0.00308
2014,34060,6,-0.018986
2014,34580,6,-0.011158
2014,34620,6,-0.005973
2014,34740,6,0.015176
2014,34900,6,0.021306
2014,34940,6,0.033352
2014,35300,6,-0.000427
2014,35660,6,-0.00095
2014,35980,6,-0.00043
2014,36100,6,0.030625
2014,36220,6,0.023119
2014,36420,6,0.00491
2014,36500,6,-0.011765
2014,36540,6,0.00127
2014,36740,6,0.047141
2014,36780,6,-0.003839
2014,36980,6,-0.003844
2014,37100,6,-0.001456
2014,37340,6,0.025571
2014,37860,6,0.000814
2014,38060,6,0.04882
2014,38300,6,-0.005751
2014,38340,6,-0.005455
2014,38860,6,0.001874
2014,38900,6,-0.003102
2014,38940,6,0.036638
2014,39300,6,0.007949
2014,39340,6,0.014443
2014,39380,6,-0.026568
2014,39460,6,0.028759
2014,39540,6,0.007338
2014,39580,6,-0.006757
2014,39740,6,0.012407
2014,39820,6,0.010392
2014,39900,6,0.056868
2014,40140,6,0.02031
2014,40220,6,-0.016244
2014,40420,6,0.000685
2014,40580,6,-0.024407
2014,40660,6,-0.01331
2014,40900,6,0.023094
2014,40980,6,-0.00285
2014,41060,6,0.01001
2014,41100,6,0.01977
2014,41140,6,-0.006442
2014,41420,6,-0.010333
2014,41500,6,0.01275
2014,41700,6,0.00891
2014,41740,6,-0.002544
2014,41940,6,-0.002829
2014,42020,6,0.001374
2014,42100,6,0.003552
2014,42140,6,-0.010415
2014,42220,6,0.013627
2014,42340,6,0.006897
2014,42540,6,-0.004783
2014,42680,6,0.017811
2014,43100,6,0.002121
2014,43300,6,0.007322
2014,43620,6,0.013436
2014,43780,6,-0.003221
2014,44100,6,-0.012563
2014,44180,6,0.006142
2014,44220,6,-0.006216
2014,44300,6,-0.005319
2014,44700,6,0.028946
2014,45060,6,-0.003726
2014,45220,6,-0.002696
2014,45820,6,-0.008671
2014,45940,6,0.016237
2014,46060,6,0.011312
2014,46140,6,-0.000206
2014,46340,6,-0.003429
2014,46540,6,-0.005732
2014,46660,6,-0.029363
2014,46700,6,0.036367
2014,47220,6,0.00831
2014,47300,6,0.011689
2014,47940,6,-0.007036
2014,48300,6,-0.021758
2014,48540,6,-0.019581
2014,48660,6,-0.008771
2014,48700,6,-0.019293
2014,49020,6,0.008502
2014,49420,6,-0.038976
2014,49620,6,0.015456
2014,49660,6,-0.004077
2014,49700,6,0.025796
2014,49740,6,0.002399
2014,10180,7,-0.00909
2014,10420,7,0.003607
2014,10580,7,0.002234
2014,10740,7,-0.019062
2014,10780,7,-0.006627
2014,10900,7,0.014277
2014,11020,7,-0.014642
2014,11260,7,-0.034912
2014,11460,7,0.017874
2014,11500,7,0.001452
2014,11540,7,-0.00673
2014,11700,7,-0.0012
2014,12020,7,-0.002232
2014,12100,7,0.020315
2014,12220,7,0.016173
2014,12420,7,0.021056
2014,12540,7,0.021745
2014,12580,7,-0.004068
2014,12620,7,-0.002729
2014,12700,7,-0.000832
2014,12980,7,0.009328
2014,13020,7,-0.000499
2014,13380,7,-0.022416
2014,13460,7,0.043173
2014,13780,7,0.001561
2014,14260,7,0.035281
2014,14500,7,-0.017924
2014,14740,7,-0.023501
2014,14860,7,0.005633
2014,15180,7,-0.004624
2014,15260,7,0.003004
2014,15380,7,-0.005375
2014,15500,7,-0.020229
2014,15540,7,-0.008477
2014,15940,7,0.000717
2014,15980,7,0.034231
2014,16180,7,0.02413
2014,16220,7,-0.007006
2014,16300,7,-0.008684
2014,16700,7,0.009019
2014,16860,7,-0.018684
2014,16940,7,-0.02733
2014,17020,7,0.002531
2014,17420,7,0.003797
2014,17660,7,0.011198
2014,17780,7,-0.006574
2014,17820,7,-0.015972
2014,17900,7,-0.01607
2014,18020,7,-0.010493
2014,18700,7,-0.03762
2014,19140,7,-0.002759
2014,19340,7,-0.009325
2014,19460,7,-0.008164
2014,19500,7,-0.016649
2014,19740,7,-0.008177
2014,20020,7,-0.002785
2014,20100,7,-0.002551
2014,20220,7,-0.010516
2014,20740,7,-0.002409
2014,20940,7,0.001069
2014,21140,7,0.00756
2014,21300,7,-0.021263
2014,21500,7,-0.007058
2014,21660,7,-0.016204
2014,21820,7,-0.044336
2014,22020,7,0.017527
2014,22140,7,-0.035434
2014,22380,7,0.008567
2014,22420,7,0.025407
2014,22500,7,-0.02804
2014,22520,7,-0.005811
2014,22540,7,-0.0138
2014,22660,7,-0.017679
2014,23420,7,0.012944
2014,23460,7,-0.001858
2014,23580,7,0.023699
2014,24020,7,-0.001502
2014,24140,7,-0.025724
2014,24220,7,0.011797
2014,24300,7,-0.002712
2014,24500,7,-0.023956
2014,24540,7,-0.005838
2014,24580,7,-0.004238
2014,24660,7,-0.016363
2014,25260,7,-0.009385
2014,25420,7,0.001181
2014,25500,7,-0.014522
2014,25540,7,-0.002707
2014,25860,7,-0.021133
2014,25980,7,-0.023198
2014,26300,7,0.000231
2014,26380,7,-0.001578
2014,26620,7,0.002111
2014,26980,7,0.00515
2014,27060,7,0.00506
2014,27100,7,0.022311
2014,27260,7,0.022103
2014,27340,7,-0.025149
2014,27500,7,0.007757
2014,27620,7,-0.012399
2014,27740,7,-0.002859
2014,27780,7,-0.016195
2014,27860,7,-0.007082
2014,27900,7,-0.010195
2014,28100,7,-0.000647
2014,28420,7,-0.055453
2014,28660,7,-0.010306
2014,28700,7,-0.024765
2014,28740,7,0.008172
2014,29100,7,-0.006259
2014,29340,7,-0.00368
2014,29420,7,0.011721
2014,29460,7,0.035166
2014,29540,7,0.005813
2014,29700,7,0.000513
2014,29740,7,-0.028188
2014,29820,7,0.071138
2014,29940,7,0.00354
2014,30140,7,-0.000293
2014,30300,7,-0.02243
2014,30340,7,0.001913
2014,30460,7,0.004913
2014,30620,7,-0.015248
2014,30700,7,-0.000196
2014,30780,7,-0.002855
2014,30860,7,-0.024936
2014,31020,7,-0.018401
2014,31420,7,-0.020373
2014,31700,7,0.003733
2014,31900,7,-0.004969
2014,32580,7,-0.001165
2014,32780,7,0.01133
2014,32900,7,0.024843
2014,33140,7,0.001604
2014,33340,7,0.00347
2014,33540,7,-0.021916
2014,33700,7,0.039449
2014,33780,7,0.006127
2014,33860,7,-0.00308
2014,34060,7,-0.018986
2014,34580,7,-0.011158
2014,34620,7,-0.005973
2014,34740,7,0.015176
2014,34900,7,0.021306
2014,34940,7,0.033352
2014,35300,7,-0.000427
2014,35660,7,-0.00095
2014,35980,7,-0.00043
2014,36100,7,0.030625
2014,36220,7,0.023119
2014,36420,7,0.00491
2014,36500,7,-0.011765
2014,36540,7,0.00127
2014,36740,7,0.047141
2014,36780,7,-0.003839
2014,36980,7,-0.003844
2014,37100,7,-0.001456
2014,37340,7,0.025571
2014,37860,7,0.000814
2014,38060,7,0.04882
2014,38300,7,-0.005751
2014,38340,7,-0.005455
2014,38860,7,0.001874
2014,38900,7,-0.003102
2014,38940,7,0.036638
2014,39300,7,0.007949
2014,39340,7,0.014443
2014,39380,7,-0.026568
2014,39460,7,0.028759
2014,39540,7,0.007338
2014,39580,7,-0.006757
2014,39740,7,0.012407
2014,39820,7,0.010392
2014,39900,7,0.056868
2014,40140,7,0.02031
2014,40220,7,-0.016244
2014,40420,7,0.000685
2014,40580,7,-0.024407
2014,40660,7,-0.01331
2014,40900,7,0.023094
2014,40980,7,-0.00285
2014,41060,7,0.01001
2014,41100,7,0.01977
2014,41140,7,-0.006442
2014,41420,7,-0.010333
2014,41500,7,0.01275
2014,41700,7,0.00891
2014,41740,7,-0.002544
2014,41940,7,-0.002829
2014,42020,7,0.001374
2014,42100,7,0.003552
2014,42140,7,-0.010415
2014,42220,7,0.013627
2014,42340,7,0.006897
2014,42540,7,-0.004783
2014,42680,7,0.017811
2014,43100,7,0.002121
2014,43300,7,0.007322
2014,43620,7,0.013436
2014,43780,7,-0.003221
2014,44100,7,-0.012563
2014,44180,7,0.006142
2014,44220,7,-0.006216
2014,44300,7,-0.005319
2014,44700,7,0.028946
2014,45060,7,-0.003726
2014,45220,7,-0.002696
2014,45820,7,-0.008671
2014,45940,7,0.016237
2014,46060,7,0.011312
2014,46140,7,-0.000206
2014,46340,7,-0.003429
2014,46540,7,-0.005732
2014,46660,7,-0.029363
2014,46700,7,0.036367
2014,47220,7,0.00831
2014,47300,7,0.011689
2014,47940,7,-0.007036
2014,48300,7,-0.021758
2014,48540,7,-0.019581
2014,48660,7,-0.008771
2014,48700,7,-0.019293
2014,49020,7,0.008502
2014,49420,7,-0.038976
2014,49620,7,0.015456
2014,49660,7,-0.004077
2014,49700,7,0.025796
2014,49740,7,0.002399
2014,10180,8,-0.00909
2014,10420,8,0.003607
2014,10580,8,0.002234
2014,10740,8,-0.019062
2014,10780,8,-0.006627
2014,10900,8,0.014277
2014,11020,8,-0.014642
2014,11260,8,-0.034912
2014,11460,8,0.017874
2014,11500,8,0.001452
2014,11540,8,-0.00673
2014,11700,8,-0.0012
2014,12020,8,-0.002232
2014,12100,8,0.020315
2014,12220,8,0.016173
2014,12420,8,0.021056
2014,12540,8,0.021745
2014,12580,8,-0.004068
2014,12620,8,-0.002729
2014,12700,8,-0.000832
2014,12980,8,0.009328
2014,13020,8,-0.000499
2014,13380,8,-0.022416
2014,13460,8,0.043173
2014,13780,8,0.001561
2014,14260,8,0.035281
2014,14500,8,-0.017924
2014,14740,8,-0.023501
2014,14860,8,0.005633
2014,15180,8,-0.004624
2014,15260,8,0.003004
2014,15380,8,-0.005375
2014,15500,8,-0.020229
2014,15540,8,-0.008477
2014,15940,8,0.000717
2014,15980,8,0.034231
2014,16180,8,0.02413
2014,16220,8,-0.007006
2014,16300,8,-0.008684
2014,16700,8,0.009019
2014,16860,8,-0.018684
2014,16940,8,-0.02733
2014,17020,8,0.002531
2014,17420,8,0.003797
2014,17660,8,0.011198
2014,17780,8,-0.006574
2014,17820,8,-0.015972
2014,17900,8,-0.01607
2014,18020,8,-0.010493
2014,18700,8,-0.03762
2014,19140,8,-0.002759
2014,19340,8,-0.009325
2014,19460,8,-0.008164
2014,19500,8,-0.016649
2014,19740,8,-0.008177
2014,20020,8,-0.002785
2014,20100,8,-0.002551
2014,20220,8,-0.010516
2014,20740,8,-0.002409
2014,20940,8,0.001069
2014,21140,8,0.00756
2014,21300,8,-0.021263
2014,21500,8,-0.007058
2014,21660,8,-0.016204
2014,21820,8,-0.044336
2014,22020,8,0.017527
2014,22140,8,-0.035434
2014,22380,8,0.008567
2014,22420,8,0.025407
2014,22500,8,-0.02804
2014,22520,8,-0.005811
2014,22540,8,-0.0138
2014,22660,8,-0.017679
2014,23420,8,0.012944
2014,23460,8,-0.001858
2014,23580,8,0.023699
2014,24020,8,-0.001502
2014,24140,8,-0.025724
2014,24220,8,0.011797
2014,24300,8,-0.002712
2014,24500,8,-0.023956
2014,24540,8,-0.005838
2014,24580,8,-0.004238
2014,24660,8,-0.016363
2014,25260,8,-0.009385
2014,25420,8,0.001181
2014,25500,8,-0.014522
2014,25540,8,-0.002707
2014,25860,8,-0.021133
2014,25980,8,-0.023198
2014,26300,8,0.000231
2014,26380,8,-0.001578
2014,26620,8,0.002111
2014,26980,8,0.00515
2014,27060,8,0.00506
2014,27100,8,0.022311
2014,27260,8,0.022103
2014,27340,8,-0.025149
2014,27500,8,0.007757
2014,27620,8,-0.012399
2014,27740,8,-0.002859
2014,27780,8,-0.016195
2014,27860,8,-0.007082
2014,27900,8,-0.010195
2014,28100,8,-0.000647
2014,28420,8,-0.055453
2014,28660,8,-0.010306
2014,28700,8,-0.024765
2014,28740,8,0.008172
2014,29100,8,-0.006259
2014,29340,8,-0.00368
2014,29420,8,0.011721
2014,29460,8,0.035166
2014,29540,8,0.005813
2014,29700,8,0.000513
2014,29740,8,-0.028188
2014,29820,8,0.071138
2014,29940,8,0.00354
2014,30140,8,-0.000293
2014,30300,8,-0.02243
2014,30340,8,0.001913
2014,30460,8,0.004913
2014,30620,8,-0.015248
2014,30700,8,-0.000196
2014,30780,8,-0.002855
2014,30860,8,-0.024936
2014,31020,8,-0.018401
2014,31420,8,-0.020373
2014,31700,8,0.003733
2014,31900,8,-0.004969
2014,32580,8,-0.001165
2014,32780,8,0.01133
2014,32900,8,0.024843
2014,33140,8,0.001604
2014,33340,8,0.00347
2014,33540,8,-0.021916
2014,33700,8,0.039449
2014,33780,8,0.006127
2014,33860,8,-0.00308
2014,34060,8,-0.018986
2014,34580,8,-0.011158
2014,34620,8,-0.005973
2014,34740,8,0.015176
2014,34900,8,0.021306
2014,34940,8,0.033352
2014,35300,8,-0.000427
2014,35660,8,-0.00095
2014,35980,8,-0.00043
2014,36100,8,0.030625
2014,36220,8,0.023119
2014,36420,8,0.00491
2014,36500,8,-0.011765
2014,36540,8,0.00127
2014,36740,8,0.047141
2014,36780,8,-0.003839
2014,36980,8,-0.003844
2014,37100,8,-0.001456
2014,37340,8,0.025571
2014,37860,8,0.000814
2014,38060,8,0.04882
2014,38300,8,-0.005751
2014,38340,8,-0.005455
2014,38860,8,0.001874
2014,38900,8,-0.003102
2014,38940,8,0.036638
2014,39300,8,0.007949
2014,39340,8,0.014443
2014,39380,8,-0.026568
2014,39460,8,0.028759
2014,39540,8,0.007338
2014,39580,8,-0.006757
2014,39740,8,0.012407
2014,39820,8,0.010392
2014,39900,8,0.056868
2014,40140,8,0.02031
2014,40220,8,-0.016244
2014,40420,8,0.000685
2014,40580,8,-0.024407
2014,40660,8,-0.01331
2014,40900,8,0.023094
2014,40980,8,-0.00285
2014,41060,8,0.01001
2014,41100,8,0.01977
2014,41140,8,-0.006442
2014,41420,8,-0.010333
2014,41500,8,0.01275
2014,41700,8,0.00891
2014,41740,8,-0.002544
2014,41940,8,-0.002829
2014,42020,8,0.001374
2014,42100,8,0.003552
2014,42140,8,-0.010415
2014,42220,8,0.013627
2014,42340,8,0.006897
2014,42540,8,-0.004783
2014,42680,8,0.017811
2014,43100,8,0.002121
2014,43300,8,0.007322
2014,43620,8,0.013436
2014,43780,8,-0.003221
2014,44100,8,-0.012563
2014,44180,8,0.006142
2014,44220,8,-0.006216
2014,44300,8,-0.005319
2014,44700,8,0.028946
2014,45060,8,-0.003726
2014,45220,8,-0.002696
2014,45820,8,-0.008671
2014,45940,8,0.016237
2014,46060,8,0.011312
2014,46140,8,-0.000206
2014,46340,8,-0.003429
2014,46540,8,-0.005732
2014,46660,8,-0.029363
2014,46700,8,0.036367
2014,47220,8,0.00831
2014,47300,8,0.011689
2014,47940,8,-0.007036
2014,48300,8,-0.021758
2014,48540,8,-0.019581
2014,48660,8,-0.008771
2014,48700,8,-0.019293
2014,49020,8,0.008502
2014,49420,8,-0.038976
2014,49620,8,0.015456
2014,49660,8,-0.004077
2014,49700,8,0.025796
2014,49740,8,0.002399
2014,10180,9,-0.008246
2014,10420,9,0.002989
2014,10580,9,0.0028
2014,10740,9,-0.018783
2014,10780,9,-0.005922
2014,10900,9,0.014242
2014,11020,9,-0.014738
2014,11260,9,-0.035183
2014,11460,9,0.016926
2014,11500,9,0.00193
2014,11540,9,-0.006292
2014,11700,9,-0.001379
2014,12020,9,-0.003032
2014,12100,9,0.021827
2014,12220,9,0.015279
2014,12420,9,0.020149
2014,12540,9,0.021981
2014,12580,9,-0.002474
2014,12620,9,-0.003334
2014,12700,9,0.000639
2014,12980,9,0.0084
2014,13020,9,-0.000853
2014,13380,9,-0.022092
2014,13460,9,0.040473
2014,13780,9,0.001499
2014,14260,9,0.033422
2014,14500,9,-0.018415
2014,14740,9,-0.022749
2014,14860,9,0.005094
2014,15180,9,-0.004546
2014,15260,9,0.003531
2014,15380,9,-0.006298
2014,15500,9,-0.021477
2014,15540,9,-0.008319
2014,15940,9,0.000305
2014,15980,9,0.03427
2014,16180,9,0.025641
2014,16220,9,-0.006757
2014,16300,9,-0.008748
2014,16700,9,0.008695
2014,16860,9,-0.019171
2014,16940,9,-0.026937
2014,17020,9,0.003313
2014,17420,9,0.003494
2014,17660,9,0.011326
2014,17780,9,-0.00572
2014,17820,9,-0.016488
2014,17900,9,-0.016595
2014,18020,9,-0.010887
2014,18700,9,-0.037361
2014,19140,9,-0.003551
2014,19340,9,-0.008818
2014,19460,9,-0.007929
2014,19500,9,-0.015778
2014,19740,9,-0.009129
2014,20020,9,-0.002307
2014,20100,9,-0.002366
2014,20220,9,-0.010076
2014,20740,9,-0.001799
2014,20940,9,0.001385
2014,21140,9,0.006522
2014,21300,9,-0.020847
2014,21500,9,-0.008071
2014,21660,9,-0.01687
2014,21820,9,-0.044828
2014,22020,9,0.016803
2014,22140,9,-0.032638
2014,22380,9,0.009946
2014,22420,9,0.024003
2014,22500,9,-0.028011
2014,22520,9,-0.005625
2014,22540,9,-0.012921
2014,22660,9,-0.01823
2014,23420,9,0.013707
2014,23460,9,-0.001626
2014,23580,9,0.021191
2014,24020,9,-0.000114
2014,24140,9,-0.026196
2014,24220,9,0.011554
2014,24300,9,-0.001531
2014,24500,9,-0.024104
2014,24540,9,-0.007767
2014,24580,9,-0.004068
2014,24660,9,-0.017706
2014,25260,9,-0.008208
2014,25420,9,0.00038
2014,25500,9,-0.013617
2014,25540,9,-0.003257
2014,25860,9,-0.021695
2014,25980,9,-0.022247
2014,26300,9,0.000463
2014,26380,9,-0.000675
2014,26620,9,0.001937
2014,26980,9,0.004479
2014,27060,9,0.004677
2014,27100,9,0.021073
2014,27260,9,0.022253
2014,27340,9,-0.022855
2014,27500,9,0.007297
2014,27620,9,-0.01199
2014,27740,9,-0.002362
2014,27780,9,-0.015802
2014,27860,9,-0.007603
2014,27900,9,-0.010001
2014,28100,9,0.000155
2014,28420,9,-0.05534
2014,28660,9,-0.009891
2014,28700,9,-0.024512
2014,28740,9,0.009812
2014,29100,9,-0.005449
2014,29340,9,-0.003157
2014,29420,9,0.01303
2014,29460,9,0.034184
2014,29540,9,0.005102
2014,29700,9,0.000301
2014,29740,9,-0.026659
2014,29820,9,0.069428
2014,29940,9,0.003492
2014,30140,9,-0.00079
2014,30300,9,-0.02204
2014,30340,9,0.001393
2014,30460,9,0.004407
2014,30620,9,-0.014571
2014,30700,9,-0.000969
2014,30780,9,-0.002878
2014,30860,9,-0.025106
2014,31020,9,-0.01972
2014,31420,9,-0.020525
2014,31700,9,0.003658
2014,31900,9,-0.004878
2014,32580,9,-0.001682
2014,32780,9,0.010794
2014,32900,9,0.025517
2014,33140,9,0.00167
2014,33340,9,0.00434
2014,33540,9,-0.020448
2014,33700,9,0.039267
2014,33780,9,0.005891
2014,33860,9,-0.002762
2014,34060,9,-0.019287
2014,34580,9,-0.01177
2014,34620,9,-0.006113
2014,34740,9,0.014105
2014,34900,9,0.021412
2014,34940,9,0.03459
2014,35300,9,-0.000216
2014,35660,9,-0.000155
2014,35980,9,-0.000454
2014,36100,9,0.030139
2014,36220,9,0.022392
2014,36420,9,0.004453
2014,36500,9,-0.012553
2014,36540,9,0.000704
2014,36740,9,0.046145
2014,36780,9,-0.003764
2014,36980,9,-0.00458
2014,37100,9,0.000255
2014,37340,9,0.026584
2014,37860,9,0.000846
2014,38060,9,0.047674
2014,38300,9,-0.006516
2014,38340,9,-0.005516
2014,38860,9,0.001781
2014,38900,9,-0.004478
2014,38940,9,0.037075
2014,39300,9,0.008389
2014,39340,9,0.011773
2014,39380,9,-0.027011
2014,39460,9,0.029339
2014,39540,9,0.007907
2014,39580,9,-0.008134
2014,39740,9,0.011642
2014,39820,9,0.01071
2014,39900,9,0.055532
2014,40140,9,0.021453
2014,40220,9,-0.016004
2014,40420,9,0.001043
2014,40580,9,-0.025044
2014,40660,9,-0.013826
2014,40900,9,0.023177
2014,40980,9,-0.002746
2014,41060,9,0.010774
2014,41100,9,0.018722
2014,41140,9,-0.005751
2014,41420,9,-0.011959
2014,41500,9,0.013789
2014,41700,9,0.008144
2014,41740,9,-0.001001
2014,41940,9,-0.003095
2014,42020,9,0.00227
2014,42100,9,0.003119
2014,42140,9,-0.010131
2014,42220,9,0.013687
2014,42340,9,0.006826
2014,42540,9,-0.005226
2014,42680,9,0.018555
2014,43100,9,0.002238
2014,43300,9,0.006587
2014,43620,9,0.012089
2014,43780,9,-0.003116
2014,44100,9,-0.012492
2014,44180,9,0.005473
2014,44220,9,-0.006306
2014,44300,9,-0.005242
2014,44700,9,0.029649
2014,45060,9,-0.004097
2014,45220,9,-0.001523
2014,45820,9,-0.008222
2014,45940,9,0.016899
2014,46060,9,0.011812
2014,46140,9,-0.000517
2014,46340,9,-0.003343
2014,46540,9,-0.005553
2014,46660,9,-0.028164
2014,46700,9,0.036129
2014,47220,9,0.00891
2014,47300,9,0.011333
2014,47940,9,-0.006146
2014,48300,9,-0.022452
2014,48540,9,-0.020306
2014,48660,9,-0.008547
2014,48700,9,-0.019286
2014,49020,9,0.009392
2014,49420,9,-0.040048
2014,49620,9,0.014493
2014,49660,9,-0.004272
2014,49700,9,0.025837
2014,49740,9,0.003527
2014,10180,10,-0.008246
2014,10420,10,0.002989
2014,10580,10,0.0028
2014,10740,10,-0.018783
2014,10780,10,-0.005922
2014,10900,10,0.014242
2014,11020,10,-0.014738
2014,11260,10,-0.035183
2014,11460,10,0.016926
2014,11500,10,0.00193
2014,11540,10,-0.006292
2014,11700,10,-0.001379
2014,12020,10,-0.003032
2014,12100,10,0.021827
2014,12220,10,0.015279
2014,12420,10,0.020149
2014,12540,10,0.021981
2014,12580,10,-0.002474
2014,12620,10,-0.003334
2014,12700,10,0.000639
2014,12980,10,0.0084
2014,13020,10,-0.000853
2014,13380,10,-0.022092
2014,13460,10,0.040473
2014,13780,10,0.001499
2014,14260,10,0.033422
2014,14500,10,-0.018415
2014,14740,10,-0.022749
2014,14860,10,0.005094
2014,15180,10,-0.004546
2014,15260,10,0.003531
2014,15380,10,-0.006298
2014,15500,10,-0.021477
2014,15540,10,-0.008319
2014,15940,10,0.000305
2014,15980,10,0.03427
2014,16180,10,0.025641
2014,16220,10,-0.006757
2014,16300,10,-0.008748
2014,16700,10,0.008695
2014,16860,10,-0.019171
2014,16940,10,-0.026937
2014,17020,10,0.003313
2014,17420,10,0.003494
2014,17660,10,0.011326
2014,17780,10,-0.00572
2014,17820,10,-0.016488
2014,17900,10,-0.016595
2014,18020,10,-0.010887
2014,18700,10,-0.037361
2014,19140,10,-0.003551
2014,19340,10,-0.008818
2014,19460,10,-0.007929
2014,19500,10,-0.015778
2014,19740,10,-0.009129
2014,20020,10,-0.002307
2014,20100,10,-0.002366
2014,20220,10,-0.010076
2014,20740,10,-0.001799
2014,20940,10,0.001385
2014,21140,10,0.006522
2014,21300,10,-0.020847
2014,21500,10,-0.008071
2014,21660,10,-0.01687
2014,21820,10,-0.044828
2014,22020,10,0.016803
2014,22140,10,-0.032638
2014,22380,10,0.009946
2014,22420,10,0.024003
2014,22500,10,-0.028011
2014,22520,10,-0.005625
2014,22540,10,-0.012921
2014,22660,10,-0.01823
2014,23420,10,0.013707
2014,23460,10,-0.001626
2014,23580,10,0.021191
2014,24020,10,-0.000114
2014,24140,10,-0.026196
2014,24220,10,0.011554
2014,24300,10,-0.001531
2014,24500,10,-0.024104
2014,24540,10,-0.007767
2014,24580,10,-0.004068
2014,24660,10,-0.017706
2014,25260,10,-0.008208
2014,25420,10,0.00038
2014,25500,10,-0.013617
2014,25540,10,-0.003257
2014,25860,10,-0.021695
2014,25980,10,-0.022247
2014,26300,10,0.000463
2014,26380,10,-0.000675
2014,26620,10,0.001937
2014,26980,10,0.004479
2014,27060,10,0.004677
2014,27100,10,0.021073
2014,27260,10,0.022253
2014,27340,10,-0.022855
2014,27500,10,0.007297
2014,27620,10,-0.01199
2014,27740,10,-0.002362
2014,27780,10,-0.015802
2014,27860,10,-0.007603
2014,27900,10,-0.010001
2014,28100,10,0.000155
2014,28420,10,-0.05534
2014,28660,10,-0.009891
2014,28700,10,-0.024512
2014,28740,10,0.009812
2014,29100,10,-0.005449
2014,29340,10,-0.003157
2014,29420,10,0.01303
2014,29460,10,0.034184
2014,29540,10,0.005102
2014,29700,10,0.000301
2014,29740,10,-0.026659
2014,29820,10,0.069428
2014,29940,10,0.003492
2014,30140,10,-0.00079
2014,30300,10,-0.02204
2014,30340,10,0.001393
2014,30460,10,0.004407
2014,30620,10,-0.014571
2014,30700,10,-0.000969
2014,30780,10,-0.002878
2014,30860,10,-0.025106
2014,31020,10,-0.01972
2014,31420,10,-0.020525
2014,31700,10,0.003658
2014,31900,10,-0.004878
2014,32580,10,-0.001682
2014,32780,10,0.010794
2014,32900,10,0.025517
2014,33140,10,0.00167
2014,33340,10,0.00434
2014,33540,10,-0.020448
2014,33700,10,0.039267
2014,33780,10,0.005891
2014,33860,10,-0.002762
2014,34060,10,-0.019287
2014,34580,10,-0.01177
2014,34620,10,-0.006113
2014,34740,10,0.014105
2014,34900,10,0.021412
2014,34940,10,0.03459
2014,35300,10,-0.000216
2014,35660,10,-0.000155
2014,35980,10,-0.000454
2014,36100,10,0.030139
2014,36220,10,0.022392
2014,36420,10,0.004453
2014,36500,10,-0.012553
2014,36540,10,0.000704
2014,36740,10,0.046145
2014,36780,10,-0.003764
2014,36980,10,-0.00458
2014,37100,10,0.000255
2014,37340,10,0.026584
2014,37860,10,0.000846
2014,38060,10,0.047674
2014,38300,10,-0.006516
2014,38340,10,-0.005516
2014,38860,10,0.001781
2014,38900,10,-0.004478
2014,38940,10,0.037075
2014,39300,10,0.008389
2014,39340,10,0.011773
2014,39380,10,-0.027011
2014,39460,10,0.029339
2014,39540,10,0.007907
2014,39580,10,-0.008134
2014,39740,10,0.011642
2014,39820,10,0.01071
2014,39900,10,0.055532
2014,40140,10,0.021453
2014,40220,10,-0.016004
2014,40420,10,0.001043
2014,40580,10,-0.025044
2014,40660,10,-0.013826
2014,40900,10,0.023177
2014,40980,10,-0.002746
2014,41060,10,0.010774
2014,41100,10,0.018722
2014,41140,10,-0.005751
2014,41420,10,-0.011959
2014,41500,10,0.013789
2014,41700,10,0.008144
2014,41740,10,-0.001001
2014,41940,10,-0.003095
2014,42020,10,0.00227
2014,42100,10,0.003119
2014,42140,10,-0.010131
2014,42220,10,0.013687
2014,42340,10,0.006826
2014,42540,10,-0.005226
2014,42680,10,0.018555
2014,43100,10,0.002238
2014,43300,10,0.006587
2014,43620,10,0.012089
2014,43780,10,-0.003116
2014,44100,10,-0.012492
2014,44180,10,0.005473
2014,44220,10,-0.006306
2014,44300,10,-0.005242
2014,44700,10,0.029649
2014,45060,10,-0.004097
2014,45220,10,-0.001523
2014,45820,10,-0.008222
2014,45940,10,0.016899
2014,46060,10,0.011812
2014,46140,10,-0.000517
2014,46340,10,-0.003343
2014,46540,10,-0.005553
2014,46660,10,-0.028164
2014,46700,10,0.036129
2014,47220,10,0.00891
2014,47300,10,0.011333
2014,47940,10,-0.006146
2014,48300,10,-0.022452
2014,48540,10,-0.020306
2014,48660,10,-0.008547
2014,48700,10,-0.019286
2014,49020,10,0.009392
2014,49420,10,-0.040048
2014,49620,10,0.014493
2014,49660,10,-0.004272
2014,49700,10,0.025837
2014,49740,10,0.003527
2014,10180,11,-0.008246
2014,10420,11,0.002989
2014,10580,11,0.0028
2014,10740,11,-0.018783
2014,10780,11,-0.005922
2014,10900,11,0.014242
2014,11020,11,-0.014738
2014,11260,11,-0.035183
2014,11460,11,0.016926
2014,11500,11,0.00193
2014,11540,11,-0.006292
2014,11700,11,-0.001379
2014,12020,11,-0.003032
2014,12100,11,0.021827
2014,12220,11,0.015279
2014,12420,11,0.020149
2014,12540,11,0.021981
2014,12580,11,-0.002474
2014,12620,11,-0.003334
2014,12700,11,0.000639
2014,12980,11,0.0084
2014,13020,11,-0.000853
2014,13380,11,-0.022092
2014,13460,11,0.040473
2014,13780,11,0.001499
2014,14260,11,0.033422
2014,14500,11,-0.018415
2014,14740,11,-0.022749
2014,14860,11,0.005094
2014,15180,11,-0.004546
2014,15260,11,0.003531
2014,15380,11,-0.006298
2014,15500,11,-0.021477
2014,15540,11,-0.008319
2014,15940,11,0.000305
2014,15980,11,0.03427
2014,16180,11,0.025641
2014,16220,11,-0.006757
2014,16300,11,-0.008748
2014,16700,11,0.008695
2014,16860,11,-0.019171
2014,16940,11,-0.026937
2014,17020,11,0.003313
2014,17420,11,0.003494
2014,17660,11,0.011326
2014,17780,11,-0.00572
2014,17820,11,-0.016488
2014,17900,11,-0.016595
2014,18020,11,-0.010887
2014,18700,11,-0.037361
2014,19140,11,-0.003551
2014,19340,11,-0.008818
2014,19460,11,-0.007929
2014,19500,11,-0.015778
2014,19740,11,-0.009129
2014,20020,11,-0.002307
2014,20100,11,-0.002366
2014,20220,11,-0.010076
2014,20740,11,-0.001799
2014,20940,11,0.001385
2014,21140,11,0.006522
2014,21300,11,-0.020847
2014,21500,11,-0.008071
2014,21660,11,-0.01687
2014,21820,11,-0.044828
2014,22020,11,0.016803
2014,22140,11,-0.032638
2014,22380,11,0.009946
2014,22420,11,0.024003
2014,22500,11,-0.028011
2014,22520,11,-0.005625
2014,22540,11,-0.012921
2014,22660,11,-0.01823
2014,23420,11,0.013707
2014,23460,11,-0.001626
2014,23580,11,0.021191
2014,24020,11,-0.000114
2014,24140,11,-0.026196
2014,24220,11,0.011554
2014,24300,11,-0.001531
2014,24500,11,-0.024104
2014,24540,11,-0.007767
2014,24580,11,-0.004068
2014,24660,11,-0.017706
2014,25260,11,-0.008208
2014,25420,11,0.00038
2014,25500,11,-0.013617
2014,25540,11,-0.003257
2014,25860,11,-0.021695
2014,25980,11,-0.022247
2014,26300,11,0.000463
2014,26380,11,-0.000675
2014,26620,11,0.001937
2014,26980,11,0.004479
2014,27060,11,0.004677
2014,27100,11,0.021073
2014,27260,11,0.022253
2014,27340,11,-0.022855
2014,27500,11,0.007297
2014,27620,11,-0.01199
2014,27740,11,-0.002362
2014,27780,11,-0.015802
2014,27860,11,-0.007603
2014,27900,11,-0.010001
2014,28100,11,0.000155
2014,28420,11,-0.05534
2014,28660,11,-0.009891
2014,28700,11,-0.024512
2014,28740,11,0.009812
2014,29100,11,-0.005449
2014,29340,11,-0.003157
2014,29420,11,0.01303
2014,29460,11,0.034184
2014,29540,11,0.005102
2014,29700,11,0.000301
2014,29740,11,-0.026659
2014,29820,11,0.069428
2014,29940,11,0.003492
2014,30140,11,-0.00079
2014,30300,11,-0.02204
2014,30340,11,0.001393
2014,30460,11,0.004407
2014,30620,11,-0.014571
2014,30700,11,-0.000969
2014,30780,11,-0.002878
2014,30860,11,-0.025106
2014,31020,11,-0.01972
2014,31420,11,-0.020525
2014,31700,11,0.003658
2014,31900,11,-0.004878
2014,32580,11,-0.001682
2014,32780,11,0.010794
2014,32900,11,0.025517
2014,33140,11,0.00167
2014,33340,11,0.00434
2014,33540,11,-0.020448
2014,33700,11,0.039267
2014,33780,11,0.005891
2014,33860,11,-0.002762
2014,34060,11,-0.019287
2014,34580,11,-0.01177
2014,34620,11,-0.006113
2014,34740,11,0.014105
2014,34900,11,0.021412
2014,34940,11,0.03459
2014,35300,11,-0.000216
2014,35660,11,-0.000155
2014,35980,11,-0.000454
2014,36100,11,0.030139
2014,36220,11,0.022392
2014,36420,11,0.004453
2014,36500,11,-0.012553
2014,36540,11,0.000704
2014,36740,11,0.046145
2014,36780,11,-0.003764
2014,36980,11,-0.00458
2014,37100,11,0.000255
2014,37340,11,0.026584
2014,37860,11,0.000846
2014,38060,11,0.047674
2014,38300,11,-0.006516
2014,38340,11,-0.005516
2014,38860,11,0.001781
2014,38900,11,-0.004478
2014,38940,11,0.037075
2014,39300,11,0.008389
2014,39340,11,0.011773
2014,39380,11,-0.027011
2014,39460,11,0.029339
2014,39540,11,0.007907
2014,39580,11,-0.008134
2014,39740,11,0.011642
2014,39820,11,0.01071
2014,39900,11,0.055532
2014,40140,11,0.021453
2014,40220,11,-0.016004
2014,40420,11,0.001043
2014,40580,11,-0.025044
2014,40660,11,-0.013826
2014,40900,11,0.023177
2014,40980,11,-0.002746
2014,41060,11,0.010774
2014,41100,11,0.018722
2014,41140,11,-0.005751
2014,41420,11,-0.011959
2014,41500,11,0.013789
2014,41700,11,0.008144
2014,41740,11,-0.001001
2014,41940,11,-0.003095
2014,42020,11,0.00227
2014,42100,11,0.003119
2014,42140,11,-0.010131
2014,42220,11,0.013687
2014,42340,11,0.006826
2014,42540,11,-0.005226
2014,42680,11,0.018555
2014,43100,11,0.002238
2014,43300,11,0.006587
2014,43620,11,0.012089
2014,43780,11,-0.003116
2014,44100,11,-0.012492
2014,44180,11,0.005473
2014,44220,11,-0.006306
2014,44300,11,-0.005242
2014,44700,11,0.029649
2014,45060,11,-0.004097
2014,45220,11,-0.001523
2014,45820,11,-0.008222
2014,45940,11,0.016899
2014,46060,11,0.011812
2014,46140,11,-0.000517
2014,46340,11,-0.003343
2014,46540,11,-0.005553
2014,46660,11,-0.028164
2014,46700,11,0.036129
2014,47220,11,0.00891
2014,47300,11,0.011333
2014,47940,11,-0.006146
2014,48300,11,-0.022452
2014,48540,11,-0.020306
2014,48660,11,-0.008547
2014,48700,11,-0.019286
2014,49020,11,0.009392
2014,49420,11,-0.040048
2014,49620,11,0.014493
2014,49660,11,-0.004272
2014,49700,11,0.025837
2014,49740,11,0.003527
2014,10180,12,-0.008246
2014,10420,12,0.002989
2014,10580,12,0.0028
2014,10740,12,-0.018783
2014,10780,12,-0.005922
2014,10900,12,0.014242
2014,11020,12,-0.014738
2014,11260,12,-0.035183
2014,11460,12,0.016926
2014,11500,12,0.00193
2014,11540,12,-0.006292
2014,11700,12,-0.001379
2014,12020,12,-0.003032
2014,12100,12,0.021827
2014,12220,12,0.015279
2014,12420,12,0.020149
2014,12540,12,0.021981
2014,12580,12,-0.002474
2014,12620,12,-0.003334
2014,12700,12,0.000639
2014,12980,12,0.0084
2014,13020,12,-0.000853
2014,13380,12,-0.022092
2014,13460,12,0.040473
2014,13780,12,0.001499
2014,14260,12,0.033422
2014,14500,12,-0.018415
2014,14740,12,-0.022749
2014,14860,12,0.005094
2014,15180,12,-0.004546
2014,15260,12,0.003531
2014,15380,12,-0.006298
2014,15500,12,-0.021477
2014,15540,12,-0.008319
2014,15940,12,0.000305
2014,15980,12,0.03427
2014,16180,12,0.025641
2014,16220,12,-0.006757
2014,16300,12,-0.008748
2014,16700,12,0.008695
2014,16860,12,-0.019171
2014,16940,12,-0.026937
2014,17020,12,0.003313
2014,17420,12,0.003494
2014,17660,12,0.011326
2014,17780,12,-0.00572
2014,17820,12,-0.016488
2014,17900,12,-0.016595
2014,18020,12,-0.010887
2014,18700,12,-0.037361
2014,19140,12,-0.003551
2014,19340,12,-0.008818
2014,19460,12,-0.007929
2014,19500,12,-0.015778
2014,19740,12,-0.009129
2014,20020,12,-0.002307
2014,20100,12,-0.002366
2014,20220,12,-0.010076
2014,20740,12,-0.001799
2014,20940,12,0.001385
2014,21140,12,0.006522
2014,21300,12,-0.020847
2014,21500,12,-0.008071
2014,21660,12,-0.01687
2014,21820,12,-0.044828
2014,22020,12,0.016803
2014,22140,12,-0.032638
2014,22380,12,0.009946
2014,22420,12,0.024003
2014,22500,12,-0.028011
2014,22520,12,-0.005625
2014,22540,12,-0.012921
2014,22660,12,-0.01823
2014,23420,12,0.013707
2014,23460,12,-0.001626
2014,23580,12,0.021191
2014,24020,12,-0.000114
2014,24140,12,-0.026196
2014,24220,12,0.011554
2014,24300,12,-0.001531
2014,24500,12,-0.024104
2014,24540,12,-0.007767
2014,24580,12,-0.004068
2014,24660,12,-0.017706
2014,25260,12,-0.008208
2014,25420,12,0.00038
2014,25500,12,-0.013617
2014,25540,12,-0.003257
2014,25860,12,-0.021695
2014,25980,12,-0.022247
2014,26300,12,0.000463
2014,26380,12,-0.000675
2014,26620,12,0.001937
2014,26980,12,0.004479
2014,27060,12,0.004677
2014,27100,12,0.021073
2014,27260,12,0.022253
2014,27340,12,-0.022855
2014,27500,12,0.007297
2014,27620,12,-0.01199
2014,27740,12,-0.002362
2014,27780,12,-0.015802
2014,27860,12,-0.007603
2014,27900,12,-0.010001
2014,28100,12,0.000155
2014,28420,12,-0.05534
2014,28660,12,-0.009891
2014,28700,12,-0.024512
2014,28740,12,0.009812
2014,29100,12,-0.005449
2014,29340,12,-0.003157
2014,29420,12,0.01303
2014,29460,12,0.034184
2014,29540,12,0.005102
2014,29700,12,0.000301
2014,29740,12,-0.026659
2014,29820,12,0.069428
2014,29940,12,0.003492
2014,30140,12,-0.00079
2014,30300,12,-0.02204
2014,30340,12,0.001393
2014,30460,12,0.004407
2014,30620,12,-0.014571
2014,30700,12,-0.000969
2014,30780,12,-0.002878
2014,30860,12,-0.025106
2014,31020,12,-0.01972
2014,31420,12,-0.020525
2014,31700,12,0.003658
2014,31900,12,-0.004878
2014,32580,12,-0.001682
2014,32780,12,0.010794
2014,32900,12,0.025517
2014,33140,12,0.00167
2014,33340,12,0.00434
2014,33540,12,-0.020448
2014,33700,12,0.039267
2014,33780,12,0.005891
2014,33860,12,-0.002762
2014,34060,12,-0.019287
2014,34580,12,-0.01177
2014,34620,12,-0.006113
2014,34740,12,0.014105
2014,34900,12,0.021412
2014,34940,12,0.03459
2014,35300,12,-0.000216
2014,35660,12,-0.000155
2014,35980,12,-0.000454
2014,36100,12,0.030139
2014,36220,12,0.022392
2014,36420,12,0.004453
2014,36500,12,-0.012553
2014,36540,12,0.000704
2014,36740,12,0.046145
2014,36780,12,-0.003764
2014,36980,12,-0.00458
2014,37100,12,0.000255
2014,37340,12,0.026584
2014,37860,12,0.000846
2014,38060,12,0.047674
2014,38300,12,-0.006516
2014,38340,12,-0.005516
2014,38860,12,0.001781
2014,38900,12,-0.004478
2014,38940,12,0.037075
2014,39300,12,0.008389
2014,39340,12,0.011773
2014,39380,12,-0.027011
2014,39460,12,0.029339
2014,39540,12,0.007907
2014,39580,12,-0.008134
2014,39740,12,0.011642
2014,39820,12,0.01071
2014,39900,12,0.055532
2014,40140,12,0.021453
2014,40220,12,-0.016004
2014,40420,12,0.001043
2014,40580,12,-0.025044
2014,40660,12,-0.013826
2014,40900,12,0.023177
2014,40980,12,-0.002746
2014,41060,12,0.010774
2014,41100,12,0.018722
2014,41140,12,-0.005751
2014,41420,12,-0.011959
2014,41500,12,0.013789
2014,41700,12,0.008144
2014,41740,12,-0.001001
2014,41940,12,-0.003095
2014,42020,12,0.00227
2014,42100,12,0.003119
2014,42140,12,-0.010131
2014,42220,12,0.013687
2014,42340,12,0.006826
2014,42540,12,-0.005226
2014,42680,12,0.018555
2014,43100,12,0.002238
2014,43300,12,0.006587
2014,43620,12,0.012089
2014,43780,12,-0.003116
2014,44100,12,-0.012492
2014,44180,12,0.005473
2014,44220,12,-0.006306
2014,44300,12,-0.005242
2014,44700,12,0.029649
2014,45060,12,-0.004097
2014,45220,12,-0.001523
2014,45820,12,-0.008222
2014,45940,12,0.016899
2014,46060,12,0.011812
2014,46140,12,-0.000517
2014,46340,12,-0.003343
2014,46540,12,-0.005553
2014,46660,12,-0.028164
2014,46700,12,0.036129
2014,47220,12,0.00891
2014,47300,12,0.011333
2014,47940,12,-0.006146
2014,48300,12,-0.022452
2014,48540,12,-0.020306
2014,48660,12,-0.008547
2014,48700,12,-0.019286
2014,49020,12,0.009392
2014,49420,12,-0.040048
2014,49620,12,0.014493
2014,49660,12,-0.004272
2014,49700,12,0.025837
2014,49740,12,0.003527
2014,10180,13,-0.007488
2014,10420,13,0.002649
2014,10580,13,0.00322
2014,10740,13,-0.018081
2014,10780,13,-0.005241
2014,10900,13,0.014235
2014,11020,13,-0.014768
2014,11260,13,-0.034694
2014,11460,13,0.015829
2014,11500,13,0.002071
2014,11540,13,-0.005874
2014,11700,13,-0.001411
2014,12020,13,-0.003423
2014,12100,13,0.022745
2014,12220,13,0.014554
2014,12420,13,0.018799
2014,12540,13,0.021494
2014,12580,13,-0.001129
2014,12620,13,-0.00368
2014,12700,13,0.001475
2014,12980,13,0.007473
2014,13020,13,-0.001115
2014,13380,13,-0.021245
2014,13460,13,0.038038
2014,13780,13,0.001211
2014,14260,13,0.031519
2014,14500,13,-0.01847
2014,14740,13,-0.021367
2014,14860,13,0.00471
2014,15180,13,-0.004337
2014,15260,13,0.00435
2014,15380,13,-0.006922
2014,15500,13,-0.021953
2014,15540,13,-0.008255
2014,15940,13,9.8e-05
2014,15980,13,0.032945
2014,16180,13,0.026855
2014,16220,13,-0.006642
2014,16300,13,-0.008636
2014,16700,13,0.008374
2014,16860,13,-0.019194
2014,16940,13,-0.026387
2014,17020,13,0.004062
2014,17420,13,0.003349
2014,17660,13,0.011291
2014,17780,13,-0.005335
2014,17820,13,-0.016558
2014,17900,13,-0.016644
2014,18020,13,-0.01124
2014,18700,13,-0.036032
2014,19140,13,-0.00398
2014,19340,13,-0.008431
2014,19460,13,-0.007696
2014,19500,13,-0.015258
2014,19740,13,-0.009972
2014,20020,13,-0.001764
2014,20100,13,-0.001969
2014,20220,13,-0.009614
2014,20740,13,-0.001456
2014,20940,13,0.001244
2014,21140,13,0.005651
2014,21300,13,-0.020582
2014,21500,13,-0.008745
2014,21660,13,-0.016605
2014,21820,13,-0.044379
2014,22020,13,0.015785
2014,22140,13,-0.030163
2014,22380,13,0.010986
2014,22420,13,0.022627
2014,22500,13,-0.027547
2014,22520,13,-0.005496
2014,22540,13,-0.01208
2014,22660,13,-0.018504
2014,23420,13,0.014019
2014,23460,13,-0.001528
2014,23580,13,0.019409
2014,24020,13,0.000837
2014,24140,13,-0.026207
2014,24220,13,0.010969
2014,24300,13,-0.000651
2014,24500,13,-0.024075
2014,24540,13,-0.009245
2014,24580,13,-0.0038
2014,24660,13,-0.018277
2014,25260,13,-0.006938
2014,25420,13,-8.5e-05
2014,25500,13,-0.012812
2014,25540,13,-0.003505
2014,25860,13,-0.021729
2014,25980,13,-0.021372
2014,26300,13,0.000785
2014,26380,13,-0.000151
2014,26620,13,0.001646
2014,26980,13,0.003862
2014,27060,13,0.00409
2014,27100,13,0.019835
2014,27260,13,0.022259
2014,27340,13,-0.021018
2014,27500,13,0.006816
2014,27620,13,-0.011417
2014,27740,13,-0.002087
2014,27780,13,-0.015477
2014,27860,13,-0.007805
2014,27900,13,-0.009727
2014,28100,13,0.000771
2014,28420,13,-0.054377
2014,28660,13,-0.009449
2014,28700,13,-0.023961
2014,28740,13,0.010959
2014,29100,13,-0.004996
2014,29340,13,-0.002691
2014,29420,13,0.013536
2014,29460,13,0.033301
2014,29540,13,0.004686
2014,29700,13,0.000276
2014,29740,13,-0.024983
2014,29820,13,0.066984
2014,29940,13,0.003501
2014,30140,13,-0.001169
2014,30300,13,-0.021429
2014,30340,13,0.001109
2014,30460,13,0.003969
2014,30620,13,-0.013741
2014,30700,13,-0.001454
2014,30780,13,-0.00269
2014,30860,13,-0.024838
2014,31020,13,-0.019745
2014,31420,13,-0.020124
2014,31700,13,0.003656
2014,31900,13,-0.004667
2014,32580,13,-0.001921
2014,32780,13,0.010679
2014,32900,13,0.024536
2014,33140,13,0.001685
2014,33340,13,0.005014
2014,33540,13,-0.019137
2014,33700,13,0.037773
2014,33780,13,0.005677
2014,33860,13,-0.002241
2014,34060,13,-0.019302
2014,34580,13,-0.011479
2014,34620,13,-0.006106
2014,34740,13,0.013274
2014,34900,13,0.021
2014,34940,13,0.03445
2014,35300,13,9e-05
2014,35660,13,0.000488
2014,35980,13,-0.00028
2014,36100,13,0.029699
2014,36220,13,0.021191
2014,36420,13,0.004085
2014,36500,13,-0.01233
2014,36540,13,0.000331
2014,36740,13,0.044873
2014,36780,13,-0.003665
2014,36980,13,-0.005065
2014,37100,13,0.001117
2014,37340,13,0.026781
2014,37860,13,0.001042
2014,38060,13,0.045692
2014,38300,13,-0.007041
2014,38340,13,-0.0058
2014,38860,13,0.001614
2014,38900,13,-0.005116
2014,38940,13,0.036429
2014,39300,13,0.008577
2014,39340,13,0.009791
2014,39380,13,-0.026877
2014,39460,13,0.028906
2014,39540,13,0.00833
2014,39580,13,-0.009119
2014,39740,13,0.011061
2014,39820,13,0.010908
2014,39900,13,0.053756
2014,40140,13,0.021324
2014,40220,13,-0.015481
2014,40420,13,0.001468
2014,40580,13,-0.025075
2014,40660,13,-0.013845
2014,40900,13,0.02256
2014,40980,13,-0.002372
2014,41060,13,0.011345
2014,41100,13,0.017636
2014,41140,13,-0.005113
2014,41420,13,-0.012377
2014,41500,13,0.013935
2014,41700,13,0.007473
2014,41740,13,-0.000269
2014,41940,13,-0.003472
2014,42020,13,0.002819
2014,42100,13,0.002766
2014,42140,13,-0.00945
2014,42220,13,0.013311
2014,42340,13,0.006766
2014,42540,13,-0.005408
2014,42680,13,0.018745
2014,43100,13,0.00218
2014,43300,13,0.006126
2014,43620,13,0.010804
2014,43780,13,-0.002973
2014,44100,13,-0.01247
2014,44180,13,0.005029
2014,44220,13,-0.006151
2014,44300,13,-0.00526
2014,44700,13,0.028905
2014,45060,13,-0.00426
2014,45220,13,-0.000426
2014,45820,13,-0.007755
2014,45940,13,0.017377
2014,46060,13,0.012233
2014,46140,13,-0.000686
2014,46340,13,-0.003156
2014,46540,13,-0.005374
2014,46660,13,-0.026945
2014,46700,13,0.035115
2014,47220,13,0.00944
2014,47300,13,0.010957
2014,47940,13,-0.005427
2014,48300,13,-0.022257
2014,48540,13,-0.02098
2014,48660,13,-0.008264
2014,48700,13,-0.019211
2014,49020,13,0.009765
2014,49420,13,-0.039917
2014,49620,13,0.013844
2014,49660,13,-0.004306
2014,49700,13,0.025129
2014,49740,13,0.004485
2014,10180,14,-0.010625
2014,10420,14,0.005083
2014,10580,14,0.001751
2014,10740,14,-0.0191
2014,10780,14,-0.008285
2014,10900,14,0.014239
2014,11020,14,-0.014557
2014,11260,14,-0.03171
2014,11460,14,0.019761
2014,11500,14,0.000379
2014,11540,14,-0.007844
2014,11700,14,0.000433
2014,12020,14,-0.00021
2014,12100,14,0.017421
2014,12220,14,0.017991
2014,12420,14,0.022339
2014,12540,14,0.019886
2014,12580,14,-0.006198
2014,12620,14,-0.001369
2014,12700,14,-0.003982
2014,12980,14,0.01155
2014,13020,14,-0.000433
2014,13380,14,-0.0214
2014,13460,14,0.047205
2014,13780,14,0.00125
2014,14260,14,0.037302
2014,14500,14,-0.015058
2014,14740,14,-0.024406
2014,14860,14,0.006201
2014,15180,14,-0.004473
2014,15260,14,0.001353
2014,15380,14,-0.003089
2014,15500,14,-0.017245
2014,15540,14,-0.008433
2014,15940,14,0.001508
2014,15980,14,0.03162
2014,16180,14,0.019699
2014,16220,14,-0.005828
2014,16300,14,-0.008573
2014,16700,14,0.009918
2014,16860,14,-0.016298
2014,16940,14,-0.026335
2014,17020,14,0.001952
2014,17420,14,0.004961
2014,17660,14,0.010336
2014,17780,14,-0.009537
2014,17820,14,-0.014143
2014,17900,14,-0.015109
2014,18020,14,-0.009636
2014,18700,14,-0.038565
2014,19140,14,-0.000426
2014,19340,14,-0.009282
2014,19460,14,-0.008874
2014,19500,14,-0.018229
2014,19740,14,-0.004981
2014,20020,14,-0.00443
2014,20100,14,-0.002898
2014,20220,14,-0.011243
2014,20740,14,-0.003041
2014,20940,14,-0.002583
2014,21140,14,0.009981
2014,21300,14,-0.02233
2014,21500,14,-0.005011
2014,21660,14,-0.014507
2014,21820,14,-0.04111
2014,22020,14,0.018847
2014,22140,14,-0.040651
2014,22380,14,0.004584
2014,22420,14,0.026511
2014,22500,14,-0.028017
2014,22520,14,-0.006576
2014,22540,14,-0.015955
2014,22660,14,-0.015777
2014,23420,14,0.010548
2014,23460,14,-0.001717
2014,23580,14,0.029464
2014,24020,14,-0.004693
2014,24140,14,-0.023824
2014,24220,14,0.013085
2014,24300,14,-0.005927
2014,24500,14,-0.021498
2014,24540,14,-0.001111
2014,24580,14,-0.004771
2014,24660,14,-0.012982
2014,25260,14,-0.012701
2014,25420,14,0.002401
2014,25500,14,-0.01601
2014,25540,14,-0.001441
2014,25860,14,-0.019455
2014,25980,14,-0.024933
2014,26300,14,-0.000111
2014,26380,14,-0.003146
2014,26620,14,0.001806
2014,26980,14,0.006896
2014,27060,14,0.006712
2014,27100,14,0.024643
2014,27260,14,0.02125
2014,27340,14,-0.032097
2014,27500,14,0.008903
2014,27620,14,-0.01306
2014,27740,14,-0.003999
2014,27780,14,-0.018027
2014,27860,14,-0.00673
2014,27900,14,-0.011003
2014,28100,14,-0.002071
2014,28420,14,-0.056206
2014,28660,14,-0.011865
2014,28700,14,-0.024154
2014,28740,14,0.005698
2014,29100,14,-0.006713
2014,29340,14,-0.004755
2014,29420,14,0.007847
2014,29460,14,0.036488
2014,29540,14,0.007311
2014,29700,14,0.000295
2014,29740,14,-0.031479
2014,29820,14,0.072118
2014,29940,14,0.003512
2014,30140,14,0.000729
2014,30300,14,-0.021838
2014,30340,14,0.002802
2014,30460,14,0.006766
2014,30620,14,-0.017199
2014,30700,14,0.001353
2014,30780,14,-0.002905
2014,30860,14,-0.025185
2014,31020,14,-0.015814
2014,31420,14,-0.02006
2014,31700,14,0.003645
2014,31900,14,-0.005803
2014,32580,14,-0.000256
2014,32780,14,0.01244
2014,32900,14,0.019989
2014,33140,14,0.0019
2014,33340,14,0.002275
2014,33540,14,-0.023835
2014,33700,14,0.038509
2014,33780,14,0.005261
2014,33860,14,-0.004324
2014,34060,14,-0.015347
2014,34580,14,-0.009137
2014,34620,14,-0.005609
2014,34740,14,0.016974
2014,34900,14,0.021916
2014,34940,14,0.028242
2014,35300,14,-0.00099
2014,35660,14,-0.002162
2014,35980,14,-0.000704
2014,36100,14,0.03136
2014,36220,14,0.025042
2014,36420,14,0.006174
2014,36500,14,-0.009162
2014,36540,14,0.002285
2014,36740,14,0.048076
2014,36780,14,-0.00336
2014,36980,14,-0.001521
2014,37100,14,-0.004128
2014,37340,14,0.022425
2014,37860,14,0.001037
2014,38060,14,0.049484
2014,38300,14,-0.003894
2014,38340,14,-0.004367
2014,38860,14,0.002132
2014,38900,14,9.9e-05
2014,38940,14,0.03437
2014,39300,14,0.006968
2014,39340,14,0.019581
2014,39380,14,-0.024675
2014,39460,14,0.026758
2014,39540,14,0.006423
2014,39580,14,-0.005126
2014,39740,14,0.014375
2014,39820,14,0.010295
2014,39900,14,0.058911
2014,40140,14,0.016928
2014,40220,14,-0.015704
2014,40420,14,-0.000624
2014,40580,14,-0.023047
2014,40660,14,-0.011834
2014,40900,14,0.023362
2014,40980,14,-0.004263
2014,41060,14,0.008368
2014,41100,14,0.018816
2014,41140,14,-0.007887
2014,41420,14,-0.006619
2014,41500,14,0.00949
2014,41700,14,0.011493
2014,41740,14,-0.004844
2014,41940,14,-0.002003
2014,42020,14,0.000971
2014,42100,14,0.005573
2014,42140,14,-0.009614
2014,42220,14,0.014229
2014,42340,14,0.007924
2014,42540,14,-0.004181
2014,42680,14,0.01518
2014,43100,14,0.002524
2014,43300,14,0.009716
2014,43620,14,0.016454
2014,43780,14,-0.003438
2014,44100,14,-0.01158
2014,44180,14,0.007226
2014,44220,14,-0.006344
2014,44300,14,-0.005864
2014,44700,14,0.025211
2014,45060,14,-0.002907
2014,45220,14,-0.004867
2014,45820,14,-0.009289
2014,45940,14,0.014975
2014,46060,14,0.009921
2014,46140,14,0.000139
2014,46340,14,-0.002869
2014,46540,14,-0.005839
2014,46660,14,-0.032095
2014,46700,14,0.035536
2014,47220,14,0.006225
2014,47300,14,0.011845
2014,47940,14,-0.008543
2014,48300,14,-0.019693
2014,48540,14,-0.016122
2014,48660,14,-0.008872
2014,48700,14,-0.019035
2014,49020,14,0.006587
2014,49420,14,-0.035712
2014,49620,14,0.017303
2014,49660,14,-0.00359
2014,49700,14,0.02578
2014,49740,14,-0.000447
2014,10180,15,-0.007488
2014,10420,15,0.002649
2014,10580,15,0.00322
2014,10740,15,-0.018081
2014,10780,15,-0.005241
2014,10900,15,0.014235
2014,11020,15,-0.014768
2014,11260,15,-0.034694
2014,11460,15,0.015829
2014,11500,15,0.002071
2014,11540,15,-0.005874
2014,11700,15,-0.001411
2014,12020,15,-0.003423
2014,12100,15,0.022745
2014,12220,15,0.014554
2014,12420,15,0.018799
2014,12540,15,0.021494
2014,12580,15,-0.001129
2014,12620,15,-0.00368
2014,12700,15,0.001475
2014,12980,15,0.007473
2014,13020,15,-0.001115
2014,13380,15,-0.021245
2014,13460,15,0.038038
2014,13780,15,0.001211
2014,14260,15,0.031519
2014,14500,15,-0.01847
2014,14740,15,-0.021367
2014,14860,15,0.00471
2014,15180,15,-0.004337
2014,15260,15,0.00435
2014,15380,15,-0.006922
2014,15500,15,-0.021953
2014,15540,15,-0.008255
2014,15940,15,9.8e-05
2014,15980,15,0.032945
2014,16180,15,0.026855
2014,16220,15,-0.006642
2014,16300,15,-0.008636
2014,16700,15,0.008374
2014,16860,15,-0.019194
2014,16940,15,-0.026387
2014,17020,15,0.004062
2014,17420,15,0.003349
2014,17660,15,0.011291
2014,17780,15,-0.005335
2014,17820,15,-0.016558
2014,17900,15,-0.016644
2014,18020,15,-0.01124
2014,18700,15,-0.036032
2014,19140,15,-0.00398
2014,19340,15,-0.008431
2014,19460,15,-0.007696
2014,19500,15,-0.015258
2014,19740,15,-0.009972
2014,20020,15,-0.001764
2014,20100,15,-0.001969
2014,20220,15,-0.009614
2014,20740,15,-0.001456
2014,20940,15,0.001244
2014,21140,15,0.005651
2014,21300,15,-0.020582
2014,21500,15,-0.008745
2014,21660,15,-0.016605
2014,21820,15,-0.044379
2014,22020,15,0.015785
2014,22140,15,-0.030163
2014,22380,15,0.010986
2014,22420,15,0.022627
2014,22500,15,-0.027547
2014,22520,15,-0.005496
2014,22540,15,-0.01208
2014,22660,15,-0.018504
2014,23420,15,0.014019
2014,23460,15,-0.001528
2014,23580,15,0.019409
2014,24020,15,0.000837
2014,24140,15,-0.026207
2014,24220,15,0.010969
2014,24300,15,-0.000651
2014,24500,15,-0.024075
2014,24540,15,-0.009245
2014,24580,15,-0.0038
2014,24660,15,-0.018277
2014,25260,15,-0.006938
2014,25420,15,-8.5e-05
2014,25500,15,-0.012812
2014,25540,15,-0.003505
2014,25860,15,-0.021729
2014,25980,15,-0.021372
2014,26300,15,0.000785
2014,26380,15,-0.000151
2014,26620,15,0.001646
2014,26980,15,0.003862
2014,27060,15,0.00409
2014,27100,15,0.019835
2014,27260,15,0.022259
2014,27340,15,-0.021018
2014,27500,15,0.006816
2014,27620,15,-0.011417
2014,27740,15,-0.002087
2014,27780,15,-0.015477
2014,27860,15,-0.007805
2014,27900,15,-0.009727
2014,28100,15,0.000771
2014,28420,15,-0.054377
2014,28660,15,-0.009449
2014,28700,15,-0.023961
2014,28740,15,0.010959
2014,29100,15,-0.004996
2014,29340,15,-0.002691
2014,29420,15,0.013536
2014,29460,15,0.033301
2014,29540,15,0.004686
2014,29700,15,0.000276
2014,29740,15,-0.024983
2014,29820,15,0.066984
2014,29940,15,0.003501
2014,30140,15,-0.001169
2014,30300,15,-0.021429
2014,30340,15,0.001109
2014,30460,15,0.003969
2014,30620,15,-0.013741
2014,30700,15,-0.001454
2014,30780,15,-0.00269
2014,30860,15,-0.024838
2014,31020,15,-0.019745
2014,31420,15,-0.020124
2014,31700,15,0.003656
2014,31900,15,-0.004667
2014,32580,15,-0.001921
2014,32780,15,0.010679
2014,32900,15,0.024536
2014,33140,15,0.001685
2014,33340,15,0.005014
2014,33540,15,-0.019137
2014,33700,15,0.037773
2014,33780,15,0.005677
2014,33860,15,-0.002241
2014,34060,15,-0.019302
2014,34580,15,-0.011479
2014,34620,15,-0.006106
2014,34740,15,0.013274
2014,34900,15,0.021
2014,34940,15,0.03445
2014,35300,15,9e-05
2014,35660,15,0.000488
2014,35980,15,-0.00028
2014,36100,15,0.029699
2014,36220,15,0.021191
2014,36420,15,0.004085
2014,36500,15,-0.01233
2014,36540,15,0.000331
2014,36740,15,0.044873
2014,36780,15,-0.003665
2014,36980,15,-0.005065
2014,37100,15,0.001117
2014,37340,15,0.026781
2014,37860,15,0.001042
2014,38060,15,0.045692
2014,38300,15,-0.007041
2014,38340,15,-0.0058
2014,38860,15,0.001614
2014,38900,15,-0.005116
2014,38940,15,0.036429
2014,39300,15,0.008577
2014,39340,15,0.009791
2014,39380,15,-0.026877
2014,39460,15,0.028906
2014,39540,15,0.00833
2014,39580,15,-0.009119
2014,39740,15,0.011061
2014,39820,15,0.010908
2014,39900,15,0.053756
2014,40140,15,0.021324
2014,40220,15,-0.015481
2014,40420,15,0.001468
2014,40580,15,-0.025075
2014,40660,15,-0.013845
2014,40900,15,0.02256
2014,40980,15,-0.002372
2014,41060,15,0.011345
2014,41100,15,0.017636
2014,41140,15,-0.005113
2014,41420,15,-0.012377
2014,41500,15,0.013935
2014,41700,15,0.007473
2014,41740,15,-0.000269
2014,41940,15,-0.003472
2014,42020,15,0.002819
2014,42100,15,0.002766
2014,42140,15,-0.00945
2014,42220,15,0.013311
2014,42340,15,0.006766
2014,42540,15,-0.005408
2014,42680,15,0.018745
2014,43100,15,0.00218
2014,43300,15,0.006126
2014,43620,15,0.010804
2014,43780,15,-0.002973
2014,44100,15,-0.01247
2014,44180,15,0.005029
2014,44220,15,-0.006151
2014,44300,15,-0.00526
2014,44700,15,0.028905
2014,45060,15,-0.00426
2014,45220,15,-0.000426
2014,45820,15,-0.007755
2014,45940,15,0.017377
2014,46060,15,0.012233
2014,46140,15,-0.000686
2014,46340,15,-0.003156
2014,46540,15,-0.005374
2014,46660,15,-0.026945
2014,46700,15,0.035115
2014,47220,15,0.00944
2014,47300,15,0.010957
2014,47940,15,-0.005427
2014,48300,15,-0.022257
2014,48540,15,-0.02098
2014,48660,15,-0.008264
2014,48700,15,-0.019211
2014,49020,15,0.009765
2014,49420,15,-0.039917
2014,49620,15,0.013844
2014,49660,15,-0.004306
2014,49700,15,0.025129
2014,49740,15,0.004485
2014,10180,16,-0.010719
2014,10420,16,0.005328
2014,10580,16,0.00159
2014,10740,16,-0.018755
2014,10780,16,-0.008308
2014,10900,16,0.014303
2014,11020,16,-0.014514
2014,11260,16,-0.031173
2014,11460,16,0.019585
2014,11500,16,8.7e-05
2014,11540,16,-0.007865
2014,11700,16,0.000498
2014,12020,16,0.000151
2014,12100,16,0.016896
2014,12220,16,0.018105
2014,12420,16,0.022104
2014,12540,16,0.019288
2014,12580,16,-0.006518
2014,12620,16,-0.001127
2014,12700,16,-0.004543
2014,12980,16,0.011589
2014,13020,16,-0.000351
2014,13380,16,-0.021011
2014,13460,16,0.04756
2014,13780,16,0.00107
2014,14260,16,0.03737
2014,14500,16,-0.014829
2014,14740,16,-0.023839
2014,14860,16,0.006337
2014,15180,16,-0.004375
2014,15260,16,0.001636
2014,15380,16,-0.002838
2014,15500,16,-0.016585
2014,15540,16,-0.008538
2014,15940,16,0.001697
2014,15980,16,0.03035
2014,16180,16,0.019514
2014,16220,16,-0.006098
2014,16300,16,-0.008401
2014,16700,16,0.009942
2014,16860,16,-0.015963
2014,16940,16,-0.026301
2014,17020,16,0.001899
2014,17420,16,0.005065
2014,17660,16,0.010263
2014,17780,16,-0.009839
2014,17820,16,-0.013793
2014,17900,16,-0.014688
2014,18020,16,-0.009632
2014,18700,16,-0.037611
2014,19140,16,-9.1e-05
2014,19340,16,-0.009447
2014,19460,16,-0.008903
2014,19500,16,-0.01855
2014,19740,16,-0.004921
2014,20020,16,-0.004348
2014,20100,16,-0.002696
2014,20220,16,-0.011241
2014,20740,16,-0.003284
2014,20940,16,-0.002907
2014,21140,16,0.01012
2014,21300,16,-0.022494
2014,21500,16,-0.004673
2014,21660,16,-0.013673
2014,21820,16,-0.040387
2014,22020,16,0.018665
2014,22140,16,-0.040947
2014,22380,16,0.004391
2014,22420,16,0.026678
2014,22500,16,-0.027666
2014,22520,16,-0.006622
2014,22540,16,-0.016036
2014,22660,16,-0.015555
2014,23420,16,0.010159
2014,23460,16,-0.001852
2014,23580,16,0.03009
2014,24020,16,-0.005072
2014,24140,16,-0.023482
2014,24220,16,0.012755
2014,24300,16,-0.006147
2014,24500,16,-0.021478
2014,24540,16,-0.000771
2014,24580,16,-0.004692
2014,24660,16,-0.012318
2014,25260,16,-0.012591
2014,25420,16,0.002694
2014,25500,16,-0.016059
2014,25540,16,-0.00118
2014,25860,16,-0.019019
2014,25980,16,-0.024961
2014,26300,16,-9.8e-05
2014,26380,16,-0.00351
2014,26620,16,0.001732
2014,26980,16,0.00694
2014,27060,16,0.00647
2014,27100,16,0.024709
2014,27260,16,0.021202
2014,27340,16,-0.032284
2014,27500,16,0.00889
2014,27620,16,-0.012971
2014,27740,16,-0.004192
2014,27780,16,-0.018089
2014,27860,16,-0.006407
2014,27900,16,-0.011003
2014,28100,16,-0.002222
2014,28420,16,-0.055393
2014,28660,16,-0.011787
2014,28700,16,-0.02395
2014,28740,16,0.005245
2014,29100,16,-0.007075
2014,29340,16,-0.004789
2014,29420,16,0.007171
2014,29460,16,0.036615
2014,29540,16,0.007559
2014,29700,16,0.000512
2014,29740,16,-0.031311
2014,29820,16,0.071638
2014,29940,16,0.00357
2014,30140,16,0.000856
2014,30300,16,-0.021815
2014,30340,16,0.003017
2014,30460,16,0.006817
2014,30620,16,-0.017149
2014,30700,16,0.001598
2014,30780,16,-0.002708
2014,30860,16,-0.024775
2014,31020,16,-0.014637
2014,31420,16,-0.019553
2014,31700,16,0.003703
2014,31900,16,-0.005657
2014,32580,16,-1.1e-05
2014,32780,16,0.012847
2014,32900,16,0.018576
2014,33140,16,0.001842
2014,33340,16,0.002061
2014,33540,16,-0.024058
2014,33700,16,0.037419
2014,33780,16,0.005326
2014,33860,16,-0.004093
2014,34060,16,-0.015289
2014,34580,16,-0.008344
2014,34620,16,-0.005514
2014,34740,16,0.017186
2014,34900,16,0.021421
2014,34940,16,0.027009
2014,35300,16,-0.000925
2014,35660,16,-0.002307
2014,35980,16,-0.000524
2014,36100,16,0.031424
2014,36220,16,0.024568
2014,36420,16,0.006238
2014,36500,16,-0.008316
2014,36540,16,0.002483
2014,36740,16,0.047907
2014,36780,16,-0.003387
2014,36980,16,-0.001322
2014,37100,16,-0.004965
2014,37340,16,0.021707
2014,37860,16,0.001144
2014,38060,16,0.048834
2014,38300,16,-0.003665
2014,38340,16,-0.004549
2014,38860,16,0.002083
2014,38900,16,0.000793
2014,38940,16,0.033385
2014,39300,16,0.006719
2014,39340,16,0.02019
2014,39380,16,-0.024216
2014,39460,16,0.025827
2014,39540,16,0.006275
2014,39580,16,-0.004604
2014,39740,16,0.014544
2014,39820,16,0.010205
2014,39900,16,0.058611
2014,40140,16,0.0158
2014,40220,16,-0.015543
2014,40420,16,-0.000546
2014,40580,16,-0.022515
2014,40660,16,-0.0114
2014,40900,16,0.022753
2014,40980,16,-0.003983
2014,41060,16,0.008206
2014,41100,16,0.01897
2014,41140,16,-0.007987
2014,41420,16,-0.005542
2014,41500,16,0.008675
2014,41700,16,0.011512
2014,41740,16,-0.005656
2014,41940,16,-0.00214
2014,42020,16,0.000614
2014,42100,16,0.00558
2014,42140,16,-0.009379
2014,42220,16,0.013817
2014,42340,16,0.007929
2014,42540,16,-0.003946
2014,42680,16,0.014679
2014,43100,16,0.002367
2014,43300,16,0.00988
2014,43620,16,0.016529
2014,43780,16,-0.003387
2014,44100,16,-0.011657
2014,44180,16,0.007435
2014,44220,16,-0.006115
2014,44300,16,-0.005882
2014,44700,16,0.024004
2014,45060,16,-0.002744
2014,45220,16,-0.004871
2014,45820,16,-0.009276
2014,45940,16,0.014779
2014,46060,16,0.009883
2014,46140,16,0.000266
2014,46340,16,-0.002869
2014,46540,16,-0.005886
2014,46660,16,-0.032024
2014,46700,16,0.034884
2014,47220,16,0.006208
2014,47300,16,0.011847
2014,47940,16,-0.008718
2014,48300,16,-0.018908
2014,48540,16,-0.016081
2014,48660,16,-0.008873
2014,48700,16,-0.019028
2014,49020,16,0.006094
2014,49420,16,-0.034714
2014,49620,16,0.017603
2014,49660,16,-0.003416
2014,49700,16,0.025162
2014,49740,16,-0.000542
2014,10180,17,-0.010719
2014,10420,17,0.005328
2014,10580,17,0.00159
2014,10740,17,-0.018755
2014,10780,17,-0.008308
2014,10900,17,0.014303
2014,11020,17,-0.014514
2014,11260,17,-0.031173
2014,11460,17,0.019585
2014,11500,17,8.7e-05
2014,11540,17,-0.007865
2014,11700,17,0.000498
2014,12020,17,0.000151
2014,12100,17,0.016896
2014,12220,17,0.018105
2014,12420,17,0.022104
2014,12540,17,0.019288
2014,12580,17,-0.006518
2014,12620,17,-0.001127
2014,12700,17,-0.004543
2014,12980,17,0.011589
2014,13020,17,-0.000351
2014,13380,17,-0.021011
2014,13460,17,0.04756
2014,13780,17,0.00107
2014,14260,17,0.03737
2014,14500,17,-0.014829
2014,14740,17,-0.023839
2014,14860,17,0.006337
2014,15180,17,-0.004375
2014,15260,17,0.001636
2014,15380,17,-0.002838
2014,15500,17,-0.016585
2014,15540,17,-0.008538
2014,15940,17,0.001697
2014,15980,17,0.03035
2014,16180,17,0.019514
2014,16220,17,-0.006098
2014,16300,17,-0.008401
2014,16700,17,0.009942
2014,16860,17,-0.015963
2014,16940,17,-0.026301
2014,17020,17,0.001899
2014,17420,17,0.005065
2014,17660,17,0.010263
2014,17780,17,-0.009839
2014,17820,17,-0.013793
2014,17900,17,-0.014688
2014,18020,17,-0.009632
2014,18700,17,-0.037611
2014,19140,17,-9.1e-05
2014,19340,17,-0.009447
2014,19460,17,-0.008903
2014,19500,17,-0.01855
2014,19740,17,-0.004921
2014,20020,17,-0.004348
2014,20100,17,-0.002696
2014,20220,17,-0.011241
2014,20740,17,-0.003284
2014,20940,17,-0.002907
2014,21140,17,0.01012
2014,21300,17,-0.022494
2014,21500,17,-0.004673
2014,21660,17,-0.013673
2014,21820,17,-0.040387
2014,22020,17,0.018665
2014,22140,17,-0.040947
2014,22380,17,0.004391
2014,22420,17,0.026678
2014,22500,17,-0.027666
2014,22520,17,-0.006622
2014,22540,17,-0.016036
2014,22660,17,-0.015555
2014,23420,17,0.010159
2014,23460,17,-0.001852
2014,23580,17,0.03009
2014,24020,17,-0.005072
2014,24140,17,-0.023482
2014,24220,17,0.012755
2014,24300,17,-0.006147
2014,24500,17,-0.021478
2014,24540,17,-0.000771
2014,24580,17,-0.004692
2014,24660,17,-0.012318
2014,25260,17,-0.012591
2014,25420,17,0.002694
2014,25500,17,-0.016059
2014,25540,17,-0.00118
2014,25860,17,-0.019019
2014,25980,17,-0.024961
2014,26300,17,-9.8e-05
2014,26380,17,-0.00351
2014,26620,17,0.001732
2014,26980,17,0.00694
2014,27060,17,0.00647
2014,27100,17,0.024709
2014,27260,17,0.021202
2014,27340,17,-0.032284
2014,27500,17,0.00889
2014,27620,17,-0.012971
2014,27740,17,-0.004192
2014,27780,17,-0.018089
2014,27860,17,-0.006407
2014,27900,17,-0.011003
2014,28100,17,-0.002222
2014,28420,17,-0.055393
2014,28660,17,-0.011787
2014,28700,17,-0.02395
2014,28740,17,0.005245
2014,29100,17,-0.007075
2014,29340,17,-0.004789
2014,29420,17,0.007171
2014,29460,17,0.036615
2014,29540,17,0.007559
2014,29700,17,0.000512
2014,29740,17,-0.031311
2014,29820,17,0.071638
2014,29940,17,0.00357
2014,30140,17,0.000856
2014,30300,17,-0.021815
2014,30340,17,0.003017
2014,30460,17,0.006817
2014,30620,17,-0.017149
2014,30700,17,0.001598
2014,30780,17,-0.002708
2014,30860,17,-0.024775
2014,31020,17,-0.014637
2014,31420,17,-0.019553
2014,31700,17,0.003703
2014,31900,17,-0.005657
2014,32580,17,-1.1e-05
2014,32780,17,0.012847
2014,32900,17,0.018576
2014,33140,17,0.001842
2014,33340,17,0.002061
2014,33540,17,-0.024058
2014,33700,17,0.037419
2014,33780,17,0.005326
2014,33860,17,-0.004093
2014,34060,17,-0.015289
2014,34580,17,-0.008344
2014,34620,17,-0.005514
2014,34740,17,0.017186
2014,34900,17,0.021421
2014,34940,17,0.027009
2014,35300,17,-0.000925
2014,35660,17,-0.002307
2014,35980,17,-0.000524
2014,36100,17,0.031424
2014,36220,17,0.024568
2014,36420,17,0.006238
2014,36500,17,-0.008316
2014,36540,17,0.002483
2014,36740,17,0.047907
2014,36780,17,-0.003387
2014,36980,17,-0.001322
2014,37100,17,-0.004965
2014,37340,17,0.021707
2014,37860,17,0.001144
2014,38060,17,0.048834
2014,38300,17,-0.003665
2014,38340,17,-0.004549
2014,38860,17,0.002083
2014,38900,17,0.000793
2014,38940,17,0.033385
2014,39300,17,0.006719
2014,39340,17,0.02019
2014,39380,17,-0.024216
2014,39460,17,0.025827
2014,39540,17,0.006275
2014,39580,17,-0.004604
2014,39740,17,0.014544
2014,39820,17,0.010205
2014,39900,17,0.058611
2014,40140,17,0.0158
2014,40220,17,-0.015543
2014,40420,17,-0.000546
2014,40580,17,-0.022515
2014,40660,17,-0.0114
2014,40900,17,0.022753
2014,40980,17,-0.003983
2014,41060,17,0.008206
2014,41100,17,0.01897
2014,41140,17,-0.007987
2014,41420,17,-0.005542
2014,41500,17,0.008675
2014,41700,17,0.011512
2014,41740,17,-0.005656
2014,41940,17,-0.00214
2014,42020,17,0.000614
2014,42100,17,0.00558
2014,42140,17,-0.009379
2014,42220,17,0.013817
2014,42340,17,0.007929
2014,42540,17,-0.003946
2014,42680,17,0.014679
2014,43100,17,0.002367
2014,43300,17,0.00988
2014,43620,17,0.016529
2014,43780,17,-0.003387
2014,44100,17,-0.011657
2014,44180,17,0.007435
2014,44220,17,-0.006115
2014,44300,17,-0.005882
2014,44700,17,0.024004
2014,45060,17,-0.002744
2014,45220,17,-0.004871
2014,45820,17,-0.009276
2014,45940,17,0.014779
2014,46060,17,0.009883
2014,46140,17,0.000266
2014,46340,17,-0.002869
2014,46540,17,-0.005886
2014,46660,17,-0.032024
2014,46700,17,0.034884
2014,47220,17,0.006208
2014,47300,17,0.011847
2014,47940,17,-0.008718
2014,48300,17,-0.018908
2014,48540,17,-0.016081
2014,48660,17,-0.008873
2014,48700,17,-0.019028
2014,49020,17,0.006094
2014,49420,17,-0.034714
2014,49620,17,0.017603
2014,49660,17,-0.003416
2014,49700,17,0.025162
2014,49740,17,-0.000542
2014,10180,18,-0.006381
2014,10420,18,0.001848
2014,10580,18,0.0038
2014,10740,18,-0.01524
2014,10780,18,-0.003934
2014,10900,18,0.013639
2014,11020,18,-0.014324
2014,11260,18,-0.03114
2014,11460,18,0.012031
2014,11500,18,0.002562
2014,11540,18,-0.005053
2014,11700,18,-0.001038
2014,12020,18,-0.00361
2014,12100,18,0.023498
2014,12220,18,0.013153
2014,12420,18,0.014541
2014,12540,18,0.01881
2014,12580,18,0.001344
2014,12620,18,-0.004105
2014,12700,18,0.002517
2014,12980,18,0.006116
2014,13020,18,-0.001142
2014,13380,18,-0.017583
2014,13460,18,0.031239
2014,13780,18,0.000709
2014,14260,18,0.025728
2014,14500,18,-0.0175
2014,14740,18,-0.016853
2014,14860,18,0.003916
2014,15180,18,-0.00367
2014,15260,18,0.005871
2014,15380,18,-0.008026
2014,15500,18,-0.021486
2014,15540,18,-0.008104
2014,15940,18,-0.000536
2014,15980,18,0.028169
2014,16180,18,0.02656
2014,16220,18,-0.005736
2014,16300,18,-0.007908
2014,16700,18,0.007368
2014,16860,18,-0.018025
2014,16940,18,-0.023662
2014,17020,18,0.005363
2014,17420,18,0.002867
2014,17660,18,0.010715
2014,17780,18,-0.004788
2014,17820,18,-0.015539
2014,17900,18,-0.015391
2014,18020,18,-0.011466
2014,18700,18,-0.032161
2014,19140,18,-0.003945
2014,19340,18,-0.007486
2014,19460,18,-0.006754
2014,19500,18,-0.013162
2014,19740,18,-0.01118
2014,20020,18,-0.000987
2014,20100,18,-0.000898
2014,20220,18,-0.008606
2014,20740,18,-0.00097
2014,20940,18,0.000509
2014,21140,18,0.00399
2014,21300,18,-0.019487
2014,21500,18,-0.009991
2014,21660,18,-0.014657
2014,21820,18,-0.040245
2014,22020,18,0.012766
2014,22140,18,-0.024223
2014,22380,18,0.011705
2014,22420,18,0.018233
2014,22500,18,-0.02521
2014,22520,18,-0.00535
2014,22540,18,-0.009903
2014,22660,18,-0.018251
2014,23420,18,0.013618
2014,23460,18,-0.001344
2014,23580,18,0.015772
2014,24020,18,0.002489
2014,24140,18,-0.024673
2014,24220,18,0.008725
2014,24300,18,0.001109
2014,24500,18,-0.02199
2014,24540,18,-0.011158
2014,24580,18,-0.003221
2014,24660,18,-0.018047
2014,25260,18,-0.004049
2014,25420,18,-0.00077
2014,25500,18,-0.010576
2014,25540,18,-0.003655
2014,25860,18,-0.020077
2014,25980,18,-0.01914
2014,26300,18,0.00182
2014,26380,18,0.000937
2014,26620,18,0.001263
2014,26980,18,0.002541
2014,27060,18,0.00299
2014,27100,18,0.016661
2014,27260,18,0.020802
2014,27340,18,-0.017453
2014,27500,18,0.00596
2014,27620,18,-0.009795
2014,27740,18,-0.001604
2014,27780,18,-0.014006
2014,27860,18,-0.007973
2014,27900,18,-0.008385
2014,28100,18,0.001927
2014,28420,18,-0.049682
2014,28660,18,-0.008175
2014,28700,18,-0.021795
2014,28740,18,0.013016
2014,29100,18,-0.004026
2014,29340,18,-0.002038
2014,29420,18,0.013528
2014,29460,18,0.029947
2014,29540,18,0.003746
2014,29700,18,0.000478
2014,29740,18,-0.020217
2014,29820,18,0.057656
2014,29940,18,0.003536
2014,30140,18,-0.001598
2014,30300,18,-0.018179
2014,30340,18,0.000394
2014,30460,18,0.003072
2014,30620,18,-0.011585
2014,30700,18,-0.002298
2014,30780,18,-0.002205
2014,30860,18,-0.02292
2014,31020,18,-0.017571
2014,31420,18,-0.018141
2014,31700,18,0.003224
2014,31900,18,-0.003805
2014,32580,18,-0.001786
2014,32780,18,0.010086
2014,32900,18,0.020278
2014,33140,18,0.001623
2014,33340,18,0.005993
2014,33540,18,-0.015501
2014,33700,18,0.032072
2014,33780,18,0.004383
2014,33860,18,-0.001531
2014,34060,18,-0.018018
2014,34580,18,-0.009207
2014,34620,18,-0.006084
2014,34740,18,0.011055
2014,34900,18,0.018515
2014,34940,18,0.031396
2014,35300,18,0.000473
2014,35660,18,0.00161
2014,35980,18,0.000467
2014,36100,18,0.027869
2014,36220,18,0.017256
2014,36420,18,0.003332
2014,36500,18,-0.009777
2014,36540,18,-0.000248
2014,36740,18,0.039566
2014,36780,18,-0.003066
2014,36980,18,-0.006059
2014,37100,18,0.002327
2014,37340,18,0.025131
2014,37860,18,0.001335
2014,38060,18,0.038468
2014,38300,18,-0.00806
2014,38340,18,-0.005397
2014,38860,18,0.001007
2014,38900,18,-0.005867
2014,38940,18,0.032879
2014,39300,18,0.00855
2014,39340,18,0.00575
2014,39380,18,-0.02427
2014,39460,18,0.026009
2014,39540,18,0.009233
2014,39580,18,-0.010673
2014,39740,18,0.009812
2014,39820,18,0.010767
2014,39900,18,0.046807
2014,40140,18,0.019113
2014,40220,18,-0.013214
2014,40420,18,0.002987
2014,40580,18,-0.023417
2014,40660,18,-0.012834
2014,40900,18,0.019376
2014,40980,18,-0.002441
2014,41060,18,0.011906
2014,41100,18,0.014172
2014,41140,18,-0.00372
2014,41420,18,-0.011518
2014,41500,18,0.013154
2014,41700,18,0.006314
2014,41740,18,0.000556
2014,41940,18,-0.004904
2014,42020,18,0.003633
2014,42100,18,0.002212
2014,42140,18,-0.00669
2014,42220,18,0.011172
2014,42340,18,0.006286
2014,42540,18,-0.00528
2014,42680,18,0.01821
2014,43100,18,0.002498
2014,43300,18,0.004943
2014,43620,18,0.008199
2014,43780,18,-0.002635
2014,44100,18,-0.012072
2014,44180,18,0.004301
2014,44220,18,-0.005317
2014,44300,18,-0.005701
2014,44700,18,0.023997
2014,45060,18,-0.004369
2014,45220,18,0.001265
2014,45820,18,-0.006169
2014,45940,18,0.01742
2014,46060,18,0.0124
2014,46140,18,-0.000739
2014,46340,18,-0.002347
2014,46540,18,-0.004925
2014,46660,18,-0.023832
2014,46700,18,0.030241
2014,47220,18,0.010316
2014,47300,18,0.009783
2014,47940,18,-0.004203
2014,48300,18,-0.019747
2014,48540,18,-0.020575
2014,48660,18,-0.006771
2014,48700,18,-0.018781
2014,49020,18,0.009676
2014,49420,18,-0.036499
2014,49620,18,0.012401
2014,49660,18,-0.004252
2014,49700,18,0.022384
2014,49740,18,0.005938
2015,10180,0,-0.000798
2015,10420,0,0.003886
2015,10580,0,-0.001689
2015,10740,0,-0.009503
2015,10780,0,-0.009311
2015,10900,0,0.014734
2015,11020,0,-0.011698
2015,11260,0,-0.022394
2015,11460,0,0.00233
2015,11500,0,-0.001068
2015,11540,0,-0.000165
2015,11700,0,0.001419
2015,12020,0,0.00068
2015,12100,0,0.005456
2015,12220,0,0.018045
2015,12420,0,0.018085
2015,12540,0,0.000683
2015,12580,0,-0.009073
2015,12620,0,0.00071
2015,12700,0,-0.001401
2015,12980,0,0.002847
2015,13020,0,-0.003289
2015,13380,0,-0.004418
2015,13460,0,0.021858
2015,13780,0,0.000131
2015,14260,0,0.015447
2015,14500,0,-0.010234
2015,14740,0,0.001403
2015,14860,0,0.001664
2015,15180,0,-0.007722
2015,15260,0,0.013995
2015,15380,0,-0.00385
2015,15500,0,-0.01289
2015,15540,0,-0.006526
2015,15940,0,0.003114
2015,15980,0,0.00272
2015,16180,0,0.034813
2015,16220,0,-0.022768
2015,16300,0,-0.000452
2015,16700,0,0.010637
2015,16860,0,-0.016402
2015,16940,0,-0.024015
2015,17020,0,0.003521
2015,17420,0,0.004591
2015,17660,0,0.018332
2015,17780,0,0.006988
2015,17820,0,-0.009077
2015,17900,0,-0.005332
2015,18020,0,-0.005702
2015,18700,0,-0.016309
2015,19140,0,0.008611
2015,19340,0,-0.010956
2015,19460,0,-0.002179
2015,19500,0,-0.012931
2015,19740,0,-0.001318
2015,20020,0,0.00178
2015,20100,0,0.00297
2015,20220,0,-0.009187
2015,20740,0,-0.006198
2015,20940,0,-0.000232
2015,21140,0,0.005714
2015,21300,0,-0.017003
2015,21500,0,-0.014288
2015,21660,0,0.000947
2015,21820,0,-0.046233
2015,22020,0,0.007703
2015,22140,0,-0.031558
2015,22380,0,0.009931
2015,22420,0,0.007662
2015,22500,0,-0.01638
2015,22520,0,-0.002236
2015,22540,0,-0.006972
2015,22660,0,-0.00045
2015,23420,0,0.006634
2015,23460,0,-0.011167
2015,23580,0,0.025291
2015,24020,0,-0.001209
2015,24140,0,-0.028092
2015,24220,0,-0.005739
2015,24300,0,0.002972
2015,24500,0,-0.023636
2015,24540,0,0.007873
2015,24580,0,0.001264
2015,24660,0,-0.011463
2015,25260,0,-0.000728
2015,25420,0,0.004053
2015,25500,0,-0.002557
2015,25540,0,-0.003224
2015,25860,0,-0.013504
2015,25980,0,0.007011
2015,26300,0,-0.004698
2015,26380,0,-0.002873
2015,26620,0,0.005007
2015,26980,0,0.00046
2015,27060,0,0.002614
2015,27100,0,0.010898
2015,27260,0,0.016982
2015,27340,0,-0.019853
2015,27500,0,0.005493
2015,27620,0,-0.007406
2015,27740,0,-0.002951
2015,27780,0,-0.006067
2015,27860,0,-0.011778
2015,27900,0,-0.002705
2015,28100,0,-0.003336
2015,28420,0,-0.019748
2015,28660,0,-0.007915
2015,28700,0,-0.023273
2015,28740,0,0.01204
2015,29100,0,-0.005082
2015,29340,0,0.000249
2015,29420,0,0.002472
2015,29460,0,0.028796
2015,29540,0,0.008163
2015,29700,0,0.007794
2015,29740,0,-0.010703
2015,29820,0,0.028258
2015,29940,0,0.006982
2015,30140,0,0.007121
2015,30300,0,-0.007981
2015,30340,0,-0.000712
2015,30460,0,0.001899
2015,30620,0,-0.004552
2015,30700,0,0.00286
2015,30780,0,-0.006264
2015,30860,0,-0.010931
2015,31020,0,0.007364
2015,31420,0,-0.011384
2015,31700,0,0.006806
2015,31900,0,0.006277
2015,32580,0,0.008316
2015,32780,0,0.012056
2015,32900,0,0.000244
2015,33140,0,0.002704
2015,33340,0,0.004079
2015,33540,0,-0.00975
2015,33700,0,0.011611
2015,33780,0,0.004762
2015,33860,0,1e-05
2015,34060,0,-0.019162
2015,34580,0,0.011365
2015,34620,0,-0.010037
2015,34740,0,0.006312
2015,34900,0,0.000315
2015,34940,0,0.014307
2015,35300,0,-0.003264
2015,35660,0,0.005616
2015,35980,0,0.003385
2015,36100,0,0.020466
2015,36220,0,0.005351
2015,36420,0,-0.001109
2015,36500,0,0.009369
2015,36540,0,0.003459
2015,36740,0,0.022803
2015,36780,0,-0.004225
2015,36980,0,-0.012202
2015,37100,0,-0.007169
2015,37340,0,0.009393
2015,37860,0,0.000892
2015,38060,0,0.005001
2015,38300,0,-0.006643
2015,38340,0,-0.00668
2015,38860,0,0.002209
2015,38900,0,0.004989
2015,38940,0,0.010111
2015,39300,0,0.006562
2015,39340,0,-0.000734
2015,39380,0,-0.006807
2015,39460,0,0.006894
2015,39540,0,0.011708
2015,39580,0,0.002407
2015,39740,0,0.008057
2015,39820,0,0.003829
2015,39900,0,0.02778
2015,40140,0,0.002032
2015,40220,0,-0.009162
2015,40420,0,0.00579
2015,40580,0,-0.017338
2015,40660,0,-0.005759
2015,40900,0,0.002256
2015,40980,0,-0.007492
2015,41060,0,0.009763
2015,41100,0,0.014689
2015,41140,0,-0.006662
2015,41420,0,0.014191
2015,41500,0,0.004857
2015,41700,0,0.01064
2015,41740,0,-0.009874
2015,41940,0,-0.015559
2015,42020,0,0.000605
2015,42100,0,-0.003601
2015,42140,0,-0.003428
2015,42220,0,0.000186
2015,42340,0,0.011919
2015,42540,0,-0.00197
2015,42680,0,0.024892
2015,43100,0,0.004831
2015,43300,0,0.003588
2015,43620,0,0.006205
2015,43780,0,0.001303
2015,44100,0,-0.013086
2015,44180,0,0.004111
2015,44220,0,-0.001097
2015,44300,0,-0.005794
2015,44700,0,0.002404
2015,45060,0,-0.003064
2015,45220,0,0.001599
2015,45820,0,-0.002445
2015,45940,0,0.00627
2015,46060,0,0.00776
2015,46140,0,-0.002631
2015,46340,0,0.002314
2015,46540,0,-0.007233
2015,46660,0,-0.01164
2015,46700,0,0.014482
2015,47220,0,0.010212
2015,47300,0,0.007872
2015,47940,0,-0.007798
2015,48300,0,0.002129
2015,48540,0,-0.02113
2015,48660,0,-0.00901
2015,48700,0,-0.012694
2015,49020,0,-0.002961
2015,49420,0,-0.016171
2015,49620,0,0.01337
2015,49660,0,-0.002844
2015,49700,0,0.013745
2015,49740,0,0.006431
2015,10180,1,-0.000798
2015,10420,1,0.003886
2015,10580,1,-0.001689
2015,10740,1,-0.009503
2015,10780,1,-0.009311
2015,10900,1,0.014734
2015,11020,1,-0.011698
2015,11260,1,-0.022394
2015,11460,1,0.00233
2015,11500,1,-0.001068
2015,11540,1,-0.000165
2015,11700,1,0.001419
2015,12020,1,0.00068
2015,12100,1,0.005456
2015,12220,1,0.018045
2015,12420,1,0.018085
2015,12540,1,0.000683
2015,12580,1,-0.009073
2015,12620,1,0.00071
2015,12700,1,-0.001401
2015,12980,1,0.002847
2015,13020,1,-0.003289
2015,13380,1,-0.004418
2015,13460,1,0.021858
2015,13780,1,0.000131
2015,14260,1,0.015447
2015,14500,1,-0.010234
2015,14740,1,0.001403
2015,14860,1,0.001664
2015,15180,1,-0.007722
2015,15260,1,0.013995
2015,15380,1,-0.00385
2015,15500,1,-0.01289
2015,15540,1,-0.006526
2015,15940,1,0.003114
2015,15980,1,0.00272
2015,16180,1,0.034813
2015,16220,1,-0.022768
2015,16300,1,-0.000452
2015,16700,1,0.010637
2015,16860,1,-0.016402
2015,16940,1,-0.024015
2015,17020,1,0.003521
2015,17420,1,0.004591
2015,17660,1,0.018332
2015,17780,1,0.006988
2015,17820,1,-0.009077
2015,17900,1,-0.005332
2015,18020,1,-0.005702
2015,18700,1,-0.016309
2015,19140,1,0.008611
2015,19340,1,-0.010956
2015,19460,1,-0.002179
2015,19500,1,-0.012931
2015,19740,1,-0.001318
2015,20020,1,0.00178
2015,20100,1,0.00297
2015,20220,1,-0.009187
2015,20740,1,-0.006198
2015,20940,1,-0.000232
2015,21140,1,0.005714
2015,21300,1,-0.017003
2015,21500,1,-0.014288
2015,21660,1,0.000947
2015,21820,1,-0.046233
2015,22020,1,0.007703
2015,22140,1,-0.031558
2015,22380,1,0.009931
2015,22420,1,0.007662
2015,22500,1,-0.01638
2015,22520,1,-0.002236
2015,22540,1,-0.006972
2015,22660,1,-0.00045
2015,23420,1,0.006634
2015,23460,1,-0.011167
2015,23580,1,0.025291
2015,24020,1,-0.001209
2015,24140,1,-0.028092
2015,24220,1,-0.005739
2015,24300,1,0.002972
2015,24500,1,-0.023636
2015,24540,1,0.007873
2015,24580,1,0.001264
2015,24660,1,-0.011463
2015,25260,1,-0.000728
2015,25420,1,0.004053
2015,25500,1,-0.002557
2015,25540,1,-0.003224
2015,25860,1,-0.013504
2015,25980,1,0.007011
2015,26300,1,-0.004698
2015,26380,1,-0.002873
2015,26620,1,0.005007
2015,26980,1,0.00046
2015,27060,1,0.002614
2015,27100,1,0.010898
2015,27260,1,0.016982
2015,27340,1,-0.019853
2015,27500,1,0.005493
2015,27620,1,-0.007406
2015,27740,1,-0.002951
2015,27780,1,-0.006067
2015,27860,1,-0.011778
2015,27900,1,-0.002705
2015,28100,1,-0.003336
2015,28420,1,-0.019748
2015,28660,1,-0.007915
2015,28700,1,-0.023273
2015,28740,1,0.01204
2015,29100,1,-0.005082
2015,29340,1,0.000249
2015,29420,1,0.002472
2015,29460,1,0.028796
2015,29540,1,0.008163
2015,29700,1,0.007794
2015,29740,1,-0.010703
2015,29820,1,0.028258
2015,29940,1,0.006982
2015,30140,1,0.007121
2015,30300,1,-0.007981
2015,30340,1,-0.000712
2015,30460,1,0.001899
2015,30620,1,-0.004552
2015,30700,1,0.00286
2015,30780,1,-0.006264
2015,30860,1,-0.010931
2015,31020,1,0.007364
2015,31420,1,-0.011384
2015,31700,1,0.006806
2015,31900,1,0.006277
2015,32580,1,0.008316
2015,32780,1,0.012056
2015,32900,1,0.000244
2015,33140,1,0.002704
2015,33340,1,0.004079
2015,33540,1,-0.00975
2015,33700,1,0.011611
2015,33780,1,0.004762
2015,33860,1,1e-05
2015,34060,1,-0.019162
2015,34580,1,0.011365
2015,34620,1,-0.010037
2015,34740,1,0.006312
2015,34900,1,0.000315
2015,34940,1,0.014307
2015,35300,1,-0.003264
2015,35660,1,0.005616
2015,35980,1,0.003385
2015,36100,1,0.020466
2015,36220,1,0.005351
2015,36420,1,-0.001109
2015,36500,1,0.009369
2015,36540,1,0.003459
2015,36740,1,0.022803
2015,36780,1,-0.004225
2015,36980,1,-0.012202
2015,37100,1,-0.007169
2015,37340,1,0.009393
2015,37860,1,0.000892
2015,38060,1,0.005001
2015,38300,1,-0.006643
2015,38340,1,-0.00668
2015,38860,1,0.002209
2015,38900,1,0.004989
2015,38940,1,0.010111
2015,39300,1,0.006562
2015,39340,1,-0.000734
2015,39380,1,-0.006807
2015,39460,1,0.006894
2015,39540,1,0.011708
2015,39580,1,0.002407
2015,39740,1,0.008057
2015,39820,1,0.003829
2015,39900,1,0.02778
2015,40140,1,0.002032
2015,40220,1,-0.009162
2015,40420,1,0.00579
2015,40580,1,-0.017338
2015,40660,1,-0.005759
2015,40900,1,0.002256
2015,40980,1,-0.007492
2015,41060,1,0.009763
2015,41100,1,0.014689
2015,41140,1,-0.006662
2015,41420,1,0.014191
2015,41500,1,0.004857
2015,41700,1,0.01064
2015,41740,1,-0.009874
2015,41940,1,-0.015559
2015,42020,1,0.000605
2015,42100,1,-0.003601
2015,42140,1,-0.003428
2015,42220,1,0.000186
2015,42340,1,0.011919
2015,42540,1,-0.00197
2015,42680,1,0.024892
2015,43100,1,0.004831
2015,43300,1,0.003588
2015,43620,1,0.006205
2015,43780,1,0.001303
2015,44100,1,-0.013086
2015,44180,1,0.004111
2015,44220,1,-0.001097
2015,44300,1,-0.005794
2015,44700,1,0.002404
2015,45060,1,-0.003064
2015,45220,1,0.001599
2015,45820,1,-0.002445
2015,45940,1,0.00627
2015,46060,1,0.00776
2015,46140,1,-0.002631
2015,46340,1,0.002314
2015,46540,1,-0.007233
2015,46660,1,-0.01164
2015,46700,1,0.014482
2015,47220,1,0.010212
2015,47300,1,0.007872
2015,47940,1,-0.007798
2015,48300,1,0.002129
2015,48540,1,-0.02113
2015,48660,1,-0.00901
2015,48700,1,-0.012694
2015,49020,1,-0.002961
2015,49420,1,-0.016171
2015,49620,1,0.01337
2015,49660,1,-0.002844
2015,49700,1,0.013745
2015,49740,1,0.006431
2015,10180,2,-0.00012
2015,10420,2,0.006669
2015,10580,2,-0.004271
2015,10740,2,-0.010582
2015,10780,2,-0.012287
2015,10900,2,0.015193
2015,11020,2,-0.01145
2015,11260,2,-0.021183
2015,11460,2,0.0049
2015,11500,2,-0.002909
2015,11540,2,-0.000744
2015,11700,2,0.002801
2015,12020,2,0.001869
2015,12100,2,-0.001806
2015,12220,2,0.021172
2015,12420,2,0.020773
2015,12540,2,-0.003809
2015,12580,2,-0.016031
2015,12620,2,0.002818
2015,12700,2,-0.003865
2015,12980,2,0.004582
2015,13020,2,-0.003042
2015,13380,2,-0.005572
2015,13460,2,0.021931
2015,13780,2,0.00137
2015,14260,2,0.01583
2015,14500,2,-0.005535
2015,14740,2,0.00035
2015,14860,2,0.001355
2015,15180,2,-0.009051
2015,15260,2,0.01389
2015,15380,2,-0.000305
2015,15500,2,-0.008752
2015,15540,2,-0.007313
2015,15940,2,0.005307
2015,15980,2,-0.001351
2015,16180,2,0.03641
2015,16220,2,-0.028945
2015,16300,2,0.001663
2015,16700,2,0.011403
2015,16860,2,-0.015029
2015,16940,2,-0.026585
2015,17020,2,0.002328
2015,17420,2,0.006596
2015,17660,2,0.017075
2015,17780,2,0.008318
2015,17820,2,-0.006101
2015,17900,2,-0.002756
2015,18020,2,-0.004872
2015,18700,2,-0.018
2015,19140,2,0.015063
2015,19340,2,-0.01254
2015,19460,2,-0.000888
2015,19500,2,-0.015933
2015,19740,2,0.006347
2015,20020,2,0.000926
2015,20100,2,0.001485
2015,20220,2,-0.009437
2015,20740,2,-0.009319
2015,20940,2,-0.002937
2015,21140,2,0.00858
2015,21300,2,-0.018864
2015,21500,2,-0.013777
2015,21660,2,0.002633
2015,21820,2,-0.050657
2015,22020,2,0.005521
2015,22140,2,-0.040426
2015,22380,2,0.007691
2015,22420,2,0.009208
2015,22500,2,-0.014866
2015,22520,2,-0.001369
2015,22540,2,-0.009782
2015,22660,2,0.00653
2015,23420,2,0.003568
2015,23460,2,-0.01385
2015,23580,2,0.034003
2015,24020,2,-0.006847
2015,24140,2,-0.030382
2015,24220,2,-0.011375
2015,24300,2,0.000477
2015,24500,2,-0.023191
2015,24540,2,0.018921
2015,24580,2,0.00083
2015,24660,2,-0.006959
2015,25260,2,-0.005481
2015,25420,2,0.006773
2015,25500,2,-0.003233
2015,25540,2,-0.002382
2015,25860,2,-0.010714
2015,25980,2,0.011206
2015,26300,2,-0.007386
2015,26380,2,-0.004988
2015,26620,2,0.005481
2015,26980,2,0.001657
2015,27060,2,0.004551
2015,27100,2,0.01359
2015,27260,2,0.015912
2015,27340,2,-0.029582
2015,27500,2,0.006412
2015,27620,2,-0.007252
2015,27740,2,-0.005842
2015,27780,2,-0.006488
2015,27860,2,-0.011688
2015,27900,2,-0.002826
2015,28100,2,-0.007019
2015,28420,2,-0.01726
2015,28660,2,-0.009811
2015,28700,2,-0.024265
2015,28740,2,0.009643
2015,29100,2,-0.007413
2015,29340,2,-0.001379
2015,29420,2,-0.00348
2015,29460,2,0.030777
2015,29540,2,0.011525
2015,29700,2,0.007562
2015,29740,2,-0.013537
2015,29820,2,0.028485
2015,29940,2,0.008231
2015,30140,2,0.010074
2015,30300,2,-0.007463
2015,30340,2,-0.000116
2015,30460,2,0.004176
2015,30620,2,-0.005061
2015,30700,2,0.006149
2015,30780,2,-0.007166
2015,30860,2,-0.008253
2015,31020,2,0.01228
2015,31420,2,-0.010483
2015,31700,2,0.00922
2015,31900,2,0.008751
2015,32580,2,0.011465
2015,32780,2,0.012603
2015,32900,2,-0.001545
2015,33140,2,0.003439
2015,33340,2,0.001871
2015,33540,2,-0.012752
2015,33700,2,0.013133
2015,33780,2,0.006301
2015,33860,2,-0.000849
2015,34060,2,-0.017977
2015,34580,2,0.015372
2015,34620,2,-0.01191
2015,34740,2,0.008993
2015,34900,2,-0.000983
2015,34940,2,0.008417
2015,35300,2,-0.004639
2015,35660,2,0.004988
2015,35980,2,0.002909
2015,36100,2,0.019469
2015,36220,2,0.003081
2015,36420,2,-0.001798
2015,36500,2,0.012209
2015,36540,2,0.00586
2015,36740,2,0.020817
2015,36780,2,-0.00515
2015,36980,2,-0.012744
2015,37100,2,-0.010019
2015,37340,2,0.00601
2015,37860,2,0.000418
2015,38060,2,0.001278
2015,38300,2,-0.003959
2015,38340,2,-0.006795
2015,38860,2,0.002591
2015,38900,2,0.007097
2015,38940,2,0.006153
2015,39300,2,0.006119
2015,39340,2,0.00121
2015,39380,2,0.000158
2015,39460,2,0.005672
2015,39540,2,0.010867
2015,39580,2,0.006858
2015,39740,2,0.009859
2015,39820,2,0.002151
2015,39900,2,0.029
2015,40140,2,-0.002039
2015,40220,2,-0.009327
2015,40420,2,0.004448
2015,40580,2,-0.015303
2015,40660,2,-0.002085
2015,40900,2,0.002601
2015,40980,2,-0.00866
2015,41060,2,0.009027
2015,41100,2,0.011766
2015,41140,2,-0.008148
2015,41420,2,0.021303
2015,41500,2,0.005049
2015,41700,2,0.01434
2015,41740,2,-0.012444
2015,41940,2,-0.016983
2015,42020,2,0.000326
2015,42100,2,-0.001983
2015,42140,2,-0.003075
2015,42220,2,0.00183
2015,42340,2,0.014432
2015,42540,2,-0.000427
2015,42680,2,0.026422
2015,43100,2,0.005616
2015,43300,2,0.007692
2015,43620,2,0.007595
2015,43780,2,0.00178
2015,44100,2,-0.013503
2015,44180,2,0.005115
2015,44220,2,-0.000541
2015,44300,2,-0.005996
2015,44700,2,0.002158
2015,45060,2,-0.001406
2015,45220,2,-0.0017
2015,45820,2,-0.001752
2015,45940,2,0.002347
2015,46060,2,0.005595
2015,46140,2,-0.002473
2015,46340,2,0.004336
2015,46540,2,-0.007565
2015,46660,2,-0.012703
2015,46700,2,0.015678
2015,47220,2,0.00701
2015,47300,2,0.007582
2015,47940,2,-0.008809
2015,48300,2,0.0049
2015,48540,2,-0.019804
2015,48660,2,-0.009587
2015,48700,2,-0.010729
2015,49020,2,-0.007844
2015,49420,2,-0.011312
2015,49620,2,0.015339
2015,49660,2,-0.00193
2015,49700,2,0.01481
2015,49740,2,0.002914
2015,10180,3,-0.000553
2015,10420,3,0.007121
2015,10580,3,-0.004849
2015,10740,3,-0.012526
2015,10780,3,-0.01317
2015,10900,3,0.014518
2015,11020,3,-0.009633
2015,11260,3,-0.023772
2015,11460,3,0.0083
2015,11500,3,-0.004469
2015,11540,3,-2.2e-05
2015,11700,3,0.000401
2015,12020,3,0.00359
2015,12100,3,-0.004856
2015,12220,3,0.020321
2015,12420,3,0.023317
2015,12540,3,-0.00366
2015,12580,3,-0.019034
2015,12620,3,0.002437
2015,12700,3,-0.003722
2015,12980,3,0.004565
2015,13020,3,-0.003665
2015,13380,3,-0.007572
2015,13460,3,0.026809
2015,13780,3,-0.000297
2015,14260,3,0.020252
2015,14500,3,-0.004912
2015,14740,3,-0.00215
2015,14860,3,0.002887
2015,15180,3,-0.008692
2015,15260,3,0.013103
2015,15380,3,0.001451
2015,15500,3,-0.007416
2015,15540,3,-0.006873
2015,15940,3,0.00674
2015,15980,3,0.00184
2015,16180,3,0.037611
2015,16220,3,-0.032999
2015,16300,3,0.001141
2015,16700,3,0.011556
2015,16860,3,-0.015533
2015,16940,3,-0.028278
2015,17020,3,0.000511
2015,17420,3,0.006664
2015,17660,3,0.017329
2015,17780,3,0.008865
2015,17820,3,-0.005126
2015,17900,3,-0.002889
2015,18020,3,-0.003707
2015,18700,3,-0.014718
2015,19140,3,0.013382
2015,19340,3,-0.013706
2015,19460,3,-0.001412
2015,19500,3,-0.019767
2015,19740,3,0.008798
2015,20020,3,0.00163
2015,20100,3,0.000296
2015,20220,3,-0.010548
2015,20740,3,-0.010187
2015,20940,3,-0.000804
2015,21140,3,0.008911
2015,21300,3,-0.015425
2015,21500,3,-0.011022
2015,21660,3,0.002645
2015,21820,3,-0.053278
2015,22020,3,0.00629
2015,22140,3,-0.045163
2015,22380,3,0.006225
2015,22420,3,0.012754
2015,22500,3,-0.014819
2015,22520,3,-0.000686
2015,22540,3,-0.010505
2015,22660,3,0.008807
2015,23420,3,0.002896
2015,23460,3,-0.014431
2015,23580,3,0.036393
2015,24020,3,-0.008842
2015,24140,3,-0.029619
2015,24220,3,-0.010223
2015,24300,3,-0.000781
2015,24500,3,-0.026347
2015,24540,3,0.021781
2015,24580,3,0.001455
2015,24660,3,-0.006256
2015,25260,3,-0.007372
2015,25420,3,0.00781
2015,25500,3,-0.005936
2015,25540,3,-0.002045
2015,25860,3,-0.011713
2015,25980,3,0.012163
2015,26300,3,-0.008498
2015,26380,3,-0.00699
2015,26620,3,0.005385
2015,26980,3,0.002282
2015,27060,3,0.00349
2015,27100,3,0.014868
2015,27260,3,0.016239
2015,27340,3,-0.029706
2015,27500,3,0.005754
2015,27620,3,-0.007794
2015,27740,3,-0.006456
2015,27780,3,-0.006015
2015,27860,3,-0.010316
2015,27900,3,-0.001836
2015,28100,3,-0.009315
2015,28420,3,-0.015786
2015,28660,3,-0.010351
2015,28700,3,-0.025414
2015,28740,3,0.005308
2015,29100,3,-0.008632
2015,29340,3,-0.001609
2015,29420,3,-0.004453
2015,29460,3,0.031312
2015,29540,3,0.011692
2015,29700,3,0.007907
2015,29740,3,-0.016552
2015,29820,3,0.031751
2015,29940,3,0.00839
2015,30140,3,0.010105
2015,30300,3,-0.010335
2015,30340,3,-0.00028
2015,30460,3,0.003949
2015,30620,3,-0.006049
2015,30700,3,0.007755
2015,30780,3,-0.007705
2015,30860,3,-0.007965
2015,31020,3,0.011049
2015,31420,3,-0.009667
2015,31700,3,0.010201
2015,31900,3,0.008646
2015,32580,3,0.011222
2015,32780,3,0.013303
2015,32900,3,0.000331
2015,33140,3,0.002581
2015,33340,3,7.2e-05
2015,33540,3,-0.014496
2015,33700,3,0.014111
2015,33780,3,0.009208
2015,33860,3,-0.000174
2015,34060,3,-0.020376
2015,34580,3,0.014118
2015,34620,3,-0.008373
2015,34740,3,0.010871
2015,34900,3,-0.000231
2015,34940,3,0.010193
2015,35300,3,-0.004808
2015,35660,3,0.003977
2015,35980,3,0.002096
2015,36100,3,0.018223
2015,36220,3,0.004154
2015,36420,3,-0.001331
2015,36500,3,0.009662
2015,36540,3,0.006045
2015,36740,3,0.023245
2015,36780,3,-0.006594
2015,36980,3,-0.010908
2015,37100,3,-0.011669
2015,37340,3,0.005631
2015,37860,3,-1.5e-05
2015,38060,3,0.005137
2015,38300,3,-0.002425
2015,38340,3,-0.009955
2015,38860,3,0.003726
2015,38900,3,0.008515
2015,38940,3,0.006447
2015,39300,3,0.005748
2015,39340,3,0.004052
2015,39380,3,-0.001933
2015,39460,3,0.006758
2015,39540,3,0.008466
2015,39580,3,0.009154
2015,39740,3,0.00906
2015,39820,3,0.000159
2015,39900,3,0.03111
2015,40140,3,-0.002691
2015,40220,3,-0.011008
2015,40420,3,0.00146
2015,40580,3,-0.015391
2015,40660,3,-0.002421
2015,40900,3,0.003842
2015,40980,3,-0.006347
2015,41060,3,0.008043
2015,41100,3,0.016106
2015,41140,3,-0.0088
2015,41420,3,0.021237
2015,41500,3,0.00398
2015,41700,3,0.01348
2015,41740,3,-0.012517
2015,41940,3,-0.014533
2015,42020,3,-0.00131
2015,42100,3,-0.001372
2015,42140,3,-0.005202
2015,42220,3,0.003368
2015,42340,3,0.014137
2015,42540,3,-0.000714
2015,42680,3,0.026049
2015,43100,3,0.003355
2015,43300,3,0.008034
2015,43620,3,0.00829
2015,43780,3,0.001966
2015,44100,3,-0.014664
2015,44180,3,0.004996
2015,44220,3,0.000603
2015,44300,3,-0.00385
2015,44700,3,0.006042
2015,45060,3,-0.000976
2015,45220,3,-0.002661
2015,45820,3,-0.003961
2015,45940,3,0.001922
2015,46060,3,0.00494
2015,46140,3,-0.001993
2015,46340,3,0.004014
2015,46540,3,-0.007557
2015,46660,3,-0.013188
2015,46700,3,0.017682
2015,47220,3,0.005681
2015,47300,3,0.006452
2015,47940,3,-0.009515
2015,48300,3,0.002951
2015,48540,3,-0.019248
2015,48660,3,-0.010764
2015,48700,3,-0.010762
2015,49020,3,-0.009033
2015,49420,3,-0.012457
2015,49620,3,0.014963
2015,49660,3,-0.001851
2015,49700,3,0.014371
2015,49740,3,0.001746
2015,10180,4,-0.00062
2015,10420,4,0.00295
2015,10580,4,-0.000435
2015,10740,4,-0.008439
2015,10780,4,-0.008108
2015,10900,4,0.014317
2015,11020,4,-0.011532
2015,11260,4,-0.021485
2015,11460,4,0.001226
2015,11500,4,-0.000917
2015,11540,4,0.000262
2015,11700,4,0.001286
2015,12020,4,0.000515
2015,12100,4,0.007571
2015,12220,4,0.016697
2015,12420,4,0.016331
2015,12540,4,0.001316
2015,12580,4,-0.00613
2015,12620,4,6.2e-05
2015,12700,4,-0.000427
2015,12980,4,0.002114
2015,13020,4,-0.003634
2015,13380,4,-0.003216
2015,13460,4,0.020116
2015,13780,4,-0.000652
2015,14260,4,0.013754
2015,14500,4,-0.010803
2015,14740,4,0.002429
2015,14860,4,0.001663
2015,15180,4,-0.007429
2015,15260,4,0.014185
2015,15380,4,-0.004794
2015,15500,4,-0.014411
2015,15540,4,-0.00601
2015,15940,4,0.002451
2015,15980,4,0.003067
2015,16180,4,0.034117
2015,16220,4,-0.020277
2015,16300,4,-0.001102
2015,16700,4,0.010204
2015,16860,4,-0.016091
2015,16940,4,-0.022285
2015,17020,4,0.003849
2015,17420,4,0.004004
2015,17660,4,0.01809
2015,17780,4,0.006389
2015,17820,4,-0.009518
2015,17900,4,-0.005852
2015,18020,4,-0.005834
2015,18700,4,-0.014383
2015,19140,4,0.006311
2015,19340,4,-0.00989
2015,19460,4,-0.002292
2015,19500,4,-0.012327
2015,19740,4,-0.003332
2015,20020,4,0.002258
2015,20100,4,0.003495
2015,20220,4,-0.008858
2015,20740,4,-0.00487
2015,20940,4,0.00015
2015,21140,4,0.004537
2015,21300,4,-0.015942
2015,21500,4,-0.014868
2015,21660,4,0.000811
2015,21820,4,-0.043759
2015,22020,4,0.007714
2015,22140,4,-0.02788
2015,22380,4,0.010863
2015,22420,4,0.006195
2015,22500,4,-0.016325
2015,22520,4,-0.002191
2015,22540,4,-0.006055
2015,22660,4,-0.002347
2015,23420,4,0.007321
2015,23460,4,-0.010328
2015,23580,4,0.022329
2015,24020,4,0.000708
2015,24140,4,-0.027311
2015,24220,4,-0.003988
2015,24300,4,0.003514
2015,24500,4,-0.022966
2015,24540,4,0.004389
2015,24580,4,0.00145
2015,24660,4,-0.012693
2015,25260,4,0.00111
2015,25420,4,0.003179
2015,25500,4,-0.001935
2015,25540,4,-0.003369
2015,25860,4,-0.014004
2015,25980,4,0.005845
2015,26300,4,-0.00371
2015,26380,4,-0.001864
2015,26620,4,0.004609
2015,26980,4,-9.8e-05
2015,27060,4,0.00241
2015,27100,4,0.009427
2015,27260,4,0.016966
2015,27340,4,-0.017538
2015,27500,4,0.005018
2015,27620,4,-0.007057
2015,27740,4,-0.002148
2015,27780,4,-0.006088
2015,27860,4,-0.012004
2015,27900,4,-0.002359
2015,28100,4,-0.002158
2015,28420,4,-0.019737
2015,28660,4,-0.007351
2015,28700,4,-0.022187
2015,28740,4,0.012786
2015,29100,4,-0.003953
2015,29340,4,0.000839
2015,29420,4,0.003962
2015,29460,4,0.027368
2015,29540,4,0.007085
2015,29700,4,0.007798
2015,29740,4,-0.009289
2015,29820,4,0.026115
2015,29940,4,0.00642
2015,30140,4,0.006001
2015,30300,4,-0.006827
2015,30340,4,-0.001156
2015,30460,4,0.001212
2015,30620,4,-0.004389
2015,30700,4,0.001876
2015,30780,4,-0.005988
2015,30860,4,-0.011296
2015,31020,4,0.006035
2015,31420,4,-0.011208
2015,31700,4,0.00599
2015,31900,4,0.00537
2015,32580,4,0.00722
2015,32780,4,0.011686
2015,32900,4,-0.000186
2015,33140,4,0.002587
2015,33340,4,0.005065
2015,33540,4,-0.008027
2015,33700,4,0.010112
2015,33780,4,0.004104
2015,33860,4,0.000485
2015,34060,4,-0.018279
2015,34580,4,0.010388
2015,34620,4,-0.00891
2015,34740,4,0.00526
2015,34900,4,0.000507
2015,34940,4,0.015305
2015,35300,4,-0.00283
2015,35660,4,0.006177
2015,35980,4,0.003444
2015,36100,4,0.020286
2015,36220,4,0.005501
2015,36420,4,-0.000874
2015,36500,4,0.008834
2015,36540,4,0.00254
2015,36740,4,0.02234
2015,36780,4,-0.003826
2015,36980,4,-0.01203
2015,37100,4,-0.005751
2015,37340,4,0.010034
2015,37860,4,0.001189
2015,38060,4,0.004393
2015,38300,4,-0.007403
2015,38340,4,-0.006782
2015,38860,4,0.002048
2015,38900,4,0.00426
2015,38940,4,0.010774
2015,39300,4,0.006729
2015,39340,4,-0.001928
2015,39380,4,-0.008417
2015,39460,4,0.006642
2015,39540,4,0.011933
2015,39580,4,0.00075
2015,39740,4,0.007333
2015,39820,4,0.003964
2015,39900,4,0.025962
2015,40140,4,0.002884
2015,40220,4,-0.008383
2015,40420,4,0.006022
2015,40580,4,-0.017737
2015,40660,4,-0.006673
2015,40900,4,0.001504
2015,40980,4,-0.007255
2015,41060,4,0.010068
2015,41100,4,0.013973
2015,41140,4,-0.00619
2015,41420,4,0.012025
2015,41500,4,0.004474
2015,41700,4,0.00956
2015,41740,4,-0.008623
2015,41940,4,-0.015185
2015,42020,4,0.00076
2015,42100,4,-0.003858
2015,42140,4,-0.002625
2015,42220,4,-0.000432
2015,42340,4,0.011064
2015,42540,4,-0.002508
2015,42680,4,0.024162
2015,43100,4,0.004375
2015,43300,4,0.00237
2015,43620,4,0.005178
2015,43780,4,0.001373
2015,44100,4,-0.012766
2015,44180,4,0.003583
2015,44220,4,-0.00081
2015,44300,4,-0.005671
2015,44700,4,0.001433
2015,45060,4,-0.003426
2015,45220,4,0.00277
2015,45820,4,-0.002444
2015,45940,4,0.007384
2015,46060,4,0.008264
2015,46140,4,-0.002829
2015,46340,4,0.002099
2015,46540,4,-0.006752
2015,46660,4,-0.011418
2015,46700,4,0.013175
2015,47220,4,0.010877
2015,47300,4,0.007546
2015,47940,4,-0.006945
2015,48300,4,0.001724
2015,48540,4,-0.02025
2015,48660,4,-0.008395
2015,48700,4,-0.013322
2015,49020,4,-0.001446
2015,49420,4,-0.016952
2015,49620,4,0.01241
2015,49660,4,-0.003079
2015,49700,4,0.013133
2015,49740,4,0.007319
2015,10180,5,-0.000959
2015,10420,5,0.004643
2015,10580,5,-0.002503
2015,10740,5,-0.010401
2015,10780,5,-0.010378
2015,10900,5,0.014803
2015,11020,5,-0.011353
2015,11260,5,-0.02297
2015,11460,5,0.003651
2015,11500,5,-0.001671
2015,11540,5,-0.00016
2015,11700,5,0.00113
2015,12020,5,0.001019
2015,12100,5,0.003235
2015,12220,5,0.018844
2015,12420,5,0.019456
2015,12540,5,-4.5e-05
2015,12580,5,-0.011601
2015,12620,5,0.00109
2015,12700,5,-0.002108
2015,12980,5,0.003361
2015,13020,5,-0.00332
2015,13380,5,-0.005238
2015,13460,5,0.023517
2015,13780,5,0.000237
2015,14260,5,0.017069
2015,14500,5,-0.009443
2015,14740,5,0.000449
2015,14860,5,0.001957
2015,15180,5,-0.007814
2015,15260,5,0.013628
2015,15380,5,-0.002812
2015,15500,5,-0.011455
2015,15540,5,-0.006707
2015,15940,5,0.003841
2015,15980,5,0.00292
2015,16180,5,0.035206
2015,16220,5,-0.02522
2015,16300,5,-6.2e-05
2015,16700,5,0.010913
2015,16860,5,-0.01646
2015,16940,5,-0.025352
2015,17020,5,0.00298
2015,17420,5,0.005127
2015,17660,5,0.018329
2015,17780,5,0.007475
2015,17820,5,-0.008289
2015,17900,5,-0.004816
2015,18020,5,-0.005193
2015,18700,5,-0.016538
2015,19140,5,0.009792
2015,19340,5,-0.011728
2015,19460,5,-0.002123
2015,19500,5,-0.014238
2015,19740,5,0.000798
2015,20020,5,0.001652
2015,20100,5,0.002456
2015,20220,5,-0.009511
2015,20740,5,-0.00727
2015,20940,5,-0.000317
2015,21140,5,0.006649
2015,21300,5,-0.017042
2015,21500,5,-0.013423
2015,21660,5,0.001251
2015,21820,5,-0.048104
2015,22020,5,0.007406
2015,22140,5,-0.035098
2015,22380,5,0.008961
2015,22420,5,0.008822
2015,22500,5,-0.016179
2015,22520,5,-0.002077
2015,22540,5,-0.007599
2015,22660,5,0.001594
2015,23420,5,0.005872
2015,23460,5,-0.011867
2015,23580,5,0.02773
2015,24020,5,-0.003024
2015,24140,5,-0.028352
2015,24220,5,-0.007119
2015,24300,5,0.002307
2015,24500,5,-0.02437
2015,24540,5,0.011035
2015,24580,5,0.001344
2015,24660,5,-0.010263
2015,25260,5,-0.002538
2015,25420,5,0.004986
2015,25500,5,-0.003333
2015,25540,5,-0.002999
2015,25860,5,-0.013223
2015,25980,5,0.008427
2015,26300,5,-0.005504
2015,26380,5,-0.0039
2015,26620,5,0.005282
2015,26980,5,0.001053
2015,27060,5,0.002608
2015,27100,5,0.011881
2015,27260,5,0.016867
2015,27340,5,-0.021548
2015,27500,5,0.005726
2015,27620,5,-0.007602
2015,27740,5,-0.003817
2015,27780,5,-0.006083
2015,27860,5,-0.011309
2015,27900,5,-0.002597
2015,28100,5,-0.004633
2015,28420,5,-0.018999
2015,28660,5,-0.008477
2015,28700,5,-0.023985
2015,28740,5,0.010599
2015,29100,5,-0.006002
2015,29340,5,-0.000373
2015,29420,5,0.000927
2015,29460,5,0.029605
2015,29540,5,0.009058
2015,29700,5,0.007672
2015,29740,5,-0.012072
2015,29820,5,0.029595
2015,29940,5,0.007508
2015,30140,5,0.007917
2015,30300,5,-0.00896
2015,30340,5,-0.000456
2015,30460,5,0.002449
2015,30620,5,-0.004796
2015,30700,5,0.003999
2015,30780,5,-0.006505
2015,30860,5,-0.0103
2015,31020,5,0.00817
2015,31420,5,-0.011282
2015,31700,5,0.007559
2015,31900,5,0.006813
2015,32580,5,0.009082
2015,32780,5,0.012372
2015,32900,5,0.00043
2015,33140,5,0.002691
2015,33340,5,0.003101
2015,33540,5,-0.011052
2015,33700,5,0.012341
2015,33780,5,0.005579
2015,33860,5,-0.000215
2015,34060,5,-0.019706
2015,34580,5,0.012134
2015,34620,5,-0.01003
2015,34740,5,0.007306
2015,34900,5,0.000137
2015,34940,5,0.013512
2015,35300,5,-0.003575
2015,35660,5,0.005074
2015,35980,5,0.003164
2015,36100,5,0.020083
2015,36220,5,0.005399
2015,36420,5,-0.001206
2015,36500,5,0.00954
2015,36540,5,0.004114
2015,36740,5,0.023156
2015,36780,5,-0.004707
2015,36980,5,-0.012053
2015,37100,5,-0.008391
2015,37340,5,0.008579
2015,37860,5,0.000627
2015,38060,5,0.00573
2015,38300,5,-0.005845
2015,38340,5,-0.007273
2015,38860,5,0.002543
2015,38900,5,0.005794
2015,38940,5,0.009364
2015,39300,5,0.006338
2015,39340,5,0.000591
2015,39380,5,-0.005776
2015,39460,5,0.007213
2015,39540,5,0.011062
2015,39580,5,0.004028
2015,39740,5,0.008393
2015,39820,5,0.003198
2015,39900,5,0.028784
2015,40140,5,0.001021
2015,40220,5,-0.009821
2015,40420,5,0.004953
2015,40580,5,-0.017038
2015,40660,5,-0.005123
2015,40900,5,0.002853
2015,40980,5,-0.00734
2015,41060,5,0.009319
2015,41100,5,0.015586
2015,41140,5,-0.007111
2015,41420,5,0.015889
2015,41500,5,0.004639
2015,41700,5,0.011385
2015,41740,5,-0.010567
2015,41940,5,-0.015352
2015,42020,5,0.000226
2015,42100,5,-0.003173
2015,42140,5,-0.003979
2015,42220,5,0.000825
2015,42340,5,0.012557
2015,42540,5,-0.001622
2015,42680,5,0.025141
2015,43100,5,0.0048
2015,43300,5,0.004614
2015,43620,5,0.006939
2015,43780,5,0.001385
2015,44100,5,-0.013384
2015,44180,5,0.004447
2015,44220,5,-0.000941
2015,44300,5,-0.005392
2015,44700,5,0.00346
2015,45060,5,-0.002676
2015,45220,5,0.000558
2015,45820,5,-0.002829
2015,45940,5,0.00532
2015,46060,5,0.00715
2015,46140,5,-0.002451
2015,46340,5,0.002593
2015,46540,5,-0.007467
2015,46660,5,-0.011815
2015,46700,5,0.015306
2015,47220,5,0.009441
2015,47300,5,0.00767
2015,47940,5,-0.008379
2015,48300,5,0.002286
2015,48540,5,-0.02144
2015,48660,5,-0.00958
2015,48700,5,-0.012224
2015,49020,5,-0.004348
2015,49420,5,-0.01536
2015,49620,5,0.013896
2015,49660,5,-0.002706
2015,49700,5,0.013752
2015,49740,5,0.00552
2015,10180,6,0.000379
2015,10420,6,0.002564
2015,10580,6,-0.000541
2015,10740,6,-0.008679
2015,10780,6,-0.007713
2015,10900,6,0.015029
2015,11020,6,-0.012956
2015,11260,6,-0.022331
2015,11460,6,0.00048
2015,11500,6,0.000842
2015,11540,6,-0.001033
2015,11700,6,0.003095
2015,12020,6,-0.001846
2015,12100,6,0.009916
2015,12220,6,0.017319
2015,12420,6,0.01596
2015,12540,6,0.003316
2015,12580,6,-0.003981
2015,12620,6,0.000401
2015,12700,6,-0.000235
2015,12980,6,0.002299
2015,13020,6,-0.002882
2015,13380,6,-0.004511
2015,13460,6,0.018012
2015,13780,6,0.001206
2015,14260,6,0.012096
2015,14500,6,-0.011728
2015,14740,6,0.001752
2015,14860,6,0.00011
2015,15180,6,-0.008539
2015,15260,6,0.013673
2015,15380,6,-0.005944
2015,15500,6,-0.01693
2015,15540,6,-0.006366
2015,15940,6,0.001274
2015,15980,6,0.004412
2015,16180,6,0.035227
2015,16220,6,-0.017586
2015,16300,6,-0.00093
2015,16700,6,0.010099
2015,16860,6,-0.016693
2015,16940,6,-0.022663
2015,17020,6,0.004446
2015,17420,6,0.00414
2015,17660,6,0.017721
2015,17780,6,0.006193
2015,17820,6,-0.011938
2015,17900,6,-0.007499
2015,18020,6,-0.007028
2015,18700,6,-0.020814
2015,19140,6,0.007989
2015,19340,6,-0.00929
2015,19460,6,-0.001853
2015,19500,6,-0.008942
2015,19740,6,-0.005077
2015,20020,6,0.001176
2015,20100,6,0.003306
2015,20220,6,-0.007952
2015,20740,6,-0.004517
2015,20940,6,0.00049
2015,21140,6,0.004548
2015,21300,6,-0.018901
2015,21500,6,-0.017148
2015,21660,6,-0.001585
2015,21820,6,-0.045312
2015,22020,6,0.00776
2015,22140,6,-0.025864
2015,22380,6,0.012394
2015,22420,6,0.005592
2015,22500,6,-0.017631
2015,22520,6,-0.002462
2015,22540,6,-0.006079
2015,22660,6,-0.004753
2015,23420,6,0.00875
2015,23460,6,-0.009645
2015,23580,6,0.021042
2015,24020,6,0.002176
2015,24140,6,-0.029255
2015,24220,6,-0.003852
2015,24300,6,0.003425
2015,24500,6,-0.021271
2015,24540,6,0.002362
2015,24580,6,0.000238
2015,24660,6,-0.014633
2015,25260,6,0.001918
2015,25420,6,0.00167
2015,25500,6,-0.000621
2015,25540,6,-0.004167
2015,25860,6,-0.014443
2015,25980,6,0.004042
2015,26300,6,-0.003279
2015,26380,6,-0.000301
2015,26620,6,0.004352
2015,26980,6,-0.000927
2015,27060,6,0.004299
2015,27100,6,0.009609
2015,27260,6,0.017268
2015,27340,6,-0.01985
2015,27500,6,0.005804
2015,27620,6,-0.006888
2015,27740,6,-0.001405
2015,27780,6,-0.006287
2015,27860,6,-0.013809
2015,27900,6,-0.003129
2015,28100,6,-0.001
2015,28420,6,-0.025133
2015,28660,6,-0.007839
2015,28700,6,-0.022419
2015,28740,6,0.016516
2015,29100,6,-0.00317
2015,29340,6,0.001154
2015,29420,6,0.006543
2015,29460,6,0.028763
2015,29540,6,0.006845
2015,29700,6,0.007381
2015,29740,6,-0.009609
2015,29820,6,0.029026
2015,29940,6,0.005864
2015,30140,6,0.00575
2015,30300,6,-0.005505
2015,30340,6,-0.00082
2015,30460,6,0.001425
2015,30620,6,-0.00366
2015,30700,6,0.00049
2015,30780,6,-0.006329
2015,30860,6,-0.013438
2015,31020,6,0.005008
2015,31420,6,-0.013616
2015,31700,6,0.005648
2015,31900,6,0.005277
2015,32580,6,0.007204
2015,32780,6,0.010414
2015,32900,6,0.003614
2015,33140,6,0.003347
2015,33340,6,0.006403
2015,33540,6,-0.008062
2015,33700,6,0.013959
2015,33780,6,0.002668
2015,33860,6,-0.000604
2015,34060,6,-0.016799
2015,34580,6,0.008704
2015,34620,6,-0.013028
2015,34740,6,0.004297
2015,34900,6,0.001816
2015,34940,6,0.017495
2015,35300,6,-0.003031
2015,35660,6,0.007079
2015,35980,6,0.003527
2015,36100,6,0.022331
2015,36220,6,0.006046
2015,36420,6,-0.001619
2015,36500,6,0.007818
2015,36540,6,0.002233
2015,36740,6,0.022573
2015,36780,6,-0.003117
2015,36980,6,-0.013572
2015,37100,6,-0.003821
2015,37340,6,0.012545
2015,37860,6,0.001076
2015,38060,6,0.005314
2015,38300,6,-0.008372
2015,38340,6,-0.004141
2015,38860,6,0.001182
2015,38900,6,0.002055
2015,38940,6,0.01438
2015,39300,6,0.007604
2015,39340,6,-0.003799
2015,39380,6,-0.007998
2015,39460,6,0.007985
2015,39540,6,0.013706
2015,39580,6,-0.00231
2015,39740,6,0.008009
2015,39820,6,0.005729
2015,39900,6,0.028304
2015,40140,6,0.00667
2015,40220,6,-0.00839
2015,40420,6,0.007516
2015,40580,6,-0.019071
2015,40660,6,-0.007033
2015,40900,6,0.002167
2015,40980,6,-0.009382
2015,41060,6,0.011007
2015,41100,6,0.011065
2015,41140,6,-0.005738
2015,41420,6,0.010123
2015,41500,6,0.007628
2015,41700,6,0.010848
2015,41740,6,-0.008289
2015,41940,6,-0.016151
2015,42020,6,0.0024
2015,42100,6,-0.004167
2015,42140,6,-0.002828
2015,42220,6,-0.000152
2015,42340,6,0.011014
2015,42540,6,-0.002668
2015,42680,6,0.026366
2015,43100,6,0.006174
2015,43300,6,0.003034
2015,43620,6,0.004506
2015,43780,6,0.00095
2015,44100,6,-0.011691
2015,44180,6,0.003489
2015,44220,6,-0.00255
2015,44300,6,-0.007885
2015,44700,6,0.002393
2015,45060,6,-0.004025
2015,45220,6,0.002654
2015,45820,6,-0.000756
2015,45940,6,0.007545
2015,46060,6,0.00879
2015,46140,6,-0.003707
2015,46340,6,0.002316
2015,46540,6,-0.006974
2015,46660,6,-0.012473
2015,46700,6,0.015742
2015,47220,6,0.011565
2015,47300,6,0.009445
2015,47940,6,-0.006455
2015,48300,6,0.000743
2015,48540,6,-0.020794
2015,48660,6,-0.00786
2015,48700,6,-0.012126
2015,49020,6,0.000697
2015,49420,6,-0.01956
2015,49620,6,0.012703
2015,49660,6,-0.003295
2015,49700,6,0.015808
2015,49740,6,0.007837
2015,10180,7,-0.000553
2015,10420,7,0.007121
2015,10580,7,-0.004849
2015,10740,7,-0.012526
2015,10780,7,-0.01317
2015,10900,7,0.014518
2015,11020,7,-0.009633
2015,11260,7,-0.023772
2015,11460,7,0.0083
2015,11500,7,-0.004469
2015,11540,7,-2.2e-05
2015,11700,7,0.000401
2015,12020,7,0.00359
2015,12100,7,-0.004856
2015,12220,7,0.020321
2015,12420,7,0.023317
2015,12540,7,-0.00366
2015,12580,7,-0.019034
2015,12620,7,0.002437
2015,12700,7,-0.003722
2015,12980,7,0.004565
2015,13020,7,-0.003665
2015,13380,7,-0.007572
2015,13460,7,0.026809
2015,13780,7,-0.000297
2015,14260,7,0.020252
2015,14500,7,-0.004912
2015,14740,7,-0.00215
2015,14860,7,0.002887
2015,15180,7,-0.008692
2015,15260,7,0.013103
2015,15380,7,0.001451
2015,15500,7,-0.007416
2015,15540,7,-0.006873
2015,15940,7,0.00674
2015,15980,7,0.00184
2015,16180,7,0.037611
2015,16220,7,-0.032999
2015,16300,7,0.001141
2015,16700,7,0.011556
2015,16860,7,-0.015533
2015,16940,7,-0.028278
2015,17020,7,0.000511
2015,17420,7,0.006664
2015,17660,7,0.017329
2015,17780,7,0.008865
2015,17820,7,-0.005126
2015,17900,7,-0.002889
2015,18020,7,-0.003707
2015,18700,7,-0.014718
2015,19140,7,0.013382
2015,19340,7,-0.013706
2015,19460,7,-0.001412
2015,19500,7,-0.019767
2015,19740,7,0.008798
2015,20020,7,0.00163
2015,20100,7,0.000296
2015,20220,7,-0.010548
2015,20740,7,-0.010187
2015,20940,7,-0.000804
2015,21140,7,0.008911
2015,21300,7,-0.015425
2015,21500,7,-0.011022
2015,21660,7,0.002645
2015,21820,7,-0.053278
2015,22020,7,0.00629
2015,22140,7,-0.045163
2015,22380,7,0.006225
2015,22420,7,0.012754
2015,22500,7,-0.014819
2015,22520,7,-0.000686
2015,22540,7,-0.010505
2015,22660,7,0.008807
2015,23420,7,0.002896
2015,23460,7,-0.014431
2015,23580,7,0.036393
2015,24020,7,-0.008842
2015,24140,7,-0.029619
2015,24220,7,-0.010223
2015,24300,7,-0.000781
2015,24500,7,-0.026347
2015,24540,7,0.021781
2015,24580,7,0.001455
2015,24660,7,-0.006256
2015,25260,7,-0.007372
2015,25420,7,0.00781
2015,25500,7,-0.005936
2015,25540,7,-0.002045
2015,25860,7,-0.011713
2015,25980,7,0.012163
2015,26300,7,-0.008498
2015,26380,7,-0.00699
2015,26620,7,0.005385
2015,26980,7,0.002282
2015,27060,7,0.00349
2015,27100,7,0.014868
2015,27260,7,0.016239
2015,27340,7,-0.029706
2015,27500,7,0.005754
2015,27620,7,-0.007794
2015,27740,7,-0.006456
2015,27780,7,-0.006015
2015,27860,7,-0.010316
2015,27900,7,-0.001836
2015,28100,7,-0.009315
2015,28420,7,-0.015786
2015,28660,7,-0.010351
2015,28700,7,-0.025414
2015,28740,7,0.005308
2015,29100,7,-0.008632
2015,29340,7,-0.001609
2015,29420,7,-0.004453
2015,29460,7,0.031312
2015,29540,7,0.011692
2015,29700,7,0.007907
2015,29740,7,-0.016552
2015,29820,7,0.031751
2015,29940,7,0.00839
2015,30140,7,0.010105
2015,30300,7,-0.010335
2015,30340,7,-0.00028
2015,30460,7,0.003949
2015,30620,7,-0.006049
2015,30700,7,0.007755
2015,30780,7,-0.007705
2015,30860,7,-0.007965
2015,31020,7,0.011049
2015,31420,7,-0.009667
2015,31700,7,0.010201
2015,31900,7,0.008646
2015,32580,7,0.011222
2015,32780,7,0.013303
2015,32900,7,0.000331
2015,33140,7,0.002581
2015,33340,7,7.2e-05
2015,33540,7,-0.014496
2015,33700,7,0.014111
2015,33780,7,0.009208
2015,33860,7,-0.000174
2015,34060,7,-0.020376
2015,34580,7,0.014118
2015,34620,7,-0.008373
2015,34740,7,0.010871
2015,34900,7,-0.000231
2015,34940,7,0.010193
2015,35300,7,-0.004808
2015,35660,7,0.003977
2015,35980,7,0.002096
2015,36100,7,0.018223
2015,36220,7,0.004154
2015,36420,7,-0.001331
2015,36500,7,0.009662
2015,36540,7,0.006045
2015,36740,7,0.023245
2015,36780,7,-0.006594
2015,36980,7,-0.010908
2015,37100,7,-0.011669
2015,37340,7,0.005631
2015,37860,7,-1.5e-05
2015,38060,7,0.005137
2015,38300,7,-0.002425
2015,38340,7,-0.009955
2015,38860,7,0.003726
2015,38900,7,0.008515
2015,38940,7,0.006447
2015,39300,7,0.005748
2015,39340,7,0.004052
2015,39380,7,-0.001933
2015,39460,7,0.006758
2015,39540,7,0.008466
2015,39580,7,0.009154
2015,39740,7,0.00906
2015,39820,7,0.000159
2015,39900,7,0.03111
2015,40140,7,-0.002691
2015,40220,7,-0.011008
2015,40420,7,0.00146
2015,40580,7,-0.015391
2015,40660,7,-0.002421
2015,40900,7,0.003842
2015,40980,7,-0.006347
2015,41060,7,0.008043
2015,41100,7,0.016106
2015,41140,7,-0.0088
2015,41420,7,0.021237
2015,41500,7,0.00398
2015,41700,7,0.01348
2015,41740,7,-0.012517
2015,41940,7,-0.014533
2015,42020,7,-0.00131
2015,42100,7,-0.001372
2015,42140,7,-0.005202
2015,42220,7,0.003368
2015,42340,7,0.014137
2015,42540,7,-0.000714
2015,42680,7,0.026049
2015,43100,7,0.003355
2015,43300,7,0.008034
2015,43620,7,0.00829
2015,43780,7,0.001966
2015,44100,7,-0.014664
2015,44180,7,0.004996
2015,44220,7,0.000603
2015,44300,7,-0.00385
2015,44700,7,0.006042
2015,45060,7,-0.000976
2015,45220,7,-0.002661
2015,45820,7,-0.003961
2015,45940,7,0.001922
2015,46060,7,0.00494
2015,46140,7,-0.001993
2015,46340,7,0.004014
2015,46540,7,-0.007557
2015,46660,7,-0.013188
2015,46700,7,0.017682
2015,47220,7,0.005681
2015,47300,7,0.006452
2015,47940,7,-0.009515
2015,48300,7,0.002951
2015,48540,7,-0.019248
2015,48660,7,-0.010764
2015,48700,7,-0.010762
2015,49020,7,-0.009033
2015,49420,7,-0.012457
2015,49620,7,0.014963
2015,49660,7,-0.001851
2015,49700,7,0.014371
2015,49740,7,0.001746
2015,10180,8,0.0003
2015,10420,8,0.003962
2015,10580,8,-0.002146
2015,10740,8,-0.01004
2015,10780,8,-0.009436
2015,10900,8,0.015603
2015,11020,8,-0.013038
2015,11260,8,-0.023365
2015,11460,8,0.002193
2015,11500,8,0.000272
2015,11540,8,-0.001445
2015,11700,8,0.003282
2015,12020,8,-0.001306
2015,12100,8,0.006645
2015,12220,8,0.019197
2015,12420,8,0.018377
2015,12540,8,0.002006
2015,12580,8,-0.0081
2015,12620,8,0.001326
2015,12700,8,-0.001508
2015,12980,8,0.003283
2015,13020,8,-0.002599
2015,13380,8,-0.00596
2015,13460,8,0.020206
2015,13780,8,0.001986
2015,14260,8,0.014191
2015,14500,8,-0.01047
2015,14740,8,0.000512
2015,14860,8,0.000223
2015,15180,8,-0.009064
2015,15260,8,0.013624
2015,15380,8,-0.004396
2015,15500,8,-0.0149
2015,15540,8,-0.006991
2015,15940,8,0.002404
2015,15980,8,0.003658
2015,16180,8,0.036629
2015,16220,8,-0.021405
2015,16300,8,-2.9e-05
2015,16700,8,0.010757
2015,16860,8,-0.016941
2015,16940,8,-0.02501
2015,17020,8,0.003863
2015,17420,8,0.00506
2015,17660,8,0.017959
2015,17780,8,0.007073
2015,17820,8,-0.011047
2015,17900,8,-0.006647
2015,18020,8,-0.006738
2015,18700,8,-0.022684
2015,19140,8,0.011106
2015,19340,8,-0.010714
2015,19460,8,-0.001586
2015,19500,8,-0.010437
2015,19740,8,-0.001807
2015,20020,8,0.000705
2015,20100,8,0.002543
2015,20220,8,-0.008471
2015,20740,8,-0.006347
2015,20940,8,-0.000143
2015,21140,8,0.006171
2015,21300,8,-0.020045
2015,21500,8,-0.016474
2015,21660,8,-0.001134
2015,21820,8,-0.048929
2015,22020,8,0.007545
2015,22140,8,-0.031314
2015,22380,8,0.011206
2015,22420,8,0.007552
2015,22500,8,-0.017586
2015,22520,8,-0.002314
2015,22540,8,-0.007504
2015,22660,8,-0.001713
2015,23420,8,0.007648
2015,23460,8,-0.011007
2015,23580,8,0.025657
2015,24020,8,-0.000639
2015,24140,8,-0.030576
2015,24220,8,-0.006313
2015,24300,8,0.002478
2015,24500,8,-0.022304
2015,24540,8,0.007644
2015,24580,8,7.6e-05
2015,24660,8,-0.012831
2015,25260,8,-0.000639
2015,25420,8,0.00305
2015,25500,8,-0.001523
2015,25540,8,-0.003884
2015,25860,8,-0.013732
2015,25980,8,0.005933
2015,26300,8,-0.004738
2015,26380,8,-0.001741
2015,26620,8,0.004841
2015,26980,8,-0.000163
2015,27060,8,0.004763
2015,27100,8,0.011618
2015,27260,8,0.017335
2015,27340,8,-0.023766
2015,27500,8,0.006394
2015,27620,8,-0.007284
2015,27740,8,-0.002674
2015,27780,8,-0.006358
2015,27860,8,-0.013597
2015,27900,8,-0.003403
2015,28100,8,-0.002871
2015,28420,8,-0.024792
2015,28660,8,-0.008761
2015,28700,8,-0.02389
2015,28740,8,0.015244
2015,29100,8,-0.004716
2015,29340,8,0.000358
2015,29420,8,0.004169
2015,29460,8,0.030742
2015,29540,8,0.008486
2015,29700,8,0.007486
2015,29740,8,-0.011674
2015,29820,8,0.031529
2015,29940,8,0.006669
2015,30140,8,0.007339
2015,30300,8,-0.006738
2015,30340,8,-0.000338
2015,30460,8,0.002428
2015,30620,8,-0.004017
2015,30700,8,0.00209
2015,30780,8,-0.006824
2015,30860,8,-0.012741
2015,31020,8,0.007039
2015,31420,8,-0.013637
2015,31700,8,0.006949
2015,31900,8,0.006589
2015,32580,8,0.008798
2015,32780,8,0.011057
2015,32900,8,0.003813
2015,33140,8,0.003545
2015,33340,8,0.005069
2015,33540,8,-0.010334
2015,33700,8,0.015741
2015,33780,8,0.003824
2015,33860,8,-0.00109
2015,34060,8,-0.017793
2015,34580,8,0.010301
2015,34620,8,-0.014142
2015,34740,8,0.005934
2015,34900,8,0.001496
2015,34940,8,0.015891
2015,35300,8,-0.003683
2015,35660,8,0.006472
2015,35980,8,0.00339
2015,36100,8,0.022473
2015,36220,8,0.00566
2015,36420,8,-0.001898
2015,36500,8,0.00871
2015,36540,8,0.003527
2015,36740,8,0.023107
2015,36780,8,-0.003779
2015,36980,8,-0.013789
2015,37100,8,-0.005773
2015,37340,8,0.011481
2015,37860,8,0.00073
2015,38060,8,0.005557
2015,38300,8,-0.007179
2015,38340,8,-0.004392
2015,38860,8,0.001515
2015,38900,8,0.003252
2015,38940,8,0.013241
2015,39300,8,0.007437
2015,39340,8,-0.002182
2015,39380,8,-0.005615
2015,39460,8,0.008145
2015,39540,8,0.013319
2015,39580,8,0.000144
2015,39740,8,0.009
2015,39820,8,0.005224
2015,39900,8,0.030609
2015,40140,8,0.005177
2015,40220,8,-0.009319
2015,40420,8,0.006938
2015,40580,8,-0.018541
2015,40660,8,-0.005663
2015,40900,8,0.003014
2015,40980,8,-0.009658
2015,41060,8,0.010663
2015,41100,8,0.011716
2015,41140,8,-0.006514
2015,41420,8,0.013434
2015,41500,8,0.00798
2015,41700,8,0.012483
2015,41740,8,-0.009955
2015,41940,8,-0.016707
2015,42020,8,0.002095
2015,42100,8,-0.003645
2015,42140,8,-0.003666
2015,42220,8,0.000805
2015,42340,8,0.012319
2015,42540,8,-0.001956
2015,42680,8,0.027527
2015,43100,8,0.006578
2015,43300,8,0.00488
2015,43620,8,0.005788
2015,43780,8,0.001009
2015,44100,8,-0.012292
2015,44180,8,0.004184
2015,44220,8,-0.002606
2015,44300,8,-0.00791
2015,44700,8,0.003524
2015,45060,8,-0.003405
2015,45220,8,0.001023
2015,45820,8,-0.000827
2015,45940,8,0.005948
2015,46060,8,0.008035
2015,46140,8,-0.003473
2015,46340,8,0.002863
2015,46540,8,-0.00752
2015,46660,8,-0.013002
2015,46700,8,0.017419
2015,47220,8,0.010452
2015,47300,8,0.009697
2015,47940,8,-0.007515
2015,48300,8,0.001473
2015,48540,8,-0.021516
2015,48660,8,-0.008674
2015,48700,8,-0.01139
2015,49020,8,-0.001602
2015,49420,8,-0.018285
2015,49620,8,0.014027
2015,49660,8,-0.002936
2015,49700,8,0.016664
2015,49740,8,0.006446
2015,10180,9,-0.001178
2015,10420,9,0.00545
2015,10580,9,-0.003282
2015,10740,9,-0.011408
2015,10780,9,-0.011337
2015,10900,9,0.014604
2015,11020,9,-0.010375
2015,11260,9,-0.023962
2015,11460,9,0.005608
2015,11500,9,-0.002726
2015,11540,9,0.000112
2015,11700,9,1.6e-05
2015,12020,9,0.002283
2015,12100,9,0.000367
2015,12220,9,0.018987
2015,12420,9,0.02087
2015,12540,9,-0.001037
2015,12580,9,-0.014586
2015,12620,9,0.001282
2015,12700,9,-0.002612
2015,12980,9,0.003732
2015,13020,9,-0.003559
2015,13380,9,-0.006213
2015,13460,9,0.026033
2015,13780,9,-0.000414
2015,14260,9,0.019479
2015,14500,9,-0.008435
2015,14740,9,-0.000661
2015,14860,9,0.002806
2015,15180,9,-0.007615
2015,15260,9,0.013484
2015,15380,9,-0.001348
2015,15500,9,-0.009723
2015,15540,9,-0.006805
2015,15940,9,0.005024
2015,15980,9,0.00327
2015,16180,9,0.036204
2015,16220,9,-0.028828
2015,16300,9,0.000123
2015,16700,9,0.010996
2015,16860,9,-0.016482
2015,16940,9,-0.026848
2015,17020,9,0.001987
2015,17420,9,0.005479
2015,17660,9,0.018281
2015,17780,9,0.007871
2015,17820,9,-0.007111
2015,17900,9,-0.004232
2015,18020,9,-0.004536
2015,18700,9,-0.014658
2015,19140,9,0.010214
2015,19340,9,-0.012778
2015,19460,9,-0.002142
2015,19500,9,-0.016885
2015,19740,9,0.003248
2015,20020,9,0.001996
2015,20100,9,0.001677
2015,20220,9,-0.010199
2015,20740,9,-0.008458
2015,20940,9,0.000105
2015,21140,9,0.007336
2015,21300,9,-0.01558
2015,21500,9,-0.011791
2015,21660,9,0.001954
2015,21820,9,-0.049953
2015,22020,9,0.007017
2015,22140,9,-0.039047
2015,22380,9,0.007818
2015,22420,9,0.010923
2015,22500,9,-0.015752
2015,22520,9,-0.001638
2015,22540,9,-0.008412
2015,22660,9,0.003912
2015,23420,9,0.004871
2015,23460,9,-0.012632
2015,23580,9,0.03071
2015,24020,9,-0.005148
2015,24140,9,-0.028138
2015,24220,9,-0.008
2015,24300,9,0.001571
2015,24500,9,-0.025989
2015,24540,9,0.014349
2015,24580,9,0.00163
2015,24660,9,-0.008872
2015,25260,9,-0.004265
2015,25420,9,0.006149
2015,25500,9,-0.004891
2015,25540,9,-0.002565
2015,25860,9,-0.013049
2015,25980,9,0.009989
2015,26300,9,-0.006341
2015,26380,9,-0.005381
2015,26620,9,0.00532
2015,26980,9,0.001606
2015,27060,9,0.002065
2015,27100,9,0.013051
2015,27260,9,0.016833
2015,27340,9,-0.02304
2015,27500,9,0.005563
2015,27620,9,-0.007775
2015,27740,9,-0.004783
2015,27780,9,-0.005854
2015,27860,9,-0.01039
2015,27900,9,-0.001994
2015,28100,9,-0.006355
2015,28420,9,-0.017418
2015,28660,9,-0.008958
2015,28700,9,-0.024719
2015,28740,9,0.007865
2015,29100,9,-0.007299
2015,29340,9,-0.000883
2015,29420,9,-0.000792
2015,29460,9,0.030238
2015,29540,9,0.009799
2015,29700,9,0.007808
2015,29740,9,-0.013787
2015,29820,9,0.030918
2015,29940,9,0.007928
2015,30140,9,0.008508
2015,30300,9,-0.010389
2015,30340,9,-0.000394
2015,30460,9,0.002668
2015,30620,9,-0.005397
2015,30700,9,0.005464
2015,30780,9,-0.006789
2015,30860,9,-0.009441
2015,31020,9,0.008849
2015,31420,9,-0.010328
2015,31700,9,0.008493
2015,31900,9,0.007347
2015,32580,9,0.009609
2015,32780,9,0.013085
2015,32900,9,0.000356
2015,33140,9,0.002346
2015,33340,9,0.0017
2015,33540,9,-0.012517
2015,33700,9,0.012569
2015,33780,9,0.007369
2015,33860,9,0.00015
2015,34060,9,-0.021006
2015,34580,9,0.012703
2015,34620,9,-0.008367
2015,34740,9,0.008818
2015,34900,9,3.2e-05
2015,34940,9,0.012734
2015,35300,9,-0.0038
2015,35660,9,0.004395
2015,35980,9,0.002822
2015,36100,9,0.019348
2015,36220,9,0.005167
2015,36420,9,-0.001096
2015,36500,9,0.009171
2015,36540,9,0.004696
2015,36740,9,0.023907
2015,36780,9,-0.005671
2015,36980,9,-0.011287
2015,37100,9,-0.010023
2015,37340,9,0.007535
2015,37860,9,0.000321
2015,38060,9,0.006799
2015,38300,9,-0.004672
2015,38340,9,-0.008991
2015,38860,9,0.003156
2015,38900,9,0.00706
2015,38940,9,0.008271
2015,39300,9,0.005999
2015,39340,9,0.002449
2015,39380,9,-0.005438
2015,39460,9,0.007303
2015,39540,9,0.009717
2015,39580,9,0.006054
2015,39740,9,0.008394
2015,39820,9,0.001966
2015,39900,9,0.029842
2015,40140,9,-0.000628
2015,40220,9,-0.010622
2015,40420,9,0.003406
2015,40580,9,-0.016436
2015,40660,9,-0.004443
2015,40900,9,0.003417
2015,40980,9,-0.006159
2015,41060,9,0.008772
2015,41100,9,0.01734
2015,41140,9,-0.007521
2015,41420,9,0.01758
2015,41500,9,0.003806
2015,41700,9,0.011474
2015,41740,9,-0.011307
2015,41940,9,-0.01465
2015,42020,9,-0.00079
2015,42100,9,-0.002592
2015,42140,9,-0.00474
2015,42220,9,0.001709
2015,42340,9,0.012942
2015,42540,9,-0.001362
2015,42680,9,0.02499
2015,43100,9,0.003789
2015,43300,9,0.005541
2015,43620,9,0.00748
2015,43780,9,0.001576
2015,44100,9,-0.01424
2015,44180,9,0.004722
2015,44220,9,-0.000103
2015,44300,9,-0.004358
2015,44700,9,0.004974
2015,45060,9,-0.002126
2015,45220,9,-0.000367
2015,45820,9,-0.003781
2015,45940,9,0.004438
2015,46060,9,0.006561
2015,46140,9,-0.002024
2015,46340,9,0.002845
2015,46540,9,-0.007522
2015,46660,9,-0.011959
2015,46700,9,0.016069
2015,47220,9,0.008366
2015,47300,9,0.00696
2015,47940,9,-0.008966
2015,48300,9,0.002117
2015,48540,9,-0.021081
2015,48660,9,-0.010207
2015,48700,9,-0.012168
2015,49020,9,-0.006094
2015,49420,9,-0.014573
2015,49620,9,0.014179
2015,49660,9,-0.002447
2015,49700,9,0.01343
2015,49740,9,0.004531
2015,10180,10,-0.001347
2015,10420,10,0.005347
2015,10580,10,-0.003165
2015,10740,10,-0.012144
2015,10780,10,-0.011317
2015,10900,10,0.014127
2015,11020,10,-0.009256
2015,11260,10,-0.025387
2015,11460,10,0.007085
2015,11500,10,-0.003466
2015,11540,10,0.000711
2015,11700,10,-0.001526
2015,12020,10,0.003261
2015,12100,10,-0.000541
2015,12220,10,0.017767
2015,12420,10,0.02176
2015,12540,10,-0.000634
2015,12580,10,-0.01527
2015,12620,10,0.000806
2015,12700,10,-0.002094
2015,12980,10,0.003465
2015,13020,10,-0.004054
2015,13380,10,-0.006896
2015,13460,10,0.028484
2015,13780,10,-0.001652
2015,14260,10,0.021599
2015,14500,10,-0.008553
2015,14740,10,-0.001594
2015,14860,10,0.003676
2015,15180,10,-0.007213
2015,15260,10,0.013205
2015,15380,10,-0.000719
2015,15500,10,-0.009477
2015,15540,10,-0.006377
2015,15940,10,0.005618
2015,15980,10,0.005217
2015,16180,10,0.036864
2015,16220,10,-0.030598
2015,16300,10,-0.000391
2015,16700,10,0.010893
2015,16860,10,-0.016811
2015,16940,10,-0.027364
2015,17020,10,0.001127
2015,17420,10,0.005255
2015,17660,10,0.018624
2015,17780,10,0.008058
2015,17820,10,-0.006782
2015,17900,10,-0.004519
2015,18020,10,-0.004034
2015,18700,10,-0.011901
2015,19140,10,0.008362
2015,19340,10,-0.013158
2015,19460,10,-0.002495
2015,19500,10,-0.018858
2015,19740,10,0.003739
2015,20020,10,0.002621
2015,20100,10,0.001224
2015,20220,10,-0.010812
2015,20740,10,-0.008506
2015,20940,10,0.001604
2015,21140,10,0.007052
2015,21300,10,-0.013185
2015,21500,10,-0.010328
2015,21660,10,0.002006
2015,21820,10,-0.050897
2015,22020,10,0.007559
2015,22140,10,-0.040405
2015,22380,10,0.007277
2015,22420,10,0.012591
2015,22500,10,-0.015716
2015,22520,10,-0.001225
2015,22540,10,-0.008427
2015,22660,10,0.004469
2015,23420,10,0.004807
2015,23460,10,-0.012633
2015,23580,10,0.030885
2015,24020,10,-0.005468
2015,24140,10,-0.027364
2015,24220,10,-0.006586
2015,24300,10,0.001229
2015,24500,10,-0.027747
2015,24540,10,0.014547
2015,24580,10,0.00209
2015,24660,10,-0.008989
2015,25260,10,-0.004526
2015,25420,10,0.006406
2015,25500,10,-0.00626
2015,25540,10,-0.00243
2015,25860,10,-0.013831
2015,25980,10,0.010225
2015,26300,10,-0.006567
2015,26380,10,-0.006101
2015,26620,10,0.005127
2015,26980,10,0.001663
2015,27060,10,0.001108
2015,27100,10,0.013255
2015,27260,10,0.01711
2015,27340,10,-0.022097
2015,27500,10,0.004994
2015,27620,10,-0.007994
2015,27740,10,-0.004746
2015,27780,10,-0.005399
2015,27860,10,-0.009682
2015,27900,10,-0.001178
2015,28100,10,-0.007163
2015,28420,10,-0.016555
2015,28660,10,-0.009071
2015,28700,10,-0.02501
2015,28740,10,0.005702
2015,29100,10,-0.007638
2015,29340,10,-0.000646
2015,29420,10,-0.000645
2015,29460,10,0.030087
2015,29540,10,0.009419
2015,29700,10,0.00803
2015,29740,10,-0.014915
2015,29820,10,0.032125
2015,29940,10,0.007868
2015,30140,10,0.008111
2015,30300,10,-0.011828
2015,30340,10,-0.000641
2015,30460,10,0.002187
2015,30620,10,-0.005879
2015,30700,10,0.005977
2015,30780,10,-0.006981
2015,30860,10,-0.009453
2015,31020,10,0.007738
2015,31420,10,-0.009722
2015,31700,10,0.008747
2015,31900,10,0.006977
2015,32580,10,0.009017
2015,32780,10,0.013446
2015,32900,10,0.001266
2015,33140,10,0.001782
2015,33340,10,0.000989
2015,33540,10,-0.01285
2015,33700,10,0.012536
2015,33780,10,0.008896
2015,33860,10,0.000862
2015,34060,10,-0.02241
2015,34580,10,0.011701
2015,34620,10,-0.005797
2015,34740,10,0.009406
2015,34900,10,0.000488
2015,34940,10,0.014286
2015,35300,10,-0.003716
2015,35660,10,0.004045
2015,35980,10,0.002411
2015,36100,10,0.018634
2015,36220,10,0.005737
2015,36420,10,-0.000753
2015,36500,10,0.007476
2015,36540,10,0.004444
2015,36740,10,0.025218
2015,36780,10,-0.006424
2015,36980,10,-0.010107
2015,37100,10,-0.010522
2015,37340,10,0.00762
2015,37860,10,0.00012
2015,38060,10,0.008914
2015,38300,10,-0.004089
2015,38340,10,-0.01087
2015,38860,10,0.003793
2015,38900,10,0.007674
2015,38940,10,0.008694
2015,39300,10,0.005841
2015,39340,10,0.003614
2015,39380,10,-0.007403
2015,39460,10,0.007815
2015,39540,10,0.008441
2015,39580,10,0.006789
2015,39740,10,0.007634
2015,39820,10,0.000924
2015,39900,10,0.030505
2015,40140,10,-0.000705
2015,40220,10,-0.011375
2015,40420,10,0.001831
2015,40580,10,-0.016568
2015,40660,10,-0.005005
2015,40900,10,0.003874
2015,40980,10,-0.004632
2015,41060,10,0.008353
2015,41100,10,0.019981
2015,41140,10,-0.007733
2015,41420,10,0.016756
2015,41500,10,0.00292
2015,41700,10,0.010408
2015,41740,10,-0.010972
2015,41940,10,-0.013155
2015,42020,10,-0.00174
2015,42100,10,-0.002433
2015,42140,10,-0.005775
2015,42220,10,0.002323
2015,42340,10,0.01242
2015,42540,10,-0.001735
2015,42680,10,0.024523
2015,43100,10,0.002354
2015,43300,10,0.005233
2015,43620,10,0.007485
2015,43780,10,0.001745
2015,44100,10,-0.014847
2015,44180,10,0.004431
2015,44220,10,0.000697
2015,44300,10,-0.003083
2015,44700,10,0.006955
2015,45060,10,-0.002045
2015,45220,10,-0.000355
2015,45820,10,-0.005073
2015,45940,10,0.004677
2015,46060,10,0.006487
2015,46140,10,-0.001757
2015,46340,10,0.002485
2015,46540,10,-0.007392
2015,46660,10,-0.012038
2015,46700,10,0.016739
2015,47220,10,0.007998
2015,47300,10,0.00619
2015,47940,10,-0.009116
2015,48300,10,0.000835
2015,48540,10,-0.020544
2015,48660,10,-0.010714
2015,48700,10,-0.012525
2015,49020,10,-0.006201
2015,49420,10,-0.015603
2015,49620,10,0.013626
2015,49660,10,-0.002439
2015,49700,10,0.01295
2015,49740,10,0.004427
2015,10180,11,-0.000959
2015,10420,11,0.004643
2015,10580,11,-0.002503
2015,10740,11,-0.010401
2015,10780,11,-0.010378
2015,10900,11,0.014803
2015,11020,11,-0.011353
2015,11260,11,-0.02297
2015,11460,11,0.003651
2015,11500,11,-0.001671
2015,11540,11,-0.00016
2015,11700,11,0.00113
2015,12020,11,0.001019
2015,12100,11,0.003235
2015,12220,11,0.018844
2015,12420,11,0.019456
2015,12540,11,-4.5e-05
2015,12580,11,-0.011601
2015,12620,11,0.00109
2015,12700,11,-0.002108
2015,12980,11,0.003361
2015,13020,11,-0.00332
2015,13380,11,-0.005238
2015,13460,11,0.023517
2015,13780,11,0.000237
2015,14260,11,0.017069
2015,14500,11,-0.009443
2015,14740,11,0.000449
2015,14860,11,0.001957
2015,15180,11,-0.007814
2015,15260,11,0.013628
2015,15380,11,-0.002812
2015,15500,11,-0.011455
2015,15540,11,-0.006707
2015,15940,11,0.003841
2015,15980,11,0.00292
2015,16180,11,0.035206
2015,16220,11,-0.02522
2015,16300,11,-6.2e-05
2015,16700,11,0.010913
2015,16860,11,-0.01646
2015,16940,11,-0.025352
2015,17020,11,0.00298
2015,17420,11,0.005127
2015,17660,11,0.018329
2015,17780,11,0.007475
2015,17820,11,-0.008289
2015,17900,11,-0.004816
2015,18020,11,-0.005193
2015,18700,11,-0.016538
2015,19140,11,0.009792
2015,19340,11,-0.011728
2015,19460,11,-0.002123
2015,19500,11,-0.014238
2015,19740,11,0.000798
2015,20020,11,0.001652
2015,20100,11,0.002456
2015,20220,11,-0.009511
2015,20740,11,-0.00727
2015,20940,11,-0.000317
2015,21140,11,0.006649
2015,21300,11,-0.017042
2015,21500,11,-0.013423
2015,21660,11,0.001251
2015,21820,11,-0.048104
2015,22020,11,0.007406
2015,22140,11,-0.035098
2015,22380,11,0.008961
2015,22420,11,0.008822
2015,22500,11,-0.016179
2015,22520,11,-0.002077
2015,22540,11,-0.007599
2015,22660,11,0.001594
2015,23420,11,0.005872
2015,23460,11,-0.011867
2015,23580,11,0.02773
2015,24020,11,-0.003024
2015,24140,11,-0.028352
2015,24220,11,-0.007119
2015,24300,11,0.002307
2015,24500,11,-0.02437
2015,24540,11,0.011035
2015,24580,11,0.001344
2015,24660,11,-0.010263
2015,25260,11,-0.002538
2015,25420,11,0.004986
2015,25500,11,-0.003333
2015,25540,11,-0.002999
2015,25860,11,-0.013223
2015,25980,11,0.008427
2015,26300,11,-0.005504
2015,26380,11,-0.0039
2015,26620,11,0.005282
2015,26980,11,0.001053
2015,27060,11,0.002608
2015,27100,11,0.011881
2015,27260,11,0.016867
2015,27340,11,-0.021548
2015,27500,11,0.005726
2015,27620,11,-0.007602
2015,27740,11,-0.003817
2015,27780,11,-0.006083
2015,27860,11,-0.011309
2015,27900,11,-0.002597
2015,28100,11,-0.004633
2015,28420,11,-0.018999
2015,28660,11,-0.008477
2015,28700,11,-0.023985
2015,28740,11,0.010599
2015,29100,11,-0.006002
2015,29340,11,-0.000373
2015,29420,11,0.000927
2015,29460,11,0.029605
2015,29540,11,0.009058
2015,29700,11,0.007672
2015,29740,11,-0.012072
2015,29820,11,0.029595
2015,29940,11,0.007508
2015,30140,11,0.007917
2015,30300,11,-0.00896
2015,30340,11,-0.000456
2015,30460,11,0.002449
2015,30620,11,-0.004796
2015,30700,11,0.003999
2015,30780,11,-0.006505
2015,30860,11,-0.0103
2015,31020,11,0.00817
2015,31420,11,-0.011282
2015,31700,11,0.007559
2015,31900,11,0.006813
2015,32580,11,0.009082
2015,32780,11,0.012372
2015,32900,11,0.00043
2015,33140,11,0.002691
2015,33340,11,0.003101
2015,33540,11,-0.011052
2015,33700,11,0.012341
2015,33780,11,0.005579
2015,33860,11,-0.000215
2015,34060,11,-0.019706
2015,34580,11,0.012134
2015,34620,11,-0.01003
2015,34740,11,0.007306
2015,34900,11,0.000137
2015,34940,11,0.013512
2015,35300,11,-0.003575
2015,35660,11,0.005074
2015,35980,11,0.003164
2015,36100,11,0.020083
2015,36220,11,0.005399
2015,36420,11,-0.001206
2015,36500,11,0.00954
2015,36540,11,0.004114
2015,36740,11,0.023156
2015,36780,11,-0.004707
2015,36980,11,-0.012053
2015,37100,11,-0.008391
2015,37340,11,0.008579
2015,37860,11,0.000627
2015,38060,11,0.00573
2015,38300,11,-0.005845
2015,38340,11,-0.007273
2015,38860,11,0.002543
2015,38900,11,0.005794
2015,38940,11,0.009364
2015,39300,11,0.006338
2015,39340,11,0.000591
2015,39380,11,-0.005776
2015,39460,11,0.007213
2015,39540,11,0.011062
2015,39580,11,0.004028
2015,39740,11,0.008393
2015,39820,11,0.003198
2015,39900,11,0.028784
2015,40140,11,0.001021
2015,40220,11,-0.009821
2015,40420,11,0.004953
2015,40580,11,-0.017038
2015,40660,11,-0.005123
2015,40900,11,0.002853
2015,40980,11,-0.00734
2015,41060,11,0.009319
2015,41100,11,0.015586
2015,41140,11,-0.007111
2015,41420,11,0.015889
2015,41500,11,0.004639
2015,41700,11,0.011385
2015,41740,11,-0.010567
2015,41940,11,-0.015352
2015,42020,11,0.000226
2015,42100,11,-0.003173
2015,42140,11,-0.003979
2015,42220,11,0.000825
2015,42340,11,0.012557
2015,42540,11,-0.001622
2015,42680,11,0.025141
2015,43100,11,0.0048
2015,43300,11,0.004614
2015,43620,11,0.006939
2015,43780,11,0.001385
2015,44100,11,-0.013384
2015,44180,11,0.004447
2015,44220,11,-0.000941
2015,44300,11,-0.005392
2015,44700,11,0.00346
2015,45060,11,-0.002676
2015,45220,11,0.000558
2015,45820,11,-0.002829
2015,45940,11,0.00532
2015,46060,11,0.00715
2015,46140,11,-0.002451
2015,46340,11,0.002593
2015,46540,11,-0.007467
2015,46660,11,-0.011815
2015,46700,11,0.015306
2015,47220,11,0.009441
2015,47300,11,0.00767
2015,47940,11,-0.008379
2015,48300,11,0.002286
2015,48540,11,-0.02144
2015,48660,11,-0.00958
2015,48700,11,-0.012224
2015,49020,11,-0.004348
2015,49420,11,-0.01536
2015,49620,11,0.013896
2015,49660,11,-0.002706
2015,49700,11,0.013752
2015,49740,11,0.00552
2015,10180,12,-0.000553
2015,10420,12,0.007121
2015,10580,12,-0.004849
2015,10740,12,-0.012526
2015,10780,12,-0.01317
2015,10900,12,0.014518
2015,11020,12,-0.009633
2015,11260,12,-0.023772
2015,11460,12,0.0083
2015,11500,12,-0.004469
2015,11540,12,-2.2e-05
2015,11700,12,0.000401
2015,12020,12,0.00359
2015,12100,12,-0.004856
2015,12220,12,0.020321
2015,12420,12,0.023317
2015,12540,12,-0.00366
2015,12580,12,-0.019034
2015,12620,12,0.002437
2015,12700,12,-0.003722
2015,12980,12,0.004565
2015,13020,12,-0.003665
2015,13380,12,-0.007572
2015,13460,12,0.026809
2015,13780,12,-0.000297
2015,14260,12,0.020252
2015,14500,12,-0.004912
2015,14740,12,-0.00215
2015,14860,12,0.002887
2015,15180,12,-0.008692
2015,15260,12,0.013103
2015,15380,12,0.001451
2015,15500,12,-0.007416
2015,15540,12,-0.006873
2015,15940,12,0.00674
2015,15980,12,0.00184
2015,16180,12,0.037611
2015,16220,12,-0.032999
2015,16300,12,0.001141
2015,16700,12,0.011556
2015,16860,12,-0.015533
2015,16940,12,-0.028278
2015,17020,12,0.000511
2015,17420,12,0.006664
2015,17660,12,0.017329
2015,17780,12,0.008865
2015,17820,12,-0.005126
2015,17900,12,-0.002889
2015,18020,12,-0.003707
2015,18700,12,-0.014718
2015,19140,12,0.013382
2015,19340,12,-0.013706
2015,19460,12,-0.001412
2015,19500,12,-0.019767
2015,19740,12,0.008798
2015,20020,12,0.00163
2015,20100,12,0.000296
2015,20220,12,-0.010548
2015,20740,12,-0.010187
2015,20940,12,-0.000804
2015,21140,12,0.008911
2015,21300,12,-0.015425
2015,21500,12,-0.011022
2015,21660,12,0.002645
2015,21820,12,-0.053278
2015,22020,12,0.00629
2015,22140,12,-0.045163
2015,22380,12,0.006225
2015,22420,12,0.012754
2015,22500,12,-0.014819
2015,22520,12,-0.000686
2015,22540,12,-0.010505
2015,22660,12,0.008807
2015,23420,12,0.002896
2015,23460,12,-0.014431
2015,23580,12,0.036393
2015,24020,12,-0.008842
2015,24140,12,-0.029619
2015,24220,12,-0.010223
2015,24300,12,-0.000781
2015,24500,12,-0.026347
2015,24540,12,0.021781
2015,24580,12,0.001455
2015,24660,12,-0.006256
2015,25260,12,-0.007372
2015,25420,12,0.00781
2015,25500,12,-0.005936
2015,25540,12,-0.002045
2015,25860,12,-0.011713
2015,25980,12,0.012163
2015,26300,12,-0.008498
2015,26380,12,-0.00699
2015,26620,12,0.005385
2015,26980,12,0.002282
2015,27060,12,0.00349
2015,27100,12,0.014868
2015,27260,12,0.016239
2015,27340,12,-0.029706
2015,27500,12,0.005754
2015,27620,12,-0.007794
2015,27740,12,-0.006456
2015,27780,12,-0.006015
2015,27860,12,-0.010316
2015,27900,12,-0.001836
2015,28100,12,-0.009315
2015,28420,12,-0.015786
2015,28660,12,-0.010351
2015,28700,12,-0.025414
2015,28740,12,0.005308
2015,29100,12,-0.008632
2015,29340,12,-0.001609
2015,29420,12,-0.004453
2015,29460,12,0.031312
2015,29540,12,0.011692
2015,29700,12,0.007907
2015,29740,12,-0.016552
2015,29820,12,0.031751
2015,29940,12,0.00839
2015,30140,12,0.010105
2015,30300,12,-0.010335
2015,30340,12,-0.00028
2015,30460,12,0.003949
2015,30620,12,-0.006049
2015,30700,12,0.007755
2015,30780,12,-0.007705
2015,30860,12,-0.007965
2015,31020,12,0.011049
2015,31420,12,-0.009667
2015,31700,12,0.010201
2015,31900,12,0.008646
2015,32580,12,0.011222
2015,32780,12,0.013303
2015,32900,12,0.000331
2015,33140,12,0.002581
2015,33340,12,7.2e-05
2015,33540,12,-0.014496
2015,33700,12,0.014111
2015,33780,12,0.009208
2015,33860,12,-0.000174
2015,34060,12,-0.020376
2015,34580,12,0.014118
2015,34620,12,-0.008373
2015,34740,12,0.010871
2015,34900,12,-0.000231
2015,34940,12,0.010193
2015,35300,12,-0.004808
2015,35660,12,0.003977
2015,35980,12,0.002096
2015,36100,12,0.018223
2015,36220,12,0.004154
2015,36420,12,-0.001331
2015,36500,12,0.009662
2015,36540,12,0.006045
2015,36740,12,0.023245
2015,36780,12,-0.006594
2015,36980,12,-0.010908
2015,37100,12,-0.011669
2015,37340,12,0.005631
2015,37860,12,-1.5e-05
2015,38060,12,0.005137
2015,38300,12,-0.002425
2015,38340,12,-0.009955
2015,38860,12,0.003726
2015,38900,12,0.008515
2015,38940,12,0.006447
2015,39300,12,0.005748
2015,39340,12,0.004052
2015,39380,12,-0.001933
2015,39460,12,0.006758
2015,39540,12,0.008466
2015,39580,12,0.009154
2015,39740,12,0.00906
2015,39820,12,0.000159
2015,39900,12,0.03111
2015,40140,12,-0.002691
2015,40220,12,-0.011008
2015,40420,12,0.00146
2015,40580,12,-0.015391
2015,40660,12,-0.002421
2015,40900,12,0.003842
2015,40980,12,-0.006347
2015,41060,12,0.008043
2015,41100,12,0.016106
2015,41140,12,-0.0088
2015,41420,12,0.021237
2015,41500,12,0.00398
2015,41700,12,0.01348
2015,41740,12,-0.012517
2015,41940,12,-0.014533
2015,42020,12,-0.00131
2015,42100,12,-0.001372
2015,42140,12,-0.005202
2015,42220,12,0.003368
2015,42340,12,0.014137
2015,42540,12,-0.000714
2015,42680,12,0.026049
2015,43100,12,0.003355
2015,43300,12,0.008034
2015,43620,12,0.00829
2015,43780,12,0.001966
2015,44100,12,-0.014664
2015,44180,12,0.004996
2015,44220,12,0.000603
2015,44300,12,-0.00385
2015,44700,12,0.006042
2015,45060,12,-0.000976
2015,45220,12,-0.002661
2015,45820,12,-0.003961
2015,45940,12,0.001922
2015,46060,12,0.00494
2015,46140,12,-0.001993
2015,46340,12,0.004014
2015,46540,12,-0.007557
2015,46660,12,-0.013188
2015,46700,12,0.017682
2015,47220,12,0.005681
2015,47300,12,0.006452
2015,47940,12,-0.009515
2015,48300,12,0.002951
2015,48540,12,-0.019248
2015,48660,12,-0.010764
2015,48700,12,-0.010762
2015,49020,12,-0.009033
2015,49420,12,-0.012457
2015,49620,12,0.014963
2015,49660,12,-0.001851
2015,49700,12,0.014371
2015,49740,12,0.001746
2015,10180,13,-0.001347
2015,10420,13,0.005347
2015,10580,13,-0.003165
2015,10740,13,-0.012144
2015,10780,13,-0.011317
2015,10900,13,0.014127
2015,11020,13,-0.009256
2015,11260,13,-0.025387
2015,11460,13,0.007085
2015,11500,13,-0.003466
2015,11540,13,0.000711
2015,11700,13,-0.001526
2015,12020,13,0.003261
2015,12100,13,-0.000541
2015,12220,13,0.017767
2015,12420,13,0.02176
2015,12540,13,-0.000634
2015,12580,13,-0.01527
2015,12620,13,0.000806
2015,12700,13,-0.002094
2015,12980,13,0.003465
2015,13020,13,-0.004054
2015,13380,13,-0.006896
2015,13460,13,0.028484
2015,13780,13,-0.001652
2015,14260,13,0.021599
2015,14500,13,-0.008553
2015,14740,13,-0.001594
2015,14860,13,0.003676
2015,15180,13,-0.007213
2015,15260,13,0.013205
2015,15380,13,-0.000719
2015,15500,13,-0.009477
2015,15540,13,-0.006377
2015,15940,13,0.005618
2015,15980,13,0.005217
2015,16180,13,0.036864
2015,16220,13,-0.030598
2015,16300,13,-0.000391
2015,16700,13,0.010893
2015,16860,13,-0.016811
2015,16940,13,-0.027364
2015,17020,13,0.001127
2015,17420,13,0.005255
2015,17660,13,0.018624
2015,17780,13,0.008058
2015,17820,13,-0.006782
2015,17900,13,-0.004519
2015,18020,13,-0.004034
2015,18700,13,-0.011901
2015,19140,13,0.008362
2015,19340,13,-0.013158
2015,19460,13,-0.002495
2015,19500,13,-0.018858
2015,19740,13,0.003739
2015,20020,13,0.002621
2015,20100,13,0.001224
2015,20220,13,-0.010812
2015,20740,13,-0.008506
2015,20940,13,0.001604
2015,21140,13,0.007052
2015,21300,13,-0.013185
2015,21500,13,-0.010328
2015,21660,13,0.002006
2015,21820,13,-0.050897
2015,22020,13,0.007559
2015,22140,13,-0.040405
2015,22380,13,0.007277
2015,22420,13,0.012591
2015,22500,13,-0.015716
2015,22520,13,-0.001225
2015,22540,13,-0.008427
2015,22660,13,0.004469
2015,23420,13,0.004807
2015,23460,13,-0.012633
2015,23580,13,0.030885
2015,24020,13,-0.005468
2015,24140,13,-0.027364
2015,24220,13,-0.006586
2015,24300,13,0.001229
2015,24500,13,-0.027747
2015,24540,13,0.014547
2015,24580,13,0.00209
2015,24660,13,-0.008989
2015,25260,13,-0.004526
2015,25420,13,0.006406
2015,25500,13,-0.00626
2015,25540,13,-0.00243
2015,25860,13,-0.013831
2015,25980,13,0.010225
2015,26300,13,-0.006567
2015,26380,13,-0.006101
2015,26620,13,0.005127
2015,26980,13,0.001663
2015,27060,13,0.001108
2015,27100,13,0.013255
2015,27260,13,0.01711
2015,27340,13,-0.022097
2015,27500,13,0.004994
2015,27620,13,-0.007994
2015,27740,13,-0.004746
2015,27780,13,-0.005399
2015,27860,13,-0.009682
2015,27900,13,-0.001178
2015,28100,13,-0.007163
2015,28420,13,-0.016555
2015,28660,13,-0.009071
2015,28700,13,-0.02501
2015,28740,13,0.005702
2015,29100,13,-0.007638
2015,29340,13,-0.000646
2015,29420,13,-0.000645
2015,29460,13,0.030087
2015,29540,13,0.009419
2015,29700,13,0.00803
2015,29740,13,-0.014915
2015,29820,13,0.032125
2015,29940,13,0.007868
2015,30140,13,0.008111
2015,30300,13,-0.011828
2015,30340,13,-0.000641
2015,30460,13,0.002187
2015,30620,13,-0.005879
2015,30700,13,0.005977
2015,30780,13,-0.006981
2015,30860,13,-0.009453
2015,31020,13,0.007738
2015,31420,13,-0.009722
2015,31700,13,0.008747
2015,31900,13,0.006977
2015,32580,13,0.009017
2015,32780,13,0.013446
2015,32900,13,0.001266
2015,33140,13,0.001782
2015,33340,13,0.000989
2015,33540,13,-0.01285
2015,33700,13,0.012536
2015,33780,13,0.008896
2015,33860,13,0.000862
2015,34060,13,-0.02241
2015,34580,13,0.011701
2015,34620,13,-0.005797
2015,34740,13,0.009406
2015,34900,13,0.000488
2015,34940,13,0.014286
2015,35300,13,-0.003716
2015,35660,13,0.004045
2015,35980,13,0.002411
2015,36100,13,0.018634
2015,36220,13,0.005737
2015,36420,13,-0.000753
2015,36500,13,0.007476
2015,36540,13,0.004444
2015,36740,13,0.025218
2015,36780,13,-0.006424
2015,36980,13,-0.010107
2015,37100,13,-0.010522
2015,37340,13,0.00762
2015,37860,13,0.00012
2015,38060,13,0.008914
2015,38300,13,-0.004089
2015,38340,13,-0.01087
2015,38860,13,0.003793
2015,38900,13,0.007674
2015,38940,13,0.008694
2015,39300,13,0.005841
2015,39340,13,0.003614
2015,39380,13,-0.007403
2015,39460,13,0.007815
2015,39540,13,0.008441
2015,39580,13,0.006789
2015,39740,13,0.007634
2015,39820,13,0.000924
2015,39900,13,0.030505
2015,40140,13,-0.000705
2015,40220,13,-0.011375
2015,40420,13,0.001831
2015,40580,13,-0.016568
2015,40660,13,-0.005005
2015,40900,13,0.003874
2015,40980,13,-0.004632
2015,41060,13,0.008353
2015,41100,13,0.019981
2015,41140,13,-0.007733
2015,41420,13,0.016756
2015,41500,13,0.00292
2015,41700,13,0.010408
2015,41740,13,-0.010972
2015,41940,13,-0.013155
2015,42020,13,-0.00174
2015,42100,13,-0.002433
2015,42140,13,-0.005775
2015,42220,13,0.002323
2015,42340,13,0.01242
2015,42540,13,-0.001735
2015,42680,13,0.024523
2015,43100,13,0.002354
2015,43300,13,0.005233
2015,43620,13,0.007485
2015,43780,13,0.001745
2015,44100,13,-0.014847
2015,44180,13,0.004431
2015,44220,13,0.000697
2015,44300,13,-0.003083
2015,44700,13,0.006955
2015,45060,13,-0.002045
2015,45220,13,-0.000355
2015,45820,13,-0.005073
2015,45940,13,0.004677
2015,46060,13,0.006487
2015,46140,13,-0.001757
2015,46340,13,0.002485
2015,46540,13,-0.007392
2015,46660,13,-0.012038
2015,46700,13,0.016739
2015,47220,13,0.007998
2015,47300,13,0.00619
2015,47940,13,-0.009116
2015,48300,13,0.000835
2015,48540,13,-0.020544
2015,48660,13,-0.010714
2015,48700,13,-0.012525
2015,49020,13,-0.006201
2015,49420,13,-0.015603
2015,49620,13,0.013626
2015,49660,13,-0.002439
2015,49700,13,0.01295
2015,49740,13,0.004427
2015,10180,14,-0.000959
2015,10420,14,0.004643
2015,10580,14,-0.002503
2015,10740,14,-0.010401
2015,10780,14,-0.010378
2015,10900,14,0.014803
2015,11020,14,-0.011353
2015,11260,14,-0.02297
2015,11460,14,0.003651
2015,11500,14,-0.001671
2015,11540,14,-0.00016
2015,11700,14,0.00113
2015,12020,14,0.001019
2015,12100,14,0.003235
2015,12220,14,0.018844
2015,12420,14,0.019456
2015,12540,14,-4.5e-05
2015,12580,14,-0.011601
2015,12620,14,0.00109
2015,12700,14,-0.002108
2015,12980,14,0.003361
2015,13020,14,-0.00332
2015,13380,14,-0.005238
2015,13460,14,0.023517
2015,13780,14,0.000237
2015,14260,14,0.017069
2015,14500,14,-0.009443
2015,14740,14,0.000449
2015,14860,14,0.001957
2015,15180,14,-0.007814
2015,15260,14,0.013628
2015,15380,14,-0.002812
2015,15500,14,-0.011455
2015,15540,14,-0.006707
2015,15940,14,0.003841
2015,15980,14,0.00292
2015,16180,14,0.035206
2015,16220,14,-0.02522
2015,16300,14,-6.2e-05
2015,16700,14,0.010913
2015,16860,14,-0.01646
2015,16940,14,-0.025352
2015,17020,14,0.00298
2015,17420,14,0.005127
2015,17660,14,0.018329
2015,17780,14,0.007475
2015,17820,14,-0.008289
2015,17900,14,-0.004816
2015,18020,14,-0.005193
2015,18700,14,-0.016538
2015,19140,14,0.009792
2015,19340,14,-0.011728
2015,19460,14,-0.002123
2015,19500,14,-0.014238
2015,19740,14,0.000798
2015,20020,14,0.001652
2015,20100,14,0.002456
2015,20220,14,-0.009511
2015,20740,14,-0.00727
2015,20940,14,-0.000317
2015,21140,14,0.006649
2015,21300,14,-0.017042
2015,21500,14,-0.013423
2015,21660,14,0.001251
2015,21820,14,-0.048104
2015,22020,14,0.007406
2015,22140,14,-0.035098
2015,22380,14,0.008961
2015,22420,14,0.008822
2015,22500,14,-0.016179
2015,22520,14,-0.002077
2015,22540,14,-0.007599
2015,22660,14,0.001594
2015,23420,14,0.005872
2015,23460,14,-0.011867
2015,23580,14,0.02773
2015,24020,14,-0.003024
2015,24140,14,-0.028352
2015,24220,14,-0.007119
2015,24300,14,0.002307
2015,24500,14,-0.02437
2015,24540,14,0.011035
2015,24580,14,0.001344
2015,24660,14,-0.010263
2015,25260,14,-0.002538
2015,25420,14,0.004986
2015,25500,14,-0.003333
2015,25540,14,-0.002999
2015,25860,14,-0.013223
2015,25980,14,0.008427
2015,26300,14,-0.005504
2015,26380,14,-0.0039
2015,26620,14,0.005282
2015,26980,14,0.001053
2015,27060,14,0.002608
2015,27100,14,0.011881
2015,27260,14,0.016867
2015,27340,14,-0.021548
2015,27500,14,0.005726
2015,27620,14,-0.007602
2015,27740,14,-0.003817
2015,27780,14,-0.006083
2015,27860,14,-0.011309
2015,27900,14,-0.002597
2015,28100,14,-0.004633
2015,28420,14,-0.018999
2015,28660,14,-0.008477
2015,28700,14,-0.023985
2015,28740,14,0.010599
2015,29100,14,-0.006002
2015,29340,14,-0.000373
2015,29420,14,0.000927
2015,29460,14,0.029605
2015,29540,14,0.009058
2015,29700,14,0.007672
2015,29740,14,-0.012072
2015,29820,14,0.029595
2015,29940,14,0.007508
2015,30140,14,0.007917
2015,30300,14,-0.00896
2015,30340,14,-0.000456
2015,30460,14,0.002449
2015,30620,14,-0.004796
2015,30700,14,0.003999
2015,30780,14,-0.006505
2015,30860,14,-0.0103
2015,31020,14,0.00817
2015,31420,14,-0.011282
2015,31700,14,0.007559
2015,31900,14,0.006813
2015,32580,14,0.009082
2015,32780,14,0.012372
2015,32900,14,0.00043
2015,33140,14,0.002691
2015,33340,14,0.003101
2015,33540,14,-0.011052
2015,33700,14,0.012341
2015,33780,14,0.005579
2015,33860,14,-0.000215
2015,34060,14,-0.019706
2015,34580,14,0.012134
2015,34620,14,-0.01003
2015,34740,14,0.007306
2015,34900,14,0.000137
2015,34940,14,0.013512
2015,35300,14,-0.003575
2015,35660,14,0.005074
2015,35980,14,0.003164
2015,36100,14,0.020083
2015,36220,14,0.005399
2015,36420,14,-0.001206
2015,36500,14,0.00954
2015,36540,14,0.004114
2015,36740,14,0.023156
2015,36780,14,-0.004707
2015,36980,14,-0.012053
2015,37100,14,-0.008391
2015,37340,14,0.008579
2015,37860,14,0.000627
2015,38060,14,0.00573
2015,38300,14,-0.005845
2015,38340,14,-0.007273
2015,38860,14,0.002543
2015,38900,14,0.005794
2015,38940,14,0.009364
2015,39300,14,0.006338
2015,39340,14,0.000591
2015,39380,14,-0.005776
2015,39460,14,0.007213
2015,39540,14,0.011062
2015,39580,14,0.004028
2015,39740,14,0.008393
2015,39820,14,0.003198
2015,39900,14,0.028784
2015,40140,14,0.001021
2015,40220,14,-0.009821
2015,40420,14,0.004953
2015,40580,14,-0.017038
2015,40660,14,-0.005123
2015,40900,14,0.002853
2015,40980,14,-0.00734
2015,41060,14,0.009319
2015,41100,14,0.015586
2015,41140,14,-0.007111
2015,41420,14,0.015889
2015,41500,14,0.004639
2015,41700,14,0.011385
2015,41740,14,-0.010567
2015,41940,14,-0.015352
2015,42020,14,0.000226
2015,42100,14,-0.003173
2015,42140,14,-0.003979
2015,42220,14,0.000825
2015,42340,14,0.012557
2015,42540,14,-0.001622
2015,42680,14,0.025141
2015,43100,14,0.0048
2015,43300,14,0.004614
2015,43620,14,0.006939
2015,43780,14,0.001385
2015,44100,14,-0.013384
2015,44180,14,0.004447
2015,44220,14,-0.000941
2015,44300,14,-0.005392
2015,44700,14,0.00346
2015,45060,14,-0.002676
2015,45220,14,0.000558
2015,45820,14,-0.002829
2015,45940,14,0.00532
2015,46060,14,0.00715
2015,46140,14,-0.002451
2015,46340,14,0.002593
2015,46540,14,-0.007467
2015,46660,14,-0.011815
2015,46700,14,0.015306
2015,47220,14,0.009441
2015,47300,14,0.00767
2015,47940,14,-0.008379
2015,48300,14,0.002286
2015,48540,14,-0.02144
2015,48660,14,-0.00958
2015,48700,14,-0.012224
2015,49020,14,-0.004348
2015,49420,14,-0.01536
2015,49620,14,0.013896
2015,49660,14,-0.002706
2015,49700,14,0.013752
2015,49740,14,0.00552
2015,10180,15,-0.001347
2015,10420,15,0.005347
2015,10580,15,-0.003165
2015,10740,15,-0.012144
2015,10780,15,-0.011317
2015,10900,15,0.014127
2015,11020,15,-0.009256
2015,11260,15,-0.025387
2015,11460,15,0.007085
2015,11500,15,-0.003466
2015,11540,15,0.000711
2015,11700,15,-0.001526
2015,12020,15,0.003261
2015,12100,15,-0.000541
2015,12220,15,0.017767
2015,12420,15,0.02176
2015,12540,15,-0.000634
2015,12580,15,-0.01527
2015,12620,15,0.000806
2015,12700,15,-0.002094
2015,12980,15,0.003465
2015,13020,15,-0.004054
2015,13380,15,-0.006896
2015,13460,15,0.028484
2015,13780,15,-0.001652
2015,14260,15,0.021599
2015,14500,15,-0.008553
2015,14740,15,-0.001594
2015,14860,15,0.003676
2015,15180,15,-0.007213
2015,15260,15,0.013205
2015,15380,15,-0.000719
2015,15500,15,-0.009477
2015,15540,15,-0.006377
2015,15940,15,0.005618
2015,15980,15,0.005217
2015,16180,15,0.036864
2015,16220,15,-0.030598
2015,16300,15,-0.000391
2015,16700,15,0.010893
2015,16860,15,-0.016811
2015,16940,15,-0.027364
2015,17020,15,0.001127
2015,17420,15,0.005255
2015,17660,15,0.018624
2015,17780,15,0.008058
2015,17820,15,-0.006782
2015,17900,15,-0.004519
2015,18020,15,-0.004034
2015,18700,15,-0.011901
2015,19140,15,0.008362
2015,19340,15,-0.013158
2015,19460,15,-0.002495
2015,19500,15,-0.018858
2015,19740,15,0.003739
2015,20020,15,0.002621
2015,20100,15,0.001224
2015,20220,15,-0.010812
2015,20740,15,-0.008506
2015,20940,15,0.001604
2015,21140,15,0.007052
2015,21300,15,-0.013185
2015,21500,15,-0.010328
2015,21660,15,0.002006
2015,21820,15,-0.050897
2015,22020,15,0.007559
2015,22140,15,-0.040405
2015,22380,15,0.007277
2015,22420,15,0.012591
2015,22500,15,-0.015716
2015,22520,15,-0.001225
2015,22540,15,-0.008427
2015,22660,15,0.004469
2015,23420,15,0.004807
2015,23460,15,-0.012633
2015,23580,15,0.030885
2015,24020,15,-0.005468
2015,24140,15,-0.027364
2015,24220,15,-0.006586
2015,24300,15,0.001229
2015,24500,15,-0.027747
2015,24540,15,0.014547
2015,24580,15,0.00209
2015,24660,15,-0.008989
2015,25260,15,-0.004526
2015,25420,15,0.006406
2015,25500,15,-0.00626
2015,25540,15,-0.00243
2015,25860,15,-0.013831
2015,25980,15,0.010225
2015,26300,15,-0.006567
2015,26380,15,-0.006101
2015,26620,15,0.005127
2015,26980,15,0.001663
2015,27060,15,0.001108
2015,27100,15,0.013255
2015,27260,15,0.01711
2015,27340,15,-0.022097
2015,27500,15,0.004994
2015,27620,15,-0.007994
2015,27740,15,-0.004746
2015,27780,15,-0.005399
2015,27860,15,-0.009682
2015,27900,15,-0.001178
2015,28100,15,-0.007163
2015,28420,15,-0.016555
2015,28660,15,-0.009071
2015,28700,15,-0.02501
2015,28740,15,0.005702
2015,29100,15,-0.007638
2015,29340,15,-0.000646
2015,29420,15,-0.000645
2015,29460,15,0.030087
2015,29540,15,0.009419
2015,29700,15,0.00803
2015,29740,15,-0.014915
2015,29820,15,0.032125
2015,29940,15,0.007868
2015,30140,15,0.008111
2015,30300,15,-0.011828
2015,30340,15,-0.000641
2015,30460,15,0.002187
2015,30620,15,-0.005879
2015,30700,15,0.005977
2015,30780,15,-0.006981
2015,30860,15,-0.009453
2015,31020,15,0.007738
2015,31420,15,-0.009722
2015,31700,15,0.008747
2015,31900,15,0.006977
2015,32580,15,0.009017
2015,32780,15,0.013446
2015,32900,15,0.001266
2015,33140,15,0.001782
2015,33340,15,0.000989
2015,33540,15,-0.01285
2015,33700,15,0.012536
2015,33780,15,0.008896
2015,33860,15,0.000862
2015,34060,15,-0.02241
2015,34580,15,0.011701
2015,34620,15,-0.005797
2015,34740,15,0.009406
2015,34900,15,0.000488
2015,34940,15,0.014286
2015,35300,15,-0.003716
2015,35660,15,0.004045
2015,35980,15,0.002411
2015,36100,15,0.018634
2015,36220,15,0.005737
2015,36420,15,-0.000753
2015,36500,15,0.007476
2015,36540,15,0.004444
2015,36740,15,0.025218
2015,36780,15,-0.006424
2015,36980,15,-0.010107
2015,37100,15,-0.010522
2015,37340,15,0.00762
2015,37860,15,0.00012
2015,38060,15,0.008914
2015,38300,15,-0.004089
2015,38340,15,-0.01087
2015,38860,15,0.003793
2015,38900,15,0.007674
2015,38940,15,0.008694
2015,39300,15,0.005841
2015,39340,15,0.003614
2015,39380,15,-0.007403
2015,39460,15,0.007815
2015,39540,15,0.008441
2015,39580,15,0.006789
2015,39740,15,0.007634
2015,39820,15,0.000924
2015,39900,15,0.030505
2015,40140,15,-0.000705
2015,40220,15,-0.011375
2015,40420,15,0.001831
2015,40580,15,-0.016568
2015,40660,15,-0.005005
2015,40900,15,0.003874
2015,40980,15,-0.004632
2015,41060,15,0.008353
2015,41100,15,0.019981
2015,41140,15,-0.007733
2015,41420,15,0.016756
2015,41500,15,0.00292
2015,41700,15,0.010408
2015,41740,15,-0.010972
2015,41940,15,-0.013155
2015,42020,15,-0.00174
2015,42100,15,-0.002433
2015,42140,15,-0.005775
2015,42220,15,0.002323
2015,42340,15,0.01242
2015,42540,15,-0.001735
2015,42680,15,0.024523
2015,43100,15,0.002354
2015,43300,15,0.005233
2015,43620,15,0.007485
2015,43780,15,0.001745
2015,44100,15,-0.014847
2015,44180,15,0.004431
2015,44220,15,0.000697
2015,44300,15,-0.003083
2015,44700,15,0.006955
2015,45060,15,-0.002045
2015,45220,15,-0.000355
2015,45820,15,-0.005073
2015,45940,15,0.004677
2015,46060,15,0.006487
2015,46140,15,-0.001757
2015,46340,15,0.002485
2015,46540,15,-0.007392
2015,46660,15,-0.012038
2015,46700,15,0.016739
2015,47220,15,0.007998
2015,47300,15,0.00619
2015,47940,15,-0.009116
2015,48300,15,0.000835
2015,48540,15,-0.020544
2015,48660,15,-0.010714
2015,48700,15,-0.012525
2015,49020,15,-0.006201
2015,49420,15,-0.015603
2015,49620,15,0.013626
2015,49660,15,-0.002439
2015,49700,15,0.01295
2015,49740,15,0.004427
2015,10180,16,-0.000867
2015,10420,16,0.003442
2015,10580,16,-0.001
2015,10740,16,-0.009178
2015,10780,16,-0.00877
2015,10900,16,0.014308
2015,11020,16,-0.011119
2015,11260,16,-0.022269
2015,11460,16,0.002367
2015,11500,16,-0.001484
2015,11540,16,0.000388
2015,11700,16,0.000684
2015,12020,16,0.001236
2015,12100,16,0.005952
2015,12220,16,0.016999
2015,12420,16,0.01756
2015,12540,16,0.000849
2015,12580,16,-0.008048
2015,12620,16,0.0002
2015,12700,16,-0.000767
2015,12980,16,0.002359
2015,13020,16,-0.003718
2015,13380,16,-0.003892
2015,13460,16,0.021961
2015,13780,16,-0.000907
2015,14260,16,0.015414
2015,14500,16,-0.010364
2015,14740,16,0.001689
2015,14860,16,0.002141
2015,15180,16,-0.007377
2015,15260,16,0.014114
2015,15380,16,-0.003974
2015,15500,16,-0.013358
2015,15540,16,-0.006094
2015,15940,16,0.003131
2015,15980,16,0.003316
2015,16180,16,0.034632
2015,16220,16,-0.022347
2015,16300,16,-0.000979
2015,16700,16,0.010442
2015,16860,16,-0.016265
2015,16940,16,-0.023241
2015,17020,16,0.003319
2015,17420,16,0.004221
2015,17660,16,0.018328
2015,17780,16,0.006759
2015,17820,16,-0.00891
2015,17900,16,-0.005498
2015,18020,16,-0.005463
2015,18700,16,-0.013719
2015,19140,16,0.006686
2015,19340,16,-0.010607
2015,19460,16,-0.002395
2015,19500,16,-0.013732
2015,19740,16,-0.001914
2015,20020,16,0.002357
2015,20100,16,0.003104
2015,20220,16,-0.009332
2015,20740,16,-0.005569
2015,20940,16,0.00036
2015,21140,16,0.005029
2015,21300,16,-0.015359
2015,21500,16,-0.013925
2015,21660,16,0.001168
2015,21820,16,-0.045116
2015,22020,16,0.007899
2015,22140,16,-0.030414
2015,22380,16,0.010112
2015,22420,16,0.007526
2015,22500,16,-0.016225
2015,22520,16,-0.002037
2015,22540,16,-0.00658
2015,22660,16,-0.000935
2015,23420,16,0.006789
2015,23460,16,-0.010875
2015,23580,16,0.024138
2015,24020,16,-0.000539
2015,24140,16,-0.027338
2015,24220,16,-0.004401
2015,24300,16,0.003089
2015,24500,16,-0.02409
2015,24540,16,0.006481
2015,24580,16,0.001641
2015,24660,16,-0.011916
2015,25260,16,2.8e-05
2015,25420,16,0.003881
2015,25500,16,-0.002838
2015,25540,16,-0.003161
2015,25860,16,-0.01398
2015,25980,16,0.00665
2015,26300,16,-0.004363
2015,26380,16,-0.0028
2015,26620,16,0.004769
2015,26980,16,0.000303
2015,27060,16,0.002089
2015,27100,16,0.010235
2015,27260,16,0.017061
2015,27340,16,-0.018266
2015,27500,16,0.004977
2015,27620,16,-0.007328
2015,27740,16,-0.002639
2015,27780,16,-0.005976
2015,27860,16,-0.011504
2015,27900,16,-0.00222
2015,28100,16,-0.003172
2015,28420,16,-0.018877
2015,28660,16,-0.007618
2015,28700,16,-0.022842
2015,28740,16,0.011296
2015,29100,16,-0.004703
2015,29340,16,0.000577
2015,29420,16,0.002933
2015,29460,16,0.027918
2015,29540,16,0.007561
2015,29700,16,0.007972
2015,29740,16,-0.010365
2015,29820,16,0.027228
2015,29940,16,0.006724
2015,30140,16,0.00647
2015,30300,16,-0.007942
2015,30340,16,-0.001079
2015,30460,16,0.001391
2015,30620,16,-0.004749
2015,30700,16,0.002707
2015,30780,16,-0.00618
2015,30860,16,-0.010891
2015,31020,16,0.006465
2015,31420,16,-0.01083
2015,31700,16,0.006545
2015,31900,16,0.005733
2015,32580,16,0.007604
2015,32780,16,0.012157
2015,32900,16,-0.000151
2015,33140,16,0.002385
2015,33340,16,0.004224
2015,33540,16,-0.009003
2015,33700,16,0.010422
2015,33780,16,0.005111
2015,33860,16,0.000593
2015,34060,16,-0.019299
2015,34580,16,0.010742
2015,34620,16,-0.008172
2015,34740,16,0.006149
2015,34900,16,0.000428
2015,34940,16,0.015041
2015,35300,16,-0.003014
2015,35660,16,0.005711
2015,35980,16,0.003272
2015,36100,16,0.019949
2015,36220,16,0.005553
2015,36420,16,-0.000779
2015,36500,16,0.008707
2015,36540,16,0.002964
2015,36740,16,0.023003
2015,36780,16,-0.00435
2015,36980,16,-0.011586
2015,37100,16,-0.006827
2015,37340,16,0.00946
2015,37860,16,0.001024
2015,38060,16,0.005164
2015,38300,16,-0.00672
2015,38340,16,-0.007682
2015,38860,16,0.002433
2015,38900,16,0.005084
2015,38940,16,0.010175
2015,39300,16,0.006522
2015,39340,16,-0.000759
2015,39380,16,-0.008277
2015,39460,16,0.00675
2015,39540,16,0.011227
2015,39580,16,0.002168
2015,39740,16,0.007394
2015,39820,16,0.003334
2015,39900,16,0.026845
2015,40140,16,0.001992
2015,40220,16,-0.008992
2015,40420,16,0.005221
2015,40580,16,-0.017479
2015,40660,16,-0.006353
2015,40900,16,0.001918
2015,40980,16,-0.006661
2015,41060,16,0.009704
2015,41100,16,0.015404
2015,41140,16,-0.006567
2015,41420,16,0.013091
2015,41500,16,0.004068
2015,41700,16,0.009663
2015,41740,16,-0.009183
2015,41940,16,-0.014812
2015,42020,16,0.000194
2015,42100,16,-0.003624
2015,42140,16,-0.003304
2015,42220,16,6e-05
2015,42340,16,0.011358
2015,42540,16,-0.002352
2015,42680,16,0.024195
2015,43100,16,0.003888
2015,43300,16,0.002809
2015,43620,16,0.005772
2015,43780,16,0.001443
2015,44100,16,-0.013292
2015,44180,16,0.003772
2015,44220,16,-0.000475
2015,44300,16,-0.00507
2015,44700,16,0.002383
2015,45060,16,-0.003139
2015,45220,16,0.002193
2015,45820,16,-0.003059
2015,45940,16,0.006896
2015,46060,16,0.007926
2015,46140,16,-0.002565
2015,46340,16,0.002104
2015,46540,16,-0.006913
2015,46660,16,-0.011521
2015,46700,16,0.013776
2015,47220,16,0.010313
2015,47300,16,0.007255
2015,47940,16,-0.007465
2015,48300,16,0.001644
2015,48540,16,-0.020406
2015,48660,16,-0.008919
2015,48700,16,-0.013292
2015,49020,16,-0.002498
2015,49420,16,-0.016621
2015,49620,16,0.012699
2015,49660,16,-0.002944
2015,49700,16,0.013036
2015,49740,16,0.006722
2015,10180,17,0.000217
2015,10420,17,0.001474
2015,10580,17,0.00091
2015,10740,17,-0.006008
2015,10780,17,-0.005868
2015,10900,17,0.013701
2015,11020,17,-0.012185
2015,11260,17,-0.018502
2015,11460,17,-0.00234
2015,11500,17,0.001479
2015,11540,17,-0.000561
2015,11700,17,0.002944
2015,12020,17,-0.002512
2015,12100,17,0.011856
2015,12220,17,0.014865
2015,12420,17,0.0111
2015,12540,17,0.002946
2015,12580,17,-0.000654
2015,12620,17,-0.000217
2015,12700,17,0.00014
2015,12980,17,0.001676
2015,13020,17,-0.002946
2015,13380,17,-0.001501
2015,13460,17,0.0136
2015,13780,17,0.000777
2015,14260,17,0.008583
2015,14500,17,-0.012188
2015,14740,17,0.004266
2015,14860,17,-0.000112
2015,15180,17,-0.006847
2015,15260,17,0.01325
2015,15380,17,-0.007193
2015,15500,17,-0.016359
2015,15540,17,-0.005911
2015,15940,17,9.6e-05
2015,15980,17,0.002544
2015,16180,17,0.031047
2015,16220,17,-0.014065
2015,16300,17,-0.001121
2015,16700,17,0.008364
2015,16860,17,-0.015013
2015,16940,17,-0.01945
2015,17020,17,0.005414
2015,17420,17,0.003269
2015,17660,17,0.016144
2015,17780,17,0.004708
2015,17820,17,-0.011177
2015,17900,17,-0.006841
2015,18020,17,-0.006925
2015,18700,17,-0.016912
2015,19140,17,0.005722
2015,19340,17,-0.007571
2015,19460,17,-0.001678
2015,19500,17,-0.006889
2015,19740,17,-0.007739
2015,20020,17,0.001646
2015,20100,17,0.004225
2015,20220,17,-0.006802
2015,20740,17,-0.003301
2015,20940,17,-0.000294
2015,21140,17,0.003163
2015,21300,17,-0.01754
2015,21500,17,-0.016669
2015,21660,17,-0.00053
2015,21820,17,-0.03807
2015,22020,17,0.005372
2015,22140,17,-0.019384
2015,22380,17,0.012428
2015,22420,17,0.002143
2015,22500,17,-0.015741
2015,22520,17,-0.002692
2015,22540,17,-0.003931
2015,22660,17,-0.006828
2015,23420,17,0.008543
2015,23460,17,-0.00779
2015,23580,17,0.01585
2015,24020,17,0.004019
2015,24140,17,-0.025473
2015,24220,17,-0.004105
2015,24300,17,0.005038
2015,24500,17,-0.018033
2015,24540,17,-0.002244
2015,24580,17,0.000442
2015,24660,17,-0.014133
2015,25260,17,0.00376
2015,25420,17,0.0009
2015,25500,17,0.000774
2015,25540,17,-0.003834
2015,25860,17,-0.013095
2015,25980,17,0.003989
2015,26300,17,-0.001032
2015,26380,17,0.001088
2015,26620,17,0.003783
2015,26980,17,-0.001376
2015,27060,17,0.002827
2015,27100,17,0.006765
2015,27260,17,0.015526
2015,27340,17,-0.014733
2015,27500,17,0.005238
2015,27620,17,-0.00561
2015,27740,17,-0.000967
2015,27780,17,-0.005828
2015,27860,17,-0.012651
2015,27900,17,-0.002285
2015,28100,17,0.001124
2015,28420,17,-0.022268
2015,28660,17,-0.006403
2015,28700,17,-0.019057
2015,28740,17,0.016832
2015,29100,17,-0.002155
2015,29340,17,0.001088
2015,29420,17,0.007111
2015,29460,17,0.02475
2015,29540,17,0.005434
2015,29700,17,0.006175
2015,29740,17,-0.00568
2015,29820,17,0.022453
2015,29940,17,0.00541
2015,30140,17,0.004343
2015,30300,17,-0.003442
2015,30340,17,-0.00094
2015,30460,17,0.000649
2015,30620,17,-0.00276
2015,30700,17,-0.000673
2015,30780,17,-0.004921
2015,30860,17,-0.011959
2015,31020,17,0.004696
2015,31420,17,-0.011931
2015,31700,17,0.00405
2015,31900,17,0.004157
2015,32580,17,0.005878
2015,32780,17,0.009499
2015,32900,17,0.000417
2015,33140,17,0.003158
2015,33340,17,0.007043
2015,33540,17,-0.005287
2015,33700,17,0.009363
2015,33780,17,0.000649
2015,33860,17,-3.4e-05
2015,34060,17,-0.014401
2015,34580,17,0.009054
2015,34620,17,-0.011601
2015,34740,17,0.002233
2015,34900,17,0.000712
2015,34940,17,0.014815
2015,35300,17,-0.002021
2015,35660,17,0.007069
2015,35980,17,0.003872
2015,36100,17,0.020619
2015,36220,17,0.004689
2015,36420,17,-0.001574
2015,36500,17,0.008616
2015,36540,17,0.001184
2015,36740,17,0.018986
2015,36780,17,-0.002185
2015,36980,17,-0.013242
2015,37100,17,-0.002472
2015,37340,17,0.01139
2015,37860,17,0.001225
2015,38060,17,0.003041
2015,38300,17,-0.009322
2015,38340,17,-0.003204
2015,38860,17,0.000515
2015,38900,17,0.001142
2015,38940,17,0.012249
2015,39300,17,0.006952
2015,39340,17,-0.005191
2015,39380,17,-0.007828
2015,39460,17,0.006536
2015,39540,17,0.013531
2015,39580,17,-0.004235
2015,39740,17,0.007066
2015,39820,17,0.006126
2015,39900,17,0.022548
2015,40140,17,0.005496
2015,40220,17,-0.006393
2015,40420,17,0.008402
2015,40580,17,-0.017336
2015,40660,17,-0.006932
2015,40900,17,0.000668
2015,40980,17,-0.008789
2015,41060,17,0.010739
2015,41100,17,0.008671
2015,41140,17,-0.004175
2015,41420,17,0.008493
2015,41500,17,0.005664
2015,41700,17,0.008977
2015,41740,17,-0.006833
2015,41940,17,-0.015879
2015,42020,17,0.002534
2015,42100,17,-0.004296
2015,42140,17,-0.00037
2015,42220,17,-0.00185
2015,42340,17,0.009731
2015,42540,17,-0.002559
2015,42680,17,0.022772
2015,43100,17,0.006292
2015,43300,17,0.001699
2015,43620,17,0.002789
2015,43780,17,0.000956
2015,44100,17,-0.010317
2015,44180,17,0.00312
2015,44220,17,-0.002108
2015,44300,17,-0.00778
2015,44700,17,-0.000843
2015,45060,17,-0.004191
2015,45220,17,0.004095
2015,45820,17,-2e-06
2015,45940,17,0.008107
2015,46060,17,0.008929
2015,46140,17,-0.003424
2015,46340,17,0.002181
2015,46540,17,-0.006049
2015,46660,17,-0.010103
2015,46700,17,0.011052
2015,47220,17,0.012299
2015,47300,17,0.008264
2015,47940,17,-0.005068
2015,48300,17,0.001732
2015,48540,17,-0.01936
2015,48660,17,-0.006266
2015,48700,17,-0.012355
2015,49020,17,0.001703
2015,49420,17,-0.016814
2015,49620,17,0.011118
2015,49660,17,-0.003309
2015,49700,17,0.012754
2015,49740,17,0.009157
2015,10180,18,-0.00012
2015,10420,18,0.006669
2015,10580,18,-0.004271
2015,10740,18,-0.010582
2015,10780,18,-0.012287
2015,10900,18,0.015193
2015,11020,18,-0.01145
2015,11260,18,-0.021183
2015,11460,18,0.0049
2015,11500,18,-0.002909
2015,11540,18,-0.000744
2015,11700,18,0.002801
2015,12020,18,0.001869
2015,12100,18,-0.001806
2015,12220,18,0.021172
2015,12420,18,0.020773
2015,12540,18,-0.003809
2015,12580,18,-0.016031
2015,12620,18,0.002818
2015,12700,18,-0.003865
2015,12980,18,0.004582
2015,13020,18,-0.003042
2015,13380,18,-0.005572
2015,13460,18,0.021931
2015,13780,18,0.00137
2015,14260,18,0.01583
2015,14500,18,-0.005535
2015,14740,18,0.00035
2015,14860,18,0.001355
2015,15180,18,-0.009051
2015,15260,18,0.01389
2015,15380,18,-0.000305
2015,15500,18,-0.008752
2015,15540,18,-0.007313
2015,15940,18,0.005307
2015,15980,18,-0.001351
2015,16180,18,0.03641
2015,16220,18,-0.028945
2015,16300,18,0.001663
2015,16700,18,0.011403
2015,16860,18,-0.015029
2015,16940,18,-0.026585
2015,17020,18,0.002328
2015,17420,18,0.006596
2015,17660,18,0.017075
2015,17780,18,0.008318
2015,17820,18,-0.006101
2015,17900,18,-0.002756
2015,18020,18,-0.004872
2015,18700,18,-0.018
2015,19140,18,0.015063
2015,19340,18,-0.01254
2015,19460,18,-0.000888
2015,19500,18,-0.015933
2015,19740,18,0.006347
2015,20020,18,0.000926
2015,20100,18,0.001485
2015,20220,18,-0.009437
2015,20740,18,-0.009319
2015,20940,18,-0.002937
2015,21140,18,0.00858
2015,21300,18,-0.018864
2015,21500,18,-0.013777
2015,21660,18,0.002633
2015,21820,18,-0.050657
2015,22020,18,0.005521
2015,22140,18,-0.040426
2015,22380,18,0.007691
2015,22420,18,0.009208
2015,22500,18,-0.014866
2015,22520,18,-0.001369
2015,22540,18,-0.009782
2015,22660,18,0.00653
2015,23420,18,0.003568
2015,23460,18,-0.01385
2015,23580,18,0.034003
2015,24020,18,-0.006847
2015,24140,18,-0.030382
2015,24220,18,-0.011375
2015,24300,18,0.000477
2015,24500,18,-0.023191
2015,24540,18,0.018921
2015,24580,18,0.00083
2015,24660,18,-0.006959
2015,25260,18,-0.005481
2015,25420,18,0.006773
2015,25500,18,-0.003233
2015,25540,18,-0.002382
2015,25860,18,-0.010714
2015,25980,18,0.011206
2015,26300,18,-0.007386
2015,26380,18,-0.004988
2015,26620,18,0.005481
2015,26980,18,0.001657
2015,27060,18,0.004551
2015,27100,18,0.01359
2015,27260,18,0.015912
2015,27340,18,-0.029582
2015,27500,18,0.006412
2015,27620,18,-0.007252
2015,27740,18,-0.005842
2015,27780,18,-0.006488
2015,27860,18,-0.011688
2015,27900,18,-0.002826
2015,28100,18,-0.007019
2015,28420,18,-0.01726
2015,28660,18,-0.009811
2015,28700,18,-0.024265
2015,28740,18,0.009643
2015,29100,18,-0.007413
2015,29340,18,-0.001379
2015,29420,18,-0.00348
2015,29460,18,0.030777
2015,29540,18,0.011525
2015,29700,18,0.007562
2015,29740,18,-0.013537
2015,29820,18,0.028485
2015,29940,18,0.008231
2015,30140,18,0.010074
2015,30300,18,-0.007463
2015,30340,18,-0.000116
2015,30460,18,0.004176
2015,30620,18,-0.005061
2015,30700,18,0.006149
2015,30780,18,-0.007166
2015,30860,18,-0.008253
2015,31020,18,0.01228
2015,31420,18,-0.010483
2015,31700,18,0.00922
2015,31900,18,0.008751
2015,32580,18,0.011465
2015,32780,18,0.012603
2015,32900,18,-0.001545
2015,33140,18,0.003439
2015,33340,18,0.001871
2015,33540,18,-0.012752
2015,33700,18,0.013133
2015,33780,18,0.006301
2015,33860,18,-0.000849
2015,34060,18,-0.017977
2015,34580,18,0.015372
2015,34620,18,-0.01191
2015,34740,18,0.008993
2015,34900,18,-0.000983
2015,34940,18,0.008417
2015,35300,18,-0.004639
2015,35660,18,0.004988
2015,35980,18,0.002909
2015,36100,18,0.019469
2015,36220,18,0.003081
2015,36420,18,-0.001798
2015,36500,18,0.012209
2015,36540,18,0.00586
2015,36740,18,0.020817
2015,36780,18,-0.00515
2015,36980,18,-0.012744
2015,37100,18,-0.010019
2015,37340,18,0.00601
2015,37860,18,0.000418
2015,38060,18,0.001278
2015,38300,18,-0.003959
2015,38340,18,-0.006795
2015,38860,18,0.002591
2015,38900,18,0.007097
2015,38940,18,0.006153
2015,39300,18,0.006119
2015,39340,18,0.00121
2015,39380,18,0.000158
2015,39460,18,0.005672
2015,39540,18,0.010867
2015,39580,18,0.006858
2015,39740,18,0.009859
2015,39820,18,0.002151
2015,39900,18,0.029
2015,40140,18,-0.002039
2015,40220,18,-0.009327
2015,40420,18,0.004448
2015,40580,18,-0.015303
2015,40660,18,-0.002085
2015,40900,18,0.002601
2015,40980,18,-0.00866
2015,41060,18,0.009027
2015,41100,18,0.011766
2015,41140,18,-0.008148
2015,41420,18,0.021303
2015,41500,18,0.005049
2015,41700,18,0.01434
2015,41740,18,-0.012444
2015,41940,18,-0.016983
2015,42020,18,0.000326
2015,42100,18,-0.001983
2015,42140,18,-0.003075
2015,42220,18,0.00183
2015,42340,18,0.014432
2015,42540,18,-0.000427
2015,42680,18,0.026422
2015,43100,18,0.005616
2015,43300,18,0.007692
2015,43620,18,0.007595
2015,43780,18,0.00178
2015,44100,18,-0.013503
2015,44180,18,0.005115
2015,44220,18,-0.000541
2015,44300,18,-0.005996
2015,44700,18,0.002158
2015,45060,18,-0.001406
2015,45220,18,-0.0017
2015,45820,18,-0.001752
2015,45940,18,0.002347
2015,46060,18,0.005595
2015,46140,18,-0.002473
2015,46340,18,0.004336
2015,46540,18,-0.007565
2015,46660,18,-0.012703
2015,46700,18,0.015678
2015,47220,18,0.00701
2015,47300,18,0.007582
2015,47940,18,-0.008809
2015,48300,18,0.0049
2015,48540,18,-0.019804
2015,48660,18,-0.009587
2015,48700,18,-0.010729
2015,49020,18,-0.007844
2015,49420,18,-0.011312
2015,49620,18,0.015339
2015,49660,18,-0.00193
2015,49700,18,0.01481
2015,49740,18,0.002914
2015,10180,19,-0.001192
2015,10420,19,0.004237
2015,10580,19,-0.001933
2015,10740,19,-0.010658
2015,10780,19,-0.010011
2015,10900,19,0.014215
2015,11020,19,-0.010315
2015,11260,19,-0.02375
2015,11460,19,0.004568
2015,11500,19,-0.002439
2015,11540,19,0.00062
2015,11700,19,-0.000321
2015,12020,19,0.002006
2015,12100,19,0.003116
2015,12220,19,0.01746
2015,12420,19,0.019761
2015,12540,19,0.000378
2015,12580,19,-0.011263
2015,12620,19,0.000413
2015,12700,19,-0.001339
2015,12980,19,0.002823
2015,13020,19,-0.003925
2015,13380,19,-0.00528
2015,13460,19,0.025188
2015,13780,19,-0.001261
2015,14260,19,0.01839
2015,14500,19,-0.009643
2015,14740,19,3.9e-05
2015,14860,19,0.002847
2015,15180,19,-0.007351
2015,15260,19,0.013523
2015,15380,19,-0.002555
2015,15500,19,-0.011665
2015,15540,19,-0.006113
2015,15940,19,0.004189
2015,15980,19,0.004603
2015,16180,19,0.035322
2015,16220,19,-0.025801
2015,16300,19,-0.00079
2015,16700,19,0.010807
2015,16860,19,-0.016594
2015,16940,19,-0.02503
2015,17020,19,0.002322
2015,17420,19,0.004716
2015,17660,19,0.018602
2015,17780,19,0.007454
2015,17820,19,-0.007984
2015,17900,19,-0.005108
2015,18020,19,-0.004672
2015,18700,19,-0.013113
2015,19140,19,0.007216
2015,19340,19,-0.011698
2015,19460,19,-0.002559
2015,19500,19,-0.01596
2015,19740,19,0.00064
2015,20020,19,0.002414
2015,20100,19,0.002326
2015,20220,19,-0.010001
2015,20740,19,-0.006782
2015,20940,19,0.000995
2015,21140,19,0.005994
2015,21300,19,-0.014465
2015,21500,19,-0.012288
2015,21660,19,0.001399
2015,21820,19,-0.047813
2015,22020,19,0.008087
2015,22140,19,-0.035108
2015,22380,19,0.008742
2015,22420,19,0.009698
2015,22500,19,-0.016111
2015,22520,19,-0.001735
2015,22540,19,-0.007322
2015,22660,19,0.001579
2015,23420,19,0.005971
2015,23460,19,-0.011687
2015,23580,19,0.026943
2015,24020,19,-0.002707
2015,24140,19,-0.027367
2015,24220,19,-0.005181
2015,24300,19,0.002158
2015,24500,19,-0.025814
2015,24540,19,0.010151
2015,24580,19,0.001928
2015,24660,19,-0.010698
2015,25260,19,-0.002175
2015,25420,19,0.005016
2015,25500,19,-0.00435
2015,25540,19,-0.002896
2015,25860,19,-0.014108
2015,25980,19,0.008193
2015,26300,19,-0.005466
2015,26380,19,-0.00432
2015,26620,19,0.005056
2015,26980,19,0.001035
2015,27060,19,0.00168
2015,27100,19,0.011523
2015,27260,19,0.017127
2015,27340,19,-0.01964
2015,27500,19,0.005011
2015,27620,19,-0.007754
2015,27740,19,-0.003527
2015,27780,19,-0.005804
2015,27860,19,-0.010683
2015,27900,19,-0.001874
2015,28100,19,-0.005
2015,28420,19,-0.01782
2015,28660,19,-0.008293
2015,28700,19,-0.023922
2015,28740,19,0.008765
2015,29100,19,-0.005875
2015,29340,19,3e-06
2015,29420,19,0.001333
2015,29460,19,0.02888
2015,29540,19,0.008391
2015,29700,19,0.007981
2015,29740,19,-0.012525
2015,29820,19,0.029636
2015,29940,19,0.007287
2015,30140,19,0.007225
2015,30300,19,-0.009889
2015,30340,19,-0.000875
2015,30460,19,0.001813
2015,30620,19,-0.005244
2015,30700,19,0.004176
2015,30780,19,-0.006564
2015,30860,19,-0.010313
2015,31020,19,0.006774
2015,31420,19,-0.010607
2015,31700,19,0.007499
2015,31900,19,0.006169
2015,32580,19,0.00821
2015,32780,19,0.012664
2015,32900,19,0.000703
2015,33140,19,0.002108
2015,33340,19,0.002793
2015,33540,19,-0.01072
2015,33700,19,0.01147
2015,33780,19,0.006702
2015,33860,19,0.00057
2015,34060,19,-0.020693
2015,34580,19,0.011029
2015,34620,19,-0.007175
2015,34740,19,0.007543
2015,34900,19,0.000498
2015,34940,19,0.015091
2015,35300,19,-0.003355
2015,35660,19,0.004891
2015,35980,19,0.002836
2015,36100,19,0.019267
2015,36220,19,0.006046
2015,36420,19,-0.000718
2015,36500,19,0.008058
2015,36540,19,0.003615
2015,36740,19,0.02419
2015,36780,19,-0.005207
2015,36980,19,-0.010877
2015,37100,19,-0.008458
2015,37340,19,0.008684
2015,37860,19,0.000636
2015,38060,19,0.007186
2015,38300,19,-0.005564
2015,38340,19,-0.009119
2015,38860,19,0.003103
2015,38900,19,0.00626
2015,38940,19,0.009688
2015,39300,19,0.006204
2015,39340,19,0.00132
2015,39380,19,-0.008116
2015,39460,19,0.007449
2015,39540,19,0.009956
2015,39580,19,0.004393
2015,39740,19,0.007447
2015,39820,19,0.002223
2015,39900,19,0.028525
2015,40140,19,0.000993
2015,40220,19,-0.010192
2015,40420,19,0.003603
2015,40580,19,-0.017301
2015,40660,19,-0.005977
2015,40900,19,0.002898
2015,40980,19,-0.005854
2015,41060,19,0.008982
2015,41100,19,0.017857
2015,41140,19,-0.007233
2015,41420,19,0.014544
2015,41500,19,0.003551
2015,41700,19,0.01004
2015,41740,19,-0.00985
2015,41940,19,-0.013863
2015,42020,19,-0.00063
2015,42100,19,-0.003132
2015,42140,19,-0.004596
2015,42220,19,0.00108
2015,42340,19,0.011843
2015,42540,19,-0.002146
2015,42680,19,0.024353
2015,43100,19,0.00325
2015,43300,19,0.003757
2015,43620,19,0.006758
2015,43780,19,0.001563
2015,44100,19,-0.013897
2015,44180,19,0.004023
2015,44220,19,-7.1e-05
2015,44300,19,-0.004052
2015,44700,19,0.004631
2015,45060,19,-0.002703
2015,45220,19,0.000986
2015,45820,19,-0.004118
2015,45940,19,0.005962
2015,46060,19,0.007209
2015,46140,19,-0.002249
2015,46340,19,0.002151
2015,46540,19,-0.007193
2015,46660,19,-0.011796
2015,46700,19,0.015212
2015,47220,19,0.009307
2015,47300,19,0.006783
2015,47940,19,-0.008285
2015,48300,19,0.001147
2015,48540,19,-0.020732
2015,48660,19,-0.009884
2015,48700,19,-0.012884
2015,49020,19,-0.004054
2015,49420,19,-0.016379
2015,49620,19,0.013088
2015,49660,19,-0.002809
2015,49700,19,0.012932
2015,49740,19,0.005623
2016,10180,0,-0.010197
2016,10420,0,0.005253
2016,10580,0,0.000212
2016,10740,0,-0.005228
2016,10780,0,-0.016215
2016,10900,0,0.008744
2016,11020,0,-0.006552
2016,11260,0,-0.012659
2016,11460,0,-0.004345
2016,11500,0,-0.004913
2016,11540,0,0.004077
2016,11700,0,0.002092
2016,12020,0,0.020806
2016,12100,0,-0.004334
2016,12220,0,0.012251
2016,12420,0,0.010744
2016,12540,0,-0.020924
2016,12580,0,-0.019893
2016,12620,0,-0.011005
2016,12700,0,-0.004225
2016,12980,0,0.003241
2016,13020,0,-0.000591
2016,13380,0,0.015502
2016,13460,0,0.002354
2016,13780,0,-0.011833
2016,14260,0,-0.003499
2016,14500,0,0.015769
2016,14740,0,0.038452
2016,14860,0,0.003647
2016,15180,0,0.002928
2016,15260,0,0.013301
2016,15380,0,-0.001401
2016,15500,0,0.011083
2016,15540,0,-0.006452
2016,15940,0,-0.002393
2016,15980,0,0.008375
2016,16020,0,-0.012351
2016,16180,0,0.009852
2016,16220,0,-0.025096
2016,16300,0,0.004523
2016,16700,0,0.013893
2016,16860,0,-0.00774
2016,16940,0,-0.009355
2016,17020,0,-0.005411
2016,17420,0,0.003055
2016,17660,0,0.008513
2016,17780,0,0.021289
2016,17820,0,0.014581
2016,17900,0,0.008542
2016,18020,0,0.005031
2016,18700,0,0.0121
2016,19140,0,0.00142
2016,19340,0,-0.009678
2016,19460,0,-0.001133
2016,19500,0,-0.011976
2016,19740,0,0.016544
2016,20020,0,-2.6e-05
2016,20100,0,-0.004124
2016,20220,0,-0.005176
2016,20740,0,-0.003585
2016,20940,0,-0.014573
2016,21140,0,0.011598
2016,21300,0,-0.01454
2016,21500,0,0.003169
2016,21660,0,0.0121
2016,21820,0,-0.003876
2016,22020,0,0.00393
2016,22140,0,-0.062318
2016,22380,0,0.000257
2016,22420,0,-0.002035
2016,22500,0,-0.01482
2016,22520,0,-0.016197
2016,22540,0,0.001404
2016,22660,0,0.02235
2016,23420,0,-0.005084
2016,23460,0,-0.009742
2016,23580,0,0.018588
2016,24020,0,-0.00521
2016,24140,0,-0.01449
2016,24220,0,-0.023098
2016,24300,0,0.003529
2016,24500,0,-0.02118
2016,24540,0,0.02883
2016,24580,0,0.006926
2016,24660,0,-0.001679
2016,25260,0,0.001599
2016,25420,0,0.013062
2016,25500,0,-0.011688
2016,25540,0,4e-05
2016,25860,0,-0.002785
2016,25980,0,-0.051153
2016,26300,0,-0.008216
2016,26380,0,-0.013858
2016,26620,0,0.004521
2016,26980,0,0.002881
2016,27060,0,-0.015064
2016,27100,0,0.007098
2016,27260,0,0.010071
2016,27340,0,-0.009291
2016,27500,0,0.002952
2016,27620,0,-0.003035
2016,27740,0,-0.004812
2016,27780,0,-0.006776
2016,27860,0,0.003192
2016,27900,0,-0.003092
2016,28100,0,0.000161
2016,28420,0,0.017524
2016,28660,0,0.008492
2016,28700,0,-0.015252
2016,28740,0,0.003383
2016,29100,0,-0.007187
2016,29340,0,-0.004402
2016,29420,0,-0.010938
2016,29460,0,0.01342
2016,29540,0,0.01043
2016,29700,0,-0.00234
2016,29740,0,-0.000303
2016,29820,0,0.00075
2016,29940,0,0.009812
2016,30140,0,0.005833
2016,30300,0,-0.018024
2016,30340,0,-0.002224
2016,30460,0,0.008958
2016,30620,0,-0.003733
2016,30700,0,0.005817
2016,30780,0,-0.0063
2016,30860,0,0.017413
2016,31020,0,0.02725
2016,31420,0,-0.003103
2016,31700,0,0.008579
2016,31860,0,-0.002101
2016,31900,0,0.006929
2016,32580,0,0.002502
2016,32780,0,0.005383
2016,32900,0,-0.018523
2016,33140,0,-0.008097
2016,33340,0,1.1e-05
2016,33540,0,-0.000455
2016,33700,0,-0.013942
2016,33780,0,0.002748
2016,33860,0,0.00275
2016,34060,0,-0.013168
2016,34580,0,0.024636
2016,34620,0,-0.008193
2016,34740,0,0.009982
2016,34900,0,-0.015856
2016,34940,0,0.009611
2016,35300,0,0.000465
2016,35660,0,-0.002831
2016,35980,0,0.003905
2016,36100,0,0.011542
2016,36220,0,-0.004468
2016,36420,0,0.003746
2016,36500,0,0.020803
2016,36540,0,0.009772
2016,36740,0,0.007293
2016,36780,0,-0.003368
2016,36980,0,0.004603
2016,37100,0,-0.015102
2016,37340,0,0.019121
2016,37860,0,0.002244
2016,38060,0,-0.015282
2016,38300,0,-0.002223
2016,38340,0,-0.004353
2016,38860,0,0.004113
2016,38900,0,0.012921
2016,38940,0,0.01277
2016,39300,0,0.006824
2016,39340,0,0.008249
2016,39380,0,0.022708
2016,39460,0,0.023932
2016,39540,0,0.004886
2016,39580,0,0.01201
2016,39740,0,0.010731
2016,39820,0,-0.017076
2016,39900,0,0.006359
2016,40140,0,-0.018958
2016,40220,0,-0.010317
2016,40420,0,0.008983
2016,40580,0,-0.018084
2016,40660,0,-0.000426
2016,40900,0,-0.006959
2016,40980,0,-0.005497
2016,41060,0,0.009354
2016,41100,0,0.000431
2016,41140,0,-0.002585
2016,41420,0,0.026027
2016,41500,0,-0.002755
2016,41700,0,0.0117
2016,41740,0,-0.011187
2016,41940,0,-0.007295
2016,42020,0,-0.00912
2016,42100,0,0.0047
2016,42140,0,0.001562
2016,42220,0,-0.009299
2016,42340,0,0.008102
2016,42540,0,0.002224
2016,42680,0,0.017147
2016,43100,0,0.003816
2016,43300,0,0.013509
2016,43620,0,0.004667
2016,43780,0,0.001771
2016,44100,0,-0.010328
2016,44180,0,0.009936
2016,44220,0,0.001416
2016,44300,0,0.007022
2016,44700,0,-0.010129
2016,45060,0,-0.000482
2016,45220,0,0.001433
2016,45820,0,-0.001222
2016,45940,0,0.006112
2016,46060,0,-0.006335
2016,46140,0,0.009191
2016,46340,0,0.002474
2016,46540,0,-0.003976
2016,46660,0,-0.009973
2016,46700,0,-0.008481
2016,47220,0,0.000246
2016,47300,0,-0.010548
2016,47940,0,-0.009061
2016,48300,0,0.017688
2016,48540,0,-0.025932
2016,48660,0,-0.024915
2016,48700,0,-0.013518
2016,49020,0,-0.026551
2016,49420,0,0.008136
2016,49620,0,0.013313
2016,49660,0,-0.006447
2016,49700,0,-0.01159
2016,49740,0,-0.001342
2016,10180,1,-0.007884
2016,10420,1,0.002181
2016,10580,1,0.003065
2016,10740,1,-0.000947
2016,10780,1,-0.010523
2016,10900,1,0.008443
2016,11020,1,-0.007728
2016,11260,1,-0.006486
2016,11460,1,-0.010637
2016,11500,1,-0.001499
2016,11540,1,0.003974
2016,11700,1,0.003443
2016,12020,1,0.012311
2016,12100,1,0.003838
2016,12220,1,0.010502
2016,12420,1,0.004118
2016,12540,1,-0.014802
2016,12580,1,-0.009142
2016,12620,1,-0.008252
2016,12700,1,-0.003549
2016,12980,1,0.000938
2016,13020,1,-0.002002
2016,13380,1,0.018181
2016,13460,1,0.000985
2016,13780,1,-0.007769
2016,14260,1,-0.003584
2016,14500,1,0.00456
2016,14740,1,0.034897
2016,14860,1,0.001504
2016,15180,1,0.003061
2016,15260,1,0.013833
2016,15380,1,-0.00575
2016,15500,1,0.004297
2016,15540,1,-0.005063
2016,15940,1,-0.004085
2016,15980,1,-0.000121
2016,16020,1,-0.008824
2016,16180,1,0.008426
2016,16220,1,-0.015445
2016,16300,1,0.002309
2016,16700,1,0.011308
2016,16860,1,-0.007242
2016,16940,1,-0.0074
2016,17020,1,7.5e-05
2016,17420,1,0.001294
2016,17660,1,0.010515
2016,17780,1,0.014658
2016,17820,1,0.007331
2016,17900,1,0.005938
2016,18020,1,0.002672
2016,18700,1,0.012615
2016,19140,1,-0.00122
2016,19340,1,-0.006092
2016,19460,1,-0.001603
2016,19500,1,-0.005681
2016,19740,1,0.003035
2016,20020,1,0.001304
2016,20100,1,0.001609
2016,20220,1,-0.003984
2016,20740,1,-0.001449
2016,20940,1,-0.014007
2016,21140,1,0.007209
2016,21300,1,-0.014006
2016,21500,1,-0.001811
2016,21660,1,0.012997
2016,21820,1,0.000147
2016,22020,1,0.00398
2016,22140,1,-0.037309
2016,22380,1,0.004903
2016,22420,1,-0.008235
2016,22500,1,-0.012374
2016,22520,1,-0.013201
2016,22540,1,0.004476
2016,22660,1,0.009214
2016,23420,1,-0.002126
2016,23460,1,-0.006346
2016,23580,1,0.009021
2016,24020,1,0.00173
2016,24140,1,-0.011154
2016,24220,1,-0.016432
2016,24300,1,0.009081
2016,24500,1,-0.014465
2016,24540,1,0.01132
2016,24580,1,0.005848
2016,24660,1,-0.004611
2016,25260,1,0.006152
2016,25420,1,0.008532
2016,25500,1,-0.004718
2016,25540,1,-0.000446
2016,25860,1,-0.003823
2016,25980,1,-0.032698
2016,26300,1,-0.002415
2016,26380,1,-0.007219
2016,26620,1,0.004757
2016,26980,1,0.00156
2016,27060,1,-0.01258
2016,27100,1,0.001469
2016,27260,1,0.009268
2016,27340,1,0.001736
2016,27500,1,0.003284
2016,27620,1,-0.002316
2016,27740,1,-0.002352
2016,27780,1,-0.005793
2016,27860,1,0.00044
2016,27900,1,-0.002921
2016,28100,1,0.005805
2016,28420,1,0.012118
2016,28660,1,0.007008
2016,28700,1,-0.010831
2016,28740,1,0.007547
2016,29100,1,-0.003808
2016,29340,1,-0.001761
2016,29420,1,-0.005809
2016,29460,1,0.010722
2016,29540,1,0.007037
2016,29700,1,-0.001359
2016,29740,1,0.005801
2016,29820,1,-0.005859
2016,29940,1,0.006886
2016,30140,1,0.003787
2016,30300,1,-0.010552
2016,30340,1,-0.001402
2016,30460,1,0.004639
2016,30620,1,-0.001503
2016,30700,1,0.001839
2016,30780,1,-0.003649
2016,30860,1,0.01185
2016,31020,1,0.022859
2016,31420,1,-0.003612
2016,31700,1,0.003898
2016,31860,1,-0.000815
2016,31900,1,0.004072
2016,32580,1,0.00121
2016,32780,1,0.006483
2016,32900,1,-0.024309
2016,33140,1,-0.004635
2016,33340,1,0.003544
2016,33540,1,0.003083
2016,33700,1,-0.01846
2016,33780,1,-0.002888
2016,33860,1,0.002747
2016,34060,1,-0.010705
2016,34580,1,0.023645
2016,34620,1,-0.008461
2016,34740,1,0.003525
2016,34900,1,-0.014947
2016,34940,1,0.005405
2016,35300,1,0.001628
2016,35660,1,0.000126
2016,35980,1,0.005481
2016,36100,1,0.01163
2016,36220,1,-0.002549
2016,36420,1,0.00227
2016,36500,1,0.021882
2016,36540,1,0.005601
2016,36740,1,0.005311
2016,36780,1,-0.000528
2016,36980,1,-0.000958
2016,37100,1,-0.010883
2016,37340,1,0.013833
2016,37860,1,0.002759
2016,38060,1,-0.014206
2016,38300,1,-0.006565
2016,38340,1,-0.001477
2016,38860,1,0.002178
2016,38900,1,0.01103
2016,38940,1,0.005805
2016,39300,1,0.004785
2016,39340,1,0.003209
2016,39380,1,0.012919
2016,39460,1,0.01435
2016,39540,1,0.00818
2016,39580,1,0.00562
2016,39740,1,0.008565
2016,39820,1,-0.008438
2016,39900,1,0.001284
2016,40140,1,-0.015875
2016,40220,1,-0.005922
2016,40420,1,0.012143
2016,40580,1,-0.015381
2016,40660,1,-0.003141
2016,40900,1,-0.008597
2016,40980,1,-0.006096
2016,41060,1,0.008155
2016,41100,1,0.00081
2016,41140,1,-0.000556
2016,41420,1,0.020812
2016,41500,1,-0.007057
2016,41700,1,0.008021
2016,41740,1,-0.009777
2016,41940,1,-0.010664
2016,42020,1,-0.006292
2016,42100,1,-5.6e-05
2016,42140,1,0.004121
2016,42220,1,-0.012151
2016,42340,1,0.00787
2016,42540,1,0.001364
2016,42680,1,0.011781
2016,43100,1,0.005407
2016,43300,1,0.00634
2016,43620,1,0.00296
2016,43780,1,0.001521
2016,44100,1,-0.007394
2016,44180,1,0.008073
2016,44220,1,0.000808
2016,44300,1,0.002549
2016,44700,1,-0.016886
2016,45060,1,-0.002348
2016,45220,1,0.005843
2016,45820,1,4.2e-05
2016,45940,1,0.00649
2016,46060,1,-0.001945
2016,46140,1,0.006094
2016,46340,1,0.000747
2016,46540,1,-0.003268
2016,46660,1,-0.003809
2016,46700,1,-0.014295
2016,47220,1,0.00617
2016,47300,1,-0.006085
2016,47940,1,-0.006631
2016,48300,1,0.01886
2016,48540,1,-0.023739
2016,48660,1,-0.0178
2016,48700,1,-0.01374
2016,49020,1,-0.017591
2016,49420,1,0.007499
2016,49620,1,0.010748
2016,49660,1,-0.00578
2016,49700,1,-0.011311
2016,49740,1,0.004325
2016,10180,2,-0.011883
2016,10420,2,0.004981
2016,10580,2,0.001574
2016,10740,2,-0.006016
2016,10780,2,-0.01767
2016,10900,2,0.008753
2016,11020,2,-0.007139
2016,11260,2,-0.01134
2016,11460,2,-0.005019
2016,11500,2,-0.006652
2016,11540,2,0.005368
2016,11700,2,0.003596
2016,12020,2,0.020531
2016,12100,2,-0.003948
2016,12220,2,0.013554
2016,12420,2,0.013509
2016,12540,2,-0.022791
2016,12580,2,-0.019954
2016,12620,2,-0.012502
2016,12700,2,-0.003706
2016,12980,2,0.004018
2016,13020,2,-0.001498
2016,13380,2,0.018544
2016,13460,2,0.004118
2016,13780,2,-0.014758
2016,14260,2,-0.004324
2016,14500,2,0.018263
2016,14740,2,0.041013
2016,14860,2,0.004358
2016,15180,2,0.002814
2016,15260,2,0.013377
2016,15380,2,-0.001042
2016,15500,2,0.010509
2016,15540,2,-0.005584
2016,15940,2,-0.00286
2016,15980,2,0.010917
2016,16020,2,-0.013836
2016,16180,2,0.009155
2016,16220,2,-0.024
2016,16300,2,0.003401
2016,16700,2,0.016908
2016,16860,2,-0.007757
2016,16940,2,-0.008238
2016,17020,2,-0.005905
2016,17420,2,0.003223
2016,17660,2,0.009516
2016,17780,2,0.023604
2016,17820,2,0.015705
2016,17900,2,0.009139
2016,18020,2,0.006278
2016,18700,2,0.013749
2016,19140,2,-0.001539
2016,19340,2,-0.009414
2016,19460,2,-0.00158
2016,19500,2,-0.013107
2016,19740,2,0.019369
2016,20020,2,0.000323
2016,20100,2,-0.00351
2016,20220,2,-0.005869
2016,20740,2,-0.002594
2016,20940,2,-0.014907
2016,21140,2,0.012566
2016,21300,2,-0.016807
2016,21500,2,0.002858
2016,21660,2,0.013142
2016,21820,2,-0.003885
2016,22020,2,0.007029
2016,22140,2,-0.065161
2016,22380,2,0.000406
2016,22420,2,-0.003719
2016,22500,2,-0.016241
2016,22520,2,-0.016734
2016,22540,2,0.002065
2016,22660,2,0.025457
2016,23420,2,-0.005829
2016,23460,2,-0.010503
2016,23580,2,0.01886
2016,24020,2,-0.004503
2016,24140,2,-0.015882
2016,24220,2,-0.021822
2016,24300,2,0.002909
2016,24500,2,-0.021575
2016,24540,2,0.031429
2016,24580,2,0.007867
2016,24660,2,-0.002566
2016,25260,2,0.00121
2016,25420,2,0.014142
2016,25500,2,-0.011377
2016,25540,2,-0.000522
2016,25860,2,-0.004251
2016,25980,2,-0.053148
2016,26300,2,-0.008844
2016,26380,2,-0.014273
2016,26620,2,0.005682
2016,26980,2,0.004095
2016,27060,2,-0.015109
2016,27100,2,0.006441
2016,27260,2,0.01101
2016,27340,2,-0.010821
2016,27500,2,0.003423
2016,27620,2,-0.004039
2016,27740,2,-0.00519
2016,27780,2,-0.008822
2016,27860,2,0.002445
2016,27900,2,-0.003699
2016,28100,2,-0.000493
2016,28420,2,0.019723
2016,28660,2,0.007985
2016,28700,2,-0.016079
2016,28740,2,0.003814
2016,29100,2,-0.006343
2016,29340,2,-0.004793
2016,29420,2,-0.011996
2016,29460,2,0.013329
2016,29540,2,0.011214
2016,29700,2,-0.001925
2016,29740,2,-0.001206
2016,29820,2,-0.002359
2016,29940,2,0.010054
2016,30140,2,0.005315
2016,30300,2,-0.018299
2016,30340,2,-0.003415
2016,30460,2,0.010167
2016,30620,2,-0.00351
2016,30700,2,0.007149
2016,30780,2,-0.007224
2016,30860,2,0.01801
2016,31020,2,0.028625
2016,31420,2,-0.005327
2016,31700,2,0.008797
2016,31860,2,-0.002493
2016,31900,2,0.006523
2016,32580,2,0.002011
2016,32780,2,0.005683
2016,32900,2,-0.021363
2016,33140,2,-0.007807
2016,33340,2,0.000799
2016,33540,2,0.000127
2016,33700,2,-0.017326
2016,33780,2,0.002129
2016,33860,2,0.002216
2016,34060,2,-0.012634
2016,34580,2,0.027459
2016,34620,2,-0.008733
2016,34740,2,0.011103
2016,34900,2,-0.01735
2016,34940,2,0.013823
2016,35300,2,0.000141
2016,35660,2,-0.002381
2016,35980,2,0.003768
2016,36100,2,0.011193
2016,36220,2,-0.002555
2016,36420,2,0.004777
2016,36500,2,0.023121
2016,36540,2,0.010132
2016,36740,2,0.008276
2016,36780,2,-0.002793
2016,36980,2,0.005007
2016,37100,2,-0.015741
2016,37340,2,0.020696
2016,37860,2,0.002981
2016,38060,2,-0.017898
2016,38300,2,-0.001898
2016,38340,2,-0.004178
2016,38860,2,0.005087
2016,38900,2,0.015635
2016,38940,2,0.015141
2016,39300,2,0.007269
2016,39340,2,0.008563
2016,39380,2,0.022737
2016,39460,2,0.025968
2016,39540,2,0.005164
2016,39580,2,0.013881
2016,39740,2,0.011014
2016,39820,2,-0.018633
2016,39900,2,0.006181
2016,40140,2,-0.020444
2016,40220,2,-0.010879
2016,40420,2,0.008393
2016,40580,2,-0.021565
2016,40660,2,-0.003266
2016,40900,2,-0.008847
2016,40980,2,-0.007426
2016,41060,2,0.009062
2016,41100,2,0.000916
2016,41140,2,-0.004258
2016,41420,2,0.027502
2016,41500,2,-0.003846
2016,41700,2,0.013708
2016,41740,2,-0.010983
2016,41940,2,-0.00515
2016,42020,2,-0.009446
2016,42100,2,0.005688
2016,42140,2,0.001733
2016,42220,2,-0.010257
2016,42340,2,0.008298
2016,42540,2,0.001786
2016,42680,2,0.018695
2016,43100,2,0.003913
2016,43300,2,0.012914
2016,43620,2,0.006756
2016,43780,2,0.002138
2016,44100,2,-0.010328
2016,44180,2,0.010107
2016,44220,2,0.001025
2016,44300,2,0.010048
2016,44700,2,-0.013628
2016,45060,2,-0.000568
2016,45220,2,0.00143
2016,45820,2,-0.00262
2016,45940,2,0.00704
2016,46060,2,-0.008378
2016,46140,2,0.009273
2016,46340,2,0.002182
2016,46540,2,-0.003852
2016,46660,2,-0.01182
2016,46700,2,-0.011159
2016,47220,2,0.000808
2016,47300,2,-0.01196
2016,47940,2,-0.009879
2016,48300,2,0.019803
2016,48540,2,-0.027538
2016,48660,2,-0.026865
2016,48700,2,-0.014564
2016,49020,2,-0.027477
2016,49420,2,0.008588
2016,49620,2,0.013629
2016,49660,2,-0.00759
2016,49700,2,-0.014356
2016,49740,2,-0.002201
2016,10180,3,-0.009481
2016,10420,3,0.003773
2016,10580,3,0.001197
2016,10740,3,-0.005608
2016,10780,3,-0.015351
2016,10900,3,0.009226
2016,11020,3,-0.007112
2016,11260,3,-0.013521
2016,11460,3,-0.005207
2016,11500,3,-0.004825
2016,11540,3,0.004932
2016,11700,3,0.001437
2016,12020,3,0.020249
2016,12100,3,-0.000844
2016,12220,3,0.012295
2016,12420,3,0.012367
2016,12540,3,-0.01679
2016,12580,3,-0.017098
2016,12620,3,-0.010794
2016,12700,3,-0.003088
2016,12980,3,0.002902
2016,13020,3,-0.002253
2016,13380,3,0.015363
2016,13460,3,0.00695
2016,13780,3,-0.011149
2016,14260,3,0.001263
2016,14500,3,0.01094
2016,14740,3,0.034506
2016,14860,3,0.004309
2016,15180,3,0.00206
2016,15260,3,0.013983
2016,15380,3,-0.002922
2016,15500,3,0.00663
2016,15540,3,-0.006357
2016,15940,3,-0.001686
2016,15980,3,0.007675
2016,16020,3,-0.011113
2016,16180,3,0.011282
2016,16220,3,-0.024854
2016,16300,3,0.002378
2016,16700,3,0.014491
2016,16860,3,-0.008101
2016,16940,3,-0.011185
2016,17020,3,-0.003692
2016,17420,3,0.002191
2016,17660,3,0.010553
2016,17780,3,0.020002
2016,17820,3,0.011114
2016,17900,3,0.006783
2016,18020,3,0.004854
2016,18700,3,0.012078
2016,19140,3,-0.00109
2016,19340,3,-0.009947
2016,19460,3,-0.002479
2016,19500,3,-0.012081
2016,19740,3,0.012136
2016,20020,3,0.001114
2016,20100,3,-0.002123
2016,20220,3,-0.007437
2016,20740,3,-0.002663
2016,20940,3,-0.014607
2016,21140,3,0.010465
2016,21300,3,-0.012067
2016,21500,3,0.000869
2016,21660,3,0.012028
2016,21820,3,-0.005893
2016,22020,3,0.008136
2016,22140,3,-0.057234
2016,22380,3,0.003138
2016,22420,3,-0.000526
2016,22500,3,-0.01594
2016,22520,3,-0.015065
2016,22540,3,0.001584
2016,22660,3,0.017856
2016,23420,3,-0.003662
2016,23460,3,-0.009385
2016,23580,3,0.018029
2016,24020,3,-0.002655
2016,24140,3,-0.015027
2016,24220,3,-0.017185
2016,24300,3,0.004763
2016,24500,3,-0.020522
2016,24540,3,0.024033
2016,24580,3,0.006696
2016,24660,3,-0.004032
2016,25260,3,0.003825
2016,25420,3,0.011402
2016,25500,3,-0.010698
2016,25540,3,-0.000669
2016,25860,3,-0.005325
2016,25980,3,-0.045673
2016,26300,3,-0.007399
2016,26380,3,-0.011887
2016,26620,3,0.005344
2016,26980,3,0.002823
2016,27060,3,-0.012544
2016,27100,3,0.006903
2016,27260,3,0.01204
2016,27340,3,-0.006505
2016,27500,3,0.002925
2016,27620,3,-0.004516
2016,27740,3,-0.003154
2016,27780,3,-0.006203
2016,27860,3,0.001919
2016,27900,3,-0.002653
2016,28100,3,0.000321
2016,28420,3,0.013032
2016,28660,3,0.007456
2016,28700,3,-0.016683
2016,28740,3,0.004191
2016,29100,3,-0.006771
2016,29340,3,-0.003251
2016,29420,3,-0.008273
2016,29460,3,0.015342
2016,29540,3,0.008565
2016,29700,3,0.000227
2016,29740,3,-0.001459
2016,29820,3,0.002978
2016,29940,3,0.007859
2016,30140,3,0.005652
2016,30300,3,-0.016978
2016,30340,3,-0.003441
2016,30460,3,0.007298
2016,30620,3,-0.004557
2016,30700,3,0.005377
2016,30780,3,-0.00707
2016,30860,3,0.013856
2016,31020,3,0.023124
2016,31420,3,-0.004504
2016,31700,3,0.007188
2016,31860,3,-0.001177
2016,31900,3,0.006261
2016,32580,3,0.00194
2016,32780,3,0.007308
2016,32900,3,-0.019254
2016,33140,3,-0.0077
2016,33340,3,0.001308
2016,33540,3,-0.000945
2016,33700,3,-0.012713
2016,33780,3,0.002551
2016,33860,3,0.003305
2016,34060,3,-0.015288
2016,34580,3,0.022276
2016,34620,3,-0.006277
2016,34740,3,0.009654
2016,34900,3,-0.014687
2016,34940,3,0.01148
2016,35300,3,0.000501
2016,35660,3,-0.001835
2016,35980,3,0.004868
2016,36100,3,0.012854
2016,36220,3,-0.002535
2016,36420,3,0.004678
2016,36500,3,0.018592
2016,36540,3,0.00812
2016,36740,3,0.01142
2016,36780,3,-0.002786
2016,36980,3,0.002588
2016,37100,3,-0.013387
2016,37340,3,0.017425
2016,37860,3,0.002634
2016,38060,3,-0.010797
2016,38300,3,-0.003708
2016,38340,3,-0.003511
2016,38860,3,0.004214
2016,38900,3,0.013398
2016,38940,3,0.011608
2016,39300,3,0.006006
2016,39340,3,0.007955
2016,39380,3,0.015022
2016,39460,3,0.021039
2016,39540,3,0.00557
2016,39580,3,0.011724
2016,39740,3,0.009539
2016,39820,3,-0.014183
2016,39900,3,0.008742
2016,40140,3,-0.016451
2016,40220,3,-0.010461
2016,40420,3,0.008391
2016,40580,3,-0.019379
2016,40660,3,-0.003087
2016,40900,3,-0.005716
2016,40980,3,-0.00585
2016,41060,3,0.009604
2016,41100,3,0.004079
2016,41140,3,-0.004096
2016,41420,3,0.022762
2016,41500,3,-0.004158
2016,41700,3,0.010344
2016,41740,3,-0.010712
2016,41940,3,-0.007246
2016,42020,3,-0.008071
2016,42100,3,0.002225
2016,42140,3,0.000257
2016,42220,3,-0.00976
2016,42340,3,0.008737
2016,42540,3,0.001047
2016,42680,3,0.016976
2016,43100,3,0.003578
2016,43300,3,0.009083
2016,43620,3,0.005583
2016,43780,3,0.001952
2016,44100,3,-0.010889
2016,44180,3,0.009504
2016,44220,3,0.000347
2016,44300,3,0.006787
2016,44700,3,-0.009873
2016,45060,3,-0.001675
2016,45220,3,0.003463
2016,45820,3,-0.003005
2016,45940,3,0.006474
2016,46060,3,-0.003992
2016,46140,3,0.00818
2016,46340,3,0.001458
2016,46540,3,-0.004539
2016,46660,3,-0.010426
2016,46700,3,-0.00813
2016,47220,3,0.001827
2016,47300,3,-0.009013
2016,47940,3,-0.009362
2016,48300,3,0.016371
2016,48540,3,-0.025783
2016,48660,3,-0.024026
2016,48700,3,-0.01527
2016,49020,3,-0.022738
2016,49420,3,0.003809
2016,49620,3,0.012302
2016,49660,3,-0.006194
2016,49700,3,-0.008578
2016,49740,3,1.4e-05
2016,10180,4,-0.008334
2016,10420,4,0.0036
2016,10580,4,0.001119
2016,10740,4,-0.00338
2016,10780,4,-0.013163
2016,10900,4,0.008952
2016,11020,4,-0.007063
2016,11260,4,-0.011411
2016,11460,4,-0.006935
2016,11500,4,-0.002862
2016,11540,4,0.003902
2016,11700,4,0.00157
2016,12020,4,0.017821
2016,12100,4,0.000173
2016,12220,4,0.011144
2016,12420,4,0.007726
2016,12540,4,-0.01609
2016,12580,4,-0.014721
2016,12620,4,-0.009292
2016,12700,4,-0.003763
2016,12980,4,0.00194
2016,13020,4,-0.001518
2016,13380,4,0.015264
2016,13460,4,0.003071
2016,13780,4,-0.008756
2016,14260,4,-0.001
2016,14500,4,0.008303
2016,14740,4,0.03451
2016,14860,4,0.002932
2016,15180,4,0.002698
2016,15260,4,0.01399
2016,15380,4,-0.003961
2016,15500,4,0.006856
2016,15540,4,-0.006412
2016,15940,4,-0.002463
2016,15980,4,0.0036
2016,16020,4,-0.009835
2016,16180,4,0.010389
2016,16220,4,-0.022171
2016,16300,4,0.003259
2016,16700,4,0.011875
2016,16860,4,-0.007756
2016,16940,4,-0.010086
2016,17020,4,-0.002337
2016,17420,4,0.001927
2016,17660,4,0.009818
2016,17780,4,0.017305
2016,17820,4,0.009929
2016,17900,4,0.006611
2016,18020,4,0.003518
2016,18700,4,0.01171
2016,19140,4,0.000652
2016,19340,4,-0.008719
2016,19460,4,-0.001738
2016,19500,4,-0.00931
2016,19740,4,0.008237
2016,20020,4,0.000896
2016,20100,4,-0.001332
2016,20220,4,-0.005573
2016,20740,4,-0.002857
2016,20940,4,-0.014458
2016,21140,4,0.009093
2016,21300,4,-0.012249
2016,21500,4,0.000364
2016,21660,4,0.012128
2016,21820,4,-0.003243
2016,22020,4,0.004374
2016,22140,4,-0.049844
2016,22380,4,0.003283
2016,22420,4,-0.002925
2016,22500,4,-0.013866
2016,22520,4,-0.014453
2016,22540,4,0.002347
2016,22660,4,0.014071
2016,23420,4,-0.003018
2016,23460,4,-0.008066
2016,23580,4,0.014873
2016,24020,4,-0.001825
2016,24140,4,-0.012923
2016,24220,4,-0.018762
2016,24300,4,0.006553
2016,24500,4,-0.018364
2016,24540,4,0.019027
2016,24580,4,0.006051
2016,24660,4,-0.003421
2016,25260,4,0.004605
2016,25420,4,0.010242
2016,25500,4,-0.008856
2016,25540,4,-0.000185
2016,25860,4,-0.003658
2016,25980,4,-0.041161
2016,26300,4,-0.005412
2016,26380,4,-0.010366
2016,26620,4,0.004516
2016,26980,4,0.001842
2016,27060,4,-0.013096
2016,27100,4,0.005268
2016,27260,4,0.010347
2016,27340,4,-0.00315
2016,27500,4,0.002876
2016,27620,4,-0.003011
2016,27740,4,-0.003003
2016,27780,4,-0.005262
2016,27860,4,0.00196
2016,27900,4,-0.002515
2016,28100,4,0.002646
2016,28420,4,0.012657
2016,28660,4,0.007791
2016,28700,4,-0.014036
2016,28740,4,0.005157
2016,29100,4,-0.006227
2016,29340,4,-0.002813
2016,29420,4,-0.00748
2016,29460,4,0.013459
2016,29540,4,0.008018
2016,29700,4,-0.000955
2016,29740,4,0.001966
2016,29820,4,0.000627
2016,29940,4,0.00784
2016,30140,4,0.005305
2016,30300,4,-0.014689
2016,30340,4,-0.001985
2016,30460,4,0.006089
2016,30620,4,-0.00346
2016,30700,4,0.003574
2016,30780,4,-0.005273
2016,30860,4,0.01362
2016,31020,4,0.023358
2016,31420,4,-0.002832
2016,31700,4,0.006125
2016,31860,4,-0.00102
2016,31900,4,0.005834
2016,32580,4,0.002044
2016,32780,4,0.006654
2016,32900,4,-0.020057
2016,33140,4,-0.006829
2016,33340,4,0.001583
2016,33540,4,0.00036
2016,33700,4,-0.013759
2016,33780,4,0.000836
2016,33860,4,0.003315
2016,34060,4,-0.013622
2016,34580,4,0.022193
2016,34620,4,-0.007108
2016,34740,4,0.007016
2016,34900,4,-0.014518
2016,34940,4,0.006838
2016,35300,4,0.001091
2016,35660,4,-0.001502
2016,35980,4,0.0051
2016,36100,4,0.012489
2016,36220,4,-0.003871
2016,36420,4,0.003225
2016,36500,4,0.019422
2016,36540,4,0.007371
2016,36740,4,0.00804
2016,36780,4,-0.002339
2016,36980,4,0.001382
2016,37100,4,-0.012558
2016,37340,4,0.015666
2016,37860,4,0.002303
2016,38060,4,-0.01184
2016,38300,4,-0.004776
2016,38340,4,-0.002979
2016,38860,4,0.002995
2016,38900,4,0.011313
2016,38940,4,0.008485
2016,39300,4,0.005519
2016,39340,4,0.006134
2016,39380,4,0.015679
2016,39460,4,0.018176
2016,39540,4,0.006367
2016,39580,4,0.008773
2016,39740,4,0.009349
2016,39820,4,-0.01194
2016,39900,4,0.005582
2016,40140,4,-0.016231
2016,40220,4,-0.008505
2016,40420,4,0.010287
2016,40580,4,-0.016182
2016,40660,4,-0.001319
2016,40900,4,-0.006231
2016,40980,4,-0.005057
2016,41060,4,0.009302
2016,41100,4,0.002019
2016,41140,4,-0.001783
2016,41420,4,0.02221
2016,41500,4,-0.004598
2016,41700,4,0.008837
2016,41740,4,-0.010637
2016,41940,4,-0.009661
2016,42020,4,-0.007524
2016,42100,4,0.001342
2016,42140,4,0.001982
2016,42220,4,-0.010291
2016,42340,4,0.008316
2016,42540,4,0.001588
2016,42680,4,0.014425
2016,43100,4,0.004314
2016,43300,4,0.00909
2016,43620,4,0.003517
2016,43780,4,0.00163
2016,44100,4,-0.009652
2016,44180,4,0.009094
2016,44220,4,0.000896
2016,44300,4,0.003931
2016,44700,4,-0.011156
2016,45060,4,-0.001696
2016,45220,4,0.00409
2016,45820,4,-0.000949
2016,45940,4,0.006104
2016,46060,4,-0.002635
2016,46140,4,0.007637
2016,46340,4,0.00157
2016,46540,4,-0.004072
2016,46660,4,-0.007121
2016,46700,4,-0.00945
2016,47220,4,0.002988
2016,47300,4,-0.00765
2016,47940,4,-0.008006
2016,48300,4,0.016754
2016,48540,4,-0.024552
2016,48660,4,-0.021116
2016,48700,4,-0.014204
2016,49020,4,-0.021298
2016,49420,4,0.005851
2016,49620,4,0.011894
2016,49660,4,-0.00559
2016,49700,4,-0.008927
2016,49740,4,0.001851
2016,10180,5,-0.010038
2016,10420,5,0.00361
2016,10580,5,0.001733
2016,10740,5,-0.005809
2016,10780,5,-0.015894
2016,10900,5,0.009275
2016,11020,5,-0.007322
2016,11260,5,-0.013241
2016,11460,5,-0.00566
2016,11500,5,-0.005591
2016,11540,5,0.005475
2016,11700,5,0.001755
2016,12020,5,0.020785
2016,12100,5,-0.00053
2016,12220,5,0.012534
2016,12420,5,0.013343
2016,12540,5,-0.017448
2016,12580,5,-0.017157
2016,12620,5,-0.011511
2016,12700,5,-0.002823
2016,12980,5,0.00349
2016,13020,5,-0.002802
2016,13380,5,0.016602
2016,13460,5,0.007711
2016,13780,5,-0.012464
2016,14260,5,0.001248
2016,14500,5,0.011835
2016,14740,5,0.035419
2016,14860,5,0.004929
2016,15180,5,0.002123
2016,15260,5,0.014304
2016,15380,5,-0.00287
2016,15500,5,0.006078
2016,15540,5,-0.006316
2016,15940,5,-0.001593
2016,15980,5,0.008338
2016,16020,5,-0.011423
2016,16180,5,0.01164
2016,16220,5,-0.025067
2016,16300,5,0.001772
2016,16700,5,0.015476
2016,16860,5,-0.008074
2016,16940,5,-0.011055
2016,17020,5,-0.003818
2016,17420,5,0.002082
2016,17660,5,0.0109
2016,17780,5,0.020809
2016,17820,5,0.011489
2016,17900,5,0.006951
2016,18020,5,0.005213
2016,18700,5,0.012948
2016,19140,5,-0.00238
2016,19340,5,-0.0102
2016,19460,5,-0.002645
2016,19500,5,-0.012875
2016,19740,5,0.013103
2016,20020,5,0.001579
2016,20100,5,-0.001924
2016,20220,5,-0.008205
2016,20740,5,-0.002331
2016,20940,5,-0.014878
2016,21140,5,0.010829
2016,21300,5,-0.012429
2016,21500,5,0.000628
2016,21660,5,0.012598
2016,21820,5,-0.005934
2016,22020,5,0.009088
2016,22140,5,-0.058296
2016,22380,5,0.003503
2016,22420,5,-0.000597
2016,22500,5,-0.016547
2016,22520,5,-0.015147
2016,22540,5,0.00169
2016,22660,5,0.01877
2016,23420,5,-0.00393
2016,23460,5,-0.009668
2016,23580,5,0.018695
2016,24020,5,-0.002378
2016,24140,5,-0.015504
2016,24220,5,-0.01653
2016,24300,5,0.004685
2016,24500,5,-0.020798
2016,24540,5,0.024714
2016,24580,5,0.00696
2016,24660,5,-0.00447
2016,25260,5,0.004087
2016,25420,5,0.01179
2016,25500,5,-0.010693
2016,25540,5,-0.000889
2016,25860,5,-0.005936
2016,25980,5,-0.046232
2016,26300,5,-0.007453
2016,26380,5,-0.011926
2016,26620,5,0.005703
2016,26980,5,0.003242
2016,27060,5,-0.012465
2016,27100,5,0.006965
2016,27260,5,0.012603
2016,27340,5,-0.007151
2016,27500,5,0.003077
2016,27620,5,-0.00497
2016,27740,5,-0.00319
2016,27780,5,-0.006789
2016,27860,5,0.001538
2016,27900,5,-0.00255
2016,28100,5,-0.00013
2016,28420,5,0.013652
2016,28660,5,0.00724
2016,28700,5,-0.017232
2016,28740,5,0.004342
2016,29100,5,-0.006708
2016,29340,5,-0.003564
2016,29420,5,-0.008565
2016,29460,5,0.015558
2016,29540,5,0.008649
2016,29700,5,0.000719
2016,29740,5,-0.0019
2016,29820,5,0.001864
2016,29940,5,0.007888
2016,30140,5,0.005442
2016,30300,5,-0.016886
2016,30340,5,-0.004216
2016,30460,5,0.007647
2016,30620,5,-0.004724
2016,30700,5,0.005978
2016,30780,5,-0.00756
2016,30860,5,0.013921
2016,31020,5,0.023557
2016,31420,5,-0.005035
2016,31700,5,0.007171
2016,31860,5,-0.001118
2016,31900,5,0.006289
2016,32580,5,0.001716
2016,32780,5,0.007724
2016,32900,5,-0.020582
2016,33140,5,-0.007684
2016,33340,5,0.001631
2016,33540,5,-0.000996
2016,33700,5,-0.014
2016,33780,5,0.002582
2016,33860,5,0.003355
2016,34060,5,-0.015432
2016,34580,5,0.023394
2016,34620,5,-0.005869
2016,34740,5,0.010446
2016,34900,5,-0.01533
2016,34940,5,0.012854
2016,35300,5,0.000407
2016,35660,5,-0.001574
2016,35980,5,0.00504
2016,36100,5,0.013052
2016,36220,5,-0.002108
2016,36420,5,0.005301
2016,36500,5,0.019326
2016,36540,5,0.008194
2016,36740,5,0.012121
2016,36780,5,-0.002731
2016,36980,5,0.002634
2016,37100,5,-0.013518
2016,37340,5,0.017863
2016,37860,5,0.002933
2016,38060,5,-0.011715
2016,38300,5,-0.003713
2016,38340,5,-0.0032
2016,38860,5,0.004555
2016,38900,5,0.014578
2016,38940,5,0.012413
2016,39300,5,0.006146
2016,39340,5,0.00795
2016,39380,5,0.014628
2016,39460,5,0.02159
2016,39540,5,0.005625
2016,39580,5,0.012455
2016,39740,5,0.009619
2016,39820,5,-0.014746
2016,39900,5,0.008975
2016,40140,5,-0.01715
2016,40220,5,-0.010634
2016,40420,5,0.008052
2016,40580,5,-0.020753
2016,40660,5,-0.004227
2016,40900,5,-0.006396
2016,40980,5,-0.006565
2016,41060,5,0.009821
2016,41100,5,0.004251
2016,41140,5,-0.004834
2016,41420,5,0.02338
2016,41500,5,-0.004619
2016,41700,5,0.010935
2016,41740,5,-0.010683
2016,41940,5,-0.006454
2016,42020,5,-0.008227
2016,42100,5,0.002564
2016,42140,5,0.000503
2016,42220,5,-0.010175
2016,42340,5,0.008805
2016,42540,5,0.000835
2016,42680,5,0.017576
2016,43100,5,0.003527
2016,43300,5,0.008543
2016,43620,5,0.00631
2016,43780,5,0.002164
2016,44100,5,-0.011275
2016,44180,5,0.009717
2016,44220,5,0.000146
2016,44300,5,0.008142
2016,44700,5,-0.011322
2016,45060,5,-0.001775
2016,45220,5,0.003782
2016,45820,5,-0.003686
2016,45940,5,0.006996
2016,46060,5,-0.004461
2016,46140,5,0.008293
2016,46340,5,0.001493
2016,46540,5,-0.004519
2016,46660,5,-0.011384
2016,46700,5,-0.00921
2016,47220,5,0.002136
2016,47300,5,-0.009702
2016,47940,5,-0.009756
2016,48300,5,0.017109
2016,48540,5,-0.026171
2016,48660,5,-0.02469
2016,48700,5,-0.016218
2016,49020,5,-0.023143
2016,49420,5,0.003761
2016,49620,5,0.012408
2016,49660,5,-0.006519
2016,49700,5,-0.009291
2016,49740,5,-0.000139
2016,10180,6,-0.008012
2016,10420,6,0.002546
2016,10580,6,0.002524
2016,10740,6,-0.001975
2016,10780,6,-0.011464
2016,10900,6,0.008628
2016,11020,6,-0.007551
2016,11260,6,-0.008207
2016,11460,6,-0.009228
2016,11500,6,-0.001952
2016,11540,6,0.004022
2016,11700,6,0.002913
2016,12020,6,0.013796
2016,12100,6,0.002737
2016,12220,6,0.010928
2016,12420,6,0.005626
2016,12540,6,-0.014858
2016,12580,6,-0.010768
2016,12620,6,-0.008541
2016,12700,6,-0.003572
2016,12980,6,0.001077
2016,13020,6,-0.001926
2016,13380,6,0.017137
2016,13460,6,0.002233
2016,13780,6,-0.007981
2016,14260,6,-0.002396
2016,14500,6,0.00553
2016,14740,6,0.034492
2016,14860,6,0.001883
2016,15180,6,0.002696
2016,15260,6,0.013725
2016,15380,6,-0.005226
2016,15500,6,0.004885
2016,15540,6,-0.005304
2016,15940,6,-0.003647
2016,15980,6,0.001571
2016,16020,6,-0.009234
2016,16180,6,0.008861
2016,16220,6,-0.017268
2016,16300,6,0.002515
2016,16700,6,0.011711
2016,16860,6,-0.007538
2016,16940,6,-0.008347
2016,17020,6,-0.000691
2016,17420,6,0.001583
2016,17660,6,0.01053
2016,17780,6,0.015538
2016,17820,6,0.007914
2016,17900,6,0.005971
2016,18020,6,0.003117
2016,18700,6,0.012064
2016,19140,6,-0.000766
2016,19340,6,-0.006789
2016,19460,6,-0.001805
2016,19500,6,-0.006809
2016,19740,6,0.004569
2016,20020,6,0.00107
2016,20100,6,0.000747
2016,20220,6,-0.004418
2016,20740,6,-0.001773
2016,20940,6,-0.014057
2016,21140,6,0.007851
2016,21300,6,-0.013485
2016,21500,6,-0.001252
2016,21660,6,0.012513
2016,21820,6,-0.00129
2016,22020,6,0.004555
2016,22140,6,-0.041626
2016,22380,6,0.004462
2016,22420,6,-0.006642
2016,22500,6,-0.013061
2016,22520,6,-0.013599
2016,22540,6,0.00383
2016,22660,6,0.010698
2016,23420,6,-0.00229
2016,23460,6,-0.006919
2016,23580,6,0.010697
2016,24020,6,0.0007
2016,24140,6,-0.011966
2016,24220,6,-0.016798
2016,24300,6,0.008143
2016,24500,6,-0.01578
2016,24540,6,0.013748
2016,24580,6,0.005975
2016,24660,6,-0.004466
2016,25260,6,0.00548
2016,25420,6,0.009038
2016,25500,6,-0.005988
2016,25540,6,-0.000438
2016,25860,6,-0.004097
2016,25980,6,-0.035506
2016,26300,6,-0.003508
2016,26380,6,-0.008228
2016,26620,6,0.004752
2016,26980,6,0.001697
2016,27060,6,-0.012478
2016,27100,6,0.002579
2016,27260,6,0.009775
2016,27340,6,0.00019
2016,27500,6,0.003195
2016,27620,6,-0.002659
2016,27740,6,-0.002523
2016,27780,6,-0.005762
2016,27860,6,0.000825
2016,27900,6,-0.002877
2016,28100,6,0.004792
2016,28420,6,0.011949
2016,28660,6,0.007139
2016,28700,6,-0.012
2016,28740,6,0.006778
2016,29100,6,-0.00438
2016,29340,6,-0.002004
2016,29420,6,-0.006149
2016,29460,6,0.011844
2016,29540,6,0.007384
2016,29700,6,-0.00126
2016,29740,6,0.004278
2016,29820,6,-0.00333
2016,29940,6,0.007153
2016,30140,6,0.004307
2016,30300,6,-0.011978
2016,30340,6,-0.001538
2016,30460,6,0.005119
2016,30620,6,-0.002127
2016,30700,6,0.002347
2016,30780,6,-0.00428
2016,30860,6,0.012212
2016,31020,6,0.022655
2016,31420,6,-0.0038
2016,31700,6,0.004597
2016,31860,6,-0.000931
2016,31900,6,0.004479
2016,32580,6,0.00144
2016,32780,6,0.006506
2016,32900,6,-0.022699
2016,33140,6,-0.005324
2016,33340,6,0.003007
2016,33540,6,0.002254
2016,33700,6,-0.016631
2016,33780,6,-0.001816
2016,33860,6,0.002786
2016,34060,6,-0.011573
2016,34580,6,0.02288
2016,34620,6,-0.008189
2016,34740,6,0.004549
2016,34900,6,-0.014595
2016,34940,6,0.006308
2016,35300,6,0.001409
2016,35660,6,-0.000389
2016,35980,6,0.005222
2016,36100,6,0.011909
2016,36220,6,-0.002255
2016,36420,6,0.00254
2016,36500,6,0.020863
2016,36540,6,0.006089
2016,36740,6,0.006588
2016,36780,6,-0.001038
2016,36980,6,-0.000237
2016,37100,6,-0.011371
2016,37340,6,0.014576
2016,37860,6,0.002626
2016,38060,6,-0.012846
2016,38300,6,-0.006041
2016,38340,6,-0.002063
2016,38860,6,0.002522
2016,38900,6,0.011088
2016,38940,6,0.006917
2016,39300,6,0.005027
2016,39340,6,0.004314
2016,39380,6,0.013378
2016,39460,6,0.015743
2016,39540,6,0.007662
2016,39580,6,0.006646
2016,39740,6,0.008769
2016,39820,6,-0.009468
2016,39900,6,0.002897
2016,40140,6,-0.015612
2016,40220,6,-0.00688
2016,40420,6,0.011422
2016,40580,6,-0.015955
2016,40660,6,-0.002806
2016,40900,6,-0.007635
2016,40980,6,-0.005907
2016,41060,6,0.008419
2016,41100,6,0.001591
2016,41140,6,-0.001124
2016,41420,6,0.020962
2016,41500,6,-0.006323
2016,41700,6,0.008409
2016,41740,6,-0.009959
2016,41940,6,-0.0103
2016,42020,6,-0.006596
2016,42100,6,0.000259
2016,42140,6,0.003148
2016,42220,6,-0.011531
2016,42340,6,0.008118
2016,42540,6,0.001324
2016,42680,6,0.012784
2016,43100,6,0.005099
2016,43300,6,0.007186
2016,43620,6,0.003273
2016,43780,6,0.001554
2016,44100,6,-0.007997
2016,44180,6,0.008294
2016,44220,6,0.000725
2016,44300,6,0.002986
2016,44700,6,-0.014746
2016,45060,6,-0.002212
2016,45220,6,0.00517
2016,45820,6,-0.000424
2016,45940,6,0.006305
2016,46060,6,-0.002202
2016,46140,6,0.006404
2016,46340,6,0.000927
2016,46540,6,-0.003582
2016,46660,6,-0.005033
2016,46700,6,-0.012493
2016,47220,6,0.00508
2016,47300,6,-0.006441
2016,47940,6,-0.007072
2016,48300,6,0.018039
2016,48540,6,-0.024176
2016,48660,6,-0.019045
2016,48700,6,-0.01372
2016,49020,6,-0.018476
2016,49420,6,0.006551
2016,49620,6,0.011073
2016,49660,6,-0.005825
2016,49700,6,-0.010401
2016,49740,6,0.003447
2016,10180,7,-0.010892
2016,10420,7,0.004977
2016,10580,7,0.001541
2016,10740,7,-0.003548
2016,10780,7,-0.01522
2016,10900,7,0.00876
2016,11020,7,-0.007461
2016,11260,7,-0.008855
2016,11460,7,-0.007143
2016,11500,7,-0.004037
2016,11540,7,0.004084
2016,11700,7,0.004219
2016,12020,7,0.01684
2016,12100,7,-0.002471
2016,12220,7,0.013108
2016,12420,7,0.008148
2016,12540,7,-0.022111
2016,12580,7,-0.017192
2016,12620,7,-0.010575
2016,12700,7,-0.004709
2016,12980,7,0.002544
2016,13020,7,-0.000357
2016,13380,7,0.018562
2016,13460,7,-0.000359
2016,13780,7,-0.011575
2016,14260,7,-0.007027
2016,14500,7,0.014806
2016,14740,7,0.041639
2016,14860,7,0.002329
2016,15180,7,0.003619
2016,15260,7,0.013617
2016,15380,7,-0.002486
2016,15500,7,0.011139
2016,15540,7,-0.005523
2016,15940,7,-0.004222
2016,15980,7,0.006123
2016,16020,7,-0.012816
2016,16180,7,0.008038
2016,16220,7,-0.020322
2016,16300,7,0.004653
2016,16700,7,0.014308
2016,16860,7,-0.007783
2016,16940,7,-0.007053
2016,17020,7,-0.004109
2016,17420,7,0.00315
2016,17660,7,0.00916
2016,17780,7,0.020682
2016,17820,7,0.014222
2016,17900,7,0.009062
2016,18020,7,0.004646
2016,18700,7,0.012939
2016,19140,7,0.000838
2016,19340,7,-0.007744
2016,19460,7,-0.000739
2016,19500,7,-0.009378
2016,19740,7,0.014499
2016,20020,7,-0.000267
2016,20100,7,-0.002272
2016,20220,7,-0.003119
2016,20740,7,-0.002923
2016,20940,7,-0.014966
2016,21140,7,0.011026
2016,21300,7,-0.018258
2016,21500,7,0.002247
2016,21660,7,0.013339
2016,21820,7,-0.001075
2016,22020,7,0.002984
2016,22140,7,-0.05664
2016,22380,7,0.000513
2016,22420,7,-0.007473
2016,22500,7,-0.014061
2016,22520,7,-0.016456
2016,22540,7,0.003351
2016,22660,7,0.02099
2016,23420,7,-0.004918
2016,23460,7,-0.009059
2016,23580,7,0.014798
2016,24020,7,-0.003368
2016,24140,7,-0.013741
2016,24220,7,-0.024282
2016,24300,7,0.00537
2016,24500,7,-0.019371
2016,24540,7,0.025603
2016,24580,7,0.007315
2016,24660,7,-0.001921
2016,25260,7,0.001801
2016,25420,7,0.012936
2016,25500,7,-0.009091
2016,25540,7,5.5e-05
2016,25860,7,-0.002411
2016,25980,7,-0.047985
2016,26300,7,-0.00657
2016,26380,7,-0.01271
2016,26620,7,0.005059
2016,26980,7,0.003085
2016,27060,7,-0.016157
2016,27100,7,0.004213
2016,27260,7,0.009138
2016,27340,7,-0.006417
2016,27500,7,0.003587
2016,27620,7,-0.002243
2016,27740,7,-0.005221
2016,27780,7,-0.008211
2016,27860,7,0.002567
2016,27900,7,-0.004107
2016,28100,7,0.002884
2016,28420,7,0.019411
2016,28660,7,0.008475
2016,28700,7,-0.013032
2016,28740,7,0.005425
2016,29100,7,-0.005582
2016,29340,7,-0.004101
2016,29420,7,-0.011251
2016,29460,7,0.011316
2016,29540,7,0.01106
2016,29700,7,-0.003633
2016,29740,7,0.003223
2016,29820,7,-0.004999
2016,29940,7,0.010298
2016,30140,7,0.00495
2016,30300,7,-0.016081
2016,30340,7,-0.001209
2016,30460,7,0.008883
2016,30620,7,-0.001802
2016,30700,7,0.004869
2016,30780,7,-0.004845
2016,30860,7,0.017888
2016,31020,7,0.029518
2016,31420,7,-0.003857
2016,31700,7,0.007776
2016,31860,7,-0.002512
2016,31900,7,0.005916
2016,32580,7,0.002328
2016,32780,7,0.00492
2016,32900,7,-0.022685
2016,33140,7,-0.006531
2016,33340,7,0.001288
2016,33540,7,0.001922
2016,33700,7,-0.018874
2016,33780,7,-0.000361
2016,33860,7,0.001958
2016,34060,7,-0.010829
2016,34580,7,0.028017
2016,34620,7,-0.010865
2016,34740,7,0.007639
2016,34900,7,-0.017228
2016,34940,7,0.008715
2016,35300,7,0.000921
2016,35660,7,-0.001991
2016,35980,7,0.004038
2016,36100,7,0.010941
2016,36220,7,-0.003779
2016,36420,7,0.002757
2016,36500,7,0.025083
2016,36540,7,0.009444
2016,36740,7,0.004243
2016,36780,7,-0.002019
2016,36980,7,0.003355
2016,37100,7,-0.015123
2016,37340,7,0.019143
2016,37860,7,0.002677
2016,38060,7,-0.019255
2016,38300,7,-0.003364
2016,38340,7,-0.003943
2016,38860,7,0.003675
2016,38900,7,0.013184
2016,38940,7,0.011486
2016,39300,7,0.006898
2016,39340,7,0.006532
2016,39380,7,0.024032
2016,39460,7,0.023041
2016,39540,7,0.006624
2016,39580,7,0.010281
2016,39740,7,0.011136
2016,39820,7,-0.015726
2016,39900,7,0.00242
2016,40140,7,-0.020306
2016,40220,7,-0.00874
2016,40420,7,0.011432
2016,40580,7,-0.018089
2016,40660,7,-0.001188
2016,40900,7,-0.009547
2016,40980,7,-0.006578
2016,41060,7,0.008551
2016,41100,7,-0.00128
2016,41140,7,-0.001176
2016,41420,7,0.027325
2016,41500,7,-0.004422
2016,41700,7,0.0123
2016,41740,7,-0.011123
2016,41940,7,-0.008511
2016,42020,7,-0.008822
2016,42100,7,0.004554
2016,42140,7,0.003676
2016,42220,7,-0.010988
2016,42340,7,0.008132
2016,42540,7,0.002526
2016,42680,7,0.016015
2016,43100,7,0.005066
2016,43300,7,0.013311
2016,43620,7,0.004545
2016,43780,7,0.001637
2016,44100,7,-0.008676
2016,44180,7,0.009724
2016,44220,7,0.001795
2016,44300,7,0.006313
2016,44700,7,-0.015405
2016,45060,7,-0.000614
2016,45220,7,0.00204
2016,45820,7,5.9e-05
2016,45940,7,0.006752
2016,46060,7,-0.006891
2016,46140,7,0.008681
2016,46340,7,0.002093
2016,46540,7,-0.003373
2016,46660,7,-0.007473
2016,46700,7,-0.012789
2016,47220,7,0.002634
2016,47300,7,-0.00998
2016,47940,7,-0.008356
2016,48300,7,0.020726
2016,48540,7,-0.027269
2016,48660,7,-0.023654
2016,48700,7,-0.013103
2016,49020,7,-0.02593
2016,49420,7,0.011303
2016,49620,7,0.013608
2016,49660,7,-0.007153
2016,49700,7,-0.01524
2016,49740,7,0.000182
2016,10180,8,-0.009706
2016,10420,8,0.003236
2016,10580,8,0.002984
2016,10740,8,-0.003344
2016,10780,8,-0.012635
2016,10900,8,0.00905
2016,11020,8,-0.008402
2016,11260,8,-0.008239
2016,11460,8,-0.009216
2016,11500,8,-0.002034
2016,11540,8,0.003756
2016,11700,8,0.005119
2016,12020,8,0.011654
2016,12100,8,0.002305
2016,12220,8,0.012761
2016,12420,8,0.006965
2016,12540,8,-0.017488
2016,12580,8,-0.01197
2016,12620,8,-0.009383
2016,12700,8,-0.003769
2016,12980,8,0.001262
2016,13020,8,-0.00112
2016,13380,8,0.018469
2016,13460,8,0.002337
2016,13780,8,-0.009531
2016,14260,8,-0.00421
2016,14500,8,0.008056
2016,14740,8,0.038461
2016,14860,8,0.001112
2016,15180,8,0.003183
2016,15260,8,0.014061
2016,15380,8,-0.004819
2016,15500,8,0.006041
2016,15540,8,-0.004881
2016,15940,8,-0.005129
2016,15980,8,0.003693
2016,16020,8,-0.011456
2016,16180,8,0.010183
2016,16220,8,-0.016214
2016,16300,8,0.002717
2016,16700,8,0.014169
2016,16860,8,-0.008837
2016,16940,8,-0.007939
2016,17020,8,-0.00136
2016,17420,8,0.002188
2016,17660,8,0.011236
2016,17780,8,0.017668
2016,17820,8,0.008732
2016,17900,8,0.006388
2016,18020,8,0.003143
2016,18700,8,0.011562
2016,19140,8,-0.000987
2016,19340,8,-0.006501
2016,19460,8,-0.001335
2016,19500,8,-0.006506
2016,19740,8,0.007214
2016,20020,8,0.000397
2016,20100,8,0.000459
2016,20220,8,-0.003054
2016,20740,8,-0.002082
2016,20940,8,-0.014067
2016,21140,8,0.008826
2016,21300,8,-0.018129
2016,21500,8,-0.000457
2016,21660,8,0.012713
2016,21820,8,-0.002271
2016,22020,8,0.005204
2016,22140,8,-0.044654
2016,22380,8,0.003993
2016,22420,8,-0.008832
2016,22500,8,-0.014489
2016,22520,8,-0.014952
2016,22540,8,0.004693
2016,22660,8,0.013409
2016,23420,8,-0.002854
2016,23460,8,-0.007269
2016,23580,8,0.010928
2016,24020,8,0.000732
2016,24140,8,-0.01361
2016,24220,8,-0.018875
2016,24300,8,0.008323
2016,24500,8,-0.017551
2016,24540,8,0.016478
2016,24580,8,0.006525
2016,24660,8,-0.005136
2016,25260,8,0.003855
2016,25420,8,0.010265
2016,25500,8,-0.006207
2016,25540,8,-0.000757
2016,25860,8,-0.004674
2016,25980,8,-0.038728
2016,26300,8,-0.003725
2016,26380,8,-0.009646
2016,26620,8,0.005209
2016,26980,8,0.002338
2016,27060,8,-0.014284
2016,27100,8,0.002381
2016,27260,8,0.010129
2016,27340,8,-0.002019
2016,27500,8,0.00397
2016,27620,8,-0.002613
2016,27740,8,-0.003684
2016,27780,8,-0.007937
2016,27860,8,0.000423
2016,27900,8,-0.004396
2016,28100,8,0.005641
2016,28420,8,0.013443
2016,28660,8,0.006984
2016,28700,8,-0.012228
2016,28740,8,0.007971
2016,29100,8,-0.004182
2016,29340,8,-0.002196
2016,29420,8,-0.006973
2016,29460,8,0.01211
2016,29540,8,0.009281
2016,29700,8,-0.002552
2016,29740,8,0.004116
2016,29820,8,-0.004619
2016,29940,8,0.008076
2016,30140,8,0.00346
2016,30300,8,-0.013743
2016,30340,8,-0.000992
2016,30460,8,0.006444
2016,30620,8,-0.000649
2016,30700,8,0.002823
2016,30780,8,-0.004243
2016,30860,8,0.01302
2016,31020,8,0.0261
2016,31420,8,-0.005826
2016,31700,8,0.00581
2016,31860,8,-0.001457
2016,31900,8,0.00441
2016,32580,8,0.001298
2016,32780,8,0.006108
2016,32900,8,-0.024078
2016,33140,8,-0.004639
2016,33340,8,0.003296
2016,33540,8,0.002606
2016,33700,8,-0.018696
2016,33780,8,-0.002437
2016,33860,8,0.001827
2016,34060,8,-0.01134
2016,34580,8,0.026498
2016,34620,8,-0.011949
2016,34740,8,0.005152
2016,34900,8,-0.015284
2016,34940,8,0.009851
2016,35300,8,0.001332
2016,35660,8,-6.7e-05
2016,35980,8,0.00473
2016,36100,8,0.012322
2016,36220,8,-0.001109
2016,36420,8,0.001912
2016,36500,8,0.024134
2016,36540,8,0.007131
2016,36740,8,0.006195
2016,36780,8,-0.000834
2016,36980,8,0.000308
2016,37100,8,-0.013106
2016,37340,8,0.018579
2016,37860,8,0.003032
2016,38060,8,-0.015476
2016,38300,8,-0.005591
2016,38340,8,-0.002731
2016,38860,8,0.003088
2016,38900,8,0.0125
2016,38940,8,0.010133
2016,39300,8,0.006302
2016,39340,8,0.004203
2016,39380,8,0.016854
2016,39460,8,0.019514
2016,39540,8,0.008675
2016,39580,8,0.006357
2016,39740,8,0.010127
2016,39820,8,-0.010415
2016,39900,8,0.003797
2016,40140,8,-0.01728
2016,40220,8,-0.007915
2016,40420,8,0.012851
2016,40580,8,-0.018635
2016,40660,8,-0.003975
2016,40900,8,-0.009069
2016,40980,8,-0.006889
2016,41060,8,0.008115
2016,41100,8,0.000449
2016,41140,8,-0.000293
2016,41420,8,0.023672
2016,41500,8,-0.00591
2016,41700,8,0.010866
2016,41740,8,-0.010793
2016,41940,8,-0.010032
2016,42020,8,-0.007168
2016,42100,8,0.001814
2016,42140,8,0.003094
2016,42220,8,-0.011486
2016,42340,8,0.008316
2016,42540,8,0.001652
2016,42680,8,0.015237
2016,43100,8,0.005467
2016,43300,8,0.009741
2016,43620,8,0.004236
2016,43780,8,0.001211
2016,44100,8,-0.007718
2016,44180,8,0.008785
2016,44220,8,0.001047
2016,44300,8,0.00404
2016,44700,8,-0.016842
2016,45060,8,-0.002086
2016,45220,8,0.004461
2016,45820,8,0.000107
2016,45940,8,0.007107
2016,46060,8,-0.00454
2016,46140,8,0.006821
2016,46340,8,0.000558
2016,46540,8,-0.00335
2016,46660,8,-0.005159
2016,46700,8,-0.013512
2016,47220,8,0.006
2016,47300,8,-0.00687
2016,47940,8,-0.007599
2016,48300,8,0.020224
2016,48540,8,-0.027147
2016,48660,8,-0.020843
2016,48700,8,-0.013114
2016,49020,8,-0.020481
2016,49420,8,0.00798
2016,49620,8,0.012434
2016,49660,8,-0.007201
2016,49700,8,-0.013495
2016,49740,8,0.003161
2016,10180,9,-0.009417
2016,10420,9,0.004097
2016,10580,9,0.001226
2016,10740,9,-0.004043
2016,10780,9,-0.014254
2016,10900,9,0.00913
2016,11020,9,-0.007372
2016,11260,9,-0.011336
2016,11460,9,-0.006531
2016,11500,9,-0.003484
2016,11540,9,0.004124
2016,11700,9,0.002344
2016,12020,9,0.017737
2016,12100,9,-0.000579
2016,12220,9,0.012437
2016,12420,9,0.008945
2016,12540,9,-0.01767
2016,12580,9,-0.01591
2016,12620,9,-0.009815
2016,12700,9,-0.003987
2016,12980,9,0.002154
2016,13020,9,-0.001294
2016,13380,9,0.01598
2016,13460,9,0.003253
2016,13780,9,-0.00973
2016,14260,9,-0.001792
2016,14500,9,0.010241
2016,14740,9,0.036251
2016,14860,9,0.002965
2016,15180,9,0.002762
2016,15260,9,0.013994
2016,15380,9,-0.003487
2016,15500,9,0.008
2016,15540,9,-0.006156
2016,15940,9,-0.002878
2016,15980,9,0.005157
2016,16020,9,-0.011056
2016,16180,9,0.009999
2016,16220,9,-0.022057
2016,16300,9,0.003467
2016,16700,9,0.013238
2016,16860,9,-0.008089
2016,16940,9,-0.009749
2016,17020,9,-0.002967
2016,17420,9,0.002418
2016,17660,9,0.010065
2016,17780,9,0.018779
2016,17820,9,0.011159
2016,17900,9,0.007274
2016,18020,9,0.004044
2016,18700,9,0.011693
2016,19140,9,0.000504
2016,19340,9,-0.008698
2016,19460,9,-0.001713
2016,19500,9,-0.009814
2016,19740,9,0.010488
2016,20020,9,0.000497
2016,20100,9,-0.001595
2016,20220,9,-0.005161
2016,20740,9,-0.002916
2016,20940,9,-0.014748
2016,21140,9,0.009918
2016,21300,9,-0.014256
2016,21500,9,0.000886
2016,21660,9,0.012346
2016,21820,9,-0.003639
2016,22020,9,0.004989
2016,22140,9,-0.05334
2016,22380,9,0.00251
2016,22420,9,-0.003878
2016,22500,9,-0.01451
2016,22520,9,-0.015255
2016,22540,9,0.00255
2016,22660,9,0.016536
2016,23420,9,-0.003504
2016,23460,9,-0.008697
2016,23580,9,0.015542
2016,24020,9,-0.002422
2016,24140,9,-0.013766
2016,24220,9,-0.020064
2016,24300,9,0.005959
2016,24500,9,-0.019336
2016,24540,9,0.02173
2016,24580,9,0.006581
2016,24660,9,-0.003202
2016,25260,9,0.003476
2016,25420,9,0.011242
2016,25500,9,-0.009307
2016,25540,9,-0.000225
2016,25860,9,-0.003839
2016,25980,9,-0.04373
2016,26300,9,-0.006205
2016,26380,9,-0.011412
2016,26620,9,0.005023
2016,26980,9,0.002482
2016,27060,9,-0.013798
2016,27100,9,0.005279
2016,27260,9,0.010518
2016,27340,9,-0.004511
2016,27500,9,0.003174
2016,27620,9,-0.003185
2016,27740,9,-0.003731
2016,27780,9,-0.006509
2016,27860,9,0.002126
2016,27900,9,-0.003184
2016,28100,9,0.002397
2016,28420,9,0.014333
2016,28660,9,0.007846
2016,28700,9,-0.014515
2016,28740,9,0.005175
2016,29100,9,-0.00618
2016,29340,9,-0.003245
2016,29420,9,-0.008738
2016,29460,9,0.013552
2016,29540,9,0.009135
2016,29700,9,-0.001464
2016,29740,9,0.001591
2016,29820,9,7.6e-05
2016,29940,9,0.008623
2016,30140,9,0.005335
2016,30300,9,-0.015754
2016,30340,9,-0.001887
2016,30460,9,0.007113
2016,30620,9,-0.003146
2016,30700,9,0.004235
2016,30780,9,-0.005442
2016,30860,9,0.014701
2016,31020,9,0.024942
2016,31420,9,-0.003702
2016,31700,9,0.006877
2016,31860,9,-0.001535
2016,31900,9,0.005897
2016,32580,9,0.002241
2016,32780,9,0.006403
2016,32900,9,-0.020572
2016,33140,9,-0.006805
2016,33340,9,0.001502
2016,33540,9,0.000443
2016,33700,9,-0.014738
2016,33780,9,0.000717
2016,33860,9,0.002801
2016,34060,9,-0.013436
2016,34580,9,0.023845
2016,34620,9,-0.008315
2016,34740,9,0.007668
2016,34900,9,-0.015153
2016,34940,9,0.008422
2016,35300,9,0.000942
2016,35660,9,-0.001738
2016,35980,9,0.004757
2016,36100,9,0.012307
2016,36220,9,-0.003243
2016,36420,9,0.003291
2016,36500,9,0.02104
2016,36540,9,0.008132
2016,36740,9,0.007967
2016,36780,9,-0.002276
2016,36980,9,0.001951
2016,37100,9,-0.01351
2016,37340,9,0.01705
2016,37860,9,0.002487
2016,38060,9,-0.013259
2016,38300,9,-0.004332
2016,38340,9,-0.003588
2016,38860,9,0.003427
2016,38900,9,0.012159
2016,38940,9,0.009856
2016,39300,9,0.00605
2016,39340,9,0.006738
2016,39380,9,0.017698
2016,39460,9,0.020177
2016,39540,9,0.006479
2016,39580,9,0.009775
2016,39740,9,0.00999
2016,39820,9,-0.01319
2016,39900,9,0.005578
2016,40140,9,-0.017255
2016,40220,9,-0.00908
2016,40420,9,0.010473
2016,40580,9,-0.017505
2016,40660,9,-0.001655
2016,40900,9,-0.006838
2016,40980,9,-0.005655
2016,41060,9,0.009111
2016,41100,9,0.001891
2016,41140,9,-0.002018
2016,41420,9,0.023765
2016,41500,9,-0.004441
2016,41700,9,0.010192
2016,41740,9,-0.010831
2016,41940,9,-0.009109
2016,42020,9,-0.007955
2016,42100,9,0.002262
2016,42140,9,0.001953
2016,42220,9,-0.010305
2016,42340,9,0.00855
2016,42540,9,0.001716
2016,42680,9,0.01552
2016,43100,9,0.004447
2016,43300,9,0.010252
2016,43620,9,0.00437
2016,43780,9,0.001632
2016,44100,9,-0.009668
2016,44180,9,0.009387
2016,44220,9,0.00103
2016,44300,9,0.005006
2016,44700,9,-0.011872
2016,45060,9,-0.001433
2016,45220,9,0.003301
2016,45820,9,-0.001106
2016,45940,9,0.006446
2016,46060,9,-0.00395
2016,46140,9,0.007997
2016,46340,9,0.001609
2016,46540,9,-0.004069
2016,46660,9,-0.00783
2016,46700,9,-0.009816
2016,47220,9,0.00284
2016,47300,9,-0.008307
2016,47940,9,-0.008448
2016,48300,9,0.017697
2016,48540,9,-0.026097
2016,48660,9,-0.022425
2016,48700,9,-0.014129
2016,49020,9,-0.022778
2016,49420,9,0.006758
2016,49620,9,0.012653
2016,49660,9,-0.006239
2016,49700,9,-0.010472
2016,49740,9,0.001117
2016,10180,10,-0.01124
2016,10420,10,0.00505
2016,10580,10,0.001379
2016,10740,10,-0.004601
2016,10780,10,-0.016112
2016,10900,10,0.008824
2016,11020,10,-0.007345
2016,11260,10,-0.010123
2016,11460,10,-0.006172
2016,11500,10,-0.004922
2016,11540,10,0.004471
2016,11700,10,0.003861
2016,12020,10,0.018284
2016,12100,10,-0.00306
2016,12220,10,0.013312
2016,12420,10,0.010295
2016,12540,10,-0.022226
2016,12580,10,-0.018447
2016,12620,10,-0.011229
2016,12700,10,-0.004323
2016,12980,10,0.003049
2016,13020,10,-0.000676
2016,13380,10,0.018174
2016,13460,10,0.001461
2016,13780,10,-0.012587
2016,14260,10,-0.005681
2016,14500,10,0.015915
2016,14740,10,0.041085
2016,14860,10,0.003042
2016,15180,10,0.003333
2016,15260,10,0.013568
2016,15380,10,-0.001918
2016,15500,10,0.010986
2016,15540,10,-0.00565
2016,15940,10,-0.003639
2016,15980,10,0.007839
2016,16020,10,-0.013211
2016,16180,10,0.008683
2016,16220,10,-0.022067
2016,16300,10,0.004237
2016,16700,10,0.015236
2016,16860,10,-0.007845
2016,16940,10,-0.007754
2016,17020,10,-0.004787
2016,17420,10,0.003164
2016,17660,10,0.009295
2016,17780,10,0.02176
2016,17820,10,0.014698
2016,17900,10,0.009058
2016,18020,10,0.005136
2016,18700,10,0.013056
2016,19140,10,0.000163
2016,19340,10,-0.00851
2016,19460,10,-0.001067
2016,19500,10,-0.010781
2016,19740,10,0.016252
2016,20020,10,-0.000113
2016,20100,10,-0.002802
2016,20220,10,-0.004204
2016,20740,10,-0.002949
2016,20940,10,-0.014934
2016,21140,10,0.011542
2016,21300,10,-0.01761
2016,21500,10,0.002584
2016,21660,10,0.01316
2016,21820,10,-0.002424
2016,22020,10,0.004685
2016,22140,10,-0.059816
2016,22380,10,0.000434
2016,22420,10,-0.00571
2016,22500,10,-0.014905
2016,22520,10,-0.016605
2016,22540,10,0.002778
2016,22660,10,0.022576
2016,23420,10,-0.005224
2016,23460,10,-0.009636
2016,23580,10,0.016497
2016,24020,10,-0.003876
2016,24140,10,-0.014572
2016,24220,10,-0.02334
2016,24300,10,0.004457
2016,24500,10,-0.020341
2016,24540,10,0.027911
2016,24580,10,0.007466
2016,24660,10,-0.002109
2016,25260,10,0.001567
2016,25420,10,0.013324
2016,25500,10,-0.010144
2016,25540,10,-0.000154
2016,25860,10,-0.003067
2016,25980,10,-0.049874
2016,26300,10,-0.007521
2016,26380,10,-0.013393
2016,26620,10,0.005314
2016,26980,10,0.003415
2016,27060,10,-0.01582
2016,27100,10,0.005241
2016,27260,10,0.00987
2016,27340,10,-0.008074
2016,27500,10,0.003476
2016,27620,10,-0.002959
2016,27740,10,-0.005176
2016,27780,10,-0.00831
2016,27860,10,0.002632
2016,27900,10,-0.004042
2016,28100,10,0.001596
2016,28420,10,0.019278
2016,28660,10,0.00833
2016,28700,10,-0.014305
2016,28740,10,0.004776
2016,29100,10,-0.006052
2016,29340,10,-0.004252
2016,29420,10,-0.011499
2016,29460,10,0.012196
2016,29540,10,0.011087
2016,29700,10,-0.002898
2016,29740,10,0.001443
2016,29820,10,-0.003456
2016,29940,10,0.01011
2016,30140,10,0.00514
2016,30300,10,-0.017201
2016,30340,10,-0.001978
2016,30460,10,0.00929
2016,30620,10,-0.002488
2016,30700,10,0.005709
2016,30780,10,-0.005724
2016,30860,10,0.017835
2016,31020,10,0.02907
2016,31420,10,-0.004337
2016,31700,10,0.008261
2016,31860,10,-0.00249
2016,31900,10,0.006219
2016,32580,10,0.002273
2016,32780,10,0.005264
2016,32900,10,-0.021852
2016,33140,10,-0.007056
2016,33340,10,0.00099
2016,33540,10,0.001069
2016,33700,10,-0.017878
2016,33780,10,0.000777
2016,33860,10,0.002105
2016,34060,10,-0.011874
2016,34580,10,0.027559
2016,34620,10,-0.010114
2016,34740,10,0.008968
2016,34900,10,-0.017124
2016,34940,10,0.010669
2016,35300,10,0.000623
2016,35660,10,-0.002208
2016,35980,10,0.003979
2016,36100,10,0.011101
2016,36220,10,-0.003619
2016,36420,10,0.003487
2016,36500,10,0.024123
2016,36540,10,0.00974
2016,36740,10,0.005901
2016,36780,10,-0.00236
2016,36980,10,0.003969
2016,37100,10,-0.015403
2016,37340,10,0.0197
2016,37860,10,0.002749
2016,38060,10,-0.018435
2016,38300,10,-0.002751
2016,38340,10,-0.004154
2016,38860,10,0.00419
2016,38900,10,0.013994
2016,38940,10,0.012765
2016,39300,10,0.007026
2016,39340,10,0.007386
2016,39380,10,0.023482
2016,39460,10,0.024092
2016,39540,10,0.006031
2016,39580,10,0.011655
2016,39740,10,0.011086
2016,39820,10,-0.016724
2016,39900,10,0.00417
2016,40140,10,-0.020239
2016,40220,10,-0.009695
2016,40420,10,0.01034
2016,40580,10,-0.019235
2016,40660,10,-0.001816
2016,40900,10,-0.009058
2016,40980,10,-0.006676
2016,41060,10,0.008733
2016,41100,10,-0.000279
2016,41140,10,-0.002268
2016,41420,10,0.02728
2016,41500,10,-0.004026
2016,41700,10,0.012696
2016,41740,10,-0.011169
2016,41940,10,-0.007308
2016,42020,10,-0.009068
2016,42100,10,0.004898
2016,42140,10,0.002701
2016,42220,10,-0.010533
2016,42340,10,0.008217
2016,42540,10,0.002266
2016,42680,10,0.017079
2016,43100,10,0.004538
2016,43300,10,0.013169
2016,43620,10,0.005378
2016,43780,10,0.001763
2016,44100,10,-0.009387
2016,44180,10,0.009883
2016,44220,10,0.00153
2016,44300,10,0.007512
2016,44700,10,-0.014283
2016,45060,10,-0.000594
2016,45220,10,0.001786
2016,45820,10,-0.000931
2016,45940,10,0.006795
2016,46060,10,-0.007335
2016,46140,10,0.008987
2016,46340,10,0.002026
2016,46540,10,-0.003625
2016,46660,10,-0.009014
2016,46700,10,-0.011766
2016,47220,10,0.001914
2016,47300,10,-0.010581
2016,47940,10,-0.008992
2016,48300,10,0.020137
2016,48540,10,-0.027437
2016,48660,10,-0.024837
2016,48700,10,-0.013601
2016,49020,10,-0.026521
2016,49420,10,0.010078
2016,49620,10,0.013648
2016,49660,10,-0.007245
2016,49700,10,-0.01461
2016,49740,10,-0.000726
2016,10180,11,-0.009522
2016,10420,11,0.00283
2016,10580,11,0.002894
2016,10740,11,-0.003797
2016,10780,11,-0.012857
2016,10900,11,0.00909
2016,11020,11,-0.008185
2016,11260,11,-0.009501
2016,11460,11,-0.00896
2016,11500,11,-0.002933
2016,11540,11,0.004368
2016,11700,11,0.003952
2016,12020,11,0.014002
2016,12100,11,0.002728
2016,12220,11,0.012051
2016,12420,11,0.008795
2016,12540,11,-0.016516
2016,12580,11,-0.012449
2016,12620,11,-0.009979
2016,12700,11,-0.003002
2016,12980,11,0.002043
2016,13020,11,-0.002026
2016,13380,11,0.018034
2016,13460,11,0.004526
2016,13780,11,-0.010386
2016,14260,11,-0.001703
2016,14500,11,0.007705
2016,14740,11,0.036406
2016,14860,11,0.002394
2016,15180,11,0.003005
2016,15260,11,0.014433
2016,15380,11,-0.00466
2016,15500,11,0.004624
2016,15540,11,-0.005434
2016,15940,11,-0.003821
2016,15980,11,0.00387
2016,16020,11,-0.010846
2016,16180,11,0.011423
2016,16220,11,-0.018859
2016,16300,11,0.001702
2016,16700,11,0.014411
2016,16860,11,-0.008441
2016,16940,11,-0.0091
2016,17020,11,-0.001436
2016,17420,11,0.001591
2016,17660,11,0.011365
2016,17780,11,0.017912
2016,17820,11,0.008468
2016,17900,11,0.006093
2016,18020,11,0.00326
2016,18700,11,0.012414
2016,19140,11,-0.002279
2016,19340,11,-0.007736
2016,19460,11,-0.001884
2016,19500,11,-0.008168
2016,19740,11,0.007442
2016,20020,11,0.001294
2016,20100,11,0.00042
2016,20220,11,-0.005398
2016,20740,11,-0.001973
2016,20940,11,-0.014189
2016,21140,11,0.008711
2016,21300,11,-0.015569
2016,21500,11,-0.000716
2016,21660,11,0.012888
2016,21820,11,-0.003359
2016,22020,11,0.007366
2016,22140,11,-0.045062
2016,22380,11,0.00478
2016,22420,11,-0.005802
2016,22500,11,-0.015023
2016,22520,11,-0.014449
2016,22540,11,0.003888
2016,22660,11,0.013287
2016,23420,11,-0.002901
2016,23460,11,-0.007631
2016,23580,11,0.012841
2016,24020,11,0.000831
2016,24140,11,-0.013818
2016,24220,11,-0.016211
2016,24300,11,0.007948
2016,24500,11,-0.017801
2016,24540,11,0.016929
2016,24580,11,0.006361
2016,24660,11,-0.005508
2016,25260,11,0.005049
2016,25420,11,0.009952
2016,25500,11,-0.007053
2016,25540,11,-0.001013
2016,25860,11,-0.005411
2016,25980,11,-0.038135
2016,26300,11,-0.004147
2016,26380,11,-0.009419
2016,26620,11,0.005474
2016,26980,11,0.002425
2016,27060,11,-0.013291
2016,27100,11,0.003639
2016,27260,11,0.011108
2016,27340,11,-0.002533
2016,27500,11,0.003578
2016,27620,11,-0.003624
2016,27740,11,-0.002919
2016,27780,11,-0.007108
2016,27860,11,0.000337
2016,27900,11,-0.003691
2016,28100,11,0.004121
2016,28420,11,0.012279
2016,28660,11,0.006759
2016,28700,11,-0.013657
2016,28740,11,0.007289
2016,29100,11,-0.00497
2016,29340,11,-0.002118
2016,29420,11,-0.006574
2016,29460,11,0.013024
2016,29540,11,0.008206
2016,29700,11,-0.000613
2016,29740,11,0.002462
2016,29820,11,-0.003082
2016,29940,11,0.007074
2016,30140,11,0.003661
2016,30300,11,-0.013994
2016,30340,11,-0.002476
2016,30460,11,0.00603
2016,30620,11,-0.001953
2016,30700,11,0.003586
2016,30780,11,-0.005243
2016,30860,11,0.012061
2016,31020,11,0.024325
2016,31420,11,-0.005501
2016,31700,11,0.005628
2016,31860,11,-0.000919
2016,31900,11,0.004828
2016,32580,11,0.001101
2016,32780,11,0.007212
2016,32900,11,-0.023691
2016,33140,11,-0.00525
2016,33340,11,0.003154
2016,33540,11,0.001415
2016,33700,11,-0.017571
2016,33780,11,-0.000913
2016,33860,11,0.002656
2016,34060,11,-0.013258
2016,34580,11,0.025118
2016,34620,11,-0.009407
2016,34740,11,0.006521
2016,34900,11,-0.015129
2016,34940,11,0.010987
2016,35300,11,0.00112
2016,35660,11,-3.3e-05
2016,35980,11,0.005344
2016,36100,11,0.012759
2016,36220,11,-0.002049
2016,36420,11,0.003209
2016,36500,11,0.02215
2016,36540,11,0.006833
2016,36740,11,0.008498
2016,36780,11,-0.001191
2016,36980,11,0.000298
2016,37100,11,-0.012582
2016,37340,11,0.017502
2016,37860,11,0.003127
2016,38060,11,-0.013959
2016,38300,11,-0.00537
2016,38340,11,-0.00228
2016,38860,11,0.003394
2016,38900,11,0.013344
2016,38940,11,0.010008
2016,39300,11,0.005883
2016,39340,11,0.004649
2016,39380,11,0.013923
2016,39460,11,0.018575
2016,39540,11,0.007888
2016,39580,11,0.007747
2016,39740,11,0.009465
2016,39820,11,-0.010585
2016,39900,11,0.005722
2016,40140,11,-0.01685
2016,40220,11,-0.008494
2016,40420,11,0.011394
2016,40580,11,-0.019106
2016,40660,11,-0.004833
2016,40900,11,-0.00835
2016,40980,11,-0.006641
2016,41060,11,0.008636
2016,41100,11,0.002055
2016,41140,11,-0.001796
2016,41420,11,0.022582
2016,41500,11,-0.005943
2016,41700,11,0.010083
2016,41740,11,-0.010699
2016,41940,11,-0.008779
2016,42020,11,-0.007163
2016,42100,11,0.001358
2016,42140,11,0.002231
2016,42220,11,-0.011237
2016,42340,11,0.008299
2016,42540,11,0.001139
2016,42680,11,0.015481
2016,43100,11,0.004639
2016,43300,11,0.007674
2016,43620,11,0.004941
2016,43780,11,0.001482
2016,44100,11,-0.008929
2016,44180,11,0.008897
2016,44220,11,0.000563
2016,44300,11,0.005087
2016,44700,11,-0.015857
2016,45060,11,-0.002335
2016,45220,11,0.005242
2016,45820,11,-0.001349
2016,45940,11,0.007206
2016,46060,11,-0.003781
2016,46140,11,0.007098
2016,46340,11,0.000379
2016,46540,11,-0.003712
2016,46660,11,-0.006604
2016,46700,11,-0.012717
2016,47220,11,0.005677
2016,47300,11,-0.007279
2016,47940,11,-0.008261
2016,48300,11,0.019054
2016,48540,11,-0.026207
2016,48660,11,-0.02109
2016,48700,11,-0.01466
2016,49020,11,-0.020075
2016,49420,11,0.005852
2016,49620,11,0.011888
2016,49660,11,-0.006726
2016,49700,11,-0.011592
2016,49740,11,0.002831
2016,10180,12,-0.009672
2016,10420,12,0.003833
2016,10580,12,0.002067
2016,10740,12,-0.003169
2016,10780,12,-0.013398
2016,10900,12,0.00906
2016,11020,12,-0.007897
2016,11260,12,-0.009084
2016,11460,12,-0.008162
2016,11500,12,-0.002699
2016,11540,12,0.003932
2016,11700,12,0.003809
2016,12020,12,0.014653
2016,12100,12,0.000676
2016,12220,12,0.012754
2016,12420,12,0.007248
2016,12540,12,-0.018095
2016,12580,12,-0.013946
2016,12620,12,-0.009442
2016,12700,12,-0.004178
2016,12980,12,0.001608
2016,13020,12,-0.001042
2016,13380,12,0.017582
2016,13460,12,0.001715
2016,13780,12,-0.009428
2016,14260,12,-0.00391
2016,14500,12,0.009379
2016,14740,12,0.037946
2016,14860,12,0.001907
2016,15180,12,0.003141
2016,15260,12,0.014023
2016,15380,12,-0.004171
2016,15500,12,0.007732
2016,15540,12,-0.005479
2016,15940,12,-0.004153
2016,15980,12,0.003868
2016,16020,12,-0.011293
2016,16180,12,0.009221
2016,16220,12,-0.018718
2016,16300,12,0.00347
2016,16700,12,0.013432
2016,16860,12,-0.008247
2016,16940,12,-0.008339
2016,17020,12,-0.002116
2016,17420,12,0.002431
2016,17660,12,0.010447
2016,17780,12,0.018161
2016,17820,12,0.010474
2016,17900,12,0.007272
2016,18020,12,0.003634
2016,18700,12,0.01186
2016,19140,12,0.000151
2016,19340,12,-0.007353
2016,19460,12,-0.001395
2016,19500,12,-0.007887
2016,19740,12,0.00891
2016,20020,12,0.000291
2016,20100,12,-0.000479
2016,20220,12,-0.003676
2016,20740,12,-0.002515
2016,20940,12,-0.014652
2016,21140,12,0.009401
2016,21300,12,-0.016603
2016,21500,12,0.000306
2016,21660,12,0.012811
2016,21820,12,-0.002124
2016,22020,12,0.004375
2016,22140,12,-0.048945
2016,22380,12,0.002825
2016,22420,12,-0.007202
2016,22500,12,-0.014054
2016,22520,12,-0.015257
2016,22540,12,0.003789
2016,22660,12,0.015246
2016,23420,12,-0.003291
2016,23460,12,-0.008033
2016,23580,12,0.012852
2016,24020,12,-0.001061
2016,24140,12,-0.013317
2016,24220,12,-0.020452
2016,24300,12,0.007188
2016,24500,12,-0.01813
2016,24540,12,0.01922
2016,24580,12,0.006671
2016,24660,12,-0.003626
2016,25260,12,0.003537
2016,25420,12,0.010933
2016,25500,12,-0.007557
2016,25540,12,-0.000297
2016,25860,12,-0.003724
2016,25980,12,-0.041306
2016,26300,12,-0.004965
2016,26380,12,-0.010563
2016,26620,12,0.005174
2016,26980,12,0.002463
2016,27060,12,-0.014385
2016,27100,12,0.003447
2016,27260,12,0.009895
2016,27340,12,-0.002812
2016,27500,12,0.003583
2016,27620,12,-0.002621
2016,27740,12,-0.003915
2016,27780,12,-0.007328
2016,27860,12,0.001549
2016,27900,12,-0.003869
2016,28100,12,0.004269
2016,28420,12,0.014882
2016,28660,12,0.007669
2016,28700,12,-0.012939
2016,28740,12,0.006573
2016,29100,12,-0.005075
2016,29340,12,-0.002873
2016,29420,12,-0.008449
2016,29460,12,0.012257
2016,29540,12,0.009432
2016,29700,12,-0.002374
2016,29740,12,0.003649
2016,29820,12,-0.003237
2016,29940,12,0.008716
2016,30140,12,0.004555
2016,30300,12,-0.014499
2016,30340,12,-0.001146
2016,30460,12,0.006915
2016,30620,12,-0.001745
2016,30700,12,0.003455
2016,30780,12,-0.004496
2016,30860,12,0.014549
2016,31020,12,0.026109
2016,31420,12,-0.004377
2016,31700,12,0.00633
2016,31860,12,-0.001704
2016,31900,12,0.005148
2016,32580,12,0.001977
2016,32780,12,0.006013
2016,32900,12,-0.022782
2016,33140,12,-0.005679
2016,33340,12,0.002343
2016,33540,12,0.00191
2016,33700,12,-0.017446
2016,33780,12,-0.001245
2016,33860,12,0.002231
2016,34060,12,-0.011876
2016,34580,12,0.025662
2016,34620,12,-0.010297
2016,34740,12,0.00605
2016,34900,12,-0.015634
2016,34940,12,0.008153
2016,35300,12,0.00122
2016,35660,12,-0.001066
2016,35980,12,0.004732
2016,36100,12,0.011974
2016,36220,12,-0.002559
2016,36420,12,0.002461
2016,36500,12,0.023349
2016,36540,12,0.007781
2016,36740,12,0.006107
2016,36780,12,-0.001433
2016,36980,12,0.001136
2016,37100,12,-0.013416
2016,37340,12,0.017385
2016,37860,12,0.002728
2016,38060,12,-0.015334
2016,38300,12,-0.005014
2016,38340,12,-0.003264
2016,38860,12,0.00312
2016,38900,12,0.012147
2016,38940,12,0.009352
2016,39300,12,0.006131
2016,39340,12,0.005446
2016,39380,12,0.018261
2016,39460,12,0.019645
2016,39540,12,0.007626
2016,39580,12,0.008163
2016,39740,12,0.010176
2016,39820,12,-0.011998
2016,39900,12,0.003492
2016,40140,12,-0.017731
2016,40220,12,-0.008129
2016,40420,12,0.012009
2016,40580,12,-0.01752
2016,40660,12,-0.002279
2016,40900,12,-0.008321
2016,40980,12,-0.006262
2016,41060,12,0.008507
2016,41100,12,0.000713
2016,41140,12,-0.000913
2016,41420,12,0.024205
2016,41500,12,-0.005328
2016,41700,12,0.010529
2016,41740,12,-0.010781
2016,41940,12,-0.009871
2016,42020,12,-0.007643
2016,42100,12,0.002138
2016,42140,12,0.003065
2016,42220,12,-0.011153
2016,42340,12,0.008443
2016,42540,12,0.001877
2016,42680,12,0.014897
2016,43100,12,0.005179
2016,43300,12,0.010243
2016,43620,12,0.004144
2016,43780,12,0.001446
2016,44100,12,-0.008463
2016,44180,12,0.009119
2016,44220,12,0.001235
2016,44300,12,0.004335
2016,44700,12,-0.014915
2016,45060,12,-0.001586
2016,45220,12,0.003703
2016,45820,12,-0.000171
2016,45940,12,0.006755
2016,46060,12,-0.00432
2016,46140,12,0.007507
2016,46340,12,0.001244
2016,46540,12,-0.003629
2016,46660,12,-0.006075
2016,46700,12,-0.012237
2016,47220,12,0.004415
2016,47300,12,-0.007697
2016,47940,12,-0.007881
2016,48300,12,0.019386
2016,48540,12,-0.026722
2016,48660,12,-0.021441
2016,48700,12,-0.013509
2016,49020,12,-0.021995
2016,49420,12,0.00841
2016,49620,12,0.012688
2016,49660,12,-0.006693
2016,49700,12,-0.012598
2016,49740,12,0.002168
2016,10180,13,-0.009718
2016,10420,13,0.005292
2016,10580,13,0.000192
2016,10740,13,-0.003812
2016,10780,13,-0.015288
2016,10900,13,0.008675
2016,11020,13,-0.006562
2016,11260,13,-0.011456
2016,11460,13,-0.005498
2016,11500,13,-0.004027
2016,11540,13,0.003604
2016,11700,13,0.002101
2016,12020,13,0.02018
2016,12100,13,-0.003957
2016,12220,13,0.011704
2016,12420,13,0.007986
2016,12540,13,-0.021104
2016,12580,13,-0.01892
2016,12620,13,-0.010384
2016,12700,13,-0.004765
2016,12980,13,0.00297
2016,13020,13,-0.000267
2016,13380,13,0.015889
2016,13460,13,-0.000191
2016,13780,13,-0.010822
2016,14260,13,-0.005117
2016,14500,13,0.014873
2016,14740,13,0.03925
2016,14860,13,0.003171
2016,15180,13,0.00343
2016,15260,13,0.013591
2016,15380,13,-0.001974
2016,15500,13,0.011506
2016,15540,13,-0.006697
2016,15940,13,-0.002741
2016,15980,13,0.006044
2016,16020,13,-0.011685
2016,16180,13,0.00946
2016,16220,13,-0.024057
2016,16300,13,0.005125
2016,16700,13,0.01243
2016,16860,13,-0.007525
2016,16940,13,-0.008757
2016,17020,13,-0.00477
2016,17420,13,0.002949
2016,17660,13,0.008042
2016,17780,13,0.020062
2016,17820,13,0.014434
2016,17900,13,0.008728
2016,18020,13,0.004388
2016,18700,13,0.012246
2016,19140,13,0.002446
2016,19340,13,-0.009223
2016,19460,13,-0.00065
2016,19500,13,-0.01082
2016,19740,13,0.014841
2016,20020,13,4e-06
2016,20100,13,-0.003819
2016,20220,13,-0.004301
2016,20740,13,-0.003747
2016,20940,13,-0.014836
2016,21140,13,0.011112
2016,21300,13,-0.014745
2016,21500,13,0.002926
2016,21660,13,0.012495
2016,21820,13,-0.002125
2016,22020,13,0.001239
2016,22140,13,-0.059426
2016,22380,13,0.000279
2016,22420,13,-0.003431
2016,22500,13,-0.013724
2016,22520,13,-0.016034
2016,22540,13,0.001794
2016,22660,13,0.020723
2016,23420,13,-0.004869
2016,23460,13,-0.009174
2016,23580,13,0.017392
2016,24020,13,-0.00503
2016,24140,13,-0.013353
2016,24220,13,-0.02472
2016,24300,13,0.004542
2016,24500,13,-0.020267
2016,24540,13,0.026472
2016,24580,13,0.006672
2016,24660,13,-0.001169
2016,25260,13,0.002102
2016,25420,13,0.012759
2016,25500,13,-0.010822
2016,25540,13,0.0004
2016,25860,13,-0.001714
2016,25980,13,-0.04947
2016,26300,13,-0.007134
2016,26380,13,-0.013197
2016,26620,13,0.004046
2016,26980,13,0.002429
2016,27060,13,-0.015597
2016,27100,13,0.006345
2016,27260,13,0.009203
2016,27340,13,-0.007655
2016,27500,13,0.002984
2016,27620,13,-0.002138
2016,27740,13,-0.004897
2016,27780,13,-0.006375
2016,27860,13,0.003284
2016,27900,13,-0.002806
2016,28100,13,0.001313
2016,28420,13,0.017962
2016,28660,13,0.008835
2016,28700,13,-0.013948
2016,28740,13,0.003882
2016,29100,13,-0.007057
2016,29340,13,-0.004534
2016,29420,13,-0.01091
2016,29460,13,0.012481
2016,29540,13,0.010312
2016,29700,13,-0.003059
2016,29740,13,0.001763
2016,29820,13,-0.000959
2016,29940,13,0.010175
2016,30140,13,0.005766
2016,30300,13,-0.016701
2016,30340,13,-0.001544
2016,30460,13,0.008514
2016,30620,13,-0.003268
2016,30700,13,0.004994
2016,30780,13,-0.005362
2016,30860,13,0.017784
2016,31020,13,0.027985
2016,31420,13,-0.001883
2016,31700,13,0.008067
2016,31860,13,-0.002022
2016,31900,13,0.006901
2016,32580,13,0.002661
2016,32780,13,0.005108
2016,32900,13,-0.019498
2016,33140,13,-0.007762
2016,33340,13,0.000141
2016,33540,13,0.000231
2016,33700,13,-0.015008
2016,33780,13,0.001844
2016,33860,13,0.002857
2016,34060,13,-0.012219
2016,34580,13,0.025224
2016,34620,13,-0.008404
2016,34740,13,0.008861
2016,34900,13,-0.016186
2016,34940,13,0.006623
2016,35300,13,0.000831
2016,35660,13,-0.00271
2016,35980,13,0.004132
2016,36100,13,0.011529
2016,36220,13,-0.00538
2016,36420,13,0.003089
2016,36500,13,0.0218
2016,36540,13,0.009555
2016,36740,13,0.005294
2016,36780,13,-0.003259
2016,36980,13,0.004023
2016,37100,13,-0.014829
2016,37340,13,0.018227
2016,37860,13,0.002088
2016,38060,13,-0.016472
2016,38300,13,-0.002898
2016,38340,13,-0.004004
2016,38860,13,0.003446
2016,38900,13,0.011975
2016,38940,13,0.011075
2016,39300,13,0.006661
2016,39340,13,0.007294
2016,39380,13,0.023718
2016,39460,13,0.022642
2016,39540,13,0.005336
2016,39580,13,0.010629
2016,39740,13,0.010842
2016,39820,13,-0.016275
2016,39900,13,0.004347
2016,40140,13,-0.019404
2016,40220,13,-0.009166
2016,40420,13,0.010111
2016,40580,13,-0.016458
2016,40660,13,0.000734
2016,40900,13,-0.007477
2016,40980,13,-0.005211
2016,41060,13,0.009494
2016,41100,13,-0.001017
2016,41140,13,-0.001337
2016,41420,13,0.026413
2016,41500,13,-0.003085
2016,41700,13,0.011057
2016,41740,13,-0.011238
2016,41940,13,-0.008777
2016,42020,13,-0.009007
2016,42100,13,0.004444
2016,42140,13,0.002968
2016,42220,13,-0.009817
2016,42340,13,0.007955
2016,42540,13,0.002611
2016,42680,13,0.015824
2016,43100,13,0.004328
2016,43300,13,0.013761
2016,43620,13,0.003483
2016,43780,13,0.001699
2016,44100,13,-0.009924
2016,44180,13,0.00996
2016,44220,13,0.001786
2016,44300,13,0.005774
2016,44700,13,-0.011287
2016,45060,13,-0.000425
2016,45220,13,0.001807
2016,45820,13,-7.4e-05
2016,45940,13,0.006117
2016,46060,13,-0.005618
2016,46140,13,0.009079
2016,46340,13,0.002849
2016,46540,13,-0.003713
2016,46660,13,-0.008437
2016,46700,13,-0.009588
2016,47220,13,0.000846
2016,47300,13,-0.010192
2016,47940,13,-0.008399
2016,48300,13,0.018278
2016,48540,13,-0.025444
2016,48660,13,-0.023566
2016,48700,13,-0.013377
2016,49020,13,-0.026384
2016,49420,13,0.009745
2016,49620,13,0.013342
2016,49660,13,-0.00616
2016,49700,13,-0.012069
2016,49740,13,-0.000317
2016,10180,14,-0.007367
2016,10420,14,0.001027
2016,10580,14,0.005078
2016,10740,14,-1.1e-05
2016,10780,14,-0.008219
2016,10900,14,0.008024
2016,11020,14,-0.008579
2016,11260,14,-0.002828
2016,11460,14,-0.013146
2016,11500,14,0.000787
2016,11540,14,0.003077
2016,11700,14,0.006607
2016,12020,14,0.004239
2016,12100,14,0.006837
2016,12220,14,0.010512
2016,12420,14,0.000426
2016,12540,14,-0.013488
2016,12580,14,-0.003578
2016,12620,14,-0.007047
2016,12700,14,-0.003613
2016,12980,14,-0.000655
2016,13020,14,-0.001671
2016,13380,14,0.020187
2016,13460,14,-0.000497
2016,13780,14,-0.006425
2016,14260,14,-0.006659
2016,14500,14,0.001372
2016,14740,14,0.036609
2016,14860,14,-0.00111
2016,15180,14,0.00301
2016,15260,14,0.01315
2016,15380,14,-0.007492
2016,15500,14,0.001731
2016,15540,14,-0.003241
2016,15940,14,-0.006997
2016,15980,14,-0.00137
2016,16020,14,-0.008721
2016,16180,14,0.008073
2016,16220,14,-0.006902
2016,16300,14,0.001736
2016,16700,14,0.011289
2016,16860,14,-0.008283
2016,16940,14,-0.005103
2016,17020,14,0.00201
2016,17420,14,0.001289
2016,17660,14,0.011572
2016,17780,14,0.012188
2016,17820,14,0.003693
2016,17900,14,0.004183
2016,18020,14,0.001682
2016,18700,14,0.011072
2016,19140,14,-0.002169
2016,19340,14,-0.002818
2016,19460,14,-0.001022
2016,19500,14,-0.00113
2016,19740,14,-0.001832
2016,20020,14,0.000895
2016,20100,14,0.003723
2016,20220,14,-0.000445
2016,20740,14,-0.000347
2016,20940,14,-0.012586
2016,21140,14,0.005855
2016,21300,14,-0.018105
2016,21500,14,-0.003682
2016,21660,14,0.012413
2016,21820,14,0.001793
2016,22020,14,0.002078
2016,22140,14,-0.026825
2016,22380,14,0.006632
2016,22420,14,-0.01461
2016,22500,14,-0.011912
2016,22520,14,-0.012324
2016,22540,14,0.006918
2016,22660,14,0.004303
2016,23420,14,-0.000867
2016,23460,14,-0.004101
2016,23580,14,0.00263
2016,24020,14,0.005213
2016,24140,14,-0.010697
2016,24220,14,-0.015498
2016,24300,14,0.011605
2016,24500,14,-0.012049
2016,24540,14,0.003463
2016,24580,14,0.005497
2016,24660,14,-0.007064
2016,25260,14,0.005927
2016,25420,14,0.007071
2016,25500,14,-0.000539
2016,25540,14,-0.000937
2016,25860,14,-0.004774
2016,25980,14,-0.026458
2016,26300,14,0.000935
2016,26380,14,-0.00479
2016,26620,14,0.004151
2016,26980,14,0.001015
2016,27060,14,-0.012363
2016,27100,14,-0.002337
2016,27260,14,0.008393
2016,27340,14,0.004807
2016,27500,14,0.004297
2016,27620,14,-0.001025
2016,27740,14,-0.002402
2016,27780,14,-0.007333
2016,27860,14,-0.001851
2016,27900,14,-0.003837
2016,28100,14,0.009907
2016,28420,14,0.009949
2016,28660,14,0.005694
2016,28700,14,-0.007425
2016,28740,14,0.010637
2016,29100,14,-0.000852
2016,29340,14,-0.000783
2016,29420,14,-0.002894
2016,29460,14,0.009197
2016,29540,14,0.0072
2016,29700,14,-0.003637
2016,29740,14,0.008764
2016,29820,14,-0.010402
2016,29940,14,0.006615
2016,30140,14,0.001584
2016,30300,14,-0.007257
2016,30340,14,0.000347
2016,30460,14,0.00369
2016,30620,14,0.001641
2016,30700,14,-0.000577
2016,30780,14,-0.001983
2016,30860,14,0.009433
2016,31020,14,0.023236
2016,31420,14,-0.006149
2016,31700,14,0.002295
2016,31860,14,-0.000711
2016,31900,14,0.001959
2016,32580,14,5.8e-05
2016,32780,14,0.005422
2016,32900,14,-0.026986
2016,33140,14,-0.001959
2016,33340,14,0.005689
2016,33540,14,0.005839
2016,33700,14,-0.021645
2016,33780,14,-0.007162
2016,33860,14,0.001192
2016,34060,14,-0.00671
2016,34580,14,0.025499
2016,34620,14,-0.012905
2016,34740,14,-0.000111
2016,34900,14,-0.014062
2016,34940,14,0.005624
2016,35300,14,0.002131
2016,35660,14,0.002079
2016,35980,14,0.004787
2016,36100,14,0.011611
2016,36220,14,0.001939
2016,36420,14,-0.000114
2016,36500,14,0.024489
2016,36540,14,0.004036
2016,36740,14,0.002872
2016,36780,14,0.001002
2016,36980,14,-0.002954
2016,37100,14,-0.009881
2016,37340,14,0.015716
2016,37860,14,0.003095
2016,38060,14,-0.015119
2016,38300,14,-0.008383
2016,38340,14,-0.000446
2016,38860,14,0.001468
2016,38900,14,0.010064
2016,38940,14,0.006283
2016,39300,14,0.005079
2016,39340,14,3.2e-05
2016,39380,14,0.01186
2016,39460,14,0.013559
2016,39540,14,0.010826
2016,39580,14,0.000218
2016,39740,14,0.00863
2016,39820,14,-0.004605
2016,39900,14,-0.001166
2016,40140,14,-0.014665
2016,40220,14,-0.004014
2016,40420,14,0.014701
2016,40580,14,-0.016138
2016,40660,14,-0.005242
2016,40900,14,-0.010428
2016,40980,14,-0.007624
2016,41060,14,0.006935
2016,41100,14,-0.001397
2016,41140,14,0.002028
2016,41420,14,0.019823
2016,41500,14,-0.008566
2016,41700,14,0.008754
2016,41740,14,-0.009233
2016,41940,14,-0.012563
2016,42020,14,-0.004977
2016,42100,14,-0.000722
2016,42140,14,0.005673
2016,42220,14,-0.013248
2016,42340,14,0.007491
2016,42540,14,0.001291
2016,42680,14,0.010944
2016,43100,14,0.006949
2016,43300,14,0.006651
2016,43620,14,0.001785
2016,43780,14,0.000963
2016,44100,14,-0.004483
2016,44180,14,0.006983
2016,44220,14,0.000769
2016,44300,14,0.00061
2016,44700,14,-0.021434
2016,45060,14,-0.003131
2016,45220,14,0.006674
2016,45820,14,0.002028
2016,45940,14,0.006866
2016,46060,14,-0.002284
2016,46140,14,0.00389
2016,46340,14,5.3e-05
2016,46540,14,-0.002245
2016,46660,14,-0.000512
2016,46700,14,-0.017673
2016,47220,14,0.009337
2016,47300,14,-0.003888
2016,47940,14,-0.004857
2016,48300,14,0.021026
2016,48540,14,-0.024126
2016,48660,14,-0.015331
2016,48700,14,-0.011442
2016,49020,14,-0.013884
2016,49420,14,0.008603
2016,49620,14,0.010201
2016,49660,14,-0.006868
2016,49700,14,-0.01419
2016,49740,14,0.006892
2016,10180,15,-0.010669
2016,10420,15,0.004491
2016,10580,15,0.001058
2016,10740,15,-0.008515
2016,10780,15,-0.019409
2016,10900,15,0.007808
2016,11020,15,-0.0053
2016,11260,15,-0.014363
2016,11460,15,-0.000945
2016,11500,15,-0.008594
2016,11540,15,0.006294
2016,11700,15,0.002007
2016,12020,15,0.024368
2016,12100,15,-0.007149
2016,12220,15,0.011812
2016,12420,15,0.01801
2016,12540,15,-0.021436
2016,12580,15,-0.021918
2016,12620,15,-0.013551
2016,12700,15,-0.002509
2016,12980,15,0.004356
2016,13020,15,-0.002368
2016,13380,15,0.016555
2016,13460,15,0.008446
2016,13780,15,-0.016397
2016,14260,15,-0.001742
2016,14500,15,0.021422
2016,14740,15,0.038337
2016,14860,15,0.005574
2016,15180,15,0.000728
2016,15260,15,0.011017
2016,15380,15,0.001007
2016,15500,15,0.009891
2016,15540,15,-0.004762
2016,15940,15,-0.001326
2016,15980,15,0.017493
2016,16020,15,-0.013735
2016,16180,15,0.008011
2016,16220,15,-0.026746
2016,16300,15,0.00298
2016,16700,15,0.017665
2016,16860,15,-0.006968
2016,16940,15,-0.008743
2016,17020,15,-0.00839
2016,17420,15,0.003601
2016,17660,15,0.008794
2016,17780,15,0.025271
2016,17820,15,0.016585
2016,17900,15,0.00824
2016,18020,15,0.008816
2016,18700,15,0.013805
2016,19140,15,-0.002757
2016,19340,15,-0.009964
2016,19460,15,-0.002379
2016,19500,15,-0.01601
2016,19740,15,0.023632
2016,20020,15,0.000234
2016,20100,15,-0.005917
2016,20220,15,-0.007444
2016,20740,15,-0.00174
2016,20940,15,-0.013178
2016,21140,15,0.013898
2016,21300,15,-0.012072
2016,21500,15,0.00385
2016,21660,15,0.011168
2016,21820,15,-0.005996
2016,22020,15,0.009668
2016,22140,15,-0.074416
2016,22380,15,-0.000188
2016,22420,15,0.001131
2016,22500,15,-0.017406
2016,22520,15,-0.016071
2016,22540,15,6.4e-05
2016,22660,15,0.029376
2016,23420,15,-0.006477
2016,23460,15,-0.011096
2016,23580,15,0.02095
2016,24020,15,-0.006062
2016,24140,15,-0.017387
2016,24220,15,-0.018436
2016,24300,15,-0.000986
2016,24500,15,-0.02244
2016,24540,15,0.036956
2016,24580,15,0.008035
2016,24660,15,-0.003026
2016,25260,15,0.000142
2016,25420,15,0.014534
2016,25500,15,-0.013573
2016,25540,15,-0.000877
2016,25860,15,-0.005536
2016,25980,15,-0.060101
2016,26300,15,-0.011538
2016,26380,15,-0.015421
2016,26620,15,0.004765
2016,26980,15,0.004045
2016,27060,15,-0.012636
2016,27100,15,0.00852
2016,27260,15,0.011892
2016,27340,15,-0.015516
2016,27500,15,0.002693
2016,27620,15,-0.005049
2016,27740,15,-0.004449
2016,27780,15,-0.007534
2016,27860,15,0.002626
2016,27900,15,-0.002355
2016,28100,15,-0.004293
2016,28420,15,0.018608
2016,28660,15,0.007748
2016,28700,15,-0.017831
2016,28740,15,0.000728
2016,29100,15,-0.006074
2016,29340,15,-0.004772
2016,29420,15,-0.010891
2016,29460,15,0.014994
2016,29540,15,0.01057
2016,29700,15,-0.00135
2016,29740,15,-0.00655
2016,29820,15,0.002679
2016,29940,15,0.009378
2016,30140,15,0.006301
2016,30300,15,-0.019958
2016,30340,15,-0.004863
2016,30460,15,0.011051
2016,30620,15,-0.005647
2016,30700,15,0.008511
2016,30780,15,-0.009852
2016,30860,15,0.018066
2016,31020,15,0.025178
2016,31420,15,-0.006443
2016,31700,15,0.009433
2016,31860,15,-0.002408
2016,31900,15,0.006704
2016,32580,15,0.001302
2016,32780,15,0.004909
2016,32900,15,-0.015821
2016,33140,15,-0.009993
2016,33340,15,-0.000258
2016,33540,15,-0.001042
2016,33700,15,-0.01208
2016,33780,15,0.004982
2016,33860,15,0.002482
2016,34060,15,-0.012192
2016,34580,15,0.022643
2016,34620,15,-0.005725
2016,34740,15,0.013246
2016,34900,15,-0.015758
2016,34940,15,0.017481
2016,35300,15,-0.000798
2016,35660,15,-0.003223
2016,35980,15,0.002346
2016,36100,15,0.010289
2016,36220,15,0.000335
2016,36420,15,0.006113
2016,36500,15,0.016836
2016,36540,15,0.010195
2016,36740,15,0.011825
2016,36780,15,-0.003899
2016,36980,15,0.007956
2016,37100,15,-0.015356
2016,37340,15,0.021879
2016,37860,15,0.002644
2016,38060,15,-0.013252
2016,38300,15,0.000282
2016,38340,15,-0.004258
2016,38860,15,0.006377
2016,38900,15,0.015994
2016,38940,15,0.019364
2016,39300,15,0.0072
2016,39340,15,0.011211
2016,39380,15,0.021055
2016,39460,15,0.028686
2016,39540,15,0.002603
2016,39580,15,0.016535
2016,39740,15,0.00997
2016,39820,15,-0.021778
2016,39900,15,0.009646
2016,40140,15,-0.017854
2016,40220,15,-0.012726
2016,40420,15,0.003521
2016,40580,15,-0.023211
2016,40660,15,-0.003976
2016,40900,15,-0.006442
2016,40980,15,-0.007566
2016,41060,15,0.009183
2016,41100,15,0.002926
2016,41140,15,-0.007406
2016,41420,15,0.024828
2016,41500,15,-0.002592
2016,41700,15,0.014257
2016,41740,15,-0.00998
2016,41940,15,-0.001696
2016,42020,15,-0.009522
2016,42100,15,0.006441
2016,42140,15,-0.001292
2016,42220,15,-0.008873
2016,42340,15,0.00791
2016,42540,15,0.001018
2016,42680,15,0.020377
2016,43100,15,0.002738
2016,43300,15,0.013818
2016,43620,15,0.0073
2016,43780,15,0.002765
2016,44100,15,-0.010575
2016,44180,15,0.009452
2016,44220,15,7e-05
2016,44300,15,0.01229
2016,44700,15,-0.007715
2016,45060,15,-0.00037
2016,45220,15,-6.3e-05
2016,45820,15,-0.004739
2016,45940,15,0.005476
2016,46060,15,-0.009747
2016,46140,15,0.008892
2016,46340,15,0.002704
2016,46540,15,-0.004145
2016,46660,15,-0.016084
2016,46700,15,-0.007146
2016,47220,15,-0.003579
2016,47300,15,-0.01353
2016,47940,15,-0.01017
2016,48300,15,0.016821
2016,48540,15,-0.024677
2016,48660,15,-0.029939
2016,48700,15,-0.013267
2016,49020,15,-0.027352
2016,49420,15,0.004627
2016,49620,15,0.012188
2016,49660,15,-0.007325
2016,49700,15,-0.011532
2016,49740,15,-0.00551
2016,10180,16,-0.011875
2016,10420,16,0.00495
2016,10580,16,0.001824
2016,10740,16,-0.005128
2016,10780,16,-0.016678
2016,10900,16,0.008876
2016,11020,16,-0.007574
2016,11260,16,-0.010043
2016,11460,16,-0.006363
2016,11500,16,-0.005565
2016,11540,16,0.004893
2016,11700,16,0.004387
2016,12020,16,0.018334
2016,12100,16,-0.002893
2016,12220,16,0.013655
2016,12420,16,0.011624
2016,12540,16,-0.02294
2016,12580,16,-0.018694
2016,12620,16,-0.01193
2016,12700,16,-0.003993
2016,12980,16,0.003466
2016,13020,16,-0.000993
2016,13380,16,0.019159
2016,13460,16,0.002414
2016,13780,16,-0.013866
2016,14260,16,-0.005701
2016,14500,16,0.016901
2016,14740,16,0.04203
2016,14860,16,0.003356
2016,15180,16,0.003362
2016,15260,16,0.01372
2016,15380,16,-0.001724
2016,15500,16,0.010613
2016,15540,16,-0.005466
2016,15940,16,-0.003735
2016,15980,16,0.008869
2016,16020,16,-0.013808
2016,16180,16,0.009085
2016,16220,16,-0.022195
2016,16300,16,0.003713
2016,16700,16,0.016488
2016,16860,16,-0.00796
2016,16940,16,-0.007616
2016,17020,16,-0.005041
2016,17420,16,0.003127
2016,17660,16,0.009687
2016,17780,16,0.02276
2016,17820,16,0.015006
2016,17900,16,0.009171
2016,18020,16,0.005467
2016,18700,16,0.013692
2016,19140,16,-0.001018
2016,19340,16,-0.008656
2016,19460,16,-0.001207
2016,19500,16,-0.011352
2016,19740,16,0.017434
2016,20020,16,0.000101
2016,20100,16,-0.002701
2016,20220,16,-0.004705
2016,20740,16,-0.002693
2016,20940,16,-0.014996
2016,21140,16,0.011889
2016,21300,16,-0.01835
2016,21500,16,0.002572
2016,21660,16,0.013521
2016,21820,16,-0.002767
2016,22020,16,0.00612
2016,22140,16,-0.060925
2016,22380,16,0.000644
2016,22420,16,-0.005808
2016,22500,16,-0.015639
2016,22520,16,-0.016828
2016,22540,16,0.002928
2016,22660,16,0.023749
2016,23420,16,-0.00554
2016,23460,16,-0.009917
2016,23580,16,0.016946
2016,24020,16,-0.003564
2016,24140,16,-0.015244
2016,24220,16,-0.022629
2016,24300,16,0.004293
2016,24500,16,-0.020731
2016,24540,16,0.02905
2016,24580,16,0.007739
2016,24660,16,-0.002612
2016,25260,16,0.001556
2016,25420,16,0.013686
2016,25500,16,-0.01025
2016,25540,16,-0.000438
2016,25860,16,-0.003721
2016,25980,16,-0.050765
2016,26300,16,-0.007748
2016,26380,16,-0.01363
2016,26620,16,0.005705
2016,26980,16,0.003807
2016,27060,16,-0.015929
2016,27100,16,0.005303
2016,27260,16,0.010385
2016,27340,16,-0.008968
2016,27500,16,0.003627
2016,27620,16,-0.003431
2016,27740,16,-0.005245
2016,27780,16,-0.008956
2016,27860,16,0.0023
2016,27900,16,-0.004281
2016,28100,16,0.001262
2016,28420,16,0.019783
2016,28660,16,0.008119
2016,28700,16,-0.01482
2016,28740,16,0.004973
2016,29100,16,-0.005953
2016,29340,16,-0.004307
2016,29420,16,-0.011703
2016,29460,16,0.012373
2016,29540,16,0.011301
2016,29700,16,-0.002558
2016,29740,16,0.000819
2016,29820,16,-0.004258
2016,29940,16,0.010017
2016,30140,16,0.004847
2016,30300,16,-0.017584
2016,30340,16,-0.002571
2016,30460,16,0.009688
2016,30620,16,-0.002455
2016,30700,16,0.006283
2016,30780,16,-0.006205
2016,30860,16,0.017853
2016,31020,16,0.029613
2016,31420,16,-0.005191
2016,31700,16,0.008443
2016,31860,16,-0.002518
2016,31900,16,0.006182
2016,32580,16,0.002003
2016,32780,16,0.005523
2016,32900,16,-0.022787
2016,33140,16,-0.007002
2016,33340,16,0.001237
2016,33540,16,0.00105
2016,33700,16,-0.018923
2016,33780,16,0.000861
2016,33860,16,0.002026
2016,34060,16,-0.012109
2016,34580,16,0.028591
2016,34620,16,-0.010317
2016,34740,16,0.009637
2016,34900,16,-0.017604
2016,34940,16,0.012697
2016,35300,16,0.000479
2016,35660,16,-0.001974
2016,35980,16,0.004015
2016,36100,16,0.011178
2016,36220,16,-0.0032
2016,36420,16,0.00394
2016,36500,16,0.024768
2016,36540,16,0.009899
2016,36740,16,0.006581
2016,36780,16,-0.002253
2016,36980,16,0.004177
2016,37100,16,-0.015719
2016,37340,16,0.020599
2016,37860,16,0.003038
2016,38060,16,-0.01928
2016,38300,16,-0.002529
2016,38340,16,-0.004038
2016,38860,16,0.004607
2016,38900,16,0.015167
2016,38940,16,0.013959
2016,39300,16,0.007255
2016,39340,16,0.007465
2016,39380,16,0.02335
2016,39460,16,0.025016
2016,39540,16,0.006097
2016,39580,16,0.012316
2016,39740,16,0.011205
2016,39820,16,-0.017301
2016,39900,16,0.004732
2016,40140,16,-0.020808
2016,40220,16,-0.01014
2016,40420,16,0.010086
2016,40580,16,-0.020715
2016,40660,16,-0.003023
2016,40900,16,-0.009693
2016,40980,16,-0.007287
2016,41060,16,0.008725
2016,41100,16,-5.7e-05
2016,41140,16,-0.002887
2016,41420,16,0.027818
2016,41500,16,-0.004271
2016,41700,16,0.013425
2016,41740,16,-0.011253
2016,41940,16,-0.006384
2016,42020,16,-0.009239
2016,42100,16,0.005309
2016,42140,16,0.002535
2016,42220,16,-0.010749
2016,42340,16,0.008248
2016,42540,16,0.002084
2016,42680,16,0.017953
2016,43100,16,0.004422
2016,43300,16,0.012947
2016,43620,16,0.006202
2016,43780,16,0.00186
2016,44100,16,-0.009587
2016,44180,16,0.010014
2016,44220,16,0.001361
2016,44300,16,0.008702
2016,44700,16,-0.015417
2016,45060,16,-0.000678
2016,45220,16,0.001925
2016,45820,16,-0.001517
2016,45940,16,0.007177
2016,46060,16,-0.008115
2016,46140,16,0.009129
2016,46340,16,0.001812
2016,46540,16,-0.003613
2016,46660,16,-0.009802
2016,46700,16,-0.012552
2016,47220,16,0.002173
2016,47300,16,-0.011122
2016,47940,16,-0.009426
2016,48300,16,0.020834
2016,48540,16,-0.028041
2016,48660,16,-0.025691
2016,48700,16,-0.014104
2016,49020,16,-0.026957
2016,49420,16,0.009932
2016,49620,16,0.013771
2016,49660,16,-0.007661
2016,49700,16,-0.015452
2016,49740,16,-0.00104
2016,10180,17,-0.007367
2016,10420,17,0.001027
2016,10580,17,0.005078
2016,10740,17,-1.1e-05
2016,10780,17,-0.008219
2016,10900,17,0.008024
2016,11020,17,-0.008579
2016,11260,17,-0.002828
2016,11460,17,-0.013146
2016,11500,17,0.000787
2016,11540,17,0.003077
2016,11700,17,0.006607
2016,12020,17,0.004239
2016,12100,17,0.006837
2016,12220,17,0.010512
2016,12420,17,0.000426
2016,12540,17,-0.013488
2016,12580,17,-0.003578
2016,12620,17,-0.007047
2016,12700,17,-0.003613
2016,12980,17,-0.000655
2016,13020,17,-0.001671
2016,13380,17,0.020187
2016,13460,17,-0.000497
2016,13780,17,-0.006425
2016,14260,17,-0.006659
2016,14500,17,0.001372
2016,14740,17,0.036609
2016,14860,17,-0.00111
2016,15180,17,0.00301
2016,15260,17,0.01315
2016,15380,17,-0.007492
2016,15500,17,0.001731
2016,15540,17,-0.003241
2016,15940,17,-0.006997
2016,15980,17,-0.00137
2016,16020,17,-0.008721
2016,16180,17,0.008073
2016,16220,17,-0.006902
2016,16300,17,0.001736
2016,16700,17,0.011289
2016,16860,17,-0.008283
2016,16940,17,-0.005103
2016,17020,17,0.00201
2016,17420,17,0.001289
2016,17660,17,0.011572
2016,17780,17,0.012188
2016,17820,17,0.003693
2016,17900,17,0.004183
2016,18020,17,0.001682
2016,18700,17,0.011072
2016,19140,17,-0.002169
2016,19340,17,-0.002818
2016,19460,17,-0.001022
2016,19500,17,-0.00113
2016,19740,17,-0.001832
2016,20020,17,0.000895
2016,20100,17,0.003723
2016,20220,17,-0.000445
2016,20740,17,-0.000347
2016,20940,17,-0.012586
2016,21140,17,0.005855
2016,21300,17,-0.018105
2016,21500,17,-0.003682
2016,21660,17,0.012413
2016,21820,17,0.001793
2016,22020,17,0.002078
2016,22140,17,-0.026825
2016,22380,17,0.006632
2016,22420,17,-0.01461
2016,22500,17,-0.011912
2016,22520,17,-0.012324
2016,22540,17,0.006918
2016,22660,17,0.004303
2016,23420,17,-0.000867
2016,23460,17,-0.004101
2016,23580,17,0.00263
2016,24020,17,0.005213
2016,24140,17,-0.010697
2016,24220,17,-0.015498
2016,24300,17,0.011605
2016,24500,17,-0.012049
2016,24540,17,0.003463
2016,24580,17,0.005497
2016,24660,17,-0.007064
2016,25260,17,0.005927
2016,25420,17,0.007071
2016,25500,17,-0.000539
2016,25540,17,-0.000937
2016,25860,17,-0.004774
2016,25980,17,-0.026458
2016,26300,17,0.000935
2016,26380,17,-0.00479
2016,26620,17,0.004151
2016,26980,17,0.001015
2016,27060,17,-0.012363
2016,27100,17,-0.002337
2016,27260,17,0.008393
2016,27340,17,0.004807
2016,27500,17,0.004297
2016,27620,17,-0.001025
2016,27740,17,-0.002402
2016,27780,17,-0.007333
2016,27860,17,-0.001851
2016,27900,17,-0.003837
2016,28100,17,0.009907
2016,28420,17,0.009949
2016,28660,17,0.005694
2016,28700,17,-0.007425
2016,28740,17,0.010637
2016,29100,17,-0.000852
2016,29340,17,-0.000783
2016,29420,17,-0.002894
2016,29460,17,0.009197
2016,29540,17,0.0072
2016,29700,17,-0.003637
2016,29740,17,0.008764
2016,29820,17,-0.010402
2016,29940,17,0.006615
2016,30140,17,0.001584
2016,30300,17,-0.007257
2016,30340,17,0.000347
2016,30460,17,0.00369
2016,30620,17,0.001641
2016,30700,17,-0.000577
2016,30780,17,-0.001983
2016,30860,17,0.009433
2016,31020,17,0.023236
2016,31420,17,-0.006149
2016,31700,17,0.002295
2016,31860,17,-0.000711
2016,31900,17,0.001959
2016,32580,17,5.8e-05
2016,32780,17,0.005422
2016,32900,17,-0.026986
2016,33140,17,-0.001959
2016,33340,17,0.005689
2016,33540,17,0.005839
2016,33700,17,-0.021645
2016,33780,17,-0.007162
2016,33860,17,0.001192
2016,34060,17,-0.00671
2016,34580,17,0.025499
2016,34620,17,-0.012905
2016,34740,17,-0.000111
2016,34900,17,-0.014062
2016,34940,17,0.005624
2016,35300,17,0.002131
2016,35660,17,0.002079
2016,35980,17,0.004787
2016,36100,17,0.011611
2016,36220,17,0.001939
2016,36420,17,-0.000114
2016,36500,17,0.024489
2016,36540,17,0.004036
2016,36740,17,0.002872
2016,36780,17,0.001002
2016,36980,17,-0.002954
2016,37100,17,-0.009881
2016,37340,17,0.015716
2016,37860,17,0.003095
2016,38060,17,-0.015119
2016,38300,17,-0.008383
2016,38340,17,-0.000446
2016,38860,17,0.001468
2016,38900,17,0.010064
2016,38940,17,0.006283
2016,39300,17,0.005079
2016,39340,17,3.2e-05
2016,39380,17,0.01186
2016,39460,17,0.013559
2016,39540,17,0.010826
2016,39580,17,0.000218
2016,39740,17,0.00863
2016,39820,17,-0.004605
2016,39900,17,-0.001166
2016,40140,17,-0.014665
2016,40220,17,-0.004014
2016,40420,17,0.014701
2016,40580,17,-0.016138
2016,40660,17,-0.005242
2016,40900,17,-0.010428
2016,40980,17,-0.007624
2016,41060,17,0.006935
2016,41100,17,-0.001397
2016,41140,17,0.002028
2016,41420,17,0.019823
2016,41500,17,-0.008566
2016,41700,17,0.008754
2016,41740,17,-0.009233
2016,41940,17,-0.012563
2016,42020,17,-0.004977
2016,42100,17,-0.000722
2016,42140,17,0.005673
2016,42220,17,-0.013248
2016,42340,17,0.007491
2016,42540,17,0.001291
2016,42680,17,0.010944
2016,43100,17,0.006949
2016,43300,17,0.006651
2016,43620,17,0.001785
2016,43780,17,0.000963
2016,44100,17,-0.004483
2016,44180,17,0.006983
2016,44220,17,0.000769
2016,44300,17,0.00061
2016,44700,17,-0.021434
2016,45060,17,-0.003131
2016,45220,17,0.006674
2016,45820,17,0.002028
2016,45940,17,0.006866
2016,46060,17,-0.002284
2016,46140,17,0.00389
2016,46340,17,5.3e-05
2016,46540,17,-0.002245
2016,46660,17,-0.000512
2016,46700,17,-0.017673
2016,47220,17,0.009337
2016,47300,17,-0.003888
2016,47940,17,-0.004857
2016,48300,17,0.021026
2016,48540,17,-0.024126
2016,48660,17,-0.015331
2016,48700,17,-0.011442
2016,49020,17,-0.013884
2016,49420,17,0.008603
2016,49620,17,0.010201
2016,49660,17,-0.006868
2016,49700,17,-0.01419
2016,49740,17,0.006892
2016,10180,18,-0.011721
2016,10420,18,0.004859
2016,10580,18,0.002021
2016,10740,18,-0.004601
2016,10780,18,-0.016005
2016,10900,18,0.008892
2016,11020,18,-0.007778
2016,11260,18,-0.009235
2016,11460,18,-0.007084
2016,11500,18,-0.004834
2016,11540,18,0.004575
2016,11700,18,0.004877
2016,12020,18,0.016812
2016,12100,18,-0.002251
2016,12220,18,0.013641
2016,12420,18,0.010363
2016,12540,18,-0.022784
2016,12580,18,-0.017698
2016,12620,18,-0.011493
2016,12700,18,-0.004164
2016,12980,18,0.003035
2016,13020,18,-0.00071
2016,13380,18,0.019437
2016,13460,18,0.001455
2016,13780,18,-0.013187
2016,14260,18,-0.006509
2016,14500,18,0.015934
2016,14740,18,0.042469
2016,14860,18,0.002684
2016,15180,18,0.003571
2016,15260,18,0.013785
2016,15380,18,-0.002173
2016,15500,18,0.010523
2016,15540,18,-0.005293
2016,15940,18,-0.00431
2016,15980,18,0.007783
2016,16020,18,-0.013697
2016,16180,18,0.008932
2016,16220,18,-0.020772
2016,16300,18,0.003892
2016,16700,18,0.016128
2016,16860,18,-0.008099
2016,16940,18,-0.007194
2016,17020,18,-0.004495
2016,17420,18,0.003099
2016,17660,18,0.009793
2016,17780,18,0.022081
2016,17820,18,0.014396
2016,17900,18,0.009038
2016,18020,18,0.005027
2016,18700,18,0.013482
2016,19140,18,-0.000691
2016,19340,18,-0.008053
2016,19460,18,-0.000992
2016,19500,18,-0.010176
2016,19740,18,0.016068
2016,20020,18,-6e-05
2016,20100,18,-0.002214
2016,20220,18,-0.003866
2016,20740,18,-0.002674
2016,20940,18,-0.014917
2016,21140,18,0.011457
2016,21300,18,-0.019171
2016,21500,18,0.002312
2016,21660,18,0.013588
2016,21820,18,-0.002103
2016,22020,18,0.005402
2016,22140,18,-0.058233
2016,22380,18,0.000848
2016,22420,18,-0.007158
2016,22500,18,-0.015243
2016,22520,18,-0.016773
2016,22540,18,0.003459
2016,22660,18,0.022494
2016,23420,18,-0.005274
2016,23460,18,-0.009457
2016,23580,18,0.015567
2016,24020,18,-0.002942
2016,24140,18,-0.014846
2016,24220,18,-0.022992
2016,24300,18,0.005088
2016,24500,18,-0.020124
2016,24540,18,0.027302
2016,24580,18,0.00763
2016,24660,18,-0.002743
2016,25260,18,0.001699
2016,25420,18,0.013332
2016,25500,18,-0.009442
2016,25540,18,-0.000394
2016,25860,18,-0.003472
2016,25980,18,-0.049216
2016,26300,18,-0.007012
2016,26380,18,-0.013137
2016,26620,18,0.005611
2016,26980,18,0.003581
2016,27060,18,-0.016235
2016,27100,18,0.00452
2016,27260,18,0.009984
2016,27340,18,-0.007804
2016,27500,18,0.003766
2016,27620,18,-0.003005
2016,27740,18,-0.005247
2016,27780,18,-0.009013
2016,27860,18,0.002125
2016,27900,18,-0.004555
2016,28100,18,0.002367
2016,28420,18,0.019578
2016,28660,18,0.008126
2016,28700,18,-0.013953
2016,28740,18,0.00566
2016,29100,18,-0.005563
2016,29340,18,-0.004001
2016,29420,18,-0.011314
2016,29460,18,0.011837
2016,29540,18,0.011317
2016,29700,18,-0.003053
2016,29740,18,0.001992
2016,29820,18,-0.005269
2016,29940,18,0.009994
2016,30140,18,0.004547
2016,30300,18,-0.016982
2016,30340,18,-0.001988
2016,30460,18,0.009357
2016,30620,18,-0.001786
2016,30700,18,0.005645
2016,30780,18,-0.005585
2016,30860,18,0.017622
2016,31020,18,0.029971
2016,31420,18,-0.005204
2016,31700,18,0.008145
2016,31860,18,-0.002518
2016,31900,18,0.005883
2016,32580,18,0.001952
2016,32780,18,0.005331
2016,32900,18,-0.02344
2016,33140,18,-0.006486
2016,33340,18,0.001551
2016,33540,18,0.001674
2016,33700,18,-0.019669
2016,33780,18,-1.2e-05
2016,33860,18,0.001848
2016,34060,18,-0.011537
2016,34580,18,0.029033
2016,34620,18,-0.011284
2016,34740,18,0.008626
2016,34900,18,-0.017577
2016,34940,18,0.011939
2016,35300,18,0.000683
2016,35660,18,-0.001693
2016,35980,18,0.00406
2016,36100,18,0.011155
2016,36220,18,-0.003175
2016,36420,18,0.003344
2016,36500,18,0.025543
2016,36540,18,0.009658
2016,36740,18,0.00559
2016,36780,18,-0.00192
2016,36980,18,0.003661
2016,37100,18,-0.015584
2016,37340,18,0.02057
2016,37860,18,0.003046
2016,38060,18,-0.019783
2016,38300,18,-0.002963
2016,38340,18,-0.003917
2016,38860,18,0.004296
2016,38900,18,0.014721
2016,38940,18,0.013327
2016,39300,18,0.007236
2016,39340,18,0.006772
2016,39380,18,0.023547
2016,39460,18,0.024426
2016,39540,18,0.00668
2016,39580,18,0.011163
2016,39740,18,0.01127
2016,39820,18,-0.016376
2016,39900,18,0.003843
2016,40140,18,-0.020768
2016,40220,18,-0.009621
2016,40420,18,0.011024
2016,40580,18,-0.020191
2016,40660,18,-0.002893
2016,40900,18,-0.010086
2016,40980,18,-0.007253
2016,41060,18,0.008496
2016,41100,18,-0.000648
2016,41140,18,-0.002033
2016,41420,18,0.027784
2016,41500,18,-0.004538
2016,41700,18,0.013252
2016,41740,18,-0.011311
2016,41940,18,-0.007189
2016,42020,18,-0.009025
2016,42100,18,0.005027
2016,42140,18,0.003004
2016,42220,18,-0.011022
2016,42340,18,0.008204
2016,42540,18,0.002232
2016,42680,18,0.017448
2016,43100,18,0.004781
2016,43300,18,0.013027
2016,43620,18,0.005753
2016,43780,18,0.001695
2016,44100,18,-0.009009
2016,44180,18,0.00987
2016,44220,18,0.001524
2016,44300,18,0.007799
2016,44700,18,-0.016324
2016,45060,18,-0.000771
2016,45220,18,0.00218
2016,45820,18,-0.000813
2016,45940,18,0.007192
2016,46060,18,-0.007913
2016,46140,18,0.008879
2016,46340,18,0.001636
2016,46540,18,-0.003439
2016,46660,18,-0.008585
2016,46700,18,-0.013277
2016,47220,18,0.00293
2016,47300,18,-0.010521
2016,47940,18,-0.00903
2016,48300,18,0.021336
2016,48540,18,-0.028188
2016,48660,18,-0.024906
2016,48700,18,-0.013645
2016,49020,18,-0.026386
2016,49420,18,0.010598
2016,49620,18,0.013765
2016,49660,18,-0.007708
2016,49700,18,-0.015999
2016,49740,18,-0.000316
2016,10180,19,-0.010892
2016,10420,19,0.004977
2016,10580,19,0.001541
2016,10740,19,-0.003548
2016,10780,19,-0.01522
2016,10900,19,0.00876
2016,11020,19,-0.007461
2016,11260,19,-0.008855
2016,11460,19,-0.007143
2016,11500,19,-0.004037
2016,11540,19,0.004084
2016,11700,19,0.004219
2016,12020,19,0.01684
2016,12100,19,-0.002471
2016,12220,19,0.013108
2016,12420,19,0.008148
2016,12540,19,-0.022111
2016,12580,19,-0.017192
2016,12620,19,-0.010575
2016,12700,19,-0.004709
2016,12980,19,0.002544
2016,13020,19,-0.000357
2016,13380,19,0.018562
2016,13460,19,-0.000359
2016,13780,19,-0.011575
2016,14260,19,-0.007027
2016,14500,19,0.014806
2016,14740,19,0.041639
2016,14860,19,0.002329
2016,15180,19,0.003619
2016,15260,19,0.013617
2016,15380,19,-0.002486
2016,15500,19,0.011139
2016,15540,19,-0.005523
2016,15940,19,-0.004222
2016,15980,19,0.006123
2016,16020,19,-0.012816
2016,16180,19,0.008038
2016,16220,19,-0.020322
2016,16300,19,0.004653
2016,16700,19,0.014308
2016,16860,19,-0.007783
2016,16940,19,-0.007053
2016,17020,19,-0.004109
2016,17420,19,0.00315
2016,17660,19,0.00916
2016,17780,19,0.020682
2016,17820,19,0.014222
2016,17900,19,0.009062
2016,18020,19,0.004646
2016,18700,19,0.012939
2016,19140,19,0.000838
2016,19340,19,-0.007744
2016,19460,19,-0.000739
2016,19500,19,-0.009378
2016,19740,19,0.014499
2016,20020,19,-0.000267
2016,20100,19,-0.002272
2016,20220,19,-0.003119
2016,20740,19,-0.002923
2016,20940,19,-0.014966
2016,21140,19,0.011026
2016,21300,19,-0.018258
2016,21500,19,0.002247
2016,21660,19,0.013339
2016,21820,19,-0.001075
2016,22020,19,0.002984
2016,22140,19,-0.05664
2016,22380,19,0.000513
2016,22420,19,-0.007473
2016,22500,19,-0.014061
2016,22520,19,-0.016456
2016,22540,19,0.003351
2016,22660,19,0.02099
2016,23420,19,-0.004918
2016,23460,19,-0.009059
2016,23580,19,0.014798
2016,24020,19,-0.003368
2016,24140,19,-0.013741
2016,24220,19,-0.024282
2016,24300,19,0.00537
2016,24500,19,-0.019371
2016,24540,19,0.025603
2016,24580,19,0.007315
2016,24660,19,-0.001921
2016,25260,19,0.001801
2016,25420,19,0.012936
2016,25500,19,-0.009091
2016,25540,19,5.5e-05
2016,25860,19,-0.002411
2016,25980,19,-0.047985
2016,26300,19,-0.00657
2016,26380,19,-0.01271
2016,26620,19,0.005059
2016,26980,19,0.003085
2016,27060,19,-0.016157
2016,27100,19,0.004213
2016,27260,19,0.009138
2016,27340,19,-0.006417
2016,27500,19,0.003587
2016,27620,19,-0.002243
2016,27740,19,-0.005221
2016,27780,19,-0.008211
2016,27860,19,0.002567
2016,27900,19,-0.004107
2016,28100,19,0.002884
2016,28420,19,0.019411
2016,28660,19,0.008475
2016,28700,19,-0.013032
2016,28740,19,0.005425
2016,29100,19,-0.005582
2016,29340,19,-0.004101
2016,29420,19,-0.011251
2016,29460,19,0.011316
2016,29540,19,0.01106
2016,29700,19,-0.003633
2016,29740,19,0.003223
2016,29820,19,-0.004999
2016,29940,19,0.010298
2016,30140,19,0.00495
2016,30300,19,-0.016081
2016,30340,19,-0.001209
2016,30460,19,0.008883
2016,30620,19,-0.001802
2016,30700,19,0.004869
2016,30780,19,-0.004845
2016,30860,19,0.017888
2016,31020,19,0.029518
2016,31420,19,-0.003857
2016,31700,19,0.007776
2016,31860,19,-0.002512
2016,31900,19,0.005916
2016,32580,19,0.002328
2016,32780,19,0.00492
2016,32900,19,-0.022685
2016,33140,19,-0.006531
2016,33340,19,0.001288
2016,33540,19,0.001922
2016,33700,19,-0.018874
2016,33780,19,-0.000361
2016,33860,19,0.001958
2016,34060,19,-0.010829
2016,34580,19,0.028017
2016,34620,19,-0.010865
2016,34740,19,0.007639
2016,34900,19,-0.017228
2016,34940,19,0.008715
2016,35300,19,0.000921
2016,35660,19,-0.001991
2016,35980,19,0.004038
2016,36100,19,0.010941
2016,36220,19,-0.003779
2016,36420,19,0.002757
2016,36500,19,0.025083
2016,36540,19,0.009444
2016,36740,19,0.004243
2016,36780,19,-0.002019
2016,36980,19,0.003355
2016,37100,19,-0.015123
2016,37340,19,0.019143
2016,37860,19,0.002677
2016,38060,19,-0.019255
2016,38300,19,-0.003364
2016,38340,19,-0.003943
2016,38860,19,0.003675
2016,38900,19,0.013184
2016,38940,19,0.011486
2016,39300,19,0.006898
2016,39340,19,0.006532
2016,39380,19,0.024032
2016,39460,19,0.023041
2016,39540,19,0.006624
2016,39580,19,0.010281
2016,39740,19,0.011136
2016,39820,19,-0.015726
2016,39900,19,0.00242
2016,40140,19,-0.020306
2016,40220,19,-0.00874
2016,40420,19,0.011432
2016,40580,19,-0.018089
2016,40660,19,-0.001188
2016,40900,19,-0.009547
2016,40980,19,-0.006578
2016,41060,19,0.008551
2016,41100,19,-0.00128
2016,41140,19,-0.001176
2016,41420,19,0.027325
2016,41500,19,-0.004422
2016,41700,19,0.0123
2016,41740,19,-0.011123
2016,41940,19,-0.008511
2016,42020,19,-0.008822
2016,42100,19,0.004554
2016,42140,19,0.003676
2016,42220,19,-0.010988
2016,42340,19,0.008132
2016,42540,19,0.002526
2016,42680,19,0.016015
2016,43100,19,0.005066
2016,43300,19,0.013311
2016,43620,19,0.004545
2016,43780,19,0.001637
2016,44100,19,-0.008676
2016,44180,19,0.009724
2016,44220,19,0.001795
2016,44300,19,0.006313
2016,44700,19,-0.015405
2016,45060,19,-0.000614
2016,45220,19,0.00204
2016,45820,19,5.9e-05
2016,45940,19,0.006752
2016,46060,19,-0.006891
2016,46140,19,0.008681
2016,46340,19,0.002093
2016,46540,19,-0.003373
2016,46660,19,-0.007473
2016,46700,19,-0.012789
2016,47220,19,0.002634
2016,47300,19,-0.00998
2016,47940,19,-0.008356
2016,48300,19,0.020726
2016,48540,19,-0.027269
2016,48660,19,-0.023654
2016,48700,19,-0.013103
2016,49020,19,-0.02593
2016,49420,19,0.011303
2016,49620,19,0.013608
2016,49660,19,-0.007153
2016,49700,19,-0.01524
2016,49740,19,0.000182
2017,10180,0,-0.008971
2017,10420,0,0.000378
2017,10580,0,0.002589
2017,10740,0,0.00521
2017,10780,0,-0.008527
2017,10900,0,0.007341
2017,11020,0,-0.003704
2017,11260,0,0.002883
2017,11460,0,0.001656
2017,11500,0,-0.006941
2017,11540,0,0.005281
2017,11700,0,0.004854
2017,12020,0,0.009869
2017,12100,0,-0.00623
2017,12220,0,0.016955
2017,12420,0,0.006345
2017,12540,0,-0.033262
2017,12580,0,-0.016707
2017,12620,0,-0.00118
2017,12700,0,-0.003872
2017,12980,0,0.004579
2017,13020,0,-0.008733
2017,13380,0,0.024744
2017,13460,0,0.011128
2017,13780,0,-0.006003
2017,14260,0,-0.008375
2017,14500,0,0.009696
2017,14740,0,0.027325
2017,14860,0,-0.002004
2017,15180,0,0.00118
2017,15260,0,0.011506
2017,15380,0,-0.000794
2017,15500,0,0.009602
2017,15540,0,-0.007522
2017,15940,0,-0.00343
2017,15980,0,0.002951
2017,16020,0,-0.001304
2017,16180,0,-0.012416
2017,16220,0,-0.057254
2017,16300,0,0.004227
2017,16700,0,0.005597
2017,16860,0,0.000139
2017,16940,0,0.002813
2017,17020,0,0.002474
2017,17420,0,-9.2e-05
2017,17660,0,0.0132
2017,17780,0,0.01517
2017,17820,0,0.024701
2017,17900,0,0.003982
2017,18020,0,-0.002405
2017,18700,0,0.01474
2017,19340,0,-0.00434
2017,19460,0,-0.008771
2017,19500,0,-0.006951
2017,19740,0,0.005213
2017,20020,0,-0.006519
2017,20100,0,-0.001058
2017,20220,0,-0.005488
2017,20740,0,0.007843
2017,20940,0,-0.00694
2017,21140,0,0.003505
2017,21300,0,-0.012685
2017,21500,0,-0.005572
2017,21660,0,0.02355
2017,21820,0,0.018856
2017,22020,0,-0.000774
2017,22140,0,-0.039498
2017,22380,0,-0.006998
2017,22420,0,-0.009477
2017,22500,0,-0.009757
2017,22520,0,-0.00663
2017,22540,0,0.005518
2017,22660,0,0.014775
2017,23420,0,-0.012773
2017,23460,0,-0.009794
2017,23580,0,0.002195
2017,24020,0,-0.013024
2017,24220,0,-0.021645
2017,24300,0,0.005018
2017,24500,0,-0.01574
2017,24540,0,0.032057
2017,24580,0,0.010829
2017,24660,0,0.003594
2017,25420,0,0.009688
2017,25500,0,-0.002016
2017,25540,0,-0.003227
2017,25860,0,0.003441
2017,25980,0,-0.01638
2017,26300,0,-0.007088
2017,26380,0,-0.017284
2017,26620,0,0.010292
2017,26980,0,0.00346
2017,27060,0,0.003574
2017,27100,0,-0.013554
2017,27260,0,0.008702
2017,27340,0,0.005832
2017,27500,0,0.005144
2017,27740,0,-0.003514
2017,27780,0,-0.002796
2017,27860,0,0.010274
2017,27900,0,-0.002653
2017,28100,0,-0.001058
2017,28420,0,0.031366
2017,28660,0,0.014995
2017,28700,0,-0.013357
2017,28740,0,-0.000223
2017,29100,0,-0.00058
2017,29340,0,0.003567
2017,29420,0,-0.018824
2017,29460,0,0.008571
2017,29540,0,0.007866
2017,29700,0,-0.001549
2017,29740,0,0.008432
2017,29820,0,-0.020928
2017,29940,0,0.01477
2017,30140,0,0.016012
2017,30300,0,-0.002821
2017,30340,0,0.00818
2017,30460,0,0.012687
2017,30620,0,-0.005054
2017,30700,0,0.007704
2017,30780,0,0.000657
2017,30860,0,0.028057
2017,31020,0,0.028967
2017,31420,0,-0.004344
2017,31700,0,0.007507
2017,31860,0,0.000407
2017,32580,0,0.012645
2017,32780,0,0.007546
2017,32900,0,-0.027571
2017,33140,0,-0.010292
2017,33340,0,-0.001208
2017,33540,0,0.013371
2017,33700,0,-0.022034
2017,33780,0,-0.005088
2017,33860,0,0.001043
2017,34060,0,-0.011277
2017,34580,0,0.026324
2017,34620,0,0.004678
2017,34740,0,0.004482
2017,34940,0,-0.013436
2017,35300,0,-0.003038
2017,35660,0,-0.004795
2017,35840,0,0.001385
2017,35980,0,0.00297
2017,36100,0,0.003465
2017,36220,0,-0.076014
2017,36420,0,0.001477
2017,36500,0,0.034323
2017,36540,0,0.008648
2017,36740,0,-0.001454
2017,36780,0,0.003891
2017,36980,0,0.000796
2017,37100,0,-0.015278
2017,37340,0,0.006169
2017,37860,0,0.006539
2017,38060,0,-0.023297
2017,38300,0,-0.002814
2017,38340,0,-0.008287
2017,38860,0,0.00549
2017,38900,0,0.013263
2017,38940,0,0.011574
2017,39300,0,0.004496
2017,39340,0,0.017653
2017,39380,0,0.018641
2017,39460,0,0.016228
2017,39540,0,0.00676
2017,39580,0,0.018421
2017,39740,0,0.002157
2017,39820,0,-0.019276
2017,39900,0,-0.013105
2017,40140,0,-0.018872
2017,40420,0,0.007788
2017,40660,0,0.00166
2017,40900,0,-0.010327
2017,40980,0,0.002869
2017,41060,0,0.004096
2017,41100,0,0.010877
2017,41140,0,-0.000574
2017,41420,0,0.031891
2017,41500,0,-0.006355
2017,41700,0,0.012605
2017,41740,0,-0.007652
2017,41940,0,-0.019815
2017,42020,0,-0.007656
2017,42100,0,-0.009952
2017,42140,0,0.012102
2017,42220,0,-0.020357
2017,42340,0,0.001293
2017,42540,0,-0.000832
2017,42680,0,0.013585
2017,43100,0,0.004909
2017,43620,0,0.007522
2017,43780,0,0.008907
2017,44100,0,-0.008015
2017,44180,0,0.001065
2017,44220,0,-0.003975
2017,44300,0,0.006527
2017,44700,0,-0.016631
2017,45060,0,-0.001479
2017,45220,0,-0.003263
2017,45820,0,-0.003779
2017,45940,0,0.004241
2017,46060,0,-0.002013
2017,46140,0,-8.3e-05
2017,46340,0,0.010008
2017,46540,0,0.001138
2017,46660,0,-0.00447
2017,46700,0,-0.017843
2017,47220,0,-0.003234
2017,47300,0,-0.014643
2017,47940,0,-0.01508
2017,48300,0,0.013122
2017,48540,0,-0.027913
2017,48660,0,0.00588
2017,48700,0,-0.012016
2017,49020,0,-0.009296
2017,49420,0,0.015781
2017,49620,0,0.009258
2017,49660,0,-0.002762
2017,49740,0,-0.001726
2017,10180,1,-0.009012
2017,10420,1,0.001854
2017,10580,1,6e-06
2017,10740,1,0.001198
2017,10780,1,-0.007753
2017,10900,1,0.008635
2017,11020,1,-0.004857
2017,11260,1,-0.004202
2017,11460,1,0.005389
2017,11500,1,-0.005986
2017,11540,1,0.002824
2017,11700,1,0.002909
2017,12020,1,0.008928
2017,12100,1,-0.005575
2017,12220,1,0.015246
2017,12420,1,0.00733
2017,12540,1,-0.023617
2017,12580,1,-0.01738
2017,12620,1,-0.002927
2017,12700,1,-0.00309
2017,12980,1,0.005089
2017,13020,1,-0.005871
2017,13380,1,0.015696
2017,13460,1,0.009751
2017,13780,1,-0.004964
2017,14260,1,-0.002278
2017,14500,1,0.004799
2017,14740,1,0.020153
2017,14860,1,-0.001435
2017,15180,1,0.002933
2017,15260,1,0.010202
2017,15380,1,-0.002237
2017,15500,1,0.00731
2017,15540,1,-0.009358
2017,15940,1,-0.002731
2017,15980,1,0.003389
2017,16020,1,-0.001876
2017,16180,1,-0.00171
2017,16220,1,-0.052391
2017,16300,1,0.003935
2017,16700,1,0.004637
2017,16860,1,-0.002617
2017,16940,1,-0.00339
2017,17020,1,0.000427
2017,17420,1,-0.001001
2017,17660,1,0.011413
2017,17780,1,0.012638
2017,17820,1,0.019372
2017,17900,1,0.001661
2017,18020,1,-0.003863
2017,18700,1,0.007793
2017,19340,1,-0.007029
2017,19460,1,-0.005895
2017,19500,1,-0.007341
2017,19740,1,0.002552
2017,20020,1,-0.005563
2017,20100,1,-0.003959
2017,20220,1,-0.006177
2017,20740,1,0.004169
2017,20940,1,-0.007362
2017,21140,1,0.002709
2017,21300,1,-0.010907
2017,21500,1,-0.004103
2017,21660,1,0.018214
2017,21820,1,0.010269
2017,22020,1,-0.001131
2017,22140,1,-0.040723
2017,22380,1,-0.003574
2017,22420,1,-0.003808
2017,22500,1,-0.011341
2017,22520,1,-0.007344
2017,22540,1,0.004824
2017,22660,1,0.008606
2017,23420,1,-0.008727
2017,23460,1,-0.008133
2017,23580,1,0.008678
2017,24020,1,-0.010566
2017,24220,1,-0.019287
2017,24300,1,0.005261
2017,24500,1,-0.020915
2017,24540,1,0.027285
2017,24580,1,0.008223
2017,24660,1,0.000886
2017,25420,1,0.008228
2017,25500,1,-0.003346
2017,25540,1,-0.002699
2017,25860,1,0.001893
2017,25980,1,-0.010764
2017,26300,1,-0.004512
2017,26380,1,-0.017472
2017,26620,1,0.008428
2017,26980,1,0.002839
2017,27060,1,0.002162
2017,27100,1,-0.007499
2017,27260,1,0.009403
2017,27340,1,0.001084
2017,27500,1,0.004166
2017,27740,1,-0.001784
2017,27780,1,-0.003742
2017,27860,1,0.008879
2017,27900,1,-0.001604
2017,28100,1,-0.001113
2017,28420,1,0.019813
2017,28660,1,0.011844
2017,28700,1,-0.013835
2017,28740,1,0.001278
2017,29100,1,-0.00446
2017,29340,1,0.001816
2017,29420,1,-0.015772
2017,29460,1,0.012667
2017,29540,1,0.007952
2017,29700,1,-0.000682
2017,29740,1,0.003756
2017,29820,1,-0.004466
2017,29940,1,0.012005
2017,30140,1,0.013934
2017,30300,1,-0.005247
2017,30340,1,0.007142
2017,30460,1,0.010703
2017,30620,1,-0.003903
2017,30700,1,0.005787
2017,30780,1,-0.000485
2017,30860,1,0.023078
2017,31020,1,0.023955
2017,31420,1,-0.004187
2017,31700,1,0.008492
2017,31860,1,0.00122
2017,32580,1,0.010544
2017,32780,1,0.006836
2017,32900,1,-0.016614
2017,33140,1,-0.009336
2017,33340,1,-0.001945
2017,33540,1,0.007947
2017,33700,1,-0.00962
2017,33780,1,-0.000812
2017,33860,1,0.001359
2017,34060,1,-0.014759
2017,34580,1,0.020226
2017,34620,1,0.00213
2017,34740,1,0.007067
2017,34940,1,-0.007541
2017,35300,1,-0.001956
2017,35660,1,-0.003836
2017,35840,1,0.003791
2017,35980,1,0.003519
2017,36100,1,0.007822
2017,36220,1,-0.064795
2017,36420,1,0.001294
2017,36500,1,0.027784
2017,36540,1,0.008213
2017,36740,1,0.00307
2017,36780,1,0.00134
2017,36980,1,-0.000401
2017,37100,1,-0.013453
2017,37340,1,0.009202
2017,37860,1,0.005734
2017,38060,1,-0.012777
2017,38300,1,-0.003755
2017,38340,1,-0.007507
2017,38860,1,0.004302
2017,38900,1,0.00762
2017,38940,1,0.013268
2017,39300,1,0.005145
2017,39340,1,0.015602
2017,39380,1,0.016037
2017,39460,1,0.018361
2017,39540,1,0.00624
2017,39580,1,0.013932
2017,39740,1,0.004153
2017,39820,1,-0.014863
2017,39900,1,-0.002873
2017,40140,1,-0.011906
2017,40420,1,0.008395
2017,40660,1,0.001441
2017,40900,1,-0.004522
2017,40980,1,0.003234
2017,41060,1,0.005909
2017,41100,1,0.010941
2017,41140,1,0.00132
2017,41420,1,0.026963
2017,41500,1,-0.001932
2017,41700,1,0.011201
2017,41740,1,-0.00797
2017,41940,1,-0.018976
2017,42020,1,-0.007426
2017,42100,1,-0.009372
2017,42140,1,0.007759
2017,42220,1,-0.014131
2017,42340,1,0.001499
2017,42540,1,-0.000677
2017,42680,1,0.016
2017,43100,1,0.002748
2017,43620,1,0.005655
2017,43780,1,0.006889
2017,44100,1,-0.009808
2017,44180,1,0.002204
2017,44220,1,-0.003566
2017,44300,1,0.00525
2017,44700,1,-0.005865
2017,45060,1,-0.002577
2017,45220,1,-0.002779
2017,45820,1,-0.003347
2017,45940,1,0.005056
2017,46060,1,-0.000325
2017,46140,1,0.000998
2017,46340,1,0.008526
2017,46540,1,-0.00015
2017,46660,1,-0.003699
2017,46700,1,-0.006512
2017,47220,1,-0.0029
2017,47300,1,-0.011455
2017,47940,1,-0.014057
2017,48300,1,0.006856
2017,48540,1,-0.028509
2017,48660,1,0.004221
2017,48700,1,-0.011382
2017,49020,1,-0.009926
2017,49420,1,0.007673
2017,49620,1,0.010965
2017,49660,1,-0.003732
2017,49740,1,-6.4e-05
2017,10180,2,-0.005159
2017,10420,2,-0.001035
2017,10580,2,0.003461
2017,10740,2,0.009113
2017,10780,2,-0.002785
2017,10900,2,0.00553
2017,11020,2,-0.003556
2017,11260,2,0.008343
2017,11460,2,-0.006982
2017,11500,2,-0.003171
2017,11540,2,0.004566
2017,11700,2,0.005842
2017,12020,2,0.004076
2017,12100,2,-0.000256
2017,12220,2,0.012239
2017,12420,2,-0.001998
2017,12540,2,-0.02202
2017,12580,2,-0.005199
2017,12620,2,0.000326
2017,12700,2,-0.004577
2017,12980,2,0.000627
2017,13020,2,-0.008085
2017,13380,2,0.022698
2017,13460,2,0.002806
2017,13780,2,-0.000259
2017,14260,2,-0.008291
2017,14500,2,-0.000551
2017,14740,2,0.023888
2017,14860,2,-0.003348
2017,15180,2,0.001526
2017,15260,2,0.011417
2017,15380,2,-0.00551
2017,15500,2,0.005426
2017,15540,2,-0.004365
2017,15940,2,-0.005106
2017,15980,2,-0.009725
2017,16020,2,0.001126
2017,16180,2,-0.011295
2017,16220,2,-0.031004
2017,16300,2,0.002907
2017,16700,2,0.0031
2017,16860,2,0.000527
2017,16940,2,0.003133
2017,17020,2,0.004414
2017,17420,2,-0.001134
2017,17660,2,0.011682
2017,17780,2,0.007744
2017,17820,2,0.014559
2017,17900,2,0.004343
2017,18020,2,-0.001893
2017,18700,2,0.01529
2017,19340,2,5.7e-05
2017,19460,2,-0.006036
2017,19500,2,-0.000118
2017,19740,2,-0.006057
2017,20020,2,-0.003085
2017,20100,2,0.00422
2017,20220,2,-0.001047
2017,20740,2,0.007262
2017,20940,2,-0.009967
2017,21140,2,0.000557
2017,21300,2,-0.011516
2017,21500,2,-0.00627
2017,21660,2,0.021295
2017,21820,2,0.021349
2017,22020,2,-0.003092
2017,22140,2,-0.014728
2017,22380,2,-0.000798
2017,22420,2,-0.017658
2017,22500,2,-0.003855
2017,22520,2,-0.003954
2017,22540,2,0.008188
2017,22660,2,0.001888
2017,23420,2,-0.007954
2017,23460,2,-0.005298
2017,23580,2,-0.005036
2017,24020,2,-0.004691
2017,24220,2,-0.016407
2017,24300,2,0.009855
2017,24500,2,-0.008725
2017,24540,2,0.009717
2017,24580,2,0.008063
2017,24660,2,0.002162
2017,25420,2,0.005281
2017,25500,2,0.004922
2017,25540,2,-0.001402
2017,25860,2,0.003884
2017,25980,2,-0.003151
2017,26300,2,-0.001943
2017,26380,2,-0.008688
2017,26620,2,0.008139
2017,26980,2,0.001452
2017,27060,2,0.002244
2017,27100,2,-0.015466
2017,27260,2,0.005516
2017,27340,2,0.017689
2017,27500,2,0.003533
2017,27740,2,-0.001143
2017,27780,2,-0.002402
2017,27860,2,0.006238
2017,27900,2,-0.003049
2017,28100,2,0.006439
2017,28420,2,0.025147
2017,28660,2,0.011402
2017,28700,2,-0.003676
2017,28740,2,0.001701
2017,29100,2,0.001585
2017,29340,2,0.00309
2017,29420,2,-0.014977
2017,29460,2,0.003714
2017,29540,2,0.006188
2017,29700,2,-0.002178
2017,29740,2,0.014815
2017,29820,2,-0.023571
2017,29940,2,0.010442
2017,30140,2,0.010524
2017,30300,2,0.004475
2017,30340,2,0.008452
2017,30460,2,0.006231
2017,30620,2,-0.000686
2017,30700,2,0.00155
2017,30780,2,0.003021
2017,30860,2,0.021628
2017,31020,2,0.023456
2017,31420,2,-0.00051
2017,31700,2,0.001794
2017,31860,2,0.000171
2017,32580,2,0.008246
2017,32780,2,0.005783
2017,32900,2,-0.030035
2017,33140,2,-0.005315
2017,33340,2,0.001839
2017,33540,2,0.013522
2017,33700,2,-0.024432
2017,33780,2,-0.009783
2017,33860,2,0.000954
2017,34060,2,-0.004432
2017,34580,2,0.022964
2017,34620,2,0.001463
2017,34740,2,-0.002153
2017,34940,2,-0.01828
2017,35300,2,-0.000658
2017,35660,2,-0.001151
2017,35840,2,-0.007943
2017,35980,2,0.003595
2017,36100,2,0.002479
2017,36220,2,-0.049414
2017,36420,2,-0.000676
2017,36500,2,0.031499
2017,36540,2,0.00408
2017,36740,2,-0.005133
2017,36780,2,0.004294
2017,36980,2,-0.004213
2017,37100,2,-0.01005
2017,37340,2,-0.000763
2017,37860,2,0.005236
2017,38060,2,-0.020049
2017,38300,2,-0.006784
2017,38340,2,-0.002829
2017,38860,2,0.001768
2017,38900,2,0.009566
2017,38940,2,-0.002455
2017,39300,2,0.000772
2017,39340,2,0.009753
2017,39380,2,0.010857
2017,39460,2,0.003109
2017,39540,2,0.00751
2017,39580,2,0.011319
2017,39740,2,0.00217
2017,39820,2,-0.009499
2017,39900,2,-0.018887
2017,40140,2,-0.015553
2017,40420,2,0.011785
2017,40660,2,0.002167
2017,40900,2,-0.011365
2017,40980,2,0.000444
2017,41060,2,0.002575
2017,41100,2,0.00609
2017,41140,2,0.00316
2017,41420,2,0.024633
2017,41500,2,-0.011229
2017,41700,2,0.006482
2017,41740,2,-0.006624
2017,41940,2,-0.018721
2017,42020,2,-0.005646
2017,42100,2,-0.010539
2017,42140,2,0.012171
2017,42220,2,-0.018779
2017,42340,2,0.002815
2017,42540,2,-0.00017
2017,42680,2,0.003388
2017,43100,2,0.005775
2017,43620,2,0.002882
2017,43780,2,0.007383
2017,44100,2,-0.003292
2017,44180,2,0.000776
2017,44220,2,-0.00119
2017,44300,2,0.001757
2017,44700,2,-0.021678
2017,45060,2,-0.00197
2017,45220,2,0.001364
2017,45820,2,-0.000786
2017,45940,2,0.002662
2017,46060,2,0.001428
2017,46140,2,-0.001571
2017,46340,2,0.005632
2017,46540,2,0.001844
2017,46660,2,0.003341
2017,46700,2,-0.02181
2017,47220,2,0.001811
2017,47300,2,-0.00875
2017,47940,2,-0.007982
2017,48300,2,0.015636
2017,48540,2,-0.027265
2017,48660,2,0.007802
2017,48700,2,-0.010181
2017,49020,2,-0.005667
2017,49420,2,0.015784
2017,49620,2,0.007413
2017,49660,2,-0.002068
2017,49740,2,0.003107
2017,10180,3,-0.00699
2017,10420,3,7e-05
2017,10580,3,0.003054
2017,10740,3,0.007037
2017,10780,3,-0.005103
2017,10900,3,0.006457
2017,11020,3,-0.004409
2017,11260,3,0.004948
2017,11460,3,-0.003376
2017,11500,3,-0.004498
2017,11540,3,0.00434
2017,11700,3,0.004329
2017,12020,3,0.006929
2017,12100,3,-0.001619
2017,12220,3,0.013484
2017,12420,3,0.001515
2017,12540,3,-0.024282
2017,12580,3,-0.010452
2017,12620,3,-0.000184
2017,12700,3,-0.004654
2017,12980,3,0.002439
2017,13020,3,-0.006976
2017,13380,3,0.021921
2017,13460,3,0.006372
2017,13780,3,-0.002521
2017,14260,3,-0.00702
2017,14500,3,0.0019
2017,14740,3,0.023688
2017,14860,3,-0.00197
2017,15180,3,0.002424
2017,15260,3,0.011405
2017,15380,3,-0.003997
2017,15500,3,0.007056
2017,15540,3,-0.006442
2017,15940,3,-0.003801
2017,15980,3,-0.005018
2017,16020,3,-0.000721
2017,16180,3,-0.009956
2017,16220,3,-0.040971
2017,16300,3,0.003563
2017,16700,3,0.003453
2017,16860,3,-0.00026
2017,16940,3,0.001718
2017,17020,3,0.003438
2017,17420,3,-0.000836
2017,17660,3,0.011832
2017,17780,3,0.00966
2017,17820,3,0.017708
2017,17900,3,0.00427
2017,18020,3,-0.002762
2017,18700,3,0.012616
2017,19340,3,-0.002913
2017,19460,3,-0.006238
2017,19500,3,-0.002794
2017,19740,3,-0.002443
2017,20020,3,-0.004388
2017,20100,3,0.001503
2017,20220,3,-0.004205
2017,20740,3,0.006678
2017,20940,3,-0.009203
2017,21140,3,0.001055
2017,21300,3,-0.010602
2017,21500,3,-0.005795
2017,21660,3,0.020679
2017,21820,3,0.018655
2017,22020,3,-0.001758
2017,22140,3,-0.023957
2017,22380,3,-0.002929
2017,22420,3,-0.012094
2017,22500,3,-0.006901
2017,22520,3,-0.005626
2017,22540,3,0.006663
2017,22660,3,0.005284
2017,23420,3,-0.008865
2017,23460,3,-0.006929
2017,23580,3,4.8e-05
2017,24020,3,-0.007007
2017,24220,3,-0.018319
2017,24300,3,0.008125
2017,24500,3,-0.012046
2017,24540,3,0.018079
2017,24580,3,0.008517
2017,24660,3,0.002237
2017,25420,3,0.007005
2017,25500,3,0.001263
2017,25540,3,-0.001682
2017,25860,3,0.003198
2017,25980,3,-0.005901
2017,26300,3,-0.003028
2017,26380,3,-0.012065
2017,26620,3,0.008954
2017,26980,3,0.0022
2017,27060,3,0.001596
2017,27100,3,-0.012909
2017,27260,3,0.006737
2017,27340,3,0.011854
2017,27500,3,0.003704
2017,27740,3,-0.001819
2017,27780,3,-0.002416
2017,27860,3,0.007632
2017,27900,3,-0.002218
2017,28100,3,0.003223
2017,28420,3,0.025198
2017,28660,3,0.012672
2017,28700,3,-0.008598
2017,28740,3,0.001803
2017,29100,3,-0.000385
2017,29340,3,0.002776
2017,29420,3,-0.015764
2017,29460,3,0.005753
2017,29540,3,0.005791
2017,29700,3,-0.000448
2017,29740,3,0.01188
2017,29820,3,-0.018833
2017,29940,3,0.012001
2017,30140,3,0.012215
2017,30300,3,0.000271
2017,30340,3,0.00714
2017,30460,3,0.008315
2017,30620,3,-0.002644
2017,30700,3,0.004502
2017,30780,3,0.002101
2017,30860,3,0.022273
2017,31020,3,0.024319
2017,31420,3,-0.001719
2017,31700,3,0.004153
2017,31860,3,0.000886
2017,32580,3,0.009903
2017,32780,3,0.006254
2017,32900,3,-0.027093
2017,33140,3,-0.007078
2017,33340,3,0.000388
2017,33540,3,0.012122
2017,33700,3,-0.021187
2017,33780,3,-0.006822
2017,33860,3,0.001732
2017,34060,3,-0.00928
2017,34580,3,0.022956
2017,34620,3,0.002565
2017,34740,3,0.000848
2017,34940,3,-0.015097
2017,35300,3,-0.001199
2017,35660,3,-0.002855
2017,35840,3,-0.003873
2017,35980,3,0.004083
2017,36100,3,0.003767
2017,36220,3,-0.05916
2017,36420,3,0.000432
2017,36500,3,0.031329
2017,36540,3,0.006013
2017,36740,3,-0.002775
2017,36780,3,0.004166
2017,36980,3,-0.002773
2017,37100,3,-0.011662
2017,37340,3,0.001177
2017,37860,3,0.005535
2017,38060,3,-0.019777
2017,38300,3,-0.005656
2017,38340,3,-0.004947
2017,38860,3,0.002834
2017,38900,3,0.00961
2017,38940,3,0.002374
2017,39300,3,0.002244
2017,39340,3,0.012583
2017,39380,3,0.013488
2017,39460,3,0.007864
2017,39540,3,0.007095
2017,39580,3,0.013411
2017,39740,3,0.002362
2017,39820,3,-0.012174
2017,39900,3,-0.013914
2017,40140,3,-0.015483
2017,40420,3,0.010488
2017,40660,3,0.001703
2017,40900,3,-0.009583
2017,40980,3,0.001877
2017,41060,3,0.002955
2017,41100,3,0.007663
2017,41140,3,0.00143
2017,41420,3,0.025851
2017,41500,3,-0.008108
2017,41700,3,0.007664
2017,41740,3,-0.007072
2017,41940,3,-0.019259
2017,42020,3,-0.006845
2017,42100,3,-0.010613
2017,42140,3,0.011241
2017,42220,3,-0.018315
2017,42340,3,0.002104
2017,42540,3,-0.000324
2017,42680,3,0.007149
2017,43100,3,0.004478
2017,43620,3,0.00462
2017,43780,3,0.007032
2017,44100,3,-0.006125
2017,44180,3,0.001328
2017,44220,3,-0.00239
2017,44300,3,0.002709
2017,44700,3,-0.017284
2017,45060,3,-0.002032
2017,45220,3,-0.000127
2017,45820,3,-0.001882
2017,45940,3,0.004215
2017,46060,3,0.000853
2017,46140,3,-0.000127
2017,46340,3,0.006598
2017,46540,3,0.000781
2017,46660,3,0.000741
2017,46700,3,-0.017372
2017,47220,3,0.000255
2017,47300,3,-0.010102
2017,47940,3,-0.011331
2017,48300,3,0.013488
2017,48540,3,-0.025889
2017,48660,3,0.00627
2017,48700,3,-0.011355
2017,49020,3,-0.006981
2017,49420,3,0.014397
2017,49620,3,0.008192
2017,49660,3,-0.002409
2017,49740,3,0.002044
2017,10180,4,-0.008582
2017,10420,4,0.001396
2017,10580,4,-4.3e-05
2017,10740,4,0.002758
2017,10780,4,-0.006876
2017,10900,4,0.008411
2017,11020,4,-0.004158
2017,11260,4,-0.002247
2017,11460,4,0.003795
2017,11500,4,-0.005618
2017,11540,4,0.003029
2017,11700,4,0.003952
2017,12020,4,0.00807
2017,12100,4,-0.005751
2017,12220,4,0.015427
2017,12420,4,0.005388
2017,12540,4,-0.025399
2017,12580,4,-0.01598
2017,12620,4,-0.002814
2017,12700,4,-0.003019
2017,12980,4,0.004653
2017,13020,4,-0.006742
2017,13380,4,0.01713
2017,13460,4,0.007789
2017,13780,4,-0.004281
2017,14260,4,-0.004366
2017,14500,4,0.005126
2017,14740,4,0.021898
2017,14860,4,-0.002399
2017,15180,4,0.002625
2017,15260,4,0.010959
2017,15380,4,-0.002679
2017,15500,4,0.007615
2017,15540,4,-0.008901
2017,15940,4,-0.003589
2017,15980,4,0.001141
2017,16020,4,-0.000649
2017,16180,4,-0.003322
2017,16220,4,-0.05127
2017,16300,4,0.003973
2017,16700,4,0.004493
2017,16860,4,-0.001927
2017,16940,4,-0.002102
2017,17020,4,0.001076
2017,17420,4,-0.001185
2017,17660,4,0.011451
2017,17780,4,0.012625
2017,17820,4,0.019805
2017,17900,4,0.00209
2017,18020,4,-0.003867
2017,18700,4,0.010343
2017,19340,4,-0.005729
2017,19460,4,-0.006359
2017,19500,4,-0.00651
2017,19740,4,0.001842
2017,20020,4,-0.005297
2017,20100,4,-0.00277
2017,20220,4,-0.004363
2017,20740,4,0.004695
2017,20940,4,-0.007432
2017,21140,4,0.002677
2017,21300,4,-0.012384
2017,21500,4,-0.004145
2017,21660,4,0.019887
2017,21820,4,0.013242
2017,22020,4,-0.002506
2017,22140,4,-0.037875
2017,22380,4,-0.003451
2017,22420,4,-0.007018
2017,22500,4,-0.009767
2017,22520,4,-0.006642
2017,22540,4,0.005738
2017,22660,4,0.008692
2017,23420,4,-0.009402
2017,23460,4,-0.00782
2017,23580,4,0.005829
2017,24020,4,-0.010955
2017,24220,4,-0.02023
2017,24300,4,0.006067
2017,24500,4,-0.019917
2017,24540,4,0.02565
2017,24580,4,0.008584
2017,24660,4,0.001709
2017,25420,4,0.007841
2017,25500,4,-0.001835
2017,25540,4,-0.002817
2017,25860,4,0.00312
2017,25980,4,-0.011502
2017,26300,4,-0.004647
2017,26380,4,-0.016988
2017,26620,4,0.008342
2017,26980,4,0.00248
2017,27060,4,0.002662
2017,27100,4,-0.009608
2017,27260,4,0.008955
2017,27340,4,0.004374
2017,27500,4,0.004223
2017,27740,4,-0.001971
2017,27780,4,-0.003591
2017,27860,4,0.009243
2017,27900,4,-0.002397
2017,28100,4,0.000324
2017,28420,4,0.022452
2017,28660,4,0.0123
2017,28700,4,-0.011593
2017,28740,4,0.000861
2017,29100,4,-0.003723
2017,29340,4,0.002247
2017,29420,4,-0.016584
2017,29460,4,0.011575
2017,29540,4,0.008843
2017,29700,4,-0.001916
2017,29740,4,0.00597
2017,29820,4,-0.008997
2017,29940,4,0.012038
2017,30140,4,0.013912
2017,30300,4,-0.003352
2017,30340,4,0.008651
2017,30460,4,0.010466
2017,30620,4,-0.003094
2017,30700,4,0.004696
2017,30780,4,0.000285
2017,30860,4,0.024933
2017,31020,4,0.025576
2017,31420,4,-0.003198
2017,31700,4,0.007986
2017,31860,4,0.000713
2017,32580,4,0.010626
2017,32780,4,0.006951
2017,32900,4,-0.019262
2017,33140,4,-0.009224
2017,33340,4,-0.001628
2017,33540,4,0.009413
2017,33700,4,-0.012659
2017,33780,4,-0.002291
2017,33860,4,0.001009
2017,34060,4,-0.012655
2017,34580,4,0.021827
2017,34620,4,0.002052
2017,34740,4,0.005947
2017,34940,4,-0.010489
2017,35300,4,-0.001981
2017,35660,4,-0.00332
2017,35840,4,0.001605
2017,35980,4,0.003282
2017,36100,4,0.006852
2017,36220,4,-0.06571
2017,36420,4,0.000686
2017,36500,4,0.029737
2017,36540,4,0.007863
2017,36740,4,0.001043
2017,36780,4,0.001348
2017,36980,4,-0.000623
2017,37100,4,-0.013684
2017,37340,4,0.00877
2017,37860,4,0.005909
2017,38060,4,-0.0153
2017,38300,4,-0.003903
2017,38340,4,-0.007062
2017,38860,4,0.004059
2017,38900,4,0.008348
2017,38940,4,0.011891
2017,39300,4,0.004744
2017,39340,4,0.014961
2017,39380,4,0.016733
2017,39460,4,0.016943
2017,39540,4,0.006491
2017,39580,4,0.01404
2017,39740,4,0.004088
2017,39820,4,-0.015048
2017,39900,4,-0.006775
2017,40140,4,-0.013594
2017,40420,4,0.009408
2017,40660,4,0.002433
2017,40900,4,-0.00629
2017,40980,4,0.003203
2017,41060,4,0.006141
2017,41100,4,0.010331
2017,41140,4,0.00258
2017,41420,4,0.02846
2017,41500,4,-0.003433
2017,41700,4,0.01136
2017,41740,4,-0.008164
2017,41940,4,-0.019648
2017,42020,4,-0.007141
2017,42100,4,-0.009427
2017,42140,4,0.009343
2017,42220,4,-0.015367
2017,42340,4,0.001623
2017,42540,4,-0.000492
2017,42680,4,0.01489
2017,43100,4,0.003604
2017,43620,4,0.00501
2017,43780,4,0.007687
2017,44100,4,-0.008774
2017,44180,4,0.001861
2017,44220,4,-0.002846
2017,44300,4,0.005232
2017,44700,4,-0.009122
2017,45060,4,-0.002312
2017,45220,4,-0.002411
2017,45820,4,-0.00274
2017,45940,4,0.004299
2017,46060,4,-0.000395
2017,46140,4,0.000323
2017,46340,4,0.00879
2017,46540,4,0.000724
2017,46660,4,-0.002757
2017,46700,4,-0.010123
2017,47220,4,-0.002514
2017,47300,4,-0.011938
2017,47940,4,-0.012972
2017,48300,4,0.008386
2017,48540,4,-0.03112
2017,48660,4,0.005983
2017,48700,4,-0.011238
2017,49020,4,-0.010002
2017,49420,4,0.009852
2017,49620,4,0.011008
2017,49660,4,-0.003386
2017,49740,4,-2.6e-05
2017,10180,5,-0.008139
2017,10420,5,0.000833
2017,10580,5,0.002761
2017,10740,5,0.005048
2017,10780,5,-0.006545
2017,10900,5,0.007003
2017,11020,5,-0.00522
2017,11260,5,0.002212
2017,11460,5,-0.000311
2017,11500,5,-0.005351
2017,11540,5,0.003953
2017,11700,5,0.003025
2017,12020,5,0.008667
2017,12100,5,-0.002452
2017,12220,5,0.013678
2017,12420,5,0.004359
2017,12540,5,-0.024371
2017,12580,5,-0.013909
2017,12620,5,-0.000621
2017,12700,5,-0.004627
2017,12980,5,0.003698
2017,13020,5,-0.005904
2017,13380,5,0.020686
2017,13460,5,0.009361
2017,13780,5,-0.004115
2017,14260,5,-0.005195
2017,14500,5,0.002883
2017,14740,5,0.022287
2017,14860,5,-0.000837
2017,15180,5,0.003186
2017,15260,5,0.010517
2017,15380,5,-0.002907
2017,15500,5,0.007598
2017,15540,5,-0.007824
2017,15940,5,-0.002695
2017,15980,5,-0.001178
2017,16020,5,-0.002257
2017,16180,5,-0.008297
2017,16220,5,-0.047245
2017,16300,5,0.003934
2017,16700,5,0.003537
2017,16860,5,-0.000859
2017,16940,5,0.000338
2017,17020,5,0.00242
2017,17420,5,-0.000758
2017,17660,5,0.011768
2017,17780,5,0.010381
2017,17820,5,0.019076
2017,17900,5,0.003715
2017,18020,5,-0.003273
2017,18700,5,0.009719
2017,19340,5,-0.005152
2017,19460,5,-0.005962
2017,19500,5,-0.004529
2017,19740,5,-0.000383
2017,20020,5,-0.00533
2017,20100,5,-0.000927
2017,20220,5,-0.006878
2017,20740,5,0.006139
2017,20940,5,-0.008664
2017,21140,5,0.001223
2017,21300,5,-0.009175
2017,21500,5,-0.005518
2017,21660,5,0.019563
2017,21820,5,0.016018
2017,22020,5,-0.00052
2017,22140,5,-0.030369
2017,22380,5,-0.004007
2017,22420,5,-0.007183
2017,22500,5,-0.009352
2017,22520,5,-0.006777
2017,22540,5,0.005367
2017,22660,5,0.006532
2017,23420,5,-0.009036
2017,23460,5,-0.007747
2017,23580,5,0.004269
2017,24020,5,-0.007904
2017,24220,5,-0.018472
2017,24300,5,0.006818
2017,24500,5,-0.014339
2017,24540,5,0.023294
2017,24580,5,0.008427
2017,24660,5,0.001709
2017,25420,5,0.007995
2017,25500,5,-0.001293
2017,25540,5,-0.001767
2017,25860,5,0.002331
2017,25980,5,-0.006573
2017,26300,5,-0.003232
2017,26380,5,-0.01417
2017,26620,5,0.009223
2017,26980,5,0.002678
2017,27060,5,0.001187
2017,27100,5,-0.01045
2017,27260,5,0.007513
2017,27340,5,0.006439
2017,27500,5,0.003763
2017,27740,5,-0.001786
2017,27780,5,-0.00252
2017,27860,5,0.008219
2017,27900,5,-0.00117
2017,28100,5,0.000634
2017,28420,5,0.023379
2017,28660,5,0.013017
2017,28700,5,-0.012184
2017,28740,5,0.00203
2017,29100,5,-0.001893
2017,29340,5,0.002487
2017,29420,5,-0.015533
2017,29460,5,0.007567
2017,29540,5,0.005067
2017,29700,5,0.000978
2017,29740,5,0.008857
2017,29820,5,-0.013737
2017,29940,5,0.01254
2017,30140,5,0.013117
2017,30300,5,-0.002665
2017,30340,5,0.005633
2017,30460,5,0.009482
2017,30620,5,-0.004058
2017,30700,5,0.006513
2017,30780,5,0.001157
2017,30860,5,0.021826
2017,31020,5,0.023898
2017,31420,5,-0.002963
2017,31700,5,0.005671
2017,31860,5,0.001545
2017,32580,5,0.010594
2017,32780,5,0.006292
2017,32900,5,-0.023859
2017,33140,5,-0.008156
2017,33340,5,-0.000641
2017,33540,5,0.010704
2017,33700,5,-0.017488
2017,33780,5,-0.004316
2017,33860,5,0.002298
2017,34060,5,-0.012777
2017,34580,5,0.021801
2017,34620,5,0.003253
2017,34740,5,0.003229
2017,34940,5,-0.011817
2017,35300,5,-0.001469
2017,35660,5,-0.003997
2017,35840,5,-0.000485
2017,35980,5,0.004459
2017,36100,5,0.005069
2017,36220,5,-0.064698
2017,36420,5,0.001388
2017,36500,5,0.030023
2017,36540,5,0.007181
2017,36740,5,-0.000506
2017,36780,5,0.004051
2017,36980,5,-0.001798
2017,37100,5,-0.012373
2017,37340,5,0.002686
2017,37860,5,0.005691
2017,38060,5,-0.017994
2017,38300,5,-0.004895
2017,38340,5,-0.006162
2017,38860,5,0.003501
2017,38900,5,0.00904
2017,38940,5,0.006011
2017,39300,5,0.003214
2017,39340,5,0.014584
2017,39380,5,0.014454
2017,39460,5,0.011354
2017,39540,5,0.006697
2017,39580,5,0.014179
2017,39740,5,0.002496
2017,39820,5,-0.013405
2017,39900,5,-0.009033
2017,40140,5,-0.014326
2017,40420,5,0.009096
2017,40660,5,0.000914
2017,40900,5,-0.007613
2017,40980,5,0.002725
2017,41060,5,0.003044
2017,41100,5,0.00883
2017,41140,5,0.0
2017,41420,5,0.02564
2017,41500,5,-0.005506
2017,41700,5,0.008289
2017,41740,5,-0.007275
2017,41940,5,-0.019188
2017,42020,5,-0.0076
2017,42100,5,-0.010662
2017,42140,5,0.009836
2017,42220,5,-0.017373
2017,42340,5,0.001376
2017,42540,5,-0.000491
2017,42680,5,0.009886
2017,43100,5,0.003205
2017,43620,5,0.005728
2017,43780,5,0.006442
2017,44100,5,-0.00812
2017,44180,5,0.00171
2017,44220,5,-0.003586
2017,44300,5,0.003303
2017,44700,5,-0.013058
2017,45060,5,-0.002271
2017,45220,5,-0.00128
2017,45820,5,-0.002758
2017,45940,5,0.00531
2017,46060,5,0.000483
2017,46140,5,0.000946
2017,46340,5,0.007097
2017,46540,5,-0.000144
2017,46660,5,-0.001105
2017,46700,5,-0.012906
2017,47220,5,-0.001124
2017,47300,5,-0.01059
2017,47940,5,-0.013669
2017,48300,5,0.011344
2017,48540,5,-0.023319
2017,48660,5,0.004762
2017,48700,5,-0.011824
2017,49020,5,-0.007452
2017,49420,5,0.012385
2017,49620,5,0.008565
2017,49660,5,-0.002846
2017,49740,5,0.001461
2017,10180,6,-0.004516
2017,10420,6,-0.001441
2017,10580,6,0.00405
2017,10740,6,0.008029
2017,10780,6,-0.003588
2017,10900,6,0.005461
2017,11020,6,-0.003285
2017,11260,6,0.006344
2017,11460,6,-0.007207
2017,11500,6,-0.003011
2017,11540,6,0.00478
2017,11700,6,0.006911
2017,12020,6,0.004641
2017,12100,6,-0.000169
2017,12220,6,0.013222
2017,12420,6,-0.000123
2017,12540,6,-0.022972
2017,12580,6,-0.005545
2017,12620,6,0.000863
2017,12700,6,-0.004451
2017,12980,6,0.000358
2017,13020,6,-0.009697
2017,13380,6,0.022925
2017,13460,6,0.0045
2017,13780,6,-0.000344
2017,14260,6,-0.00664
2017,14500,6,0.000929
2017,14740,6,0.024782
2017,14860,6,-0.003929
2017,15180,6,0.000243
2017,15260,6,0.012823
2017,15380,6,-0.004969
2017,15500,6,0.004023
2017,15540,6,-0.004139
2017,15940,6,-0.005283
2017,15980,6,-0.008519
2017,16020,6,0.001254
2017,16180,6,-0.008994
2017,16220,6,-0.032436
2017,16300,6,0.001964
2017,16700,6,0.004405
2017,16860,6,-0.000298
2017,16940,6,0.002263
2017,17020,6,0.004374
2017,17420,6,-0.000902
2017,17660,6,0.012891
2017,17780,6,0.009502
2017,17820,6,0.014016
2017,17900,6,0.003413
2017,18020,6,-0.002084
2017,18700,6,0.015101
2017,19340,6,9e-05
2017,19460,6,-0.007022
2017,19500,6,-0.000664
2017,19740,6,-0.00491
2017,20020,6,-0.003062
2017,20100,6,0.004592
2017,20220,6,-0.001213
2017,20740,6,0.007928
2017,20940,6,-0.010488
2017,21140,6,0.001243
2017,21300,6,-0.012182
2017,21500,6,-0.00664
2017,21660,6,0.021289
2017,21820,6,0.019085
2017,22020,6,-0.001738
2017,22140,6,-0.015363
2017,22380,6,-0.000618
2017,22420,6,-0.017465
2017,22500,6,-0.005072
2017,22520,6,-0.003713
2017,22540,6,0.007859
2017,22660,6,0.002906
2017,23420,6,-0.008285
2017,23460,6,-0.005926
2017,23580,6,-0.005065
2017,24020,6,-0.005236
2017,24220,6,-0.015313
2017,24300,6,0.009902
2017,24500,6,-0.009866
2017,24540,6,0.010106
2017,24580,6,0.00832
2017,24660,6,0.001042
2017,25420,6,0.005107
2017,25500,6,0.003731
2017,25540,6,-0.00227
2017,25860,6,0.002616
2017,25980,6,-0.006153
2017,26300,6,-0.003485
2017,26380,6,-0.008823
2017,26620,6,0.008445
2017,26980,6,0.001257
2017,27060,6,0.003237
2017,27100,6,-0.015605
2017,27260,6,0.006801
2017,27340,6,0.01796
2017,27500,6,0.004374
2017,27740,6,-0.001437
2017,27780,6,-0.002068
2017,27860,6,0.005207
2017,27900,6,-0.004005
2017,28100,6,0.006475
2017,28420,6,0.024751
2017,28660,6,0.011443
2017,28700,6,-0.005149
2017,28740,6,0.001442
2017,29100,6,0.002436
2017,29340,6,0.00388
2017,29420,6,-0.015135
2017,29460,6,0.004976
2017,29540,6,0.006256
2017,29700,6,-0.002367
2017,29740,6,0.013636
2017,29820,6,-0.023237
2017,29940,6,0.010899
2017,30140,6,0.010121
2017,30300,6,0.003657
2017,30340,6,0.008959
2017,30460,6,0.006665
2017,30620,6,-0.001037
2017,30700,6,0.001701
2017,30780,6,0.002305
2017,30860,6,0.020697
2017,31020,6,0.023764
2017,31420,6,-0.001804
2017,31700,6,0.002008
2017,31860,6,0.000267
2017,32580,6,0.008197
2017,32780,6,0.006294
2017,32900,6,-0.030606
2017,33140,6,-0.005137
2017,33340,6,0.002412
2017,33540,6,0.013123
2017,33700,6,-0.024399
2017,33780,6,-0.01008
2017,33860,6,0.000517
2017,34060,6,-0.005108
2017,34580,6,0.023791
2017,34620,6,0.001329
2017,34740,6,-0.001733
2017,34940,6,-0.016602
2017,35300,6,-0.001264
2017,35660,6,-0.000796
2017,35840,6,-0.006169
2017,35980,6,0.003288
2017,36100,6,0.003175
2017,36220,6,-0.048725
2017,36420,6,-0.000953
2017,36500,6,0.031443
2017,36540,6,0.004058
2017,36740,6,-0.003525
2017,36780,6,0.004276
2017,36980,6,-0.004023
2017,37100,6,-0.010273
2017,37340,6,0.001788
2017,37860,6,0.005354
2017,38060,6,-0.019132
2017,38300,6,-0.006588
2017,38340,6,-0.003114
2017,38860,6,0.002344
2017,38900,6,0.01173
2017,38940,6,-0.000563
2017,39300,6,0.001457
2017,39340,6,0.009663
2017,39380,6,0.009588
2017,39460,6,0.004604
2017,39540,6,0.008066
2017,39580,6,0.011362
2017,39740,6,0.001834
2017,39820,6,-0.010194
2017,39900,6,-0.016805
2017,40140,6,-0.015752
2017,40420,6,0.011665
2017,40660,6,0.001541
2017,40900,6,-0.011225
2017,40980,6,0.0001
2017,41060,6,0.002605
2017,41100,6,0.005974
2017,41140,6,0.003233
2017,41420,6,0.025419
2017,41500,6,-0.011222
2017,41700,6,0.007287
2017,41740,6,-0.0068
2017,41940,6,-0.018457
2017,42020,6,-0.005693
2017,42100,6,-0.010517
2017,42140,6,0.011377
2017,42220,6,-0.018561
2017,42340,6,0.003151
2017,42540,6,-0.000814
2017,42680,6,0.005118
2017,43100,6,0.006343
2017,43620,6,0.003377
2017,43780,6,0.007855
2017,44100,6,-0.003599
2017,44180,6,0.000901
2017,44220,6,-0.00151
2017,44300,6,0.002238
2017,44700,6,-0.021752
2017,45060,6,-0.002055
2017,45220,6,0.00158
2017,45820,6,-0.001231
2017,45940,6,0.002657
2017,46060,6,0.00128
2017,46140,6,-0.002075
2017,46340,6,0.005437
2017,46540,6,0.002229
2017,46660,6,0.001638
2017,46700,6,-0.021615
2017,47220,6,0.002345
2017,47300,6,-0.008832
2017,47940,6,-0.008649
2017,48300,6,0.015848
2017,48540,6,-0.028076
2017,48660,6,0.007532
2017,48700,6,-0.01034
2017,49020,6,-0.006141
2017,49420,6,0.014483
2017,49620,6,0.007197
2017,49660,6,-0.001972
2017,49740,6,0.002501
2017,10180,7,-0.007324
2017,10420,7,0.001549
2017,10580,7,0.000504
2017,10740,7,-0.000664
2017,10780,7,-0.007385
2017,10900,7,0.00807
2017,11020,7,-0.005251
2017,11260,7,-0.007573
2017,11460,7,0.004383
2017,11500,7,-0.004453
2017,11540,7,0.001865
2017,11700,7,0.00293
2017,12020,7,0.008832
2017,12100,7,-0.003407
2017,12220,7,0.013635
2017,12420,7,0.008065
2017,12540,7,-0.018389
2017,12580,7,-0.01567
2017,12620,7,-0.002004
2017,12700,7,-0.003094
2017,12980,7,0.004299
2017,13020,7,-0.005995
2017,13380,7,0.012517
2017,13460,7,0.009936
2017,13780,7,-0.003965
2017,14260,7,0.001936
2017,14500,7,0.002865
2017,14740,7,0.017091
2017,14860,7,-0.001413
2017,15180,7,0.002451
2017,15260,7,0.010734
2017,15380,7,-0.002474
2017,15500,7,0.003661
2017,15540,7,-0.009179
2017,15940,7,-0.002216
2017,15980,7,0.002655
2017,16020,7,-0.001968
2017,16180,7,0.004613
2017,16220,7,-0.04699
2017,16300,7,0.002381
2017,16700,7,0.004549
2017,16860,7,-0.004101
2017,16940,7,-0.006149
2017,17020,7,0.000115
2017,17420,7,-0.001281
2017,17660,7,0.011263
2017,17780,7,0.011406
2017,17820,7,0.014419
2017,17900,7,-0.000306
2017,18020,7,-0.004584
2017,18700,7,0.003964
2017,19340,7,-0.00753
2017,19460,7,-0.005058
2017,19500,7,-0.006597
2017,19740,7,0.000761
2017,20020,7,-0.00464
2017,20100,7,-0.003928
2017,20220,7,-0.007196
2017,20740,7,0.003462
2017,20940,7,-0.008506
2017,21140,7,0.002319
2017,21300,7,-0.008658
2017,21500,7,-0.004515
2017,21660,7,0.014998
2017,21820,7,0.004698
2017,22020,7,0.000164
2017,22140,7,-0.035619
2017,22380,7,-0.001448
2017,22420,7,-0.001007
2017,22500,7,-0.012445
2017,22520,7,-0.006908
2017,22540,7,0.003798
2017,22660,7,0.004534
2017,23420,7,-0.006595
2017,23460,7,-0.007289
2017,23580,7,0.010371
2017,24020,7,-0.008042
2017,24220,7,-0.014764
2017,24300,7,0.005967
2017,24500,7,-0.020759
2017,24540,7,0.021535
2017,24580,7,0.006488
2017,24660,7,-0.001875
2017,25420,7,0.006552
2017,25500,7,-0.00465
2017,25540,7,-0.002932
2017,25860,7,-0.000374
2017,25980,7,-0.008584
2017,26300,7,-0.003701
2017,26380,7,-0.015129
2017,26620,7,0.007423
2017,26980,7,0.001927
2017,27060,7,0.002189
2017,27100,7,-0.004933
2017,27260,7,0.009904
2017,27340,7,0.000374
2017,27500,7,0.004483
2017,27740,7,-0.000886
2017,27780,7,-0.002927
2017,27860,7,0.005812
2017,27900,7,-0.001292
2017,28100,7,-0.000515
2017,28420,7,0.012624
2017,28660,7,0.009842
2017,28700,7,-0.014774
2017,28740,7,0.002256
2017,29100,7,-0.004294
2017,29340,7,0.002023
2017,29420,7,-0.013038
2017,29460,7,0.01382
2017,29540,7,0.005938
2017,29700,7,0.000307
2017,29740,7,0.001445
2017,29820,7,0.001303
2017,29940,7,0.010383
2017,30140,7,0.011274
2017,30300,7,-0.005799
2017,30340,7,0.005711
2017,30460,7,0.008913
2017,30620,7,-0.003889
2017,30700,7,0.004841
2017,30780,7,-0.001543
2017,30860,7,0.017253
2017,31020,7,0.020256
2017,31420,7,-0.005022
2017,31700,7,0.007468
2017,31860,7,0.001757
2017,32580,7,0.008629
2017,32780,7,0.006467
2017,32900,7,-0.013736
2017,33140,7,-0.007631
2017,33340,7,-0.00094
2017,33540,7,0.005095
2017,33700,7,-0.005474
2017,33780,7,-0.00027
2017,33860,7,0.001399
2017,34060,7,-0.015903
2017,34580,7,0.017463
2017,34620,7,0.00135
2017,34740,7,0.007161
2017,34940,7,-0.004033
2017,35300,7,-0.001778
2017,35660,7,-0.002793
2017,35840,7,0.005006
2017,35980,7,0.003954
2017,36100,7,0.009891
2017,36220,7,-0.054631
2017,36420,7,0.000985
2017,36500,7,0.023406
2017,36540,7,0.006971
2017,36740,7,0.005721
2017,36780,7,0.00098
2017,36980,7,-0.00137
2017,37100,7,-0.011266
2017,37340,7,0.010773
2017,37860,7,0.005065
2017,38060,7,-0.007288
2017,38300,7,-0.004495
2017,38340,7,-0.006294
2017,38860,7,0.003703
2017,38900,7,0.007282
2017,38940,7,0.013005
2017,39300,7,0.005344
2017,39340,7,0.012945
2017,39380,7,0.011326
2017,39460,7,0.0174
2017,39540,7,0.00672
2017,39580,7,0.010221
2017,39740,7,0.003818
2017,39820,7,-0.011807
2017,39900,7,0.003241
2017,40140,7,-0.008551
2017,40420,7,0.00819
2017,40660,7,0.000148
2017,40900,7,-0.00218
2017,40980,7,0.002416
2017,41060,7,0.005606
2017,41100,7,0.008963
2017,41140,7,0.001663
2017,41420,7,0.023222
2017,41500,7,-0.000846
2017,41700,7,0.009593
2017,41740,7,-0.007675
2017,41940,7,-0.017367
2017,42020,7,-0.006999
2017,42100,7,-0.009101
2017,42140,7,0.005164
2017,42220,7,-0.011154
2017,42340,7,0.001714
2017,42540,7,-0.001338
2017,42680,7,0.016057
2017,43100,7,0.002449
2017,43620,7,0.004806
2017,43780,7,0.005654
2017,44100,7,-0.010124
2017,44180,7,0.002774
2017,44220,7,-0.003993
2017,44300,7,0.003959
2017,44700,7,-0.002865
2017,45060,7,-0.003189
2017,45220,7,-0.001331
2017,45820,7,-0.003163
2017,45940,7,0.005391
2017,46060,7,0.000934
2017,46140,7,0.000962
2017,46340,7,0.006732
2017,46540,7,-0.000483
2017,46660,7,-0.004368
2017,46700,7,-0.002276
2017,47220,7,-0.001226
2017,47300,7,-0.008817
2017,47940,7,-0.013597
2017,48300,7,0.005209
2017,48540,7,-0.023944
2017,48660,7,0.002966
2017,48700,7,-0.01095
2017,49020,7,-0.009251
2017,49420,7,0.003221
2017,49620,7,0.009895
2017,49660,7,-0.003587
2017,49740,7,0.000948
2017,10180,8,-0.008067
2017,10420,8,0.001418
2017,10580,8,0.001717
2017,10740,8,0.001727
2017,10780,8,-0.007598
2017,10900,8,0.007722
2017,11020,8,-0.005562
2017,11260,8,-0.00325
2017,11460,8,0.002656
2017,11500,8,-0.005186
2017,11540,8,0.003002
2017,11700,8,0.002474
2017,12020,8,0.009396
2017,12100,8,-0.002925
2017,12220,8,0.013887
2017,12420,8,0.006955
2017,12540,8,-0.021126
2017,12580,8,-0.015524
2017,12620,8,-0.00135
2017,12700,8,-0.003973
2017,12980,8,0.004251
2017,13020,8,-0.005635
2017,13380,8,0.016461
2017,13460,8,0.010369
2017,13780,8,-0.004458
2017,14260,8,-0.001114
2017,14500,8,0.003083
2017,14740,8,0.019466
2017,14860,8,-0.00059
2017,15180,8,0.002901
2017,15260,8,0.010495
2017,15380,8,-0.00245
2017,15500,8,0.005769
2017,15540,8,-0.008689
2017,15940,8,-0.002025
2017,15980,8,0.001713
2017,16020,8,-0.002655
2017,16180,8,-0.001756
2017,16220,8,-0.047929
2017,16300,8,0.003236
2017,16700,8,0.004154
2017,16860,8,-0.002695
2017,16940,8,-0.003221
2017,17020,8,0.001129
2017,17420,8,-0.000832
2017,17660,8,0.01158
2017,17780,8,0.011165
2017,17820,8,0.016999
2017,17900,8,0.001763
2017,18020,8,-0.003763
2017,18700,8,0.006183
2017,19340,8,-0.006905
2017,19460,8,-0.005441
2017,19500,8,-0.006094
2017,19740,8,0.000779
2017,20020,8,-0.005114
2017,20100,8,-0.002801
2017,20220,8,-0.007851
2017,20740,8,0.004601
2017,20940,8,-0.008523
2017,21140,8,0.001968
2017,21300,8,-0.008309
2017,21500,8,-0.00513
2017,21660,8,0.016841
2017,21820,8,0.009279
2017,22020,8,0.000331
2017,22140,8,-0.034907
2017,22380,8,-0.00305
2017,22420,8,-0.002931
2017,22500,8,-0.011564
2017,22520,8,-0.007285
2017,22540,8,0.004208
2017,22660,8,0.006125
2017,23420,8,-0.007693
2017,23460,8,-0.007856
2017,23580,8,0.008556
2017,24020,8,-0.008071
2017,24220,8,-0.016597
2017,24300,8,0.005943
2017,24500,8,-0.01778
2017,24540,8,0.023608
2017,24580,8,0.007498
2017,24660,8,-0.000179
2017,25420,8,0.007674
2017,25500,8,-0.00366
2017,25540,8,-0.002284
2017,25860,8,0.000523
2017,25980,8,-0.007665
2017,26300,8,-0.003551
2017,26380,8,-0.014909
2017,26620,8,0.008527
2017,26980,8,0.00263
2017,27060,8,0.001444
2017,27100,8,-0.006919
2017,27260,8,0.008905
2017,27340,8,0.00213
2017,27500,8,0.004193
2017,27740,8,-0.001456
2017,27780,8,-0.002815
2017,27860,8,0.006982
2017,27900,8,-0.000794
2017,28100,8,-0.000661
2017,28420,8,0.017544
2017,28660,8,0.011358
2017,28700,8,-0.014641
2017,28740,8,0.002318
2017,29100,8,-0.003324
2017,29340,8,0.001979
2017,29420,8,-0.014209
2017,29460,8,0.011089
2017,29540,8,0.00519
2017,29700,8,0.001143
2017,29740,8,0.004417
2017,29820,8,-0.004911
2017,29940,8,0.011694
2017,30140,8,0.012529
2017,30300,8,-0.005024
2017,30340,8,0.004982
2017,30460,8,0.009501
2017,30620,8,-0.0045
2017,30700,8,0.006315
2017,30780,8,-0.000549
2017,30860,8,0.019085
2017,31020,8,0.021683
2017,31420,8,-0.004413
2017,31700,8,0.00682
2017,31860,8,0.001754
2017,32580,8,0.009778
2017,32780,8,0.006484
2017,32900,8,-0.018198
2017,33140,8,-0.008046
2017,33340,8,-0.000908
2017,33540,8,0.007439
2017,33700,8,-0.010763
2017,33780,8,-0.001831
2017,33860,8,0.002003
2017,34060,8,-0.015179
2017,34580,8,0.019393
2017,34620,8,0.00253
2017,34740,8,0.005609
2017,34940,8,-0.007037
2017,35300,8,-0.001637
2017,35660,8,-0.003752
2017,35840,8,0.003036
2017,35980,8,0.004337
2017,36100,8,0.007774
2017,36220,8,-0.05947
2017,36420,8,0.001534
2017,36500,8,0.026299
2017,36540,8,0.007332
2017,36740,8,0.003304
2017,36780,8,0.002581
2017,36980,8,-0.001407
2017,37100,8,-0.011816
2017,37340,8,0.006658
2017,37860,8,0.005286
2017,38060,8,-0.012133
2017,38300,8,-0.00466
2017,38340,8,-0.006578
2017,38860,8,0.003803
2017,38900,8,0.008048
2017,38940,8,0.010079
2017,39300,8,0.004501
2017,39340,8,0.014174
2017,39380,8,0.01294
2017,39460,8,0.015012
2017,39540,8,0.006675
2017,39580,8,0.012501
2017,39740,8,0.003185
2017,39820,8,-0.012887
2017,39900,8,-0.001749
2017,40140,8,-0.011079
2017,40420,8,0.008159
2017,40660,8,0.000135
2017,40900,8,-0.00438
2017,40980,8,0.002452
2017,41060,8,0.004323
2017,41100,8,0.009287
2017,41140,8,5e-06
2017,41420,8,0.024177
2017,41500,8,-0.002751
2017,41700,8,0.009063
2017,41740,8,-0.007337
2017,41940,8,-0.018085
2017,42020,8,-0.007429
2017,42100,8,-0.009825
2017,42140,8,0.007186
2017,42220,8,-0.014068
2017,42340,8,0.001645
2017,42540,8,-0.000981
2017,42680,8,0.013415
2017,43100,8,0.002681
2017,43620,8,0.005732
2017,43780,8,0.005775
2017,44100,8,-0.009594
2017,44180,8,0.00244
2017,44220,8,-0.004128
2017,44300,8,0.003761
2017,44700,8,-0.006977
2017,45060,8,-0.0028
2017,45220,8,-0.001464
2017,45820,8,-0.00328
2017,45940,8,0.005726
2017,46060,8,0.000703
2017,46140,8,0.001276
2017,46340,8,0.007045
2017,46540,8,-0.000769
2017,46660,8,-0.003286
2017,46700,8,-0.006523
2017,47220,8,-0.00132
2017,47300,8,-0.009734
2017,47940,8,-0.014207
2017,48300,8,0.007928
2017,48540,8,-0.022374
2017,48660,8,0.002957
2017,48700,8,-0.011657
2017,49020,8,-0.008479
2017,49420,8,0.007333
2017,49620,8,0.009268
2017,49660,8,-0.003357
2017,49740,8,0.001114
2017,10180,9,-0.00855
2017,10420,9,0.000415
2017,10580,9,0.001732
2017,10740,9,0.006475
2017,10780,9,-0.006725
2017,10900,9,0.007234
2017,11020,9,-0.003205
2017,11260,9,0.004104
2017,11460,9,0.000356
2017,11500,9,-0.006167
2017,11540,9,0.00473
2017,11700,9,0.005088
2017,12020,9,0.008199
2017,12100,9,-0.005867
2017,12220,9,0.016086
2017,12420,9,0.003513
2017,12540,9,-0.032042
2017,12580,9,-0.014873
2017,12620,9,-0.0015
2017,12700,9,-0.00367
2017,12980,9,0.004125
2017,13020,9,-0.008117
2017,13380,9,0.023509
2017,13460,9,0.007817
2017,13780,9,-0.004669
2017,14260,9,-0.009761
2017,14500,9,0.007858
2017,14740,9,0.026783
2017,14860,9,-0.00273
2017,15180,9,0.001843
2017,15260,9,0.011638
2017,15380,9,-0.001989
2017,15500,9,0.009951
2017,15540,9,-0.007458
2017,15940,9,-0.004183
2017,15980,9,-0.000437
2017,16020,9,-0.000176
2017,16180,9,-0.01223
2017,16220,9,-0.052941
2017,16300,9,0.00447
2017,16700,9,0.004623
2017,16860,9,0.000438
2017,16940,9,0.003006
2017,17020,9,0.002787
2017,17420,9,-0.000572
2017,17660,9,0.012147
2017,17780,9,0.013526
2017,17820,9,0.023624
2017,17900,9,0.004445
2017,18020,9,-0.002906
2017,18700,9,0.015576
2017,19340,9,-0.003444
2017,19460,9,-0.008081
2017,19500,9,-0.005569
2017,19740,9,0.003064
2017,20020,9,-0.005835
2017,20100,9,-0.000257
2017,20220,9,-0.003365
2017,20740,9,0.007209
2017,20940,9,-0.00695
2017,21140,9,0.002694
2017,21300,9,-0.013708
2017,21500,9,-0.004806
2017,21660,9,0.023604
2017,21820,9,0.020836
2017,22020,9,-0.002711
2017,22140,9,-0.034432
2017,22380,9,-0.005937
2017,22420,9,-0.011878
2017,22500,9,-0.007578
2017,22520,9,-0.005926
2017,22540,9,0.006502
2017,22660,9,0.012543
2017,23420,9,-0.012144
2017,23460,9,-0.008616
2017,23580,9,0.000216
2017,24020,9,-0.012313
2017,24220,9,-0.022518
2017,24300,9,0.006094
2017,24500,9,-0.015264
2017,24540,9,0.028145
2017,24580,9,0.010335
2017,24660,9,0.004303
2017,25420,9,0.008729
2017,25500,9,-0.000164
2017,25540,9,-0.002799
2017,25860,9,0.004906
2017,25980,9,-0.014215
2017,26300,9,-0.005998
2017,26380,9,-0.016439
2017,26620,9,0.009576
2017,26980,9,0.002803
2017,27060,9,0.003068
2017,27100,9,-0.014304
2017,27260,9,0.007723
2017,27340,9,0.008997
2017,27500,9,0.00435
2017,27740,9,-0.003238
2017,27780,9,-0.002815
2017,27860,9,0.01066
2017,27900,9,-0.00326
2017,28100,9,0.000914
2017,28420,9,0.031506
2017,28660,9,0.014752
2017,28700,9,-0.009973
2017,28740,9,-0.000172
2017,29100,9,-0.001051
2017,29340,9,0.003341
2017,29420,9,-0.018722
2017,29460,9,0.007272
2017,29540,9,0.008681
2017,29700,9,-0.002339
2017,29740,9,0.010659
2017,29820,9,-0.021984
2017,29940,9,0.013869
2017,30140,9,0.015066
2017,30300,9,-0.001193
2017,30340,9,0.009467
2017,30460,9,0.011435
2017,30620,9,-0.003432
2017,30700,9,0.005883
2017,30780,9,0.001852
2017,30860,9,0.028599
2017,31020,9,0.029
2017,31420,9,-0.002297
2017,31700,9,0.006937
2017,31860,9,0.000182
2017,32580,9,0.012139
2017,32780,9,0.007132
2017,32900,9,-0.027294
2017,33140,9,-0.009707
2017,33340,9,-0.001225
2017,33540,9,0.013643
2017,33700,9,-0.022332
2017,33780,9,-0.005563
2017,33860,9,0.001027
2017,34060,9,-0.009617
2017,34580,9,0.025936
2017,34620,9,0.003732
2017,34740,9,0.003358
2017,34940,9,-0.015793
2017,35300,9,-0.002473
2017,35660,9,-0.003986
2017,35840,9,-0.001362
2017,35980,9,0.002958
2017,36100,9,0.00291
2017,36220,9,-0.07361
2017,36420,9,0.000666
2017,36500,9,0.034547
2017,36540,9,0.008018
2017,36740,9,-0.003358
2017,36780,9,0.00334
2017,36980,9,-5.3e-05
2017,37100,9,-0.014832
2017,37340,9,0.005023
2017,37860,9,0.006405
2017,38060,9,-0.023885
2017,38300,9,-0.003268
2017,38340,9,-0.007322
2017,38860,9,0.004491
2017,38900,9,0.01168
2017,38940,9,0.008843
2017,39300,9,0.003734
2017,39340,9,0.015988
2017,39380,9,0.018988
2017,39460,9,0.013776
2017,39540,9,0.00652
2017,39580,9,0.017263
2017,39740,9,0.002622
2017,39820,9,-0.017578
2017,39900,9,-0.015748
2017,40140,9,-0.01887
2017,40420,9,0.009432
2017,40660,9,0.003093
2017,40900,9,-0.01087
2017,40980,9,0.003337
2017,41060,9,0.004458
2017,41100,9,0.009853
2017,41140,9,0.001575
2017,41420,9,0.031379
2017,41500,9,-0.00686
2017,41700,9,0.011478
2017,41740,9,-0.007818
2017,41940,9,-0.020272
2017,42020,9,-0.00727
2017,42100,9,-0.009861
2017,42140,9,0.012838
2017,42220,9,-0.019943
2017,42340,9,0.001333
2017,42540,9,-0.000265
2017,42680,9,0.011642
2017,43100,9,0.004845
2017,43620,9,0.005966
2017,43780,9,0.00895
2017,44100,9,-0.007045
2017,44180,9,0.000867
2017,44220,9,-0.002564
2017,44300,9,0.005584
2017,44700,9,-0.017517
2017,45060,9,-0.001304
2017,45220,9,-0.002602
2017,45820,9,-0.002627
2017,45940,9,0.003643
2017,46060,9,-0.00144
2017,46140,9,-0.00031
2017,46340,9,0.00941
2017,46540,9,0.001703
2017,46660,9,-0.002071
2017,46700,9,-0.019049
2017,47220,9,-0.002537
2017,47300,9,-0.01394
2017,47940,9,-0.013056
2017,48300,9,0.013108
2017,48540,9,-0.031199
2017,48660,9,0.007715
2017,48700,9,-0.011499
2017,49020,9,-0.009137
2017,49420,9,0.016604
2017,49620,9,0.009593
2017,49660,9,-0.002454
2017,49740,9,-0.00087
2017,10180,10,-0.008469
2017,10420,10,0.001139
2017,10580,10,0.000661
2017,10740,10,0.002861
2017,10780,10,-0.007529
2017,10900,10,0.008255
2017,11020,10,-0.004085
2017,11260,10,-0.002004
2017,11460,10,0.003235
2017,11500,10,-0.005792
2017,11540,10,0.003549
2017,11700,10,0.004329
2017,12020,10,0.008684
2017,12100,10,-0.005626
2017,12220,10,0.016083
2017,12420,10,0.006108
2017,12540,10,-0.026807
2017,12580,10,-0.016145
2017,12620,10,-0.002318
2017,12700,10,-0.003204
2017,12980,10,0.004525
2017,13020,10,-0.007519
2017,13380,10,0.018513
2017,13460,10,0.00881
2017,13780,10,-0.004573
2017,14260,10,-0.004457
2017,14500,10,0.006261
2017,14740,10,0.023148
2017,14860,10,-0.002371
2017,15180,10,0.001971
2017,15260,10,0.011614
2017,15380,10,-0.002252
2017,15500,10,0.007506
2017,15540,10,-0.008562
2017,15940,10,-0.00353
2017,15980,10,0.001719
2017,16020,10,-0.000803
2017,16180,10,-0.004178
2017,16220,10,-0.052281
2017,16300,10,0.003714
2017,16700,10,0.005106
2017,16860,10,-0.001908
2017,16940,10,-0.001599
2017,17020,10,0.001376
2017,17420,10,-0.000852
2017,17660,10,0.012158
2017,17780,10,0.013615
2017,17820,10,0.020363
2017,17900,10,0.002232
2017,18020,10,-0.003583
2017,18700,10,0.010993
2017,19340,10,-0.005526
2017,19460,10,-0.007042
2017,19500,10,-0.006782
2017,19740,10,0.002733
2017,20020,10,-0.005417
2017,20100,10,-0.002229
2017,20220,10,-0.004699
2017,20740,10,0.005364
2017,20940,10,-0.007597
2017,21140,10,0.003081
2017,21300,10,-0.012494
2017,21500,10,-0.004587
2017,21660,10,0.020387
2017,21820,10,0.013214
2017,22020,10,-0.001706
2017,22140,10,-0.03838
2017,22380,10,-0.003979
2017,22420,10,-0.007372
2017,22500,10,-0.010178
2017,22520,10,-0.00666
2017,22540,10,0.005579
2017,22660,10,0.010081
2017,23420,10,-0.009943
2017,23460,10,-0.008406
2017,23580,10,0.005362
2017,24020,10,-0.011368
2017,24220,10,-0.020124
2017,24300,10,0.0059
2017,24500,10,-0.019428
2017,24540,10,0.026692
2017,24580,10,0.009052
2017,24660,10,0.001681
2017,25420,10,0.008162
2017,25500,10,-0.002286
2017,25540,10,-0.003098
2017,25860,10,0.002653
2017,25980,10,-0.013124
2017,26300,10,-0.005517
2017,26380,10,-0.016925
2017,26620,10,0.00884
2017,26980,10,0.002674
2017,27060,10,0.003004
2017,27100,10,-0.010185
2017,27260,10,0.009325
2017,27340,10,0.004821
2017,27500,10,0.004657
2017,27740,10,-0.002385
2017,27780,10,-0.003365
2017,27860,10,0.008989
2017,27900,10,-0.002646
2017,28100,10,0.000119
2017,28420,10,0.023759
2017,28660,10,0.012696
2017,28700,10,-0.012498
2017,28740,10,0.000708
2017,29100,10,-0.002897
2017,29340,10,0.002601
2017,29420,10,-0.016992
2017,29460,10,0.011435
2017,29540,10,0.008609
2017,29700,10,-0.00179
2017,29740,10,0.00608
2017,29820,10,-0.01078
2017,29940,10,0.012696
2017,30140,10,0.014163
2017,30300,10,-0.003576
2017,30340,10,0.008564
2017,30460,10,0.010948
2017,30620,10,-0.003608
2017,30700,10,0.005307
2017,30780,10,8.4e-05
2017,30860,10,0.024927
2017,31020,10,0.026086
2017,31420,10,-0.0038
2017,31700,10,0.007903
2017,31860,10,0.000683
2017,32580,10,0.010951
2017,32780,10,0.007268
2017,32900,10,-0.020922
2017,33140,10,-0.009264
2017,33340,10,-0.001297
2017,33540,10,0.009852
2017,33700,10,-0.014284
2017,33780,10,-0.002924
2017,33860,10,0.000919
2017,34060,10,-0.0127
2017,34580,10,0.022869
2017,34620,10,0.002462
2017,34740,10,0.005731
2017,34940,10,-0.010439
2017,35300,10,-0.002297
2017,35660,10,-0.003481
2017,35840,10,0.002044
2017,35980,10,0.003198
2017,36100,10,0.006537
2017,36220,10,-0.06636
2017,36420,10,0.000777
2017,36500,10,0.030449
2017,36540,10,0.00797
2017,36740,10,0.001205
2017,36780,10,0.001815
2017,36980,10,-0.000408
2017,37100,10,-0.013908
2017,37340,10,0.008875
2017,37860,10,0.005979
2017,38060,10,-0.0163
2017,38300,10,-0.003781
2017,38340,10,-0.007365
2017,38860,10,0.004468
2017,38900,10,0.009827
2017,38940,10,0.012181
2017,39300,10,0.004909
2017,39340,10,0.015284
2017,39380,10,0.016549
2017,39460,10,0.017112
2017,39540,10,0.006765
2017,39580,10,0.014801
2017,39740,10,0.003674
2017,39820,10,-0.015894
2017,39900,10,-0.007159
2017,40140,10,-0.014481
2017,40420,10,0.009107
2017,40660,10,0.002028
2017,40900,10,-0.00688
2017,40980,10,0.002895
2017,41060,10,0.005809
2017,41100,10,0.010392
2017,41140,10,0.001877
2017,41420,10,0.029156
2017,41500,10,-0.004013
2017,41700,10,0.011742
2017,41740,10,-0.008051
2017,41940,10,-0.019546
2017,42020,10,-0.007228
2017,42100,10,-0.009494
2017,42140,10,0.009579
2017,42220,10,-0.016124
2017,42340,10,0.001835
2017,42540,10,-0.000754
2017,42680,10,0.015063
2017,43100,10,0.004078
2017,43620,10,0.005658
2017,43780,10,0.007952
2017,44100,10,-0.008766
2017,44180,10,0.001849
2017,44220,10,-0.003131
2017,44300,10,0.005533
2017,44700,10,-0.010402
2017,45060,10,-0.002212
2017,45220,10,-0.002366
2017,45820,10,-0.003075
2017,45940,10,0.004383
2017,46060,10,-0.000605
2017,46140,10,0.000155
2017,46340,10,0.008899
2017,46540,10,0.000784
2017,46660,10,-0.003573
2017,46700,10,-0.01132
2017,47220,10,-0.002295
2017,47300,10,-0.012321
2017,47940,10,-0.01353
2017,48300,10,0.009331
2017,48540,10,-0.030549
2017,48660,10,0.005625
2017,48700,10,-0.011537
2017,49020,10,-0.010054
2017,49420,10,0.010431
2017,49620,10,0.010638
2017,49660,10,-0.003255
2017,49740,10,-0.000411
2017,10180,11,-0.009243
2017,10420,11,0.001768
2017,10580,11,0.000539
2017,10740,11,0.001503
2017,10780,11,-0.008299
2017,10900,11,0.008436
2017,11020,11,-0.004866
2017,11260,11,-0.003354
2017,11460,11,0.005279
2017,11500,11,-0.006375
2017,11540,11,0.003272
2017,11700,11,0.002806
2017,12020,11,0.009548
2017,12100,11,-0.005709
2017,12220,11,0.015522
2017,12420,11,0.007809
2017,12540,11,-0.025116
2017,12580,11,-0.017895
2017,12620,11,-0.002613
2017,12700,11,-0.003284
2017,12980,11,0.005219
2017,13020,11,-0.006015
2017,13380,11,0.017071
2017,13460,11,0.010732
2017,13780,11,-0.00553
2017,14260,11,-0.00296
2017,14500,11,0.005861
2017,14740,11,0.021008
2017,14860,11,-0.001091
2017,15180,11,0.002742
2017,15260,11,0.010133
2017,15380,11,-0.001683
2017,15500,11,0.00787
2017,15540,11,-0.009178
2017,15940,11,-0.002475
2017,15980,11,0.004238
2017,16020,11,-0.002266
2017,16180,11,-0.003608
2017,16220,11,-0.053995
2017,16300,11,0.004057
2017,16700,11,0.004824
2017,16860,11,-0.002226
2017,16940,11,-0.002451
2017,17020,11,0.000623
2017,17420,11,-0.000706
2017,17660,11,0.011658
2017,17780,11,0.013174
2017,17820,11,0.020528
2017,17900,11,0.002099
2017,18020,11,-0.003537
2017,18700,11,0.008308
2017,19340,11,-0.00701
2017,19460,11,-0.006305
2017,19500,11,-0.007642
2017,19740,11,0.003569
2017,20020,11,-0.005895
2017,20100,11,-0.003847
2017,20220,11,-0.006769
2017,20740,11,0.00469
2017,20940,11,-0.007109
2017,21140,11,0.002899
2017,21300,11,-0.010635
2017,21500,11,-0.004343
2017,21660,11,0.018674
2017,21820,11,0.011032
2017,22020,11,-0.000585
2017,22140,11,-0.041714
2017,22380,11,-0.004519
2017,22420,11,-0.003643
2017,22500,11,-0.011551
2017,22520,11,-0.007502
2017,22540,11,0.004556
2017,22660,11,0.010126
2017,23420,11,-0.009379
2017,23460,11,-0.00864
2017,23580,11,0.008465
2017,24020,11,-0.011053
2017,24220,11,-0.019582
2017,24300,11,0.004773
2017,24500,11,-0.020074
2017,24540,11,0.029228
2017,24580,11,0.008652
2017,24660,11,0.001303
2017,25420,11,0.008762
2017,25500,11,-0.003716
2017,25540,11,-0.002725
2017,25860,11,0.00184
2017,25980,11,-0.011756
2017,26300,11,-0.005013
2017,26380,11,-0.017663
2017,26620,11,0.00886
2017,26980,11,0.003154
2017,27060,11,0.002184
2017,27100,11,-0.007906
2017,27260,11,0.009338
2017,27340,11,0.000681
2017,27500,11,0.00431
2017,27740,11,-0.002153
2017,27780,11,-0.003572
2017,27860,11,0.00915
2017,27900,11,-0.001449
2017,28100,11,-0.001781
2017,28420,11,0.021434
2017,28660,11,0.012385
2017,28700,11,-0.014632
2017,28740,11,0.0011
2017,29100,11,-0.003979
2017,29340,11,0.001964
2017,29420,11,-0.016129
2017,29460,11,0.012082
2017,29540,11,0.007559
2017,29700,11,-0.000338
2017,29740,11,0.00393
2017,29820,11,-0.006332
2017,29940,11,0.01262
2017,30140,11,0.014454
2017,30300,11,-0.005536
2017,30340,11,0.006701
2017,30460,11,0.011269
2017,30620,11,-0.004522
2017,30700,11,0.006726
2017,30780,11,-0.000509
2017,30860,11,0.023495
2017,31020,11,0.024404
2017,31420,11,-0.004516
2017,31700,11,0.008522
2017,31860,11,0.001225
2017,32580,11,0.011032
2017,32780,11,0.006931
2017,32900,11,-0.017858
2017,33140,11,-0.009639
2017,33340,11,-0.00199
2017,33540,11,0.008529
2017,33700,11,-0.011131
2017,33780,11,-0.001071
2017,33860,11,0.00147
2017,34060,11,-0.014848
2017,34580,11,0.020897
2017,34620,11,0.002798
2017,34740,11,0.006973
2017,34940,11,-0.007733
2017,35300,11,-0.002175
2017,35660,11,-0.00433
2017,35840,11,0.004099
2017,35980,11,0.003502
2017,36100,11,0.007158
2017,36220,11,-0.067071
2017,36420,11,0.001619
2017,36500,11,0.028398
2017,36540,11,0.008499
2017,36740,11,0.002772
2017,36780,11,0.001883
2017,36980,11,2.8e-05
2017,37100,11,-0.01377
2017,37340,11,0.008563
2017,37860,11,0.005813
2017,38060,11,-0.014257
2017,38300,11,-0.003414
2017,38340,11,-0.00791
2017,38860,11,0.004659
2017,38900,11,0.008476
2017,38940,11,0.013447
2017,39300,11,0.005165
2017,39340,11,0.016328
2017,39380,11,0.016534
2017,39460,11,0.01844
2017,39540,11,0.006178
2017,39580,11,0.014949
2017,39740,11,0.003736
2017,39820,11,-0.015833
2017,39900,11,-0.003659
2017,40140,11,-0.012817
2017,40420,11,0.007786
2017,40660,11,0.001163
2017,40900,11,-0.005097
2017,40980,11,0.00323
2017,41060,11,0.005431
2017,41100,11,0.011158
2017,41140,11,0.000327
2017,41420,11,0.027422
2017,41500,11,-0.002217
2017,41700,11,0.011423
2017,41740,11,-0.007781
2017,41940,11,-0.018846
2017,42020,11,-0.007585
2017,42100,11,-0.009401
2017,42140,11,0.00816
2017,42220,11,-0.014992
2017,42340,11,0.001371
2017,42540,11,-0.00074
2017,42680,11,0.015855
2017,43100,11,0.00284
2017,43620,11,0.006344
2017,43780,11,0.006973
2017,44100,11,-0.009852
2017,44180,11,0.002093
2017,44220,11,-0.00392
2017,44300,11,0.005542
2017,44700,11,-0.006867
2017,45060,11,-0.002394
2017,45220,11,-0.003081
2017,45820,11,-0.003667
2017,45940,11,0.0052
2017,46060,11,-0.000695
2017,46140,11,0.001103
2017,46340,11,0.008797
2017,46540,11,-0.000257
2017,46660,11,-0.004249
2017,46700,11,-0.007536
2017,47220,11,-0.003185
2017,47300,11,-0.012012
2017,47940,11,-0.014717
2017,48300,11,0.007561
2017,48540,11,-0.027154
2017,48660,11,0.003859
2017,48700,11,-0.011581
2017,49020,11,-0.009775
2017,49420,11,0.008708
2017,49620,11,0.010561
2017,49660,11,-0.003624
2017,49740,11,-0.000485
2017,10180,12,-0.007295
2017,10420,12,0.000149
2017,10580,12,0.002865
2017,10740,12,0.00668
2017,10780,12,-0.005542
2017,10900,12,0.006713
2017,11020,12,-0.004278
2017,11260,12,0.004414
2017,11460,12,-0.002592
2017,11500,12,-0.004873
2017,11540,12,0.004471
2017,11700,12,0.004531
2017,12020,12,0.007162
2017,12100,12,-0.002324
2017,12220,12,0.014194
2017,12420,12,0.002294
2017,12540,12,-0.025472
2017,12580,12,-0.011353
2017,12620,12,-0.000451
2017,12700,12,-0.00449
2017,12980,12,0.002693
2017,13020,12,-0.007306
2017,13380,12,0.022103
2017,13460,12,0.00703
2017,13780,12,-0.002885
2017,14260,12,-0.007049
2017,14500,12,0.002815
2017,14740,12,0.024237
2017,14860,12,-0.002129
2017,15180,12,0.002208
2017,15260,12,0.011563
2017,15380,12,-0.003717
2017,15500,12,0.00742
2017,15540,12,-0.006611
2017,15940,12,-0.003914
2017,15980,12,-0.00396
2017,16020,12,-0.000742
2017,16180,12,-0.009974
2017,16220,12,-0.04315
2017,16300,12,0.003644
2017,16700,12,0.003925
2017,16860,12,-0.000373
2017,16940,12,0.00164
2017,17020,12,0.003253
2017,17420,12,-0.000739
2017,17660,12,0.012162
2017,17780,12,0.010573
2017,17820,12,0.018628
2017,17900,12,0.004218
2017,18020,12,-0.002749
2017,18700,12,0.01298
2017,19340,12,-0.003071
2017,19460,12,-0.006639
2017,19500,12,-0.003392
2017,19740,12,-0.00147
2017,20020,12,-0.004644
2017,20100,12,0.001212
2017,20220,12,-0.004122
2017,20740,12,0.006815
2017,20940,12,-0.008992
2017,21140,12,0.001417
2017,21300,12,-0.011331
2017,21500,12,-0.005658
2017,21660,12,0.021129
2017,21820,12,0.018565
2017,22020,12,-0.001604
2017,22140,12,-0.026297
2017,22380,12,-0.003299
2017,22420,12,-0.012089
2017,22500,12,-0.007299
2017,22520,12,-0.005751
2017,22540,12,0.006685
2017,22660,12,0.006543
2017,23420,12,-0.009346
2017,23460,12,-0.007328
2017,23580,12,0.000267
2017,24020,12,-0.007888
2017,24220,12,-0.019009
2017,24300,12,0.00781
2017,24500,12,-0.013097
2017,24540,12,0.019918
2017,24580,12,0.008908
2017,24660,12,0.002376
2017,25420,12,0.007357
2017,25500,12,0.000931
2017,25540,12,-0.001941
2017,25860,12,0.00322
2017,25980,12,-0.007443
2017,26300,12,-0.003711
2017,26380,12,-0.012974
2017,26620,12,0.00919
2017,26980,12,0.002363
2017,27060,12,0.001899
2017,27100,12,-0.013098
2017,27260,12,0.007179
2017,27340,12,0.011353
2017,27500,12,0.003871
2017,27740,12,-0.002058
2017,27780,12,-0.002619
2017,27860,12,0.008068
2017,27900,12,-0.002549
2017,28100,12,0.002851
2017,28420,12,0.026121
2017,28660,12,0.013008
2017,28700,12,-0.009099
2017,28740,12,0.001485
2017,29100,12,-0.000495
2017,29340,12,0.002874
2017,29420,12,-0.016359
2017,29460,12,0.006369
2017,29540,12,0.006423
2017,29700,12,-0.000745
2017,29740,12,0.01145
2017,29820,12,-0.0188
2017,29940,12,0.012423
2017,30140,12,0.012732
2017,30300,12,-0.000225
2017,30340,12,0.007621
2017,30460,12,0.008938
2017,30620,12,-0.002771
2017,30700,12,0.004772
2017,30780,12,0.001957
2017,30860,12,0.02326
2017,31020,12,0.025097
2017,31420,12,-0.002067
2017,31700,12,0.004728
2017,31860,12,0.000833
2017,32580,12,0.010296
2017,32780,12,0.006491
2017,32900,12,-0.027008
2017,33140,12,-0.007523
2017,33340,12,0.000169
2017,33540,12,0.01229
2017,33700,12,-0.021125
2017,33780,12,-0.006578
2017,33860,12,0.001561
2017,34060,12,-0.009598
2017,34580,12,0.023493
2017,34620,12,0.002584
2017,34740,12,0.001375
2017,34940,12,-0.01478
2017,35300,12,-0.001444
2017,35660,12,-0.00301
2017,35840,12,-0.003093
2017,35980,12,0.003844
2017,36100,12,0.003826
2017,36220,12,-0.061329
2017,36420,12,0.000451
2017,36500,12,0.031927
2017,36540,12,0.006399
2017,36740,12,-0.002443
2017,36780,12,0.004009
2017,36980,12,-0.002386
2017,37100,12,-0.0123
2017,37340,12,0.002148
2017,37860,12,0.005721
2017,38060,12,-0.02006
2017,38300,12,-0.005327
2017,38340,12,-0.005434
2017,38860,12,0.003198
2017,38900,12,0.010072
2017,38940,12,0.003681
2017,39300,12,0.002576
2017,39340,12,0.013298
2017,39380,12,0.014251
2017,39460,12,0.009204
2017,39540,12,0.007069
2017,39580,12,0.014196
2017,39740,12,0.002491
2017,39820,12,-0.01312
2017,39900,12,-0.013804
2017,40140,12,-0.015918
2017,40420,12,0.010387
2017,40660,12,0.001787
2017,40900,12,-0.009638
2017,40980,12,0.002057
2017,41060,12,0.003231
2017,41100,12,0.00829
2017,41140,12,0.001436
2017,41420,12,0.026866
2017,41500,12,-0.007887
2017,41700,12,0.008445
2017,41740,12,-0.007256
2017,41940,12,-0.019498
2017,42020,12,-0.006983
2017,42100,12,-0.010585
2017,42140,12,0.01125
2017,42220,12,-0.018522
2017,42340,12,0.002112
2017,42540,12,-0.000384
2017,42680,12,0.008232
2017,43100,12,0.004543
2017,43620,12,0.004966
2017,43780,12,0.007406
2017,44100,12,-0.006381
2017,44180,12,0.001293
2017,44220,12,-0.002437
2017,44300,12,0.003273
2017,44700,12,-0.017051
2017,45060,12,-0.001976
2017,45220,12,-0.000558
2017,45820,12,-0.002137
2017,45940,12,0.004182
2017,46060,12,0.000472
2017,46140,12,-0.000197
2017,46340,12,0.007006
2017,46540,12,0.000903
2017,46660,12,0.000161
2017,46700,12,-0.01737
2017,47220,12,-0.000166
2017,47300,12,-0.010729
2017,47940,12,-0.01175
2017,48300,12,0.01337
2017,48540,12,-0.027443
2017,48660,12,0.006333
2017,48700,12,-0.011455
2017,49020,12,-0.007448
2017,49420,12,0.014409
2017,49620,12,0.008573
2017,49660,12,-0.002522
2017,49740,12,0.001533
2017,10180,13,-0.008041
2017,10420,13,-3.9e-05
2017,10580,13,0.002245
2017,10740,13,0.00678
2017,10780,13,-0.006759
2017,10900,13,0.007051
2017,11020,13,-0.002848
2017,11260,13,0.004512
2017,11460,13,-0.000688
2017,11500,13,-0.006034
2017,11540,13,0.005163
2017,11700,13,0.006028
2017,12020,13,0.007964
2017,12100,13,-0.005681
2017,12220,13,0.016678
2017,12420,13,0.003635
2017,12540,13,-0.032983
2017,12580,13,-0.014071
2017,12620,13,-0.001109
2017,12700,13,-0.00368
2017,12980,13,0.00363
2017,13020,13,-0.009285
2017,13380,13,0.024612
2017,13460,13,0.008026
2017,13780,13,-0.004347
2017,14260,13,-0.00986
2017,14500,13,0.00839
2017,14740,13,0.028028
2017,14860,13,-0.003306
2017,15180,13,0.000977
2017,15260,13,0.012464
2017,15380,13,-0.002024
2017,15500,13,0.009414
2017,15540,13,-0.006823
2017,15940,13,-0.004641
2017,15980,13,-0.00085
2017,16020,13,0.000257
2017,16180,13,-0.012547
2017,16220,13,-0.052203
2017,16300,13,0.004036
2017,16700,13,0.005325
2017,16860,13,0.000409
2017,16940,13,0.003402
2017,17020,13,0.003146
2017,17420,13,-0.000407
2017,17660,13,0.012929
2017,17780,13,0.014296
2017,17820,13,0.023438
2017,17900,13,0.004391
2017,18020,13,-0.002645
2017,18700,13,0.016784
2017,19340,13,-0.002624
2017,19460,13,-0.00877
2017,19500,13,-0.005325
2017,19740,13,0.003112
2017,20020,13,-0.005663
2017,20100,13,0.000747
2017,20220,13,-0.002666
2017,20740,13,0.007935
2017,20940,13,-0.007344
2017,21140,13,0.003012
2017,21300,13,-0.014601
2017,21500,13,-0.005151
2017,21660,13,0.024329
2017,21820,13,0.021204
2017,22020,13,-0.002327
2017,22140,13,-0.033272
2017,22380,13,-0.005733
2017,22420,13,-0.013643
2017,22500,13,-0.007392
2017,22520,13,-0.005512
2017,22540,13,0.006856
2017,22660,13,0.013032
2017,23420,13,-0.012476
2017,23460,13,-0.008795
2017,23580,13,-0.001341
2017,24020,13,-0.012405
2017,24220,13,-0.022224
2017,24300,13,0.006465
2017,24500,13,-0.014964
2017,24540,13,0.02734
2017,24580,13,0.010722
2017,24660,13,0.004126
2017,25420,13,0.008566
2017,25500,13,0.000234
2017,25540,13,-0.003151
2017,25860,13,0.004654
2017,25980,13,-0.015532
2017,26300,13,-0.006768
2017,26380,13,-0.016016
2017,26620,13,0.009844
2017,26980,13,0.002716
2017,27060,13,0.003706
2017,27100,13,-0.01549
2017,27260,13,0.008084
2017,27340,13,0.01087
2017,27500,13,0.004746
2017,27740,13,-0.003442
2017,27780,13,-0.00272
2017,27860,13,0.010219
2017,27900,13,-0.004037
2017,28100,13,0.001636
2017,28420,13,0.032667
2017,28660,13,0.014896
2017,28700,13,-0.009609
2017,28740,13,-0.000439
2017,29100,13,-1.9e-05
2017,29340,13,0.003838
2017,29420,13,-0.019128
2017,29460,13,0.007166
2017,29540,13,0.009019
2017,29700,13,-0.00287
2017,29740,13,0.011263
2017,29820,13,-0.024157
2017,29940,13,0.014152
2017,30140,13,0.014902
2017,30300,13,-0.000598
2017,30340,13,0.010199
2017,30460,13,0.011499
2017,30620,13,-0.003238
2017,30700,13,0.005557
2017,30780,13,0.001878
2017,30860,13,0.028791
2017,31020,13,0.029602
2017,31420,13,-0.002618
2017,31700,13,0.006591
2017,31860,13,1.7e-05
2017,32580,13,0.012099
2017,32780,13,0.007404
2017,32900,13,-0.029143
2017,33140,13,-0.009432
2017,33340,13,-0.00065
2017,33540,13,0.014305
2017,33700,13,-0.024114
2017,33780,13,-0.006664
2017,33860,13,0.000651
2017,34060,13,-0.008735
2017,34580,13,0.027012
2017,34620,13,0.003578
2017,34740,13,0.002731
2017,34940,13,-0.016257
2017,35300,13,-0.002704
2017,35660,13,-0.003596
2017,35840,13,-0.001601
2017,35980,13,0.00266
2017,36100,13,0.00259
2017,36220,13,-0.072573
2017,36420,13,0.00033
2017,36500,13,0.035443
2017,36540,13,0.007759
2017,36740,13,-0.003475
2017,36780,13,0.003567
2017,36980,13,-0.000195
2017,37100,13,-0.014927
2017,37340,13,0.005476
2017,37860,13,0.006512
2017,38060,13,-0.02455
2017,38300,13,-0.003377
2017,38340,13,-0.007192
2017,38860,13,0.004672
2017,38900,13,0.013083
2017,38940,13,0.008543
2017,39300,13,0.003699
2017,39340,13,0.015727
2017,39380,13,0.018369
2017,39460,13,0.01344
2017,39540,13,0.006909
2017,39580,13,0.017527
2017,39740,13,0.002383
2017,39820,13,-0.017845
2017,39900,13,-0.016907
2017,40140,13,-0.019674
2017,40420,13,0.009748
2017,40660,13,0.002987
2017,40900,13,-0.011699
2017,40980,13,0.002896
2017,41060,13,0.004314
2017,41100,13,0.009728
2017,41140,13,0.001818
2017,41420,13,0.032152
2017,41500,13,-0.007926
2017,41700,13,0.011827
2017,41740,13,-0.00783
2017,41940,13,-0.0203
2017,42020,13,-0.007129
2017,42100,13,-0.009958
2017,42140,13,0.013102
2017,42220,13,-0.020583
2017,42340,13,0.001718
2017,42540,13,-0.000493
2017,42680,13,0.011536
2017,43100,13,0.00556
2017,43620,13,0.006072
2017,43780,13,0.009482
2017,44100,13,-0.006498
2017,44180,13,0.000734
2017,44220,13,-0.00241
2017,44300,13,0.005778
2017,44700,13,-0.019352
2017,45060,13,-0.001231
2017,45220,13,-0.002288
2017,45820,13,-0.002674
2017,45940,13,0.003304
2017,46060,13,-0.00154
2017,46140,13,-0.0009
2017,46340,13,0.009305
2017,46540,13,0.002176
2017,46660,13,-0.002265
2017,46700,13,-0.0209
2017,47220,13,-0.002019
2017,47300,13,-0.014078
2017,47940,13,-0.0128
2017,48300,13,0.014231
2017,48540,13,-0.032569
2017,48660,13,0.008038
2017,48700,13,-0.011489
2017,49020,13,-0.009154
2017,49420,13,0.0171
2017,49620,13,0.009396
2017,49660,13,-0.002319
2017,49740,13,-0.001065
2017,10180,14,-0.008873
2017,10420,14,0.001392
2017,10580,14,0.00049
2017,10740,14,0.002921
2017,10780,14,-0.00748
2017,10900,14,0.008271
2017,11020,14,-0.004288
2017,11260,14,-0.001652
2017,11460,14,0.003758
2017,11500,14,-0.006022
2017,11540,14,0.003439
2017,11700,14,0.003709
2017,12020,14,0.008761
2017,12100,14,-0.005753
2017,12220,14,0.0157
2017,12420,14,0.00602
2017,12540,14,-0.026564
2017,12580,14,-0.016623
2017,12620,14,-0.002507
2017,12700,14,-0.003259
2017,12980,14,0.004803
2017,13020,14,-0.006731
2017,13380,14,0.018265
2017,13460,14,0.00892
2017,13780,14,-0.004849
2017,14260,14,-0.004767
2017,14500,14,0.005952
2017,14740,14,0.022545
2017,14860,14,-0.001941
2017,15180,14,0.00253
2017,15260,14,0.0109
2017,15380,14,-0.002186
2017,15500,14,0.008155
2017,15540,14,-0.008812
2017,15940,14,-0.003258
2017,15980,14,0.002045
2017,16020,14,-0.001196
2017,16180,14,-0.004928
2017,16220,14,-0.052801
2017,16300,14,0.004096
2017,16700,14,0.004678
2017,16860,14,-0.001681
2017,16940,14,-0.001401
2017,17020,14,0.001223
2017,17420,14,-0.000878
2017,17660,14,0.011705
2017,17780,14,0.0131
2017,17820,14,0.020828
2017,17900,14,0.002533
2017,18020,14,-0.003597
2017,18700,14,0.010506
2017,19340,14,-0.005881
2017,19460,14,-0.006678
2017,19500,14,-0.006849
2017,19740,14,0.002778
2017,20020,14,-0.005621
2017,20100,14,-0.002728
2017,20220,14,-0.005145
2017,20740,14,0.005116
2017,20940,14,-0.007267
2017,21140,14,0.002808
2017,21300,14,-0.01199
2017,21500,14,-0.00436
2017,21660,14,0.020119
2017,21820,14,0.013645
2017,22020,14,-0.001807
2017,22140,14,-0.038962
2017,22380,14,-0.004326
2017,22420,14,-0.006571
2017,22500,14,-0.010135
2017,22520,14,-0.006903
2017,22540,14,0.005421
2017,22660,14,0.01003
2017,23420,14,-0.009896
2017,23460,14,-0.008342
2017,23580,14,0.005952
2017,24020,14,-0.01131
2017,24220,14,-0.020506
2017,24300,14,0.005589
2017,24500,14,-0.019269
2017,24540,14,0.027581
2017,24580,14,0.008958
2017,24660,14,0.002019
2017,25420,14,0.008399
2017,25500,14,-0.002342
2017,25540,14,-0.002797
2017,25860,14,0.002923
2017,25980,14,-0.012208
2017,26300,14,-0.005082
2017,26380,14,-0.017215
2017,26620,14,0.008809
2017,26980,14,0.002819
2017,27060,14,0.002533
2017,27100,14,-0.009762
2017,27260,14,0.008952
2017,27340,14,0.003815
2017,27500,14,0.004311
2017,27740,14,-0.002315
2017,27780,14,-0.00345
2017,27860,14,0.00947
2017,27900,14,-0.002198
2017,28100,14,-0.00038
2017,28420,14,0.023735
2017,28660,14,0.012808
2017,28700,14,-0.012598
2017,28740,14,0.000794
2017,29100,14,-0.003382
2017,29340,14,0.002315
2017,29420,14,-0.01687
2017,29460,14,0.011086
2017,29540,14,0.008356
2017,29700,14,-0.00137
2017,29740,14,0.00603
2017,29820,14,-0.010225
2017,29940,14,0.012663
2017,30140,14,0.014382
2017,30300,14,-0.003888
2017,30340,14,0.008067
2017,30460,14,0.010997
2017,30620,14,-0.003741
2017,30700,14,0.005718
2017,30780,14,0.000237
2017,30860,14,0.025071
2017,31020,14,0.025825
2017,31420,14,-0.003554
2017,31700,14,0.008055
2017,31860,14,0.000812
2017,32580,14,0.011107
2017,32780,14,0.007036
2017,32900,14,-0.0202
2017,33140,14,-0.009496
2017,33340,14,-0.001692
2017,33540,14,0.009793
2017,33700,14,-0.013804
2017,33780,14,-0.002399
2017,33860,14,0.001199
2017,34060,14,-0.013079
2017,34580,14,0.022317
2017,34620,14,0.002643
2017,34740,14,0.005918
2017,34940,14,-0.010384
2017,35300,14,-0.002152
2017,35660,14,-0.003844
2017,35840,14,0.002061
2017,35980,14,0.003337
2017,36100,14,0.006337
2017,36220,14,-0.06772
2017,36420,14,0.001042
2017,36500,14,0.03018
2017,36540,14,0.008177
2017,36740,14,0.000979
2017,36780,14,0.001892
2017,36980,14,-0.000281
2017,37100,14,-0.013965
2017,37340,14,0.008082
2017,37860,14,0.005962
2017,38060,14,-0.016464
2017,38300,14,-0.003635
2017,38340,14,-0.007489
2017,38860,14,0.004387
2017,38900,14,0.009037
2017,38940,14,0.012012
2017,39300,14,0.004777
2017,39340,14,0.015686
2017,39380,14,0.017128
2017,39460,14,0.017045
2017,39540,14,0.00642
2017,39580,14,0.015018
2017,39740,14,0.003721
2017,39820,14,-0.01587
2017,39900,14,-0.007118
2017,40140,14,-0.014283
2017,40420,14,0.008843
2017,40660,14,0.002075
2017,40900,14,-0.00664
2017,40980,14,0.003233
2017,41060,14,0.005632
2017,41100,14,0.010591
2017,41140,14,0.001526
2017,41420,14,0.028703
2017,41500,14,-0.003566
2017,41700,14,0.011453
2017,41740,14,-0.007983
2017,41940,14,-0.019527
2017,42020,14,-0.007364
2017,42100,14,-0.009511
2017,42140,14,0.009547
2017,42220,14,-0.016061
2017,42340,14,0.001528
2017,42540,14,-0.000557
2017,42680,14,0.014777
2017,43100,14,0.00357
2017,43620,14,0.005728
2017,43780,14,0.007654
2017,44100,14,-0.008959
2017,44180,14,0.001816
2017,44220,14,-0.003207
2017,44300,14,0.005426
2017,44700,14,-0.009729
2017,45060,14,-0.002174
2017,45220,14,-0.002678
2017,45820,14,-0.00309
2017,45940,14,0.004577
2017,46060,14,-0.000667
2017,46140,14,0.000531
2017,46340,14,0.008936
2017,46540,14,0.000497
2017,46660,14,-0.003266
2017,46700,14,-0.010696
2017,47220,14,-0.002729
2017,47300,14,-0.012358
2017,47940,14,-0.013725
2017,48300,14,0.008924
2017,48540,14,-0.029736
2017,48660,14,0.005445
2017,48700,14,-0.011509
2017,49020,14,-0.009859
2017,49420,14,0.010611
2017,49620,14,0.010646
2017,49660,14,-0.003317
2017,49740,14,-0.000349
2017,10180,15,-0.008582
2017,10420,15,0.001396
2017,10580,15,-4.3e-05
2017,10740,15,0.002758
2017,10780,15,-0.006876
2017,10900,15,0.008411
2017,11020,15,-0.004158
2017,11260,15,-0.002247
2017,11460,15,0.003795
2017,11500,15,-0.005618
2017,11540,15,0.003029
2017,11700,15,0.003952
2017,12020,15,0.00807
2017,12100,15,-0.005751
2017,12220,15,0.015427
2017,12420,15,0.005388
2017,12540,15,-0.025399
2017,12580,15,-0.01598
2017,12620,15,-0.002814
2017,12700,15,-0.003019
2017,12980,15,0.004653
2017,13020,15,-0.006742
2017,13380,15,0.01713
2017,13460,15,0.007789
2017,13780,15,-0.004281
2017,14260,15,-0.004366
2017,14500,15,0.005126
2017,14740,15,0.021898
2017,14860,15,-0.002399
2017,15180,15,0.002625
2017,15260,15,0.010959
2017,15380,15,-0.002679
2017,15500,15,0.007615
2017,15540,15,-0.008901
2017,15940,15,-0.003589
2017,15980,15,0.001141
2017,16020,15,-0.000649
2017,16180,15,-0.003322
2017,16220,15,-0.05127
2017,16300,15,0.003973
2017,16700,15,0.004493
2017,16860,15,-0.001927
2017,16940,15,-0.002102
2017,17020,15,0.001076
2017,17420,15,-0.001185
2017,17660,15,0.011451
2017,17780,15,0.012625
2017,17820,15,0.019805
2017,17900,15,0.00209
2017,18020,15,-0.003867
2017,18700,15,0.010343
2017,19340,15,-0.005729
2017,19460,15,-0.006359
2017,19500,15,-0.00651
2017,19740,15,0.001842
2017,20020,15,-0.005297
2017,20100,15,-0.00277
2017,20220,15,-0.004363
2017,20740,15,0.004695
2017,20940,15,-0.007432
2017,21140,15,0.002677
2017,21300,15,-0.012384
2017,21500,15,-0.004145
2017,21660,15,0.019887
2017,21820,15,0.013242
2017,22020,15,-0.002506
2017,22140,15,-0.037875
2017,22380,15,-0.003451
2017,22420,15,-0.007018
2017,22500,15,-0.009767
2017,22520,15,-0.006642
2017,22540,15,0.005738
2017,22660,15,0.008692
2017,23420,15,-0.009402
2017,23460,15,-0.00782
2017,23580,15,0.005829
2017,24020,15,-0.010955
2017,24220,15,-0.02023
2017,24300,15,0.006067
2017,24500,15,-0.019917
2017,24540,15,0.02565
2017,24580,15,0.008584
2017,24660,15,0.001709
2017,25420,15,0.007841
2017,25500,15,-0.001835
2017,25540,15,-0.002817
2017,25860,15,0.00312
2017,25980,15,-0.011502
2017,26300,15,-0.004647
2017,26380,15,-0.016988
2017,26620,15,0.008342
2017,26980,15,0.00248
2017,27060,15,0.002662
2017,27100,15,-0.009608
2017,27260,15,0.008955
2017,27340,15,0.004374
2017,27500,15,0.004223
2017,27740,15,-0.001971
2017,27780,15,-0.003591
2017,27860,15,0.009243
2017,27900,15,-0.002397
2017,28100,15,0.000324
2017,28420,15,0.022452
2017,28660,15,0.0123
2017,28700,15,-0.011593
2017,28740,15,0.000861
2017,29100,15,-0.003723
2017,29340,15,0.002247
2017,29420,15,-0.016584
2017,29460,15,0.011575
2017,29540,15,0.008843
2017,29700,15,-0.001916
2017,29740,15,0.00597
2017,29820,15,-0.008997
2017,29940,15,0.012038
2017,30140,15,0.013912
2017,30300,15,-0.003352
2017,30340,15,0.008651
2017,30460,15,0.010466
2017,30620,15,-0.003094
2017,30700,15,0.004696
2017,30780,15,0.000285
2017,30860,15,0.024933
2017,31020,15,0.025576
2017,31420,15,-0.003198
2017,31700,15,0.007986
2017,31860,15,0.000713
2017,32580,15,0.010626
2017,32780,15,0.006951
2017,32900,15,-0.019262
2017,33140,15,-0.009224
2017,33340,15,-0.001628
2017,33540,15,0.009413
2017,33700,15,-0.012659
2017,33780,15,-0.002291
2017,33860,15,0.001009
2017,34060,15,-0.012655
2017,34580,15,0.021827
2017,34620,15,0.002052
2017,34740,15,0.005947
2017,34940,15,-0.010489
2017,35300,15,-0.001981
2017,35660,15,-0.00332
2017,35840,15,0.001605
2017,35980,15,0.003282
2017,36100,15,0.006852
2017,36220,15,-0.06571
2017,36420,15,0.000686
2017,36500,15,0.029737
2017,36540,15,0.007863
2017,36740,15,0.001043
2017,36780,15,0.001348
2017,36980,15,-0.000623
2017,37100,15,-0.013684
2017,37340,15,0.00877
2017,37860,15,0.005909
2017,38060,15,-0.0153
2017,38300,15,-0.003903
2017,38340,15,-0.007062
2017,38860,15,0.004059
2017,38900,15,0.008348
2017,38940,15,0.011891
2017,39300,15,0.004744
2017,39340,15,0.014961
2017,39380,15,0.016733
2017,39460,15,0.016943
2017,39540,15,0.006491
2017,39580,15,0.01404
2017,39740,15,0.004088
2017,39820,15,-0.015048
2017,39900,15,-0.006775
2017,40140,15,-0.013594
2017,40420,15,0.009408
2017,40660,15,0.002433
2017,40900,15,-0.00629
2017,40980,15,0.003203
2017,41060,15,0.006141
2017,41100,15,0.010331
2017,41140,15,0.00258
2017,41420,15,0.02846
2017,41500,15,-0.003433
2017,41700,15,0.01136
2017,41740,15,-0.008164
2017,41940,15,-0.019648
2017,42020,15,-0.007141
2017,42100,15,-0.009427
2017,42140,15,0.009343
2017,42220,15,-0.015367
2017,42340,15,0.001623
2017,42540,15,-0.000492
2017,42680,15,0.01489
2017,43100,15,0.003604
2017,43620,15,0.00501
2017,43780,15,0.007687
2017,44100,15,-0.008774
2017,44180,15,0.001861
2017,44220,15,-0.002846
2017,44300,15,0.005232
2017,44700,15,-0.009122
2017,45060,15,-0.002312
2017,45220,15,-0.002411
2017,45820,15,-0.00274
2017,45940,15,0.004299
2017,46060,15,-0.000395
2017,46140,15,0.000323
2017,46340,15,0.00879
2017,46540,15,0.000724
2017,46660,15,-0.002757
2017,46700,15,-0.010123
2017,47220,15,-0.002514
2017,47300,15,-0.011938
2017,47940,15,-0.012972
2017,48300,15,0.008386
2017,48540,15,-0.03112
2017,48660,15,0.005983
2017,48700,15,-0.011238
2017,49020,15,-0.010002
2017,49420,15,0.009852
2017,49620,15,0.011008
2017,49660,15,-0.003386
2017,49740,15,-2.6e-05
2017,10180,16,-0.007057
2017,10420,16,-3.8e-05
2017,10580,16,0.001552
2017,10740,16,0.009015
2017,10780,16,-0.00346
2017,10900,16,0.006667
2017,11020,16,-0.00323
2017,11260,16,0.007493
2017,11460,16,-0.003615
2017,11500,16,-0.004291
2017,11540,16,0.004149
2017,11700,16,0.005256
2017,12020,16,0.005123
2017,12100,16,-0.003252
2017,12220,16,0.013567
2017,12420,16,-0.00189
2017,12540,16,-0.026397
2017,12580,16,-0.009153
2017,12620,16,-0.001244
2017,12700,16,-0.003997
2017,12980,16,0.002454
2017,13020,16,-0.007212
2017,13380,16,0.022394
2017,13460,16,0.002199
2017,13780,16,-0.001709
2017,14260,16,-0.010722
2017,14500,16,0.002224
2017,14740,16,0.025083
2017,14860,16,-0.003357
2017,15180,16,0.002734
2017,15260,16,0.011285
2017,15380,16,-0.004743
2017,15500,16,0.008571
2017,15540,16,-0.00631
2017,15940,16,-0.005093
2017,15980,16,-0.007675
2017,16020,16,0.001356
2017,16180,16,-0.012213
2017,16220,16,-0.04009
2017,16300,16,0.004358
2017,16700,16,0.002687
2017,16860,16,0.000986
2017,16940,16,0.003337
2017,17020,16,0.003777
2017,17420,16,-0.00137
2017,17660,16,0.010845
2017,17780,16,0.00919
2017,17820,16,0.019083
2017,17900,16,0.004918
2017,18020,16,-0.002751
2017,18700,16,0.01636
2017,19340,16,-0.001374
2017,19460,16,-0.006276
2017,19500,16,-0.002043
2017,19740,16,-0.003204
2017,20020,16,-0.004107
2017,20100,16,0.002032
2017,20220,16,-0.000781
2017,20740,16,0.006437
2017,20940,16,-0.008286
2017,21140,16,0.001061
2017,21300,16,-0.013183
2017,21500,16,-0.005014
2017,21660,16,0.023005
2017,21820,16,0.02336
2017,22020,16,-0.005191
2017,22140,16,-0.022652
2017,22380,16,-0.0028
2017,22420,16,-0.016284
2017,22500,16,-0.004061
2017,22520,16,-0.00477
2017,22540,16,0.008198
2017,22660,16,0.005627
2017,23420,16,-0.009719
2017,23460,16,-0.006066
2017,23580,16,-0.00317
2017,24020,16,-0.00828
2017,24220,16,-0.020904
2017,24300,16,0.00873
2017,24500,16,-0.011824
2017,24540,16,0.016846
2017,24580,16,0.008894
2017,24660,16,0.004201
2017,25420,16,0.006616
2017,25500,16,0.003952
2017,25540,16,-0.001575
2017,25860,16,0.006068
2017,25980,16,-0.006564
2017,26300,16,-0.002624
2017,26380,16,-0.012406
2017,26620,16,0.008285
2017,26980,16,0.001839
2017,27060,16,0.00214
2017,27100,16,-0.015293
2017,27260,16,0.005688
2017,27340,16,0.014932
2017,27500,16,0.003319
2017,27740,16,-0.001887
2017,27780,16,-0.002855
2017,27860,16,0.009328
2017,27900,16,-0.002976
2017,28100,16,0.004812
2017,28420,16,0.028728
2017,28660,16,0.013
2017,28700,16,-0.004319
2017,28740,16,0.000927
2017,29100,16,-0.000646
2017,29340,16,0.002723
2017,29420,16,-0.017041
2017,29460,16,0.004803
2017,29540,16,0.008293
2017,29700,16,-0.002999
2017,29740,16,0.01447
2017,29820,16,-0.023409
2017,29940,16,0.011514
2017,30140,16,0.012822
2017,30300,16,0.003118
2017,30340,16,0.009825
2017,30460,16,0.008123
2017,30620,16,-0.00099
2017,30700,16,0.002399
2017,30780,16,0.00332
2017,30860,16,0.026632
2017,31020,16,0.026804
2017,31420,16,0.000378
2017,31700,16,0.004218
2017,31860,16,-0.000143
2017,32580,16,0.010075
2017,32780,16,0.006217
2017,32900,16,-0.028357
2017,33140,16,-0.007499
2017,33340,16,-2.8e-05
2017,33540,16,0.013965
2017,33700,16,-0.02342
2017,33780,16,-0.007731
2017,33860,16,0.001105
2017,34060,16,-0.005847
2017,34580,16,0.024356
2017,34620,16,0.002198
2017,34740,16,0.000128
2017,34940,16,-0.019581
2017,35300,16,-0.001
2017,35660,16,-0.002233
2017,35840,16,-0.007112
2017,35980,16,0.003495
2017,36100,16,0.002498
2017,36220,16,-0.061576
2017,36420,16,-0.000357
2017,36500,16,0.033737
2017,36540,16,0.005856
2017,36740,16,-0.006068
2017,36780,16,0.003249
2017,36980,16,-0.002624
2017,37100,16,-0.012309
2017,37340,16,0.000984
2017,37860,16,0.005792
2017,38060,16,-0.022808
2017,38300,16,-0.005462
2017,38340,16,-0.0045
2017,38860,16,0.002367
2017,38900,16,0.008759
2017,38940,16,0.001506
2017,39300,16,0.001767
2017,39340,16,0.012114
2017,39380,16,0.01623
2017,39460,16,0.007072
2017,39540,16,0.006849
2017,39580,16,0.013587
2017,39740,16,0.003059
2017,39820,16,-0.012607
2017,39900,16,-0.01978
2017,40140,16,-0.017287
2017,40420,16,0.011825
2017,40660,16,0.003991
2017,40900,16,-0.011527
2017,40980,16,0.002313
2017,41060,16,0.004287
2017,41100,16,0.007593
2017,41140,16,0.003883
2017,41420,16,0.028229
2017,41500,16,-0.009262
2017,41700,16,0.008481
2017,41740,16,-0.007464
2017,41940,16,-0.020351
2017,42020,16,-0.006235
2017,42100,16,-0.010182
2017,42140,16,0.013677
2017,42220,16,-0.019369
2017,42340,16,0.002012
2017,42540,16,0.000407
2017,42680,16,0.006293
2017,43100,16,0.005273
2017,43620,16,0.003223
2017,43780,16,0.008215
2017,44100,16,-0.0047
2017,44180,16,0.000775
2017,44220,16,-0.000981
2017,44300,16,0.003152
2017,44700,16,-0.020031
2017,45060,16,-0.001582
2017,45220,16,-0.000358
2017,45820,16,-0.000794
2017,45940,16,0.0028
2017,46060,16,0.000415
2017,46140,16,-0.000872
2017,46340,16,0.007759
2017,46540,16,0.002006
2017,46660,16,0.002566
2017,46700,16,-0.021242
2017,47220,16,-0.000322
2017,47300,16,-0.011234
2017,47940,16,-0.00917
2017,48300,16,0.014227
2017,48540,16,-0.031367
2017,48660,16,0.009226
2017,48700,16,-0.010689
2017,49020,16,-0.007549
2017,49420,16,0.017344
2017,49620,16,0.009233
2017,49660,16,-0.002216
2017,49740,16,0.001875
2017,10180,17,-0.006989
2017,10420,17,0.000813
2017,10580,17,0.000777
2017,10740,17,0.002647
2017,10780,17,-0.005865
2017,10900,17,0.007675
2017,11020,17,-0.004376
2017,11260,17,-0.002634
2017,11460,17,0.001338
2017,11500,17,-0.004257
2017,11540,17,0.002666
2017,11700,17,0.004314
2017,12020,17,0.00714
2017,12100,17,-0.003422
2017,12220,17,0.013944
2017,12420,17,0.004548
2017,12540,17,-0.021265
2017,12580,17,-0.012997
2017,12620,17,-0.001818
2017,12700,17,-0.003301
2017,12980,17,0.003412
2017,13020,17,-0.007045
2017,13380,17,0.015941
2017,13460,17,0.006976
2017,13780,17,-0.002843
2017,14260,17,-0.002252
2017,14500,17,0.002536
2017,14740,17,0.02025
2017,14860,17,-0.002628
2017,15180,17,0.002186
2017,15260,17,0.011376
2017,15380,17,-0.003545
2017,15500,17,0.004916
2017,15540,17,-0.00805
2017,15940,17,-0.003649
2017,15980,17,-0.001377
2017,16020,17,-0.000397
2017,16180,17,-0.000524
2017,16220,17,-0.044159
2017,16300,17,0.002833
2017,16700,17,0.004234
2017,16860,17,-0.002555
2017,16940,17,-0.00314
2017,17020,17,0.001408
2017,17420,17,-0.001404
2017,17660,17,0.01148
2017,17780,17,0.010942
2017,17820,17,0.01565
2017,17900,17,0.001228
2017,18020,17,-0.003999
2017,18700,17,0.00877
2017,19340,17,-0.005047
2017,19460,17,-0.00573
2017,19500,17,-0.00489
2017,19740,17,-0.000966
2017,20020,17,-0.004307
2017,20100,17,-0.001534
2017,20220,17,-0.004315
2017,20740,17,0.004636
2017,20940,17,-0.008754
2017,21140,17,0.002008
2017,21300,17,-0.011044
2017,21500,17,-0.004757
2017,21660,17,0.018139
2017,21820,17,0.011123
2017,22020,17,-0.00184
2017,22140,17,-0.030758
2017,22380,17,-0.001429
2017,22420,17,-0.007367
2017,22500,17,-0.009453
2017,22520,17,-0.005944
2017,22540,17,0.005683
2017,22660,17,0.004617
2017,23420,17,-0.007689
2017,23460,17,-0.006804
2017,23580,17,0.005028
2017,24020,17,-0.008165
2017,24220,17,-0.016853
2017,24300,17,0.007322
2017,24500,17,-0.01825
2017,24540,17,0.018987
2017,24580,17,0.007404
2017,24660,17,-3.3e-05
2017,25420,17,0.006312
2017,25500,17,-0.001299
2017,25540,17,-0.002698
2017,25860,17,0.001815
2017,25980,17,-0.008357
2017,26300,17,-0.003585
2017,26380,17,-0.01417
2017,26620,17,0.00769
2017,26980,17,0.001722
2017,27060,17,0.002566
2017,27100,17,-0.009059
2017,27260,17,0.008746
2017,27340,17,0.00644
2017,27500,17,0.004242
2017,27740,17,-0.001186
2017,27780,17,-0.003039
2017,27860,17,0.006821
2017,27900,17,-0.002408
2017,28100,17,0.001944
2017,28420,17,0.018264
2017,28660,17,0.010841
2017,28700,17,-0.010668
2017,28740,17,0.001667
2017,29100,17,-0.002818
2017,29340,17,0.002454
2017,29420,17,-0.014669
2017,29460,17,0.011112
2017,29540,17,0.007308
2017,29700,17,-0.001414
2017,29740,17,0.006111
2017,29820,17,-0.007518
2017,29940,17,0.010705
2017,30140,17,0.011656
2017,30300,17,-0.00231
2017,30340,17,0.007872
2017,30460,17,0.008544
2017,30620,17,-0.002512
2017,30700,17,0.003382
2017,30780,17,0.00013
2017,30860,17,0.020795
2017,31020,17,0.022905
2017,31420,17,-0.003239
2017,31700,17,0.006287
2017,31860,17,0.000975
2017,32580,17,0.00897
2017,32780,17,0.006523
2017,32900,17,-0.019218
2017,33140,17,-0.007466
2017,33340,17,-0.000393
2017,33540,17,0.008326
2017,33700,17,-0.011905
2017,33780,17,-0.003265
2017,33860,17,0.000996
2017,34060,17,-0.011998
2017,34580,17,0.020251
2017,34620,17,0.001235
2017,34740,17,0.004581
2017,34940,17,-0.009636
2017,35300,17,-0.00158
2017,35660,17,-0.002213
2017,35840,17,0.00063
2017,35980,17,0.003602
2017,36100,17,0.007529
2017,36220,17,-0.056266
2017,36420,17,0.000184
2017,36500,17,0.027417
2017,36540,17,0.006406
2017,36740,17,0.001731
2017,36780,17,0.001558
2017,36980,17,-0.002028
2017,37100,17,-0.011735
2017,37340,17,0.008146
2017,37860,17,0.005397
2017,38060,17,-0.012414
2017,38300,17,-0.005031
2017,38340,17,-0.005532
2017,38860,17,0.003221
2017,38900,17,0.008142
2017,38940,17,0.009094
2017,39300,17,0.004137
2017,39340,17,0.012393
2017,39380,17,0.012718
2017,39460,17,0.01396
2017,39540,17,0.007002
2017,39580,17,0.011204
2017,39740,17,0.003691
2017,39820,17,-0.012011
2017,39900,17,-0.005039
2017,40140,17,-0.011693
2017,40420,17,0.009922
2017,40660,17,0.001596
2017,40900,17,-0.005627
2017,40980,17,0.002191
2017,41060,17,0.005408
2017,41100,17,0.008502
2017,41140,17,0.003079
2017,41420,17,0.025478
2017,41500,17,-0.004165
2017,41700,17,0.009498
2017,41740,17,-0.007807
2017,41940,17,-0.01867
2017,42020,17,-0.006653
2017,42100,17,-0.009578
2017,42140,17,0.008115
2017,42220,17,-0.014057
2017,42340,17,0.002047
2017,42540,17,-0.000834
2017,42680,17,0.012964
2017,43100,17,0.00376
2017,43620,17,0.004016
2017,43780,17,0.006882
2017,44100,17,-0.008031
2017,44180,17,0.002041
2017,44220,17,-0.002745
2017,44300,17,0.003773
2017,44700,17,-0.009281
2017,45060,17,-0.002712
2017,45220,17,-0.000822
2017,45820,17,-0.002277
2017,45940,17,0.00422
2017,46060,17,0.00078
2017,46140,17,-6.6e-05
2017,46340,17,0.007053
2017,46540,17,0.000699
2017,46660,17,-0.001895
2017,46700,17,-0.009375
2017,47220,17,-0.000674
2017,47300,17,-0.00967
2017,47940,17,-0.011743
2017,48300,17,0.008554
2017,48540,17,-0.028376
2017,48660,17,0.005553
2017,48700,17,-0.010824
2017,49020,17,-0.008889
2017,49420,17,0.007922
2017,49620,17,0.009907
2017,49660,17,-0.003172
2017,49740,17,0.001271
2017,10180,18,-0.007144
2017,10420,18,-0.000106
2017,10580,18,0.003745
2017,10740,18,0.006268
2017,10780,18,-0.006541
2017,10900,18,0.006643
2017,11020,18,-0.004393
2017,11260,18,0.003799
2017,11460,18,-0.002951
2017,11500,18,-0.005047
2017,11540,18,0.004972
2017,11700,18,0.004931
2017,12020,18,0.008135
2017,12100,18,-0.002045
2017,12220,18,0.015026
2017,12420,18,0.003761
2017,12540,18,-0.026645
2017,12580,18,-0.011872
2017,12620,18,0.000162
2017,12700,18,-0.004726
2017,12980,18,0.002604
2017,13020,18,-0.008276
2017,13380,18,0.023343
2017,13460,18,0.0088
2017,13780,18,-0.003304
2017,14260,18,-0.006272
2017,14500,18,0.004031
2017,14740,18,0.02539
2017,14860,18,-0.002023
2017,15180,18,0.001418
2017,15260,18,0.012451
2017,15380,18,-0.003173
2017,15500,18,0.006855
2017,15540,18,-0.006405
2017,15940,18,-0.003718
2017,15980,18,-0.002841
2017,16020,18,-0.001122
2017,16180,18,-0.009845
2017,16220,18,-0.044854
2017,16300,18,0.003176
2017,16700,18,0.004799
2017,16860,18,-0.000706
2017,16940,18,0.001593
2017,17020,18,0.003438
2017,17420,18,-0.000374
2017,17660,18,0.013199
2017,17780,18,0.011881
2017,17820,18,0.018922
2017,17900,18,0.004023
2017,18020,18,-0.002569
2017,18700,18,0.013012
2017,19340,18,-0.0032
2017,19460,18,-0.007403
2017,19500,18,-0.003907
2017,19740,18,-0.000416
2017,20020,18,-0.004816
2017,20100,18,0.001565
2017,20220,18,-0.00499
2017,20740,18,0.007529
2017,20940,18,-0.009419
2017,21140,18,0.001937
2017,21300,18,-0.011202
2017,21500,18,-0.00628
2017,21660,18,0.021381
2017,21820,18,0.017475
2017,22020,18,-0.00028
2017,22140,18,-0.027519
2017,22380,18,-0.003717
2017,22420,18,-0.011708
2017,22500,18,-0.008398
2017,22520,18,-0.00592
2017,22540,18,0.006307
2017,22660,18,0.007855
2017,23420,18,-0.009787
2017,23460,18,-0.008103
2017,23580,18,0.000509
2017,24020,18,-0.008232
2017,24220,18,-0.018441
2017,24300,18,0.007646
2017,24500,18,-0.013118
2017,24540,18,0.021207
2017,24580,18,0.009335
2017,24660,18,0.001839
2017,25420,18,0.007709
2017,25500,18,-7.6e-05
2017,25540,18,-0.002375
2017,25860,18,0.002206
2017,25980,18,-0.009313
2017,26300,18,-0.004754
2017,26380,18,-0.013028
2017,26620,18,0.009792
2017,26980,18,0.002568
2017,27060,18,0.002351
2017,27100,18,-0.013267
2017,27260,18,0.007963
2017,27340,18,0.011226
2017,27500,18,0.004521
2017,27740,18,-0.002422
2017,27780,18,-0.002347
2017,27860,18,0.007466
2017,27900,18,-0.002753
2017,28100,18,0.002423
2017,28420,18,0.026649
2017,28660,18,0.013339
2017,28700,18,-0.010876
2017,28740,18,0.001468
2017,29100,18,0.000328
2017,29340,18,0.003323
2017,29420,18,-0.016639
2017,29460,18,0.006839
2017,29540,18,0.005955
2017,29700,18,-0.00036
2017,29740,18,0.010896
2017,29820,18,-0.019484
2017,29940,18,0.013181
2017,30140,18,0.012933
2017,30300,18,-0.000951
2017,30340,18,0.007295
2017,30460,18,0.009533
2017,30620,18,-0.003554
2017,30700,18,0.005617
2017,30780,18,0.001421
2017,30860,18,0.022666
2017,31020,18,0.025419
2017,31420,18,-0.003171
2017,31700,18,0.004767
2017,31860,18,0.000958
2017,32580,18,0.010591
2017,32780,18,0.006928
2017,32900,18,-0.028406
2017,33140,18,-0.007547
2017,33340,18,0.000601
2017,33540,18,0.012351
2017,33700,18,-0.022124
2017,33780,18,-0.007012
2017,33860,18,0.001494
2017,34060,18,-0.010348
2017,34580,18,0.024468
2017,34620,18,0.003
2017,34740,18,0.001493
2017,34940,18,-0.013854
2017,35300,18,-0.001856
2017,35660,18,-0.003187
2017,35840,18,-0.001903
2017,35980,18,0.003852
2017,36100,18,0.004033
2017,36220,18,-0.061836
2017,36420,18,0.000622
2017,36500,18,0.032362
2017,36540,18,0.006569
2017,36740,18,-0.001479
2017,36780,18,0.0045
2017,36980,18,-0.002182
2017,37100,18,-0.012511
2017,37340,18,0.002893
2017,37860,18,0.005809
2017,38060,18,-0.020283
2017,38300,18,-0.005271
2017,38340,18,-0.005847
2017,38860,18,0.003752
2017,38900,18,0.011854
2017,38940,18,0.004618
2017,39300,18,0.002985
2017,39340,18,0.013742
2017,39380,18,0.013588
2017,39460,18,0.009972
2017,39540,18,0.007524
2017,39580,18,0.014844
2017,39740,18,0.002047
2017,39820,18,-0.014008
2017,39900,18,-0.012833
2017,40140,18,-0.016464
2017,40420,18,0.009962
2017,40660,18,0.001012
2017,40900,18,-0.009818
2017,40980,18,0.001652
2017,41060,18,0.0029
2017,41100,18,0.008428
2017,41140,18,0.000524
2017,41420,18,0.027502
2017,41500,18,-0.008198
2017,41700,18,0.008951
2017,41740,18,-0.007207
2017,41940,18,-0.01937
2017,42020,18,-0.007187
2017,42100,18,-0.010757
2017,42140,18,0.01104
2017,42220,18,-0.019052
2017,42340,18,0.002385
2017,42540,18,-0.000836
2017,42680,18,0.009031
2017,43100,18,0.004992
2017,43620,18,0.005824
2017,43780,18,0.007602
2017,44100,18,-0.006733
2017,44180,18,0.00143
2017,44220,18,-0.00301
2017,44300,18,0.003624
2017,44700,18,-0.01772
2017,45060,18,-0.002021
2017,45220,18,-0.000463
2017,45820,18,-0.002679
2017,45940,18,0.00449
2017,46060,18,0.000344
2017,46140,18,-0.000317
2017,46340,18,0.007041
2017,46540,18,0.000838
2017,46660,18,-0.001176
2017,46700,18,-0.017754
2017,47220,18,0.000148
2017,47300,18,-0.010999
2017,47940,18,-0.012761
2017,48300,18,0.014113
2017,48540,18,-0.026394
2017,48660,18,0.005578
2017,48700,18,-0.011925
2017,49020,18,-0.007604
2017,49420,18,0.01424
2017,49620,18,0.008201
2017,49660,18,-0.002476
2017,49740,18,0.001141
2017,10180,19,-0.007144
2017,10420,19,-0.000106
2017,10580,19,0.003745
2017,10740,19,0.006268
2017,10780,19,-0.006541
2017,10900,19,0.006643
2017,11020,19,-0.004393
2017,11260,19,0.003799
2017,11460,19,-0.002951
2017,11500,19,-0.005047
2017,11540,19,0.004972
2017,11700,19,0.004931
2017,12020,19,0.008135
2017,12100,19,-0.002045
2017,12220,19,0.015026
2017,12420,19,0.003761
2017,12540,19,-0.026645
2017,12580,19,-0.011872
2017,12620,19,0.000162
2017,12700,19,-0.004726
2017,12980,19,0.002604
2017,13020,19,-0.008276
2017,13380,19,0.023343
2017,13460,19,0.0088
2017,13780,19,-0.003304
2017,14260,19,-0.006272
2017,14500,19,0.004031
2017,14740,19,0.02539
2017,14860,19,-0.002023
2017,15180,19,0.001418
2017,15260,19,0.012451
2017,15380,19,-0.003173
2017,15500,19,0.006855
2017,15540,19,-0.006405
2017,15940,19,-0.003718
2017,15980,19,-0.002841
2017,16020,19,-0.001122
2017,16180,19,-0.009845
2017,16220,19,-0.044854
2017,16300,19,0.003176
2017,16700,19,0.004799
2017,16860,19,-0.000706
2017,16940,19,0.001593
2017,17020,19,0.003438
2017,17420,19,-0.000374
2017,17660,19,0.013199
2017,17780,19,0.011881
2017,17820,19,0.018922
2017,17900,19,0.004023
2017,18020,19,-0.002569
2017,18700,19,0.013012
2017,19340,19,-0.0032
2017,19460,19,-0.007403
2017,19500,19,-0.003907
2017,19740,19,-0.000416
2017,20020,19,-0.004816
2017,20100,19,0.001565
2017,20220,19,-0.00499
2017,20740,19,0.007529
2017,20940,19,-0.009419
2017,21140,19,0.001937
2017,21300,19,-0.011202
2017,21500,19,-0.00628
2017,21660,19,0.021381
2017,21820,19,0.017475
2017,22020,19,-0.00028
2017,22140,19,-0.027519
2017,22380,19,-0.003717
2017,22420,19,-0.011708
2017,22500,19,-0.008398
2017,22520,19,-0.00592
2017,22540,19,0.006307
2017,22660,19,0.007855
2017,23420,19,-0.009787
2017,23460,19,-0.008103
2017,23580,19,0.000509
2017,24020,19,-0.008232
2017,24220,19,-0.018441
2017,24300,19,0.007646
2017,24500,19,-0.013118
2017,24540,19,0.021207
2017,24580,19,0.009335
2017,24660,19,0.001839
2017,25420,19,0.007709
2017,25500,19,-7.6e-05
2017,25540,19,-0.002375
2017,25860,19,0.002206
2017,25980,19,-0.009313
2017,26300,19,-0.004754
2017,26380,19,-0.013028
2017,26620,19,0.009792
2017,26980,19,0.002568
2017,27060,19,0.002351
2017,27100,19,-0.013267
2017,27260,19,0.007963
2017,27340,19,0.011226
2017,27500,19,0.004521
2017,27740,19,-0.002422
2017,27780,19,-0.002347
2017,27860,19,0.007466
2017,27900,19,-0.002753
2017,28100,19,0.002423
2017,28420,19,0.026649
2017,28660,19,0.013339
2017,28700,19,-0.010876
2017,28740,19,0.001468
2017,29100,19,0.000328
2017,29340,19,0.003323
2017,29420,19,-0.016639
2017,29460,19,0.006839
2017,29540,19,0.005955
2017,29700,19,-0.00036
2017,29740,19,0.010896
2017,29820,19,-0.019484
2017,29940,19,0.013181
2017,30140,19,0.012933
2017,30300,19,-0.000951
2017,30340,19,0.007295
2017,30460,19,0.009533
2017,30620,19,-0.003554
2017,30700,19,0.005617
2017,30780,19,0.001421
2017,30860,19,0.022666
2017,31020,19,0.025419
2017,31420,19,-0.003171
2017,31700,19,0.004767
2017,31860,19,0.000958
2017,32580,19,0.010591
2017,32780,19,0.006928
2017,32900,19,-0.028406
2017,33140,19,-0.007547
2017,33340,19,0.000601
2017,33540,19,0.012351
2017,33700,19,-0.022124
2017,33780,19,-0.007012
2017,33860,19,0.001494
2017,34060,19,-0.010348
2017,34580,19,0.024468
2017,34620,19,0.003
2017,34740,19,0.001493
2017,34940,19,-0.013854
2017,35300,19,-0.001856
2017,35660,19,-0.003187
2017,35840,19,-0.001903
2017,35980,19,0.003852
2017,36100,19,0.004033
2017,36220,19,-0.061836
2017,36420,19,0.000622
2017,36500,19,0.032362
2017,36540,19,0.006569
2017,36740,19,-0.001479
2017,36780,19,0.0045
2017,36980,19,-0.002182
2017,37100,19,-0.012511
2017,37340,19,0.002893
2017,37860,19,0.005809
2017,38060,19,-0.020283
2017,38300,19,-0.005271
2017,38340,19,-0.005847
2017,38860,19,0.003752
2017,38900,19,0.011854
2017,38940,19,0.004618
2017,39300,19,0.002985
2017,39340,19,0.013742
2017,39380,19,0.013588
2017,39460,19,0.009972
2017,39540,19,0.007524
2017,39580,19,0.014844
2017,39740,19,0.002047
2017,39820,19,-0.014008
2017,39900,19,-0.012833
2017,40140,19,-0.016464
2017,40420,19,0.009962
2017,40660,19,0.001012
2017,40900,19,-0.009818
2017,40980,19,0.001652
2017,41060,19,0.0029
2017,41100,19,0.008428
2017,41140,19,0.000524
2017,41420,19,0.027502
2017,41500,19,-0.008198
2017,41700,19,0.008951
2017,41740,19,-0.007207
2017,41940,19,-0.01937
2017,42020,19,-0.007187
2017,42100,19,-0.010757
2017,42140,19,0.01104
2017,42220,19,-0.019052
2017,42340,19,0.002385
2017,42540,19,-0.000836
2017,42680,19,0.009031
2017,43100,19,0.004992
2017,43620,19,0.005824
2017,43780,19,0.007602
2017,44100,19,-0.006733
2017,44180,19,0.00143
2017,44220,19,-0.00301
2017,44300,19,0.003624
2017,44700,19,-0.01772
2017,45060,19,-0.002021
2017,45220,19,-0.000463
2017,45820,19,-0.002679
2017,45940,19,0.00449
2017,46060,19,0.000344
2017,46140,19,-0.000317
2017,46340,19,0.007041
2017,46540,19,0.000838
2017,46660,19,-0.001176
2017,46700,19,-0.017754
2017,47220,19,0.000148
2017,47300,19,-0.010999
2017,47940,19,-0.012761
2017,48300,19,0.014113
2017,48540,19,-0.026394
2017,48660,19,0.005578
2017,48700,19,-0.011925
2017,49020,19,-0.007604
2017,49420,19,0.01424
2017,49620,19,0.008201
2017,49660,19,-0.002476
2017,49740,19,0.001141
2018,10180,0,-0.010061
2018,10420,0,7.3e-05
2018,10580,0,0.00083
2018,10740,0,0.002851
2018,10780,0,-0.007634
2018,10900,0,0.008159
2018,11020,0,-0.00292
2018,11260,0,-0.009005
2018,11460,0,-0.003058
2018,11500,0,-0.004305
2018,11540,0,0.008881
2018,11700,0,-0.004608
2018,12020,0,0.011457
2018,12100,0,-0.002964
2018,12220,0,0.010749
2018,12420,0,-0.006532
2018,12540,0,-0.007856
2018,12580,0,-0.009137
2018,12620,0,0.000502
2018,12700,0,-0.001845
2018,12980,0,0.001886
2018,13020,0,0.00528
2018,13380,0,0.025836
2018,13460,0,-5.9e-05
2018,13780,0,-0.001906
2018,14260,0,0.004985
2018,14500,0,-0.017398
2018,14740,0,0.011439
2018,14860,0,-0.003426
2018,15180,0,0.006868
2018,15260,0,0.001607
2018,15380,0,-0.001679
2018,15500,0,0.017499
2018,15540,0,-0.005325
2018,15940,0,-0.006165
2018,15980,0,-0.008618
2018,16020,0,-0.008963
2018,16180,0,-0.015984
2018,16220,0,-0.036838
2018,16300,0,0.007876
2018,16700,0,-0.003313
2018,16860,0,0.004475
2018,16940,0,-0.007209
2018,17020,0,0.008423
2018,17420,0,0.005088
2018,17660,0,0.01523
2018,17780,0,-0.006465
2018,17820,0,0.01537
2018,17900,0,0.005473
2018,18020,0,-0.00537
2018,18700,0,0.017502
2018,19340,0,-0.007456
2018,19460,0,0.001134
2018,19500,0,-0.008083
2018,19740,0,-0.011546
2018,20020,0,-0.004906
2018,20100,0,-0.000738
2018,20220,0,-0.00175
2018,20740,0,0.002016
2018,20940,0,-0.003182
2018,21140,0,-0.00088
2018,21300,0,-0.00153
2018,21500,0,-0.010678
2018,21660,0,0.014951
2018,21820,0,-0.003923
2018,22020,0,-0.013663
2018,22140,0,-0.013359
2018,22380,0,-0.0117
2018,22420,0,-0.009416
2018,22500,0,-0.002641
2018,22520,0,-0.00571
2018,22540,0,0.007829
2018,22660,0,-0.003436
2018,23420,0,0.001055
2018,23460,0,-0.004229
2018,23580,0,-0.002659
2018,24020,0,0.004048
2018,24220,0,-0.026503
2018,24300,0,0.005468
2018,24500,0,-0.002758
2018,24540,0,0.016515
2018,24580,0,0.009963
2018,24660,0,0.003636
2018,25420,0,0.005539
2018,25500,0,0.000746
2018,25540,0,-0.000752
2018,25860,0,0.007791
2018,25980,0,0.015686
2018,26300,0,0.010449
2018,26380,0,-0.017801
2018,26620,0,0.006681
2018,26980,0,0.005422
2018,27100,0,0.004786
2018,27260,0,0.00073
2018,27340,0,0.013229
2018,27500,0,0.006458
2018,27740,0,-0.000521
2018,27780,0,-0.005809
2018,27860,0,0.010251
2018,27900,0,0.004435
2018,28100,0,-0.00469
2018,28420,0,0.032038
2018,28660,0,0.015684
2018,28700,0,-0.001604
2018,28740,0,0.008388
2018,29100,0,-0.001892
2018,29340,0,-0.008409
2018,29420,0,-0.003101
2018,29460,0,0.010573
2018,29540,0,0.006836
2018,29700,0,-0.00069
2018,29740,0,0.012079
2018,29820,0,-0.008566
2018,29940,0,0.003445
2018,30140,0,0.011987
2018,30300,0,0.004316
2018,30340,0,0.005174
2018,30460,0,0.004917
2018,30620,0,-0.001447
2018,30700,0,0.006583
2018,30780,0,0.006546
2018,30860,0,0.018204
2018,31020,0,0.021047
2018,31420,0,4.7e-05
2018,31700,0,0.001977
2018,31860,0,0.007775
2018,32580,0,0.007406
2018,32780,0,0.002428
2018,32900,0,-0.002498
2018,33140,0,-0.007804
2018,33340,0,-0.003497
2018,33540,0,0.003615
2018,33700,0,-0.012277
2018,33780,0,-0.000779
2018,33860,0,-0.003908
2018,34060,0,-0.01415
2018,34580,0,0.018501
2018,34620,0,-0.000672
2018,34740,0,0.002049
2018,34940,0,-0.023267
2018,35300,0,-0.000455
2018,35660,0,-0.001115
2018,35840,0,-0.014167
2018,35980,0,0.005173
2018,36100,0,0.008068
2018,36220,0,-0.034517
2018,36420,0,-0.002215
2018,36500,0,0.028523
2018,36540,0,0.006404
2018,36740,0,-0.004555
2018,36780,0,0.008866
2018,36980,0,-0.005671
2018,37100,0,-0.009787
2018,37340,0,-0.001271
2018,37860,0,0.004367
2018,38060,0,-0.009823
2018,38300,0,-0.009249
2018,38340,0,-0.006498
2018,38860,0,0.003186
2018,38900,0,-0.009996
2018,38940,0,-0.007165
2018,39300,0,0.001608
2018,39340,0,0.008375
2018,39380,0,0.015034
2018,39460,0,-0.002427
2018,39540,0,0.007199
2018,39580,0,0.009846
2018,39740,0,0.007945
2018,39820,0,-0.00028
2018,39900,0,-0.019802
2018,40140,0,-0.008188
2018,40420,0,0.004849
2018,40660,0,0.011493
2018,40900,0,-0.00359
2018,40980,0,0.000147
2018,41060,0,0.008318
2018,41100,0,0.02418
2018,41140,0,-0.005123
2018,41420,0,0.016064
2018,41500,0,-0.013241
2018,41700,0,0.00565
2018,41740,0,-0.006804
2018,41940,0,-0.025258
2018,42020,0,-0.010256
2018,42100,0,-0.013836
2018,42140,0,0.005173
2018,42220,0,-0.020442
2018,42340,0,-0.006161
2018,42540,0,0.004306
2018,42680,0,0.004156
2018,43100,0,0.006054
2018,43620,0,0.006248
2018,43780,0,0.000363
2018,44100,0,-0.01539
2018,44180,0,0.008134
2018,44220,0,0.003088
2018,44300,0,-0.005294
2018,44700,0,-0.00749
2018,45060,0,-0.002139
2018,45220,0,0.003671
2018,45820,0,0.002487
2018,45940,0,0.000926
2018,46060,0,0.006271
2018,46140,0,-0.001408
2018,46340,0,0.005544
2018,46540,0,-0.0031
2018,46660,0,0.000806
2018,46700,0,-0.013491
2018,47220,0,-0.002258
2018,47300,0,-0.004003
2018,47940,0,-0.006984
2018,48300,0,0.005487
2018,48540,0,-0.026775
2018,48660,0,0.010697
2018,48700,0,-0.018237
2018,49020,0,0.003903
2018,49420,0,0.012598
2018,49620,0,0.00744
2018,49660,0,-0.004826
2018,49740,0,0.002208
2018,10180,1,-0.010492
2018,10420,1,0.001318
2018,10580,1,0.001791
2018,10740,1,-0.001902
2018,10780,1,-0.011256
2018,10900,1,0.009158
2018,11020,1,-0.005613
2018,11260,1,-0.015648
2018,11460,1,0.00087
2018,11500,1,-0.004784
2018,11540,1,0.008552
2018,11700,1,-0.00476
2018,12020,1,0.012635
2018,12100,1,-0.002214
2018,12220,1,0.012594
2018,12420,1,-0.000911
2018,12540,1,-0.007321
2018,12580,1,-0.013509
2018,12620,1,0.000496
2018,12700,1,-0.00214
2018,12980,1,0.00179
2018,13020,1,0.005586
2018,13380,1,0.022562
2018,13460,1,0.005605
2018,13780,1,-0.004279
2018,14260,1,0.007946
2018,14500,1,-0.014637
2018,14740,1,0.009757
2018,14860,1,-0.002863
2018,15180,1,0.005821
2018,15260,1,0.002209
2018,15380,1,0.000661
2018,15500,1,0.017169
2018,15540,1,-0.006762
2018,15940,1,-0.00529
2018,15980,1,-0.000642
2018,16020,1,-0.011939
2018,16180,1,-0.00874
2018,16220,1,-0.044803
2018,16300,1,0.007282
2018,16700,1,-0.001968
2018,16860,1,0.00224
2018,16940,1,-0.011249
2018,17020,1,0.007415
2018,17420,1,0.005952
2018,17660,1,0.015561
2018,17780,1,-0.003096
2018,17820,1,0.015594
2018,17900,1,0.003167
2018,18020,1,-0.006139
2018,18700,1,0.011783
2018,19340,1,-0.009642
2018,19460,1,0.000957
2018,19500,1,-0.009683
2018,19740,1,-0.007612
2018,20020,1,-0.006341
2018,20100,1,-0.00274
2018,20220,1,-0.004221
2018,20740,1,0.001944
2018,20940,1,-0.00183
2018,21140,1,0.000452
2018,21300,1,-0.004787
2018,21500,1,-0.010668
2018,21660,1,0.011411
2018,21820,1,-0.013858
2018,22020,1,-0.009846
2018,22140,1,-0.020481
2018,22380,1,-0.012906
2018,22420,1,-0.002727
2018,22500,1,-0.007834
2018,22520,1,-0.00693
2018,22540,1,0.006975
2018,22660,1,-0.000266
2018,23420,1,0.001039
2018,23460,1,-0.005516
2018,23580,1,0.002881
2018,24020,1,0.002567
2018,24220,1,-0.025813
2018,24300,1,0.002984
2018,24500,1,-0.006224
2018,24540,1,0.023556
2018,24580,1,0.010328
2018,24660,1,0.001413
2018,25420,1,0.007048
2018,25500,1,-0.004005
2018,25540,1,-0.001531
2018,25860,1,0.003798
2018,25980,1,0.009728
2018,26300,1,0.008271
2018,26380,1,-0.020704
2018,26620,1,0.007261
2018,26980,1,0.006581
2018,27100,1,0.005623
2018,27260,1,0.003478
2018,27340,1,0.00577
2018,27500,1,0.007683
2018,27740,1,-0.002482
2018,27780,1,-0.006664
2018,27860,1,0.010402
2018,27900,1,0.004228
2018,28100,1,-0.007336
2018,28420,1,0.027425
2018,28660,1,0.015935
2018,28700,1,-0.008943
2018,28740,1,0.010138
2018,29100,1,-0.003272
2018,29340,1,-0.007536
2018,29420,1,-0.00196
2018,29460,1,0.015146
2018,29540,1,0.006117
2018,29700,1,0.000693
2018,29740,1,0.006612
2018,29820,1,0.001444
2018,29940,1,0.00516
2018,30140,1,0.012371
2018,30300,1,-0.002769
2018,30340,1,0.004491
2018,30460,1,0.007082
2018,30620,1,-0.003793
2018,30700,1,0.00917
2018,30780,1,0.004589
2018,30860,1,0.014771
2018,31020,1,0.019834
2018,31420,1,-0.00446
2018,31700,1,0.004775
2018,31860,1,0.008214
2018,32580,1,0.008494
2018,32780,1,0.002521
2018,32900,1,0.004502
2018,33140,1,-0.008062
2018,33340,1,-0.003202
2018,33540,1,0.000682
2018,33700,1,-0.005566
2018,33780,1,0.00196
2018,33860,1,-0.003528
2018,34060,1,-0.019951
2018,34580,1,0.016609
2018,34620,1,-0.003644
2018,34740,1,0.004148
2018,34940,1,-0.01448
2018,35300,1,-0.000866
2018,35660,1,-0.002043
2018,35840,1,-0.006293
2018,35980,1,0.004758
2018,36100,1,0.010983
2018,36220,1,-0.037405
2018,36420,1,-0.002025
2018,36500,1,0.025648
2018,36540,1,0.007742
2018,36740,1,0.000884
2018,36780,1,0.00866
2018,36980,1,-0.004652
2018,37100,1,-0.010012
2018,37340,1,0.004949
2018,37860,1,0.0043
2018,38060,1,-0.005035
2018,38300,1,-0.008142
2018,38340,1,-0.009561
2018,38860,1,0.004509
2018,38900,1,-0.009741
2018,38940,1,0.00182
2018,39300,1,0.004308
2018,39340,1,0.009935
2018,39380,1,0.014862
2018,39460,1,0.004973
2018,39540,1,0.007592
2018,39580,1,0.009915
2018,39740,1,0.007728
2018,39820,1,-0.002138
2018,39900,1,-0.009113
2018,40140,1,-0.004833
2018,40420,1,0.003931
2018,40660,1,0.010536
2018,40900,1,0.000243
2018,40980,1,0.001066
2018,41060,1,0.008033
2018,41100,1,0.025438
2018,41140,1,-0.007403
2018,41420,1,0.014709
2018,41500,1,-0.008247
2018,41700,1,0.00789
2018,41740,1,-0.006855
2018,41940,1,-0.024016
2018,42020,1,-0.010863
2018,42100,1,-0.013707
2018,42140,1,0.001718
2018,42220,1,-0.018285
2018,42340,1,-0.006535
2018,42540,1,0.003819
2018,42680,1,0.010021
2018,43100,1,0.004425
2018,43620,1,0.008423
2018,43780,1,-1.2e-05
2018,44100,1,-0.017176
2018,44180,1,0.008698
2018,44220,1,0.001565
2018,44300,1,-0.005035
2018,44700,1,0.000471
2018,45060,1,-0.00185
2018,45220,1,0.002187
2018,45820,1,0.00153
2018,45940,1,0.003055
2018,46060,1,0.004959
2018,46140,1,-0.001368
2018,46340,1,0.006053
2018,46540,1,-0.00322
2018,46660,1,-0.003341
2018,46700,1,-0.005676
2018,47220,1,-0.003124
2018,47300,1,-0.003803
2018,47940,1,-0.009813
2018,48300,1,0.001094
2018,48540,1,-0.025664
2018,48660,1,0.006882
2018,48700,1,-0.016793
2018,49020,1,0.004343
2018,49420,1,0.007065
2018,49620,1,0.007167
2018,49660,1,-0.004871
2018,49740,1,0.000703
2018,10180,2,-0.010175
2018,10420,2,-0.000582
2018,10580,2,0.001563
2018,10740,2,0.00471
2018,10780,2,-0.006426
2018,10900,2,0.007535
2018,11020,2,-0.002572
2018,11260,2,-0.005281
2018,11460,2,-0.005113
2018,11500,2,-0.004518
2018,11540,2,0.009935
2018,11700,2,-0.004172
2018,12020,2,0.010463
2018,12100,2,-0.002521
2018,12220,2,0.010335
2018,12420,2,-0.008044
2018,12540,2,-0.009575
2018,12580,2,-0.007376
2018,12620,2,0.000469
2018,12700,2,-0.002022
2018,12980,2,0.001281
2018,13020,2,0.005006
2018,13380,2,0.03
2018,13460,2,-0.000409
2018,13780,2,-0.001075
2018,14260,2,0.005854
2018,14500,2,-0.018487
2018,14740,2,0.013296
2018,14860,2,-0.003882
2018,15180,2,0.007027
2018,15260,2,-9.6e-05
2018,15380,2,-0.001551
2018,15500,2,0.018176
2018,15540,2,-0.003962
2018,15940,2,-0.006301
2018,15980,2,-0.010814
2018,16020,2,-0.009858
2018,16180,2,-0.021386
2018,16220,2,-0.036475
2018,16300,2,0.008373
2018,16700,2,-0.002878
2018,16860,2,0.006513
2018,16940,2,-0.004884
2018,17020,2,0.00949
2018,17420,2,0.005396
2018,17660,2,0.016828
2018,17780,2,-0.006868
2018,17820,2,0.016684
2018,17900,2,0.006968
2018,18020,2,-0.003684
2018,18700,2,0.020854
2018,19340,2,-0.006336
2018,19460,2,0.00141
2018,19500,2,-0.007485
2018,19740,2,-0.012574
2018,20020,2,-0.005046
2018,20100,2,0.00021
2018,20220,2,-0.001162
2018,20740,2,0.003337
2018,20940,2,-0.005028
2018,21140,2,-0.000945
2018,21300,2,-0.000697
2018,21500,2,-0.012045
2018,21660,2,0.017799
2018,21820,2,0.000852
2018,22020,2,-0.01497
2018,22140,2,-0.012198
2018,22380,2,-0.011343
2018,22420,2,-0.012306
2018,22500,2,-0.000944
2018,22520,2,-0.005506
2018,22540,2,0.008839
2018,22660,2,-0.003255
2018,23420,2,0.00128
2018,23460,2,-0.004478
2018,23580,2,-0.005243
2018,24020,2,0.005643
2018,24220,2,-0.028292
2018,24300,2,0.006509
2018,24500,2,4.9e-05
2018,24540,2,0.014582
2018,24580,2,0.010602
2018,24660,2,0.004944
2018,25420,2,0.005711
2018,25500,2,0.003285
2018,25540,2,-0.000117
2018,25860,2,0.00866
2018,25980,2,0.018594
2018,26300,2,0.01125
2018,26380,2,-0.017244
2018,26620,2,0.007173
2018,26980,2,0.006593
2018,27100,2,0.003578
2018,27260,2,-6.6e-05
2018,27340,2,0.015039
2018,27500,2,0.006662
2018,27740,2,2e-06
2018,27780,2,-0.006056
2018,27860,2,0.011524
2018,27900,2,0.004228
2018,28100,2,-0.004791
2018,28420,2,0.036045
2018,28660,2,0.016056
2018,28700,2,-6e-06
2018,28740,2,0.008352
2018,29100,2,-0.000732
2018,29340,2,-0.008746
2018,29420,2,-0.003063
2018,29460,2,0.009059
2018,29540,2,0.006724
2018,29700,2,-0.001263
2018,29740,2,0.013875
2018,29820,2,-0.015097
2018,29940,2,0.004581
2018,30140,2,0.012461
2018,30300,2,0.006449
2018,30340,2,0.005277
2018,30460,2,0.004945
2018,30620,2,-0.001194
2018,30700,2,0.00714
2018,30780,2,0.007552
2018,30860,2,0.019544
2018,31020,2,0.021944
2018,31420,2,0.000667
2018,31700,2,0.000906
2018,31860,2,0.007941
2018,32580,2,0.007354
2018,32780,2,0.002944
2018,32900,2,-0.007493
2018,33140,2,-0.007906
2018,33340,2,-0.002932
2018,33540,2,0.006438
2018,33700,2,-0.018456
2018,33780,2,-0.002653
2018,33860,2,-0.004498
2018,34060,2,-0.012714
2018,34580,2,0.020155
2018,34620,2,-0.00026
2018,34740,2,0.000978
2018,34940,2,-0.02805
2018,35300,2,-0.000441
2018,35660,2,-0.001294
2018,35840,2,-0.017224
2018,35980,2,0.00524
2018,36100,2,0.006946
2018,36220,2,-0.036167
2018,36420,2,-0.001524
2018,36500,2,0.031727
2018,36540,2,0.006488
2018,36740,2,-0.006235
2018,36780,2,0.010001
2018,36980,2,-0.005916
2018,37100,2,-0.010393
2018,37340,2,-0.004153
2018,37860,2,0.005251
2018,38060,2,-0.012512
2018,38300,2,-0.009484
2018,38340,2,-0.006133
2018,38860,2,0.003366
2018,38900,2,-0.009058
2018,38940,2,-0.012025
2018,39300,2,0.000599
2018,39340,2,0.009459
2018,39380,2,0.014936
2018,39460,2,-0.005361
2018,39540,2,0.006978
2018,39580,2,0.011424
2018,39740,2,0.007683
2018,39820,2,0.000214
2018,39900,2,-0.025947
2018,40140,2,-0.011158
2018,40420,2,0.004857
2018,40660,2,0.012097
2018,40900,2,-0.005535
2018,40980,2,-0.000664
2018,41060,2,0.007209
2018,41100,2,0.024987
2018,41140,2,-0.006839
2018,41420,2,0.017339
2018,41500,2,-0.01652
2018,41700,2,0.004968
2018,41740,2,-0.006419
2018,41940,2,-0.026833
2018,42020,2,-0.010101
2018,42100,2,-0.014276
2018,42140,2,0.00548
2018,42220,2,-0.022898
2018,42340,2,-0.006285
2018,42540,2,0.004655
2018,42680,2,0.002127
2018,43100,2,0.006672
2018,43620,2,0.007552
2018,43780,2,0.000448
2018,44100,2,-0.014802
2018,44180,2,0.008227
2018,44220,2,0.003117
2018,44300,2,-0.005882
2018,44700,2,-0.013118
2018,45060,2,-0.00157
2018,45220,2,0.00341
2018,45820,2,0.002736
2018,45940,2,-0.000374
2018,46060,2,0.006481
2018,46140,2,-0.001031
2018,46340,2,0.005556
2018,46540,2,-0.003138
2018,46660,2,0.001824
2018,46700,2,-0.019312
2018,47220,2,-0.001977
2018,47300,2,-0.004085
2018,47940,2,-0.006555
2018,48300,2,0.009094
2018,48540,2,-0.026797
2018,48660,2,0.010752
2018,48700,2,-0.019782
2018,49020,2,0.004472
2018,49420,2,0.016694
2018,49620,2,0.006997
2018,49660,2,-0.004855
2018,49740,2,0.002666
2018,10180,3,-0.007948
2018,10420,3,-0.001023
2018,10580,3,0.001456
2018,10740,3,0.000715
2018,10780,3,-0.008324
2018,10900,3,0.007188
2018,11020,3,-0.002686
2018,11260,3,-0.009852
2018,11460,3,-0.002263
2018,11500,3,-0.005075
2018,11540,3,0.008955
2018,11700,3,2.9e-05
2018,12020,3,0.009593
2018,12100,3,-0.004264
2018,12220,3,0.010539
2018,12420,3,-0.001636
2018,12540,3,-0.007136
2018,12580,3,-0.007854
2018,12620,3,0.000615
2018,12700,3,-0.001826
2018,12980,3,0.000151
2018,13020,3,0.001677
2018,13380,3,0.025617
2018,13460,3,0.002171
2018,13780,3,-0.000496
2018,14260,3,0.005759
2018,14500,3,-0.014152
2018,14740,3,0.01315
2018,14860,3,-0.00545
2018,15180,3,0.004499
2018,15260,3,0.004005
2018,15380,3,-0.00095
2018,15500,3,0.010894
2018,15540,3,-0.003003
2018,15940,3,-0.006703
2018,15980,3,-0.010953
2018,16020,3,-0.008996
2018,16180,3,-0.011973
2018,16220,3,-0.028671
2018,16300,3,0.005114
2018,16700,3,0.000912
2018,16860,3,0.003656
2018,16940,3,-0.007228
2018,17020,3,0.005299
2018,17420,3,0.004733
2018,17660,3,0.0167
2018,17780,3,-0.0038
2018,17820,3,0.012398
2018,17900,3,0.003494
2018,18020,3,-0.003519
2018,18700,3,0.016147
2018,19340,3,-0.006144
2018,19460,3,0.002111
2018,19500,3,-0.00805
2018,19740,3,-0.009589
2018,20020,3,-0.004856
2018,20100,3,-0.001793
2018,20220,3,-0.001493
2018,20740,3,0.004415
2018,20940,3,-0.005728
2018,21140,3,-0.000196
2018,21300,3,-0.001056
2018,21500,3,-0.011347
2018,21660,3,0.013772
2018,21820,3,-0.005187
2018,22020,3,-0.008711
2018,22140,3,-0.014226
2018,22380,3,-0.00737
2018,22420,3,-0.010299
2018,22500,3,-0.005593
2018,22520,3,-0.004791
2018,22540,3,0.007445
2018,22660,3,-0.002659
2018,23420,3,-0.000248
2018,23460,3,-0.004886
2018,23580,3,-0.000972
2018,24020,3,0.00687
2018,24220,3,-0.018175
2018,24300,3,0.00523
2018,24500,3,-0.003842
2018,24540,3,0.012202
2018,24580,3,0.009236
2018,24660,3,-0.000102
2018,25420,3,0.003919
2018,25500,3,0.001667
2018,25540,3,-0.002126
2018,25860,3,0.00443
2018,25980,3,0.017713
2018,26300,3,0.009231
2018,26380,3,-0.015395
2018,26620,3,0.005768
2018,26980,3,0.004531
2018,27100,3,0.004229
2018,27260,3,0.002943
2018,27340,3,0.012975
2018,27500,3,0.007183
2018,27740,3,0.000771
2018,27780,3,-0.006556
2018,27860,3,0.005545
2018,27900,3,0.001967
2018,28100,3,-0.002806
2018,28420,3,0.027117
2018,28660,3,0.011723
2018,28700,3,-0.00191
2018,28740,3,0.008118
2018,29100,3,0.000847
2018,29340,3,-0.006311
2018,29420,3,-0.005006
2018,29460,3,0.011339
2018,29540,3,0.006937
2018,29700,3,-0.001478
2018,29740,3,0.007659
2018,29820,3,-0.005442
2018,29940,3,0.00245
2018,30140,3,0.01108
2018,30300,3,0.005366
2018,30340,3,0.006171
2018,30460,3,0.004959
2018,30620,3,-0.001362
2018,30700,3,0.006553
2018,30780,3,0.003066
2018,30860,3,0.016213
2018,31020,3,0.01939
2018,31420,3,-0.003779
2018,31700,3,0.001589
2018,31860,3,0.006253
2018,32580,3,0.004177
2018,32780,3,0.001778
2018,32900,3,-0.005601
2018,33140,3,-0.006952
2018,33340,3,-0.001327
2018,33540,3,0.003121
2018,33700,3,-0.011294
2018,33780,3,-0.003567
2018,33860,3,-0.004957
2018,34060,3,-0.011714
2018,34580,3,0.018685
2018,34620,3,-0.002089
2018,34740,3,0.002452
2018,34940,3,-0.01999
2018,35300,3,-0.002038
2018,35660,3,0.000726
2018,35840,3,-0.011775
2018,35980,3,0.004105
2018,36100,3,0.008302
2018,36220,3,-0.021123
2018,36420,3,-0.00317
2018,36500,3,0.027371
2018,36540,3,0.005663
2018,36740,3,-0.000531
2018,36780,3,0.008789
2018,36980,3,-0.005278
2018,37100,3,-0.009035
2018,37340,3,0.000617
2018,37860,3,0.005074
2018,38060,3,-0.007273
2018,38300,3,-0.009155
2018,38340,3,-0.005368
2018,38860,3,0.004568
2018,38900,3,-0.005829
2018,38940,3,-0.004606
2018,39300,3,0.001802
2018,39340,3,0.00786
2018,39380,3,0.011484
2018,39460,3,-0.003207
2018,39540,3,0.007266
2018,39580,3,0.009637
2018,39740,3,0.007878
2018,39820,3,-0.002599
2018,39900,3,-0.014607
2018,40140,3,-0.005593
2018,40420,3,0.004576
2018,40660,3,0.007017
2018,40900,3,-0.003634
2018,40980,3,-0.003542
2018,41060,3,0.00688
2018,41100,3,0.018419
2018,41140,3,-0.006466
2018,41420,3,0.016642
2018,41500,3,-0.014926
2018,41700,3,0.006675
2018,41740,3,-0.006903
2018,41940,3,-0.021401
2018,42020,3,-0.011014
2018,42100,3,-0.013909
2018,42140,3,0.002062
2018,42220,3,-0.017271
2018,42340,3,-0.003227
2018,42540,3,0.001905
2018,42680,3,0.005023
2018,43100,3,0.006922
2018,43620,3,0.00726
2018,43780,3,0.000724
2018,44100,3,-0.013419
2018,44180,3,0.006963
2018,44220,3,0.001085
2018,44300,3,-0.003698
2018,44700,3,-0.007229
2018,45060,3,-0.002709
2018,45220,3,0.004831
2018,45820,3,0.001293
2018,45940,3,-0.001353
2018,46060,3,0.004749
2018,46140,3,-0.003256
2018,46340,3,0.003504
2018,46540,3,-0.002805
2018,46660,3,-0.001958
2018,46700,3,-0.011745
2018,47220,3,-0.001486
2018,47300,3,-0.004111
2018,47940,3,-0.00694
2018,48300,3,0.008759
2018,48540,3,-0.024978
2018,48660,3,0.007294
2018,48700,3,-0.016193
2018,49020,3,0.001618
2018,49420,3,0.010068
2018,49620,3,0.007479
2018,49660,3,-0.005736
2018,49740,3,-0.000226
2018,10180,4,-0.00922
2018,10420,4,-0.000974
2018,10580,4,0.001334
2018,10740,4,-0.000145
2018,10780,4,-0.009461
2018,10900,4,0.008362
2018,11020,4,-0.002416
2018,11260,4,-0.011642
2018,11460,4,-0.00089
2018,11500,4,-0.006132
2018,11540,4,0.009966
2018,11700,4,-0.000744
2018,12020,4,0.011108
2018,12100,4,-0.005414
2018,12220,4,0.012209
2018,12420,4,-8.7e-05
2018,12540,4,-0.007866
2018,12580,4,-0.009267
2018,12620,4,0.000164
2018,12700,4,-0.001489
2018,12980,4,0.000792
2018,13020,4,0.001653
2018,13380,4,0.027282
2018,13460,4,0.004486
2018,13780,4,-0.001379
2018,14260,4,0.007423
2018,14500,4,-0.015489
2018,14740,4,0.013485
2018,14860,4,-0.005364
2018,15180,4,0.004305
2018,15260,4,0.003374
2018,15380,4,-0.00099
2018,15500,4,0.012627
2018,15540,4,-0.003016
2018,15940,4,-0.007269
2018,15980,4,-0.008631
2018,16020,4,-0.009851
2018,16180,4,-0.014001
2018,16220,4,-0.033482
2018,16300,4,0.00582
2018,16700,4,0.001587
2018,16860,4,0.003404
2018,16940,4,-0.008028
2018,17020,4,0.005655
2018,17420,4,0.005363
2018,17660,4,0.018555
2018,17780,4,-0.003356
2018,17820,4,0.013923
2018,17900,4,0.003687
2018,18020,4,-0.003386
2018,18700,4,0.017891
2018,19340,4,-0.006658
2018,19460,4,0.000975
2018,19500,4,-0.009917
2018,19740,4,-0.009584
2018,20020,4,-0.005288
2018,20100,4,-0.002018
2018,20220,4,-0.001751
2018,20740,4,0.004628
2018,20940,4,-0.005314
2018,21140,4,0.00033
2018,21300,4,-0.00128
2018,21500,4,-0.011795
2018,21660,4,0.01506
2018,21820,4,-0.00626
2018,22020,4,-0.008664
2018,22140,4,-0.016767
2018,22380,4,-0.008827
2018,22420,4,-0.011035
2018,22500,4,-0.00639
2018,22520,4,-0.005344
2018,22540,4,0.007569
2018,22660,4,-0.001979
2018,23420,4,-0.000113
2018,23460,4,-0.005551
2018,23580,4,-0.001045
2018,24020,4,0.00605
2018,24220,4,-0.020446
2018,24300,4,0.005037
2018,24500,4,-0.006151
2018,24540,4,0.016013
2018,24580,4,0.010381
2018,24660,4,-7.1e-05
2018,25420,4,0.004893
2018,25500,4,0.001437
2018,25540,4,-0.002394
2018,25860,4,0.004681
2018,25980,4,0.015943
2018,26300,4,0.008783
2018,26380,4,-0.017868
2018,26620,4,0.00676
2018,26980,4,0.005446
2018,27100,4,0.005344
2018,27260,4,0.003753
2018,27340,4,0.012694
2018,27500,4,0.007495
2018,27740,4,0.000885
2018,27780,4,-0.007718
2018,27860,4,0.006603
2018,27900,4,0.001872
2018,28100,4,-0.003852
2018,28420,4,0.030017
2018,28660,4,0.01314
2018,28700,4,-0.002366
2018,28740,4,0.007653
2018,29100,4,0.000774
2018,29340,4,-0.007002
2018,29420,4,-0.005436
2018,29460,4,0.013531
2018,29540,4,0.008611
2018,29700,4,-0.001757
2018,29740,4,0.007429
2018,29820,4,-0.004892
2018,29940,4,0.002756
2018,30140,4,0.012568
2018,30300,4,0.005022
2018,30340,4,0.006592
2018,30460,4,0.005959
2018,30620,4,-0.001708
2018,30700,4,0.006988
2018,30780,4,0.003308
2018,30860,4,0.018114
2018,31020,4,0.020975
2018,31420,4,-0.004412
2018,31700,4,0.002153
2018,31860,4,0.006988
2018,32580,4,0.004958
2018,32780,4,0.002293
2018,32900,4,-0.004766
2018,33140,4,-0.00803
2018,33340,4,-0.002075
2018,33540,4,0.003325
2018,33700,4,-0.011095
2018,33780,4,-0.002641
2018,33860,4,-0.005608
2018,34060,4,-0.012802
2018,34580,4,0.019669
2018,34620,4,-0.001543
2018,34740,4,0.003432
2018,34940,4,-0.019809
2018,35300,4,-0.002216
2018,35660,4,0.000437
2018,35840,4,-0.010865
2018,35980,4,0.003736
2018,36100,4,0.00894
2018,36220,4,-0.024598
2018,36420,4,-0.00296
2018,36500,4,0.029108
2018,36540,4,0.006331
2018,36740,4,0.000544
2018,36780,4,0.009069
2018,36980,4,-0.005104
2018,37100,4,-0.010422
2018,37340,4,0.001822
2018,37860,4,0.005226
2018,38060,4,-0.007006
2018,38300,4,-0.009369
2018,38340,4,-0.006226
2018,38860,4,0.005191
2018,38900,4,-0.006239
2018,38940,4,-0.003605
2018,39300,4,0.001992
2018,39340,4,0.009785
2018,39380,4,0.012114
2018,39460,4,-0.001229
2018,39540,4,0.007562
2018,39580,4,0.011556
2018,39740,4,0.008941
2018,39820,4,-0.003223
2018,39900,4,-0.015492
2018,40140,4,-0.006097
2018,40420,4,0.003861
2018,40660,4,0.007396
2018,40900,4,-0.003511
2018,40980,4,-0.003396
2018,41060,4,0.008065
2018,41100,4,0.022738
2018,41140,4,-0.006741
2018,41420,4,0.018135
2018,41500,4,-0.015747
2018,41700,4,0.008095
2018,41740,4,-0.007435
2018,41940,4,-0.023108
2018,42020,4,-0.011754
2018,42100,4,-0.014758
2018,42140,4,0.001615
2018,42220,4,-0.018937
2018,42340,4,-0.003682
2018,42540,4,0.002183
2018,42680,4,0.006588
2018,43100,4,0.007257
2018,43620,4,0.00819
2018,43780,4,0.001173
2018,44100,4,-0.014884
2018,44180,4,0.007418
2018,44220,4,0.00136
2018,44300,4,-0.002753
2018,44700,4,-0.00682
2018,45060,4,-0.003057
2018,45220,4,0.004315
2018,45820,4,0.000506
2018,45940,4,-0.000897
2018,46060,4,0.004667
2018,46140,4,-0.00348
2018,46340,4,0.00418
2018,46540,4,-0.003124
2018,46660,4,-0.002493
2018,46700,4,-0.012153
2018,47220,4,-0.002797
2018,47300,4,-0.004877
2018,47940,4,-0.007768
2018,48300,4,0.008331
2018,48540,4,-0.029725
2018,48660,4,0.007695
2018,48700,4,-0.0181
2018,49020,4,0.001943
2018,49420,4,0.009573
2018,49620,4,0.008741
2018,49660,4,-0.006586
2018,49740,4,-0.000601
2018,10180,5,-0.009922
2018,10420,5,0.001605
2018,10580,5,0.001598
2018,10740,5,-0.0049
2018,10780,5,-0.013634
2018,10900,5,0.010017
2018,11020,5,-0.006016
2018,11260,5,-0.018814
2018,11460,5,0.003826
2018,11500,5,-0.005622
2018,11540,5,0.007999
2018,11700,5,-0.003514
2018,12020,5,0.013594
2018,12100,5,-0.003714
2018,12220,5,0.013971
2018,12420,5,0.004572
2018,12540,5,-0.004097
2018,12580,5,-0.014496
2018,12620,5,0.000635
2018,12700,5,-0.002564
2018,12980,5,0.001538
2018,13020,5,0.003391
2018,13380,5,0.018264
2018,13460,5,0.009145
2018,13780,5,-0.005092
2018,14260,5,0.007135
2018,14500,5,-0.01334
2018,14740,5,0.008405
2018,14860,5,-0.002344
2018,15180,5,0.003571
2018,15260,5,0.004941
2018,15380,5,-0.000348
2018,15500,5,0.014356
2018,15540,5,-0.006268
2018,15940,5,-0.005795
2018,15980,5,0.001966
2018,16020,5,-0.010554
2018,16180,5,-0.003448
2018,16220,5,-0.040539
2018,16300,5,0.0057
2018,16700,5,-2e-06
2018,16860,5,-0.001208
2018,16940,5,-0.013634
2018,17020,5,0.004599
2018,17420,5,0.005295
2018,17660,5,0.014956
2018,17780,5,-0.00083
2018,17820,5,0.012326
2018,17900,5,0.000941
2018,18020,5,-0.00595
2018,18700,5,0.008824
2018,19340,5,-0.009214
2018,19460,5,-0.000683
2018,19500,5,-0.010134
2018,19740,5,-0.006509
2018,20020,5,-0.005838
2018,20100,5,-0.002982
2018,20220,5,-0.004885
2018,20740,5,0.001745
2018,20940,5,-0.000919
2018,21140,5,0.001314
2018,21300,5,-0.005869
2018,21500,5,-0.009063
2018,21660,5,0.008565
2018,21820,5,-0.019207
2018,22020,5,-0.004327
2018,22140,5,-0.021124
2018,22380,5,-0.011947
2018,22420,5,-0.00238
2018,22500,5,-0.011115
2018,22520,5,-0.00692
2018,22540,5,0.006059
2018,22660,5,-0.000749
2018,23420,5,-0.000259
2018,23460,5,-0.0054
2018,23580,5,0.006143
2018,24020,5,0.001029
2018,24220,5,-0.019484
2018,24300,5,0.00193
2018,24500,5,-0.011035
2018,24540,5,0.025004
2018,24580,5,0.009721
2018,24660,5,-0.001948
2018,25420,5,0.007097
2018,25500,5,-0.005471
2018,25540,5,-0.002478
2018,25860,5,0.001092
2018,25980,5,0.00507
2018,26300,5,0.005609
2018,26380,5,-0.020322
2018,26620,5,0.007477
2018,26980,5,0.005532
2018,27100,5,0.005426
2018,27260,5,0.005646
2018,27340,5,0.004693
2018,27500,5,0.007276
2018,27740,5,-0.002365
2018,27780,5,-0.00768
2018,27860,5,0.006568
2018,27900,5,0.003578
2018,28100,5,-0.00556
2018,28420,5,0.021431
2018,28660,5,0.013889
2018,28700,5,-0.01032
2018,28740,5,0.008506
2018,29100,5,-0.002748
2018,29340,5,-0.005982
2018,29420,5,-0.004396
2018,29460,5,0.017977
2018,29540,5,0.007317
2018,29700,5,0.000879
2018,29740,5,0.003268
2018,29820,5,0.009928
2018,29940,5,0.003199
2018,30140,5,0.012351
2018,30300,5,-0.004013
2018,30340,5,0.00444
2018,30460,5,0.00711
2018,30620,5,-0.004056
2018,30700,5,0.007335
2018,30780,5,0.001548
2018,30860,5,0.013188
2018,31020,5,0.018547
2018,31420,5,-0.007348
2018,31700,5,0.00522
2018,31860,5,0.00676
2018,32580,5,0.007292
2018,32780,5,0.001693
2018,32900,5,0.007422
2018,33140,5,-0.007261
2018,33340,5,-0.00296
2018,33540,5,-0.002137
2018,33700,5,0.001711
2018,33780,5,0.002467
2018,33860,5,-0.003263
2018,34060,5,-0.018936
2018,34580,5,0.014872
2018,34620,5,-0.004311
2018,34740,5,0.004577
2018,34940,5,-0.006219
2018,35300,5,-0.001067
2018,35660,5,-0.001173
2018,35840,5,-0.001346
2018,35980,5,0.003458
2018,36100,5,0.011713
2018,36220,5,-0.027723
2018,36420,5,-0.003071
2018,36500,5,0.021979
2018,36540,5,0.006672
2018,36740,5,0.004899
2018,36780,5,0.007194
2018,36980,5,-0.004545
2018,37100,5,-0.009215
2018,37340,5,0.007869
2018,37860,5,0.002682
2018,38060,5,-0.000227
2018,38300,5,-0.00848
2018,38340,5,-0.009033
2018,38860,5,0.004642
2018,38900,5,-0.008463
2018,38940,5,0.007582
2018,39300,5,0.004578
2018,39340,5,0.009813
2018,39380,5,0.011972
2018,39460,5,0.008367
2018,39540,5,0.008202
2018,39580,5,0.009268
2018,39740,5,0.008348
2018,39820,5,-0.004078
2018,39900,5,-0.001008
2018,40140,5,-5.5e-05
2018,40420,5,0.003341
2018,40660,5,0.006937
2018,40900,5,0.001911
2018,40980,5,-0.000272
2018,41060,5,0.008586
2018,41100,5,0.024873
2018,41140,5,-0.005376
2018,41420,5,0.013758
2018,41500,5,-0.006524
2018,41700,5,0.009946
2018,41740,5,-0.007683
2018,41940,5,-0.019736
2018,42020,5,-0.01137
2018,42100,5,-0.013565
2018,42140,5,0.000187
2018,42220,5,-0.015243
2018,42340,5,-0.004342
2018,42540,5,0.002519
2018,42680,5,0.011526
2018,43100,5,0.004263
2018,43620,5,0.007252
2018,43780,5,0.000799
2018,44100,5,-0.015888
2018,44180,5,0.007517
2018,44220,5,0.000739
2018,44300,5,-0.002115
2018,44700,5,0.006562
2018,45060,5,-0.003478
2018,45220,5,0.002541
2018,45820,5,-0.000581
2018,45940,5,0.004336
2018,46060,5,0.003235
2018,46140,5,-0.003337
2018,46340,5,0.005296
2018,46540,5,-0.002962
2018,46660,5,-0.004247
2018,46700,5,0.001112
2018,47220,5,-0.004434
2018,47300,5,-0.004281
2018,47940,5,-0.010123
2018,48300,5,-0.001229
2018,48540,5,-0.027044
2018,48660,5,0.004559
2018,48700,5,-0.013814
2018,49020,5,0.002986
2018,49420,5,0.00042
2018,49620,5,0.008384
2018,49660,5,-0.005934
2018,49740,5,-0.000697
2018,10180,6,-0.009688
2018,10420,6,-0.000613
2018,10580,6,0.00157
2018,10740,6,0.001676
2018,10780,6,-0.008339
2018,10900,6,0.007718
2018,11020,6,-0.002668
2018,11260,6,-0.008583
2018,11460,6,-0.002793
2018,11500,6,-0.005356
2018,11540,6,0.009446
2018,11700,6,-0.002277
2018,12020,6,0.010223
2018,12100,6,-0.003299
2018,12220,6,0.011376
2018,12420,6,-0.002792
2018,12540,6,-0.007638
2018,12580,6,-0.008467
2018,12620,6,0.000364
2018,12700,6,-0.002022
2018,12980,6,0.000901
2018,13020,6,0.003083
2018,13380,6,0.026775
2018,13460,6,0.00324
2018,13780,6,-0.001439
2018,14260,6,0.006366
2018,14500,6,-0.01627
2018,14740,6,0.012586
2018,14860,6,-0.004102
2018,15180,6,0.005087
2018,15260,6,0.002215
2018,15380,6,-0.001513
2018,15500,6,0.014781
2018,15540,6,-0.003415
2018,15940,6,-0.006548
2018,15980,6,-0.009045
2018,16020,6,-0.009591
2018,16180,6,-0.016118
2018,16220,6,-0.033173
2018,16300,6,0.006386
2018,16700,6,-0.000267
2018,16860,6,0.003995
2018,16940,6,-0.006752
2018,17020,6,0.006947
2018,17420,6,0.004998
2018,17660,6,0.017141
2018,17780,6,-0.003882
2018,17820,6,0.014435
2018,17900,6,0.004988
2018,18020,6,-0.003424
2018,18700,6,0.017665
2018,19340,6,-0.006326
2018,19460,6,0.000743
2018,19500,6,-0.008257
2018,19740,6,-0.010479
2018,20020,6,-0.004951
2018,20100,6,-0.000339
2018,20220,6,-0.001823
2018,20740,6,0.003948
2018,20940,6,-0.004851
2018,21140,6,-0.000354
2018,21300,6,-0.001269
2018,21500,6,-0.011066
2018,21660,6,0.015112
2018,21820,6,-0.00396
2018,22020,6,-0.009945
2018,22140,6,-0.014078
2018,22380,6,-0.00987
2018,22420,6,-0.011122
2018,22500,6,-0.004277
2018,22520,6,-0.005356
2018,22540,6,0.008062
2018,22660,6,-0.002185
2018,23420,6,0.00039
2018,23460,6,-0.004931
2018,23580,6,-0.002136
2018,24020,6,0.005382
2018,24220,6,-0.022874
2018,24300,6,0.005326
2018,24500,6,-0.003805
2018,24540,6,0.015104
2018,24580,6,0.010122
2018,24660,6,0.001831
2018,25420,6,0.005315
2018,25500,6,0.001873
2018,25540,6,-0.001209
2018,25860,6,0.005565
2018,25980,6,0.015932
2018,26300,6,0.008842
2018,26380,6,-0.017066
2018,26620,6,0.0073
2018,26980,6,0.006248
2018,27100,6,0.004084
2018,27260,6,0.002294
2018,27340,6,0.01353
2018,27500,6,0.006586
2018,27740,6,-2.9e-05
2018,27780,6,-0.006635
2018,27860,6,0.008684
2018,27900,6,0.002595
2018,28100,6,-0.003801
2018,28420,6,0.031074
2018,28660,6,0.01397
2018,28700,6,-0.001928
2018,28740,6,0.007502
2018,29100,6,-0.000105
2018,29340,6,-0.007025
2018,29420,6,-0.004685
2018,29460,6,0.011148
2018,29540,6,0.007235
2018,29700,6,-0.000859
2018,29740,6,0.010106
2018,29820,6,-0.007953
2018,29940,6,0.004209
2018,30140,6,0.011941
2018,30300,6,0.004555
2018,30340,6,0.00555
2018,30460,6,0.00542
2018,30620,6,-0.001468
2018,30700,6,0.006692
2018,30780,6,0.004785
2018,30860,6,0.017177
2018,31020,6,0.020249
2018,31420,6,-0.002358
2018,31700,6,0.001587
2018,31860,6,0.006658
2018,32580,6,0.006081
2018,32780,6,0.002355
2018,32900,6,-0.005321
2018,33140,6,-0.007444
2018,33340,6,-0.0023
2018,33540,6,0.004496
2018,33700,6,-0.013101
2018,33780,6,-0.002463
2018,33860,6,-0.004662
2018,34060,6,-0.013
2018,34580,6,0.018797
2018,34620,6,-0.00103
2018,34740,6,0.001824
2018,34940,6,-0.021113
2018,35300,6,-0.001249
2018,35660,6,-0.000441
2018,35840,6,-0.0123
2018,35980,6,0.004235
2018,36100,6,0.007606
2018,36220,6,-0.028101
2018,36420,6,-0.002373
2018,36500,6,0.029237
2018,36540,6,0.005946
2018,36740,6,-0.001949
2018,36780,6,0.008986
2018,36980,6,-0.005406
2018,37100,6,-0.009914
2018,37340,6,-0.001165
2018,37860,6,0.00479
2018,38060,6,-0.008624
2018,38300,6,-0.009331
2018,38340,6,-0.005962
2018,38860,6,0.004098
2018,38900,6,-0.007149
2018,38940,6,-0.007065
2018,39300,6,0.001271
2018,39340,6,0.009348
2018,39380,6,0.012311
2018,39460,6,-0.002885
2018,39540,6,0.007137
2018,39580,6,0.011367
2018,39740,6,0.007892
2018,39820,6,-0.001753
2018,39900,6,-0.018178
2018,40140,6,-0.007485
2018,40420,6,0.004323
2018,40660,6,0.008751
2018,40900,6,-0.003981
2018,40980,6,-0.001941
2018,41060,6,0.006876
2018,41100,6,0.023147
2018,41140,6,-0.006382
2018,41420,6,0.016516
2018,41500,6,-0.015191
2018,41700,6,0.006233
2018,41740,6,-0.006773
2018,41940,6,-0.023352
2018,42020,6,-0.010709
2018,42100,6,-0.014248
2018,42140,6,0.003015
2018,42220,6,-0.019778
2018,42340,6,-0.004559
2018,42540,6,0.003106
2018,42680,6,0.004162
2018,43100,6,0.006432
2018,43620,6,0.008155
2018,43780,6,0.000781
2018,44100,6,-0.01414
2018,44180,6,0.007178
2018,44220,6,0.002156
2018,44300,6,-0.004099
2018,44700,6,-0.008445
2018,45060,6,-0.002488
2018,45220,6,0.003608
2018,45820,6,0.001025
2018,45940,6,-8e-06
2018,46060,6,0.004915
2018,46140,6,-0.002504
2018,46340,6,0.004157
2018,46540,6,-0.003106
2018,46660,6,-0.00016
2018,46700,6,-0.013924
2018,47220,6,-0.002344
2018,47300,6,-0.004251
2018,47940,6,-0.007266
2018,48300,6,0.007757
2018,48540,6,-0.02781
2018,48660,6,0.008313
2018,48700,6,-0.017686
2018,49020,6,0.003202
2018,49420,6,0.011375
2018,49620,6,0.007582
2018,49660,6,-0.005582
2018,49740,6,0.000989
2018,10180,7,-0.008604
2018,10420,7,-0.000986
2018,10580,7,0.00122
2018,10740,7,0.000489
2018,10780,7,-0.008811
2018,10900,7,0.007886
2018,11020,7,-0.002673
2018,11260,7,-0.011246
2018,11460,7,-0.001663
2018,11500,7,-0.005391
2018,11540,7,0.009536
2018,11700,7,-0.000429
2018,12020,7,0.010665
2018,12100,7,-0.005021
2018,12220,7,0.011329
2018,12420,7,-0.001867
2018,12540,7,-0.008037
2018,12580,7,-0.00888
2018,12620,7,0.000274
2018,12700,7,-0.001492
2018,12980,7,0.000652
2018,13020,7,0.002082
2018,13380,7,0.02695
2018,13460,7,0.002079
2018,13780,7,-0.000803
2018,14260,7,0.006291
2018,14500,7,-0.01464
2018,14740,7,0.01398
2018,14860,7,-0.005683
2018,15180,7,0.004995
2018,15260,7,0.003924
2018,15380,7,-0.000761
2018,15500,7,0.011818
2018,15540,7,-0.003561
2018,15940,7,-0.006996
2018,15980,7,-0.010263
2018,16020,7,-0.009555
2018,16180,7,-0.012814
2018,16220,7,-0.031951
2018,16300,7,0.005769
2018,16700,7,0.000936
2018,16860,7,0.003948
2018,16940,7,-0.007717
2018,17020,7,0.005665
2018,17420,7,0.005228
2018,17660,7,0.017487
2018,17780,7,-0.004087
2018,17820,7,0.013748
2018,17900,7,0.003737
2018,18020,7,-0.003808
2018,18700,7,0.017053
2018,19340,7,-0.006944
2018,19460,7,0.002256
2018,19500,7,-0.009173
2018,19740,7,-0.009625
2018,20020,7,-0.00526
2018,20100,7,-0.00255
2018,20220,7,-0.001613
2018,20740,7,0.004355
2018,20940,7,-0.005683
2018,21140,7,3.2e-05
2018,21300,7,-0.001131
2018,21500,7,-0.011931
2018,21660,7,0.01457
2018,21820,7,-0.005337
2018,22020,7,-0.009862
2018,22140,7,-0.015915
2018,22380,7,-0.008049
2018,22420,7,-0.010165
2018,22500,7,-0.005969
2018,22520,7,-0.005338
2018,22540,7,0.007616
2018,22660,7,-0.002293
2018,23420,7,-5e-05
2018,23460,7,-0.005334
2018,23580,7,-0.000931
2018,24020,7,0.006842
2018,24220,7,-0.020202
2018,24300,7,0.005245
2018,24500,7,-0.004735
2018,24540,7,0.014143
2018,24580,7,0.009913
2018,24660,7,0.000191
2018,25420,7,0.004272
2018,25500,7,0.001329
2018,25540,7,-0.002378
2018,25860,7,0.005038
2018,25980,7,0.01772
2018,26300,7,0.009897
2018,26380,7,-0.016881
2018,26620,7,0.00586
2018,26980,7,0.004612
2018,27100,7,0.005177
2018,27260,7,0.003191
2018,27340,7,0.012733
2018,27500,7,0.007681
2018,27740,7,0.000928
2018,27780,7,-0.006994
2018,27860,7,0.006321
2018,27900,7,0.002245
2018,28100,7,-0.003653
2018,28420,7,0.029085
2018,28660,7,0.012723
2018,28700,7,-0.002333
2018,28740,7,0.008728
2018,29100,7,0.000499
2018,29340,7,-0.007142
2018,29420,7,-0.004891
2018,29460,7,0.012382
2018,29540,7,0.007704
2018,29700,7,-0.001719
2018,29740,7,0.007666
2018,29820,7,-0.005335
2018,29940,7,0.002536
2018,30140,7,0.011998
2018,30300,7,0.005231
2018,30340,7,0.006659
2018,30460,7,0.005588
2018,30620,7,-0.001526
2018,30700,7,0.007268
2018,30780,7,0.003433
2018,30860,7,0.017852
2018,31020,7,0.020676
2018,31420,7,-0.003817
2018,31700,7,0.002148
2018,31860,7,0.007043
2018,32580,7,0.004693
2018,32780,7,0.002101
2018,32900,7,-0.005006
2018,33140,7,-0.00794
2018,33340,7,-0.001742
2018,33540,7,0.003091
2018,33700,7,-0.011424
2018,33780,7,-0.003104
2018,33860,7,-0.005332
2018,34060,7,-0.012817
2018,34580,7,0.019714
2018,34620,7,-0.001979
2018,34740,7,0.003378
2018,34940,7,-0.021112
2018,35300,7,-0.002232
2018,35660,7,0.000505
2018,35840,7,-0.012017
2018,35980,7,0.004376
2018,36100,7,0.009077
2018,36220,7,-0.024092
2018,36420,7,-0.003071
2018,36500,7,0.0286
2018,36540,7,0.006463
2018,36740,7,-0.000352
2018,36780,7,0.009189
2018,36980,7,-0.005194
2018,37100,7,-0.009865
2018,37340,7,0.001589
2018,37860,7,0.005493
2018,38060,7,-0.007651
2018,38300,7,-0.009332
2018,38340,7,-0.006089
2018,38860,7,0.005004
2018,38900,7,-0.006529
2018,38940,7,-0.003813
2018,39300,7,0.002314
2018,39340,7,0.008503
2018,39380,7,0.013045
2018,39460,7,-0.002167
2018,39540,7,0.007512
2018,39580,7,0.010315
2018,39740,7,0.008557
2018,39820,7,-0.002954
2018,39900,7,-0.015507
2018,40140,7,-0.006168
2018,40420,7,0.004706
2018,40660,7,0.007794
2018,40900,7,-0.003542
2018,40980,7,-0.003377
2018,41060,7,0.008004
2018,41100,7,0.019811
2018,41140,7,-0.006809
2018,41420,7,0.017944
2018,41500,7,-0.015144
2018,41700,7,0.007367
2018,41740,7,-0.007201
2018,41940,7,-0.023158
2018,42020,7,-0.011576
2018,42100,7,-0.014455
2018,42140,7,0.002186
2018,42220,7,-0.01825
2018,42340,7,-0.003635
2018,42540,7,0.002092
2018,42680,7,0.00642
2018,43100,7,0.007352
2018,43620,7,0.00746
2018,43780,7,0.0008
2018,44100,7,-0.014811
2018,44180,7,0.007656
2018,44220,7,0.001185
2018,44300,7,-0.003645
2018,44700,7,-0.007072
2018,45060,7,-0.002697
2018,45220,7,0.004832
2018,45820,7,0.001501
2018,45940,7,-0.001357
2018,46060,7,0.005195
2018,46140,7,-0.002982
2018,46340,7,0.004204
2018,46540,7,-0.00313
2018,46660,7,-0.002699
2018,46700,7,-0.012086
2018,47220,7,-0.001679
2018,47300,7,-0.004566
2018,47940,7,-0.007515
2018,48300,7,0.008757
2018,48540,7,-0.027049
2018,48660,7,0.007825
2018,48700,7,-0.017678
2018,49020,7,0.00141
2018,49420,7,0.010696
2018,49620,7,0.008215
2018,49660,7,-0.006112
2018,49740,7,-0.000454
2018,10180,8,-0.010171
2018,10420,8,-0.000334
2018,10580,8,-0.000154
2018,10740,8,-0.001686
2018,10780,8,-0.010574
2018,10900,8,0.010119
2018,11020,8,-0.001651
2018,11260,8,-0.016161
2018,11460,8,0.002131
2018,11500,8,-0.006553
2018,11540,8,0.009718
2018,11700,8,-0.002789
2018,12020,8,0.013888
2018,12100,8,-0.007525
2018,12220,8,0.013466
2018,12420,8,0.00084
2018,12540,8,-0.007116
2018,12580,8,-0.011603
2018,12620,8,-0.00022
2018,12700,8,-0.000557
2018,12980,8,0.002509
2018,13020,8,0.002412
2018,13380,8,0.024794
2018,13460,8,0.005042
2018,13780,8,-0.002829
2018,14260,8,0.007527
2018,14500,8,-0.01671
2018,14740,8,0.01133
2018,14860,8,-0.004808
2018,15180,8,0.004584
2018,15260,8,0.003655
2018,15380,8,-0.001536
2018,15500,8,0.014563
2018,15540,8,-0.004517
2018,15940,8,-0.007745
2018,15980,8,-0.005002
2018,16020,8,-0.008757
2018,16180,8,-0.011993
2018,16220,8,-0.038532
2018,16300,8,0.006691
2018,16700,8,0.000514
2018,16860,8,0.001712
2018,16940,8,-0.010463
2018,17020,8,0.005614
2018,17420,8,0.005559
2018,17660,8,0.018066
2018,17780,8,-0.004398
2018,17820,8,0.014115
2018,17900,8,0.002722
2018,18020,8,-0.005509
2018,18700,8,0.017691
2018,19340,8,-0.008045
2018,19460,8,-0.000551
2018,19500,8,-0.012308
2018,19740,8,-0.009537
2018,20020,8,-0.005176
2018,20100,8,-0.003126
2018,20220,8,-0.001816
2018,20740,8,0.002745
2018,20940,8,-0.002383
2018,21140,8,0.000563
2018,21300,8,-0.001603
2018,21500,8,-0.010627
2018,21660,8,0.014191
2018,21820,8,-0.010268
2018,22020,8,-0.009427
2018,22140,8,-0.018907
2018,22380,8,-0.011037
2018,22420,8,-0.00958
2018,22500,8,-0.007059
2018,22520,8,-0.005672
2018,22540,8,0.006332
2018,22660,8,-0.002717
2018,23420,8,7.2e-05
2018,23460,8,-0.005338
2018,23580,8,-0.000191
2018,24020,8,0.003132
2018,24220,8,-0.021935
2018,24300,8,0.00423
2018,24500,8,-0.010386
2018,24540,8,0.021021
2018,24580,8,0.01062
2018,24660,8,-0.000341
2018,25420,8,0.00534
2018,25500,8,-0.00075
2018,25540,8,-0.00309
2018,25860,8,0.005806
2018,25980,8,0.011794
2018,26300,8,0.008325
2018,26380,8,-0.020562
2018,26620,8,0.006693
2018,26980,8,0.004453
2018,27100,8,0.008096
2018,27260,8,0.004206
2018,27340,8,0.011566
2018,27500,8,0.007249
2018,27740,8,0.000945
2018,27780,8,-0.008295
2018,27860,8,0.006593
2018,27900,8,0.002576
2018,28100,8,-0.004733
2018,28420,8,0.0299
2018,28660,8,0.014567
2018,28700,8,-0.00231
2018,28740,8,0.006675
2018,29100,8,-0.000635
2018,29340,8,-0.008063
2018,29420,8,-0.005323
2018,29460,8,0.016351
2018,29540,8,0.010728
2018,29700,8,-0.002036
2018,29740,8,0.006762
2018,29820,8,-8.6e-05
2018,29940,8,0.000667
2018,30140,8,0.013429
2018,30300,8,0.004256
2018,30340,8,0.006924
2018,30460,8,0.006166
2018,30620,8,-0.001825
2018,30700,8,0.006023
2018,30780,8,0.003556
2018,30860,8,0.019808
2018,31020,8,0.022054
2018,31420,8,-0.003855
2018,31700,8,0.003312
2018,31860,8,0.008014
2018,32580,8,0.005807
2018,32780,8,0.002342
2018,32900,8,0.000999
2018,33140,8,-0.009014
2018,33340,8,-0.004074
2018,33540,8,0.000781
2018,33700,8,-0.005448
2018,33780,8,0.000541
2018,33860,8,-0.005634
2018,34060,8,-0.013937
2018,34580,8,0.018965
2018,34620,8,-0.00042
2018,34740,8,0.00542
2018,34940,8,-0.017212
2018,35300,8,-0.002105
2018,35660,8,0.000436
2018,35840,8,-0.008946
2018,35980,8,0.003378
2018,36100,8,0.010211
2018,36220,8,-0.028026
2018,36420,8,-0.003375
2018,36500,8,0.027334
2018,36540,8,0.006693
2018,36740,8,0.001389
2018,36780,8,0.007993
2018,36980,8,-0.004783
2018,37100,8,-0.011125
2018,37340,8,0.005086
2018,37860,8,0.004265
2018,38060,8,-0.005193
2018,38300,8,-0.009184
2018,38340,8,-0.006911
2018,38860,8,0.005061
2018,38900,8,-0.00855
2018,38940,8,0.00078
2018,39300,8,0.002654
2018,39340,8,0.010077
2018,39380,8,0.013485
2018,39460,8,0.002675
2018,39540,8,0.007844
2018,39580,8,0.011209
2018,39740,8,0.010435
2018,39820,8,-0.003316
2018,39900,8,-0.012941
2018,40140,8,-0.004521
2018,40420,8,0.002919
2018,40660,8,0.008287
2018,40900,8,-0.002049
2018,40980,8,-0.001832
2018,41060,8,0.011164
2018,41100,8,0.026878
2018,41140,8,-0.00416
2018,41420,8,0.018406
2018,41500,8,-0.01357
2018,41700,8,0.009794
2018,41740,8,-0.008331
2018,41940,8,-0.0239
2018,42020,8,-0.012178
2018,42100,8,-0.014718
2018,42140,8,0.002156
2018,42220,8,-0.018597
2018,42340,8,-0.004604
2018,42540,8,0.002648
2018,42680,8,0.009128
2018,43100,8,0.007117
2018,43620,8,0.006413
2018,43780,8,0.001567
2018,44100,8,-0.016922
2018,44180,8,0.007943
2018,44220,8,0.002284
2018,44300,8,-0.001286
2018,44700,8,-0.00198
2018,45060,8,-0.003934
2018,45220,8,0.004307
2018,45820,8,5.7e-05
2018,45940,8,0.000576
2018,46060,8,0.005079
2018,46140,8,-0.003827
2018,46340,8,0.005336
2018,46540,8,-0.003198
2018,46660,8,-0.003017
2018,46700,8,-0.008095
2018,47220,8,-0.0046
2018,47300,8,-0.005533
2018,47940,8,-0.008073
2018,48300,8,0.004113
2018,48540,8,-0.034498
2018,48660,8,0.009943
2018,48700,8,-0.018943
2018,49020,8,0.001952
2018,49420,8,0.006118
2018,49620,8,0.010524
2018,49660,8,-0.007159
2018,49740,8,-0.000853
2018,10180,9,-0.009897
2018,10420,9,-0.000432
2018,10580,9,0.001343
2018,10740,9,0.000135
2018,10780,9,-0.009505
2018,10900,9,0.008478
2018,11020,9,-0.002782
2018,11260,9,-0.011301
2018,11460,9,-0.001038
2018,11500,9,-0.005849
2018,11540,9,0.009577
2018,11700,9,-0.002271
2018,12020,9,0.011283
2018,12100,9,-0.004317
2018,12220,9,0.012278
2018,12420,9,-0.000821
2018,12540,9,-0.007399
2018,12580,9,-0.009793
2018,12620,9,0.000222
2018,12700,9,-0.001759
2018,12980,9,0.001202
2018,13020,9,0.002761
2018,13380,9,0.026057
2018,13460,9,0.004767
2018,13780,9,-0.00209
2018,14260,9,0.007145
2018,14500,9,-0.016081
2018,14740,9,0.012191
2018,14860,9,-0.00424
2018,15180,9,0.004669
2018,15260,9,0.002719
2018,15380,9,-0.001269
2018,15500,9,0.014578
2018,15540,9,-0.003716
2018,15940,9,-0.006817
2018,15980,9,-0.007046
2018,16020,9,-0.009842
2018,16180,9,-0.014303
2018,16220,9,-0.035366
2018,16300,9,0.006307
2018,16700,9,0.000341
2018,16860,9,0.003069
2018,16940,9,-0.008214
2018,17020,9,0.006387
2018,17420,9,0.005254
2018,17660,9,0.01765
2018,17780,9,-0.003386
2018,17820,9,0.014337
2018,17900,9,0.004109
2018,18020,9,-0.003877
2018,18700,9,0.017067
2018,19340,9,-0.00694
2018,19460,9,0.000298
2018,19500,9,-0.009509
2018,19740,9,-0.00976
2018,20020,9,-0.005208
2018,20100,9,-0.001215
2018,20220,9,-0.002167
2018,20740,9,0.003802
2018,20940,9,-0.00421
2018,21140,9,0.000102
2018,21300,9,-0.001792
2018,21500,9,-0.011025
2018,21660,9,0.014528
2018,21820,9,-0.006864
2018,22020,9,-0.009003
2018,22140,9,-0.016278
2018,22380,9,-0.010253
2018,22420,9,-0.010154
2018,22500,9,-0.005806
2018,22520,9,-0.005601
2018,22540,9,0.007591
2018,22660,9,-0.00188
2018,23420,9,0.00023
2018,23460,9,-0.005266
2018,23580,9,-0.000904
2018,24020,9,0.00471
2018,24220,9,-0.022332
2018,24300,9,0.004756
2018,24500,9,-0.006044
2018,24540,9,0.017502
2018,24580,9,0.010364
2018,24660,9,0.000846
2018,25420,9,0.005563
2018,25500,9,0.000725
2018,25540,9,-0.001808
2018,25860,9,0.004948
2018,25980,9,0.01413
2018,26300,9,0.008305
2018,26380,9,-0.018339
2018,26620,9,0.007348
2018,26980,9,0.006055
2018,27100,9,0.005089
2018,27260,9,0.003266
2018,27340,9,0.012209
2018,27500,9,0.006933
2018,27740,9,-4e-06
2018,27780,9,-0.007299
2018,27860,9,0.008063
2018,27900,9,0.002457
2018,28100,9,-0.004281
2018,28420,9,0.030248
2018,28660,9,0.014087
2018,28700,9,-0.002995
2018,28740,9,0.007433
2018,29100,9,-0.000259
2018,29340,9,-0.007088
2018,29420,9,-0.004914
2018,29460,9,0.01318
2018,29540,9,0.008114
2018,29700,9,-0.000996
2018,29740,9,0.008486
2018,29820,9,-0.004658
2018,29940,9,0.00359
2018,30140,9,0.012451
2018,30300,9,0.003631
2018,30340,9,0.005837
2018,30460,9,0.005941
2018,30620,9,-0.001877
2018,30700,9,0.006837
2018,30780,9,0.004086
2018,30860,9,0.017416
2018,31020,9,0.020601
2018,31420,9,-0.003542
2018,31700,9,0.002329
2018,31860,9,0.006971
2018,32580,9,0.006083
2018,32780,9,0.00236
2018,32900,9,-0.003115
2018,33140,9,-0.007855
2018,33340,9,-0.002628
2018,33540,9,0.003275
2018,33700,9,-0.010419
2018,33780,9,-0.001518
2018,33860,9,-0.004926
2018,34060,9,-0.013898
2018,34580,9,0.018704
2018,34620,9,-0.001297
2018,34740,9,0.002934
2018,34940,9,-0.018863
2018,35300,9,-0.001557
2018,35660,9,-0.000296
2018,35840,9,-0.010347
2018,35980,9,0.003886
2018,36100,9,0.00862
2018,36220,9,-0.02799
2018,36420,9,-0.00263
2018,36500,9,0.028585
2018,36540,9,0.006263
2018,36740,9,-0.000212
2018,36780,9,0.008755
2018,36980,9,-0.005154
2018,37100,9,-0.010302
2018,37340,9,0.001159
2018,37860,9,0.004651
2018,38060,9,-0.007056
2018,38300,9,-0.009243
2018,38340,9,-0.006566
2018,38860,9,0.004578
2018,38900,9,-0.007276
2018,38940,9,-0.003985
2018,39300,9,0.001906
2018,39340,9,0.009891
2018,39380,9,0.012368
2018,39460,9,-0.000569
2018,39540,9,0.007419
2018,39580,9,0.011531
2018,39740,9,0.008547
2018,39820,9,-0.002519
2018,39900,9,-0.015461
2018,40140,9,-0.006255
2018,40420,9,0.003821
2018,40660,9,0.0083
2018,40900,9,-0.003067
2018,40980,9,-0.001995
2018,41060,9,0.007832
2018,41100,9,0.024383
2018,41140,9,-0.006211
2018,41420,9,0.016926
2018,41500,9,-0.014402
2018,41700,9,0.007527
2018,41740,9,-0.007226
2018,41940,9,-0.023252
2018,42020,9,-0.011248
2018,42100,9,-0.014469
2018,42140,9,0.002218
2018,42220,9,-0.019289
2018,42340,9,-0.004485
2018,42540,9,0.002857
2018,42680,9,0.006126
2018,43100,9,0.006455
2018,43620,9,0.008156
2018,43780,9,0.000993
2018,44100,9,-0.014991
2018,44180,9,0.00738
2018,44220,9,0.001927
2018,44300,9,-0.003232
2018,44700,9,-0.005898
2018,45060,9,-0.002892
2018,45220,9,0.003595
2018,45820,9,0.0005
2018,45940,9,0.000384
2018,46060,9,0.004672
2018,46140,9,-0.00297
2018,46340,9,0.00444
2018,46540,9,-0.003153
2018,46660,9,-0.001419
2018,46700,9,-0.011543
2018,47220,9,-0.003098
2018,47300,9,-0.004606
2018,47940,9,-0.007886
2018,48300,9,0.006484
2018,48540,9,-0.029613
2018,48660,9,0.00805
2018,48700,9,-0.017821
2018,49020,9,0.002921
2018,49420,9,0.009245
2018,49620,9,0.008355
2018,49660,9,-0.006098
2018,49740,9,0.000255
2018,10180,10,-0.009897
2018,10420,10,-0.000432
2018,10580,10,0.001343
2018,10740,10,0.000135
2018,10780,10,-0.009505
2018,10900,10,0.008478
2018,11020,10,-0.002782
2018,11260,10,-0.011301
2018,11460,10,-0.001038
2018,11500,10,-0.005849
2018,11540,10,0.009577
2018,11700,10,-0.002271
2018,12020,10,0.011283
2018,12100,10,-0.004317
2018,12220,10,0.012278
2018,12420,10,-0.000821
2018,12540,10,-0.007399
2018,12580,10,-0.009793
2018,12620,10,0.000222
2018,12700,10,-0.001759
2018,12980,10,0.001202
2018,13020,10,0.002761
2018,13380,10,0.026057
2018,13460,10,0.004767
2018,13780,10,-0.00209
2018,14260,10,0.007145
2018,14500,10,-0.016081
2018,14740,10,0.012191
2018,14860,10,-0.00424
2018,15180,10,0.004669
2018,15260,10,0.002719
2018,15380,10,-0.001269
2018,15500,10,0.014578
2018,15540,10,-0.003716
2018,15940,10,-0.006817
2018,15980,10,-0.007046
2018,16020,10,-0.009842
2018,16180,10,-0.014303
2018,16220,10,-0.035366
2018,16300,10,0.006307
2018,16700,10,0.000341
2018,16860,10,0.003069
2018,16940,10,-0.008214
2018,17020,10,0.006387
2018,17420,10,0.005254
2018,17660,10,0.01765
2018,17780,10,-0.003386
2018,17820,10,0.014337
2018,17900,10,0.004109
2018,18020,10,-0.003877
2018,18700,10,0.017067
2018,19340,10,-0.00694
2018,19460,10,0.000298
2018,19500,10,-0.009509
2018,19740,10,-0.00976
2018,20020,10,-0.005208
2018,20100,10,-0.001215
2018,20220,10,-0.002167
2018,20740,10,0.003802
2018,20940,10,-0.00421
2018,21140,10,0.000102
2018,21300,10,-0.001792
2018,21500,10,-0.011025
2018,21660,10,0.014528
2018,21820,10,-0.006864
2018,22020,10,-0.009003
2018,22140,10,-0.016278
2018,22380,10,-0.010253
2018,22420,10,-0.010154
2018,22500,10,-0.005806
2018,22520,10,-0.005601
2018,22540,10,0.007591
2018,22660,10,-0.00188
2018,23420,10,0.00023
2018,23460,10,-0.005266
2018,23580,10,-0.000904
2018,24020,10,0.00471
2018,24220,10,-0.022332
2018,24300,10,0.004756
2018,24500,10,-0.006044
2018,24540,10,0.017502
2018,24580,10,0.010364
2018,24660,10,0.000846
2018,25420,10,0.005563
2018,25500,10,0.000725
2018,25540,10,-0.001808
2018,25860,10,0.004948
2018,25980,10,0.01413
2018,26300,10,0.008305
2018,26380,10,-0.018339
2018,26620,10,0.007348
2018,26980,10,0.006055
2018,27100,10,0.005089
2018,27260,10,0.003266
2018,27340,10,0.012209
2018,27500,10,0.006933
2018,27740,10,-4e-06
2018,27780,10,-0.007299
2018,27860,10,0.008063
2018,27900,10,0.002457
2018,28100,10,-0.004281
2018,28420,10,0.030248
2018,28660,10,0.014087
2018,28700,10,-0.002995
2018,28740,10,0.007433
2018,29100,10,-0.000259
2018,29340,10,-0.007088
2018,29420,10,-0.004914
2018,29460,10,0.01318
2018,29540,10,0.008114
2018,29700,10,-0.000996
2018,29740,10,0.008486
2018,29820,10,-0.004658
2018,29940,10,0.00359
2018,30140,10,0.012451
2018,30300,10,0.003631
2018,30340,10,0.005837
2018,30460,10,0.005941
2018,30620,10,-0.001877
2018,30700,10,0.006837
2018,30780,10,0.004086
2018,30860,10,0.017416
2018,31020,10,0.020601
2018,31420,10,-0.003542
2018,31700,10,0.002329
2018,31860,10,0.006971
2018,32580,10,0.006083
2018,32780,10,0.00236
2018,32900,10,-0.003115
2018,33140,10,-0.007855
2018,33340,10,-0.002628
2018,33540,10,0.003275
2018,33700,10,-0.010419
2018,33780,10,-0.001518
2018,33860,10,-0.004926
2018,34060,10,-0.013898
2018,34580,10,0.018704
2018,34620,10,-0.001297
2018,34740,10,0.002934
2018,34940,10,-0.018863
2018,35300,10,-0.001557
2018,35660,10,-0.000296
2018,35840,10,-0.010347
2018,35980,10,0.003886
2018,36100,10,0.00862
2018,36220,10,-0.02799
2018,36420,10,-0.00263
2018,36500,10,0.028585
2018,36540,10,0.006263
2018,36740,10,-0.000212
2018,36780,10,0.008755
2018,36980,10,-0.005154
2018,37100,10,-0.010302
2018,37340,10,0.001159
2018,37860,10,0.004651
2018,38060,10,-0.007056
2018,38300,10,-0.009243
2018,38340,10,-0.006566
2018,38860,10,0.004578
2018,38900,10,-0.007276
2018,38940,10,-0.003985
2018,39300,10,0.001906
2018,39340,10,0.009891
2018,39380,10,0.012368
2018,39460,10,-0.000569
2018,39540,10,0.007419
2018,39580,10,0.011531
2018,39740,10,0.008547
2018,39820,10,-0.002519
2018,39900,10,-0.015461
2018,40140,10,-0.006255
2018,40420,10,0.003821
2018,40660,10,0.0083
2018,40900,10,-0.003067
2018,40980,10,-0.001995
2018,41060,10,0.007832
2018,41100,10,0.024383
2018,41140,10,-0.006211
2018,41420,10,0.016926
2018,41500,10,-0.014402
2018,41700,10,0.007527
2018,41740,10,-0.007226
2018,41940,10,-0.023252
2018,42020,10,-0.011248
2018,42100,10,-0.014469
2018,42140,10,0.002218
2018,42220,10,-0.019289
2018,42340,10,-0.004485
2018,42540,10,0.002857
2018,42680,10,0.006126
2018,43100,10,0.006455
2018,43620,10,0.008156
2018,43780,10,0.000993
2018,44100,10,-0.014991
2018,44180,10,0.00738
2018,44220,10,0.001927
2018,44300,10,-0.003232
2018,44700,10,-0.005898
2018,45060,10,-0.002892
2018,45220,10,0.003595
2018,45820,10,0.0005
2018,45940,10,0.000384
2018,46060,10,0.004672
2018,46140,10,-0.00297
2018,46340,10,0.00444
2018,46540,10,-0.003153
2018,46660,10,-0.001419
2018,46700,10,-0.011543
2018,47220,10,-0.003098
2018,47300,10,-0.004606
2018,47940,10,-0.007886
2018,48300,10,0.006484
2018,48540,10,-0.029613
2018,48660,10,0.00805
2018,48700,10,-0.017821
2018,49020,10,0.002921
2018,49420,10,0.009245
2018,49620,10,0.008355
2018,49660,10,-0.006098
2018,49740,10,0.000255
2018,10180,11,-0.009164
2018,10420,11,-0.000625
2018,10580,11,0.000175
2018,10740,11,-0.000424
2018,10780,11,-0.009404
2018,10900,11,0.008929
2018,11020,11,-0.002164
2018,11260,11,-0.01433
2018,11460,11,0.000167
2018,11500,11,-0.005538
2018,11540,11,0.009358
2018,11700,11,-0.00157
2018,12020,11,0.012358
2018,12100,11,-0.00638
2018,12220,11,0.01205
2018,12420,11,-0.001703
2018,12540,11,-0.007847
2018,12580,11,-0.010477
2018,12620,11,-9.8e-05
2018,12700,11,-0.000752
2018,12980,11,0.001821
2018,13020,11,0.00271
2018,13380,11,0.025495
2018,13460,11,0.001781
2018,13780,11,-0.00155
2018,14260,11,0.006184
2018,14500,11,-0.014992
2018,14740,11,0.013067
2018,14860,11,-0.005518
2018,15180,11,0.005438
2018,15260,11,0.004343
2018,15380,11,-0.000949
2018,15500,11,0.012735
2018,15540,11,-0.004751
2018,15940,11,-0.007252
2018,15980,11,-0.008339
2018,16020,11,-0.008904
2018,16180,11,-0.011267
2018,16220,11,-0.035065
2018,16300,11,0.006307
2018,16700,11,0.000302
2018,16860,11,0.00309
2018,16940,11,-0.009179
2018,17020,11,0.005593
2018,17420,11,0.005403
2018,17660,11,0.01707
2018,17780,11,-0.004751
2018,17820,11,0.014141
2018,17900,11,0.003205
2018,18020,11,-0.005237
2018,18700,11,0.016711
2018,19340,11,-0.008094
2018,19460,11,0.001777
2018,19500,11,-0.010754
2018,19740,11,-0.009391
2018,20020,11,-0.005262
2018,20100,11,-0.003605
2018,20220,11,-0.001643
2018,20740,11,0.003178
2018,20940,11,-0.004021
2018,21140,11,0.000146
2018,21300,11,-0.001207
2018,21500,11,-0.011305
2018,21660,11,0.013945
2018,21820,11,-0.007493
2018,22020,11,-0.010766
2018,22140,11,-0.017449
2018,22380,11,-0.009166
2018,22420,11,-0.008895
2018,22500,11,-0.006437
2018,22520,11,-0.00566
2018,22540,11,0.00688
2018,22660,11,-0.0025
2018,23420,11,0.000135
2018,23460,11,-0.005306
2018,23580,11,-0.000255
2018,24020,11,0.005347
2018,24220,11,-0.021354
2018,24300,11,0.00474
2018,24500,11,-0.007313
2018,24540,11,0.017002
2018,24580,11,0.010055
2018,24660,11,9.6e-05
2018,25420,11,0.004364
2018,25500,11,-0.000146
2018,25540,11,-0.002917
2018,25860,11,0.00585
2018,25980,11,0.015671
2018,26300,11,0.009989
2018,26380,11,-0.018546
2018,26620,11,0.005558
2018,26980,11,0.003787
2018,27100,11,0.00717
2018,27260,11,0.003488
2018,27340,11,0.011946
2018,27500,11,0.007662
2018,27740,11,0.001039
2018,27780,11,-0.007177
2018,27860,11,0.0064
2018,27900,11,0.002666
2018,28100,11,-0.004313
2018,28420,11,0.029073
2018,28660,11,0.01358
2018,28700,11,-0.002447
2018,28740,11,0.008562
2018,29100,11,-0.000516
2018,29340,11,-0.007939
2018,29420,11,-0.004677
2018,29460,11,0.013952
2018,29540,11,0.008917
2018,29700,11,-0.001884
2018,29740,11,0.007154
2018,29820,11,-0.002287
2018,29940,11,0.001363
2018,30140,11,0.01249
2018,30300,11,0.004664
2018,30340,11,0.00706
2018,30460,11,0.005821
2018,30620,11,-0.00153
2018,30700,11,0.006989
2018,30780,11,0.003612
2018,30860,11,0.019082
2018,31020,11,0.02138
2018,31420,11,-0.003358
2018,31700,11,0.003046
2018,31860,11,0.007792
2018,32580,11,0.005193
2018,32780,11,0.002152
2018,32900,11,-0.001387
2018,33140,11,-0.008802
2018,33340,11,-0.002923
2018,33540,11,0.001476
2018,33700,11,-0.007966
2018,33780,11,-0.001185
2018,33860,11,-0.005385
2018,34060,11,-0.013832
2018,34580,11,0.01947
2018,34620,11,-0.001326
2018,34740,11,0.004906
2018,34940,11,-0.019928
2018,35300,11,-0.002303
2018,35660,11,0.000499
2018,35840,11,-0.01099
2018,35980,11,0.004397
2018,36100,11,0.010035
2018,36220,11,-0.026394
2018,36420,11,-0.00333
2018,36500,11,0.027584
2018,36540,11,0.006935
2018,36740,11,0.000154
2018,36780,11,0.008595
2018,36980,11,-0.004897
2018,37100,11,-0.010323
2018,37340,11,0.003855
2018,37860,11,0.005157
2018,38060,11,-0.006742
2018,38300,11,-0.009176
2018,38340,11,-0.006606
2018,38860,11,0.005044
2018,38900,11,-0.008041
2018,38940,11,-0.000858
2018,39300,11,0.002999
2018,39340,11,0.008402
2018,39380,11,0.014473
2018,39460,11,0.000239
2018,39540,11,0.00765
2018,39580,11,0.009973
2018,39740,11,0.009498
2018,39820,11,-0.00314
2018,39900,11,-0.013885
2018,40140,11,-0.005303
2018,40420,11,0.004428
2018,40660,11,0.008472
2018,40900,11,-0.002584
2018,40980,11,-0.00241
2018,41060,11,0.010104
2018,41100,11,0.02149
2018,41140,11,-0.005338
2018,41420,11,0.018331
2018,41500,11,-0.013615
2018,41700,11,0.008296
2018,41740,11,-0.007687
2018,41940,11,-0.023931
2018,42020,11,-0.011909
2018,42100,11,-0.014424
2018,42140,11,0.002566
2018,42220,11,-0.01785
2018,42340,11,-0.00419
2018,42540,11,0.002281
2018,42680,11,0.008397
2018,43100,11,0.007397
2018,43620,11,0.006337
2018,43780,11,0.000941
2018,44100,11,-0.01636
2018,44180,11,0.008139
2018,44220,11,0.001703
2018,44300,11,-0.002952
2018,44700,11,-0.004045
2018,45060,11,-0.003102
2018,45220,11,0.004961
2018,45820,11,0.001516
2018,45940,11,-0.000647
2018,46060,11,0.005649
2018,46140,11,-0.002951
2018,46340,11,0.004945
2018,46540,11,-0.003304
2018,46660,11,-0.003413
2018,46700,11,-0.009526
2018,47220,11,-0.002386
2018,47300,11,-0.004986
2018,47940,11,-0.007796
2018,48300,11,0.00632
2018,48540,11,-0.029785
2018,48660,11,0.009253
2018,48700,11,-0.018404
2018,49020,11,0.001061
2018,49420,11,0.008942
2018,49620,11,0.009338
2018,49660,11,-0.006413
2018,49740,11,-0.000724
2018,10180,12,-0.007885
2018,10420,12,-0.001037
2018,10580,12,0.002142
2018,10740,12,0.00098
2018,10780,12,-0.00858
2018,10900,12,0.007098
2018,11020,12,-0.003637
2018,11260,12,-0.009283
2018,11460,12,-0.002934
2018,11500,12,-0.004977
2018,11540,12,0.009428
2018,11700,12,0.000443
2018,12020,12,0.009506
2018,12100,12,-0.003737
2018,12220,12,0.010616
2018,12420,12,-0.002074
2018,12540,12,-0.00786
2018,12580,12,-0.00787
2018,12620,12,0.000774
2018,12700,12,-0.002282
2018,12980,12,-0.00039
2018,13020,12,0.001763
2018,13380,12,0.027377
2018,13460,12,0.001972
2018,13780,12,-0.000339
2018,14260,12,0.005992
2018,14500,12,-0.014002
2018,14740,12,0.014461
2018,14860,12,-0.00572
2018,15180,12,0.004745
2018,15260,12,0.003939
2018,15380,12,-0.000449
2018,15500,12,0.010926
2018,15540,12,-0.002995
2018,15940,12,-0.006618
2018,15980,12,-0.011454
2018,16020,12,-0.010087
2018,16180,12,-0.01263
2018,16220,12,-0.02961
2018,16300,12,0.005351
2018,16700,12,0.001074
2018,16860,12,0.004414
2018,16940,12,-0.007049
2018,17020,12,0.005627
2018,17420,12,0.005075
2018,17660,12,0.017221
2018,17780,12,-0.00373
2018,17820,12,0.013085
2018,17900,12,0.003828
2018,18020,12,-0.003013
2018,18700,12,0.016374
2018,19340,12,-0.006265
2018,19460,12,0.002936
2018,19500,12,-0.007615
2018,19740,12,-0.009687
2018,20020,12,-0.005322
2018,20100,12,-0.002016
2018,20220,12,-0.001818
2018,20740,12,0.004993
2018,20940,12,-0.006821
2018,21140,12,-2e-06
2018,21300,12,-0.00155
2018,21500,12,-0.012384
2018,21660,12,0.014428
2018,21820,12,-0.00468
2018,22020,12,-0.009099
2018,22140,12,-0.014823
2018,22380,12,-0.007149
2018,22420,12,-0.010209
2018,22500,12,-0.005971
2018,22520,12,-0.005196
2018,22540,12,0.008105
2018,22660,12,-0.002364
2018,23420,12,-0.000263
2018,23460,12,-0.005235
2018,23580,12,-0.000771
2018,24020,12,0.007923
2018,24220,12,-0.018863
2018,24300,12,0.005515
2018,24500,12,-0.002503
2018,24540,12,0.012054
2018,24580,12,0.009601
2018,24660,12,6.8e-05
2018,25420,12,0.004232
2018,25500,12,0.001898
2018,25540,12,-0.001958
2018,25860,12,0.004156
2018,25980,12,0.019081
2018,26300,12,0.010001
2018,26380,12,-0.015399
2018,26620,12,0.00584
2018,26980,12,0.004941
2018,27100,12,0.003365
2018,27260,12,0.002938
2018,27340,12,0.012641
2018,27500,12,0.007865
2018,27740,12,0.000612
2018,27780,12,-0.006732
2018,27860,12,0.005923
2018,27900,12,0.002312
2018,28100,12,-0.003155
2018,28420,12,0.027893
2018,28660,12,0.011935
2018,28700,12,-0.002946
2018,28740,12,0.009357
2018,29100,12,0.001035
2018,29340,12,-0.006465
2018,29420,12,-0.004823
2018,29460,12,0.011347
2018,29540,12,0.006347
2018,29700,12,-0.001439
2018,29740,12,0.00771
2018,29820,12,-0.00657
2018,29940,12,0.003193
2018,30140,12,0.011492
2018,30300,12,0.005125
2018,30340,12,0.006163
2018,30460,12,0.005337
2018,30620,12,-0.00175
2018,30700,12,0.007578
2018,30780,12,0.003093
2018,30860,12,0.016414
2018,31020,12,0.019952
2018,31420,12,-0.004433
2018,31700,12,0.001654
2018,31860,12,0.006493
2018,32580,12,0.004339
2018,32780,12,0.001919
2018,32900,12,-0.007002
2018,33140,12,-0.007054
2018,33340,12,-0.000695
2018,33540,12,0.003733
2018,33700,12,-0.013172
2018,33780,12,-0.00445
2018,33860,12,-0.005001
2018,34060,12,-0.012397
2018,34580,12,0.01961
2018,34620,12,-0.003077
2018,34740,12,0.002181
2018,34940,12,-0.021335
2018,35300,12,-0.002047
2018,35660,12,0.000457
2018,35840,12,-0.012483
2018,35980,12,0.004517
2018,36100,12,0.008735
2018,36220,12,-0.022098
2018,36420,12,-0.002959
2018,36500,12,0.028621
2018,36540,12,0.006129
2018,36740,12,-0.000648
2018,36780,12,0.009626
2018,36980,12,-0.005505
2018,37100,12,-0.009171
2018,37340,12,0.00031
2018,37860,12,0.00558
2018,38060,12,-0.007891
2018,38300,12,-0.009438
2018,38340,12,-0.005886
2018,38860,12,0.004876
2018,38900,12,-0.005583
2018,38940,12,-0.005151
2018,39300,12,0.002084
2018,39340,12,0.008226
2018,39380,12,0.012125
2018,39460,12,-0.003531
2018,39540,12,0.007568
2018,39580,12,0.009872
2018,39740,12,0.007676
2018,39820,12,-0.002788
2018,39900,12,-0.015483
2018,40140,12,-0.006231
2018,40420,12,0.005136
2018,40660,12,0.00732
2018,40900,12,-0.003853
2018,40980,12,-0.004016
2018,41060,12,0.006378
2018,41100,12,0.017797
2018,41140,12,-0.007953
2018,41420,12,0.017288
2018,41500,12,-0.015461
2018,41700,12,0.00674
2018,41740,12,-0.006844
2018,41940,12,-0.022227
2018,42020,12,-0.011271
2018,42100,12,-0.014331
2018,42140,12,0.001954
2018,42220,12,-0.018094
2018,42340,12,-0.003173
2018,42540,12,0.001958
2018,42680,12,0.005196
2018,43100,12,0.007139
2018,43620,12,0.007922
2018,43780,12,0.000573
2018,44100,12,-0.013563
2018,44180,12,0.007418
2018,44220,12,0.000562
2018,44300,12,-0.004379
2018,44700,12,-0.008394
2018,45060,12,-0.002344
2018,45220,12,0.004834
2018,45820,12,0.001734
2018,45940,12,-0.001638
2018,46060,12,0.004881
2018,46140,12,-0.002956
2018,46340,12,0.003825
2018,46540,12,-0.002897
2018,46660,12,-0.002354
2018,46700,12,-0.012909
2018,47220,12,-0.00099
2018,47300,12,-0.004081
2018,47940,12,-0.007397
2018,48300,12,0.010124
2018,48540,12,-0.023493
2018,48660,12,0.006379
2018,48700,12,-0.016479
2018,49020,12,0.001653
2018,49420,12,0.011634
2018,49620,12,0.007127
2018,49660,12,-0.005709
2018,49740,12,-0.000213
2018,10180,13,-0.007873
2018,10420,13,-0.000593
2018,10580,13,0.00056
2018,10740,13,-0.002683
2018,10780,13,-0.010791
2018,10900,13,0.0087
2018,11020,13,-0.003487
2018,11260,13,-0.017724
2018,11460,13,0.001351
2018,11500,13,-0.005348
2018,11540,13,0.008854
2018,11700,13,0.000642
2018,12020,13,0.012038
2018,12100,13,-0.006555
2018,12220,13,0.011969
2018,12420,13,0.000673
2018,12540,13,-0.007362
2018,12580,13,-0.011569
2018,12620,13,0.000218
2018,12700,13,-0.000943
2018,12980,13,0.000911
2018,13020,13,0.001771
2018,13380,13,0.023903
2018,13460,13,0.002206
2018,13780,13,-0.001331
2018,14260,13,0.006362
2018,14500,13,-0.01218
2018,14740,13,0.013607
2018,14860,13,-0.006737
2018,15180,13,0.004873
2018,15260,13,0.00662
2018,15380,13,0.000368
2018,15500,13,0.009118
2018,15540,13,-0.005184
2018,15940,13,-0.007146
2018,15980,13,-0.008447
2018,16020,13,-0.009742
2018,16180,13,-0.004856
2018,16220,13,-0.033755
2018,16300,13,0.004913
2018,16700,13,0.001676
2018,16860,13,0.00223
2018,16940,13,-0.011118
2018,17020,13,0.003891
2018,17420,13,0.005475
2018,17660,13,0.016912
2018,17780,13,-0.003546
2018,17820,13,0.012669
2018,17900,13,0.001255
2018,18020,13,-0.005787
2018,18700,13,0.013183
2018,19340,13,-0.008985
2018,19460,13,0.003497
2018,19500,13,-0.010859
2018,19740,13,-0.007524
2018,20020,13,-0.00585
2018,20100,13,-0.005599
2018,20220,13,-0.00237
2018,20740,13,0.003725
2018,20940,13,-0.004822
2018,21140,13,0.000535
2018,21300,13,-0.002232
2018,21500,13,-0.011928
2018,21660,13,0.011567
2018,21820,13,-0.011989
2018,22020,13,-0.00869
2018,22140,13,-0.020061
2018,22380,13,-0.00726
2018,22420,13,-0.005829
2018,22500,13,-0.009582
2018,22520,13,-0.005785
2018,22540,13,0.006434
2018,22660,13,-0.001859
2018,23420,13,-0.000474
2018,23460,13,-0.005845
2018,23580,13,0.00292
2018,24020,13,0.006792
2018,24220,13,-0.017306
2018,24300,13,0.004003
2018,24500,13,-0.008015
2018,24540,13,0.016267
2018,24580,13,0.009474
2018,24660,13,-0.002382
2018,25420,13,0.003556
2018,25500,13,-0.001995
2018,25540,13,-0.004
2018,25860,13,0.003389
2018,25980,13,0.016549
2018,26300,13,0.010099
2018,26380,13,-0.018064
2018,26620,13,0.004417
2018,26980,13,0.002715
2018,27100,13,0.007371
2018,27260,13,0.00496
2018,27340,13,0.009399
2018,27500,13,0.008834
2018,27740,13,0.000883
2018,27780,13,-0.00725
2018,27860,13,0.003815
2018,27900,13,0.002092
2018,28100,13,-0.004241
2018,28420,13,0.024263
2018,28660,13,0.011791
2018,28700,13,-0.005349
2018,28740,13,0.01044
2018,29100,13,-0.000255
2018,29340,13,-0.007034
2018,29420,13,-0.00466
2018,29460,13,0.015409
2018,29540,13,0.007971
2018,29700,13,-0.00174
2018,29740,13,0.003484
2018,29820,13,0.003178
2018,29940,13,0.000829
2018,30140,13,0.011844
2018,30300,13,0.002822
2018,30340,13,0.007474
2018,30460,13,0.006197
2018,30620,13,-0.00226
2018,30700,13,0.008143
2018,30780,13,0.001442
2018,30860,13,0.016946
2018,31020,13,0.020449
2018,31420,13,-0.006238
2018,31700,13,0.004016
2018,31860,13,0.007555
2018,32580,13,0.003941
2018,32780,13,0.001583
2018,32900,13,0.000327
2018,33140,13,-0.008515
2018,33340,13,-0.001719
2018,33540,13,-0.000634
2018,33700,13,-0.004639
2018,33780,13,-0.001697
2018,33860,13,-0.005482
2018,34060,13,-0.015364
2018,34580,13,0.019218
2018,34620,13,-0.003693
2018,34740,13,0.005966
2018,34940,13,-0.016682
2018,35300,13,-0.003213
2018,35660,13,0.001194
2018,35840,13,-0.008421
2018,35980,13,0.004546
2018,36100,13,0.011849
2018,36220,13,-0.02134
2018,36420,13,-0.004157
2018,36500,13,0.02572
2018,36540,13,0.007283
2018,36740,13,0.003024
2018,36780,13,0.008683
2018,36980,13,-0.004713
2018,37100,13,-0.009615
2018,37340,13,0.007198
2018,37860,13,0.005634
2018,38060,13,-0.004335
2018,38300,13,-0.009018
2018,38340,13,-0.007262
2018,38860,13,0.005952
2018,38900,13,-0.006928
2018,38940,13,0.003951
2018,39300,13,0.004547
2018,39340,13,0.007327
2018,39380,13,0.014132
2018,39460,13,0.001805
2018,39540,13,0.008105
2018,39580,13,0.008366
2018,39740,13,0.009306
2018,39820,13,-0.004567
2018,39900,13,-0.00715
2018,40140,13,-0.002589
2018,40420,13,0.004938
2018,40660,13,0.006783
2018,40900,13,-0.001064
2018,40980,13,-0.003661
2018,41060,13,0.00977
2018,41100,13,0.016891
2018,41140,13,-0.006615
2018,41420,13,0.018152
2018,41500,13,-0.011885
2018,41700,13,0.009154
2018,41740,13,-0.00791
2018,41940,13,-0.022272
2018,42020,13,-0.012699
2018,42100,13,-0.014506
2018,42140,13,0.000663
2018,42220,13,-0.015105
2018,42340,13,-0.003164
2018,42540,13,0.000995
2018,42680,13,0.011051
2018,43100,13,0.007389
2018,43620,13,0.006568
2018,43780,13,0.000552
2018,44100,13,-0.016596
2018,44180,13,0.008307
2018,44220,13,0.000132
2018,44300,13,-0.003183
2018,44700,13,-0.000544
2018,45060,13,-0.003144
2018,45220,13,0.005814
2018,45820,13,0.001745
2018,45940,13,-0.001224
2018,46060,13,0.005243
2018,46140,13,-0.003557
2018,46340,13,0.004393
2018,46540,13,-0.003223
2018,46660,13,-0.006487
2018,46700,13,-0.005173
2018,47220,13,-0.001389
2018,47300,13,-0.004718
2018,47940,13,-0.008742
2018,48300,13,0.00616
2018,48540,13,-0.02641
2018,48660,13,0.006982
2018,48700,13,-0.016721
2018,49020,13,-0.000281
2018,49420,13,0.006525
2018,49620,13,0.008983
2018,49660,13,-0.006513
2018,49740,13,-0.002222
2018,10180,14,-0.010712
2018,10420,14,0.001373
2018,10580,14,0.001729
2018,10740,14,-0.003341
2018,10780,14,-0.012297
2018,10900,14,0.009584
2018,11020,14,-0.005481
2018,11260,14,-0.017442
2018,11460,14,0.002202
2018,11500,14,-0.005428
2018,11540,14,0.008556
2018,11700,14,-0.004478
2018,12020,14,0.012993
2018,12100,14,-0.002778
2018,12220,14,0.013422
2018,12420,14,0.001664
2018,12540,14,-0.006582
2018,12580,14,-0.014301
2018,12620,14,0.000436
2018,12700,14,-0.002068
2018,12980,14,0.001855
2018,13020,14,0.004887
2018,13380,14,0.021504
2018,13460,14,0.007967
2018,13780,14,-0.004795
2018,14260,14,0.008763
2018,14500,14,-0.014518
2018,14740,14,0.009014
2018,14860,14,-0.002815
2018,15180,14,0.00494
2018,15260,14,0.002714
2018,15380,14,0.000586
2018,15500,14,0.016685
2018,15540,14,-0.006511
2018,15940,14,-0.005554
2018,15980,14,0.000885
2018,16020,14,-0.011988
2018,16180,14,-0.007247
2018,16220,14,-0.045187
2018,16300,14,0.006732
2018,16700,14,-0.000997
2018,16860,14,0.001047
2018,16940,14,-0.012334
2018,17020,14,0.006656
2018,17420,14,0.005921
2018,17660,14,0.016205
2018,17780,14,-0.001971
2018,17820,14,0.014974
2018,17900,14,0.002362
2018,18020,14,-0.006201
2018,18700,14,0.011116
2018,19340,14,-0.009695
2018,19460,14,5.3e-05
2018,19500,14,-0.010523
2018,19740,14,-0.006955
2018,20020,14,-0.006356
2018,20100,14,-0.002781
2018,20220,14,-0.004511
2018,20740,14,0.002107
2018,20940,14,-0.001313
2018,21140,14,0.00074
2018,21300,14,-0.005087
2018,21500,14,-0.01026
2018,21660,14,0.010686
2018,21820,14,-0.016486
2018,22020,14,-0.007821
2018,22140,14,-0.021808
2018,22380,14,-0.013069
2018,22420,14,-0.002528
2018,22500,14,-0.009192
2018,22520,14,-0.006874
2018,22540,14,0.006583
2018,22660,14,0.000105
2018,23420,14,0.000757
2018,23460,14,-0.005749
2018,23580,14,0.003911
2018,24020,14,0.001902
2018,24220,14,-0.024383
2018,24300,14,0.002441
2018,24500,14,-0.008415
2018,24540,14,0.025048
2018,24580,14,0.010414
2018,24660,14,0.000237
2018,25420,14,0.00722
2018,25500,14,-0.00468
2018,25540,14,-0.001976
2018,25860,14,0.002725
2018,25980,14,0.007884
2018,26300,14,0.006986
2018,26380,14,-0.021439
2018,26620,14,0.007718
2018,26980,14,0.006799
2018,27100,14,0.006179
2018,27260,14,0.004525
2018,27340,14,0.005181
2018,27500,14,0.0076
2018,27740,14,-0.002559
2018,27780,14,-0.00723
2018,27860,14,0.009637
2018,27900,14,0.003571
2018,28100,14,-0.007242
2018,28420,14,0.026279
2018,28660,14,0.015645
2018,28700,14,-0.009604
2018,28740,14,0.009344
2018,29100,14,-0.003083
2018,29340,14,-0.007011
2018,29420,14,-0.002646
2018,29460,14,0.016654
2018,29540,14,0.00684
2018,29700,14,0.000793
2018,29740,14,0.00524
2018,29820,14,0.004395
2018,29940,14,0.004955
2018,30140,14,0.012508
2018,30300,14,-0.003568
2018,30340,14,0.004585
2018,30460,14,0.007403
2018,30620,14,-0.004011
2018,30700,14,0.008861
2018,30780,14,0.0037
2018,30860,14,0.014181
2018,31020,14,0.01957
2018,31420,14,-0.005685
2018,31700,14,0.005106
2018,31860,14,0.007918
2018,32580,14,0.008291
2018,32780,14,0.00241
2018,32900,14,0.005948
2018,33140,14,-0.008014
2018,33340,14,-0.003349
2018,33540,14,-0.000115
2018,33700,14,-0.003194
2018,33780,14,0.002554
2018,33860,14,-0.003734
2018,34060,14,-0.020298
2018,34580,14,0.016122
2018,34620,14,-0.003649
2018,34740,14,0.004623
2018,34940,14,-0.011511
2018,35300,14,-0.001135
2018,35660,14,-0.001765
2018,35840,14,-0.004057
2018,35980,14,0.004127
2018,36100,14,0.011312
2018,36220,14,-0.035585
2018,36420,14,-0.002345
2018,36500,14,0.025015
2018,36540,14,0.007542
2018,36740,14,0.002729
2018,36780,14,0.008223
2018,36980,14,-0.004463
2018,37100,14,-0.010194
2018,37340,14,0.006353
2018,37860,14,0.003978
2018,38060,14,-0.003347
2018,38300,14,-0.008107
2018,38340,14,-0.009677
2018,38860,14,0.004832
2018,38900,14,-0.009263
2018,38940,14,0.003888
2018,39300,14,0.00445
2018,39340,14,0.010504
2018,39380,14,0.013701
2018,39460,14,0.006463
2018,39540,14,0.007721
2018,39580,14,0.010396
2018,39740,14,0.008104
2018,39820,14,-0.00283
2018,39900,14,-0.006294
2018,40140,14,-0.003473
2018,40420,14,0.003255
2018,40660,14,0.009445
2018,40900,14,0.00091
2018,40980,14,0.000832
2018,41060,14,0.008196
2018,41100,14,0.026674
2018,41140,14,-0.007062
2018,41420,14,0.014532
2018,41500,14,-0.007925
2018,41700,14,0.008769
2018,41740,14,-0.007199
2018,41940,14,-0.02305
2018,42020,14,-0.011238
2018,42100,14,-0.013906
2018,42140,14,0.00067
2018,42220,14,-0.017603
2018,42340,14,-0.006198
2018,42540,14,0.003426
2018,42680,14,0.010982
2018,43100,14,0.00426
2018,43620,14,0.00888
2018,43780,14,0.000253
2018,44100,14,-0.017283
2018,44180,14,0.008335
2018,44220,14,0.001436
2018,44300,14,-0.004056
2018,44700,14,0.00254
2018,45060,14,-0.002388
2018,45220,14,0.002057
2018,45820,14,0.000519
2018,45940,14,0.003493
2018,46060,14,0.00429
2018,46140,14,-0.002157
2018,46340,14,0.005663
2018,46540,14,-0.003192
2018,46660,14,-0.003964
2018,46700,14,-0.003601
2018,47220,14,-0.003928
2018,47300,14,-0.004012
2018,47940,14,-0.010221
2018,48300,14,2.6e-05
2018,48540,14,-0.027648
2018,48660,14,0.006363
2018,48700,14,-0.016436
2018,49020,14,0.0043
2018,49420,14,0.004507
2018,49620,14,0.007709
2018,49660,14,-0.005353
2018,49740,14,9.2e-05
2018,10180,15,-0.00988
2018,10420,15,0.000618
2018,10580,15,0.000258
2018,10740,15,-0.004174
2018,10780,15,-0.012878
2018,10900,15,0.010363
2018,11020,15,-0.003596
2018,11260,15,-0.019347
2018,11460,15,0.003632
2018,11500,15,-0.006283
2018,11540,15,0.008445
2018,11700,15,-0.002453
2018,12020,15,0.014039
2018,12100,15,-0.006242
2018,12220,15,0.014139
2018,12420,15,0.004001
2018,12540,15,-0.004219
2018,12580,15,-0.01349
2018,12620,15,0.000378
2018,12700,15,-0.001596
2018,12980,15,0.002056
2018,13020,15,0.002295
2018,13380,15,0.019829
2018,13460,15,0.007291
2018,13780,15,-0.003861
2018,14260,15,0.006506
2018,14500,15,-0.01485
2018,14740,15,0.009437
2018,14860,15,-0.003853
2018,15180,15,0.003688
2018,15260,15,0.006237
2018,15380,15,-0.001583
2018,15500,15,0.013168
2018,15540,15,-0.005644
2018,15940,15,-0.007252
2018,15980,15,-0.002589
2018,16020,15,-0.008727
2018,16180,15,-0.004689
2018,16220,15,-0.037208
2018,16300,15,0.005377
2018,16700,15,0.000637
2018,16860,15,-0.001095
2018,16940,15,-0.013345
2018,17020,15,0.004035
2018,17420,15,0.005016
2018,17660,15,0.016341
2018,17780,15,-0.002283
2018,17820,15,0.011866
2018,17900,15,0.000906
2018,18020,15,-0.006601
2018,18700,15,0.012112
2018,19340,15,-0.00887
2018,19460,15,-0.000759
2018,19500,15,-0.011508
2018,19740,15,-0.008133
2018,20020,15,-0.005219
2018,20100,15,-0.00321
2018,20220,15,-0.003366
2018,20740,15,0.002032
2018,20940,15,-0.001243
2018,21140,15,0.000733
2018,21300,15,-0.003652
2018,21500,15,-0.009233
2018,21660,15,0.010118
2018,21820,15,-0.017141
2018,22020,15,-0.005442
2018,22140,15,-0.019946
2018,22380,15,-0.011014
2018,22420,15,-0.006007
2018,22500,15,-0.010204
2018,22520,15,-0.006117
2018,22540,15,0.005913
2018,22660,15,-0.002474
2018,23420,15,-0.000595
2018,23460,15,-0.005214
2018,23580,15,0.004189
2018,24020,15,0.001967
2018,24220,15,-0.018247
2018,24300,15,0.002962
2018,24500,15,-0.012614
2018,24540,15,0.022494
2018,24580,15,0.009818
2018,24660,15,-0.00259
2018,25420,15,0.00565
2018,25500,15,-0.003753
2018,25540,15,-0.003406
2018,25860,15,0.00283
2018,25980,15,0.008542
2018,26300,15,0.006565
2018,26380,15,-0.020347
2018,26620,15,0.00695
2018,26980,15,0.004141
2018,27100,15,0.007395
2018,27260,15,0.005634
2018,27340,15,0.009149
2018,27500,15,0.007125
2018,27740,15,-0.000577
2018,27780,15,-0.008014
2018,27860,15,0.004849
2018,27900,15,0.002649
2018,28100,15,-0.004001
2018,28420,15,0.023536
2018,28660,15,0.013518
2018,28700,15,-0.006158
2018,28740,15,0.007272
2018,29100,15,-0.00163
2018,29340,15,-0.006484
2018,29420,15,-0.005961
2018,29460,15,0.017918
2018,29540,15,0.009475
2018,29700,15,-0.000426
2018,29740,15,0.004358
2018,29820,15,0.008428
2018,29940,15,0.000884
2018,30140,15,0.012589
2018,30300,15,0.000261
2018,30340,15,0.006096
2018,30460,15,0.006327
2018,30620,15,-0.002649
2018,30700,15,0.005806
2018,30780,15,0.001522
2018,30860,15,0.015967
2018,31020,15,0.020123
2018,31420,15,-0.006168
2018,31700,15,0.004365
2018,31860,15,0.006847
2018,32580,15,0.005894
2018,32780,15,0.00147
2018,32900,15,0.005653
2018,33140,15,-0.00789
2018,33340,15,-0.003574
2018,33540,15,-0.002107
2018,33700,15,0.001294
2018,33780,15,0.001592
2018,33860,15,-0.004427
2018,34060,15,-0.016366
2018,34580,15,0.01669
2018,34620,15,-0.002391
2018,34740,15,0.005252
2018,34940,15,-0.009505
2018,35300,15,-0.001874
2018,35660,15,0.000414
2018,35840,15,-0.004186
2018,35980,15,0.003316
2018,36100,15,0.011398
2018,36220,15,-0.023603
2018,36420,15,-0.004212
2018,36500,15,0.023809
2018,36540,15,0.006197
2018,36740,15,0.004217
2018,36780,15,0.007044
2018,36980,15,-0.004922
2018,37100,15,-0.009804
2018,37340,15,0.00744
2018,37860,15,0.003047
2018,38060,15,-0.001271
2018,38300,15,-0.009348
2018,38340,15,-0.007464
2018,38860,15,0.004834
2018,38900,15,-0.008511
2018,38940,15,0.006028
2018,39300,15,0.003762
2018,39340,15,0.009061
2018,39380,15,0.012048
2018,39460,15,0.005647
2018,39540,15,0.008444
2018,39580,15,0.00954
2018,39740,15,0.00985
2018,39820,15,-0.004222
2018,39900,15,-0.003697
2018,40140,15,-0.00022
2018,40420,15,0.003407
2018,40660,15,0.006489
2018,40900,15,0.000454
2018,40980,15,-0.001517
2018,41060,15,0.010409
2018,41100,15,0.024834
2018,41140,15,-0.00343
2018,41420,15,0.015873
2018,41500,15,-0.009661
2018,41700,15,0.010256
2018,41740,15,-0.00862
2018,41940,15,-0.020643
2018,42020,15,-0.012392
2018,42100,15,-0.014532
2018,42140,15,0.000982
2018,42220,15,-0.015516
2018,42340,15,-0.003789
2018,42540,15,0.00198
2018,42680,15,0.01064
2018,43100,15,0.005884
2018,43620,15,0.006195
2018,43780,15,0.001301
2018,44100,15,-0.016416
2018,44180,15,0.007364
2018,44220,15,0.001525
2018,44300,15,-0.001164
2018,44700,15,0.00476
2018,45060,15,-0.004538
2018,45220,15,0.004333
2018,45820,15,-0.000694
2018,45940,15,0.002663
2018,46060,15,0.003962
2018,46140,15,-0.004601
2018,46340,15,0.004607
2018,46540,15,-0.003055
2018,46660,15,-0.00387
2018,46700,15,-0.000684
2018,47220,15,-0.00452
2018,47300,15,-0.004988
2018,47940,15,-0.009131
2018,48300,15,0.000504
2018,48540,15,-0.031895
2018,48660,15,0.007541
2018,48700,15,-0.015514
2018,49020,15,0.001772
2018,49420,15,0.0008
2018,49620,15,0.01008
2018,49660,15,-0.006927
2018,49740,15,-0.001214
2018,10180,16,-0.01023
2018,10420,16,0.000348
2018,10580,16,0.000275
2018,10740,16,-0.002509
2018,10780,16,-0.011599
2018,10900,16,0.010146
2018,11020,16,-0.003086
2018,11260,16,-0.017082
2018,11460,16,0.002434
2018,11500,16,-0.006146
2018,11540,16,0.009057
2018,11700,16,-0.003161
2018,12020,16,0.01389
2018,12100,16,-0.006166
2018,12220,16,0.013687
2018,12420,16,0.00155
2018,12540,16,-0.005906
2018,12580,16,-0.01264
2018,12620,16,8.5e-05
2018,12700,16,-0.001291
2018,12980,16,0.002298
2018,13020,16,0.002958
2018,13380,16,0.022479
2018,13460,16,0.005802
2018,13780,16,-0.003504
2018,14260,16,0.006842
2018,14500,16,-0.01579
2018,14740,16,0.010457
2018,14860,16,-0.003929
2018,15180,16,0.004506
2018,15260,16,0.004509
2018,15380,16,-0.001444
2018,15500,16,0.014665
2018,15540,16,-0.005406
2018,15940,16,-0.007176
2018,15980,16,-0.003363
2018,16020,16,-0.009089
2018,16180,16,-0.008977
2018,16220,16,-0.038818
2018,16300,16,0.006394
2018,16700,16,3e-05
2018,16860,16,0.00065
2018,16940,16,-0.011628
2018,17020,16,0.005315
2018,17420,16,0.005365
2018,17660,16,0.016805
2018,17780,16,-0.003407
2018,17820,16,0.013547
2018,17900,16,0.002264
2018,18020,16,-0.005973
2018,18700,16,0.014643
2018,19340,16,-0.008609
2018,19460,16,-0.000479
2018,19500,16,-0.011467
2018,19740,16,-0.008879
2018,20020,16,-0.005317
2018,20100,16,-0.002969
2018,20220,16,-0.002832
2018,20740,16,0.002213
2018,20940,16,-0.001823
2018,21140,16,0.000616
2018,21300,16,-0.002935
2018,21500,16,-0.009975
2018,21660,16,0.012218
2018,21820,16,-0.013138
2018,22020,16,-0.008026
2018,22140,16,-0.019226
2018,22380,16,-0.011428
2018,22420,16,-0.007314
2018,22500,16,-0.008281
2018,22520,16,-0.006175
2018,22540,16,0.006381
2018,22660,16,-0.002338
2018,23420,16,-5.2e-05
2018,23460,16,-0.005267
2018,23580,16,0.001975
2018,24020,16,0.002442
2018,24220,16,-0.021351
2018,24300,16,0.0036
2018,24500,16,-0.010671
2018,24540,16,0.022079
2018,24580,16,0.010297
2018,24660,16,-0.000788
2018,25420,16,0.00584
2018,25500,16,-0.002368
2018,25540,16,-0.002872
2018,25860,16,0.004487
2018,25980,16,0.010002
2018,26300,16,0.007674
2018,26380,16,-0.020471
2018,26620,16,0.00696
2018,26980,16,0.00464
2018,27100,16,0.007276
2018,27260,16,0.00456
2018,27340,16,0.00994
2018,27500,16,0.007169
2018,27740,16,-0.000208
2018,27780,16,-0.007909
2018,27860,16,0.006634
2018,27900,16,0.003045
2018,28100,16,-0.004744
2018,28420,16,0.027197
2018,28660,16,0.014487
2018,28700,16,-0.004803
2018,28740,16,0.007428
2018,29100,16,-0.001556
2018,29340,16,-0.007449
2018,29420,16,-0.005196
2018,29460,16,0.016661
2018,29540,16,0.009553
2018,29700,16,-0.000918
2018,29740,16,0.006124
2018,29820,16,0.003393
2018,29940,16,0.001489
2018,30140,16,0.013045
2018,30300,16,0.001623
2018,30340,16,0.006168
2018,30460,16,0.006363
2018,30620,16,-0.002398
2018,30700,16,0.006309
2018,30780,16,0.003001
2018,30860,16,0.017749
2018,31020,16,0.021041
2018,31420,16,-0.004655
2018,31700,16,0.003924
2018,31860,16,0.007539
2018,32580,16,0.006401
2018,32780,16,0.002029
2018,32900,16,0.003286
2018,33140,16,-0.008476
2018,33340,16,-0.003797
2018,33540,16,-0.000304
2018,33700,16,-0.00283
2018,33780,16,0.00116
2018,33860,16,-0.004723
2018,34060,16,-0.015764
2018,34580,16,0.017732
2018,34620,16,-0.001605
2018,34740,16,0.005032
2018,34940,16,-0.01382
2018,35300,16,-0.001693
2018,35660,16,-7.1e-05
2018,35840,16,-0.006827
2018,35980,16,0.003641
2018,36100,16,0.010718
2018,36220,16,-0.027858
2018,36420,16,-0.00345
2018,36500,16,0.025739
2018,36540,16,0.006652
2018,36740,16,0.002207
2018,36780,16,0.007701
2018,36980,16,-0.004881
2018,37100,16,-0.010425
2018,37340,16,0.005714
2018,37860,16,0.003671
2018,38060,16,-0.003734
2018,38300,16,-0.009214
2018,38340,16,-0.007503
2018,38860,16,0.004766
2018,38900,16,-0.008885
2018,38940,16,0.002813
2018,39300,16,0.003291
2018,39340,16,0.009634
2018,39380,16,0.013322
2018,39460,16,0.004211
2018,39540,16,0.008079
2018,39580,16,0.010386
2018,39740,16,0.009802
2018,39820,16,-0.003488
2018,39900,16,-0.009049
2018,40140,16,-0.002931
2018,40420,16,0.003439
2018,40660,16,0.008
2018,40900,16,-0.000769
2018,40980,16,-0.0012
2018,41060,16,0.010482
2018,41100,16,0.025923
2018,41140,16,-0.004175
2018,41420,16,0.016858
2018,41500,16,-0.011173
2018,41700,16,0.009631
2018,41740,16,-0.008225
2018,41940,16,-0.0227
2018,42020,16,-0.012022
2018,42100,16,-0.014502
2018,42140,16,0.001904
2018,42220,16,-0.017492
2018,42340,16,-0.004528
2018,42540,16,0.002642
2018,42680,16,0.009702
2018,43100,16,0.006248
2018,43620,16,0.006444
2018,43780,16,0.001262
2018,44100,16,-0.016713
2018,44180,16,0.00783
2018,44220,16,0.00195
2018,44300,16,-0.001768
2018,44700,16,0.00104
2018,45060,16,-0.003891
2018,45220,16,0.003957
2018,45820,16,-3e-06
2018,45940,16,0.001959
2018,46060,16,0.004647
2018,46140,16,-0.003659
2018,46340,16,0.005262
2018,46540,16,-0.003204
2018,46660,16,-0.00313
2018,46700,16,-0.004862
2018,47220,16,-0.004329
2018,47300,16,-0.005114
2018,47940,16,-0.008738
2018,48300,16,0.002191
2018,48540,16,-0.032218
2018,48660,16,0.008532
2018,48700,16,-0.017257
2018,49020,16,0.002187
2018,49420,16,0.004312
2018,49620,16,0.009909
2018,49660,16,-0.006726
2018,49740,16,-0.000623
2018,10180,17,-0.008696
2018,10420,17,-1.4e-05
2018,10580,17,0.001003
2018,10740,17,-0.001122
2018,10780,17,-0.01004
2018,10900,17,0.008282
2018,11020,17,-0.003831
2018,11260,17,-0.014259
2018,11460,17,-0.000156
2018,11500,17,-0.00486
2018,11540,17,0.008374
2018,11700,17,-0.00145
2018,12020,17,0.01134
2018,12100,17,-0.004211
2018,12220,17,0.011564
2018,12420,17,-0.000936
2018,12540,17,-0.006497
2018,12580,17,-0.010839
2018,12620,17,0.000477
2018,12700,17,-0.001736
2018,12980,17,0.001066
2018,13020,17,0.003067
2018,13380,17,0.022805
2018,13460,17,0.002673
2018,13780,17,-0.00195
2018,14260,17,0.00563
2018,14500,17,-0.01351
2018,14740,17,0.011834
2018,14860,17,-0.004717
2018,15180,17,0.005102
2018,15260,17,0.004953
2018,15380,17,-0.000519
2018,15500,17,0.012124
2018,15540,17,-0.00523
2018,15940,17,-0.006358
2018,15980,17,-0.00722
2018,16020,17,-0.009432
2018,16180,17,-0.007693
2018,16220,17,-0.033866
2018,16300,17,0.00555
2018,16700,17,-0.000116
2018,16860,17,0.002217
2018,16940,17,-0.009927
2018,17020,17,0.005228
2018,17420,17,0.005026
2018,17660,17,0.015547
2018,17780,17,-0.003502
2018,17820,17,0.012943
2018,17900,17,0.002593
2018,18020,17,-0.005429
2018,18700,17,0.012983
2018,19340,17,-0.008216
2018,19460,17,0.002114
2018,19500,17,-0.009115
2018,19740,17,-0.008461
2018,20020,17,-0.005359
2018,20100,17,-0.003109
2018,20220,17,-0.002664
2018,20740,17,0.002949
2018,20940,17,-0.003814
2018,21140,17,4.7e-05
2018,21300,17,-0.00259
2018,21500,17,-0.010668
2018,21660,17,0.011557
2018,21820,17,-0.010311
2018,22020,17,-0.008807
2018,22140,17,-0.01715
2018,22380,17,-0.00901
2018,22420,17,-0.006316
2018,22500,17,-0.007504
2018,22520,17,-0.005797
2018,22540,17,0.006885
2018,22660,17,-0.002018
2018,23420,17,-2.4e-05
2018,23460,17,-0.005107
2018,23580,17,0.001878
2018,24020,17,0.005104
2018,24220,17,-0.019707
2018,24300,17,0.004075
2018,24500,17,-0.006339
2018,24540,17,0.016623
2018,24580,17,0.00933
2018,24660,17,-0.000471
2018,25420,17,0.004614
2018,25500,17,-0.00157
2018,25540,17,-0.002516
2018,25860,17,0.003923
2018,25980,17,0.014452
2018,26300,17,0.00907
2018,26380,17,-0.017503
2018,26620,17,0.005701
2018,26980,17,0.004162
2018,27100,17,0.005627
2018,27260,17,0.003661
2018,27340,17,0.009997
2018,27500,17,0.007499
2018,27740,17,-0.000339
2018,27780,17,-0.006467
2018,27860,17,0.006179
2018,27900,17,0.002851
2018,28100,17,-0.004132
2018,28420,17,0.025242
2018,28660,17,0.012845
2018,28700,17,-0.005086
2018,28740,17,0.009332
2018,29100,17,-0.001138
2018,29340,17,-0.006759
2018,29420,17,-0.004234
2018,29460,17,0.013471
2018,29540,17,0.006864
2018,29700,17,-0.000595
2018,29740,17,0.006278
2018,29820,17,0.000581
2018,29940,17,0.002532
2018,30140,17,0.011412
2018,30300,17,0.001844
2018,30340,17,0.00595
2018,30460,17,0.005732
2018,30620,17,-0.002183
2018,30700,17,0.007332
2018,30780,17,0.002882
2018,30860,17,0.015626
2018,31020,17,0.01946
2018,31420,17,-0.004385
2018,31700,17,0.003346
2018,31860,17,0.00693
2018,32580,17,0.005446
2018,32780,17,0.001702
2018,32900,17,0.000186
2018,33140,17,-0.007611
2018,33340,17,-0.002156
2018,33540,17,0.00065
2018,33700,17,-0.006061
2018,33780,17,-0.001052
2018,33860,17,-0.004318
2018,34060,17,-0.015351
2018,34580,17,0.017694
2018,34620,17,-0.002935
2018,34740,17,0.003918
2018,34940,17,-0.016286
2018,35300,17,-0.001878
2018,35660,17,5.7e-05
2018,35840,17,-0.008789
2018,35980,17,0.004564
2018,36100,17,0.010133
2018,36220,17,-0.025042
2018,36420,17,-0.003356
2018,36500,17,0.025479
2018,36540,17,0.006549
2018,36740,17,0.000882
2018,36780,17,0.008304
2018,36980,17,-0.005001
2018,37100,17,-0.009131
2018,37340,17,0.003895
2018,37860,17,0.004605
2018,38060,17,-0.005287
2018,38300,17,-0.008941
2018,38340,17,-0.006976
2018,38860,17,0.004635
2018,38900,17,-0.007723
2018,38940,17,0.000462
2018,39300,17,0.003438
2018,39340,17,0.007647
2018,39380,17,0.013348
2018,39460,17,0.000919
2018,39540,17,0.007657
2018,39580,17,0.008751
2018,39740,17,0.008209
2018,39820,17,-0.003034
2018,39900,17,-0.00953
2018,40140,17,-0.003696
2018,40420,17,0.004834
2018,40660,17,0.007837
2018,40900,17,-0.001378
2018,40980,17,-0.001922
2018,41060,17,0.008293
2018,41100,17,0.01932
2018,41140,17,-0.005889
2018,41420,17,0.015947
2018,41500,17,-0.011159
2018,41700,17,0.00755
2018,41740,17,-0.007248
2018,41940,17,-0.021847
2018,42020,17,-0.011391
2018,42100,17,-0.013872
2018,42140,17,0.001921
2018,42220,17,-0.016226
2018,42340,17,-0.004035
2018,42540,17,0.002147
2018,42680,17,0.008205
2018,43100,17,0.006164
2018,43620,17,0.006737
2018,43780,17,0.000416
2018,44100,17,-0.015355
2018,44180,17,0.007704
2018,44220,17,0.001107
2018,44300,17,-0.0039
2018,44700,17,-0.001643
2018,45060,17,-0.002793
2018,45220,17,0.004508
2018,45820,17,0.001511
2018,45940,17,0.000476
2018,46060,17,0.004956
2018,46140,17,-0.002808
2018,46340,17,0.00439
2018,46540,17,-0.00309
2018,46660,17,-0.003408
2018,46700,17,-0.006562
2018,47220,17,-0.001779
2018,47300,17,-0.004134
2018,47940,17,-0.008246
2018,48300,17,0.004778
2018,48540,17,-0.025385
2018,48660,17,0.007222
2018,48700,17,-0.015887
2018,49020,17,0.001605
2018,49420,17,0.007258
2018,49620,17,0.007896
2018,49660,17,-0.0056
2018,49740,17,-0.000398
2018,10180,18,-0.009137
2018,10420,18,0.00059
2018,10580,18,0.001738
2018,10740,18,-0.003171
2018,10780,18,-0.012267
2018,10900,18,0.009189
2018,11020,18,-0.005387
2018,11260,18,-0.016382
2018,11460,18,0.001692
2018,11500,18,-0.0055
2018,11540,18,0.008674
2018,11700,18,-0.001678
2018,12020,18,0.012486
2018,12100,18,-0.004196
2018,12220,18,0.013049
2018,12420,18,0.002436
2018,12540,18,-0.005603
2018,12580,18,-0.012542
2018,12620,18,0.000631
2018,12700,18,-0.00245
2018,12980,18,0.000784
2018,13020,18,0.002609
2018,13380,18,0.021894
2018,13460,18,0.006327
2018,13780,18,-0.003324
2018,14260,18,0.006641
2018,14500,18,-0.01333
2018,14740,18,0.011247
2018,14860,18,-0.003968
2018,15180,18,0.004045
2018,15260,18,0.005233
2018,15380,18,-0.000272
2018,15500,18,0.012564
2018,15540,18,-0.005322
2018,15940,18,-0.006318
2018,15980,18,-0.003192
2018,16020,18,-0.01058
2018,16180,18,-0.005967
2018,16220,18,-0.036861
2018,16300,18,0.005502
2018,16700,18,0.000701
2018,16860,18,0.000737
2018,16940,18,-0.011766
2018,17020,18,0.004657
2018,17420,18,0.005342
2018,17660,18,0.01603
2018,17780,18,-0.001864
2018,17820,18,0.012666
2018,17900,18,0.001719
2018,18020,18,-0.005056
2018,18700,18,0.011404
2018,19340,18,-0.008532
2018,19460,18,0.001044
2018,19500,18,-0.009585
2018,19740,18,-0.007569
2018,20020,18,-0.005861
2018,20100,18,-0.003275
2018,20220,18,-0.003897
2018,20740,18,0.003031
2018,20940,18,-0.003372
2018,21140,18,0.000967
2018,21300,18,-0.004457
2018,21500,18,-0.01065
2018,21660,18,0.010626
2018,21820,18,-0.014585
2018,22020,18,-0.006069
2018,22140,18,-0.019665
2018,22380,18,-0.009932
2018,22420,18,-0.005004
2018,22500,18,-0.009989
2018,22520,18,-0.006537
2018,22540,18,0.006857
2018,22660,18,-0.001343
2018,23420,18,-0.000422
2018,23460,18,-0.005582
2018,23580,18,0.004187
2018,24020,18,0.003929
2018,24220,18,-0.018952
2018,24300,18,0.003226
2018,24500,18,-0.008448
2018,24540,18,0.020508
2018,24580,18,0.009798
2018,24660,18,-0.001696
2018,25420,18,0.005943
2018,25500,18,-0.003089
2018,25540,18,-0.002634
2018,25860,18,0.00202
2018,25980,18,0.010641
2018,26300,18,0.007584
2018,26380,18,-0.018841
2018,26620,18,0.006651
2018,26980,18,0.004967
2018,27100,18,0.004942
2018,27260,18,0.005014
2018,27340,18,0.007445
2018,27500,18,0.007889
2018,27740,18,-0.001134
2018,27780,18,-0.007567
2018,27860,18,0.005842
2018,27900,18,0.003132
2018,28100,18,-0.004716
2018,28420,18,0.02357
2018,28660,18,0.013087
2018,28700,18,-0.008115
2018,28740,18,0.009375
2018,29100,18,-0.001346
2018,29340,18,-0.006309
2018,29420,18,-0.004789
2018,29460,18,0.016172
2018,29540,18,0.007153
2018,29700,18,-0.000113
2018,29740,18,0.004317
2018,29820,18,0.00494
2018,29940,18,0.002903
2018,30140,18,0.012301
2018,30300,18,-0.000736
2018,30340,18,0.005406
2018,30460,18,0.00667
2018,30620,18,-0.003328
2018,30700,18,0.007726
2018,30780,18,0.001721
2018,30860,18,0.014773
2018,31020,18,0.019483
2018,31420,18,-0.00685
2018,31700,18,0.004189
2018,31860,18,0.006817
2018,32580,18,0.006022
2018,32780,18,0.00171
2018,32900,18,0.002361
2018,33140,18,-0.007496
2018,33340,18,-0.002016
2018,33540,18,-0.000431
2018,33700,18,-0.00317
2018,33780,18,-0.000238
2018,33860,18,-0.004084
2018,34060,18,-0.016969
2018,34580,18,0.017103
2018,34620,18,-0.00427
2018,34740,18,0.004146
2018,34940,18,-0.01172
2018,35300,18,-0.001687
2018,35660,18,-0.000431
2018,35840,18,-0.005306
2018,35980,18,0.003989
2018,36100,18,0.011235
2018,36220,18,-0.025037
2018,36420,18,-0.003276
2018,36500,18,0.024613
2018,36540,18,0.006745
2018,36740,18,0.003403
2018,36780,18,0.008253
2018,36980,18,-0.004955
2018,37100,18,-0.009346
2018,37340,18,0.005929
2018,37860,18,0.003929
2018,38060,18,-0.002752
2018,38300,18,-0.009066
2018,38340,18,-0.00813
2018,38860,18,0.00502
2018,38900,18,-0.00744
2018,38940,18,0.003996
2018,39300,18,0.004061
2018,39340,18,0.009142
2018,39380,18,0.012523
2018,39460,18,0.00444
2018,39540,18,0.008237
2018,39580,18,0.009367
2018,39740,18,0.008394
2018,39820,18,-0.004099
2018,39900,18,-0.005506
2018,40140,18,-0.001914
2018,40420,18,0.004284
2018,40660,18,0.006892
2018,40900,18,-1.7e-05
2018,40980,18,-0.002052
2018,41060,18,0.008215
2018,41100,18,0.021673
2018,41140,18,-0.006536
2018,41420,18,0.015652
2018,41500,18,-0.009802
2018,41700,18,0.009226
2018,41740,18,-0.007641
2018,41940,18,-0.020941
2018,42020,18,-0.0118
2018,42100,18,-0.014184
2018,42140,18,0.000648
2018,42220,18,-0.016155
2018,42340,18,-0.003687
2018,42540,18,0.002059
2018,42680,18,0.010048
2018,43100,18,0.005623
2018,43620,18,0.007405
2018,43780,18,0.00072
2018,44100,18,-0.01551
2018,44180,18,0.007729
2018,44220,18,0.000383
2018,44300,18,-0.002879
2018,44700,18,0.001705
2018,45060,18,-0.003206
2018,45220,18,0.003717
2018,45820,18,0.000366
2018,45940,18,0.001958
2018,46060,18,0.003931
2018,46140,18,-0.003348
2018,46340,18,0.004868
2018,46540,18,-0.003065
2018,46660,18,-0.004309
2018,46700,18,-0.003375
2018,47220,18,-0.003022
2018,47300,18,-0.004408
2018,47940,18,-0.00946
2018,48300,18,0.003129
2018,48540,18,-0.02598
2018,48660,18,0.005005
2018,48700,18,-0.014986
2018,49020,18,0.00197
2018,49420,18,0.004322
2018,49620,18,0.008243
2018,49660,18,-0.006121
2018,49740,18,-0.000919
2018,10180,19,-0.010066
2018,10420,19,0.000209
2018,10580,19,0.000668
2018,10740,19,-0.000415
2018,10780,19,-0.009817
2018,10900,19,0.008829
2018,11020,19,-0.003014
2018,11260,19,-0.01335
2018,11460,19,-0.000163
2018,11500,19,-0.005291
2018,11540,19,0.008639
2018,11700,19,-0.003455
2018,12020,19,0.011996
2018,12100,19,-0.004087
2018,12220,19,0.012203
2018,12420,19,-0.001426
2018,12540,19,-0.006459
2018,12580,19,-0.011023
2018,12620,19,0.00025
2018,12700,19,-0.001594
2018,12980,19,0.001937
2018,13020,19,0.003869
2018,13380,19,0.02308
2018,13460,19,0.003833
2018,13780,19,-0.002728
2018,14260,19,0.006145
2018,14500,19,-0.015738
2018,14740,19,0.010557
2018,14860,19,-0.0036
2018,15180,19,0.005262
2018,15260,19,0.003396
2018,15380,19,-0.001403
2018,15500,19,0.015256
2018,15540,19,-0.00523
2018,15940,19,-0.006472
2018,15980,19,-0.005651
2018,16020,19,-0.009119
2018,16180,19,-0.011185
2018,16220,19,-0.036713
2018,16300,19,0.006466
2018,16700,19,-0.001061
2018,16860,19,0.002077
2018,16940,19,-0.009555
2018,17020,19,0.006372
2018,17420,19,0.005037
2018,17660,19,0.015919
2018,17780,19,-0.003858
2018,17820,19,0.013997
2018,17900,19,0.003558
2018,18020,19,-0.005545
2018,18700,19,0.014799
2018,19340,19,-0.008001
2018,19460,19,0.000268
2018,19500,19,-0.009648
2018,19740,19,-0.009429
2018,20020,19,-0.005075
2018,20100,19,-0.001679
2018,20220,19,-0.002523
2018,20740,19,0.002342
2018,20940,19,-0.002493
2018,21140,19,-0.000172
2018,21300,19,-0.002296
2018,21500,19,-0.009922
2018,21660,19,0.012659
2018,21820,19,-0.009427
2018,22020,19,-0.009528
2018,22140,19,-0.016488
2018,22380,19,-0.011155
2018,22420,19,-0.007732
2018,22500,19,-0.006041
2018,22520,19,-0.005823
2018,22540,19,0.006954
2018,22660,19,-0.002178
2018,23420,19,0.000425
2018,23460,19,-0.004863
2018,23580,19,0.000385
2018,24020,19,0.003278
2018,24220,19,-0.022809
2018,24300,19,0.004143
2018,24500,19,-0.007141
2018,24540,19,0.018924
2018,24580,19,0.009878
2018,24660,19,0.000901
2018,25420,19,0.005525
2018,25500,19,-0.001164
2018,25540,19,-0.001908
2018,25860,19,0.005175
2018,25980,19,0.01235
2018,26300,19,0.008261
2018,26380,19,-0.018831
2018,26620,19,0.006944
2018,26980,19,0.005277
2018,27100,19,0.006017
2018,27260,19,0.003104
2018,27340,19,0.011091
2018,27500,19,0.006604
2018,27740,19,-0.000649
2018,27780,19,-0.006647
2018,27860,19,0.00821
2018,27900,19,0.0031
2018,28100,19,-0.004556
2018,28420,19,0.028297
2018,28660,19,0.014499
2018,28700,19,-0.003869
2018,28740,19,0.007722
2018,29100,19,-0.001695
2018,29340,19,-0.007268
2018,29420,19,-0.004273
2018,29460,19,0.013473
2018,29540,19,0.007799
2018,29700,19,-0.000389
2018,29740,19,0.008336
2018,29820,19,-0.00128
2018,29940,19,0.003087
2018,30140,19,0.011986
2018,30300,19,0.002025
2018,30340,19,0.005538
2018,30460,19,0.005742
2018,30620,19,-0.001961
2018,30700,19,0.00653
2018,30780,19,0.004252
2018,30860,19,0.016629
2018,31020,19,0.020067
2018,31420,19,-0.002845
2018,31700,19,0.003074
2018,31860,19,0.007143
2018,32580,19,0.0067
2018,32780,19,0.002092
2018,32900,19,0.0008
2018,33140,19,-0.00787
2018,33340,19,-0.003377
2018,33540,19,0.001505
2018,33700,19,-0.006703
2018,33780,19,0.000223
2018,33860,19,-0.004221
2018,34060,19,-0.015349
2018,34580,19,0.017422
2018,34620,19,-0.001298
2018,34740,19,0.003496
2018,34940,19,-0.016753
2018,35300,19,-0.001249
2018,35660,19,-0.000533
2018,35840,19,-0.009136
2018,35980,19,0.004229
2018,36100,19,0.009208
2018,36220,19,-0.029612
2018,36420,19,-0.002906
2018,36500,19,0.026463
2018,36540,19,0.006337
2018,36740,19,-0.000279
2018,36780,19,0.007986
2018,36980,19,-0.005054
2018,37100,19,-0.009845
2018,37340,19,0.002482
2018,37860,19,0.004014
2018,38060,19,-0.006062
2018,38300,19,-0.008993
2018,38340,19,-0.006936
2018,38860,19,0.004074
2018,38900,19,-0.008813
2018,38940,19,-0.001568
2018,39300,19,0.002572
2018,39340,19,0.008826
2018,39380,19,0.013304
2018,39460,19,0.001081
2018,39540,19,0.007427
2018,39580,19,0.010144
2018,39740,19,0.008522
2018,39820,19,-0.002169
2018,39900,19,-0.012487
2018,40140,19,-0.004922
2018,40420,19,0.004046
2018,40660,19,0.008967
2018,40900,19,-0.001792
2018,40980,19,-0.000573
2018,41060,19,0.0087
2018,41100,19,0.02412
2018,41140,19,-0.004788
2018,41420,19,0.015705
2018,41500,19,-0.011658
2018,41700,19,0.007363
2018,41740,19,-0.007311
2018,41940,19,-0.022934
2018,42020,19,-0.011045
2018,42100,19,-0.013983
2018,42140,19,0.00279
2018,42220,19,-0.018016
2018,42340,19,-0.005084
2018,42540,19,0.003106
2018,42680,19,0.007092
2018,43100,19,0.005796
2018,43620,19,0.006959
2018,43780,19,0.0007
2018,44100,19,-0.015707
2018,44180,19,0.007552
2018,44220,19,0.002343
2018,44300,19,-0.003535
2018,44700,19,-0.002403
2018,45060,19,-0.002989
2018,45220,19,0.00363
2018,45820,19,0.000877
2018,45940,19,0.001553
2018,46060,19,0.004993
2018,46140,19,-0.002657
2018,46340,19,0.004735
2018,46540,19,-0.003172
2018,46660,19,-0.001507
2018,46700,19,-0.008115
2018,47220,19,-0.003072
2018,47300,19,-0.004353
2018,47940,19,-0.008035
2018,48300,19,0.003458
2018,48540,19,-0.029101
2018,48660,19,0.008859
2018,48700,19,-0.017058
2018,49020,19,0.00296
2018,49420,19,0.007386
2018,49620,19,0.008362
2018,49660,19,-0.005655
2018,49740,19,0.000552
2019,10180,0,-0.004008
2019,10420,0,-0.001596
2019,10580,0,-0.002084
2019,10740,0,-0.012842
2019,10780,0,-0.019329
2019,10900,0,0.008333
2019,11020,0,-0.010796
2019,11260,0,-0.02634
2019,11460,0,-9.2e-05
2019,11500,0,-0.002836
2019,11540,0,0.006386
2019,11700,0,-0.004631
2019,12020,0,0.008363
2019,12100,0,0.002578
2019,12220,0,0.009761
2019,12420,0,0.000755
2019,12540,0,0.005703
2019,12580,0,-0.015189
2019,12620,0,-0.000321
2019,12700,0,0.000502
2019,12980,0,0.001031
2019,13020,0,-0.000317
2019,13380,0,0.014589
2019,13460,0,0.006324
2019,13780,0,-0.002985
2019,14260,0,0.026477
2019,14500,0,-0.017697
2019,14740,0,0.011229
2019,14860,0,-0.007463
2019,15180,0,-0.009133
2019,15260,0,-0.003725
2019,15380,0,0.001832
2019,15500,0,0.016898
2019,15540,0,0.00435
2019,15940,0,-0.007505
2019,15980,0,-0.000324
2019,16020,0,0.00533
2019,16180,0,0.002797
2019,16220,0,-0.023481
2019,16300,0,-0.001267
2019,16700,0,-0.00442
2019,16860,0,0.003035
2019,16940,0,-0.014867
2019,17020,0,0.001113
2019,17420,0,0.015242
2019,17660,0,0.018264
2019,17780,0,-0.005179
2019,17820,0,0.013803
2019,17900,0,0.000791
2019,18020,0,-0.001573
2019,18700,0,-0.007043
2019,19340,0,-0.012593
2019,19460,0,-0.00385
2019,19500,0,-0.018787
2019,19740,0,-0.011665
2019,20020,0,-0.003807
2019,20100,0,-0.000538
2019,20220,0,-0.011718
2019,20740,0,0.006973
2019,20940,0,-0.01299
2019,21140,0,0.005674
2019,21300,0,-0.006078
2019,21500,0,-0.007596
2019,21660,0,0.002345
2019,21820,0,-0.020155
2019,22020,0,-0.00438
2019,22140,0,-0.038923
2019,22380,0,-0.007085
2019,22420,0,-0.006704
2019,22500,0,-0.015256
2019,22520,0,-0.015974
2019,22540,0,0.011185
2019,22660,0,-0.005234
2019,23420,0,0.000245
2019,23460,0,-0.005651
2019,23580,0,0.000726
2019,24020,0,-0.006427
2019,24220,0,-0.02175
2019,24300,0,0.009084
2019,24500,0,-0.015732
2019,24540,0,0.008533
2019,24580,0,0.004742
2019,24660,0,-0.000616
2019,25420,0,0.005952
2019,25500,0,-0.006586
2019,25540,0,-0.010036
2019,25860,0,0.004649
2019,25980,0,-0.004015
2019,26300,0,0.005386
2019,26380,0,-0.019664
2019,26620,0,0.014325
2019,26980,0,-0.000352
2019,27060,0,-0.01189
2019,27100,0,-0.000511
2019,27260,0,0.00725
2019,27340,0,0.023056
2019,27500,0,0.007522
2019,27740,0,0.003357
2019,27780,0,-0.019002
2019,27860,0,0.001397
2019,27900,0,0.001472
2019,28100,0,-0.005889
2019,28420,0,0.01993
2019,28660,0,0.017838
2019,28700,0,-0.004986
2019,28740,0,0.013503
2019,29100,0,-0.005804
2019,29340,0,-0.017318
2019,29420,0,0.005145
2019,29460,0,0.028012
2019,29540,0,0.008557
2019,29700,0,-0.001192
2019,29740,0,-0.002003
2019,29820,0,0.030139
2019,29940,0,0.003414
2019,30140,0,0.015673
2019,30300,0,-0.009883
2019,30340,0,0.003567
2019,30460,0,0.003579
2019,30620,0,-0.00363
2019,30700,0,0.002339
2019,30780,0,-0.009017
2019,30860,0,0.015822
2019,31020,0,0.020423
2019,31420,0,0.003598
2019,31700,0,0.005346
2019,31860,0,-0.000652
2019,32580,0,-0.000905
2019,32780,0,-0.002105
2019,32900,0,0.013585
2019,33140,0,0.005729
2019,33340,0,-0.002639
2019,33540,0,-0.01271
2019,33700,0,0.010337
2019,33780,0,0.005356
2019,33860,0,-0.012787
2019,34060,0,-0.014281
2019,34580,0,0.015221
2019,34620,0,-0.003995
2019,34740,0,0.001371
2019,34940,0,-0.003199
2019,35300,0,-0.005237
2019,35660,0,-0.008076
2019,35840,0,-0.000105
2019,35980,0,-0.005676
2019,36100,0,0.009062
2019,36220,0,0.044785
2019,36420,0,-0.005424
2019,36500,0,0.022827
2019,36540,0,0.006177
2019,36740,0,0.008773
2019,36780,0,0.007068
2019,36980,0,-0.003137
2019,37100,0,-0.012971
2019,37340,0,-0.000406
2019,37860,0,0.011433
2019,38060,0,0.011959
2019,38300,0,-0.004655
2019,38340,0,0.007022
2019,38860,0,0.003479
2019,38900,0,-0.017781
2019,38940,0,0.00272
2019,39300,0,0.002687
2019,39340,0,0.006118
2019,39380,0,0.007399
2019,39460,0,0.002648
2019,39540,0,0.012992
2019,39580,0,0.005904
2019,39740,0,0.010013
2019,39820,0,-0.004163
2019,39900,0,0.001538
2019,40140,0,0.006358
2019,40420,0,0.003208
2019,40660,0,0.002873
2019,40900,0,0.002773
2019,40980,0,-0.005928
2019,41060,0,0.008735
2019,41100,0,0.021668
2019,41140,0,0.009334
2019,41420,0,0.011843
2019,41500,0,-0.011974
2019,41700,0,0.003814
2019,41740,0,-0.005895
2019,41940,0,-0.003793
2019,42020,0,-0.008972
2019,42100,0,-0.021389
2019,42140,0,-0.001673
2019,42220,0,-0.017395
2019,42340,0,-0.007422
2019,42540,0,0.000295
2019,42680,0,0.006918
2019,43100,0,0.009713
2019,43620,0,0.005808
2019,43780,0,0.007875
2019,44100,0,-0.020126
2019,44180,0,0.008677
2019,44220,0,0.002977
2019,44300,0,0.001456
2019,44700,0,0.014462
2019,45060,0,0.00145
2019,45220,0,-0.005905
2019,45820,0,-0.006636
2019,45940,0,0.003427
2019,46060,0,-0.000697
2019,46140,0,-0.010071
2019,46340,0,0.006952
2019,46540,0,0.002659
2019,46660,0,0.00211
2019,46700,0,0.001687
2019,47220,0,-0.00649
2019,47300,0,-0.006567
2019,47940,0,-0.004844
2019,48300,0,0.004923
2019,48540,0,-0.023354
2019,48660,0,0.001471
2019,48700,0,-0.007406
2019,49020,0,-0.003278
2019,49420,0,0.010844
2019,49620,0,0.005974
2019,49660,0,-0.010621
2019,49740,0,-0.00855
2019,10180,1,-0.003566
2019,10420,1,-0.001554
2019,10580,1,-0.000692
2019,10740,1,-0.010544
2019,10780,1,-0.018158
2019,10900,1,0.006678
2019,11020,1,-0.012529
2019,11260,1,-0.021276
2019,11460,1,-0.001923
2019,11500,1,-0.002969
2019,11540,1,0.006533
2019,11700,1,-0.003575
2019,12020,1,0.006897
2019,12100,1,0.002516
2019,12220,1,0.008853
2019,12420,1,0.000588
2019,12540,1,0.006375
2019,12580,1,-0.013427
2019,12620,1,0.000608
2019,12700,1,-0.001762
2019,12980,1,-0.00021
2019,13020,1,-0.000317
2019,13380,1,0.014699
2019,13460,1,0.005601
2019,13780,1,-0.002519
2019,14260,1,0.022538
2019,14500,1,-0.015931
2019,14740,1,0.011324
2019,14860,1,-0.006483
2019,15180,1,-0.008146
2019,15260,1,-0.003119
2019,15380,1,0.001309
2019,15500,1,0.016298
2019,15540,1,0.004935
2019,15940,1,-0.007301
2019,15980,1,-0.001752
2019,16020,1,0.000577
2019,16180,1,0.000481
2019,16220,1,-0.018062
2019,16300,1,-0.000506
2019,16700,1,-0.003994
2019,16860,1,0.003267
2019,16940,1,-0.012943
2019,17020,1,-0.000215
2019,17420,1,0.013908
2019,17660,1,0.016245
2019,17780,1,-0.004666
2019,17820,1,0.012536
2019,17900,1,0.001624
2019,18020,1,-0.000386
2019,18700,1,-0.006668
2019,19340,1,-0.010163
2019,19460,1,-0.002346
2019,19500,1,-0.014209
2019,19740,1,-0.011641
2019,20020,1,-0.00364
2019,20100,1,0.000483
2019,20220,1,-0.010417
2019,20740,1,0.007297
2019,20940,1,-0.013014
2019,21140,1,0.005365
2019,21300,1,-0.0077
2019,21500,1,-0.007384
2019,21660,1,0.001964
2019,21820,1,-0.017995
2019,22020,1,-0.002265
2019,22140,1,-0.03335
2019,22380,1,-0.006825
2019,22420,1,-0.008971
2019,22500,1,-0.013417
2019,22520,1,-0.014115
2019,22540,1,0.012164
2019,22660,1,-0.00482
2019,23420,1,-0.000878
2019,23460,1,-0.005289
2019,23580,1,0.000119
2019,24020,1,-0.00449
2019,24220,1,-0.017162
2019,24300,1,0.008982
2019,24500,1,-0.012649
2019,24540,1,0.006612
2019,24580,1,0.004913
2019,24660,1,-0.000392
2019,25420,1,0.006396
2019,25500,1,-0.004653
2019,25540,1,-0.008174
2019,25860,1,0.00326
2019,25980,1,-0.001055
2019,26300,1,0.005903
2019,26380,1,-0.017052
2019,26620,1,0.013618
2019,26980,1,0.000425
2019,27060,1,-0.009036
2019,27100,1,-0.003938
2019,27260,1,0.005208
2019,27340,1,0.023583
2019,27500,1,0.007518
2019,27740,1,0.002359
2019,27780,1,-0.016668
2019,27860,1,0.001019
2019,27900,1,0.002393
2019,28100,1,-0.004365
2019,28420,1,0.019273
2019,28660,1,0.016489
2019,28700,1,-0.005826
2019,28740,1,0.012389
2019,29100,1,-0.004392
2019,29340,1,-0.015587
2019,29420,1,0.002968
2019,29460,1,0.024283
2019,29540,1,0.006645
2019,29700,1,-0.001059
2019,29740,1,-7.3e-05
2019,29820,1,0.025027
2019,29940,1,0.00419
2019,30140,1,0.015112
2019,30300,1,-0.010291
2019,30340,1,0.003287
2019,30460,1,0.002904
2019,30620,1,-0.003542
2019,30700,1,0.002331
2019,30780,1,-0.008232
2019,30860,1,0.015186
2019,31020,1,0.019471
2019,31420,1,0.003302
2019,31700,1,0.003905
2019,31860,1,-0.000667
2019,32580,1,-0.000807
2019,32780,1,-0.003176
2019,32900,1,0.010879
2019,33140,1,0.006253
2019,33340,1,-0.001583
2019,33540,1,-0.010697
2019,33700,1,0.006829
2019,33780,1,0.001639
2019,33860,1,-0.011791
2019,34060,1,-0.011382
2019,34580,1,0.014658
2019,34620,1,-0.005485
2019,34740,1,-0.001821
2019,34940,1,-0.00353
2019,35300,1,-0.004464
2019,35660,1,-0.007814
2019,35840,1,-0.001762
2019,35980,1,-0.005407
2019,36100,1,0.007394
2019,36220,1,0.044278
2019,36420,1,-0.005308
2019,36500,1,0.022277
2019,36540,1,0.005697
2019,36740,1,0.005722
2019,36780,1,0.00751
2019,36980,1,-0.003661
2019,37100,1,-0.011322
2019,37340,1,-0.002466
2019,37860,1,0.009904
2019,38060,1,0.011305
2019,38300,1,-0.005582
2019,38340,1,0.006749
2019,38860,1,0.002837
2019,38900,1,-0.015707
2019,38940,1,-0.000286
2019,39300,1,0.0018
2019,39340,1,0.005332
2019,39380,1,0.007026
2019,39460,1,0.000727
2019,39540,1,0.012395
2019,39580,1,0.005483
2019,39740,1,0.008044
2019,39820,1,-0.004318
2019,39900,1,-0.000998
2019,40140,1,0.006117
2019,40420,1,0.004409
2019,40660,1,0.002958
2019,40900,1,0.002355
2019,40980,1,-0.006728
2019,41060,1,0.004535
2019,41100,1,0.018842
2019,41140,1,0.005364
2019,41420,1,0.01083
2019,41500,1,-0.012179
2019,41700,1,0.003527
2019,41740,1,-0.005621
2019,41940,1,-0.00398
2019,42020,1,-0.008571
2019,42100,1,-0.020095
2019,42140,1,-0.000961
2019,42220,1,-0.017245
2019,42340,1,-0.00722
2019,42540,1,0.000541
2019,42680,1,0.004807
2019,43100,1,0.008203
2019,43620,1,0.005702
2019,43780,1,0.00745
2019,44100,1,-0.016879
2019,44180,1,0.008354
2019,44220,1,0.003153
2019,44300,1,0.000785
2019,44700,1,0.012637
2019,45060,1,0.001524
2019,45220,1,-0.005815
2019,45820,1,-0.005441
2019,45940,1,0.003131
2019,46060,1,-0.001118
2019,46140,1,-0.009739
2019,46340,1,0.006431
2019,46540,1,0.002924
2019,46660,1,0.003576
2019,46700,1,0.000871
2019,47220,1,-0.005246
2019,47300,1,-0.005974
2019,47940,1,-0.004148
2019,48300,1,0.005843
2019,48540,1,-0.018391
2019,48660,1,-0.002555
2019,48700,1,-0.005284
2019,49020,1,-0.002876
2019,49420,1,0.011609
2019,49620,1,0.004616
2019,49660,1,-0.009737
2019,49740,1,-0.007421
2019,10180,2,-0.004989
2019,10420,2,-0.000814
2019,10580,2,-0.002462
2019,10740,2,-0.005288
2019,10780,2,-0.013303
2019,10900,2,0.008263
2019,11020,2,-0.004517
2019,11260,2,-0.013204
2019,11460,2,-0.003004
2019,11500,2,-0.002323
2019,11540,2,0.005359
2019,11700,2,-0.007911
2019,12020,2,0.005205
2019,12100,2,0.004144
2019,12220,2,0.007307
2019,12420,2,-0.005306
2019,12540,2,0.006264
2019,12580,2,-0.007952
2019,12620,2,-0.001169
2019,12700,2,0.000174
2019,12980,2,0.001657
2019,13020,2,0.000513
2019,13380,2,0.013873
2019,13460,2,0.003169
2019,13780,2,-0.001029
2019,14260,2,0.019649
2019,14500,2,-0.022601
2019,14740,2,0.006917
2019,14860,2,-0.003448
2019,15180,2,-0.006157
2019,15260,2,-0.006048
2019,15380,2,-0.003269
2019,15500,2,0.018405
2019,15540,2,0.005321
2019,15940,2,-0.005203
2019,15980,2,-0.005389
2019,16020,2,0.013551
2019,16180,2,-0.006705
2019,16220,2,-0.015519
2019,16300,2,0.000304
2019,16700,2,-0.007443
2019,16860,2,0.003494
2019,16940,2,-0.008952
2019,17020,2,0.00683
2019,17420,2,0.012045
2019,17660,2,0.013774
2019,17780,2,-0.008463
2019,17820,2,0.011334
2019,17900,2,0.003561
2019,18020,2,-0.00017
2019,18700,2,-0.000626
2019,19340,2,-0.007713
2019,19460,2,-0.005759
2019,19500,2,-0.014158
2019,19740,2,-0.015409
2019,20020,2,-0.001103
2019,20100,2,0.004552
2019,20220,2,-0.009689
2019,20740,2,0.004591
2019,20940,2,-0.012153
2019,21140,2,0.003115
2019,21300,2,-4.3e-05
2019,21500,2,-0.005297
2019,21660,2,0.00573
2019,21820,2,-0.005852
2019,22020,2,-0.007837
2019,22140,2,-0.025908
2019,22380,2,-0.005069
2019,22420,2,-0.009467
2019,22500,2,-0.007902
2019,22520,2,-0.013258
2019,22540,2,0.010514
2019,22660,2,-0.008135
2019,23420,2,0.002355
2019,23460,2,-0.003568
2019,23580,2,-0.004255
2019,24020,2,-0.006935
2019,24220,2,-0.025204
2019,24300,2,0.008939
2019,24500,2,-0.009066
2019,24540,2,0.003389
2019,24580,2,0.003564
2019,24660,2,0.003055
2019,25420,2,0.004963
2019,25500,2,-0.001448
2019,25540,2,-0.005102
2019,25860,2,0.007826
2019,25980,2,-0.001422
2019,26300,2,0.005261
2019,26380,2,-0.014425
2019,26620,2,0.013974
2019,26980,2,0.000943
2019,27060,2,-0.014345
2019,27100,2,-0.000315
2019,27260,2,0.005094
2019,27340,2,0.027079
2019,27500,2,0.002853
2019,27740,2,0.003492
2019,27780,2,-0.015949
2019,27860,2,0.004783
2019,27900,2,0.001375
2019,28100,2,-0.002355
2019,28420,2,0.020972
2019,28660,2,0.016368
2019,28700,2,0.003847
2019,28740,2,0.007502
2019,29100,2,-0.005815
2019,29340,2,-0.016082
2019,29420,2,0.003562
2019,29460,2,0.02097
2019,29540,2,0.007304
2019,29700,2,-0.002384
2019,29740,2,0.005603
2019,29820,2,0.016118
2019,29940,2,0.000755
2019,30140,2,0.014661
2019,30300,2,-0.002163
2019,30340,2,0.000877
2019,30460,2,0.000631
2019,30620,2,-0.001738
2019,30700,2,-0.001342
2019,30780,2,-0.003828
2019,30860,2,0.014996
2019,31020,2,0.015783
2019,31420,2,0.007218
2019,31700,2,0.001651
2019,31860,2,-0.002053
2019,32580,2,-0.000519
2019,32780,2,0.001746
2019,32900,2,0.004789
2019,33140,2,0.004136
2019,33340,2,-0.0033
2019,33540,2,-0.008
2019,33700,2,0.003185
2019,33780,2,0.006669
2019,33860,2,-0.008583
2019,34060,2,-0.008536
2019,34580,2,0.012501
2019,34620,2,0.001053
2019,34740,2,-0.002064
2019,34940,2,-0.011397
2019,35300,2,-0.000858
2019,35660,2,-0.006738
2019,35840,2,-0.00582
2019,35980,2,-0.003647
2019,36100,2,0.005292
2019,36220,2,0.03719
2019,36420,2,-0.002925
2019,36500,2,0.021269
2019,36540,2,0.002977
2019,36740,2,0.004809
2019,36780,2,0.005281
2019,36980,2,-0.003672
2019,37100,2,-0.010053
2019,37340,2,-0.010412
2019,37860,2,0.00873
2019,38060,2,0.005857
2019,38300,2,-0.00549
2019,38340,2,0.006814
2019,38860,2,0.000388
2019,38900,2,-0.016696
2019,38940,2,-0.007495
2019,39300,2,-0.001818
2019,39340,2,0.007771
2019,39380,2,0.001615
2019,39460,2,-0.003434
2019,39540,2,0.008487
2019,39580,2,0.006933
2019,39740,2,0.01019
2019,39820,2,0.00093
2019,39900,2,-0.008304
2019,40140,2,0.002199
2019,40420,2,0.001974
2019,40660,2,0.002416
2019,40900,2,0.000329
2019,40980,2,-0.00365
2019,41060,2,0.011029
2019,41100,2,0.024239
2019,41140,2,0.01266
2019,41420,2,0.008418
2019,41500,2,-0.014628
2019,41700,2,-0.000528
2019,41740,2,-0.003226
2019,41940,2,-0.004929
2019,42020,2,-0.005096
2019,42100,2,-0.019191
2019,42140,2,0.001304
2019,42220,2,-0.019707
2019,42340,2,-0.004253
2019,42540,2,0.002199
2019,42680,2,-0.003629
2019,43100,2,0.009379
2019,43620,2,0.004727
2019,43780,2,0.005368
2019,44100,2,-0.014277
2019,44180,2,0.005815
2019,44220,2,0.00266
2019,44300,2,0.000545
2019,44700,2,0.00552
2019,45060,2,0.000165
2019,45220,2,-0.003935
2019,45820,2,-0.007314
2019,45940,2,0.00455
2019,46060,2,0.002295
2019,46140,2,-0.00813
2019,46340,2,0.005239
2019,46540,2,-0.000428
2019,46660,2,0.008154
2019,46700,2,-0.007609
2019,47220,2,-0.005876
2019,47300,2,-0.004552
2019,47940,2,-0.001748
2019,48300,2,0.005095
2019,48540,2,-0.024114
2019,48660,2,0.007746
2019,48700,2,-0.007002
2019,49020,2,0.000602
2019,49420,2,0.011547
2019,49620,2,0.006452
2019,49660,2,-0.007999
2019,49740,2,-0.001297
2019,10180,3,-0.005022
2019,10420,3,0.000573
2019,10580,3,0.000148
2019,10740,3,-0.003468
2019,10780,3,-0.012283
2019,10900,3,0.007394
2019,11020,3,-0.010054
2019,11260,3,-0.010071
2019,11460,3,-0.003742
2019,11500,3,-0.002484
2019,11540,3,0.005168
2019,11700,3,-0.008989
2019,12020,3,0.002919
2019,12100,3,0.00724
2019,12220,3,0.006997
2019,12420,3,-0.00654
2019,12540,3,0.007691
2019,12580,3,-0.006858
2019,12620,3,-0.000326
2019,12700,3,-0.003105
2019,12980,3,0.000574
2019,13020,3,0.002212
2019,13380,3,0.012384
2019,13460,3,0.002756
2019,13780,3,-0.001538
2019,14260,3,0.016509
2019,14500,3,-0.022261
2019,14740,3,0.0058
2019,14860,3,-0.001346
2019,15180,3,-0.004081
2019,15260,3,-0.006146
2019,15380,3,-0.003236
2019,15500,3,0.01855
2019,15540,3,0.004732
2019,15940,3,-0.003866
2019,15980,3,-0.003595
2019,16020,3,0.003127
2019,16180,3,-0.005993
2019,16220,3,-0.014056
2019,16300,3,0.002625
2019,16700,3,-0.008494
2019,16860,3,0.002874
2019,16940,3,-0.008188
2019,17020,3,0.007536
2019,17420,3,0.0113
2019,17660,3,0.011183
2019,17780,3,-0.008123
2019,17820,3,0.010482
2019,17900,3,0.003841
2019,18020,3,7.8e-05
2019,18700,3,-0.004241
2019,19340,3,-0.006162
2019,19460,3,-0.003748
2019,19500,3,-0.009045
2019,19740,3,-0.015699
2019,20020,3,-0.001364
2019,20100,3,0.005579
2019,20220,3,-0.008647
2019,20740,3,0.004421
2019,20940,3,-0.011382
2019,21140,3,0.002926
2019,21300,3,-0.00487
2019,21500,3,-0.005345
2019,21660,3,0.003397
2019,21820,3,-0.00695
2019,22020,3,-0.006612
2019,22140,3,-0.022346
2019,22380,3,-0.00472
2019,22420,3,-0.00846
2019,22500,3,-0.007194
2019,22520,3,-0.011428
2019,22540,3,0.011401
2019,22660,3,-0.007836
2019,23420,3,0.003512
2019,23460,3,-0.00349
2019,23580,3,-0.004061
2019,24020,3,-0.005109
2019,24220,3,-0.023723
2019,24300,3,0.008354
2019,24500,3,-0.007242
2019,24540,3,0.002388
2019,24580,3,0.004052
2019,24660,3,0.003435
2019,25420,3,0.006694
2019,25500,3,-0.001256
2019,25540,3,-0.002305
2019,25860,3,0.003563
2019,25980,3,0.000555
2019,26300,3,0.006604
2019,26380,3,-0.012738
2019,26620,3,0.013226
2019,26980,3,0.003388
2019,27060,3,-0.013155
2019,27100,3,-0.004095
2019,27260,3,0.004056
2019,27340,3,0.025657
2019,27500,3,0.003135
2019,27740,3,0.000797
2019,27780,3,-0.013803
2019,27860,3,0.006733
2019,27900,3,0.003403
2019,28100,3,-0.001426
2019,28420,3,0.018581
2019,28660,3,0.016417
2019,28700,3,-0.001899
2019,28740,3,0.008027
2019,29100,3,-0.005567
2019,29340,3,-0.014686
2019,29420,3,0.004167
2019,29460,3,0.018686
2019,29540,3,0.00425
2019,29700,3,-0.001911
2019,29740,3,0.007732
2019,29820,3,0.014437
2019,29940,3,0.003465
2019,30140,3,0.014571
2019,30300,3,-0.009636
2019,30340,3,0.000547
2019,30460,3,0.000481
2019,30620,3,-0.003501
2019,30700,3,0.00062
2019,30780,3,-0.0013
2019,30860,3,0.012458
2019,31020,3,0.013242
2019,31420,3,0.007072
2019,31700,3,0.000999
2019,31860,3,-0.000245
2019,32580,3,0.000916
2019,32780,3,0.001914
2019,32900,3,0.005601
2019,33140,3,0.004789
2019,33340,3,-0.001793
2019,33540,3,-0.006545
2019,33700,3,-0.000392
2019,33780,3,0.003183
2019,33860,3,-0.006855
2019,34060,3,-0.008704
2019,34580,3,0.010734
2019,34620,3,-0.001857
2019,34740,3,-0.006443
2019,34940,3,-0.010956
2019,35300,3,0.00067
2019,35660,3,-0.008213
2019,35840,3,-0.005227
2019,35980,3,-0.003595
2019,36100,3,0.005945
2019,36220,3,0.032948
2019,36420,3,-0.00212
2019,36500,3,0.019488
2019,36540,3,0.004258
2019,36740,3,0.003468
2019,36780,3,0.005788
2019,36980,3,-0.004249
2019,37100,3,-0.007634
2019,37340,3,-0.010676
2019,37860,3,0.00762
2019,38060,3,0.006701
2019,38300,3,-0.006456
2019,38340,3,0.004563
2019,38860,3,-0.000271
2019,38900,3,-0.016503
2019,38940,3,-0.007856
2019,39300,3,-0.00138
2019,39340,3,0.007551
2019,39380,3,0.001215
2019,39460,3,-0.002254
2019,39540,3,0.007678
2019,39580,3,0.005586
2019,39740,3,0.0077
2019,39820,3,0.002027
2019,39900,3,-0.007632
2019,40140,3,0.00291
2019,40420,3,0.003853
2019,40660,3,0.003449
2019,40900,3,0.002491
2019,40980,3,-0.002316
2019,41060,3,0.005155
2019,41100,3,0.023075
2019,41140,3,0.004873
2019,41420,3,0.005813
2019,41500,3,-0.012145
2019,41700,3,-0.001219
2019,41740,3,-0.001626
2019,41940,3,-0.007214
2019,42020,3,-0.004257
2019,42100,3,-0.018083
2019,42140,3,0.001795
2019,42220,3,-0.019492
2019,42340,3,-0.004342
2019,42540,3,0.002904
2019,42680,3,-0.0042
2019,43100,3,0.005598
2019,43620,3,0.006232
2019,43780,3,0.004507
2019,44100,3,-0.012171
2019,44180,3,0.006905
2019,44220,3,0.00335
2019,44300,3,-0.001796
2019,44700,3,0.006763
2019,45060,3,0.001424
2019,45220,3,-0.004058
2019,45820,3,-0.004899
2019,45940,3,0.007129
2019,46060,3,0.00348
2019,46140,3,-0.006766
2019,46340,3,0.00553
2019,46540,3,-0.000338
2019,46660,3,0.009434
2019,46700,3,-0.006669
2019,47220,3,-0.003239
2019,47300,3,-0.002515
2019,47940,3,-0.001145
2019,48300,3,0.003029
2019,48540,3,-0.018864
2019,48660,3,-0.000534
2019,48700,3,-0.00516
2019,49020,3,0.002722
2019,49420,3,0.011122
2019,49620,3,0.004915
2019,49660,3,-0.006232
2019,49740,3,0.00212
2019,10180,4,-0.004082
2019,10420,4,-0.000807
2019,10580,4,-0.00181
2019,10740,4,-0.001787
2019,10780,4,-0.010429
2019,10900,4,0.006336
2019,11020,4,-0.003943
2019,11260,4,-0.00642
2019,11460,4,-0.005456
2019,11500,4,-0.001495
2019,11540,4,0.004848
2019,11700,4,-0.007087
2019,12020,4,0.003817
2019,12100,4,0.004704
2019,12220,4,0.005362
2019,12420,4,-0.007701
2019,12540,4,0.006288
2019,12580,4,-0.0046
2019,12620,4,-0.000226
2019,12700,4,-0.001034
2019,12980,4,0.000645
2019,13020,4,0.000616
2019,13380,4,0.013484
2019,13460,4,0.000128
2019,13780,4,0.000344
2019,14260,4,0.015127
2019,14500,4,-0.021439
2019,14740,4,0.006637
2019,14860,4,-0.002433
2019,15180,4,-0.004897
2019,15260,4,-0.005524
2019,15380,4,-0.004114
2019,15500,4,0.017312
2019,15540,4,0.005566
2019,15940,4,-0.004506
2019,15980,4,-0.00929
2019,16020,4,0.012931
2019,16180,4,-0.009935
2019,16220,4,-0.008076
2019,16300,4,0.000751
2019,16700,4,-0.007957
2019,16860,4,0.004322
2019,16940,4,-0.005758
2019,17020,4,0.006822
2019,17420,4,0.010134
2019,17660,4,0.010995
2019,17780,4,-0.008821
2019,17820,4,0.009583
2019,17900,4,0.004828
2019,18020,4,0.000704
2019,18700,4,0.0012
2019,19340,4,-0.005107
2019,19460,4,-0.004902
2019,19500,4,-0.009831
2019,19740,4,-0.015863
2019,20020,4,-0.000327
2019,20100,4,0.006173
2019,20220,4,-0.007749
2019,20740,4,0.004116
2019,20940,4,-0.011989
2019,21140,4,0.002139
2019,21300,4,0.001054
2019,21500,4,-0.004213
2019,21660,4,0.006191
2019,21820,4,-0.000366
2019,22020,4,-0.008064
2019,22140,4,-0.018044
2019,22380,4,-0.004339
2019,22420,4,-0.011598
2019,22500,4,-0.00409
2019,22520,4,-0.011166
2019,22540,4,0.010465
2019,22660,4,-0.008876
2019,23420,4,0.001712
2019,23460,4,-0.002211
2019,23580,4,-0.00595
2019,24020,4,-0.005501
2019,24220,4,-0.022227
2019,24300,4,0.009339
2019,24500,4,-0.004399
2019,24540,4,-0.000748
2019,24580,4,0.002893
2019,24660,4,0.004288
2019,25420,4,0.004349
2019,25500,4,0.000953
2019,25540,4,-0.003203
2019,25860,4,0.008346
2019,25980,4,0.001791
2019,26300,4,0.005538
2019,26380,4,-0.01042
2019,26620,4,0.012647
2019,26980,4,0.001029
2019,27060,4,-0.013226
2019,27100,4,-0.002764
2019,27260,4,0.002644
2019,27340,4,0.028317
2019,27500,4,0.001727
2019,27740,4,0.003151
2019,27780,4,-0.013323
2019,27860,4,0.004559
2019,27900,4,0.002173
2019,28100,4,-0.00017
2019,28420,4,0.020324
2019,28660,4,0.014458
2019,28700,4,0.006221
2019,28740,4,0.005882
2019,29100,4,-0.004475
2019,29340,4,-0.01419
2019,29420,4,0.002009
2019,29460,4,0.015362
2019,29540,4,0.005507
2019,29700,4,-0.002261
2019,29740,4,0.008646
2019,29820,4,0.00918
2019,29940,4,0.000368
2019,30140,4,0.012789
2019,30300,4,0.000412
2019,30340,4,0.000334
2019,30460,4,-0.000719
2019,30620,4,-0.000775
2019,30700,4,-0.002387
2019,30780,4,-0.002376
2019,30860,4,0.013847
2019,31020,4,0.014018
2019,31420,4,0.008543
2019,31700,4,-0.000347
2019,31860,4,-0.002639
2019,32580,4,-0.000632
2019,32780,4,0.001156
2019,32900,4,0.000208
2019,33140,4,0.004771
2019,33340,4,-0.002579
2019,33540,4,-0.005509
2019,33700,4,-0.001032
2019,33780,4,0.003805
2019,33860,4,-0.007007
2019,34060,4,-0.004733
2019,34580,4,0.011464
2019,34620,4,0.001418
2019,34740,4,-0.004627
2019,34940,4,-0.014182
2019,35300,4,0.000218
2019,35660,4,-0.006087
2019,35840,4,-0.009446
2019,35980,4,-0.002891
2019,36100,4,0.002733
2019,36220,4,0.035915
2019,36420,4,-0.002651
2019,36500,4,0.019851
2019,36540,4,0.00168
2019,36740,4,0.000723
2019,36780,4,0.005123
2019,36980,4,-0.00416
2019,37100,4,-0.007932
2019,37340,4,-0.014444
2019,37860,4,0.0071
2019,38060,4,0.003093
2019,38300,4,-0.005733
2019,38340,4,0.007483
2019,38860,4,-0.000777
2019,38900,4,-0.014904
2019,38940,4,-0.01272
2019,39300,4,-0.003384
2019,39340,4,0.006358
2019,39380,4,0.000965
2019,39460,4,-0.00763
2019,39540,4,0.007321
2019,39580,4,0.006051
2019,39740,4,0.008289
2019,39820,4,0.002011
2019,39900,4,-0.012374
2019,40140,4,0.000697
2019,40420,4,0.002617
2019,40660,4,0.002797
2019,40900,4,-0.001216
2019,40980,4,-0.003555
2019,41060,4,0.008319
2019,41100,4,0.020434
2019,41140,4,0.01179
2019,41420,4,0.006944
2019,41500,4,-0.015248
2019,41700,4,-0.00224
2019,41740,4,-0.002469
2019,41940,4,-0.003723
2019,42020,4,-0.003892
2019,42100,4,-0.01701
2019,42140,4,0.003109
2019,42220,4,-0.018592
2019,42340,4,-0.003166
2019,42540,4,0.002559
2019,42680,4,-0.00829
2019,43100,4,0.008535
2019,43620,4,0.003238
2019,43780,4,0.004811
2019,44100,4,-0.010443
2019,44180,4,0.004712
2019,44220,4,0.002942
2019,44300,4,-0.000255
2019,44700,4,0.001365
2019,45060,4,0.000261
2019,45220,4,-0.002997
2019,45820,4,-0.005932
2019,45940,4,0.003781
2019,46060,4,0.002235
2019,46140,4,-0.007198
2019,46340,4,0.004229
2019,46540,4,-0.00012
2019,46660,4,0.010817
2019,46700,4,-0.010346
2019,47220,4,-0.004774
2019,47300,4,-0.003855
2019,47940,4,3.6e-05
2019,48300,4,0.006685
2019,48540,4,-0.018789
2019,48660,4,0.007134
2019,48700,4,-0.005127
2019,49020,4,0.000843
2019,49420,4,0.013465
2019,49620,4,0.004844
2019,49660,4,-0.006527
2019,49740,4,0.000141
2019,10180,5,-0.005389
2019,10420,5,-0.000167
2019,10580,5,-0.002188
2019,10740,5,-0.004064
2019,10780,5,-0.012045
2019,10900,5,0.008374
2019,11020,5,-0.004481
2019,11260,5,-0.011355
2019,11460,5,-0.00329
2019,11500,5,-0.002184
2019,11540,5,0.004852
2019,11700,5,-0.009441
2019,12020,5,0.004019
2019,12100,5,0.006071
2019,12220,5,0.007071
2019,12420,5,-0.006994
2019,12540,5,0.006551
2019,12580,5,-0.006678
2019,12620,5,-0.001434
2019,12700,5,-0.000134
2019,12980,5,0.001823
2019,13020,5,0.001373
2019,13380,5,0.012776
2019,13460,5,0.00247
2019,13780,5,-0.000986
2019,14260,5,0.018731
2019,14500,5,-0.02411
2019,14740,5,0.005443
2019,14860,5,-0.002201
2019,15180,5,-0.005257
2019,15260,5,-0.006773
2019,15380,5,-0.004026
2019,15500,5,0.01858
2019,15540,5,0.004972
2019,15940,5,-0.004153
2019,15980,5,-0.005282
2019,16020,5,0.013394
2019,16180,5,-0.007197
2019,16220,5,-0.015114
2019,16300,5,0.001071
2019,16700,5,-0.00859
2019,16860,5,0.003235
2019,16940,5,-0.008128
2019,17020,5,0.008932
2019,17420,5,0.011561
2019,17660,5,0.012516
2019,17780,5,-0.008925
2019,17820,5,0.010814
2019,17900,5,0.003884
2019,18020,5,-0.000469
2019,18700,5,-0.001302
2019,19340,5,-0.007172
2019,19460,5,-0.006073
2019,19500,5,-0.013154
2019,19740,5,-0.016078
2019,20020,5,-0.000722
2019,20100,5,0.005802
2019,20220,5,-0.009414
2019,20740,5,0.003777
2019,20940,5,-0.011655
2019,21140,5,0.002533
2019,21300,5,0.000297
2019,21500,5,-0.00481
2019,21660,5,0.005341
2019,21820,5,-0.00422
2019,22020,5,-0.009133
2019,22140,5,-0.024203
2019,22380,5,-0.004493
2019,22420,5,-0.008424
2019,22500,5,-0.006766
2019,22520,5,-0.01255
2019,22540,5,0.010018
2019,22660,5,-0.008669
2019,23420,5,0.003825
2019,23460,5,-0.003353
2019,23580,5,-0.005114
2019,24020,5,-0.007182
2019,24220,5,-0.027335
2019,24300,5,0.008627
2019,24500,5,-0.008186
2019,24540,5,0.002405
2019,24580,5,0.003288
2019,24660,5,0.003838
2019,25420,5,0.005039
2019,25500,5,-0.001376
2019,25540,5,-0.003807
2019,25860,5,0.007223
2019,25980,5,-0.00156
2019,26300,5,0.005266
2019,26380,5,-0.013605
2019,26620,5,0.013796
2019,26980,5,0.001779
2019,27060,5,-0.015752
2019,27100,5,-0.000142
2019,27260,5,0.005172
2019,27340,5,0.027044
2019,27500,5,0.001796
2019,27740,5,0.00278
2019,27780,5,-0.015322
2019,27860,5,0.006371
2019,27900,5,0.001593
2019,28100,5,-0.001918
2019,28420,5,0.020328
2019,28660,5,0.016516
2019,28700,5,0.003788
2019,28740,5,0.006876
2019,29100,5,-0.00631
2019,29340,5,-0.015803
2019,29420,5,0.004614
2019,29460,5,0.0198
2019,29540,5,0.006434
2019,29700,5,-0.002475
2019,29740,5,0.007183
2019,29820,5,0.014609
2019,29940,5,0.000592
2019,30140,5,0.014265
2019,30300,5,-0.003531
2019,30340,5,0.000192
2019,30460,5,0.000126
2019,30620,5,-0.002049
2019,30700,5,-0.001257
2019,30780,5,-0.002049
2019,30860,5,0.013594
2019,31020,5,0.013834
2019,31420,5,0.008087
2019,31700,5,0.001123
2019,31860,5,-0.001694
2019,32580,5,9e-06
2019,32780,5,0.003091
2019,32900,5,0.004353
2019,33140,5,0.003901
2019,33340,5,-0.003267
2019,33540,5,-0.00734
2019,33700,5,0.001631
2019,33780,5,0.007224
2019,33860,5,-0.007467
2019,34060,5,-0.008859
2019,34580,5,0.011255
2019,34620,5,0.001601
2019,34740,5,-0.003162
2019,34940,5,-0.012729
2019,35300,5,0.00024
2019,35660,5,-0.007153
2019,35840,5,-0.005997
2019,35980,5,-0.003318
2019,36100,5,0.005454
2019,36220,5,0.034412
2019,36420,5,-0.002203
2019,36500,5,0.020005
2019,36540,5,0.003024
2019,36740,5,0.004663
2019,36780,5,0.004795
2019,36980,5,-0.003806
2019,37100,5,-0.009024
2019,37340,5,-0.011867
2019,37860,5,0.008391
2019,38060,5,0.00491
2019,38300,5,-0.005499
2019,38340,5,0.006004
2019,38860,5,-0.000236
2019,38900,5,-0.017117
2019,38940,5,-0.00867
2019,39300,5,-0.002222
2019,39340,5,0.008264
2019,39380,5,0.000145
2019,39460,5,-0.003711
2019,39540,5,0.007273
2019,39580,5,0.006752
2019,39740,5,0.009886
2019,39820,5,0.002549
2019,39900,5,-0.008635
2019,40140,5,0.001613
2019,40420,5,0.001843
2019,40660,5,0.002526
2019,40900,5,0.000832
2019,40980,5,-0.002233
2019,41060,5,0.010875
2019,41100,5,0.025239
2019,41140,5,0.012063
2019,41420,5,0.006797
2019,41500,5,-0.014028
2019,41700,5,-0.001893
2019,41740,5,-0.002014
2019,41940,5,-0.005634
2019,42020,5,-0.004022
2019,42100,5,-0.018689
2019,42140,5,0.001628
2019,42220,5,-0.019877
2019,42340,5,-0.003639
2019,42540,5,0.002635
2019,42680,5,-0.005346
2019,43100,5,0.008351
2019,43620,5,0.005204
2019,43780,5,0.004625
2019,44100,5,-0.013606
2019,44180,5,0.005646
2019,44220,5,0.00282
2019,44300,5,-0.000509
2019,44700,5,0.004735
2019,45060,5,0.000455
2019,45220,5,-0.003608
2019,45820,5,-0.006998
2019,45940,5,0.005854
2019,46060,5,0.003463
2019,46140,5,-0.007289
2019,46340,5,0.004876
2019,46540,5,-0.001244
2019,46660,5,0.009308
2019,46700,5,-0.008986
2019,47220,5,-0.005091
2019,47300,5,-0.003471
2019,47940,5,-0.001054
2019,48300,5,0.003894
2019,48540,5,-0.024136
2019,48660,5,0.007471
2019,48700,5,-0.007087
2019,49020,5,0.001951
2019,49420,5,0.011107
2019,49620,5,0.006282
2019,49660,5,-0.007008
2019,49740,5,0.001022
2019,10180,6,-0.005699
2019,10420,6,-0.000287
2019,10580,6,-0.000741
2019,10740,6,-0.007625
2019,10780,6,-0.014997
2019,10900,6,0.007569
2019,11020,6,-0.009646
2019,11260,6,-0.017217
2019,11460,6,-0.001371
2019,11500,6,-0.003403
2019,11540,6,0.005316
2019,11700,6,-0.007731
2019,12020,6,0.003409
2019,12100,6,0.005025
2019,12220,6,0.008895
2019,12420,6,-0.001368
2019,12540,6,0.008329
2019,12580,6,-0.010839
2019,12620,6,-0.001224
2019,12700,6,-0.00184
2019,12980,6,0.001452
2019,13020,6,0.001832
2019,13380,6,0.010427
2019,13460,6,0.006109
2019,13780,6,-0.002922
2019,14260,6,0.018465
2019,14500,6,-0.01851
2019,14740,6,0.005594
2019,14860,6,-0.002468
2019,15180,6,-0.005029
2019,15260,6,-0.004734
2019,15380,6,-0.001987
2019,15500,6,0.016154
2019,15540,6,0.00378
2019,15940,6,-0.004871
2019,15980,6,0.0021
2019,16020,6,0.002229
2019,16180,6,-0.001046
2019,16220,6,-0.017544
2019,16300,6,0.001046
2019,16700,6,-0.005449
2019,16860,6,0.001336
2019,16940,6,-0.011346
2019,17020,6,0.003656
2019,17420,6,0.011909
2019,17660,6,0.012259
2019,17780,6,-0.005132
2019,17820,6,0.01065
2019,17900,6,0.001951
2019,18020,6,-0.001279
2019,18700,6,-0.008004
2019,19340,6,-0.008324
2019,19460,6,-0.002965
2019,19500,6,-0.01185
2019,19740,6,-0.012279
2019,20020,6,-0.002262
2019,20100,6,0.003049
2019,20220,6,-0.010041
2019,20740,6,0.004691
2019,20940,6,-0.009811
2019,21140,6,0.003724
2019,21300,6,-0.005974
2019,21500,6,-0.005791
2019,21660,6,7.8e-05
2019,21820,6,-0.014209
2019,22020,6,-0.003218
2019,22140,6,-0.028129
2019,22380,6,-0.005277
2019,22420,6,-0.005799
2019,22500,6,-0.011219
2019,22520,6,-0.011851
2019,22540,6,0.01079
2019,22660,6,-0.004423
2019,23420,6,0.002627
2019,23460,6,-0.005409
2019,23580,6,-0.001521
2019,24020,6,-0.004955
2019,24220,6,-0.019555
2019,24300,6,0.006349
2019,24500,6,-0.011912
2019,24540,6,0.006509
2019,24580,6,0.004589
2019,24660,6,0.000573
2019,25420,6,0.006166
2019,25500,6,-0.004276
2019,25540,6,-0.004456
2019,25860,6,0.001719
2019,25980,6,-0.002109
2019,26300,6,0.005567
2019,26380,6,-0.015451
2019,26620,6,0.012925
2019,26980,6,0.002138
2019,27060,6,-0.009609
2019,27100,6,-0.001026
2019,27260,6,0.005411
2019,27340,6,0.021895
2019,27500,6,0.004589
2019,27740,6,0.000742
2019,27780,6,-0.01359
2019,27860,6,0.004886
2019,27900,6,0.001545
2019,28100,6,-0.003764
2019,28420,6,0.016221
2019,28660,6,0.016056
2019,28700,6,-0.005341
2019,28740,6,0.009103
2019,29100,6,-0.006094
2019,29340,6,-0.014413
2019,29420,6,0.004178
2019,29460,6,0.02141
2019,29540,6,0.00496
2019,29700,6,-0.001449
2019,29740,6,0.002959
2019,29820,6,0.0213
2019,29940,6,0.003137
2019,30140,6,0.014576
2019,30300,6,-0.011796
2019,30340,6,0.001295
2019,30460,6,0.001902
2019,30620,6,-0.003629
2019,30700,6,0.001923
2019,30780,6,-0.003767
2019,30860,6,0.012156
2019,31020,6,0.013111
2019,31420,6,0.003824
2019,31700,6,0.002871
2019,31860,6,6.9e-05
2019,32580,6,0.000584
2019,32780,6,0.000452
2019,32900,6,0.012142
2019,33140,6,0.003406
2019,33340,6,-0.002128
2019,33540,6,-0.009116
2019,33700,6,0.006539
2019,33780,6,0.004912
2019,33860,6,-0.008373
2019,34060,6,-0.012025
2019,34580,6,0.010054
2019,34620,6,-0.003312
2019,34740,6,-0.003143
2019,34940,6,-0.003196
2019,35300,6,-0.001248
2019,35660,6,-0.007342
2019,35840,6,0.000695
2019,35980,6,-0.003561
2019,36100,6,0.007623
2019,36220,6,0.033941
2019,36420,6,-0.002973
2019,36500,6,0.01774
2019,36540,6,0.005161
2019,36740,6,0.006273
2019,36780,6,0.005549
2019,36980,6,-0.003308
2019,37100,6,-0.008516
2019,37340,6,-0.003679
2019,37860,6,0.008223
2019,38060,6,0.010745
2019,38300,6,-0.006111
2019,38340,6,0.003438
2019,38860,6,0.001294
2019,38900,6,-0.015572
2019,38940,6,-0.000411
2019,39300,6,0.000921
2019,39340,6,0.006689
2019,39380,6,0.002322
2019,39460,6,0.003003
2019,39540,6,0.008278
2019,39580,6,0.005563
2019,39740,6,0.008175
2019,39820,6,-0.00082
2019,39900,6,-0.000585
2019,40140,6,0.005897
2019,40420,6,0.003772
2019,40660,6,0.001953
2019,40900,6,0.004793
2019,40980,6,-0.003549
2019,41060,6,0.006352
2019,41100,6,0.022142
2019,41140,6,0.004279
2019,41420,6,0.005823
2019,41500,6,-0.009157
2019,41700,6,0.00108
2019,41740,6,-0.002718
2019,41940,6,-0.007566
2019,42020,6,-0.005591
2019,42100,6,-0.01826
2019,42140,6,-0.00121
2019,42220,6,-0.017748
2019,42340,6,-0.006253
2019,42540,6,0.001505
2019,42680,6,0.003369
2019,43100,6,0.006031
2019,43620,6,0.00694
2019,43780,6,0.00448
2019,44100,6,-0.014795
2019,44180,6,0.007243
2019,44220,6,0.002783
2019,44300,6,-0.001042
2019,44700,6,0.01296
2019,45060,6,0.000896
2019,45220,6,-0.005172
2019,45820,6,-0.005779
2019,45940,6,0.006139
2019,46060,6,0.002171
2019,46140,6,-0.007542
2019,46340,6,0.005055
2019,46540,6,-0.000967
2019,46660,6,0.004467
2019,46700,6,-0.000111
2019,47220,6,-0.002899
2019,47300,6,-0.002924
2019,47940,6,-0.00353
2019,48300,6,0.000153
2019,48540,6,-0.021178
2019,48660,6,-0.001345
2019,48700,6,-0.005909
2019,49020,6,0.001077
2019,49420,6,0.006411
2019,49620,6,0.00553
2019,49660,6,-0.007409
2019,49740,6,-0.000988
2019,10180,7,-0.004676
2019,10420,7,0.00217
2019,10580,7,0.000557
2019,10740,7,-0.011283
2019,10780,7,-0.016874
2019,10900,7,0.010342
2019,11020,7,-0.015242
2019,11260,7,-0.024092
2019,11460,7,0.002476
2019,11500,7,-0.0038
2019,11540,7,0.005049
2019,11700,7,-0.009643
2019,12020,7,0.004743
2019,12100,7,0.00882
2019,12220,7,0.009913
2019,12420,7,-0.001232
2019,12540,7,0.004423
2019,12580,7,-0.01226
2019,12620,7,-0.001241
2019,12700,7,-0.001453
2019,12980,7,0.001347
2019,13020,7,0.002296
2019,13380,7,0.011474
2019,13460,7,0.008578
2019,13780,7,-0.005097
2019,14260,7,0.026801
2019,14500,7,-0.022065
2019,14740,7,0.006638
2019,14860,7,-0.003255
2019,15180,7,-0.00744
2019,15260,7,-0.00727
2019,15380,7,0.001853
2019,15500,7,0.017709
2019,15540,7,0.004457
2019,15940,7,-0.002914
2019,15980,7,0.004761
2019,16020,7,-0.003313
2019,16180,7,0.007126
2019,16220,7,-0.03045
2019,16300,7,0.002674
2019,16700,7,-0.007131
2019,16860,7,0.0011
2019,16940,7,-0.013979
2019,17020,7,0.009819
2019,17420,7,0.015364
2019,17660,7,0.01615
2019,17780,7,-0.006019
2019,17820,7,0.012688
2019,17900,7,-4e-06
2019,18020,7,-0.001948
2019,18700,7,-0.011209
2019,19340,7,-0.010937
2019,19460,7,-0.004759
2019,19500,7,-0.01628
2019,19740,7,-0.011224
2019,20020,7,-0.003299
2019,20100,7,0.001917
2019,20220,7,-0.011141
2019,20740,7,0.005489
2019,20940,7,-0.011334
2019,21140,7,0.005649
2019,21300,7,-0.009949
2019,21500,7,-0.007786
2019,21660,7,0.001433
2019,21820,7,-0.021237
2019,22020,7,-0.006578
2019,22140,7,-0.040516
2019,22380,7,-0.003866
2019,22420,7,0.000672
2019,22500,7,-0.014937
2019,22520,7,-0.0136
2019,22540,7,0.009282
2019,22660,7,-0.004749
2019,23420,7,0.006436
2019,23460,7,-0.006516
2019,23580,7,0.001051
2019,24020,7,-0.008077
2019,24220,7,-0.030777
2019,24300,7,0.006681
2019,24500,7,-0.015616
2019,24540,7,0.010638
2019,24580,7,0.004506
2019,24660,7,0.000435
2019,25420,7,0.008466
2019,25500,7,-0.007892
2019,25540,7,-0.005403
2019,25860,7,-0.001712
2019,25980,7,-0.009631
2019,26300,7,0.004821
2019,26380,7,-0.019503
2019,26620,7,0.014286
2019,26980,7,0.004946
2019,27060,7,-0.01651
2019,27100,7,-0.000358
2019,27260,7,0.010845
2019,27340,7,0.017069
2019,27500,7,0.005632
2019,27740,7,-0.00011
2019,27780,7,-0.018975
2019,27860,7,0.007319
2019,27900,7,0.002686
2019,28100,7,-0.006347
2019,28420,7,0.01665
2019,28660,7,0.019306
2019,28700,7,-0.011629
2019,28740,7,0.011804
2019,29100,7,-0.007341
2019,29340,7,-0.016952
2019,29420,7,0.010977
2019,29460,7,0.030748
2019,29540,7,0.006032
2019,29700,7,-0.00196
2019,29740,7,-0.00083
2019,29820,7,0.028298
2019,29940,7,0.005259
2019,30140,7,0.01652
2019,30300,7,-0.021919
2019,30340,7,0.00126
2019,30460,7,0.003344
2019,30620,7,-0.007625
2019,30700,7,0.005324
2019,30780,7,-0.003458
2019,30860,7,0.010014
2019,31020,7,0.015839
2019,31420,7,0.003903
2019,31700,7,0.005642
2019,31860,7,0.002837
2019,32580,7,0.001381
2019,32780,7,0.00531
2019,32900,7,0.014301
2019,33140,7,0.005313
2019,33340,7,-0.001649
2019,33540,7,-0.011883
2019,33700,7,0.003459
2019,33780,7,0.008117
2019,33860,7,-0.009447
2019,34060,7,-0.017177
2019,34580,7,0.012261
2019,34620,7,-0.005359
2019,34740,7,-0.002308
2019,34940,7,-0.005944
2019,35300,7,-0.001767
2019,35660,7,-0.010486
2019,35840,7,0.003566
2019,35980,7,-0.00675
2019,36100,7,0.013327
2019,36220,7,0.0342
2019,36420,7,-0.001884
2019,36500,7,0.019761
2019,36540,7,0.008703
2019,36740,7,0.014146
2019,36780,7,0.005519
2019,36980,7,-0.002408
2019,37100,7,-0.010785
2019,37340,7,-0.000203
2019,37860,7,0.011587
2019,38060,7,0.010103
2019,38300,7,-0.003388
2019,38340,7,0.001451
2019,38860,7,0.002709
2019,38900,7,-0.018298
2019,38940,7,0.005626
2019,39300,7,0.003316
2019,39340,7,0.010803
2019,39380,7,0.001405
2019,39460,7,0.007016
2019,39540,7,0.00888
2019,39580,7,0.006089
2019,39740,7,0.00946
2019,39820,7,0.000593
2019,39900,7,0.005118
2019,40140,7,0.004655
2019,40420,7,0.001427
2019,40660,7,0.003115
2019,40900,7,0.005797
2019,40980,7,-0.000925
2019,41060,7,0.006491
2019,41100,7,0.028719
2019,41140,7,0.000703
2019,41420,7,0.008645
2019,41500,7,-0.008526
2019,41700,7,0.002282
2019,41740,7,-0.001555
2019,41940,7,-0.007852
2019,42020,7,-0.005551
2019,42100,7,-0.019935
2019,42140,7,-0.003323
2019,42220,7,-0.019088
2019,42340,7,-0.004814
2019,42540,7,0.001956
2019,42680,7,0.005785
2019,43100,7,0.003569
2019,43620,7,0.011015
2019,43780,7,0.00545
2019,44100,7,-0.019433
2019,44180,7,0.010123
2019,44220,7,0.003092
2019,44300,7,-0.001502
2019,44700,7,0.013309
2019,45060,7,0.003614
2019,45220,7,-0.005724
2019,45820,7,-0.005582
2019,45940,7,0.010164
2019,46060,7,0.003795
2019,46140,7,-0.007573
2019,46340,7,0.007766
2019,46540,7,0.000378
2019,46660,7,0.002219
2019,46700,7,-0.00209
2019,47220,7,-0.004653
2019,47300,7,-0.002377
2019,47940,7,-0.003236
2019,48300,7,0.000363
2019,48540,7,-0.023654
2019,48660,7,-0.006305
2019,48700,7,-0.007202
2019,49020,7,0.002834
2019,49420,7,0.007241
2019,49620,7,0.006267
2019,49660,7,-0.007289
2019,49740,7,-0.000107
2019,10180,8,-0.005765
2019,10420,8,3.3e-05
2019,10580,8,-0.000409
2019,10740,8,-0.006886
2019,10780,8,-0.015046
2019,10900,8,0.008228
2019,11020,8,-0.010126
2019,11260,8,-0.015892
2019,11460,8,-0.001487
2019,11500,8,-0.003717
2019,11540,8,0.005677
2019,11700,8,-0.008285
2019,12020,8,0.00361
2019,12100,8,0.004871
2019,12220,8,0.008754
2019,12420,8,-0.002031
2019,12540,8,0.008002
2019,12580,8,-0.010204
2019,12620,8,-0.001191
2019,12700,8,-0.002366
2019,12980,8,0.001304
2019,13020,8,0.001616
2019,13380,8,0.011912
2019,13460,8,0.006535
2019,13780,8,-0.002982
2019,14260,8,0.01875
2019,14500,8,-0.020306
2019,14740,8,0.005839
2019,14860,8,-0.002245
2019,15180,8,-0.005184
2019,15260,8,-0.005645
2019,15380,8,-0.00245
2019,15500,8,0.01779
2019,15540,8,0.004659
2019,15940,8,-0.004843
2019,15980,8,0.001173
2019,16020,8,0.002179
2019,16180,8,-0.002618
2019,16220,8,-0.018581
2019,16300,8,0.001669
2019,16700,8,-0.006168
2019,16860,8,0.001614
2019,16940,8,-0.010999
2019,17020,8,0.004969
2019,17420,8,0.012261
2019,17660,8,0.012866
2019,17780,8,-0.006332
2019,17820,8,0.011099
2019,17900,8,0.002326
2019,18020,8,-0.000483
2019,18700,8,-0.006286
2019,19340,8,-0.00772
2019,19460,8,-0.003513
2019,19500,8,-0.011697
2019,19740,8,-0.013503
2019,20020,8,-0.002116
2019,20100,8,0.003509
2019,20220,8,-0.010093
2019,20740,8,0.005042
2019,20940,8,-0.010693
2019,21140,8,0.003904
2019,21300,8,-0.006336
2019,21500,8,-0.006251
2019,21660,8,0.001796
2019,21820,8,-0.01291
2019,22020,8,-0.003624
2019,22140,8,-0.028164
2019,22380,8,-0.005212
2019,22420,8,-0.006917
2019,22500,8,-0.010954
2019,22520,8,-0.012282
2019,22540,8,0.011472
2019,22660,8,-0.005285
2019,23420,8,0.002802
2019,23460,8,-0.005281
2019,23580,8,-0.001895
2019,24020,8,-0.005384
2019,24220,8,-0.021447
2019,24300,8,0.006861
2019,24500,8,-0.011441
2019,24540,8,0.006797
2019,24580,8,0.004788
2019,24660,8,0.00114
2019,25420,8,0.006877
2019,25500,8,-0.003228
2019,25540,8,-0.003909
2019,25860,8,0.002118
2019,25980,8,-0.002111
2019,26300,8,0.005905
2019,26380,8,-0.015732
2019,26620,8,0.013694
2019,26980,8,0.002872
2019,27060,8,-0.010613
2019,27100,8,-0.001971
2019,27260,8,0.005596
2019,27340,8,0.023011
2019,27500,8,0.004513
2019,27740,8,0.000892
2019,27780,8,-0.014557
2019,27860,8,0.005511
2019,27900,8,0.002008
2019,28100,8,-0.003478
2019,28420,8,0.017727
2019,28660,8,0.016713
2019,28700,8,-0.004726
2019,28740,8,0.008573
2019,29100,8,-0.006055
2019,29340,8,-0.015198
2019,29420,8,0.003894
2019,29460,8,0.022556
2019,29540,8,0.005369
2019,29700,8,-0.001921
2019,29740,8,0.003796
2019,29820,8,0.019712
2019,29940,8,0.003571
2019,30140,8,0.015768
2019,30300,8,-0.011394
2019,30340,8,0.001051
2019,30460,8,0.001756
2019,30620,8,-0.003981
2019,30700,8,0.001564
2019,30780,8,-0.003426
2019,30860,8,0.013181
2019,31020,8,0.014259
2019,31420,8,0.004221
2019,31700,8,0.002653
2019,31860,8,7.1e-05
2019,32580,8,0.000642
2019,32780,8,0.001378
2019,32900,8,0.010327
2019,33140,8,0.003611
2019,33340,8,-0.002175
2019,33540,8,-0.008673
2019,33700,8,0.004493
2019,33780,8,0.004837
2019,33860,8,-0.008288
2019,34060,8,-0.011116
2019,34580,8,0.011012
2019,34620,8,-0.003161
2019,34740,8,-0.004056
2019,34940,8,-0.005463
2019,35300,8,-0.000686
2019,35660,8,-0.007712
2019,35840,8,-0.000573
2019,35980,8,-0.004008
2019,36100,8,0.007597
2019,36220,8,0.034214
2019,36420,8,-0.002587
2019,36500,8,0.019583
2019,36540,8,0.005061
2019,36740,8,0.00659
2019,36780,8,0.005778
2019,36980,8,-0.003496
2019,37100,8,-0.009073
2019,37340,8,-0.005309
2019,37860,8,0.008308
2019,38060,8,0.010074
2019,38300,8,-0.00644
2019,38340,8,0.003461
2019,38860,8,0.00101
2019,38900,8,-0.015985
2019,38940,8,-0.001775
2019,39300,8,0.000237
2019,39340,8,0.007951
2019,39380,8,0.001703
2019,39460,8,0.00236
2019,39540,8,0.008319
2019,39580,8,0.006269
2019,39740,8,0.008734
2019,39820,8,-0.000331
2019,39900,8,-0.002902
2019,40140,8,0.005084
2019,40420,8,0.003484
2019,40660,8,0.002199
2019,40900,8,0.004106
2019,40980,8,-0.003656
2019,41060,8,0.006496
2019,41100,8,0.02426
2019,41140,8,0.003993
2019,41420,8,0.006771
2019,41500,8,-0.010707
2019,41700,8,0.00125
2019,41740,8,-0.002758
2019,41940,8,-0.008286
2019,42020,8,-0.00553
2019,42100,8,-0.019041
2019,42140,8,-0.000795
2019,42220,8,-0.019595
2019,42340,8,-0.005801
2019,42540,8,0.002052
2019,42680,8,0.001868
2019,43100,8,0.006041
2019,43620,8,0.007418
2019,43780,8,0.004585
2019,44100,8,-0.014551
2019,44180,8,0.007455
2019,44220,8,0.002708
2019,44300,8,-0.000717
2019,44700,8,0.011346
2019,45060,8,0.000815
2019,45220,8,-0.005201
2019,45820,8,-0.006187
2019,45940,8,0.006709
2019,46060,8,0.002626
2019,46140,8,-0.007838
2019,46340,8,0.005762
2019,46540,8,-0.000957
2019,46660,8,0.005424
2019,46700,8,-0.002292
2019,47220,8,-0.003681
2019,47300,8,-0.003121
2019,47940,8,-0.003287
2019,48300,8,0.001164
2019,48540,8,-0.022076
2019,48660,8,-0.0014
2019,48700,8,-0.005933
2019,49020,8,0.001891
2019,49420,8,0.007513
2019,49620,8,0.00606
2019,49660,8,-0.007595
2019,49740,8,-3.9e-05
2019,10180,9,-0.004125
2019,10420,9,-0.000577
2019,10580,9,-0.001589
2019,10740,9,-0.002452
2019,10780,9,-0.011002
2019,10900,9,0.006575
2019,11020,9,-0.00574
2019,11260,9,-0.008605
2019,11460,9,-0.004858
2019,11500,9,-0.001375
2019,11540,9,0.004739
2019,11700,9,-0.007517
2019,12020,9,0.003951
2019,12100,9,0.00501
2019,12220,9,0.005452
2019,12420,9,-0.007935
2019,12540,9,0.007111
2019,12580,9,-0.00564
2019,12620,9,-0.000192
2019,12700,9,-0.001369
2019,12980,9,0.000822
2019,13020,9,0.001289
2019,13380,9,0.012539
2019,13460,9,-0.000103
2019,13780,9,-0.000113
2019,14260,9,0.015142
2019,14500,9,-0.021025
2019,14740,9,0.006413
2019,14860,9,-0.002446
2019,15180,9,-0.004376
2019,15260,9,-0.005286
2019,15380,9,-0.003695
2019,15500,9,0.017407
2019,15540,9,0.004737
2019,15940,9,-0.004596
2019,15980,9,-0.007609
2019,16020,9,0.010325
2019,16180,9,-0.007827
2019,16220,9,-0.009647
2019,16300,9,0.001059
2019,16700,9,-0.008394
2019,16860,9,0.003917
2019,16940,9,-0.006973
2019,17020,9,0.006248
2019,17420,9,0.01053
2019,17660,9,0.010683
2019,17780,9,-0.009104
2019,17820,9,0.00986
2019,17900,9,0.004301
2019,18020,9,2.4e-05
2019,18700,9,-0.000912
2019,19340,9,-0.005926
2019,19460,9,-0.00406
2019,19500,9,-0.009843
2019,19740,9,-0.015827
2019,20020,9,-0.000619
2019,20100,9,0.005184
2019,20220,9,-0.007927
2019,20740,9,0.003961
2019,20940,9,-0.011369
2019,21140,9,0.002353
2019,21300,9,-0.000711
2019,21500,9,-0.004428
2019,21660,9,0.004808
2019,21820,9,-0.002962
2019,22020,9,-0.007943
2019,22140,9,-0.019225
2019,22380,9,-0.004663
2019,22420,9,-0.010396
2019,22500,9,-0.005079
2019,22520,9,-0.011651
2019,22540,9,0.010774
2019,22660,9,-0.008689
2019,23420,9,0.002041
2019,23460,9,-0.002357
2019,23580,9,-0.005134
2019,24020,9,-0.005302
2019,24220,9,-0.021934
2019,24300,9,0.009116
2019,24500,9,-0.005406
2019,24540,9,-0.000193
2019,24580,9,0.003066
2019,24660,9,0.003897
2019,25420,9,0.00468
2019,25500,9,-1.2e-05
2019,25540,9,-0.003388
2019,25860,9,0.007493
2019,25980,9,0.001692
2019,26300,9,0.006404
2019,26380,9,-0.011101
2019,26620,9,0.012312
2019,26980,9,0.001013
2019,27060,9,-0.012788
2019,27100,9,-0.00277
2019,27260,9,0.002559
2019,27340,9,0.027443
2019,27500,9,0.002422
2019,27740,9,0.00266
2019,27780,9,-0.013252
2019,27860,9,0.004765
2019,27900,9,0.002633
2019,28100,9,-0.000658
2019,28420,9,0.019105
2019,28660,9,0.014921
2019,28700,9,0.003963
2019,28740,9,0.007137
2019,29100,9,-0.005098
2019,29340,9,-0.014733
2019,29420,9,0.002822
2019,29460,9,0.016219
2019,29540,9,0.005217
2019,29700,9,-0.00198
2019,29740,9,0.008037
2019,29820,9,0.012048
2019,29940,9,0.001527
2019,30140,9,0.013092
2019,30300,9,-0.002141
2019,30340,9,0.000705
2019,30460,9,-0.000325
2019,30620,9,-0.001346
2019,30700,9,-0.001759
2019,30780,9,-0.002408
2019,30860,9,0.013686
2019,31020,9,0.013849
2019,31420,9,0.008404
2019,31700,9,0.00028
2019,31860,9,-0.001961
2019,32580,9,-0.000237
2019,32780,9,0.000711
2019,32900,9,0.003198
2019,33140,9,0.004716
2019,33340,9,-0.002519
2019,33540,9,-0.006469
2019,33700,9,0.000787
2019,33780,9,0.003665
2019,33860,9,-0.007099
2019,34060,9,-0.00598
2019,34580,9,0.011007
2019,34620,9,0.00041
2019,34740,9,-0.00458
2019,34940,9,-0.012756
2019,35300,9,8.7e-05
2019,35660,9,-0.006584
2019,35840,9,-0.008255
2019,35980,9,-0.00285
2019,36100,9,0.003642
2019,36220,9,0.035496
2019,36420,9,-0.002755
2019,36500,9,0.019353
2019,36540,9,0.002342
2019,36740,9,0.001125
2019,36780,9,0.00526
2019,36980,9,-0.004093
2019,37100,9,-0.007833
2019,37340,9,-0.0124
2019,37860,9,0.007318
2019,38060,9,0.004818
2019,38300,9,-0.005975
2019,38340,9,0.006921
2019,38860,9,-0.00072
2019,38900,9,-0.016056
2019,38940,9,-0.01045
2019,39300,9,-0.002391
2019,39340,9,0.005478
2019,39380,9,0.00215
2019,39460,9,-0.005706
2019,39540,9,0.007814
2019,39580,9,0.00501
2019,39740,9,0.008138
2019,39820,9,0.001849
2019,39900,9,-0.010526
2019,40140,9,0.001913
2019,40420,9,0.003362
2019,40660,9,0.003431
2019,40900,9,0.000129
2019,40980,9,-0.003202
2019,41060,9,0.007777
2019,41100,9,0.019804
2019,41140,9,0.01039
2019,41420,9,0.00649
2019,41500,9,-0.013575
2019,41700,9,-0.001895
2019,41740,9,-0.002454
2019,41940,9,-0.004789
2019,42020,9,-0.00418
2019,42100,9,-0.017165
2019,42140,9,0.003137
2019,42220,9,-0.018191
2019,42340,9,-0.004009
2019,42540,9,0.002537
2019,42680,9,-0.006252
2019,43100,9,0.008012
2019,43620,9,0.003026
2019,43780,9,0.004717
2019,44100,9,-0.01137
2019,44180,9,0.005533
2019,44220,9,0.003159
2019,44300,9,-0.000741
2019,44700,9,0.004174
2019,45060,9,0.000566
2019,45220,9,-0.003221
2019,45820,9,-0.005257
2019,45940,9,0.00444
2019,46060,9,0.002656
2019,46140,9,-0.007021
2019,46340,9,0.004857
2019,46540,9,6.8e-05
2019,46660,9,0.009889
2019,46700,9,-0.007806
2019,47220,9,-0.004089
2019,47300,9,-0.003565
2019,47940,9,-0.000327
2019,48300,9,0.00504
2019,48540,9,-0.0182
2019,48660,9,0.00543
2019,48700,9,-0.005172
2019,49020,9,0.000914
2019,49420,9,0.012717
2019,49620,9,0.00483
2019,49660,9,-0.006544
2019,49740,9,0.000114
2019,10180,10,-0.004042
2019,10420,10,-0.002207
2019,10580,10,-0.001142
2019,10740,10,-0.01089
2019,10780,10,-0.019783
2019,10900,10,0.006965
2019,11020,10,-0.012595
2019,11260,10,-0.022355
2019,11460,10,-0.002217
2019,11500,10,-0.003713
2019,11540,10,0.007144
2019,11700,10,-0.003308
2019,12020,10,0.007032
2019,12100,10,0.000186
2019,12220,10,0.009144
2019,12420,10,0.00162
2019,12540,10,0.007928
2019,12580,10,-0.014485
2019,12620,10,0.000364
2019,12700,10,-0.002315
2019,12980,10,-1.4e-05
2019,13020,10,-0.000675
2019,13380,10,0.015312
2019,13460,10,0.006502
2019,13780,10,-0.0029
2019,14260,10,0.021907
2019,14500,10,-0.015627
2019,14740,10,0.011556
2019,14860,10,-0.006741
2019,15180,10,-0.008419
2019,15260,10,-0.002975
2019,15380,10,0.000461
2019,15500,10,0.017125
2019,15540,10,0.005704
2019,15940,10,-0.008456
2019,15980,10,-0.001231
2019,16020,10,0.000716
2019,16180,10,4.6e-05
2019,16220,10,-0.017533
2019,16300,10,-0.000881
2019,16700,10,-0.003492
2019,16860,10,0.003081
2019,16940,10,-0.014093
2019,17020,10,-0.002266
2019,17420,10,0.014522
2019,17660,10,0.016483
2019,17780,10,-0.005333
2019,17820,10,0.012787
2019,17900,10,0.001603
2019,18020,10,-0.000172
2019,18700,10,-0.006697
2019,19340,10,-0.010004
2019,19460,10,-0.001651
2019,19500,10,-0.014245
2019,19740,10,-0.012183
2019,20020,10,-0.003587
2019,20100,10,-8.4e-05
2019,20220,10,-0.011114
2019,20740,10,0.007836
2019,20940,10,-0.013317
2019,21140,10,0.005828
2019,21300,10,-0.008448
2019,21500,10,-0.008023
2019,21660,10,0.001589
2019,21820,10,-0.019437
2019,22020,10,-0.000374
2019,22140,10,-0.034328
2019,22380,10,-0.007234
2019,22420,10,-0.010874
2019,22500,10,-0.014464
2019,22520,10,-0.01496
2019,22540,10,0.013883
2019,22660,10,-0.004104
2019,23420,10,-0.002057
2019,23460,10,-0.006154
2019,23580,10,0.000246
2019,24020,10,-0.00432
2019,24220,10,-0.014604
2019,24300,10,0.008797
2019,24500,10,-0.013468
2019,24540,10,0.007622
2019,24580,10,0.005396
2019,24660,10,-0.001225
2019,25420,10,0.006587
2019,25500,10,-0.004115
2019,25540,10,-0.008411
2019,25860,10,0.003716
2019,25980,10,-0.000809
2019,26300,10,0.006779
2019,26380,10,-0.018046
2019,26620,10,0.014291
2019,26980,10,-0.000148
2019,27060,10,-0.006511
2019,27100,10,-0.004112
2019,27260,10,0.004532
2019,27340,10,0.025489
2019,27500,10,0.00829
2019,27740,10,0.002688
2019,27780,10,-0.01673
2019,27860,10,3.7e-05
2019,27900,10,0.002032
2019,28100,10,-0.004629
2019,28420,10,0.01999
2019,28660,10,0.016921
2019,28700,10,-0.005555
2019,28740,10,0.012052
2019,29100,10,-0.00464
2019,29340,10,-0.016968
2019,29420,10,0.001328
2019,29460,10,0.025741
2019,29540,10,0.007087
2019,29700,10,-0.001449
2019,29740,10,-0.000435
2019,29820,10,0.025553
2019,29940,10,0.004419
2019,30140,10,0.016833
2019,30300,10,-0.009195
2019,30340,10,0.003345
2019,30460,10,0.002841
2019,30620,10,-0.003276
2019,30700,10,0.001526
2019,30780,10,-0.009517
2019,30860,10,0.017333
2019,31020,10,0.020993
2019,31420,10,0.002724
2019,31700,10,0.003869
2019,31860,10,-0.001191
2019,32580,10,-0.00131
2019,32780,10,-0.004054
2019,32900,10,0.0125
2019,33140,10,0.005805
2019,33340,10,-0.001927
2019,33540,10,-0.01183
2019,33700,10,0.008801
2019,33780,10,0.001533
2019,33860,10,-0.012656
2019,34060,10,-0.010514
2019,34580,10,0.015342
2019,34620,10,-0.006405
2019,34740,10,-0.002183
2019,34940,10,-0.002276
2019,35300,10,-0.004667
2019,35660,10,-0.007311
2019,35840,10,-0.001529
2019,35980,10,-0.005429
2019,36100,10,0.007122
2019,36220,10,0.04894
2019,36420,10,-0.005756
2019,36500,10,0.023836
2019,36540,10,0.005314
2019,36740,10,0.00538
2019,36780,10,0.007843
2019,36980,10,-0.003713
2019,37100,10,-0.01209
2019,37340,10,-0.001835
2019,37860,10,0.00993
2019,38060,10,0.013276
2019,38300,10,-0.006845
2019,38340,10,0.006977
2019,38860,10,0.00269
2019,38900,10,-0.01603
2019,38940,10,0.000429
2019,39300,10,0.001667
2019,39340,10,0.004788
2019,39380,10,0.007377
2019,39460,10,0.001399
2019,39540,10,0.012932
2019,39580,10,0.005666
2019,39740,10,0.008836
2019,39820,10,-0.005503
2019,39900,10,-0.001875
2019,40140,10,0.007405
2019,40420,10,0.005036
2019,40660,10,0.002638
2019,40900,10,0.002618
2019,40980,10,-0.008657
2019,41060,10,0.005139
2019,41100,10,0.019127
2019,41140,10,0.005119
2019,41420,10,0.011476
2019,41500,10,-0.012903
2019,41700,10,0.004576
2019,41740,10,-0.006631
2019,41940,10,-0.005458
2019,42020,10,-0.009308
2019,42100,10,-0.021358
2019,42140,10,-0.001329
2019,42220,10,-0.019201
2019,42340,10,-0.008488
2019,42540,10,0.000463
2019,42680,10,0.006395
2019,43100,10,0.009098
2019,43620,10,0.005279
2019,43780,10,0.007321
2019,44100,10,-0.017312
2019,44180,10,0.008721
2019,44220,10,0.002981
2019,44300,10,0.001321
2019,44700,10,0.014485
2019,45060,10,0.0007
2019,45220,10,-0.006562
2019,45820,10,-0.00633
2019,45940,10,0.002543
2019,46060,10,-0.001326
2019,46140,10,-0.01104
2019,46340,10,0.006838
2019,46540,10,0.002334
2019,46660,10,0.002663
2019,46700,10,0.002236
2019,47220,10,-0.005368
2019,47300,10,-0.006486
2019,47940,10,-0.004796
2019,48300,10,0.005526
2019,48540,10,-0.019446
2019,48660,10,-0.002806
2019,48700,10,-0.005038
2019,49020,10,-0.003189
2019,49420,10,0.010864
2019,49620,10,0.005415
2019,49660,10,-0.010804
2019,49740,10,-0.008095
2019,10180,11,-0.005917
2019,10420,11,0.000769
2019,10580,11,-0.000333
2019,10740,11,-0.007183
2019,10780,11,-0.014838
2019,10900,11,0.009149
2019,11020,11,-0.010288
2019,11260,11,-0.01632
2019,11460,11,-0.001174
2019,11500,11,-0.003477
2019,11540,11,0.005523
2019,11700,11,-0.00977
2019,12020,11,0.003842
2019,12100,11,0.007576
2019,12220,11,0.009234
2019,12420,11,-0.003533
2019,12540,11,0.00674
2019,12580,11,-0.009797
2019,12620,11,-0.001354
2019,12700,11,-0.001697
2019,12980,11,0.00141
2019,13020,11,0.001944
2019,13380,11,0.012699
2019,13460,11,0.006434
2019,13780,11,-0.002981
2019,14260,11,0.021801
2019,14500,11,-0.023528
2019,14740,11,0.005944
2019,14860,11,-0.002191
2019,15180,11,-0.005801
2019,15260,11,-0.006911
2019,15380,11,-0.00206
2019,15500,11,0.018977
2019,15540,11,0.004743
2019,15940,11,-0.003984
2019,15980,11,0.000339
2019,16020,11,0.003866
2019,16180,11,-0.002574
2019,16220,11,-0.021674
2019,16300,11,0.002151
2019,16700,11,-0.007548
2019,16860,11,0.001985
2019,16940,11,-0.010846
2019,17020,11,0.008509
2019,17420,11,0.013054
2019,17660,11,0.014186
2019,17780,11,-0.006815
2019,17820,11,0.011945
2019,17900,11,0.002549
2019,18020,11,-0.000716
2019,18700,11,-0.006192
2019,19340,11,-0.008586
2019,19460,11,-0.005206
2019,19500,11,-0.01354
2019,19740,11,-0.014498
2019,20020,11,-0.002186
2019,20100,11,0.004659
2019,20220,11,-0.010559
2019,20740,11,0.004893
2019,20940,11,-0.011706
2019,21140,11,0.003836
2019,21300,11,-0.005465
2019,21500,11,-0.006319
2019,21660,11,0.003051
2019,21820,11,-0.012129
2019,22020,11,-0.006543
2019,22140,11,-0.03073
2019,22380,11,-0.004962
2019,22420,11,-0.005553
2019,22500,11,-0.010888
2019,22520,11,-0.012849
2019,22540,11,0.010629
2019,22660,11,-0.006735
2019,23420,11,0.004624
2019,23460,11,-0.005072
2019,23580,11,-0.002496
2019,24020,11,-0.006789
2019,24220,11,-0.027683
2019,24300,11,0.00769
2019,24500,11,-0.011829
2019,24540,11,0.006628
2019,24580,11,0.004569
2019,24660,11,0.002226
2019,25420,11,0.007258
2019,25500,11,-0.003983
2019,25540,11,-0.004042
2019,25860,11,0.002296
2019,25980,11,-0.003613
2019,26300,11,0.005299
2019,26380,11,-0.016547
2019,26620,11,0.014635
2019,26980,11,0.003795
2019,27060,11,-0.015096
2019,27100,11,-0.001389
2019,27260,11,0.007323
2019,27340,11,0.023536
2019,27500,11,0.003783
2019,27740,11,0.000903
2019,27780,11,-0.016529
2019,27860,11,0.007243
2019,27900,11,0.002268
2019,28100,11,-0.003692
2019,28420,11,0.019242
2019,28660,11,0.018115
2019,28700,11,-0.0045
2019,28740,11,0.009172
2019,29100,11,-0.006621
2019,29340,11,-0.015821
2019,29420,11,0.006268
2019,29460,11,0.024119
2019,29540,11,0.005829
2019,29700,11,-0.002081
2019,29740,11,0.004473
2019,29820,11,0.020568
2019,29940,11,0.003192
2019,30140,11,0.01587
2019,30300,11,-0.012943
2019,30340,11,0.000757
2019,30460,11,0.001788
2019,30620,11,-0.004689
2019,30700,11,0.002154
2019,30780,11,-0.00242
2019,30860,11,0.012431
2019,31020,11,0.014398
2019,31420,11,0.005481
2019,31700,11,0.002901
2019,31860,11,0.000429
2019,32580,11,0.001016
2019,32780,11,0.003308
2019,32900,11,0.00903
2019,33140,11,0.004294
2019,33340,11,-0.002317
2019,33540,11,-0.008602
2019,33700,11,0.002403
2019,33780,11,0.006418
2019,33860,11,-0.008288
2019,34060,11,-0.012959
2019,34580,11,0.011634
2019,34620,11,-0.002054
2019,34740,11,-0.003887
2019,34940,11,-0.008368
2019,35300,11,-0.000409
2019,35660,11,-0.00894
2019,35840,11,-0.001144
2019,35980,11,-0.004617
2019,36100,11,0.008753
2019,36220,11,0.033407
2019,36420,11,-0.002175
2019,36500,11,0.020331
2019,36540,11,0.005767
2019,36740,11,0.008257
2019,36780,11,0.005709
2019,36980,11,-0.003672
2019,37100,11,-0.009576
2019,37340,11,-0.007049
2019,37860,11,0.009332
2019,38060,11,0.008373
2019,38300,11,-0.005587
2019,38340,11,0.003563
2019,38860,11,0.001139
2019,38900,11,-0.017405
2019,38940,11,-0.002923
2019,39300,11,7.1e-05
2019,39340,11,0.009921
2019,39380,11,0.000677
2019,39460,11,0.001603
2019,39540,11,0.008222
2019,39580,11,0.007087
2019,39740,11,0.009346
2019,39820,11,0.00121
2019,39900,11,-0.002822
2019,40140,11,0.00369
2019,40420,11,0.002504
2019,40660,11,0.00252
2019,40900,11,0.003793
2019,40980,11,-0.002014
2019,41060,11,0.007596
2019,41100,11,0.027589
2019,41140,11,0.005455
2019,41420,11,0.007116
2019,41500,11,-0.011709
2019,41700,11,0.000169
2019,41740,11,-0.001926
2019,41940,11,-0.007632
2019,42020,11,-0.005101
2019,42100,11,-0.019899
2019,42140,11,-0.000704
2019,42220,11,-0.020279
2019,42340,11,-0.004722
2019,42540,11,0.002424
2019,42680,11,-0.000152
2019,43100,11,0.005934
2019,43620,11,0.008736
2019,43780,11,0.005035
2019,44100,11,-0.015801
2019,44180,11,0.007691
2019,44220,11,0.002986
2019,44300,11,-0.001156
2019,44700,11,0.009615
2019,45060,11,0.001614
2019,45220,11,-0.004948
2019,45820,11,-0.006465
2019,45940,11,0.008099
2019,46060,11,0.003371
2019,46140,11,-0.007503
2019,46340,11,0.005957
2019,46540,11,-0.000817
2019,46660,11,0.006866
2019,46700,11,-0.005212
2019,47220,11,-0.004446
2019,47300,11,-0.002957
2019,47940,11,-0.002754
2019,48300,11,0.001858
2019,48540,11,-0.024402
2019,48660,11,-0.000254
2019,48700,11,-0.007077
2019,49020,11,0.002672
2019,49420,11,0.009004
2019,49620,11,0.00624
2019,49660,11,-0.007346
2019,49740,11,0.000965
2019,10180,12,-0.004712
2019,10420,12,0.000865
2019,10580,12,0.000354
2019,10740,12,-0.002806
2019,10780,12,-0.011314
2019,10900,12,0.006569
2019,11020,12,-0.011972
2019,11260,12,-0.010898
2019,11460,12,-0.004024
2019,11500,12,-0.001455
2019,11540,12,0.004216
2019,11700,12,-0.009618
2019,12020,12,0.00209
2019,12100,12,0.008476
2019,12220,12,0.005949
2019,12420,12,-0.008814
2019,12540,12,0.009609
2019,12580,12,-0.00689
2019,12620,12,-7e-06
2019,12700,12,-0.003769
2019,12980,12,0.00073
2019,13020,12,0.003883
2019,13380,12,0.009089
2019,13460,12,-0.000209
2019,13780,12,-0.001477
2019,14260,12,0.013631
2019,14500,12,-0.020498
2019,14740,12,0.004501
2019,14860,12,-0.000683
2019,15180,12,-0.002098
2019,15260,12,-0.005152
2019,15380,12,-0.003111
2019,15500,12,0.017265
2019,15540,12,0.002666
2019,15940,12,-0.003456
2019,15980,12,-0.0024
2019,16020,12,-0.000455
2019,16180,12,-0.003129
2019,16220,12,-0.012028
2019,16300,12,0.003069
2019,16700,12,-0.009724
2019,16860,12,0.002399
2019,16940,12,-0.008737
2019,17020,12,0.006389
2019,17420,12,0.0107
2019,17660,12,0.008306
2019,17780,12,-0.008719
2019,17820,12,0.009618
2019,17900,12,0.00344
2019,18020,12,-0.001461
2019,18700,12,-0.008079
2019,19340,12,-0.006606
2019,19460,12,-0.001652
2019,19500,12,-0.006991
2019,19740,12,-0.015586
2019,20020,12,-0.001283
2019,20100,12,0.004658
2019,20220,12,-0.007888
2019,20740,12,0.003234
2019,20940,12,-0.009415
2019,21140,12,0.002428
2019,21300,12,-0.006481
2019,21500,12,-0.004629
2019,21660,12,7.8e-05
2019,21820,12,-0.00865
2019,22020,12,-0.007133
2019,22140,12,-0.019763
2019,22380,12,-0.004753
2019,22420,12,-0.006488
2019,22500,12,-0.006602
2019,22520,12,-0.010992
2019,22540,12,0.011338
2019,22660,12,-0.00774
2019,23420,12,0.004134
2019,23460,12,-0.002971
2019,23580,12,-0.003722
2019,24020,12,-0.004071
2019,24220,12,-0.021409
2019,24300,12,0.007821
2019,24500,12,-0.006612
2019,24540,12,0.00047
2019,24580,12,0.003636
2019,24660,12,0.003355
2019,25420,12,0.006257
2019,25500,12,-0.002302
2019,25540,12,-0.001742
2019,25860,12,0.002575
2019,25980,12,0.001892
2019,26300,12,0.008234
2019,26380,12,-0.011455
2019,26620,12,0.011357
2019,26980,12,0.002827
2019,27060,12,-0.011765
2019,27100,12,-0.004222
2019,27260,12,0.002401
2019,27340,12,0.024498
2019,27500,12,0.003362
2019,27740,12,-0.000282
2019,27780,12,-0.011584
2019,27860,12,0.006988
2019,27900,12,0.004273
2019,28100,12,-0.001205
2019,28420,12,0.01499
2019,28660,12,0.01592
2019,28700,12,-0.004172
2019,28740,12,0.009468
2019,29100,12,-0.006403
2019,29340,12,-0.014516
2019,29420,12,0.005373
2019,29460,12,0.016284
2019,29540,12,0.002505
2019,29700,12,-0.001172
2019,29740,12,0.008279
2019,29820,12,0.016556
2019,29940,12,0.004747
2019,30140,12,0.013304
2019,30300,12,-0.012556
2019,30340,12,0.000826
2019,30460,12,0.000261
2019,30620,12,-0.003637
2019,30700,12,0.000989
2019,30780,12,-0.000362
2019,30860,12,0.010816
2019,31020,12,0.010794
2019,31420,12,0.007913
2019,31700,12,0.001019
2019,31860,12,0.000546
2019,32580,12,0.001546
2019,32780,12,0.000692
2019,32900,12,0.009746
2019,33140,12,0.004683
2019,33340,12,-0.001529
2019,33540,12,-0.007343
2019,33700,12,0.002029
2019,33780,12,0.002173
2019,33860,12,-0.00596
2019,34060,12,-0.00944
2019,34580,12,0.008363
2019,34620,12,-0.002985
2019,34740,12,-0.00713
2019,34940,12,-0.009235
2019,35300,12,0.000999
2019,35660,12,-0.008488
2019,35840,12,-0.004591
2019,35980,12,-0.002618
2019,36100,12,0.00616
2019,36220,12,0.031137
2019,36420,12,-0.002219
2019,36500,12,0.016358
2019,36540,12,0.004582
2019,36740,12,0.001689
2019,36780,12,0.005495
2019,36980,12,-0.004259
2019,37100,12,-0.005808
2019,37340,12,-0.008717
2019,37860,12,0.00708
2019,38060,12,0.008408
2019,38300,12,-0.00683
2019,38340,12,0.00391
2019,38860,12,-0.000958
2019,38900,12,-0.017899
2019,38940,12,-0.006151
2019,39300,12,-0.000229
2019,39340,12,0.004295
2019,39380,12,0.002995
2019,39460,12,-0.000922
2019,39540,12,0.007531
2019,39580,12,0.002602
2019,39740,12,0.006319
2019,39820,12,0.002647
2019,39900,12,-0.005466
2019,40140,12,0.004607
2019,40420,12,0.005572
2019,40660,12,0.004724
2019,40900,12,0.004523
2019,40980,12,-0.001162
2019,41060,12,0.003494
2019,41100,12,0.018891
2019,41140,12,0.002949
2019,41420,12,0.00315
2019,41500,12,-0.008443
2019,41700,12,-0.002195
2019,41740,12,-0.000878
2019,41940,12,-0.008272
2019,42020,12,-0.00379
2019,42100,12,-0.016666
2019,42140,12,0.002834
2019,42220,12,-0.017216
2019,42340,12,-0.005444
2019,42540,12,0.002856
2019,42680,12,-0.002726
2019,43100,12,0.004328
2019,43620,12,0.004395
2019,43780,12,0.003672
2019,44100,12,-0.011974
2019,44180,12,0.007531
2019,44220,12,0.003964
2019,44300,12,-0.003531
2019,44700,12,0.010393
2019,45060,12,0.001995
2019,45220,12,-0.00377
2019,45820,12,-0.002788
2019,45940,12,0.007779
2019,46060,12,0.00444
2019,46140,12,-0.005609
2019,46340,12,0.005605
2019,46540,12,-0.000249
2019,46660,12,0.0089
2019,46700,12,-0.002684
2019,47220,12,-0.000816
2019,47300,12,-0.001257
2019,47940,12,-0.000681
2019,48300,12,-0.000191
2019,48540,12,-0.014922
2019,48660,12,-0.002804
2019,48700,12,-0.004457
2019,49020,12,0.002784
2019,49420,12,0.009994
2019,49620,12,0.003872
2019,49660,12,-0.005171
2019,49740,12,0.002871
2019,10180,13,-0.003715
2019,10420,13,-2.7e-05
2019,10580,13,-0.001177
2019,10740,13,-0.001133
2019,10780,13,-0.009886
2019,10900,13,0.006448
2019,11020,13,-0.006996
2019,11260,13,-0.007238
2019,11460,13,-0.005454
2019,11500,13,-0.000626
2019,11540,13,0.004305
2019,11700,13,-0.008358
2019,12020,13,0.003715
2019,12100,13,0.006511
2019,12220,13,0.004484
2019,12420,13,-0.01067
2019,12540,13,0.007358
2019,12580,13,-0.004532
2019,12620,13,0.00023
2019,12700,13,-0.001927
2019,12980,13,0.000617
2019,13020,13,0.002107
2019,13380,13,0.012043
2019,13460,13,-0.002314
2019,13780,13,0.000251
2019,14260,13,0.014101
2019,14500,13,-0.021958
2019,14740,13,0.006121
2019,14860,13,-0.001968
2019,15180,13,-0.003451
2019,15260,13,-0.005543
2019,15380,13,-0.003769
2019,15500,13,0.017924
2019,15540,13,0.004187
2019,15940,13,-0.004035
2019,15980,13,-0.00891
2019,16020,13,0.00905
2019,16180,13,-0.007828
2019,16220,13,-0.008838
2019,16300,13,0.001844
2019,16700,13,-0.010111
2019,16860,13,0.004264
2019,16940,13,-0.006403
2019,17020,13,0.007531
2019,17420,13,0.010371
2019,17660,13,0.00958
2019,17780,13,-0.010489
2019,17820,13,0.009729
2019,17900,13,0.00463
2019,18020,13,-0.000221
2019,18700,13,-0.001304
2019,19340,13,-0.005731
2019,19460,13,-0.003688
2019,19500,13,-0.008625
2019,19740,13,-0.016976
2019,20020,13,-0.000397
2019,20100,13,0.00549
2019,20220,13,-0.007285
2019,20740,13,0.003446
2019,20940,13,-0.011264
2019,21140,13,0.002011
2019,21300,13,-0.001197
2019,21500,13,-0.004142
2019,21660,13,0.004792
2019,21820,13,-0.001702
2019,22020,13,-0.009707
2019,22140,13,-0.017267
2019,22380,13,-0.004514
2019,22420,13,-0.010072
2019,22500,13,-0.003812
2019,22520,13,-0.011623
2019,22540,13,0.010833
2019,22660,13,-0.009984
2019,23420,13,0.002841
2019,23460,13,-0.001509
2019,23580,13,-0.005658
2019,24020,13,-0.005216
2019,24220,13,-0.023446
2019,24300,13,0.009705
2019,24500,13,-0.003964
2019,24540,13,-0.002042
2019,24580,13,0.002718
2019,24660,13,0.004861
2019,25420,13,0.004827
2019,25500,13,0.000278
2019,25540,13,-0.002656
2019,25860,13,0.007658
2019,25980,13,0.002657
2019,26300,13,0.007386
2019,26380,13,-0.010085
2019,26620,13,0.011789
2019,26980,13,0.001323
2019,27060,13,-0.014121
2019,27100,13,-0.003744
2019,27260,13,0.001835
2019,27340,13,0.027978
2019,27500,13,0.002128
2019,27740,13,0.002269
2019,27780,13,-0.012971
2019,27860,13,0.005663
2019,27900,13,0.003707
2019,28100,13,-3e-06
2019,28420,13,0.018604
2019,28660,13,0.015146
2019,28700,13,0.003861
2019,28740,13,0.007696
2019,29100,13,-0.005399
2019,29340,13,-0.015024
2019,29420,13,0.003814
2019,29460,13,0.015091
2019,29540,13,0.004482
2019,29700,13,-0.001852
2019,29740,13,0.00957
2019,29820,13,0.01137
2019,29940,13,0.002321
2019,30140,13,0.012726
2019,30300,13,-0.003151
2019,30340,13,0.000638
2019,30460,13,-0.000737
2019,30620,13,-0.001613
2019,30700,13,-0.001836
2019,30780,13,-0.001239
2019,30860,13,0.013112
2019,31020,13,0.013217
2019,31420,13,0.009896
2019,31700,13,-7.9e-05
2019,31860,13,-0.001576
2019,32580,13,0.000193
2019,32780,13,0.000972
2019,32900,13,0.002859
2019,33140,13,0.005275
2019,33340,13,-0.002328
2019,33540,13,-0.006156
2019,33700,13,-0.000603
2019,33780,13,0.002957
2019,33860,13,-0.00637
2019,34060,13,-0.005646
2019,34580,13,0.010524
2019,34620,13,0.000426
2019,34740,13,-0.005732
2019,34940,13,-0.014935
2019,35300,13,0.000761
2019,35660,13,-0.007259
2019,35840,13,-0.009862
2019,35980,13,-0.00269
2019,36100,13,0.003573
2019,36220,13,0.034341
2019,36420,13,-0.002483
2019,36500,13,0.018944
2019,36540,13,0.002416
2019,36740,13,4.5e-05
2019,36780,13,0.005253
2019,36980,13,-0.004374
2019,37100,13,-0.007078
2019,37340,13,-0.013703
2019,37860,13,0.007188
2019,38060,13,0.004131
2019,38300,13,-0.006041
2019,38340,13,0.006998
2019,38860,13,-0.001397
2019,38900,13,-0.017306
2019,38940,13,-0.011836
2019,39300,13,-0.00251
2019,39340,13,0.004734
2019,39380,13,0.00262
2019,39460,13,-0.006653
2019,39540,13,0.007734
2019,39580,13,0.003848
2019,39740,13,0.007591
2019,39820,13,0.003137
2019,39900,13,-0.011661
2019,40140,13,0.0015
2019,40420,13,0.003915
2019,40660,13,0.004597
2019,40900,13,0.000208
2019,40980,13,-0.002095
2019,41060,13,0.00689
2019,41100,13,0.018957
2019,41140,13,0.009876
2019,41420,13,0.00572
2019,41500,13,-0.013102
2019,41700,13,-0.002966
2019,41740,13,-0.001778
2019,41940,13,-0.005071
2019,42020,13,-0.003628
2019,42100,13,-0.016758
2019,42140,13,0.004507
2019,42220,13,-0.017929
2019,42340,13,-0.003743
2019,42540,13,0.003015
2019,42680,13,-0.008019
2019,43100,13,0.007325
2019,43620,13,0.002245
2019,43780,13,0.004545
2019,44100,13,-0.010899
2019,44180,13,0.005881
2019,44220,13,0.003621
2019,44300,13,-0.001662
2019,44700,13,0.003642
2019,45060,13,0.001147
2019,45220,13,-0.00275
2019,45820,13,-0.004117
2019,45940,13,0.005277
2019,46060,13,0.003571
2019,46140,13,-0.0063
2019,46340,13,0.005302
2019,46540,13,0.000494
2019,46660,13,0.011226
2019,46700,13,-0.008491
2019,47220,13,-0.003463
2019,47300,13,-0.002993
2019,47940,13,0.00062
2019,48300,13,0.00477
2019,48540,13,-0.016228
2019,48660,13,0.004746
2019,48700,13,-0.004868
2019,49020,13,0.001531
2019,49420,13,0.014044
2019,49620,13,0.004299
2019,49660,13,-0.005797
2019,49740,13,0.001382
2019,10180,14,-0.005287
2019,10420,14,-0.001157
2019,10580,14,-0.001979
2019,10740,14,-0.007699
2019,10780,14,-0.016038
2019,10900,14,0.008283
2019,11020,14,-0.008172
2019,11260,14,-0.018527
2019,11460,14,-0.001438
2019,11500,14,-0.003263
2019,11540,14,0.00582
2019,11700,14,-0.006967
2019,12020,14,0.005342
2019,12100,14,0.00153
2019,12220,14,0.008123
2019,12420,14,-0.0019
2019,12540,14,0.008576
2019,12580,14,-0.011424
2019,12620,14,-0.001231
2019,12700,14,-0.00114
2019,12980,14,0.001842
2019,13020,14,0.000873
2019,13380,14,0.012224
2019,13460,14,0.005341
2019,13780,14,-0.002606
2019,14260,14,0.018603
2019,14500,14,-0.018728
2019,14740,14,0.006859
2019,14860,14,-0.003846
2019,15180,14,-0.005683
2019,15260,14,-0.004655
2019,15380,14,-0.002448
2019,15500,14,0.017609
2019,15540,14,0.00451
2019,15940,14,-0.006449
2019,15980,14,5.7e-05
2019,16020,14,0.00622
2019,16180,14,-0.002114
2019,16220,14,-0.017757
2019,16300,14,0.000226
2019,16700,14,-0.005765
2019,16860,14,0.002037
2019,16940,14,-0.012215
2019,17020,14,0.002099
2019,17420,14,0.012722
2019,17660,14,0.013381
2019,17780,14,-0.007488
2019,17820,14,0.011482
2019,17900,14,0.001971
2019,18020,14,-0.000882
2019,18700,14,-0.004996
2019,19340,14,-0.008676
2019,19460,14,-0.002979
2019,19500,14,-0.013511
2019,19740,14,-0.013577
2019,20020,14,-0.001979
2019,20100,14,0.001486
2019,20220,14,-0.01036
2019,20740,14,0.005192
2019,20940,14,-0.010608
2019,21140,14,0.004201
2019,21300,14,-0.004982
2019,21500,14,-0.006349
2019,21660,14,0.002065
2019,21820,14,-0.013633
2019,22020,14,-0.003371
2019,22140,14,-0.028944
2019,22380,14,-0.005914
2019,22420,14,-0.008404
2019,22500,14,-0.011493
2019,22520,14,-0.013838
2019,22540,14,0.012114
2019,22660,14,-0.005321
2019,23420,14,0.001009
2019,23460,14,-0.005097
2019,23580,14,-0.001468
2019,24020,14,-0.005536
2019,24220,14,-0.018772
2019,24300,14,0.007319
2019,24500,14,-0.012183
2019,24540,14,0.006767
2019,24580,14,0.004576
2019,24660,14,0.00045
2019,25420,14,0.005766
2019,25500,14,-0.003062
2019,25540,14,-0.00576
2019,25860,14,0.004995
2019,25980,14,-0.001708
2019,26300,14,0.006714
2019,26380,14,-0.016386
2019,26620,14,0.013353
2019,26980,14,0.000509
2019,27060,14,-0.008802
2019,27100,14,-0.000679
2019,27260,14,0.004526
2019,27340,14,0.024337
2019,27500,14,0.005355
2019,27740,14,0.002504
2019,27780,14,-0.014903
2019,27860,14,0.00325
2019,27900,14,0.001428
2019,28100,14,-0.00386
2019,28420,14,0.018022
2019,28660,14,0.016375
2019,28700,14,-0.001949
2019,28740,14,0.009119
2019,29100,14,-0.006288
2019,29340,14,-0.016682
2019,29420,14,0.002628
2019,29460,14,0.023389
2019,29540,14,0.006835
2019,29700,14,-0.001954
2019,29740,14,0.002373
2019,29820,14,0.021786
2019,29940,14,0.003186
2019,30140,14,0.016108
2019,30300,14,-0.006732
2019,30340,14,0.001819
2019,30460,14,0.001829
2019,30620,14,-0.002675
2019,30700,14,-6.2e-05
2019,30780,14,-0.005699
2019,30860,14,0.015743
2019,31020,14,0.016379
2019,31420,14,0.004405
2019,31700,14,0.003098
2019,31860,14,-0.001005
2019,32580,14,-0.000326
2019,32780,14,-0.000522
2019,32900,14,0.012041
2019,33140,14,0.003293
2019,33340,14,-0.002997
2019,33540,14,-0.01037
2019,33700,14,0.008701
2019,33780,14,0.005407
2019,33860,14,-0.009542
2019,34060,14,-0.009981
2019,34580,14,0.011909
2019,34620,14,-0.002661
2019,34740,14,-0.001837
2019,34940,14,-0.004578
2019,35300,14,-0.001852
2019,35660,14,-0.00657
2019,35840,14,-0.001396
2019,35980,14,-0.003684
2019,36100,14,0.006734
2019,36220,14,0.038765
2019,36420,14,-0.003589
2019,36500,14,0.020646
2019,36540,14,0.004076
2019,36740,14,0.005768
2019,36780,14,0.005817
2019,36980,14,-0.0032
2019,37100,14,-0.010296
2019,37340,14,-0.003762
2019,37860,14,0.008651
2019,38060,14,0.011407
2019,38300,14,-0.006697
2019,38340,14,0.005168
2019,38860,14,0.001061
2019,38900,14,-0.016802
2019,38940,14,-0.000573
2019,39300,14,0.000487
2019,39340,14,0.005679
2019,39380,14,0.004087
2019,39460,14,0.002172
2019,39540,14,0.009674
2019,39580,14,0.005425
2019,39740,14,0.009822
2019,39820,14,-0.001793
2019,39900,14,-0.00358
2019,40140,14,0.006083
2019,40420,14,0.00377
2019,40660,14,0.002459
2019,40900,14,0.003342
2019,40980,14,-0.005369
2019,41060,14,0.009032
2019,41100,14,0.021881
2019,41140,14,0.007627
2019,41420,14,0.00823
2019,41500,14,-0.011136
2019,41700,14,0.002259
2019,41740,14,-0.004396
2019,41940,14,-0.007777
2019,42020,14,-0.006575
2019,42100,14,-0.019549
2019,42140,14,-0.000229
2019,42220,14,-0.019331
2019,42340,14,-0.007006
2019,42540,14,0.001563
2019,42680,14,0.003725
2019,43100,14,0.00847
2019,43620,14,0.00468
2019,43780,14,0.005022
2019,44100,14,-0.015668
2019,44180,14,0.007391
2019,44220,14,0.002511
2019,44300,14,0.000597
2019,44700,14,0.012952
2019,45060,14,-0.000115
2019,45220,14,-0.00526
2019,45820,14,-0.006727
2019,45940,14,0.00455
2019,46060,14,0.001842
2019,46140,14,-0.008896
2019,46340,14,0.006281
2019,46540,14,-0.000463
2019,46660,14,0.00391
2019,46700,14,1.7e-05
2019,47220,14,-0.004504
2019,47300,14,-0.0045
2019,47940,14,-0.003734
2019,48300,14,0.001676
2019,48540,14,-0.02262
2019,48660,14,0.002273
2019,48700,14,-0.006212
2019,49020,14,-4.9e-05
2019,49420,14,0.007843
2019,49620,14,0.006745
2019,49660,14,-0.008922
2019,49740,14,-0.002922
2019,10180,15,-0.005607
2019,10420,15,0.001182
2019,10580,15,0.000714
2019,10740,15,-0.005954
2019,10780,15,-0.013705
2019,10900,15,0.007961
2019,11020,15,-0.013077
2019,11260,15,-0.015252
2019,11460,15,-0.001754
2019,11500,15,-0.002815
2019,11540,15,0.004938
2019,11700,15,-0.009901
2019,12020,15,0.002635
2019,12100,15,0.008727
2019,12220,15,0.008323
2019,12420,15,-0.004945
2019,12540,15,0.008553
2019,12580,15,-0.009432
2019,12620,15,-0.000715
2019,12700,15,-0.003284
2019,12980,15,0.001047
2019,13020,15,0.003386
2019,13380,15,0.010112
2019,13460,15,0.004371
2019,13780,15,-0.00292
2019,14260,15,0.018085
2019,14500,15,-0.021296
2019,14740,15,0.004914
2019,14860,15,-0.001153
2019,15180,15,-0.003649
2019,15260,15,-0.005843
2019,15380,15,-0.001993
2019,15500,15,0.017829
2019,15540,15,0.003151
2019,15940,15,-0.003519
2019,15980,15,0.001628
2019,16020,15,-0.002092
2019,16180,15,-0.001013
2019,16220,15,-0.01879
2019,16300,15,0.003044
2019,16700,15,-0.008188
2019,16860,15,0.001507
2019,16940,15,-0.01068
2019,17020,15,0.007023
2019,17420,15,0.012022
2019,17660,15,0.011234
2019,17780,15,-0.006726
2019,17820,15,0.010916
2019,17900,15,0.002446
2019,18020,15,-0.001396
2019,18700,15,-0.009371
2019,19340,15,-0.008061
2019,19460,15,-0.002843
2019,19500,15,-0.009965
2019,19740,15,-0.014216
2019,20020,15,-0.002226
2019,20100,15,0.004173
2019,20220,15,-0.009457
2019,20740,15,0.004164
2019,20940,15,-0.009967
2019,21140,15,0.003395
2019,21300,15,-0.008066
2019,21500,15,-0.005739
2019,21660,15,0.00012
2019,21820,15,-0.013227
2019,22020,15,-0.00573
2019,22140,15,-0.026661
2019,22380,15,-0.005042
2019,22420,15,-0.004531
2019,22500,15,-0.010056
2019,22520,15,-0.011687
2019,22540,15,0.010971
2019,22660,15,-0.006339
2019,23420,15,0.004776
2019,23460,15,-0.004528
2019,23580,15,-0.002095
2019,24020,15,-0.004998
2019,24220,15,-0.023939
2019,24300,15,0.007092
2019,24500,15,-0.01048
2019,24540,15,0.004945
2019,24580,15,0.004538
2019,24660,15,0.002158
2019,25420,15,0.007404
2019,25500,15,-0.004218
2019,25540,15,-0.002768
2019,25860,15,0.000396
2019,25980,15,-0.001283
2019,26300,15,0.006808
2019,26380,15,-0.014719
2019,26620,15,0.012891
2019,26980,15,0.00398
2019,27060,15,-0.012738
2019,27100,15,-0.003022
2019,27260,15,0.005385
2019,27340,15,0.022145
2019,27500,15,0.004177
2019,27740,15,-0.000582
2019,27780,15,-0.013808
2019,27860,15,0.007546
2019,27900,15,0.003481
2019,28100,15,-0.003027
2019,28420,15,0.015911
2019,28660,15,0.017264
2019,28700,15,-0.007637
2019,28740,15,0.010133
2019,29100,15,-0.00669
2019,29340,15,-0.014713
2019,29420,15,0.006407
2019,29460,15,0.020935
2019,29540,15,0.003638
2019,29700,15,-0.001302
2019,29740,15,0.005482
2019,29820,15,0.020794
2019,29940,15,0.004951
2019,30140,15,0.014734
2019,30300,15,-0.016376
2019,30340,15,0.00101
2019,30460,15,0.001647
2019,30620,15,-0.005014
2019,30700,15,0.0029
2019,30780,15,-0.001207
2019,30860,15,0.010732
2019,31020,15,0.011924
2019,31420,15,0.005625
2019,31700,15,0.002586
2019,31860,15,0.00138
2019,32580,15,0.001828
2019,32780,15,0.001886
2019,32900,15,0.011677
2019,33140,15,0.004331
2019,33340,15,-0.001547
2019,33540,15,-0.00824
2019,33700,15,0.00307
2019,33780,15,0.003937
2019,33860,15,-0.007059
2019,34060,15,-0.012837
2019,34580,15,0.009442
2019,34620,15,-0.003768
2019,34740,15,-0.005685
2019,34940,15,-0.006444
2019,35300,15,0.000193
2019,35660,15,-0.009219
2019,35840,15,-0.000637
2019,35980,15,-0.003734
2019,36100,15,0.00856
2019,36220,15,0.030332
2019,36420,15,-0.002105
2019,36500,15,0.017542
2019,36540,15,0.006135
2019,36740,15,0.006
2019,36780,15,0.005787
2019,36980,15,-0.003865
2019,37100,15,-0.007415
2019,37340,15,-0.005676
2019,37860,15,0.008239
2019,38060,15,0.009908
2019,38300,15,-0.006266
2019,38340,15,0.002558
2019,38860,15,0.000524
2019,38900,15,-0.017591
2019,38940,15,-0.002079
2019,39300,15,0.000909
2019,39340,15,0.007302
2019,39380,15,0.002117
2019,39460,15,0.002715
2019,39540,15,0.00798
2019,39580,15,0.004633
2019,39740,15,0.007348
2019,39820,15,0.00153
2019,39900,15,-0.001497
2019,40140,15,0.005182
2019,40420,15,0.004479
2019,40660,15,0.003608
2019,40900,15,0.005658
2019,40980,15,-0.001188
2019,41060,15,0.004169
2019,41100,15,0.023417
2019,41140,15,0.001557
2019,41420,15,0.00456
2019,41500,15,-0.008398
2019,41700,15,-0.000421
2019,41740,15,-0.00117
2019,41940,15,-0.008844
2019,42020,15,-0.004663
2019,42100,15,-0.01822
2019,42140,15,0.00028
2019,42220,15,-0.018227
2019,42340,15,-0.005572
2019,42540,15,0.002523
2019,42680,15,0.000798
2019,43100,15,0.004006
2019,43620,15,0.007662
2019,43780,15,0.004253
2019,44100,15,-0.014392
2019,44180,15,0.008215
2019,44220,15,0.003532
2019,44300,15,-0.002787
2019,44700,15,0.01236
2019,45060,15,0.002183
2019,45220,15,-0.004729
2019,45820,15,-0.00415
2019,45940,15,0.008802
2019,46060,15,0.003983
2019,46140,15,-0.006254
2019,46340,15,0.005958
2019,46540,15,-0.000545
2019,46660,15,0.006857
2019,46700,15,-0.001772
2019,47220,15,-0.001921
2019,47300,15,-0.00164
2019,47940,15,-0.002398
2019,48300,15,-0.000677
2019,48540,15,-0.019335
2019,48660,15,-0.004409
2019,48700,15,-0.005715
2019,49020,15,0.003071
2019,49420,15,0.00808
2019,49620,15,0.0049
2019,49660,15,-0.006102
2019,49740,15,0.002145
2019,10180,16,-0.003343
2019,10420,16,-0.001683
2019,10580,16,-0.001022
2019,10740,16,-0.009307
2019,10780,16,-0.016841
2019,10900,16,0.006241
2019,11020,16,-0.010895
2019,11260,16,-0.019126
2019,11460,16,-0.00267
2019,11500,16,-0.002405
2019,11540,16,0.006216
2019,11700,16,-0.003522
2019,12020,16,0.006739
2019,12100,16,0.002691
2019,12220,16,0.008136
2019,12420,16,-0.000716
2019,12540,16,0.006219
2019,12580,16,-0.012149
2019,12620,16,0.000701
2019,12700,16,-0.001362
2019,12980,16,-0.000179
2019,13020,16,-0.000306
2019,13380,16,0.014481
2019,13460,16,0.00414
2019,13780,16,-0.001777
2019,14260,16,0.021338
2019,14500,16,-0.016029
2019,14740,16,0.011043
2019,14860,16,-0.006262
2019,15180,16,-0.007716
2019,15260,16,-0.003009
2019,15380,16,0.000793
2019,15500,16,0.015959
2019,15540,16,0.004788
2019,15940,16,-0.00707
2019,15980,16,-0.003512
2019,16020,16,0.002997
2019,16180,16,-0.001045
2019,16220,16,-0.015655
2019,16300,16,-0.00066
2019,16700,16,-0.004391
2019,16860,16,0.003669
2019,16940,16,-0.011727
2019,17020,16,0.000211
2019,17420,16,0.013181
2019,17660,16,0.015436
2019,17780,16,-0.005039
2019,17820,16,0.012043
2019,17900,16,0.002136
2019,18020,16,-0.000314
2019,18700,16,-0.005326
2019,19340,16,-0.009593
2019,19460,16,-0.002575
2019,19500,16,-0.013629
2019,19740,16,-0.012029
2019,20020,16,-0.003188
2019,20100,16,0.001097
2019,20220,16,-0.009824
2019,20740,16,0.006826
2019,20940,16,-0.012834
2019,21140,16,0.004805
2019,21300,16,-0.005931
2019,21500,16,-0.006706
2019,21660,16,0.002536
2019,21820,16,-0.015133
2019,22020,16,-0.003251
2019,22140,16,-0.03056
2019,22380,16,-0.006616
2019,22420,16,-0.009558
2019,22500,16,-0.011779
2019,22520,16,-0.013648
2019,22540,16,0.011718
2019,22660,16,-0.005505
2019,23420,16,-0.000899
2019,23460,16,-0.00454
2019,23580,16,-0.000768
2019,24020,16,-0.004411
2019,24220,16,-0.01715
2019,24300,16,0.009276
2019,24500,16,-0.011144
2019,24540,16,0.004933
2019,24580,16,0.004476
2019,24660,16,0.000315
2019,25420,16,0.005728
2019,25500,16,-0.003864
2019,25540,16,-0.007847
2019,25860,16,0.004496
2019,25980,16,-9.7e-05
2019,26300,16,0.005799
2019,26380,16,-0.015707
2019,26620,16,0.013162
2019,26980,16,1.7e-05
2019,27060,16,-0.009485
2019,27100,16,-0.003754
2019,27260,16,0.004495
2019,27340,16,0.024339
2019,27500,16,0.006742
2019,27740,16,0.002723
2019,27780,16,-0.015969
2019,27860,16,0.001031
2019,27900,16,0.002355
2019,28100,16,-0.00362
2019,28420,16,0.019319
2019,28660,16,0.015835
2019,28700,16,-0.003532
2019,28740,16,0.011743
2019,29100,16,-0.004171
2019,29340,16,-0.015074
2019,29420,16,0.002659
2019,29460,16,0.022211
2019,29540,16,0.006516
2019,29700,16,-0.001022
2019,29740,16,0.001101
2019,29820,16,0.022826
2019,29940,16,0.003442
2019,30140,16,0.014183
2019,30300,16,-0.007831
2019,30340,16,0.0031
2019,30460,16,0.002379
2019,30620,16,-0.002761
2019,30700,16,0.001522
2019,30780,16,-0.007683
2019,30860,16,0.014979
2019,31020,16,0.018719
2019,31420,16,0.004209
2019,31700,16,0.003257
2019,31860,16,-0.001164
2019,32580,16,-0.000923
2019,32780,16,-0.0032
2019,32900,16,0.009113
2019,33140,16,0.006229
2019,33340,16,-0.001699
2019,33540,16,-0.009867
2019,33700,16,0.006072
2019,33780,16,0.001602
2019,33860,16,-0.011211
2019,34060,16,-0.010209
2019,34580,16,0.014226
2019,34620,16,-0.004274
2019,34740,16,-0.001803
2019,34940,16,-0.004949
2019,35300,16,-0.004111
2019,35660,16,-0.007366
2019,35840,16,-0.003295
2019,35980,16,-0.004884
2019,36100,16,0.006329
2019,36220,16,0.043336
2019,36420,16,-0.005204
2019,36500,16,0.021666
2019,36540,16,0.004942
2019,36740,16,0.004384
2019,36780,16,0.007217
2019,36980,16,-0.003751
2019,37100,16,-0.010746
2019,37340,16,-0.004188
2019,37860,16,0.009457
2019,38060,16,0.009922
2019,38300,16,-0.005415
2019,38340,16,0.007385
2019,38860,16,0.002396
2019,38900,16,-0.015424
2019,38940,16,-0.002403
2019,39300,16,0.001101
2019,39340,16,0.004833
2019,39380,16,0.006797
2019,39460,16,-0.001079
2019,39540,16,0.01194
2019,39580,16,0.005281
2019,39740,16,0.007845
2019,39820,16,-0.003629
2019,39900,16,-0.002653
2019,40140,16,0.005317
2019,40420,16,0.004284
2019,40660,16,0.003049
2019,40900,16,0.001531
2019,40980,16,-0.006363
2019,41060,16,0.005033
2019,41100,16,0.017818
2019,41140,16,0.007083
2019,41420,16,0.010336
2019,41500,16,-0.012581
2019,41700,16,0.002592
2019,41740,16,-0.005349
2019,41940,16,-0.003145
2019,42020,16,-0.008027
2019,42100,16,-0.019332
2019,42140,16,-8.4e-05
2019,42220,16,-0.016615
2019,42340,16,-0.006659
2019,42540,16,0.000654
2019,42680,16,0.002793
2019,43100,16,0.008607
2019,43620,16,0.004735
2019,43780,16,0.007296
2019,44100,16,-0.01584
2019,44180,16,0.007636
2019,44220,16,0.003194
2019,44300,16,0.000737
2019,44700,16,0.010855
2019,45060,16,0.001362
2019,45220,16,-0.00523
2019,45820,16,-0.005262
2019,45940,16,0.002621
2019,46060,16,-0.00103
2019,46140,16,-0.009294
2019,46340,16,0.005929
2019,46540,16,0.002894
2019,46660,16,0.004698
2019,46700,16,-0.000425
2019,47220,16,-0.005171
2019,47300,16,-0.005896
2019,47940,16,-0.003465
2019,48300,16,0.00641
2019,48540,16,-0.017696
2019,48660,16,-0.000499
2019,48700,16,-0.005183
2019,49020,16,-0.002952
2019,49420,16,0.012365
2019,49620,16,0.004338
2019,49660,16,-0.009286
2019,49740,16,-0.007077
2019,10180,17,-0.003743
2019,10420,17,0.001246
2019,10580,17,0.001552
2019,10740,17,-0.000148
2019,10780,17,-0.009607
2019,10900,17,0.005922
2019,11020,17,-0.011308
2019,11260,17,-0.002887
2019,11460,17,-0.0067
2019,11500,17,-0.001283
2019,11540,17,0.004975
2019,11700,17,-0.008788
2019,12020,17,0.002268
2019,12100,17,0.010807
2019,12220,17,0.005474
2019,12420,17,-0.010583
2019,12540,17,0.006073
2019,12580,17,-0.003096
2019,12620,17,0.001265
2019,12700,17,-0.004398
2019,12980,17,-0.001185
2019,13020,17,0.002281
2019,13380,17,0.014428
2019,13460,17,-0.000757
2019,13780,17,0.000161
2019,14260,17,0.015567
2019,14500,17,-0.024321
2019,14740,17,0.007259
2019,14860,17,-0.00087
2019,15180,17,-0.003905
2019,15260,17,-0.006657
2019,15380,17,-0.003058
2019,15500,17,0.019256
2019,15540,17,0.005551
2019,15940,17,-0.002703
2019,15980,17,-0.010059
2019,16020,17,0.002323
2019,16180,17,-0.010135
2019,16220,17,-0.008905
2019,16300,17,0.003725
2019,16700,17,-0.010419
2019,16860,17,0.004812
2019,16940,17,-0.004521
2019,17020,17,0.010655
2019,17420,17,0.010479
2019,17660,17,0.010518
2019,17780,17,-0.008873
2019,17820,17,0.010075
2019,17900,17,0.005774
2019,18020,17,0.001413
2019,18700,17,-0.001706
2019,19340,17,-0.004296
2019,19460,17,-0.004371
2019,19500,17,-0.005937
2019,19740,17,-0.017661
2019,20020,17,-0.001018
2019,20100,17,0.008516
2019,20220,17,-0.006997
2019,20740,17,0.004614
2019,20940,17,-0.013475
2019,21140,17,0.00215
2019,21300,17,-0.00387
2019,21500,17,-0.004707
2019,21660,17,0.00594
2019,21820,17,-0.000489
2019,22020,17,-0.009612
2019,22140,17,-0.01692
2019,22380,17,-0.004208
2019,22420,17,-0.010786
2019,22500,17,-0.003201
2019,22520,17,-0.010107
2019,22540,17,0.011236
2019,22660,17,-0.010655
2019,23420,17,0.003915
2019,23460,17,-0.001598
2019,23580,17,-0.006405
2019,24020,17,-0.004557
2019,24220,17,-0.026717
2019,24300,17,0.010662
2019,24500,17,-0.002155
2019,24540,17,-0.002635
2019,24580,17,0.00341
2019,24660,17,0.006068
2019,25420,17,0.006989
2019,25500,17,0.000908
2019,25540,17,-0.000792
2019,25860,17,0.004273
2019,25980,17,0.003669
2019,26300,17,0.006579
2019,26380,17,-0.009345
2019,26620,17,0.013234
2019,26980,17,0.004634
2019,27060,17,-0.016781
2019,27100,17,-0.008068
2019,27260,17,0.002945
2019,27340,17,0.028653
2019,27500,17,0.001896
2019,27740,17,0.000495
2019,27780,17,-0.013744
2019,27860,17,0.007839
2019,27900,17,0.005279
2019,28100,17,0.000989
2019,28420,17,0.02076
2019,28660,17,0.016174
2019,28700,17,0.000231
2019,28740,17,0.00782
2019,29100,17,-0.00403
2019,29340,17,-0.013314
2019,29420,17,0.004442
2019,29460,17,0.014451
2019,29540,17,0.002815
2019,29700,17,-0.001787
2019,29740,17,0.011942
2019,29820,17,0.007816
2019,29940,17,0.003364
2019,30140,17,0.012969
2019,30300,17,-0.008925
2019,30340,17,0.000128
2019,30460,17,-0.000743
2019,30620,17,-0.003408
2019,30700,17,0.00049
2019,30780,17,0.000717
2019,30860,17,0.011168
2019,31020,17,0.013039
2019,31420,17,0.009867
2019,31700,17,-0.000949
2019,31860,17,-0.000523
2019,32580,17,0.00111
2019,32780,17,0.002349
2019,32900,17,-0.001984
2019,33140,17,0.007265
2019,33340,17,-0.000714
2019,33540,17,-0.003446
2019,33700,17,-0.008535
2019,33780,17,-5.8e-05
2019,33860,17,-0.005765
2019,34060,17,-0.006148
2019,34580,17,0.011595
2019,34620,17,-0.001113
2019,34740,17,-0.009795
2019,34940,17,-0.017785
2019,35300,17,0.001658
2019,35660,17,-0.009331
2019,35840,17,-0.010973
2019,35980,17,-0.003935
2019,36100,17,0.004181
2019,36220,17,0.032831
2019,36420,17,-0.001883
2019,36500,17,0.02032
2019,36540,17,0.003892
2019,36740,17,0.000111
2019,36780,17,0.006398
2019,36980,17,-0.005387
2019,37100,17,-0.006296
2019,37340,17,-0.017661
2019,37860,17,0.007161
2019,38060,17,0.001844
2019,38300,17,-0.006015
2019,38340,17,0.006181
2019,38860,17,-0.001122
2019,38900,17,-0.016065
2019,38940,17,-0.015948
2019,39300,17,-0.003309
2019,39340,17,0.008173
2019,39380,17,0.000512
2019,39460,17,-0.008716
2019,39540,17,0.007432
2019,39580,17,0.005689
2019,39740,17,0.005866
2019,39820,17,0.004186
2019,39900,17,-0.012961
2019,40140,17,-0.000331
2019,40420,17,0.004063
2019,40660,17,0.004674
2019,40900,17,-0.000132
2019,40980,17,-0.001148
2019,41060,17,0.001748
2019,41100,17,0.021999
2019,41140,17,0.004713
2019,41420,17,0.005718
2019,41500,17,-0.015041
2019,41700,17,-0.003814
2019,41740,17,-0.000465
2019,41940,17,-0.004513
2019,42020,17,-0.003213
2019,42100,17,-0.01725
2019,42140,17,0.004267
2019,42220,17,-0.019289
2019,42340,17,-0.002121
2019,42540,17,0.003695
2019,42680,17,-0.01203
2019,43100,17,0.004694
2019,43620,17,0.006174
2019,43780,17,0.005249
2019,44100,17,-0.009307
2019,44180,17,0.006352
2019,44220,17,0.004222
2019,44300,17,-0.002951
2019,44700,17,-0.000205
2019,45060,17,0.002731
2019,45220,17,-0.002931
2019,45820,17,-0.003311
2019,45940,17,0.007418
2019,46060,17,0.003435
2019,46140,17,-0.005812
2019,46340,17,0.00505
2019,46540,17,0.001318
2019,46660,17,0.014655
2019,46700,17,-0.013193
2019,47220,17,-0.003261
2019,47300,17,-0.00222
2019,47940,17,0.001331
2019,48300,17,0.007327
2019,48540,17,-0.014219
2019,48660,17,-0.001473
2019,48700,17,-0.003907
2019,49020,17,0.003204
2019,49420,17,0.016843
2019,49620,17,0.002862
2019,49660,17,-0.004774
2019,49740,17,0.003746
2019,10180,18,-0.005549
2019,10420,18,-0.000777
2019,10580,18,-0.002234
2019,10740,18,-0.007964
2019,10780,18,-0.015249
2019,10900,18,0.008465
2019,11020,18,-0.007544
2019,11260,18,-0.019596
2019,11460,18,-0.000701
2019,11500,18,-0.002855
2019,11540,18,0.005141
2019,11700,18,-0.007945
2019,12020,18,0.004895
2019,12100,18,0.002982
2019,12220,18,0.008235
2019,12420,18,-0.00251
2019,12540,18,0.008645
2019,12580,18,-0.011437
2019,12620,18,-0.001666
2019,12700,18,-0.000363
2019,12980,18,0.002446
2019,13020,18,0.001691
2019,13380,18,0.010284
2019,13460,18,0.004878
2019,13780,18,-0.002723
2019,14260,18,0.018742
2019,14500,18,-0.018831
2019,14740,18,0.00554
2019,14860,18,-0.003323
2019,15180,18,-0.005018
2019,15260,18,-0.004687
2019,15380,18,-0.002349
2019,15500,18,0.016749
2019,15540,18,0.003331
2019,15940,18,-0.005666
2019,15980,18,0.00159
2019,16020,18,0.006857
2019,16180,18,-0.000457
2019,16220,18,-0.018825
2019,16300,18,0.000298
2019,16700,18,-0.006189
2019,16860,18,0.001505
2019,16940,18,-0.012393
2019,17020,18,0.003126
2019,17420,18,0.012409
2019,17660,18,0.012589
2019,17780,18,-0.007122
2019,17820,18,0.011172
2019,17900,18,0.001577
2019,18020,18,-0.001923
2019,18700,18,-0.006653
2019,19340,18,-0.009368
2019,19460,18,-0.003161
2019,19500,18,-0.014067
2019,19740,18,-0.013027
2019,20020,18,-0.001886
2019,20100,18,0.001496
2019,20220,18,-0.010329
2019,20740,18,0.004247
2019,20940,18,-0.009383
2019,21140,18,0.003784
2019,21300,18,-0.004352
2019,21500,18,-0.005733
2019,21660,18,0.000806
2019,21820,18,-0.014104
2019,22020,18,-0.004534
2019,22140,18,-0.029096
2019,22380,18,-0.005611
2019,22420,18,-0.005893
2019,22500,18,-0.011425
2019,22520,18,-0.013483
2019,22540,18,0.010878
2019,22660,18,-0.005199
2019,23420,18,0.002334
2019,23460,18,-0.00498
2019,23580,18,-0.001355
2019,24020,18,-0.005877
2019,24220,18,-0.020217
2019,24300,18,0.006674
2019,24500,18,-0.012799
2019,24540,18,0.0067
2019,24580,18,0.004233
2019,24660,18,0.000549
2019,25420,18,0.005322
2019,25500,18,-0.004279
2019,25540,18,-0.005654
2019,25860,18,0.004502
2019,25980,18,-0.002655
2019,26300,18,0.006385
2019,26380,18,-0.016309
2019,26620,18,0.012706
2019,26980,18,0.000511
2019,27060,18,-0.009864
2019,27100,18,0.001032
2019,27260,18,0.005084
2019,27340,18,0.022657
2019,27500,18,0.004754
2019,27740,18,0.002117
2019,27780,18,-0.014371
2019,27860,18,0.004158
2019,27900,18,0.001151
2019,28100,18,-0.004207
2019,28420,18,0.016373
2019,28660,18,0.016291
2019,28700,18,-0.002561
2019,28740,18,0.009431
2019,29100,18,-0.007021
2019,29340,18,-0.016244
2019,29420,18,0.004274
2019,29460,18,0.022874
2019,29540,18,0.006496
2019,29700,18,-0.001659
2019,29740,18,0.002182
2019,29820,18,0.023397
2019,29940,18,0.002866
2019,30140,18,0.015107
2019,30300,18,-0.008134
2019,30340,18,0.001674
2019,30460,18,0.001922
2019,30620,18,-0.002795
2019,30700,18,0.000414
2019,30780,18,-0.004748
2019,30860,18,0.014096
2019,31020,18,0.014371
2019,31420,18,0.004666
2019,31700,18,0.003454
2019,31860,18,-0.00052
2019,32580,18,0.000139
2019,32780,18,0.000183
2019,32900,18,0.013867
2019,33140,18,0.002758
2019,33340,18,-0.003168
2019,33540,18,-0.010623
2019,33700,18,0.010026
2019,33780,18,0.006836
2019,33860,18,-0.008889
2019,34060,18,-0.011668
2019,34580,18,0.010414
2019,34620,18,-0.001981
2019,34740,18,-0.000937
2019,34940,18,-0.003676
2019,35300,18,-0.001612
2019,35660,18,-0.006691
2019,35840,18,6.9e-05
2019,35980,18,-0.003198
2019,36100,18,0.007467
2019,36220,18,0.035418
2019,36420,18,-0.003227
2019,36500,18,0.018471
2019,36540,18,0.004414
2019,36740,18,0.00654
2019,36780,18,0.005172
2019,36980,18,-0.002911
2019,37100,18,-0.009579
2019,37340,18,-0.002608
2019,37860,18,0.008703
2019,38060,18,0.011465
2019,38300,18,-0.006087
2019,38340,18,0.004424
2019,38860,18,0.001054
2019,38900,18,-0.017307
2019,38940,18,0.000904
2019,39300,18,0.001101
2019,39340,18,0.005426
2019,39380,18,0.00376
2019,39460,18,0.003445
2019,39540,18,0.00896
2019,39580,18,0.004814
2019,39740,18,0.009711
2019,39820,18,-0.000904
2019,39900,18,-0.001254
2019,40140,18,0.006307
2019,40420,18,0.003521
2019,40660,18,0.002476
2019,40900,18,0.004416
2019,40980,18,-0.003816
2019,41060,18,0.009854
2019,41100,18,0.021837
2019,41140,18,0.008133
2019,41420,18,0.006756
2019,41500,18,-0.009195
2019,41700,18,0.001464
2019,41740,18,-0.00353
2019,41940,18,-0.007855
2019,42020,18,-0.005927
2019,42100,18,-0.018755
2019,42140,18,-0.00042
2019,42220,18,-0.017914
2019,42340,18,-0.006852
2019,42540,18,0.001487
2019,42680,18,0.004453
2019,43100,18,0.007941
2019,43620,18,0.004737
2019,43780,18,0.004523
2019,44100,18,-0.016173
2019,44180,18,0.007281
2019,44220,18,0.002584
2019,44300,18,-9.7e-05
2019,44700,18,0.01416
2019,45060,18,0.00018
2019,45220,18,-0.00494
2019,45820,18,-0.006352
2019,45940,18,0.005308
2019,46060,18,0.00257
2019,46140,18,-0.007955
2019,46340,18,0.005878
2019,46540,18,-0.000983
2019,46660,18,0.003455
2019,46700,18,0.001085
2019,47220,18,-0.003747
2019,47300,18,-0.0037
2019,47940,18,-0.003663
2019,48300,18,-0.000311
2019,48540,18,-0.023166
2019,48660,18,0.003003
2019,48700,18,-0.006824
2019,49020,18,0.000374
2019,49420,18,0.006388
2019,49620,18,0.006675
2019,49660,18,-0.008217
2019,49740,18,-0.00213
2019,10180,19,-0.005714
2019,10420,19,-0.000826
2019,10580,19,-0.002218
2019,10740,19,-0.007818
2019,10780,19,-0.015344
2019,10900,19,0.008687
2019,11020,19,-0.006215
2019,11260,19,-0.017472
2019,11460,19,-0.001452
2019,11500,19,-0.003279
2019,11540,19,0.005652
2019,11700,19,-0.007882
2019,12020,19,0.005055
2019,12100,19,0.003846
2019,12220,19,0.008885
2019,12420,19,-0.002186
2019,12540,19,0.006908
2019,12580,19,-0.010531
2019,12620,19,-0.001662
2019,12700,19,9e-06
2019,12980,19,0.001956
2019,13020,19,0.000668
2019,13380,19,0.012941
2019,13460,19,0.005985
2019,13780,19,-0.002327
2019,14260,19,0.021205
2019,14500,19,-0.021302
2019,14740,19,0.006652
2019,14860,19,-0.003627
2019,15180,19,-0.006573
2019,15260,19,-0.005709
2019,15380,19,-0.002496
2019,15500,19,0.017787
2019,15540,19,0.004899
2019,15940,19,-0.005516
2019,15980,19,-0.001007
2019,16020,19,0.010088
2019,16180,19,-0.003539
2019,16220,19,-0.019042
2019,16300,19,0.000131
2019,16700,19,-0.006007
2019,16860,19,0.002323
2019,16940,19,-0.011131
2019,17020,19,0.005297
2019,17420,19,0.012745
2019,17660,19,0.014567
2019,17780,19,-0.006677
2019,17820,19,0.011723
2019,17900,19,0.002439
2019,18020,19,-0.000819
2019,18700,19,-0.003901
2019,19340,19,-0.008923
2019,19460,19,-0.005205
2019,19500,19,-0.015256
2019,19740,19,-0.013778
2019,20020,19,-0.001883
2019,20100,19,0.003415
2019,20220,19,-0.01075
2019,20740,19,0.004969
2019,20940,19,-0.011495
2019,21140,19,0.00378
2019,21300,19,-0.00241
2019,21500,19,-0.005978
2019,21660,19,0.003488
2019,21820,19,-0.011235
2019,22020,19,-0.005557
2019,22140,19,-0.03022
2019,22380,19,-0.005437
2019,22420,19,-0.007549
2019,22500,19,-0.010861
2019,22520,19,-0.0135
2019,22540,19,0.010617
2019,22660,19,-0.006122
2019,23420,19,0.002417
2019,23460,19,-0.005046
2019,23580,19,-0.002574
2019,24020,19,-0.006787
2019,24220,19,-0.023803
2019,24300,19,0.007683
2019,24500,19,-0.012189
2019,24540,19,0.006484
2019,24580,19,0.004257
2019,24660,19,0.001402
2019,25420,19,0.005551
2019,25500,19,-0.003444
2019,25540,19,-0.005789
2019,25860,19,0.005337
2019,25980,19,-0.003166
2019,26300,19,0.004915
2019,26380,19,-0.016547
2019,26620,19,0.014265
2019,26980,19,0.001245
2019,27060,19,-0.012662
2019,27100,19,0.000551
2019,27260,19,0.006313
2019,27340,19,0.024714
2019,27500,19,0.003939
2019,27740,19,0.002712
2019,27780,19,-0.016159
2019,27860,19,0.004591
2019,27900,19,0.000781
2019,28100,19,-0.003854
2019,28420,19,0.019704
2019,28660,19,0.016879
2019,28700,19,-0.000287
2019,28740,19,0.00845
2019,29100,19,-0.006299
2019,29340,19,-0.016092
2019,29420,19,0.004028
2019,29460,19,0.023462
2019,29540,19,0.007276
2019,29700,19,-0.002162
2019,29740,19,0.003105
2019,29820,19,0.020589
2019,29940,19,0.001426
2019,30140,19,0.015399
2019,30300,19,-0.006311
2019,30340,19,0.001194
2019,30460,19,0.001647
2019,30620,19,-0.002702
2019,30700,19,0.000226
2019,30780,19,-0.004723
2019,30860,19,0.014512
2019,31020,19,0.01565
2019,31420,19,0.005067
2019,31700,19,0.002857
2019,31860,19,-0.001243
2019,32580,19,-0.000263
2019,32780,19,0.001406
2019,32900,19,0.009092
2019,33140,19,0.003513
2019,33340,19,-0.003193
2019,33540,19,-0.009425
2019,33700,19,0.006197
2019,33780,19,0.007246
2019,33860,19,-0.009355
2019,34060,19,-0.011277
2019,34580,19,0.012159
2019,34620,19,-0.000714
2019,34740,19,-0.001277
2019,34940,19,-0.006843
2019,35300,19,-0.001622
2019,35660,19,-0.007012
2019,35840,19,-0.001734
2019,35980,19,-0.003985
2019,36100,19,0.007049
2019,36220,19,0.037157
2019,36420,19,-0.003165
2019,36500,19,0.020643
2019,36540,19,0.004198
2019,36740,19,0.007089
2019,36780,19,0.005431
2019,36980,19,-0.003317
2019,37100,19,-0.010506
2019,37340,19,-0.006276
2019,37860,19,0.009183
2019,38060,19,0.008748
2019,38300,19,-0.005626
2019,38340,19,0.005351
2019,38860,19,0.001326
2019,38900,19,-0.016534
2019,38940,19,-0.002786
2019,39300,19,-0.000283
2019,39340,19,0.008129
2019,39380,19,0.001857
2019,39460,19,0.000538
2019,39540,19,0.00882
2019,39580,19,0.007141
2019,39740,19,0.010278
2019,39820,19,-0.000504
2019,39900,19,-0.003745
2019,40140,19,0.004156
2019,40420,19,0.002199
2019,40660,19,0.001697
2019,40900,19,0.00242
2019,40980,19,-0.004056
2019,41060,19,0.010521
2019,41100,19,0.02512
2019,41140,19,0.010076
2019,41420,19,0.008225
2019,41500,19,-0.012688
2019,41700,19,0.00093
2019,41740,19,-0.003527
2019,41940,19,-0.006179
2019,42020,19,-0.005887
2019,42100,19,-0.019821
2019,42140,19,-0.000735
2019,42220,19,-0.019559
2019,42340,19,-0.005451
2019,42540,19,0.001642
2019,42680,19,0.000999
2019,43100,19,0.008667
2019,43620,19,0.006343
2019,43780,19,0.005294
2019,44100,19,-0.015999
2019,44180,19,0.006599
2019,44220,19,0.002463
2019,44300,19,0.000488
2019,44700,19,0.009754
2019,45060,19,0.000223
2019,45220,19,-0.004904
2019,45820,19,-0.007653
2019,45940,19,0.005115
2019,46060,19,0.001943
2019,46140,19,-0.00854
2019,46340,19,0.005326
2019,46540,19,-0.000898
2019,46660,19,0.005494
2019,46700,19,-0.003854
2019,47220,19,-0.005397
2019,47300,19,-0.0044
2019,47940,19,-0.003304
2019,48300,19,0.002892
2019,48540,19,-0.02557
2019,48660,19,0.00481
2019,48700,19,-0.007362
2019,49020,19,0.000463
2019,49420,19,0.008638
2019,49620,19,0.006805
2019,49660,19,-0.008564
2019,49740,19,-0.002117
2020,10180,0,-0.00643
2020,10420,0,0.000113
2020,10580,0,-0.003459
2020,10740,0,-0.002483
2020,10780,0,-0.014247
2020,10900,0,0.006991
2020,11020,0,-0.006751
2020,11260,0,-0.007804
2020,11460,0,-0.011118
2020,11500,0,-0.00797
2020,11540,0,0.001417
2020,11700,0,-0.014928
2020,12020,0,-0.000433
2020,12100,0,0.014537
2020,12220,0,-0.002577
2020,12420,0,0.005888
2020,12540,0,0.019603
2020,12580,0,-0.008268
2020,12620,0,0.004064
2020,12700,0,-0.005766
2020,12980,0,0.003925
2020,13020,0,0.000509
2020,13380,0,0.006341
2020,13460,0,0.018299
2020,13780,0,-0.003199
2020,14260,0,0.014931
2020,14500,0,-0.027274
2020,14740,0,-0.006771
2020,14860,0,0.003329
2020,15180,0,0.000942
2020,15260,0,-0.009938
2020,15380,0,-0.007247
2020,15500,0,0.012845
2020,15540,0,-0.004977
2020,15940,0,-0.000643
2020,15980,0,0.008501
2020,16020,0,-0.001677
2020,16180,0,5.4e-05
2020,16220,0,0.006141
2020,16300,0,0.002056
2020,16700,0,-0.004183
2020,16860,0,-0.002159
2020,16940,0,-0.007614
2020,17020,0,-0.050334
2020,17420,0,0.003082
2020,17660,0,0.012865
2020,17780,0,-0.009384
2020,17820,0,-0.005423
2020,17900,0,-0.001239
2020,18020,0,0.011341
2020,18700,0,-0.005972
2020,19340,0,-0.006041
2020,19460,0,0.001945
2020,19500,0,-0.001075
2020,19740,0,-0.017795
2020,20020,0,0.005792
2020,20100,0,0.004515
2020,20220,0,0.001147
2020,20740,0,-0.001485
2020,20940,0,-0.000812
2020,21140,0,-0.001409
2020,21300,0,-0.001793
2020,21500,0,-0.005835
2020,21660,0,-0.000337
2020,21820,0,-0.026604
2020,22020,0,-0.007041
2020,22140,0,-0.016559
2020,22380,0,-0.00739
2020,22420,0,-0.001937
2020,22500,0,-0.011217
2020,22520,0,-0.001653
2020,22540,0,0.004624
2020,22660,0,-0.00987
2020,23420,0,0.011228
2020,23460,0,-0.005472
2020,23580,0,0.001595
2020,24020,0,-0.000432
2020,24220,0,-0.019952
2020,24300,0,-0.003513
2020,24500,0,-0.020134
2020,24540,0,0.004561
2020,24580,0,0.001709
2020,24660,0,0.001534
2020,25420,0,0.006885
2020,25500,0,-0.007897
2020,25540,0,0.003001
2020,25860,0,-0.000193
2020,25980,0,0.019019
2020,26300,0,0.003652
2020,26380,0,-0.013766
2020,26620,0,0.017489
2020,26980,0,-0.005139
2020,27060,0,-0.005451
2020,27100,0,0.001155
2020,27260,0,0.002095
2020,27340,0,0.008171
2020,27500,0,0.001214
2020,27740,0,-0.000477
2020,27780,0,-0.002815
2020,27860,0,0.000272
2020,27900,0,0.008147
2020,28100,0,0.004171
2020,28420,0,0.004367
2020,28660,0,0.017121
2020,28700,0,-0.005475
2020,28740,0,0.004033
2020,29100,0,-0.006992
2020,29340,0,-0.016105
2020,29420,0,0.01007
2020,29460,0,0.014217
2020,29540,0,0.002607
2020,29700,0,-0.000913
2020,29740,0,0.000694
2020,29820,0,0.017807
2020,29940,0,0.008765
2020,30140,0,0.006414
2020,30300,0,-0.006398
2020,30340,0,0.005042
2020,30460,0,-0.006946
2020,30620,0,-0.00479
2020,30700,0,-0.001379
2020,30780,0,-0.001523
2020,30860,0,0.003591
2020,31020,0,0.006802
2020,31420,0,-5.8e-05
2020,31700,0,0.003349
2020,31860,0,-0.000536
2020,32580,0,-0.000428
2020,32780,0,0.001703
2020,32900,0,0.024511
2020,33140,0,0.000691
2020,33340,0,-0.001567
2020,33540,0,-0.005798
2020,33700,0,0.012107
2020,33780,0,0.002338
2020,33860,0,0.000484
2020,34060,0,-0.013501
2020,34580,0,-0.003122
2020,34620,0,0.002839
2020,34740,0,-0.003904
2020,34940,0,0.005492
2020,35300,0,0.002696
2020,35660,0,-0.004251
2020,35840,0,0.003825
2020,35980,0,-0.002139
2020,36100,0,0.012246
2020,36220,0,0.029334
2020,36420,0,0.002682
2020,36500,0,0.005528
2020,36540,0,0.005297
2020,36740,0,-0.003803
2020,36780,0,0.005158
2020,36980,0,-0.004413
2020,37100,0,-0.00243
2020,37340,0,-0.006013
2020,37860,0,0.008771
2020,38060,0,0.01392
2020,38300,0,-0.00581
2020,38340,0,-0.008881
2020,38860,0,0.000525
2020,38900,0,-0.012313
2020,38940,0,0.001029
2020,39300,0,-0.00096
2020,39340,0,0.005122
2020,39380,0,-0.006877
2020,39460,0,0.009512
2020,39540,0,0.000189
2020,39580,0,0.003046
2020,39740,0,0.004002
2020,39820,0,0.008703
2020,39900,0,0.000151
2020,40140,0,0.012354
2020,40420,0,0.000946
2020,40660,0,0.002527
2020,40900,0,0.009104
2020,40980,0,0.007003
2020,41060,0,0.010427
2020,41100,0,0.026719
2020,41140,0,-0.007033
2020,41420,0,-0.008579
2020,41500,0,0.004562
2020,41700,0,-0.001325
2020,41740,0,-0.002966
2020,41940,0,-0.020569
2020,42020,0,-0.005067
2020,42100,0,-0.011491
2020,42140,0,0.001971
2020,42220,0,-0.021474
2020,42340,0,-0.001462
2020,42540,0,0.002713
2020,42680,0,0.001743
2020,43100,0,8.7e-05
2020,43620,0,0.007101
2020,43780,0,-7.2e-05
2020,44100,0,-0.009756
2020,44180,0,0.008588
2020,44220,0,-0.00058
2020,44300,0,-0.006069
2020,44700,0,0.019227
2020,45060,0,-0.001798
2020,45220,0,0.00053
2020,45820,0,-0.001753
2020,45940,0,0.004893
2020,46060,0,0.00866
2020,46140,0,-0.002529
2020,46340,0,0.005801
2020,46540,0,-0.005922
2020,46660,0,0.006382
2020,46700,0,0.008178
2020,47220,0,0.000272
2020,47300,0,0.006865
2020,47940,0,-0.004133
2020,48300,0,-0.006418
2020,48540,0,-0.018315
2020,48660,0,-0.00044
2020,48700,0,-0.004631
2020,49020,0,0.004173
2020,49420,0,-0.0033
2020,49620,0,0.006372
2020,49660,0,-0.002996
2020,49740,0,0.008138
2020,10180,1,-0.006254
2020,10420,1,-0.000151
2020,10580,1,-0.003305
2020,10740,1,-0.000413
2020,10780,1,-0.012384
2020,10900,1,0.005597
2020,11020,1,-0.005778
2020,11260,1,-0.003474
2020,11460,1,-0.011478
2020,11500,1,-0.006929
2020,11540,1,0.001403
2020,11700,1,-0.01428
2020,12020,1,-0.000947
2020,12100,1,0.013998
2020,12220,1,-0.002662
2020,12420,1,0.004601
2020,12540,1,0.019018
2020,12580,1,-0.006457
2020,12620,1,0.004293
2020,12700,1,-0.006032
2020,12980,1,0.003278
2020,13020,1,0.00075
2020,13380,1,0.005812
2020,13460,1,0.015356
2020,13780,1,-0.001694
2020,14260,1,0.012555
2020,14500,1,-0.025538
2020,14740,1,-0.007192
2020,14860,1,0.003641
2020,15180,1,0.001777
2020,15260,1,-0.009607
2020,15380,1,-0.007972
2020,15500,1,0.012325
2020,15540,1,-0.003938
2020,15940,1,-0.000447
2020,15980,1,0.005815
2020,16020,1,0.000228
2020,16180,1,-0.00383
2020,16220,1,0.009326
2020,16300,1,0.001838
2020,16700,1,-0.004882
2020,16860,1,-0.001525
2020,16940,1,-0.005341
2020,17020,1,-0.042021
2020,17420,1,0.002335
2020,17660,1,0.011155
2020,17780,1,-0.009791
2020,17820,1,-0.005048
2020,17900,1,4.1e-05
2020,18020,1,0.010573
2020,18700,1,-0.004444
2020,19340,1,-0.004378
2020,19460,1,0.001765
2020,19500,1,0.000872
2020,19740,1,-0.017806
2020,20020,1,0.005253
2020,20100,1,0.005284
2020,20220,1,0.000918
2020,20740,1,-0.001354
2020,20940,1,-0.000967
2020,21140,1,-0.002148
2020,21300,1,-0.000133
2020,21500,1,-0.004826
2020,21660,1,-0.000247
2020,21820,1,-0.020889
2020,22020,1,-0.00593
2020,22140,1,-0.011155
2020,22380,1,-0.007351
2020,22420,1,-0.004108
2020,22500,1,-0.008643
2020,22520,1,-0.001072
2020,22540,1,0.004784
2020,22660,1,-0.010203
2020,23420,1,0.009682
2020,23460,1,-0.004511
2020,23580,1,5.4e-05
2020,24020,1,-1.5e-05
2020,24220,1,-0.016714
2020,24300,1,-0.002698
2020,24500,1,-0.016396
2020,24540,1,0.002071
2020,24580,1,0.001369
2020,24660,1,0.002186
2020,25420,1,0.00581
2020,25500,1,-0.005715
2020,25540,1,0.003841
2020,25860,1,0.001294
2020,25980,1,0.019016
2020,26300,1,0.003748
2020,26380,1,-0.010929
2020,26620,1,0.016378
2020,26980,1,-0.00478
2020,27060,1,-0.004807
2020,27100,1,0.000103
2020,27260,1,0.000327
2020,27340,1,0.011481
2020,27500,1,0.00034
2020,27740,1,-0.000276
2020,27780,1,-0.001094
2020,27860,1,0.00027
2020,27900,1,0.007568
2020,28100,1,0.004864
2020,28420,1,0.005379
2020,28660,1,0.015462
2020,28700,1,-0.002645
2020,28740,1,0.003075
2020,29100,1,-0.005984
2020,29340,1,-0.014391
2020,29420,1,0.00762
2020,29460,1,0.0099
2020,29540,1,0.001347
2020,29700,1,-0.000505
2020,29740,1,0.003039
2020,29820,1,0.012916
2020,29940,1,0.007681
2020,30140,1,0.00589
2020,30300,1,-0.003024
2020,30340,1,0.004243
2020,30460,1,-0.007167
2020,30620,1,-0.003845
2020,30700,1,-0.00233
2020,30780,1,-0.000857
2020,30860,1,0.003611
2020,31020,1,0.004791
2020,31420,1,0.00078
2020,31700,1,0.001468
2020,31860,1,-0.00141
2020,32580,1,-0.000458
2020,32780,1,0.000793
2020,32900,1,0.020101
2020,33140,1,0.001162
2020,33340,1,-0.001727
2020,33540,1,-0.00416
2020,33700,1,0.009986
2020,33780,1,0.000944
2020,33860,1,0.000911
2020,34060,1,-0.010419
2020,34580,1,-0.003715
2020,34620,1,0.003592
2020,34740,1,-0.005006
2020,34940,1,0.003583
2020,35300,1,0.003487
2020,35660,1,-0.003635
2020,35840,1,0.001404
2020,35980,1,-0.001624
2020,36100,1,0.00928
2020,36220,1,0.029099
2020,36420,1,0.002275
2020,36500,1,0.004881
2020,36540,1,0.0039
2020,36740,1,-0.005297
2020,36780,1,0.004747
2020,36980,1,-0.004813
2020,37100,1,-0.001668
2020,37340,1,-0.009683
2020,37860,1,0.006836
2020,38060,1,0.011329
2020,38300,1,-0.006168
2020,38340,1,-0.007193
2020,38860,1,-0.000352
2020,38900,1,-0.011405
2020,38940,1,-0.003363
2020,39300,1,-0.002622
2020,39340,1,0.004503
2020,39380,1,-0.00698
2020,39460,1,0.005852
2020,39540,1,-0.000226
2020,39580,1,0.003124
2020,39740,1,0.003097
2020,39820,1,0.008585
2020,39900,1,-0.003059
2020,40140,1,0.01098
2020,40420,1,0.001034
2020,40660,1,0.002363
2020,40900,1,0.007176
2020,40980,1,0.006532
2020,41060,1,0.008606
2020,41100,1,0.023904
2020,41140,1,-0.005321
2020,41420,1,-0.009316
2020,41500,1,0.003016
2020,41700,1,-0.002844
2020,41740,1,-0.002702
2020,41940,1,-0.018842
2020,42020,1,-0.00439
2020,42100,1,-0.010867
2020,42140,1,0.002997
2020,42220,1,-0.019861
2020,42340,1,-0.000857
2020,42540,1,0.002929
2020,42680,1,-0.00206
2020,43100,1,0.000244
2020,43620,1,0.005677
2020,43780,1,-0.000556
2020,44100,1,-0.007447
2020,44180,1,0.006986
2020,44220,1,-0.000196
2020,44300,1,-0.005736
2020,44700,1,0.015665
2020,45060,1,-0.002199
2020,45220,1,0.00066
2020,45820,1,-0.001911
2020,45940,1,0.004028
2020,46060,1,0.008077
2020,46140,1,-0.002458
2020,46340,1,0.004154
2020,46540,1,-0.005914
2020,46660,1,0.008425
2020,46700,1,0.006163
2020,47220,1,0.000546
2020,47300,1,0.006535
2020,47940,1,-0.003368
2020,48300,1,-0.005285
2020,48540,1,-0.015194
2020,48660,1,0.000776
2020,48700,1,-0.003389
2020,49020,1,0.004205
2020,49420,1,-0.001505
2020,49620,1,0.005071
2020,49660,1,-0.002533
2020,49740,1,0.007997
2020,10180,2,-0.007134
2020,10420,2,-0.001043
2020,10580,2,-0.004541
2020,10740,2,-0.003476
2020,10780,2,-0.016597
2020,10900,2,0.005891
2020,11020,2,-0.005999
2020,11260,2,-0.00777
2020,11460,2,-0.012046
2020,11500,2,-0.008086
2020,11540,2,0.002089
2020,11700,2,-0.013234
2020,12020,2,0.001064
2020,12100,2,0.013833
2020,12220,2,-0.002367
2020,12420,2,0.009223
2020,12540,2,0.017523
2020,12580,2,-0.010228
2020,12620,2,0.004874
2020,12700,2,-0.005183
2020,12980,2,0.004528
2020,13020,2,-0.001096
2020,13380,2,0.009277
2020,13460,2,0.019287
2020,13780,2,-0.002886
2020,14260,2,0.019408
2020,14500,2,-0.026222
2020,14740,2,-0.004464
2020,14860,2,0.001482
2020,15180,2,0.001216
2020,15260,2,-0.010251
2020,15380,2,-0.00613
2020,15500,2,0.012784
2020,15540,2,-0.004054
2020,15940,2,-0.00111
2020,15980,2,0.006133
2020,16020,2,0.001243
2020,16180,2,-0.002752
2020,16220,2,0.006047
2020,16300,2,0.000102
2020,16700,2,-0.002883
2020,16860,2,-0.000905
2020,16940,2,-0.006131
2020,17020,2,-0.043231
2020,17420,2,0.003601
2020,17660,2,0.01623
2020,17780,2,-0.009688
2020,17820,2,-0.004007
2020,17900,2,-0.000605
2020,18020,2,0.011877
2020,18700,2,-0.002821
2020,19340,2,-0.006673
2020,19460,2,0.00172
2020,19500,2,-0.002146
2020,19740,2,-0.017251
2020,20020,2,0.004556
2020,20100,2,0.003208
2020,20220,2,0.000492
2020,20740,2,-0.000615
2020,20940,2,-0.002515
2020,21140,2,-0.001199
2020,21300,2,4.6e-05
2020,21500,2,-0.005681
2020,21660,2,0.001604
2020,21820,2,-0.025966
2020,22020,2,-0.00667
2020,22140,2,-0.018562
2020,22380,2,-0.009195
2020,22420,2,-0.004178
2020,22500,2,-0.013073
2020,22520,2,-0.001599
2020,22540,2,0.004312
2020,22660,2,-0.009499
2020,23420,2,0.008776
2020,23460,2,-0.006351
2020,23580,2,0.001114
2020,24020,2,-0.001106
2020,24220,2,-0.018428
2020,24300,2,-0.002845
2020,24500,2,-0.02131
2020,24540,2,0.004618
2020,24580,2,0.001503
2020,24660,2,0.001477
2020,25420,2,0.005667
2020,25500,2,-0.008224
2020,25540,2,0.001792
2020,25860,2,0.003125
2020,25980,2,0.016676
2020,26300,2,0.002995
2020,26380,2,-0.014806
2020,26620,2,0.018809
2020,26980,2,-0.006709
2020,27060,2,-0.006181
2020,27100,2,0.002024
2020,27260,2,0.001958
2020,27340,2,0.012401
2020,27500,2,0.002207
2020,27740,2,0.000525
2020,27780,2,-0.001566
2020,27860,2,-0.002338
2020,27900,2,0.007149
2020,28100,2,0.003868
2020,28420,2,0.009828
2020,28660,2,0.0179
2020,28700,2,-0.00242
2020,28740,2,0.004512
2020,29100,2,-0.006009
2020,29340,2,-0.017034
2020,29420,2,0.008669
2020,29460,2,0.013204
2020,29540,2,0.002706
2020,29700,2,-0.001047
2020,29740,2,-0.000926
2020,29820,2,0.013921
2020,29940,2,0.008264
2020,30140,2,0.00592
2020,30300,2,-0.001513
2020,30340,2,0.005945
2020,30460,2,-0.007074
2020,30620,2,-0.004435
2020,30700,2,-0.001488
2020,30780,2,-0.003546
2020,30860,2,0.006146
2020,31020,2,0.009859
2020,31420,2,-0.001377
2020,31700,2,0.003132
2020,31860,2,-0.001714
2020,32580,2,-0.001834
2020,32780,2,0.00051
2020,32900,2,0.020444
2020,33140,2,0.001536
2020,33340,2,-0.002514
2020,33540,2,-0.005188
2020,33700,2,0.010694
2020,33780,2,0.00132
2020,33860,2,-0.001007
2020,34060,2,-0.012558
2020,34580,2,-0.000547
2020,34620,2,0.003697
2020,34740,2,-0.001164
2020,34940,2,0.00454
2020,35300,2,0.002044
2020,35660,2,-0.002904
2020,35840,2,0.002901
2020,35980,2,-0.003144
2020,36100,2,0.011844
2020,36220,2,0.03656
2020,36420,2,0.001909
2020,36500,2,0.007246
2020,36540,2,0.005706
2020,36740,2,-0.003814
2020,36780,2,0.005319
2020,36980,2,-0.003976
2020,37100,2,-0.004839
2020,37340,2,-0.007423
2020,37860,2,0.009597
2020,38060,2,0.01195
2020,38300,2,-0.004682
2020,38340,2,-0.008083
2020,38860,2,0.001764
2020,38900,2,-0.010674
2020,38940,2,-0.001114
2020,39300,2,-0.001818
2020,39340,2,0.006157
2020,39380,2,-0.005741
2020,39460,2,0.008185
2020,39540,2,0.000168
2020,39580,2,0.004901
2020,39740,2,0.003908
2020,39820,2,0.0082
2020,39900,2,-0.002185
2020,40140,2,0.010037
2020,40420,2,-0.000649
2020,40660,2,0.002074
2020,40900,2,0.00622
2020,40980,2,0.007085
2020,41060,2,0.011013
2020,41100,2,0.02584
2020,41140,2,-0.004843
2020,41420,2,-0.006693
2020,41500,2,0.00226
2020,41700,2,-0.000703
2020,41740,2,-0.004992
2020,41940,2,-0.022357
2020,42020,2,-0.007017
2020,42100,2,-0.013191
2020,42140,2,0.002334
2020,42220,2,-0.023923
2020,42340,2,-0.000368
2020,42540,2,0.002511
2020,42680,2,-8e-06
2020,43100,2,0.001191
2020,43620,2,0.007499
2020,43780,2,-0.000219
2020,44100,2,-0.011281
2020,44180,2,0.008649
2020,44220,2,-0.000736
2020,44300,2,-0.003645
2020,44700,2,0.015634
2020,45060,2,-0.0026
2020,45220,2,0.001056
2020,45820,2,-0.003003
2020,45940,2,0.002352
2020,46060,2,0.007237
2020,46140,2,-0.003348
2020,46340,2,0.004142
2020,46540,2,-0.006021
2020,46660,2,0.006249
2020,46700,2,0.005467
2020,47220,2,-0.000176
2020,47300,2,0.005417
2020,47940,2,-0.005583
2020,48300,2,-0.002404
2020,48540,2,-0.01797
2020,48660,2,0.001929
2020,48700,2,-0.004316
2020,49020,2,0.00195
2020,49420,2,0.000649
2020,49620,2,0.005579
2020,49660,2,-0.004191
2020,49740,2,0.00523
2020,10180,3,-0.006977
2020,10420,3,0.000955
2020,10580,3,-0.003643
2020,10740,3,-0.000685
2020,10780,3,-0.013651
2020,10900,3,0.007809
2020,11020,3,-0.006938
2020,11260,3,-0.004977
2020,11460,3,-0.012143
2020,11500,3,-0.00812
2020,11540,3,0.000676
2020,11700,3,-0.016221
2020,12020,3,-6.9e-05
2020,12100,3,0.016691
2020,12220,3,-0.002249
2020,12420,3,0.004737
2020,12540,3,0.021524
2020,12580,3,-0.00638
2020,12620,3,0.003985
2020,12700,3,-0.006134
2020,12980,3,0.004642
2020,13020,3,0.00114
2020,13380,3,0.006457
2020,13460,3,0.017649
2020,13780,3,-0.003572
2020,14260,3,0.016453
2020,14500,3,-0.031521
2020,14740,3,-0.007412
2020,14860,3,0.004246
2020,15180,3,0.001417
2020,15260,3,-0.010337
2020,15380,3,-0.007798
2020,15500,3,0.012636
2020,15540,3,-0.005076
2020,15940,3,0.000856
2020,15980,3,0.006562
2020,16020,3,-0.002115
2020,16180,3,-0.001233
2020,16220,3,0.006778
2020,16300,3,0.00283
2020,16700,3,-0.005612
2020,16860,3,-0.002267
2020,16940,3,-0.005949
2020,17020,3,-0.046877
2020,17420,3,0.002624
2020,17660,3,0.014178
2020,17780,3,-0.012424
2020,17820,3,-0.006199
2020,17900,3,-0.000395
2020,18020,3,0.011663
2020,18700,3,-0.005077
2020,19340,3,-0.005856
2020,19460,3,0.001601
2020,19500,3,-0.000488
2020,19740,3,-0.022009
2020,20020,3,0.006382
2020,20100,3,0.005555
2020,20220,3,0.00158
2020,20740,3,-0.00223
2020,20940,3,-0.000997
2020,21140,3,-0.002003
2020,21300,3,-0.001317
2020,21500,3,-0.006186
2020,21660,3,0.001459
2020,21820,3,-0.026016
2020,22020,3,-0.009574
2020,22140,3,-0.01543
2020,22380,3,-0.007287
2020,22420,3,-0.001546
2020,22500,3,-0.010397
2020,22520,3,-0.001236
2020,22540,3,0.003485
2020,22660,3,-0.013314
2020,23420,3,0.013046
2020,23460,3,-0.005995
2020,23580,3,0.001533
2020,24020,3,-0.00109
2020,24220,3,-0.022975
2020,24300,3,-0.00406
2020,24500,3,-0.02049
2020,24540,3,0.002009
2020,24580,3,0.001114
2020,24660,3,0.002155
2020,25420,3,0.007146
2020,25500,3,-0.007055
2020,25540,3,0.004059
2020,25860,3,3.5e-05
2020,25980,3,0.017657
2020,26300,3,0.003389
2020,26380,3,-0.013211
2020,26620,3,0.018084
2020,26980,3,-0.004964
2020,27060,3,-0.007978
2020,27100,3,0.001369
2020,27260,3,0.003076
2020,27340,3,0.007161
2020,27500,3,0.000525
2020,27740,3,-0.000697
2020,27780,3,-0.002146
2020,27860,3,0.000539
2020,27900,3,0.008903
2020,28100,3,0.004365
2020,28420,3,0.005116
2020,28660,3,0.017835
2020,28700,3,-0.005448
2020,28740,3,0.004012
2020,29100,3,-0.007454
2020,29340,3,-0.017499
2020,29420,3,0.012275
2020,29460,3,0.014342
2020,29540,3,0.002134
2020,29700,3,0.000146
2020,29740,3,0.001548
2020,29820,3,0.015361
2020,29940,3,0.009739
2020,30140,3,0.006216
2020,30300,3,-0.005355
2020,30340,3,0.004493
2020,30460,3,-0.00773
2020,30620,3,-0.005141
2020,30700,3,-0.00171
2020,30780,3,-0.000508
2020,30860,3,0.002418
2020,31020,3,0.008245
2020,31420,3,0.000577
2020,31700,3,0.003491
2020,31860,3,-0.000107
2020,32580,3,0.000985
2020,32780,3,0.002804
2020,32900,3,0.022891
2020,33140,3,0.000651
2020,33340,3,-0.001287
2020,33540,3,-0.004681
2020,33700,3,0.009646
2020,33780,3,0.002633
2020,33860,3,0.001487
2020,34060,3,-0.013038
2020,34580,3,-0.003318
2020,34620,3,0.00332
2020,34740,3,-0.003948
2020,34940,3,0.001656
2020,35300,3,0.003505
2020,35660,3,-0.003605
2020,35840,3,0.001813
2020,35980,3,-0.001959
2020,36100,3,0.014962
2020,36220,3,0.029136
2020,36420,3,0.004036
2020,36500,3,0.006125
2020,36540,3,0.006049
2020,36740,3,-0.003607
2020,36780,3,0.00416
2020,36980,3,-0.004841
2020,37100,3,-0.002143
2020,37340,3,-0.009945
2020,37860,3,0.009613
2020,38060,3,0.01539
2020,38300,3,-0.00535
2020,38340,3,-0.010389
2020,38860,3,0.000144
2020,38900,3,-0.0149
2020,38940,3,-0.002598
2020,39300,3,-0.001055
2020,39340,3,0.006439
2020,39380,3,-0.007866
2020,39460,3,0.008376
2020,39540,3,-0.000446
2020,39580,3,0.004033
2020,39740,3,0.003862
2020,39820,3,0.012546
2020,39900,3,-0.002786
2020,40140,3,0.011497
2020,40420,3,0.000714
2020,40660,3,0.003255
2020,40900,3,0.009292
2020,40980,3,0.008453
2020,41060,3,0.011179
2020,41100,3,0.029202
2020,41140,3,-0.008553
2020,41420,3,-0.009327
2020,41500,3,0.004251
2020,41700,3,-0.001442
2020,41740,3,-0.002506
2020,41940,3,-0.026467
2020,42020,3,-0.005009
2020,42100,3,-0.01347
2020,42140,3,0.003149
2020,42220,3,-0.024736
2020,42340,3,0.000845
2020,42540,3,0.003163
2020,42680,3,-0.000875
2020,43100,3,-0.001478
2020,43620,3,0.007792
2020,43780,3,-0.001135
2020,44100,3,-0.009924
2020,44180,3,0.008947
2020,44220,3,-0.000106
2020,44300,3,-0.006838
2020,44700,3,0.01795
2020,45060,3,-0.001753
2020,45220,3,0.001753
2020,45820,3,-0.001215
2020,45940,3,0.006031
2020,46060,3,0.010952
2020,46140,3,-0.001634
2020,46340,3,0.006272
2020,46540,3,-0.007095
2020,46660,3,0.007116
2020,46700,3,0.00479
2020,47220,3,0.000934
2020,47300,3,0.008636
2020,47940,3,-0.003524
2020,48300,3,-0.00536
2020,48540,3,-0.018278
2020,48660,3,-5e-06
2020,48700,3,-0.004646
2020,49020,3,0.00631
2020,49420,3,-0.00268
2020,49620,3,0.006916
2020,49660,3,-0.002129
2020,49740,3,0.011048
2020,10180,4,-0.007716
2020,10420,4,0.000853
2020,10580,4,-0.003769
2020,10740,4,-0.002462
2020,10780,4,-0.015492
2020,10900,4,0.008676
2020,11020,4,-0.007325
2020,11260,4,-0.007622
2020,11460,4,-0.011333
2020,11500,4,-0.008808
2020,11540,4,0.001066
2020,11700,4,-0.015986
2020,12020,4,0.000984
2020,12100,4,0.016504
2020,12220,4,-0.000788
2020,12420,4,0.007397
2020,12540,4,0.020717
2020,12580,4,-0.007972
2020,12620,4,0.003838
2020,12700,4,-0.005545
2020,12980,4,0.005115
2020,13020,4,0.000503
2020,13380,4,0.007856
2020,13460,4,0.020138
2020,13780,4,-0.004338
2020,14260,4,0.02005
2020,14500,4,-0.032172
2020,14740,4,-0.00644
2020,14860,4,0.003511
2020,15180,4,0.000635
2020,15260,4,-0.010446
2020,15380,4,-0.007037
2020,15500,4,0.012579
2020,15540,4,-0.004877
2020,15940,4,0.000698
2020,15980,4,0.008001
2020,16020,4,-0.001923
2020,16180,4,-0.000601
2020,16220,4,0.002624
2020,16300,4,0.002318
2020,16700,4,-0.004557
2020,16860,4,-0.002702
2020,16940,4,-0.006721
2020,17020,4,-0.044239
2020,17420,4,0.003485
2020,17660,4,0.017055
2020,17780,4,-0.012154
2020,17820,4,-0.005354
2020,17900,4,-0.000835
2020,18020,4,0.011441
2020,18700,4,-0.004456
2020,19340,4,-0.007029
2020,19460,4,0.000784
2020,19500,4,-0.002662
2020,19740,4,-0.021965
2020,20020,4,0.005693
2020,20100,4,0.004896
2020,20220,4,0.000655
2020,20740,4,-0.00168
2020,20940,4,-0.001554
2020,21140,4,-0.001467
2020,21300,4,-0.001887
2020,21500,4,-0.006985
2020,21660,4,0.002328
2020,21820,4,-0.028796
2020,22020,4,-0.009218
2020,22140,4,-0.019464
2020,22380,4,-0.007966
2020,22420,4,-0.000989
2020,22500,4,-0.012751
2020,22520,4,-0.001833
2020,22540,4,0.002933
2020,22660,4,-0.013097
2020,23420,4,0.012982
2020,23460,4,-0.007134
2020,23580,4,0.002276
2020,24020,4,-0.001779
2020,24220,4,-0.024389
2020,24300,4,-0.004403
2020,24500,4,-0.023037
2020,24540,4,0.004062
2020,24580,4,0.001512
2020,24660,4,0.001124
2020,25420,4,0.007395
2020,25500,4,-0.008216
2020,25540,4,0.003056
2020,25860,4,-0.000155
2020,25980,4,0.014334
2020,26300,4,0.002416
2020,26380,4,-0.015237
2020,26620,4,0.019117
2020,26980,4,-0.005007
2020,27060,4,-0.009136
2020,27100,4,0.002706
2020,27260,4,0.004911
2020,27340,4,0.006493
2020,27500,4,0.001266
2020,27740,4,-0.000583
2020,27780,4,-0.003128
2020,27860,4,9.2e-05
2020,27900,4,0.00811
2020,28100,4,0.003159
2020,28420,4,0.006863
2020,28660,4,0.018851
2020,28700,4,-0.006487
2020,28740,4,0.004638
2020,29100,4,-0.00748
2020,29340,4,-0.018138
2020,29420,4,0.012913
2020,29460,4,0.016933
2020,29540,4,0.00296
2020,29700,4,0.000191
2020,29740,4,-0.000436
2020,29820,4,0.016511
2020,29940,4,0.009879
2020,30140,4,0.006818
2020,30300,4,-0.005688
2020,30340,4,0.004741
2020,30460,4,-0.007097
2020,30620,4,-0.005742
2020,30700,4,-0.000945
2020,30780,4,-0.001469
2020,30860,4,0.002618
2020,31020,4,0.010161
2020,31420,4,-0.001103
2020,31700,4,0.004332
2020,31860,4,0.000193
2020,32580,4,0.001016
2020,32780,4,0.003282
2020,32900,4,0.022809
2020,33140,4,0.000404
2020,33340,4,-0.001531
2020,33540,4,-0.005189
2020,33700,4,0.009832
2020,33780,4,0.003607
2020,33860,4,0.000592
2020,34060,4,-0.014966
2020,34580,4,-0.00187
2020,34620,4,0.002939
2020,34740,4,-0.002025
2020,34940,4,0.002475
2020,35300,4,0.002892
2020,35660,4,-0.003294
2020,35840,4,0.003566
2020,35980,4,-0.002597
2020,36100,4,0.016832
2020,36220,4,0.02988
2020,36420,4,0.004015
2020,36500,4,0.007597
2020,36540,4,0.006967
2020,36740,4,-0.00091
2020,36780,4,0.004122
2020,36980,4,-0.004652
2020,37100,4,-0.003775
2020,37340,4,-0.008634
2020,37860,4,0.010625
2020,38060,4,0.01627
2020,38300,4,-0.004806
2020,38340,4,-0.011319
2020,38860,4,0.001172
2020,38900,4,-0.014969
2020,38940,4,-0.000989
2020,39300,4,-0.000428
2020,39340,4,0.008133
2020,39380,4,-0.007951
2020,39460,4,0.010211
2020,39540,4,-1e-05
2020,39580,4,0.005533
2020,39740,4,0.004716
2020,39820,4,0.012422
2020,39900,4,-0.001573
2020,40140,4,0.011106
2020,40420,4,-0.000242
2020,40660,4,0.002539
2020,40900,4,0.009206
2020,40980,4,0.008504
2020,41060,4,0.012411
2020,41100,4,0.031778
2020,41140,4,-0.008672
2020,41420,4,-0.008058
2020,41500,4,0.003605
2020,41700,4,-5.8e-05
2020,41740,4,-0.003339
2020,41940,4,-0.028621
2020,42020,4,-0.006179
2020,42100,4,-0.015115
2020,42140,4,0.002004
2020,42220,4,-0.026378
2020,42340,4,0.001299
2020,42540,4,0.002938
2020,42680,4,0.000812
2020,43100,4,-0.001361
2020,43620,4,0.009275
2020,43780,4,-0.001176
2020,44100,4,-0.011817
2020,44180,4,0.009443
2020,44220,4,-0.000325
2020,44300,4,-0.005985
2020,44700,4,0.018078
2020,45060,4,-0.002057
2020,45220,4,0.001868
2020,45820,4,-0.002183
2020,45940,4,0.006005
2020,46060,4,0.010795
2020,46140,4,-0.002077
2020,46340,4,0.006162
2020,46540,4,-0.007493
2020,46660,4,0.005496
2020,46700,4,0.004233
2020,47220,4,0.000455
2020,47300,4,0.00835
2020,47940,4,-0.005018
2020,48300,4,-0.004548
2020,48540,4,-0.020898
2020,48660,4,0.000251
2020,48700,4,-0.005509
2020,49020,4,0.006257
2020,49420,4,-0.003081
2020,49620,4,0.00758
2020,49660,4,-0.00294
2020,49740,4,0.010309
2020,10180,5,-0.007318
2020,10420,5,0.000256
2020,10580,5,-0.003181
2020,10740,5,-0.00339
2020,10780,5,-0.015427
2020,10900,5,0.007942
2020,11020,5,-0.007184
2020,11260,5,-0.009673
2020,11460,5,-0.009641
2020,11500,5,-0.008082
2020,11540,5,0.001924
2020,11700,5,-0.014918
2020,12020,5,0.00058
2020,12100,5,0.014339
2020,12220,5,-0.000466
2020,12420,5,0.007219
2020,12540,5,0.019107
2020,12580,5,-0.009064
2020,12620,5,0.003856
2020,12700,5,-0.005627
2020,12980,5,0.003946
2020,13020,5,0.000577
2020,13380,5,0.007086
2020,13460,5,0.019457
2020,13780,5,-0.00377
2020,14260,5,0.017429
2020,14500,5,-0.028426
2020,14740,5,-0.00649
2020,14860,5,0.002964
2020,15180,5,0.000551
2020,15260,5,-0.009916
2020,15380,5,-0.006978
2020,15500,5,0.013156
2020,15540,5,-0.00446
2020,15940,5,-0.000787
2020,15980,5,0.009225
2020,16020,5,-0.002337
2020,16180,5,-0.00047
2020,16220,5,0.001202
2020,16300,5,0.002147
2020,16700,5,-0.003992
2020,16860,5,-0.002479
2020,16940,5,-0.008126
2020,17020,5,-0.040883
2020,17420,5,0.004007
2020,17660,5,0.014814
2020,17780,5,-0.0095
2020,17820,5,-0.004202
2020,17900,5,-0.001295
2020,18020,5,0.010036
2020,18700,5,-0.00516
2020,19340,5,-0.006796
2020,19460,5,0.000927
2020,19500,5,-0.002654
2020,19740,5,-0.018503
2020,20020,5,0.004486
2020,20100,5,0.004185
2020,20220,5,-9e-05
2020,20740,5,-0.000953
2020,20940,5,-0.00107
2020,21140,5,-0.001042
2020,21300,5,-0.002921
2020,21500,5,-0.00684
2020,21660,5,0.000255
2020,21820,5,-0.028072
2020,22020,5,-0.006128
2020,22140,5,-0.018549
2020,22380,5,-0.007954
2020,22420,5,-0.001901
2020,22500,5,-0.012911
2020,22520,5,-0.002005
2020,22540,5,0.004424
2020,22660,5,-0.01047
2020,23420,5,0.010917
2020,23460,5,-0.00604
2020,23580,5,0.001778
2020,24020,5,-0.000994
2020,24220,5,-0.020392
2020,24300,5,-0.003397
2020,24500,5,-0.021286
2020,24540,5,0.005576
2020,24580,5,0.002192
2020,24660,5,0.000665
2020,25420,5,0.006963
2020,25500,5,-0.007856
2020,25540,5,0.00256
2020,25860,5,-0.000259
2020,25980,5,0.014768
2020,26300,5,0.003167
2020,26380,5,-0.014997
2020,26620,5,0.017983
2020,26980,5,-0.004265
2020,27060,5,-0.006634
2020,27100,5,0.001867
2020,27260,5,0.003354
2020,27340,5,0.009276
2020,27500,5,0.001914
2020,27740,5,-0.000657
2020,27780,5,-0.003542
2020,27860,5,0.000517
2020,27900,5,0.007402
2020,28100,5,0.003089
2020,28420,5,0.006067
2020,28660,5,0.01781
2020,28700,5,-0.006466
2020,28740,5,0.004816
2020,29100,5,-0.006963
2020,29340,5,-0.015865
2020,29420,5,0.009984
2020,29460,5,0.016239
2020,29540,5,0.003052
2020,29700,5,-0.000672
2020,29740,5,8.9e-05
2020,29820,5,0.018472
2020,29940,5,0.008481
2020,30140,5,0.007765
2020,30300,5,-0.006484
2020,30340,5,0.005151
2020,30460,5,-0.006369
2020,30620,5,-0.00534
2020,30700,5,-0.000874
2020,30780,5,-0.001749
2020,30860,5,0.003876
2020,31020,5,0.007739
2020,31420,5,-0.001234
2020,31700,5,0.003347
2020,31860,5,-4.9e-05
2020,32580,5,-8.3e-05
2020,32780,5,0.002051
2020,32900,5,0.023753
2020,33140,5,0.000693
2020,33340,5,-0.001871
2020,33540,5,-0.005733
2020,33700,5,0.011746
2020,33780,5,0.002773
2020,33860,5,-0.000335
2020,34060,5,-0.014763
2020,34580,5,-0.002056
2020,34620,5,0.002015
2020,34740,5,-0.002944
2020,34940,5,0.005547
2020,35300,5,0.002705
2020,35660,5,-0.004023
2020,35840,5,0.004653
2020,35980,5,-0.002727
2020,36100,5,0.013405
2020,36220,5,0.02884
2020,36420,5,0.002379
2020,36500,5,0.006978
2020,36540,5,0.005874
2020,36740,5,-0.000796
2020,36780,5,0.004809
2020,36980,5,-0.004844
2020,37100,5,-0.003588
2020,37340,5,-0.005598
2020,37860,5,0.008912
2020,38060,5,0.014363
2020,38300,5,-0.006057
2020,38340,5,-0.009342
2020,38860,5,0.000954
2020,38900,5,-0.013103
2020,38940,5,0.001378
2020,39300,5,-0.000778
2020,39340,5,0.006718
2020,39380,5,-0.006903
2020,39460,5,0.010099
2020,39540,5,0.001048
2020,39580,5,0.004196
2020,39740,5,0.004803
2020,39820,5,0.008619
2020,39900,5,0.00041
2020,40140,5,0.012032
2020,40420,5,0.000365
2020,40660,5,0.00232
2020,40900,5,0.008721
2020,40980,5,0.006856
2020,41060,5,0.010533
2020,41100,5,0.02929
2020,41140,5,-0.007324
2020,41420,5,-0.007621
2020,41500,5,0.003417
2020,41700,5,-0.000261
2020,41740,5,-0.00371
2020,41940,5,-0.022938
2020,42020,5,-0.005977
2020,42100,5,-0.013389
2020,42140,5,0.001422
2020,42220,5,-0.022896
2020,42340,5,-0.001246
2020,42540,5,0.00283
2020,42680,5,0.002414
2020,43100,5,-0.000107
2020,43620,5,0.008208
2020,43780,5,-0.000249
2020,44100,5,-0.011021
2020,44180,5,0.008837
2020,44220,5,-0.000176
2020,44300,5,-0.005503
2020,44700,5,0.018746
2020,45060,5,-0.002249
2020,45220,5,0.000624
2020,45820,5,-0.002631
2020,45940,5,0.005275
2020,46060,5,0.008753
2020,46140,5,-0.00316
2020,46340,5,0.005394
2020,46540,5,-0.006331
2020,46660,5,0.005577
2020,46700,5,0.007369
2020,47220,5,-0.000229
2020,47300,5,0.006738
2020,47940,5,-0.005455
2020,48300,5,-0.006364
2020,48540,5,-0.020514
2020,48660,5,-0.000383
2020,48700,5,-0.005159
2020,49020,5,0.005211
2020,49420,5,-0.003681
2020,49620,5,0.006878
2020,49660,5,-0.003694
2020,49740,5,0.00812
2020,10180,6,-0.006751
2020,10420,6,8.9e-05
2020,10580,6,-0.002707
2020,10740,6,-0.001006
2020,10780,6,-0.012428
2020,10900,6,0.005603
2020,11020,6,-0.006011
2020,11260,6,-0.003322
2020,11460,6,-0.010842
2020,11500,6,-0.007212
2020,11540,6,0.001415
2020,11700,6,-0.014399
2020,12020,6,-0.001327
2020,12100,6,0.014752
2020,12220,6,-0.001234
2020,12420,6,0.006288
2020,12540,6,0.018593
2020,12580,6,-0.006565
2020,12620,6,0.003849
2020,12700,6,-0.006238
2020,12980,6,0.002887
2020,13020,6,0.000833
2020,13380,6,0.005924
2020,13460,6,0.01632
2020,13780,6,-0.001998
2020,14260,6,0.013561
2020,14500,6,-0.02475
2020,14740,6,-0.007155
2020,14860,6,0.003723
2020,15180,6,0.001304
2020,15260,6,-0.009495
2020,15380,6,-0.007887
2020,15500,6,0.011587
2020,15540,6,-0.003459
2020,15940,6,-0.000221
2020,15980,6,0.007514
2020,16020,6,-0.001085
2020,16180,6,-0.00365
2020,16220,6,0.00753
2020,16300,6,0.001914
2020,16700,6,-0.004452
2020,16860,6,-0.00241
2020,16940,6,-0.005382
2020,17020,6,-0.0396
2020,17420,6,0.00238
2020,17660,6,0.012269
2020,17780,6,-0.009155
2020,17820,6,-0.004537
2020,17900,6,1.6e-05
2020,18020,6,0.01007
2020,18700,6,-0.004889
2020,19340,6,-0.004322
2020,19460,6,0.001085
2020,19500,6,0.000614
2020,19740,6,-0.017622
2020,20020,6,0.004808
2020,20100,6,0.005865
2020,20220,6,0.000197
2020,20740,6,-0.000704
2020,20940,6,-0.00108
2020,21140,6,-0.002197
2020,21300,6,-0.000644
2020,21500,6,-0.004989
2020,21660,6,-0.000354
2020,21820,6,-0.02112
2020,22020,6,-0.004446
2020,22140,6,-0.011856
2020,22380,6,-0.007415
2020,22420,6,-0.003659
2020,22500,6,-0.008701
2020,22520,6,-0.001303
2020,22540,6,0.004606
2020,22660,6,-0.009943
2020,23420,6,0.00979
2020,23460,6,-0.004939
2020,23580,6,0.0004
2020,24020,6,0.000112
2020,24220,6,-0.01691
2020,24300,6,-0.002905
2020,24500,6,-0.016815
2020,24540,6,0.003017
2020,24580,6,0.001771
2020,24660,6,0.001274
2020,25420,6,0.006337
2020,25500,6,-0.006006
2020,25540,6,0.003882
2020,25860,6,-0.000593
2020,25980,6,0.017268
2020,26300,6,0.002871
2020,26380,6,-0.010929
2020,26620,6,0.016596
2020,26980,6,-0.003782
2020,27060,6,-0.005134
2020,27100,6,-0.000145
2020,27260,6,0.001533
2020,27340,6,0.010616
2020,27500,6,0.000198
2020,27740,6,-0.000841
2020,27780,6,-0.001373
2020,27860,6,0.000994
2020,27900,6,0.006892
2020,28100,6,0.004403
2020,28420,6,0.005589
2020,28660,6,0.015306
2020,28700,6,-0.004582
2020,28740,6,0.003052
2020,29100,6,-0.005697
2020,29340,6,-0.013489
2020,29420,6,0.007528
2020,29460,6,0.00998
2020,29540,6,0.000995
2020,29700,6,-1.1e-05
2020,29740,6,0.0029
2020,29820,6,0.012749
2020,29940,6,0.00818
2020,30140,6,0.006
2020,30300,6,-0.004896
2020,30340,6,0.004021
2020,30460,6,-0.006298
2020,30620,6,-0.00414
2020,30700,6,-0.001448
2020,30780,6,-0.000769
2020,30860,6,0.001967
2020,31020,6,0.003957
2020,31420,6,-0.000381
2020,31700,6,0.001411
2020,31860,6,-0.001134
2020,32580,6,0.000271
2020,32780,6,0.001055
2020,32900,6,0.019154
2020,33140,6,0.001023
2020,33340,6,-0.001353
2020,33540,6,-0.00403
2020,33700,6,0.008859
2020,33780,6,0.000823
2020,33860,6,0.000813
2020,34060,6,-0.011406
2020,34580,6,-0.00375
2020,34620,6,0.003124
2020,34740,6,-0.00536
2020,34940,6,0.004475
2020,35300,6,0.003438
2020,35660,6,-0.003873
2020,35840,6,0.002968
2020,35980,6,-0.001675
2020,36100,6,0.009873
2020,36220,6,0.027141
2020,36420,6,0.00235
2020,36500,6,0.005222
2020,36540,6,0.004266
2020,36740,6,-0.003397
2020,36780,6,0.004508
2020,36980,6,-0.005061
2020,37100,6,-0.001957
2020,37340,6,-0.010096
2020,37860,6,0.006326
2020,38060,6,0.011483
2020,38300,6,-0.006238
2020,38340,6,-0.007606
2020,38860,6,6e-06
2020,38900,6,-0.011103
2020,38940,6,-0.003198
2020,39300,6,-0.002559
2020,39340,6,0.005612
2020,39380,6,-0.007779
2020,39460,6,0.006766
2020,39540,6,-4.8e-05
2020,39580,6,0.00431
2020,39740,6,0.002804
2020,39820,6,0.008142
2020,39900,6,-0.002014
2020,40140,6,0.010812
2020,40420,6,0.001018
2020,40660,6,0.001432
2020,40900,6,0.007283
2020,40980,6,0.006329
2020,41060,6,0.007431
2020,41100,6,0.025108
2020,41140,6,-0.006365
2020,41420,6,-0.009548
2020,41500,6,0.002547
2020,41700,6,-0.002853
2020,41740,6,-0.002478
2020,41940,6,-0.018735
2020,42020,6,-0.004442
2020,42100,6,-0.011354
2020,42140,6,0.001959
2020,42220,6,-0.01846
2020,42340,6,-0.000163
2020,42540,6,0.002708
2020,42680,6,-0.001746
2020,43100,6,-0.000395
2020,43620,6,0.006849
2020,43780,6,-0.000692
2020,44100,6,-0.00715
2020,44180,6,0.006499
2020,44220,6,-0.000163
2020,44300,6,-0.005935
2020,44700,6,0.015269
2020,45060,6,-0.002201
2020,45220,6,0.000554
2020,45820,6,-0.002297
2020,45940,6,0.004521
2020,46060,6,0.007866
2020,46140,6,-0.002422
2020,46340,6,0.003548
2020,46540,6,-0.006181
2020,46660,6,0.008338
2020,46700,6,0.005466
2020,47220,6,0.000585
2020,47300,6,0.00671
2020,47940,6,-0.003889
2020,48300,6,-0.005042
2020,48540,6,-0.016309
2020,48660,6,-0.000433
2020,48700,6,-0.003576
2020,49020,6,0.00463
2020,49420,6,-0.002339
2020,49620,6,0.004893
2020,49660,6,-0.002465
2020,49740,6,0.008136
2020,10180,7,-0.007165
2020,10420,7,-0.000803
2020,10580,7,-0.004337
2020,10740,7,-0.003762
2020,10780,7,-0.016412
2020,10900,7,0.007127
2020,11020,7,-0.006526
2020,11260,7,-0.009089
2020,11460,7,-0.011532
2020,11500,7,-0.008631
2020,11540,7,0.002101
2020,11700,7,-0.01431
2020,12020,7,0.000793
2020,12100,7,0.013423
2020,12220,7,-0.002108
2020,12420,7,0.008823
2020,12540,7,0.01858
2020,12580,7,-0.010087
2020,12620,7,0.004608
2020,12700,7,-0.004907
2020,12980,7,0.004621
2020,13020,7,-0.000873
2020,13380,7,0.008534
2020,13460,7,0.020512
2020,13780,7,-0.002854
2020,14260,7,0.018357
2020,14500,7,-0.02743
2020,14740,7,-0.005626
2020,14860,7,0.002281
2020,15180,7,0.000514
2020,15260,7,-0.010412
2020,15380,7,-0.006922
2020,15500,7,0.013221
2020,15540,7,-0.004455
2020,15940,7,-0.001195
2020,15980,7,0.00822
2020,16020,7,0.002163
2020,16180,7,-0.00201
2020,16220,7,0.005011
2020,16300,7,0.000569
2020,16700,7,-0.002947
2020,16860,7,-0.001831
2020,16940,7,-0.007459
2020,17020,7,-0.048181
2020,17420,7,0.003785
2020,17660,7,0.015682
2020,17780,7,-0.009464
2020,17820,7,-0.004602
2020,17900,7,-0.00114
2020,18020,7,0.011862
2020,18700,7,-0.003853
2020,19340,7,-0.006812
2020,19460,7,0.001229
2020,19500,7,-0.002871
2020,19740,7,-0.017497
2020,20020,7,0.005184
2020,20100,7,0.003746
2020,20220,7,0.00017
2020,20740,7,-0.000944
2020,20940,7,-0.001935
2020,21140,7,-0.001173
2020,21300,7,-0.000455
2020,21500,7,-0.006045
2020,21660,7,0.000924
2020,21820,7,-0.027349
2020,22020,7,-0.006704
2020,22140,7,-0.01924
2020,22380,7,-0.008793
2020,22420,7,-0.003399
2020,22500,7,-0.01334
2020,22520,7,-0.002218
2020,22540,7,0.004255
2020,22660,7,-0.009336
2020,23420,7,0.009975
2020,23460,7,-0.006547
2020,23580,7,0.001395
2020,24020,7,-0.001156
2020,24220,7,-0.019972
2020,24300,7,-0.003556
2020,24500,7,-0.021887
2020,24540,7,0.006056
2020,24580,7,0.001842
2020,24660,7,0.001067
2020,25420,7,0.00627
2020,25500,7,-0.008686
2020,25540,7,0.001861
2020,25860,7,0.002098
2020,25980,7,0.017126
2020,26300,7,0.002716
2020,26380,7,-0.015388
2020,26620,7,0.018929
2020,26980,7,-0.006472
2020,27060,7,-0.006109
2020,27100,7,0.002784
2020,27260,7,0.002595
2020,27340,7,0.010247
2020,27500,7,0.001682
2020,27740,7,0.000502
2020,27780,7,-0.002977
2020,27860,7,-0.001362
2020,27900,7,0.007034
2020,28100,7,0.003395
2020,28420,7,0.00781
2020,28660,7,0.018037
2020,28700,7,-0.003196
2020,28740,7,0.004012
2020,29100,7,-0.006581
2020,29340,7,-0.017174
2020,29420,7,0.009223
2020,29460,7,0.01494
2020,29540,7,0.003363
2020,29700,7,-0.001208
2020,29740,7,-0.000937
2020,29820,7,0.016574
2020,29940,7,0.008031
2020,30140,7,0.006609
2020,30300,7,-0.002998
2020,30340,7,0.005094
2020,30460,7,-0.007009
2020,30620,7,-0.004799
2020,30700,7,-0.001685
2020,30780,7,-0.003131
2020,30860,7,0.005318
2020,31020,7,0.008908
2020,31420,7,-0.001443
2020,31700,7,0.003493
2020,31860,7,-0.001404
2020,32580,7,-0.001416
2020,32780,7,0.001357
2020,32900,7,0.022755
2020,33140,7,0.000643
2020,33340,7,-0.002467
2020,33540,7,-0.005988
2020,33700,7,0.012621
2020,33780,7,0.003079
2020,33860,7,-0.000561
2020,34060,7,-0.013972
2020,34580,7,-0.001463
2020,34620,7,0.003704
2020,34740,7,-0.001445
2020,34940,7,0.005775
2020,35300,7,0.002145
2020,35660,7,-0.003322
2020,35840,7,0.004231
2020,35980,7,-0.002704
2020,36100,7,0.012259
2020,36220,7,0.033692
2020,36420,7,0.002288
2020,36500,7,0.007025
2020,36540,7,0.005304
2020,36740,7,-0.002978
2020,36780,7,0.005526
2020,36980,7,-0.004099
2020,37100,7,-0.004415
2020,37340,7,-0.006368
2020,37860,7,0.009562
2020,38060,7,0.013359
2020,38300,7,-0.005197
2020,38340,7,-0.008888
2020,38860,7,0.001396
2020,38900,7,-0.011413
2020,38940,7,0.000608
2020,39300,7,-0.001467
2020,39340,7,0.006386
2020,39380,7,-0.006919
2020,39460,7,0.009595
2020,39540,7,8.8e-05
2020,39580,7,0.004776
2020,39740,7,0.004932
2020,39820,7,0.008398
2020,39900,7,-0.000704
2020,40140,7,0.011316
2020,40420,7,-0.000602
2020,40660,7,0.001468
2020,40900,7,0.007691
2020,40980,7,0.006907
2020,41060,7,0.01259
2020,41100,7,0.028029
2020,41140,7,-0.004702
2020,41420,7,-0.007401
2020,41500,7,0.002997
2020,41700,7,-0.000592
2020,41740,7,-0.004372
2020,41940,7,-0.021905
2020,42020,7,-0.006535
2020,42100,7,-0.013049
2020,42140,7,0.001335
2020,42220,7,-0.023996
2020,42340,7,-0.001072
2020,42540,7,0.002543
2020,42680,7,0.001612
2020,43100,7,0.001392
2020,43620,7,0.007568
2020,43780,7,-0.000265
2020,44100,7,-0.011396
2020,44180,7,0.008551
2020,44220,7,-0.001176
2020,44300,7,-0.004345
2020,44700,7,0.017895
2020,45060,7,-0.002697
2020,45220,7,0.000655
2020,45820,7,-0.003441
2020,45940,7,0.003458
2020,46060,7,0.007839
2020,46140,7,-0.003342
2020,46340,7,0.004851
2020,46540,7,-0.006472
2020,46660,7,0.005606
2020,46700,7,0.007107
2020,47220,7,-0.000355
2020,47300,7,0.005897
2020,47940,7,-0.005729
2020,48300,7,-0.00439
2020,48540,7,-0.019755
2020,48660,7,0.002063
2020,48700,7,-0.005101
2020,49020,7,0.002954
2020,49420,7,-0.002088
2020,49620,7,0.006596
2020,49660,7,-0.004222
2020,49740,7,0.006219
2020,10180,8,-0.006832
2020,10420,8,0.000935
2020,10580,8,-0.003823
2020,10740,8,0.001963
2020,10780,8,-0.011727
2020,10900,8,0.00765
2020,11020,8,-0.006263
2020,11260,8,-0.001109
2020,11460,8,-0.01269
2020,11500,8,-0.007303
2020,11540,8,0.00054
2020,11700,8,-0.016591
2020,12020,8,-0.000161
2020,12100,8,0.016038
2020,12220,8,-0.00265
2020,12420,8,0.002041
2020,12540,8,0.022436
2020,12580,8,-0.004025
2020,12620,8,0.004323
2020,12700,8,-0.006101
2020,12980,8,0.004618
2020,13020,8,0.001644
2020,13380,8,0.005598
2020,13460,8,0.014922
2020,13780,8,-0.002002
2020,14260,8,0.013793
2020,14500,8,-0.032631
2020,14740,8,-0.008734
2020,14860,8,0.005218
2020,15180,8,0.002222
2020,15260,8,-0.010319
2020,15380,8,-0.009215
2020,15500,8,0.012883
2020,15540,8,-0.004565
2020,15940,8,0.001286
2020,15980,8,0.00363
2020,16020,8,0.001303
2020,16180,8,-0.005294
2020,16220,8,0.009874
2020,16300,8,0.003042
2020,16700,8,-0.007017
2020,16860,8,-0.001715
2020,16940,8,-0.004067
2020,17020,8,-0.040655
2020,17420,8,0.002014
2020,17660,8,0.012237
2020,17780,8,-0.014108
2020,17820,8,-0.006557
2020,17900,8,0.000815
2020,18020,8,0.011122
2020,18700,8,-0.003452
2020,19340,8,-0.00444
2020,19460,8,0.00127
2020,19500,8,0.001001
2020,19740,8,-0.02374
2020,20020,8,0.006513
2020,20100,8,0.006521
2020,20220,8,0.00151
2020,20740,8,-0.002884
2020,20940,8,-0.000803
2020,21140,8,-0.002817
2020,21300,8,0.00044
2020,21500,8,-0.00556
2020,21660,8,0.001871
2020,21820,8,-0.021131
2020,22020,8,-0.010133
2020,22140,8,-0.01007
2020,22380,8,-0.00706
2020,22420,8,-0.003409
2020,22500,8,-0.00808
2020,22520,8,-0.000861
2020,22540,8,0.003311
2020,22660,8,-0.014889
2020,23420,8,0.012708
2020,23460,8,-0.005164
2020,23580,8,-4.8e-05
2020,24020,8,-0.001111
2020,24220,8,-0.021625
2020,24300,8,-0.003711
2020,24500,8,-0.017248
2020,24540,8,-0.000777
2020,24580,8,0.000619
2020,24660,8,0.003194
2020,25420,8,0.006158
2020,25500,8,-0.00476
2020,25540,8,0.005127
2020,25860,8,0.002332
2020,25980,8,0.017947
2020,26300,8,0.00372
2020,26380,8,-0.010834
2020,26620,8,0.017246
2020,26980,8,-0.005011
2020,27060,8,-0.008091
2020,27100,8,0.001301
2020,27260,8,0.001454
2020,27340,8,0.009644
2020,27500,8,-0.000673
2020,27740,8,-0.000157
2020,27780,8,-0.001035
2020,27860,8,0.000733
2020,27900,8,0.008773
2020,28100,8,0.004927
2020,28420,8,0.005317
2020,28660,8,0.016767
2020,28700,8,-0.001834
2020,28740,8,0.002916
2020,29100,8,-0.007143
2020,29340,8,-0.016936
2020,29420,8,0.01094
2020,29460,8,0.011488
2020,29540,8,0.001498
2020,29700,8,0.00051
2020,29740,8,0.004086
2020,29820,8,0.011678
2020,29940,8,0.00841
2020,30140,8,0.006217
2020,30300,8,-0.001173
2020,30340,8,0.003149
2020,30460,8,-0.00864
2020,30620,8,-0.004419
2020,30700,8,-0.003417
2020,30780,8,0.000591
2020,30860,8,0.002755
2020,31020,8,0.006838
2020,31420,8,0.002119
2020,31700,8,0.00195
2020,31860,8,-0.000785
2020,32580,8,0.001206
2020,32780,8,0.00266
2020,32900,8,0.01998
2020,33140,8,0.000629
2020,33340,8,-0.001669
2020,33540,8,-0.00331
2020,33700,8,0.008832
2020,33780,8,0.002705
2020,33860,8,0.002429
2020,34060,8,-0.010313
2020,34580,8,-0.004325
2020,34620,8,0.004503
2020,34740,8,-0.004686
2020,34940,8,-0.001176
2020,35300,8,0.004644
2020,35660,8,-0.002799
2020,35840,8,-0.001234
2020,35980,8,-0.001152
2020,36100,8,0.012934
2020,36220,8,0.028448
2020,36420,8,0.004192
2020,36500,8,0.005559
2020,36540,8,0.004482
2020,36740,8,-0.00523
2020,36780,8,0.003698
2020,36980,8,-0.005336
2020,37100,8,-0.001081
2020,37340,8,-0.013806
2020,37860,8,0.008341
2020,38060,8,0.014141
2020,38300,8,-0.005851
2020,38340,8,-0.009475
2020,38860,8,-0.001217
2020,38900,8,-0.015597
2020,38940,8,-0.007042
2020,39300,8,-0.002539
2020,39340,8,0.005926
2020,39380,8,-0.008498
2020,39460,8,0.004798
2020,39540,8,-0.001084
2020,39580,8,0.003785
2020,39740,8,0.003965
2020,39820,8,0.014071
2020,39900,8,-0.006591
2020,40140,8,0.010737
2020,40420,8,0.000623
2020,40660,8,0.003477
2020,40900,8,0.008203
2020,40980,8,0.008483
2020,41060,8,0.011589
2020,41100,8,0.028243
2020,41140,8,-0.006377
2020,41420,8,-0.010433
2020,41500,8,0.003217
2020,41700,8,-0.002738
2020,41740,8,-0.002015
2020,41940,8,-0.026813
2020,42020,8,-0.004168
2020,42100,8,-0.013417
2020,42140,8,0.004507
2020,42220,8,-0.025441
2020,42340,8,0.001315
2020,42540,8,0.00371
2020,42680,8,-0.004527
2020,43100,8,-0.001191
2020,43620,8,0.006017
2020,43780,8,-0.001932
2020,44100,8,-0.008245
2020,44180,8,0.00777
2020,44220,8,0.000167
2020,44300,8,-0.006892
2020,44700,8,0.015642
2020,45060,8,-0.002312
2020,45220,8,0.002125
2020,45820,8,-0.001437
2020,45940,8,0.005925
2020,46060,8,0.011639
2020,46140,8,-0.001416
2020,46340,8,0.005527
2020,46540,8,-0.007665
2020,46660,8,0.008877
2020,46700,8,0.003139
2020,47220,8,0.001215
2020,47300,8,0.009028
2020,47940,8,-0.002594
2020,48300,8,-0.005277
2020,48540,8,-0.015966
2020,48660,8,0.002453
2020,48700,8,-0.00391
2020,49020,8,0.007498
2020,49420,8,-0.001915
2020,49620,8,0.00667
2020,49660,8,-0.001615
2020,49740,8,0.012292
2020,10180,9,-0.007673
2020,10420,9,0.000156
2020,10580,9,-0.002808
2020,10740,9,-0.002117
2020,10780,9,-0.014002
2020,10900,9,0.006965
2020,11020,9,-0.006681
2020,11260,9,-0.006048
2020,11460,9,-0.009857
2020,11500,9,-0.00756
2020,11540,9,0.001816
2020,11700,9,-0.015082
2020,12020,9,-0.00033
2020,12100,9,0.015027
2020,12220,9,0.000363
2020,12420,9,0.007489
2020,12540,9,0.019014
2020,12580,9,-0.007738
2020,12620,9,0.003801
2020,12700,9,-0.005918
2020,12980,9,0.003365
2020,13020,9,0.000894
2020,13380,9,0.006527
2020,13460,9,0.018044
2020,13780,9,-0.002523
2020,14260,9,0.016353
2020,14500,9,-0.026913
2020,14740,9,-0.007273
2020,14860,9,0.00352
2020,15180,9,0.000999
2020,15260,9,-0.009792
2020,15380,9,-0.007919
2020,15500,9,0.012179
2020,15540,9,-0.003535
2020,15940,9,-0.000385
2020,15980,9,0.008826
2020,16020,9,-0.000751
2020,16180,9,-0.003507
2020,16220,9,0.003245
2020,16300,9,0.001882
2020,16700,9,-0.004431
2020,16860,9,-0.002891
2020,16940,9,-0.006462
2020,17020,9,-0.034406
2020,17420,9,0.003358
2020,17660,9,0.014396
2020,17780,9,-0.009665
2020,17820,9,-0.00383
2020,17900,9,-0.000329
2020,18020,9,0.009252
2020,18700,9,-0.004725
2020,19340,9,-0.005534
2020,19460,9,0.000269
2020,19500,9,-0.001275
2020,19740,9,-0.018815
2020,20020,9,0.004051
2020,20100,9,0.005482
2020,20220,9,-0.000904
2020,20740,9,-0.000549
2020,20940,9,-0.001079
2020,21140,9,-0.00193
2020,21300,9,-0.001477
2020,21500,9,-0.006034
2020,21660,9,-4.3e-05
2020,21820,9,-0.02383
2020,22020,9,-0.004367
2020,22140,9,-0.014657
2020,22380,9,-0.008084
2020,22420,9,-0.003256
2020,22500,9,-0.010928
2020,22520,9,-0.001904
2020,22540,9,0.004339
2020,22660,9,-0.010813
2020,23420,9,0.010204
2020,23460,9,-0.005686
2020,23580,9,0.000745
2020,24020,9,-0.000519
2020,24220,9,-0.018386
2020,24300,9,-0.003082
2020,24500,9,-0.018992
2020,24540,9,0.004202
2020,24580,9,0.00216
2020,24660,9,0.000508
2020,25420,9,0.006479
2020,25500,9,-0.006638
2020,25540,9,0.003351
2020,25860,9,-0.000382
2020,25980,9,0.014294
2020,26300,9,0.002616
2020,26380,9,-0.01273
2020,26620,9,0.017567
2020,26980,9,-0.003613
2020,27060,9,-0.006475
2020,27100,9,0.001211
2020,27260,9,0.002829
2020,27340,9,0.011299
2020,27500,9,0.000815
2020,27740,9,-0.000791
2020,27780,9,-0.002294
2020,27860,9,0.001068
2020,27900,9,0.006452
2020,28100,9,0.003438
2020,28420,9,0.006675
2020,28660,9,0.01657
2020,28700,9,-0.005401
2020,28740,9,0.004045
2020,29100,9,-0.006161
2020,29340,9,-0.014162
2020,29420,9,0.008278
2020,29460,9,0.012651
2020,29540,9,0.001719
2020,29700,9,0.000172
2020,29740,9,0.002024
2020,29820,9,0.014963
2020,29940,9,0.008124
2020,30140,9,0.007256
2020,30300,9,-0.004995
2020,30340,9,0.004188
2020,30460,9,-0.006064
2020,30620,9,-0.004804
2020,30700,9,-0.001184
2020,30780,9,-0.001098
2020,30860,9,0.002353
2020,31020,9,0.004984
2020,31420,9,-0.001362
2020,31700,9,0.001807
2020,31860,9,-0.000714
2020,32580,9,0.000505
2020,32780,9,0.001556
2020,32900,9,0.020182
2020,33140,9,0.000837
2020,33340,9,-0.001788
2020,33540,9,-0.004547
2020,33700,9,0.010025
2020,33780,9,0.001962
2020,33860,9,0.000198
2020,34060,9,-0.013393
2020,34580,9,-0.003094
2020,34620,9,0.002787
2020,34740,9,-0.004047
2020,34940,9,0.00513
2020,35300,9,0.003444
2020,35660,9,-0.003735
2020,35840,9,0.004189
2020,35980,9,-0.002091
2020,36100,9,0.01157
2020,36220,9,0.027581
2020,36420,9,0.002249
2020,36500,9,0.00638
2020,36540,9,0.004899
2020,36740,9,-0.000784
2020,36780,9,0.004398
2020,36980,9,-0.005433
2020,37100,9,-0.003066
2020,37340,9,-0.00921
2020,37860,9,0.00704
2020,38060,9,0.012692
2020,38300,9,-0.006509
2020,38340,9,-0.00842
2020,38860,9,0.000403
2020,38900,9,-0.012444
2020,38940,9,-0.002047
2020,39300,9,-0.002182
2020,39340,9,0.006903
2020,39380,9,-0.008
2020,39460,9,0.008121
2020,39540,9,0.000671
2020,39580,9,0.005097
2020,39740,9,0.003965
2020,39820,9,0.008568
2020,39900,9,-0.001128
2020,40140,9,0.011219
2020,40420,9,0.000456
2020,40660,9,0.001257
2020,40900,9,0.007542
2020,40980,9,0.006664
2020,41060,9,0.008846
2020,41100,9,0.028295
2020,41140,9,-0.006181
2020,41420,9,-0.009119
2020,41500,9,0.002263
2020,41700,9,-0.001934
2020,41740,9,-0.003204
2020,41940,9,-0.021549
2020,42020,9,-0.005407
2020,42100,9,-0.013313
2020,42140,9,0.001479
2020,42220,9,-0.020546
2020,42340,9,-0.000193
2020,42540,9,0.002843
2020,42680,9,-0.000438
2020,43100,9,-0.000269
2020,43620,9,0.007773
2020,43780,9,-0.000894
2020,44100,9,-0.009062
2020,44180,9,0.007101
2020,44220,9,-6e-06
2020,44300,9,-0.005625
2020,44700,9,0.016205
2020,45060,9,-0.002693
2020,45220,9,0.000703
2020,45820,9,-0.003174
2020,45940,9,0.005104
2020,46060,9,0.008455
2020,46140,9,-0.002963
2020,46340,9,0.003561
2020,46540,9,-0.006832
2020,46660,9,0.007398
2020,46700,9,0.005734
2020,47220,9,0.000302
2020,47300,9,0.006932
2020,47940,9,-0.005254
2020,48300,9,-0.005649
2020,48540,9,-0.019116
2020,48660,9,0.000273
2020,48700,9,-0.004523
2020,49020,9,0.005588
2020,49420,9,-0.003237
2020,49620,9,0.005809
2020,49660,9,-0.003236
2020,49740,9,0.008361
2020,10180,10,-0.00633
2020,10420,10,0.000495
2020,10580,10,-0.002673
2020,10740,10,0.003687
2020,10780,10,-0.009715
2020,10900,10,0.003897
2020,11020,10,-0.004507
2020,11260,10,0.00612
2020,11460,10,-0.013355
2020,11500,10,-0.006489
2020,11540,10,0.000935
2020,11700,10,-0.013624
2020,12020,10,-0.001556
2020,12100,10,0.01496
2020,12220,10,-0.002578
2020,12420,10,0.003513
2020,12540,10,0.019023
2020,12580,10,-0.002375
2020,12620,10,0.004459
2020,12700,10,-0.007459
2020,12980,10,0.002448
2020,13020,10,0.001051
2020,13380,10,0.006709
2020,13460,10,0.012363
2020,13780,10,-0.000845
2020,14260,10,0.011179
2020,14500,10,-0.025972
2020,14740,10,-0.007079
2020,14860,10,0.00465
2020,15180,10,0.002549
2020,15260,10,-0.00955
2020,15380,10,-0.008609
2020,15500,10,0.011659
2020,15540,10,-0.00184
2020,15940,10,0.001243
2020,15980,10,0.000427
2020,16020,10,-0.000812
2020,16180,10,-0.009953
2020,16220,10,0.014683
2020,16300,10,0.002663
2020,16700,10,-0.005976
2020,16860,10,-0.000538
2020,16940,10,-0.000291
2020,17020,10,-0.032434
2020,17420,10,0.000795
2020,17660,10,0.010794
2020,17780,10,-0.01201
2020,17820,10,-0.00517
2020,17900,10,0.002725
2020,18020,10,0.011304
2020,18700,10,-0.000828
2020,19340,10,-0.001277
2020,19460,10,0.001452
2020,19500,10,0.004717
2020,19740,10,-0.020636
2020,20020,10,0.005343
2020,20100,10,0.007714
2020,20220,10,0.001798
2020,20740,10,-0.000998
2020,20940,10,-0.002348
2020,21140,10,-0.003119
2020,21300,10,0.001709
2020,21500,10,-0.003882
2020,21660,10,0.002513
2020,21820,10,-0.013183
2020,22020,10,-0.005885
2020,22140,10,-0.004054
2020,22380,10,-0.007147
2020,22420,10,-0.0069
2020,22500,10,-0.004
2020,22520,10,0.000637
2020,22540,10,0.004479
2020,22660,10,-0.012534
2020,23420,10,0.008926
2020,23460,10,-0.004056
2020,23580,10,-0.001498
2020,24020,10,0.000211
2020,24220,10,-0.015365
2020,24300,10,-0.002218
2020,24500,10,-0.011682
2020,24540,10,-0.002245
2020,24580,10,0.000775
2020,24660,10,0.003624
2020,25420,10,0.005754
2020,25500,10,-0.002027
2020,25540,10,0.006149
2020,25860,10,0.00184
2020,25980,10,0.018346
2020,26300,10,0.002977
2020,26380,10,-0.006931
2020,26620,10,0.016042
2020,26980,10,-0.003335
2020,27060,10,-0.005651
2020,27100,10,-0.002735
2020,27260,10,-0.000546
2020,27340,10,0.013543
2020,27500,10,-0.001135
2020,27740,10,-0.000735
2020,27780,10,0.00155
2020,27860,10,0.000671
2020,27900,10,0.007876
2020,28100,10,0.006186
2020,28420,10,0.008557
2020,28660,10,0.014024
2020,28700,10,-0.000398
2020,28740,10,0.00095
2020,29100,10,-0.004389
2020,29340,10,-0.01314
2020,29420,10,0.005932
2020,29460,10,0.004649
2020,29540,10,-0.000736
2020,29700,10,0.000604
2020,29740,10,0.006436
2020,29820,10,0.002267
2020,29940,10,0.007986
2020,30140,10,0.005039
2020,30300,10,0.000434
2020,30340,10,0.003128
2020,30460,10,-0.007835
2020,30620,10,-0.003024
2020,30700,10,-0.002948
2020,30780,10,0.000615
2020,30860,10,0.002388
2020,31020,10,0.004951
2020,31420,10,0.00186
2020,31700,10,-0.000511
2020,31860,10,-0.00199
2020,32580,10,0.000811
2020,32780,10,0.000718
2020,32900,10,0.011513
2020,33140,10,0.001994
2020,33340,10,-0.001005
2020,33540,10,-0.000501
2020,33700,10,0.002132
2020,33780,10,-0.001883
2020,33860,10,0.002108
2020,34060,10,-0.00548
2020,34580,10,-0.003553
2020,34620,10,0.004114
2020,34740,10,-0.007587
2020,34940,10,-0.002917
2020,35300,10,0.004819
2020,35660,10,-0.002568
2020,35840,10,-0.003552
2020,35980,10,-0.001397
2020,36100,10,0.008141
2020,36220,10,0.028955
2020,36420,10,0.003236
2020,36500,10,0.005758
2020,36540,10,0.003435
2020,36740,10,-0.007447
2020,36780,10,0.003634
2020,36980,10,-0.0054
2020,37100,10,-0.000658
2020,37340,10,-0.018501
2020,37860,10,0.005228
2020,38060,10,0.009157
2020,38300,10,-0.005769
2020,38340,10,-0.006776
2020,38860,10,-0.001177
2020,38900,10,-0.011087
2020,38940,10,-0.012745
2020,39300,10,-0.004761
2020,39340,10,0.00607
2020,39380,10,-0.008147
2020,39460,10,0.000199
2020,39540,10,-0.001553
2020,39580,10,0.005445
2020,39740,10,0.001068
2020,39820,10,0.011177
2020,39900,10,-0.010536
2020,40140,10,0.007718
2020,40420,10,0.000952
2020,40660,10,0.002725
2020,40900,10,0.004794
2020,40980,10,0.006498
2020,41060,10,0.005075
2020,41100,10,0.022884
2020,41140,10,-0.007193
2020,41420,10,-0.009798
2020,41500,10,-0.000378
2020,41700,10,-0.004147
2020,41740,10,-0.001841
2020,41940,10,-0.021391
2020,42020,10,-0.003484
2020,42100,10,-0.011579
2020,42140,10,0.004731
2020,42220,10,-0.020632
2020,42340,10,0.002593
2020,42540,10,0.003506
2020,42680,10,-0.009623
2020,43100,10,-0.001748
2020,43620,10,0.006041
2020,43780,10,-0.001634
2020,44100,10,-0.003615
2020,44180,10,0.005448
2020,44220,10,0.000665
2020,44300,10,-0.005887
2020,44700,10,0.008851
2020,45060,10,-0.002133
2020,45220,10,0.001697
2020,45820,10,-0.001329
2020,45940,10,0.003649
2020,46060,10,0.008553
2020,46140,10,-0.001583
2020,46340,10,0.002828
2020,46540,10,-0.006433
2020,46660,10,0.011889
2020,46700,10,-0.001236
2020,47220,10,0.000848
2020,47300,10,0.007272
2020,47940,10,-0.001582
2020,48300,10,-0.001004
2020,48540,10,-0.010962
2020,48660,10,0.00014
2020,48700,10,-0.001106
2020,49020,10,0.0057
2020,49420,10,0.002196
2020,49620,10,0.003596
2020,49660,10,-0.000946
2020,49740,10,0.010157
2020,10180,11,-0.007111
2020,10420,11,-0.001254
2020,10580,11,-0.00406
2020,10740,11,-0.003907
2020,10780,11,-0.01658
2020,10900,11,0.005427
2020,11020,11,-0.0059
2020,11260,11,-0.00753
2020,11460,11,-0.011696
2020,11500,11,-0.008355
2020,11540,11,0.002483
2020,11700,11,-0.012728
2020,12020,11,0.000567
2020,12100,11,0.012879
2020,12220,11,-0.002027
2020,12420,11,0.010262
2020,12540,11,0.016628
2020,12580,11,-0.010506
2020,12620,11,0.004776
2020,12700,11,-0.005439
2020,12980,11,0.003784
2020,13020,11,-0.001419
2020,13380,11,0.009542
2020,13460,11,0.019992
2020,13780,11,-0.002709
2020,14260,11,0.01848
2020,14500,11,-0.024315
2020,14740,11,-0.004327
2020,14860,11,0.001396
2020,15180,11,0.000647
2020,15260,11,-0.010171
2020,15380,11,-0.006179
2020,15500,11,0.012884
2020,15540,11,-0.003415
2020,15940,11,-0.001598
2020,15980,11,0.007053
2020,16020,11,0.000826
2020,16180,11,-0.003365
2020,16220,11,0.005965
2020,16300,11,4.4e-05
2020,16700,11,-0.002141
2020,16860,11,-0.001123
2020,16940,11,-0.006354
2020,17020,11,-0.044151
2020,17420,11,0.003627
2020,17660,11,0.015831
2020,17780,11,-0.00825
2020,17820,11,-0.003616
2020,17900,11,-0.000618
2020,18020,11,0.011919
2020,18700,11,-0.002746
2020,19340,11,-0.006107
2020,19460,11,0.001455
2020,19500,11,-0.001923
2020,19740,11,-0.015663
2020,20020,11,0.004272
2020,20100,11,0.003541
2020,20220,11,0.000153
2020,20740,11,6.7e-05
2020,20940,11,-0.0028
2020,21140,11,-0.00104
2020,21300,11,-0.000259
2020,21500,11,-0.005577
2020,21660,11,0.001163
2020,21820,11,-0.02534
2020,22020,11,-0.004758
2020,22140,11,-0.018343
2020,22380,11,-0.009263
2020,22420,11,-0.004883
2020,22500,11,-0.012745
2020,22520,11,-0.001679
2020,22540,11,0.004911
2020,22660,11,-0.007969
2020,23420,11,0.007906
2020,23460,11,-0.006278
2020,23580,11,0.000984
2020,24020,11,-0.000711
2020,24220,11,-0.017131
2020,24300,11,-0.002743
2020,24500,11,-0.020531
2020,24540,11,0.005988
2020,24580,11,0.00198
2020,24660,11,0.001049
2020,25420,11,0.00598
2020,25500,11,-0.008111
2020,25540,11,0.001756
2020,25860,11,0.002195
2020,25980,11,0.016913
2020,26300,11,0.002543
2020,26380,11,-0.014645
2020,26620,11,0.018748
2020,26980,11,-0.006085
2020,27060,11,-0.005074
2020,27100,11,0.001235
2020,27260,11,0.001797
2020,27340,11,0.012663
2020,27500,11,0.002128
2020,27740,11,0.00031
2020,27780,11,-0.001959
2020,27860,11,-0.001938
2020,27900,11,0.006614
2020,28100,11,0.00377
2020,28420,11,0.009954
2020,28660,11,0.017357
2020,28700,11,-0.002849
2020,28740,11,0.003792
2020,29100,11,-0.005461
2020,29340,11,-0.015905
2020,29420,11,0.007084
2020,29460,11,0.012716
2020,29540,11,0.002641
2020,29700,11,-0.00141
2020,29740,11,-0.000762
2020,29820,11,0.013425
2020,29940,11,0.007922
2020,30140,11,0.006227
2020,30300,11,-0.002414
2020,30340,11,0.00575
2020,30460,11,-0.006585
2020,30620,11,-0.004341
2020,30700,11,-0.001216
2020,30780,11,-0.003754
2020,30860,11,0.005949
2020,31020,11,0.008901
2020,31420,11,-0.001981
2020,31700,11,0.002698
2020,31860,11,-0.001944
2020,32580,11,-0.002076
2020,32780,11,0.000194
2020,32900,11,0.019724
2020,33140,11,0.00146
2020,33340,11,-0.002408
2020,33540,11,-0.005177
2020,33700,11,0.010257
2020,33780,11,0.000856
2020,33860,11,-0.001324
2020,34060,11,-0.012476
2020,34580,11,-0.000496
2020,34620,11,0.003276
2020,34740,11,-0.002041
2020,34940,11,0.005722
2020,35300,11,0.00186
2020,35660,11,-0.00328
2020,35840,11,0.003692
2020,35980,11,-0.003253
2020,36100,11,0.01044
2020,36220,11,0.035643
2020,36420,11,0.001486
2020,36500,11,0.007443
2020,36540,11,0.00525
2020,36740,11,-0.003637
2020,36780,11,0.005682
2020,36980,11,-0.004034
2020,37100,11,-0.0049
2020,37340,11,-0.007203
2020,37860,11,0.008675
2020,38060,11,0.011145
2020,38300,11,-0.005082
2020,38340,11,-0.007648
2020,38860,11,0.001847
2020,38900,11,-0.009266
2020,38940,11,-0.000799
2020,39300,11,-0.002197
2020,39340,11,0.006417
2020,39380,11,-0.006126
2020,39460,11,0.008214
2020,39540,11,0.000238
2020,39580,11,0.005415
2020,39740,11,0.003752
2020,39820,11,0.006507
2020,39900,11,-0.001741
2020,40140,11,0.010059
2020,40420,11,-0.000618
2020,40660,11,0.001287
2020,40900,11,0.006003
2020,40980,11,0.006053
2020,41060,11,0.009825
2020,41100,11,0.025622
2020,41140,11,-0.005023
2020,41420,11,-0.006524
2020,41500,11,0.001472
2020,41700,11,-0.000772
2020,41740,11,-0.004938
2020,41940,11,-0.019753
2020,42020,11,-0.00687
2020,42100,11,-0.012571
2020,42140,11,0.001378
2020,42220,11,-0.022324
2020,42340,11,-0.000887
2020,42540,11,0.002345
2020,42680,11,0.000228
2020,43100,11,0.001419
2020,43620,11,0.007802
2020,43780,11,0.000107
2020,44100,11,-0.010334
2020,44180,11,0.008017
2020,44220,11,-0.000953
2020,44300,11,-0.003498
2020,44700,11,0.015284
2020,45060,11,-0.002679
2020,45220,11,0.000398
2020,45820,11,-0.003517
2020,45940,11,0.002039
2020,46060,11,0.006099
2020,46140,11,-0.003777
2020,46340,11,0.003652
2020,46540,11,-0.005733
2020,46660,11,0.006435
2020,46700,11,0.005729
2020,47220,11,-0.000705
2020,47300,11,0.004706
2020,47940,11,-0.005838
2020,48300,11,-0.002363
2020,48540,11,-0.018159
2020,48660,11,0.000983
2020,48700,11,-0.004072
2020,49020,11,0.001502
2020,49420,11,0.000178
2020,49620,11,0.005223
2020,49660,11,-0.004418
2020,49740,11,0.004388
2020,10180,12,-0.004926
2020,10420,12,-0.001153
2020,10580,12,-0.004158
2020,10740,12,0.002895
2020,10780,12,-0.010259
2020,10900,12,0.002787
2020,11020,12,-0.003207
2020,11260,12,0.00375
2020,11460,12,-0.01345
2020,11500,12,-0.005681
2020,11540,12,0.001523
2020,11700,12,-0.010869
2020,12020,12,-0.000217
2020,12100,12,0.010327
2020,12220,12,-0.00521
2020,12420,12,0.002574
2020,12540,12,0.016163
2020,12580,12,-0.003944
2020,12620,12,0.005307
2020,12700,12,-0.005622
2020,12980,12,0.003033
2020,13020,12,-0.000606
2020,13380,12,0.00732
2020,13460,12,0.010846
2020,13780,12,0.000373
2020,14260,12,0.009584
2020,14500,12,-0.022517
2020,14740,12,-0.005249
2020,14860,12,0.002818
2020,15180,12,0.002753
2020,15260,12,-0.008971
2020,15380,12,-0.007431
2020,15500,12,0.012003
2020,15540,12,-0.002119
2020,15940,12,-0.000345
2020,15980,12,-0.002515
2020,16020,12,0.004831
2020,16180,12,-0.010414
2020,16220,12,0.016651
2020,16300,12,0.000674
2020,16700,12,-0.004634
2020,16860,12,0.001559
2020,16940,12,-0.000475
2020,17020,12,-0.034863
2020,17420,12,0.001072
2020,17660,12,0.008787
2020,17780,12,-0.010663
2020,17820,12,-0.004827
2020,17900,12,0.002291
2020,18020,12,0.011584
2020,18700,12,0.001228
2020,19340,12,-0.001669
2020,19460,12,0.002379
2020,19500,12,0.003577
2020,19740,12,-0.016593
2020,20020,12,0.005072
2020,20100,12,0.004888
2020,20220,12,0.00226
2020,20740,12,-0.001415
2020,20940,12,-0.002728
2020,21140,12,-0.002416
2020,21300,12,0.003616
2020,21500,12,-0.002909
2020,21660,12,0.002534
2020,21820,12,-0.011561
2020,22020,12,-0.006732
2020,22140,12,-0.004214
2020,22380,12,-0.007357
2020,22420,12,-0.008502
2020,22500,12,-0.004957
2020,22520,12,0.000513
2020,22540,12,0.0046
2020,22660,12,-0.009685
2020,23420,12,0.005922
2020,23460,12,-0.00331
2020,23580,12,-0.002245
2020,24020,12,-0.000166
2020,24220,12,-0.011767
2020,24300,12,-0.001369
2020,24500,12,-0.01047
2020,24540,12,-0.001926
2020,24580,12,0.00016
2020,24660,12,0.004495
2020,25420,12,0.003508
2020,25500,12,-0.002179
2020,25540,12,0.00422
2020,25860,12,0.006796
2020,25980,12,0.019708
2020,26300,12,0.003744
2020,26380,12,-0.007271
2020,26620,12,0.014667
2020,26980,12,-0.006107
2020,27060,12,-0.003594
2020,27100,12,-0.0012
2020,27260,12,-0.003148
2020,27340,12,0.015783
2020,27500,12,-0.000284
2020,27740,12,0.001214
2020,27780,12,0.001825
2020,27860,12,-0.002236
2020,27900,12,0.007233
2020,28100,12,0.00601
2020,28420,12,0.009439
2020,28660,12,0.012987
2020,28700,12,0.005213
2020,28740,12,0.000668
2020,29100,12,-0.00386
2020,29340,12,-0.013608
2020,29420,12,0.003696
2020,29460,12,0.003665
2020,29540,12,0.0005
2020,29700,12,-0.001088
2020,29740,12,0.004614
2020,29820,12,0.001786
2020,29940,12,0.005322
2020,30140,12,0.004125
2020,30300,12,0.006122
2020,30340,12,0.003486
2020,30460,12,-0.008462
2020,30620,12,-0.001864
2020,30700,12,-0.004464
2020,30780,12,-0.001276
2020,30860,12,0.006894
2020,31020,12,0.006676
2020,31420,12,0.002683
2020,31700,12,-0.000449
2020,31860,12,-0.003345
2020,32580,12,-0.002104
2020,32780,12,-0.000805
2020,32900,12,0.011121
2020,33140,12,0.002099
2020,33340,12,-0.002338
2020,33540,12,-0.001212
2020,33700,12,0.005149
2020,33780,12,-0.001417
2020,33860,12,0.000964
2020,34060,12,-0.003182
2020,34580,12,-0.00198
2020,34620,12,0.005172
2020,34740,12,-0.004575
2020,34940,12,-0.00254
2020,35300,12,0.003624
2020,35660,12,-0.001476
2020,35840,12,-0.00523
2020,35980,12,-0.001591
2020,36100,12,0.004595
2020,36220,12,0.033292
2020,36420,12,0.001868
2020,36500,12,0.005081
2020,36540,12,0.001929
2020,36740,12,-0.010428
2020,36780,12,0.004439
2020,36980,12,-0.003905
2020,37100,12,-0.001485
2020,37340,12,-0.014815
2020,37860,12,0.005699
2020,38060,12,0.006487
2020,38300,12,-0.004718
2020,38340,12,-0.004464
2020,38860,12,-0.000982
2020,38900,12,-0.008369
2020,38940,12,-0.010935
2020,39300,12,-0.004913
2020,39340,12,0.003422
2020,39380,12,-0.005408
2020,39460,12,-0.001341
2020,39540,12,-0.001757
2020,39580,12,0.003402
2020,39740,12,0.001886
2020,39820,12,0.008852
2020,39900,12,-0.01106
2020,40140,12,0.006675
2020,40420,12,-8.9e-05
2020,40660,12,0.00304
2020,40900,12,0.00279
2020,40980,12,0.005479
2020,41060,12,0.007669
2020,41100,12,0.017348
2020,41140,12,-0.002077
2020,41420,12,-0.007364
2020,41500,12,-0.00047
2020,41700,12,-0.003449
2020,41740,12,-0.003228
2020,41940,12,-0.017239
2020,42020,12,-0.004015
2020,42100,12,-0.009409
2020,42140,12,0.005323
2020,42220,12,-0.021124
2020,42340,12,0.000396
2020,42540,12,0.003161
2020,42680,12,-0.008661
2020,43100,12,0.001258
2020,43620,12,0.003054
2020,43780,12,-0.000899
2020,44100,12,-0.004558
2020,44180,12,0.005429
2020,44220,12,-0.000195
2020,44300,12,-0.003353
2020,44700,12,0.007903
2020,45060,12,-0.002542
2020,45220,12,0.001259
2020,45820,12,-0.001817
2020,45940,12,0.000529
2020,46060,12,0.006271
2020,46140,12,-0.002377
2020,46340,12,0.002616
2020,46540,12,-0.005086
2020,46660,12,0.010236
2020,46700,12,0.000707
2020,47220,12,3.4e-05
2020,47300,12,0.004634
2020,47940,12,-0.001647
2020,48300,12,-2.2e-05
2020,48540,12,-0.008173
2020,48660,12,0.003966
2020,48700,12,-0.000776
2020,49020,12,0.002104
2020,49420,12,0.004529
2020,49620,12,0.00317
2020,49660,12,-0.002129
2020,49740,12,0.005988
2020,10180,13,-0.006071
2020,10420,13,-0.000351
2020,10580,13,-0.003734
2020,10740,13,-0.002276
2020,10780,13,-0.013717
2020,10900,13,0.006339
2020,11020,13,-0.006315
2020,11260,13,-0.007805
2020,11460,13,-0.010957
2020,11500,13,-0.007208
2020,11540,13,0.001462
2020,11700,13,-0.01442
2020,12020,13,-0.000504
2020,12100,13,0.01381
2020,12220,13,-0.003088
2020,12420,13,0.005071
2020,12540,13,0.019019
2020,12580,13,-0.008314
2020,12620,13,0.004252
2020,12700,13,-0.005362
2020,12980,13,0.003881
2020,13020,13,0.000511
2020,13380,13,0.005669
2020,13460,13,0.016764
2020,13780,13,-0.002383
2020,14260,13,0.01367
2020,14500,13,-0.025649
2020,14740,13,-0.006838
2020,14860,13,0.003051
2020,15180,13,0.001475
2020,15260,13,-0.009633
2020,15380,13,-0.007312
2020,15500,13,0.012546
2020,15540,13,-0.005063
2020,15940,13,-0.00102
2020,15980,13,0.007821
2020,16020,13,0.00017
2020,16180,13,-0.00042
2020,16220,13,0.007247
2020,16300,13,0.001486
2020,16700,13,-0.004313
2020,16860,13,-0.001755
2020,16940,13,-0.007457
2020,17020,13,-0.048104
2020,17420,13,0.00296
2020,17660,13,0.011612
2020,17780,13,-0.009032
2020,17820,13,-0.005201
2020,17900,13,-0.001205
2020,18020,13,0.010695
2020,18700,13,-0.005989
2020,19340,13,-0.005923
2020,19460,13,0.002197
2020,19500,13,-0.000848
2020,19740,13,-0.016698
2020,20020,13,0.005479
2020,20100,13,0.003984
2020,20220,13,0.000976
2020,20740,13,-0.001639
2020,20940,13,-0.00047
2020,21140,13,-0.001594
2020,21300,13,-0.000966
2020,21500,13,-0.005245
2020,21660,13,-0.001077
2020,21820,13,-0.024884
2020,22020,13,-0.006715
2020,22140,13,-0.014963
2020,22380,13,-0.007361
2020,22420,13,-0.002484
2020,22500,13,-0.010835
2020,22520,13,-0.001679
2020,22540,13,0.004748
2020,22660,13,-0.009314
2020,23420,13,0.010275
2020,23460,13,-0.004835
2020,23580,13,0.001027
2020,24020,13,-0.000228
2020,24220,13,-0.017922
2020,24300,13,-0.003001
2020,24500,13,-0.018954
2020,24540,13,0.003812
2020,24580,13,0.001474
2020,24660,13,0.001748
2020,25420,13,0.005927
2020,25500,13,-0.007589
2020,25540,13,0.002743
2020,25860,13,0.001112
2020,25980,13,0.019575
2020,26300,13,0.00415
2020,26380,13,-0.012942
2020,26620,13,0.016638
2020,26980,13,-0.005687
2020,27060,13,-0.004663
2020,27100,13,0.001396
2020,27260,13,0.0009
2020,27340,13,0.009824
2020,27500,13,0.00117
2020,27740,13,-4.4e-05
2020,27780,13,-0.002179
2020,27860,13,-0.000208
2020,27900,13,0.007783
2020,28100,13,0.00437
2020,28420,13,0.004062
2020,28660,13,0.016343
2020,28700,13,-0.003795
2020,28740,13,0.004165
2020,29100,13,-0.006789
2020,29340,13,-0.015486
2020,29420,13,0.009053
2020,29460,13,0.012593
2020,29540,13,0.002379
2020,29700,13,-0.00102
2020,29740,13,0.001077
2020,29820,13,0.017607
2020,29940,13,0.007914
2020,30140,13,0.005972
2020,30300,13,-0.004687
2020,30340,13,0.005015
2020,30460,13,-0.006995
2020,30620,13,-0.004253
2020,30700,13,-0.001915
2020,30780,13,-0.001635
2020,30860,13,0.004296
2020,31020,13,0.005652
2020,31420,13,0.000419
2020,31700,13,0.00278
2020,31860,13,-0.001025
2020,32580,13,-0.00104
2020,32780,13,0.000956
2020,32900,13,0.024158
2020,33140,13,0.00087
2020,33340,13,-0.001932
2020,33540,13,-0.005812
2020,33700,13,0.013193
2020,33780,13,0.002141
2020,33860,13,0.000407
2020,34060,13,-0.01258
2020,34580,13,-0.003467
2020,34620,13,0.003351
2020,34740,13,-0.00355
2020,34940,13,0.006002
2020,35300,13,0.002725
2020,35660,13,-0.004027
2020,35840,13,0.003376
2020,35980,13,-0.001841
2020,36100,13,0.010487
2020,36220,13,0.029825
2020,36420,13,0.002081
2020,36500,13,0.004591
2020,36540,13,0.004509
2020,36740,13,-0.004665
2020,36780,13,0.005218
2020,36980,13,-0.004301
2020,37100,13,-0.002189
2020,37340,13,-0.00553
2020,37860,13,0.00814
2020,38060,13,0.012619
2020,38300,13,-0.005916
2020,38340,13,-0.007653
2020,38860,13,0.000226
2020,38900,13,-0.011638
2020,38940,13,0.000997
2020,39300,13,-0.001342
2020,39340,13,0.003804
2020,39380,13,-0.006158
2020,39460,13,0.00859
2020,39540,13,0.000251
2020,39580,13,0.002036
2020,39740,13,0.003878
2020,39820,13,0.007869
2020,39900,13,0.000191
2020,40140,13,0.012263
2020,40420,13,0.001045
2020,40660,13,0.00254
2020,40900,13,0.008363
2020,40980,13,0.006826
2020,41060,13,0.010395
2020,41100,13,0.02423
2020,41140,13,-0.004993
2020,41420,13,-0.008766
2020,41500,13,0.004797
2020,41700,13,-0.001968
2020,41740,13,-0.003115
2020,41940,13,-0.018472
2020,42020,13,-0.004887
2020,42100,13,-0.010563
2020,42140,13,0.002444
2020,42220,13,-0.020108
2020,42340,13,-0.002122
2020,42540,13,0.002646
2020,42680,13,0.001444
2020,43100,13,0.000936
2020,43620,13,0.005701
2020,43780,13,-1.5e-05
2020,44100,13,-0.009457
2020,44180,13,0.008083
2020,44220,13,-0.000589
2020,44300,13,-0.005636
2020,44700,13,0.018773
2020,45060,13,-0.001997
2020,45220,13,0.000407
2020,45820,13,-0.0018
2020,45940,13,0.004143
2020,46060,13,0.008056
2020,46140,13,-0.002637
2020,46340,13,0.00515
2020,46540,13,-0.005571
2020,46660,13,0.006623
2020,46700,13,0.009152
2020,47220,13,0.000488
2020,47300,13,0.006314
2020,47940,13,-0.00397
2020,48300,13,-0.006723
2020,48540,13,-0.016877
2020,48660,13,0.000851
2020,48700,13,-0.004382
2020,49020,13,0.003334
2020,49420,13,-0.002711
2020,49620,13,0.005807
2020,49660,13,-0.003115
2020,49740,13,0.007105
2020,10180,14,-0.005477
2020,10420,14,-0.001528
2020,10580,14,-0.003932
2020,10740,14,-0.000785
2020,10780,14,-0.013011
2020,10900,14,0.003921
2020,11020,14,-0.004245
2020,11260,14,-0.00171
2020,11460,14,-0.012604
2020,11500,14,-0.0075
2020,11540,14,0.002299
2020,11700,14,-0.011248
2020,12020,14,-0.000306
2020,12100,14,0.009729
2020,12220,14,-0.004234
2020,12420,14,0.006907
2020,12540,14,0.015689
2020,12580,14,-0.007224
2020,12620,14,0.005051
2020,12700,14,-0.005196
2020,12980,14,0.003041
2020,13020,14,-0.001657
2020,13380,14,0.008548
2020,13460,14,0.016345
2020,13780,14,-0.000619
2020,14260,14,0.012047
2020,14500,14,-0.021538
2020,14740,14,-0.004756
2020,14860,14,0.002258
2020,15180,14,0.000862
2020,15260,14,-0.009457
2020,15380,14,-0.006981
2020,15500,14,0.012626
2020,15540,14,-0.002432
2020,15940,14,-0.001471
2020,15980,14,0.003171
2020,16020,14,0.004419
2020,16180,14,-0.007228
2020,16220,14,0.012698
2020,16300,14,0.000152
2020,16700,14,-0.002366
2020,16860,14,7.1e-05
2020,16940,14,-0.003792
2020,17020,14,-0.046463
2020,17420,14,0.002204
2020,17660,14,0.011162
2020,17780,14,-0.007927
2020,17820,14,-0.004515
2020,17900,14,0.000648
2020,18020,14,0.01253
2020,18700,14,-0.000597
2020,19340,14,-0.00316
2020,19460,14,0.001808
2020,19500,14,0.000891
2020,19740,14,-0.014063
2020,20020,14,0.00525
2020,20100,14,0.004517
2020,20220,14,0.001305
2020,20740,14,-0.000411
2020,20940,14,-0.002918
2020,21140,14,-0.001499
2020,21300,14,0.00209
2020,21500,14,-0.003808
2020,21660,14,0.001485
2020,21820,14,-0.01765
2020,22020,14,-0.004692
2020,22140,14,-0.010994
2020,22380,14,-0.00799
2020,22420,14,-0.007211
2020,22500,14,-0.008235
2020,22520,14,-0.000822
2020,22540,14,0.005125
2020,22660,14,-0.006745
2020,23420,14,0.006411
2020,23460,14,-0.004705
2020,23580,14,-0.000692
2020,24020,14,-0.000123
2020,24220,14,-0.013687
2020,24300,14,-0.002333
2020,24500,14,-0.014578
2020,24540,14,0.003812
2020,24580,14,0.001398
2020,24660,14,0.002648
2020,25420,14,0.005008
2020,25500,14,-0.005256
2020,25540,14,0.002811
2020,25860,14,0.00413
2020,25980,14,0.019943
2020,26300,14,0.002585
2020,26380,14,-0.010775
2020,26620,14,0.016483
2020,26980,14,-0.006195
2020,27060,14,-0.002826
2020,27100,14,-8.6e-05
2020,27260,14,-0.000999
2020,27340,14,0.012904
2020,27500,14,0.000455
2020,27740,14,0.001062
2020,27780,14,-0.000857
2020,27860,14,-0.001911
2020,27900,14,0.006462
2020,28100,14,0.004786
2020,28420,14,0.008845
2020,28660,14,0.014407
2020,28700,14,0.001912
2020,28740,14,0.000821
2020,29100,14,-0.004237
2020,29340,14,-0.014129
2020,29420,14,0.004073
2020,29460,14,0.007963
2020,29540,14,0.002031
2020,29700,14,-0.001938
2020,29740,14,0.001748
2020,29820,14,0.007473
2020,29940,14,0.005899
2020,30140,14,0.005129
2020,30300,14,0.001692
2020,30340,14,0.003901
2020,30460,14,-0.007315
2020,30620,14,-0.002809
2020,30700,14,-0.003071
2020,30780,14,-0.002787
2020,30860,14,0.006455
2020,31020,14,0.00705
2020,31420,14,0.000183
2020,31700,14,0.001104
2020,31860,14,-0.003062
2020,32580,14,-0.002573
2020,32780,14,-0.000297
2020,32900,14,0.015459
2020,33140,14,0.001216
2020,33340,14,-0.002311
2020,33540,14,-0.003523
2020,33700,14,0.008372
2020,33780,14,0.000338
2020,33860,14,-9.8e-05
2020,34060,14,-0.007506
2020,34580,14,-0.001401
2020,34620,14,0.004432
2020,34740,14,-0.003713
2020,34940,14,0.002802
2020,35300,14,0.002381
2020,35660,14,-0.002561
2020,35840,14,-7.1e-05
2020,35980,14,-0.00214
2020,36100,14,0.005866
2020,36220,14,0.033141
2020,36420,14,0.001607
2020,36500,14,0.006079
2020,36540,14,0.00266
2020,36740,14,-0.007783
2020,36780,14,0.005687
2020,36980,14,-0.003522
2020,37100,14,-0.002942
2020,37340,14,-0.010196
2020,37860,14,0.006615
2020,38060,14,0.008341
2020,38300,14,-0.00491
2020,38340,14,-0.005748
2020,38860,14,0.000373
2020,38900,14,-0.007106
2020,38940,14,-0.004906
2020,39300,14,-0.003752
2020,39340,14,0.004754
2020,39380,14,-0.006369
2020,39460,14,0.003672
2020,39540,14,-0.001215
2020,39580,14,0.004587
2020,39740,14,0.003168
2020,39820,14,0.006304
2020,39900,14,-0.005851
2020,40140,14,0.008584
2020,40420,14,-0.000523
2020,40660,14,0.001163
2020,40900,14,0.004638
2020,40980,14,0.004687
2020,41060,14,0.009223
2020,41100,14,0.021012
2020,41140,14,-0.002734
2020,41420,14,-0.006752
2020,41500,14,0.000246
2020,41700,14,-0.002088
2020,41740,14,-0.003675
2020,41940,14,-0.015051
2020,42020,14,-0.004894
2020,42100,14,-0.009574
2020,42140,14,0.002183
2020,42220,14,-0.020466
2020,42340,14,-0.001042
2020,42540,14,0.002533
2020,42680,14,-0.003461
2020,43100,14,0.00215
2020,43620,14,0.005149
2020,43780,14,-2.4e-05
2020,44100,14,-0.006396
2020,44180,14,0.006028
2020,44220,14,-0.001337
2020,44300,14,-0.003201
2020,44700,14,0.011955
2020,45060,14,-0.002626
2020,45220,14,0.000102
2020,45820,14,-0.003212
2020,45940,14,0.000884
2020,46060,14,0.00515
2020,46140,14,-0.00326
2020,46340,14,0.003213
2020,46540,14,-0.005114
2020,46660,14,0.00801
2020,46700,14,0.004122
2020,47220,14,-0.000913
2020,47300,14,0.00393
2020,47940,14,-0.003607
2020,48300,14,-0.001363
2020,48540,14,-0.013052
2020,48660,14,0.002511
2020,48700,14,-0.002343
2020,49020,14,0.001038
2020,49420,14,0.001263
2020,49620,14,0.00429
2020,49660,14,-0.00339
2020,49740,14,0.004349
2020,10180,15,-0.006284
2020,10420,15,-0.000139
2020,10580,15,-0.003576
2020,10740,15,0.000787
2020,10780,15,-0.012137
2020,10900,15,0.005509
2020,11020,15,-0.005421
2020,11260,15,-0.001439
2020,11460,15,-0.012261
2020,11500,15,-0.006845
2020,11540,15,0.001402
2020,11700,15,-0.0142
2020,12020,15,-0.00056
2020,12100,15,0.013848
2020,12220,15,-0.00305
2020,12420,15,0.003885
2020,12540,15,0.01938
2020,12580,15,-0.005584
2020,12620,15,0.00464
2020,12700,15,-0.00616
2020,12980,15,0.003483
2020,13020,15,0.000671
2020,13380,15,0.006383
2020,13460,15,0.014654
2020,13780,15,-0.001358
2020,14260,15,0.012581
2020,14500,15,-0.026815
2020,14740,15,-0.007146
2020,14860,15,0.003815
2020,15180,15,0.002127
2020,15260,15,-0.0098
2020,15380,15,-0.008231
2020,15500,15,0.012751
2020,15540,15,-0.003577
2020,15940,15,-0.00012
2020,15980,15,0.00359
2020,16020,15,0.001223
2020,16180,15,-0.005907
2020,16220,15,0.010898
2020,16300,15,0.001919
2020,16700,15,-0.005329
2020,16860,15,-0.000849
2020,16940,15,-0.004064
2020,17020,15,-0.039669
2020,17420,15,0.002142
2020,17660,15,0.011231
2020,17780,15,-0.011004
2020,17820,15,-0.005206
2020,17900,15,0.000781
2020,18020,15,0.011028
2020,18700,15,-0.002877
2020,19340,15,-0.00384
2020,19460,15,0.001781
2020,19500,15,0.001527
2020,19740,15,-0.019112
2020,20020,15,0.005397
2020,20100,15,0.00558
2020,20220,15,0.001265
2020,20740,15,-0.001563
2020,20940,15,-0.001414
2020,21140,15,-0.002329
2020,21300,15,0.000676
2020,21500,15,-0.004727
2020,21660,15,0.000879
2020,21820,15,-0.019252
2020,22020,15,-0.00681
2020,22140,15,-0.009615
2020,22380,15,-0.007525
2020,22420,15,-0.005191
2020,22500,15,-0.00795
2020,22520,15,-0.000647
2020,22540,15,0.00466
2020,22660,15,-0.011247
2020,23420,15,0.009503
2020,23460,15,-0.004454
2020,23580,15,-0.000511
2020,24020,15,-0.000257
2020,24220,15,-0.016756
2020,24300,15,-0.002552
2020,24500,15,-0.015511
2020,24540,15,0.00072
2020,24580,15,0.001071
2020,24660,15,0.00292
2020,25420,15,0.005525
2020,25500,15,-0.004707
2020,25540,15,0.004299
2020,25860,15,0.002774
2020,25980,15,0.01901
2020,26300,15,0.00383
2020,26380,15,-0.010354
2020,26620,15,0.016587
2020,26980,15,-0.005031
2020,27060,15,-0.005302
2020,27100,15,-5.7e-05
2020,27260,15,-0.00019
2020,27340,15,0.01275
2020,27500,15,0.000122
2020,27740,15,3.5e-05
2020,27780,15,-0.000437
2020,27860,15,-0.000131
2020,27900,15,0.007863
2020,28100,15,0.005214
2020,28420,15,0.006732
2020,28660,15,0.01556
2020,28700,15,-0.000845
2020,28740,15,0.002634
2020,29100,15,-0.005777
2020,29340,15,-0.014884
2020,29420,15,0.007379
2020,29460,15,0.009099
2020,29540,15,0.001216
2020,29700,15,-0.00043
2020,29740,15,0.003754
2020,29820,15,0.010295
2020,29940,15,0.00744
2020,30140,15,0.005895
2020,30300,15,-0.000644
2020,30340,15,0.004024
2020,30460,15,-0.007838
2020,30620,15,-0.003609
2020,30700,15,-0.003002
2020,30780,15,-0.000675
2020,30860,15,0.004381
2020,31020,15,0.005808
2020,31420,15,0.00141
2020,31700,15,0.001077
2020,31860,15,-0.001709
2020,32580,15,-0.000488
2020,32780,15,0.000793
2020,32900,15,0.01825
2020,33140,15,0.001386
2020,33340,15,-0.001896
2020,33540,15,-0.003305
2020,33700,15,0.008661
2020,33780,15,0.000638
2020,33860,15,0.00114
2020,34060,15,-0.008957
2020,34580,15,-0.003365
2020,34620,15,0.004071
2020,34740,15,-0.005013
2020,34940,15,0.00129
2020,35300,15,0.003873
2020,35660,15,-0.00305
2020,35840,15,-0.000608
2020,35980,15,-0.001645
2020,36100,15,0.009121
2020,36220,15,0.030634
2020,36420,15,0.00254
2020,36500,15,0.005386
2020,36540,15,0.003712
2020,36740,15,-0.006323
2020,36780,15,0.004573
2020,36980,15,-0.00489
2020,37100,15,-0.001632
2020,37340,15,-0.011955
2020,37860,15,0.006957
2020,38060,15,0.010961
2020,38300,15,-0.00599
2020,38340,15,-0.007127
2020,38860,15,-0.00063
2020,38900,15,-0.011779
2020,38940,15,-0.006016
2020,39300,15,-0.003231
2020,39340,15,0.00483
2020,39380,15,-0.00703
2020,39460,15,0.004049
2020,39540,15,-0.000612
2020,39580,15,0.003546
2020,39740,15,0.003082
2020,39820,15,0.009815
2020,39900,15,-0.005761
2020,40140,15,0.010144
2020,40420,15,0.000719
2020,40660,15,0.00283
2020,40900,15,0.006429
2020,40980,15,0.006749
2020,41060,15,0.008936
2020,41100,15,0.023994
2020,41140,15,-0.005035
2020,41420,15,-0.009156
2020,41500,15,0.002097
2020,41700,15,-0.002925
2020,41740,15,-0.002828
2020,41940,15,-0.02058
2020,42020,15,-0.004432
2020,42100,15,-0.011442
2020,42140,15,0.003898
2020,42220,15,-0.021753
2020,42340,15,-0.000147
2020,42540,15,0.003253
2020,42680,15,-0.004171
2020,43100,15,0.000163
2020,43620,15,0.005423
2020,43780,15,-0.000887
2020,44100,15,-0.007095
2020,44180,15,0.006962
2020,44220,15,-1.5e-05
2020,44300,15,-0.005469
2020,44700,15,0.014056
2020,45060,15,-0.002375
2020,45220,15,0.001096
2020,45820,15,-0.001897
2020,45940,15,0.003705
2020,46060,15,0.008491
2020,46140,15,-0.002384
2020,46340,15,0.00409
2020,46540,15,-0.006177
2020,46660,15,0.00919
2020,46700,15,0.004305
2020,47220,15,0.000496
2020,47300,15,0.006689
2020,47940,15,-0.002996
2020,48300,15,-0.004116
2020,48540,15,-0.014189
2020,48660,15,0.001727
2020,48700,15,-0.00291
2020,49020,15,0.004589
2020,49420,15,-0.000131
2020,49620,15,0.005055
2020,49660,15,-0.002372
2020,49740,15,0.008547
2020,10180,16,-0.006088
2020,10420,16,0.001431
2020,10580,16,-0.002165
2020,10740,16,0.002139
2020,10780,16,-0.010246
2020,10900,16,0.004816
2020,11020,16,-0.006131
2020,11260,16,0.001784
2020,11460,16,-0.012932
2020,11500,16,-0.006926
2020,11540,16,0.000181
2020,11700,16,-0.015475
2020,12020,16,-0.00269
2020,12100,16,0.01776
2020,12220,16,-0.003181
2020,12420,16,0.002288
2020,12540,16,0.021035
2020,12580,16,-0.003474
2020,12620,16,0.003723
2020,12700,16,-0.008471
2020,12980,16,0.002324
2020,13020,16,0.002282
2020,13380,16,0.00478
2020,13460,16,0.013341
2020,13780,16,-0.002974
2020,14260,16,0.010787
2020,14500,16,-0.027432
2020,14740,16,-0.008033
2020,14860,16,0.005071
2020,15180,16,0.002447
2020,15260,16,-0.009769
2020,15380,16,-0.008312
2020,15500,16,0.01182
2020,15540,16,-0.003982
2020,15940,16,0.001254
2020,15980,16,0.004361
2020,16020,16,-0.007547
2020,16180,16,-0.00291
2020,16220,16,0.012694
2020,16300,16,0.004086
2020,16700,16,-0.006747
2020,16860,16,-0.001748
2020,16940,16,-0.003543
2020,17020,16,-0.044663
2020,17420,16,0.000887
2020,17660,16,0.009989
2020,17780,16,-0.011401
2020,17820,16,-0.006414
2020,17900,16,0.000906
2020,18020,16,0.011511
2020,18700,16,-0.005871
2020,19340,16,-0.002879
2020,19460,16,0.002706
2020,19500,16,0.004502
2020,19740,16,-0.02089
2020,20020,16,0.006319
2020,20100,16,0.007393
2020,20220,16,0.00286
2020,20740,16,-0.001676
2020,20940,16,-0.000879
2020,21140,16,-0.002813
2020,21300,16,-0.001647
2020,21500,16,-0.004823
2020,21660,16,0.000156
2020,21820,16,-0.019795
2020,22020,16,-0.00716
2020,22140,16,-0.007863
2020,22380,16,-0.00626
2020,22420,16,-0.003041
2020,22500,16,-0.005293
2020,22520,16,0.000422
2020,22540,16,0.005028
2020,22660,16,-0.01277
2020,23420,16,0.011811
2020,23460,16,-0.004024
2020,23580,16,0.000357
2020,24020,16,0.00073
2020,24220,16,-0.01858
2020,24300,16,-0.002918
2020,24500,16,-0.014884
2020,24540,16,-0.001218
2020,24580,16,0.000958
2020,24660,16,0.003193
2020,25420,16,0.007439
2020,25500,16,-0.004352
2020,25540,16,0.006238
2020,25860,16,-0.002434
2020,25980,16,0.021413
2020,26300,16,0.004276
2020,26380,16,-0.008781
2020,26620,16,0.016113
2020,26980,16,-0.002751
2020,27060,16,-0.005524
2020,27100,16,-0.003558
2020,27260,16,0.00046
2020,27340,16,0.009033
2020,27500,16,-0.000445
2020,27740,16,-0.002202
2020,27780,16,0.000165
2020,27860,16,0.002112
2020,27900,16,0.009792
2020,28100,16,0.006537
2020,28420,16,0.003775
2020,28660,16,0.015292
2020,28700,16,-0.006565
2020,28740,16,0.002746
2020,29100,16,-0.006225
2020,29340,16,-0.01416
2020,29420,16,0.009526
2020,29460,16,0.008183
2020,29540,16,-0.000554
2020,29700,16,0.000446
2020,29740,16,0.005503
2020,29820,16,0.010198
2020,29940,16,0.010367
2020,30140,16,0.005183
2020,30300,16,-0.007601
2020,30340,16,0.004606
2020,30460,16,-0.00762
2020,30620,16,-0.004183
2020,30700,16,-0.001443
2020,30780,16,0.001219
2020,30860,16,0.000552
2020,31020,16,0.004202
2020,31420,16,0.002172
2020,31700,16,0.001243
2020,31860,16,-0.000364
2020,32580,16,0.001512
2020,32780,16,0.001418
2020,32900,16,0.019461
2020,33140,16,0.00183
2020,33340,16,-7e-05
2020,33540,16,-0.002629
2020,33700,16,0.004846
2020,33780,16,-0.001836
2020,33860,16,0.002419
2020,34060,16,-0.009154
2020,34580,16,-0.00509
2020,34620,16,0.002383
2020,34740,16,-0.009228
2020,34940,16,0.00021
2020,35300,16,0.004449
2020,35660,16,-0.004694
2020,35840,16,-0.00068
2020,35980,16,-0.001558
2020,36100,16,0.011201
2020,36220,16,0.026467
2020,36420,16,0.00362
2020,36500,16,0.004406
2020,36540,16,0.005138
2020,36740,16,-0.007003
2020,36780,16,0.003884
2020,36980,16,-0.005602
2020,37100,16,0.00039
2020,37340,16,-0.013707
2020,37860,16,0.006468
2020,38060,16,0.01239
2020,38300,16,-0.006479
2020,38340,16,-0.0084
2020,38860,16,-0.001059
2020,38900,16,-0.01313
2020,38940,16,-0.006868
2020,39300,16,-0.002549
2020,39340,16,0.004779
2020,39380,16,-0.007765
2020,39460,16,0.004651
2020,39540,16,-0.000761
2020,39580,16,0.003011
2020,39740,16,0.000623
2020,39820,16,0.01095
2020,39900,16,-0.005149
2020,40140,16,0.01093
2020,40420,16,0.002778
2020,40660,16,0.004037
2020,40900,16,0.008393
2020,40980,16,0.007379
2020,41060,16,0.004168
2020,41100,16,0.024053
2020,41140,16,-0.01152
2020,41420,16,-0.010955
2020,41500,16,0.003535
2020,41700,16,-0.00388
2020,41740,16,-0.001058
2020,41940,16,-0.021443
2020,42020,16,-0.003086
2020,42100,16,-0.010728
2020,42140,16,0.004427
2020,42220,16,-0.019043
2020,42340,16,0.001049
2020,42540,16,0.003295
2020,42680,16,-0.005019
2020,43100,16,-0.003194
2020,43620,16,0.006996
2020,43780,16,-0.00081
2020,44100,16,-0.004962
2020,44180,16,0.007409
2020,44220,16,0.0009
2020,44300,16,-0.008348
2020,44700,16,0.014984
2020,45060,16,-0.000867
2020,45220,16,0.001248
2020,45820,16,0.000643
2020,45940,16,0.005856
2020,46060,16,0.009815
2020,46140,16,-0.001065
2020,46340,16,0.005248
2020,46540,16,-0.005856
2020,46660,16,0.010871
2020,46700,16,0.003282
2020,47220,16,0.001455
2020,47300,16,0.008584
2020,47940,16,-0.00111
2020,48300,16,-0.00494
2020,48540,16,-0.013226
2020,48660,16,-0.004161
2020,48700,16,-0.002156
2020,49020,16,0.006252
2020,49420,16,-0.00082
2020,49620,16,0.004331
2020,49660,16,-0.000459
2020,49740,16,0.01173
2020,10180,17,-0.007367
2020,10420,17,0.000979
2020,10580,17,-0.003069
2020,10740,17,-0.004046
2020,10780,17,-0.01543
2020,10900,17,0.008616
2020,11020,17,-0.007648
2020,11260,17,-0.011182
2020,11460,17,-0.008944
2020,11500,17,-0.008044
2020,11540,17,0.001214
2020,11700,17,-0.015132
2020,12020,17,0.00095
2020,12100,17,0.015895
2020,12220,17,0.000198
2020,12420,17,0.007244
2020,12540,17,0.019135
2020,12580,17,-0.009034
2020,12620,17,0.003196
2020,12700,17,-0.005353
2020,12980,17,0.004486
2020,13020,17,0.00102
2020,13380,17,0.006626
2020,13460,17,0.019484
2020,13780,17,-0.00507
2020,14260,17,0.019403
2020,14500,17,-0.029503
2020,14740,17,-0.006011
2020,14860,17,0.002829
2020,15180,17,0.00047
2020,15260,17,-0.009532
2020,15380,17,-0.005987
2020,15500,17,0.011926
2020,15540,17,-0.005186
2020,15940,17,3.9e-05
2020,15980,17,0.010061
2020,16020,17,-0.005008
2020,16180,17,0.002772
2020,16220,17,-0.001663
2020,16300,17,0.002519
2020,16700,17,-0.004152
2020,16860,17,-0.003055
2020,16940,17,-0.008491
2020,17020,17,-0.040041
2020,17420,17,0.004026
2020,17660,17,0.016037
2020,17780,17,-0.01009
2020,17820,17,-0.004342
2020,17900,17,-0.001863
2020,18020,17,0.009479
2020,18700,17,-0.006301
2020,19340,17,-0.007828
2020,19460,17,0.000928
2020,19500,17,-0.003615
2020,19740,17,-0.019434
2020,20020,17,0.00453
2020,20100,17,0.003671
2020,20220,17,0.000143
2020,20740,17,-0.00131
2020,20940,17,-0.000703
2020,21140,17,-0.000845
2020,21300,17,-0.004016
2020,21500,17,-0.007288
2020,21660,17,0.000658
2020,21820,17,-0.030465
2020,22020,17,-0.007662
2020,22140,17,-0.020951
2020,22380,17,-0.00738
2020,22420,17,0.000697
2020,22500,17,-0.013693
2020,22520,17,-0.00208
2020,22540,17,0.003293
2020,22660,17,-0.01157
2020,23420,17,0.012362
2020,23460,17,-0.00655
2020,23580,17,0.002975
2020,24020,17,-0.001463
2020,24220,17,-0.022768
2020,24300,17,-0.003893
2020,24500,17,-0.023177
2020,24540,17,0.00527
2020,24580,17,0.001919
2020,24660,17,0.000195
2020,25420,17,0.007324
2020,25500,17,-0.0088
2020,25540,17,0.002244
2020,25860,17,-0.001837
2020,25980,17,0.012481
2020,26300,17,0.002918
2020,26380,17,-0.01568
2020,26620,17,0.017679
2020,26980,17,-0.003946
2020,27060,17,-0.008229
2020,27100,17,0.002532
2020,27260,17,0.00518
2020,27340,17,0.005773
2020,27500,17,0.002279
2020,27740,17,-0.001185
2020,27780,17,-0.003858
2020,27860,17,0.000707
2020,27900,17,0.007695
2020,28100,17,0.002482
2020,28420,17,0.005042
2020,28660,17,0.018173
2020,28700,17,-0.009176
2020,28740,17,0.005943
2020,29100,17,-0.007573
2020,29340,17,-0.016496
2020,29420,17,0.012729
2020,29460,17,0.018106
2020,29540,17,0.003123
2020,29700,17,3e-06
2020,29740,17,-0.001291
2020,29820,17,0.020223
2020,29940,17,0.009678
2020,30140,17,0.007227
2020,30300,17,-0.008946
2020,30340,17,0.005511
2020,30460,17,-0.005852
2020,30620,17,-0.005944
2020,30700,17,0.000194
2020,30780,17,-0.001518
2020,30860,17,0.002375
2020,31020,17,0.008925
2020,31420,17,-0.001639
2020,31700,17,0.004618
2020,31860,17,0.001052
2020,32580,17,0.000931
2020,32780,17,0.002987
2020,32900,17,0.024829
2020,33140,17,0.00052
2020,33340,17,-0.00134
2020,33540,17,-0.006045
2020,33700,17,0.011177
2020,33780,17,0.003322
2020,33860,17,-0.000181
2020,34060,17,-0.016269
2020,34580,17,-0.001766
2020,34620,17,0.001345
2020,34740,17,-0.001908
2020,34940,17,0.005114
2020,35300,17,0.002345
2020,35660,17,-0.004027
2020,35840,17,0.005642
2020,35980,17,-0.002855
2020,36100,17,0.016562
2020,36220,17,0.026703
2020,36420,17,0.003088
2020,36500,17,0.006905
2020,36540,17,0.007314
2020,36740,17,0.00107
2020,36780,17,0.004015
2020,36980,17,-0.004561
2020,37100,17,-0.003763
2020,37340,17,-0.004145
2020,37860,17,0.010121
2020,38060,17,0.016048
2020,38300,17,-0.005132
2020,38340,17,-0.010649
2020,38860,17,0.001494
2020,38900,17,-0.014456
2020,38940,17,0.003122
2020,39300,17,0.000712
2020,39340,17,0.007153
2020,39380,17,-0.00652
2020,39460,17,0.011997
2020,39540,17,0.001261
2020,39580,17,0.004083
2020,39740,17,0.004606
2020,39820,17,0.009988
2020,39900,17,0.002175
2020,40140,17,0.011863
2020,40420,17,0.000464
2020,40660,17,0.002796
2020,40900,17,0.009667
2020,40980,17,0.007837
2020,41060,17,0.010701
2020,41100,17,0.030104
2020,41140,17,-0.009289
2020,41420,17,-0.007219
2020,41500,17,0.004673
2020,41700,17,0.000595
2020,41740,17,-0.003434
2020,41940,17,-0.025861
2020,42020,17,-0.006133
2020,42100,17,-0.014039
2020,42140,17,0.001335
2020,42220,17,-0.023173
2020,42340,17,-0.000217
2020,42540,17,0.002595
2020,42680,17,0.004006
2020,43100,17,-0.001396
2020,43620,17,0.009185
2020,43780,17,-0.000448
2020,44100,17,-0.01232
2020,44180,17,0.009689
2020,44220,17,7.6e-05
2020,44300,17,-0.005971
2020,44700,17,0.01957
2020,45060,17,-0.00163
2020,45220,17,0.001258
2020,45820,17,-0.001718
2020,45940,17,0.006317
2020,46060,17,0.009857
2020,46140,17,-0.002371
2020,46340,17,0.006227
2020,46540,17,-0.006422
2020,46660,17,0.004078
2020,46700,17,0.006856
2020,47220,17,0.00035
2020,47300,17,0.007644
2020,47940,17,-0.005408
2020,48300,17,-0.00641
2020,48540,17,-0.02136
2020,48660,17,-0.001576
2020,48700,17,-0.005798
2020,49020,17,0.00588
2020,49420,17,-0.004301
2020,49620,17,0.00731
2020,49660,17,-0.003214
2020,49740,17,0.009133
2020,10180,18,-0.006753
2020,10420,18,-0.00167
2020,10580,18,-0.003479
2020,10740,18,-0.004037
2020,10780,18,-0.016615
2020,10900,18,0.003825
2020,11020,18,-0.005565
2020,11260,18,-0.008301
2020,11460,18,-0.010269
2020,11500,18,-0.006976
2020,11540,18,0.00321
2020,11700,18,-0.010906
2020,12020,18,0.000621
2020,12100,18,0.011345
2020,12220,18,-0.001879
2020,12420,18,0.009064
2020,12540,18,0.014472
2020,12580,18,-0.011246
2020,12620,18,0.004908
2020,12700,18,-0.00639
2020,12980,18,0.002322
2020,13020,18,-0.001059
2020,13380,18,0.009236
2020,13460,18,0.017381
2020,13780,18,-0.00283
2020,14260,18,0.01657
2020,14500,18,-0.021034
2020,14740,18,-0.003501
2020,14860,18,0.000227
2020,15180,18,0.001399
2020,15260,18,-0.009547
2020,15380,18,-0.005381
2020,15500,18,0.013561
2020,15540,18,-0.002745
2020,15940,18,-0.002868
2020,15980,18,0.005279
2020,16020,18,-0.002859
2020,16180,18,-0.003757
2020,16220,18,0.004456
2020,16300,18,0.000217
2020,16700,18,-0.002319
2020,16860,18,0.000237
2020,16940,18,-0.006533
2020,17020,18,-0.033199
2020,17420,18,0.004023
2020,17660,18,0.013679
2020,17780,18,-0.006582
2020,17820,18,-0.001982
2020,17900,18,-0.0005
2020,18020,18,0.010164
2020,18700,18,-0.002421
2020,19340,18,-0.005803
2020,19460,18,0.002202
2020,19500,18,-0.000929
2020,19740,18,-0.0132
2020,20020,18,0.002233
2020,20100,18,0.002256
2020,20220,18,4.6e-05
2020,20740,18,0.000818
2020,20940,18,-0.002834
2020,21140,18,-0.000555
2020,21300,18,-0.001998
2020,21500,18,-0.005669
2020,21660,18,-1e-05
2020,21820,18,-0.023865
2020,22020,18,-0.002386
2020,22140,18,-0.016502
2020,22380,18,-0.009472
2020,22420,18,-0.006365
2020,22500,18,-0.012593
2020,22520,18,-0.000912
2020,22540,18,0.006593
2020,22660,18,-0.006646
2020,23420,18,0.005033
2020,23460,18,-0.004808
2020,23580,18,0.00019
2020,24020,18,-5.4e-05
2020,24220,18,-0.012262
2020,24300,18,-0.000943
2020,24500,18,-0.018044
2020,24540,18,0.005197
2020,24580,18,0.002236
2020,24660,18,0.001302
2020,25420,18,0.005174
2020,25500,18,-0.00669
2020,25540,18,0.001576
2020,25860,18,0.002835
2020,25980,18,0.016309
2020,26300,18,0.004078
2020,26380,18,-0.013965
2020,26620,18,0.017265
2020,26980,18,-0.004963
2020,27060,18,-0.003161
2020,27100,18,-0.001048
2020,27260,18,-0.000512
2020,27340,18,0.017665
2020,27500,18,0.003547
2020,27740,18,-0.000204
2020,27780,18,-0.00113
2020,27860,18,-0.002086
2020,27900,18,0.006697
2020,28100,18,0.004241
2020,28420,18,0.010935
2020,28660,18,0.016451
2020,28700,18,-0.002936
2020,28740,18,0.004778
2020,29100,18,-0.004741
2020,29340,18,-0.013725
2020,29420,18,0.004098
2020,29460,18,0.011127
2020,29540,18,0.002034
2020,29700,18,-0.002178
2020,29740,18,0.000235
2020,29820,18,0.01297
2020,29940,18,0.00693
2020,30140,18,0.007095
2020,30300,18,-0.002552
2020,30340,18,0.007252
2020,30460,18,-0.006271
2020,30620,18,-0.003896
2020,30700,18,-0.000973
2020,30780,18,-0.003948
2020,30860,18,0.008267
2020,31020,18,0.008054
2020,31420,18,-0.001515
2020,31700,18,0.001301
2020,31860,18,-0.001985
2020,32580,18,-0.003316
2020,32780,18,-0.001656
2020,32900,18,0.018802
2020,33140,18,0.002805
2020,33340,18,-0.002717
2020,33540,18,-0.004698
2020,33700,18,0.009441
2020,33780,18,-0.002213
2020,33860,18,-0.002703
2020,34060,18,-0.010735
2020,34580,18,0.000289
2020,34620,18,0.001507
2020,34740,18,-0.003431
2020,34940,18,0.006196
2020,35300,18,0.001824
2020,35660,18,-0.003847
2020,35840,18,0.002385
2020,35980,18,-0.004146
2020,36100,18,0.00729
2020,36220,18,0.036813
2020,36420,18,-0.000456
2020,36500,18,0.007345
2020,36540,18,0.004908
2020,36740,18,-0.004337
2020,36780,18,0.005829
2020,36980,18,-0.004489
2020,37100,18,-0.004884
2020,37340,18,-0.005376
2020,37860,18,0.007139
2020,38060,18,0.008354
2020,38300,18,-0.006207
2020,38340,18,-0.005264
2020,38860,18,0.001657
2020,38900,18,-0.007916
2020,38940,18,-0.000602
2020,39300,18,-0.002719
2020,39340,18,0.004834
2020,39380,18,-0.00362
2020,39460,18,0.006209
2020,39540,18,0.001655
2020,39580,18,0.003713
2020,39740,18,0.002752
2020,39820,18,0.003143
2020,39900,18,-0.002048
2020,40140,18,0.009807
2020,40420,18,0.000234
2020,40660,18,0.002696
2020,40900,18,0.004316
2020,40980,18,0.004663
2020,41060,18,0.005689
2020,41100,18,0.021582
2020,41140,18,-0.005413
2020,41420,18,-0.005171
2020,41500,18,0.000477
2020,41700,18,-0.000736
2020,41740,18,-0.005953
2020,41940,18,-0.016324
2020,42020,18,-0.007156
2020,42100,18,-0.011517
2020,42140,18,0.002422
2020,42220,18,-0.02
2020,42340,18,-0.002879
2020,42540,18,0.002476
2020,42680,18,-9.8e-05
2020,43100,18,0.001671
2020,43620,18,0.006808
2020,43780,18,0.001052
2020,44100,18,-0.009573
2020,44180,18,0.008081
2020,44220,18,0.000146
2020,44300,18,-0.002833
2020,44700,18,0.013831
2020,45060,18,-0.002606
2020,45220,18,-0.000349
2020,45820,18,-0.002973
2020,45940,18,0.00077
2020,46060,18,0.004076
2020,46140,18,-0.004921
2020,46340,18,0.002804
2020,46540,18,-0.004081
2020,46660,18,0.00727
2020,46700,18,0.006768
2020,47220,18,-0.001391
2020,47300,18,0.002946
2020,47940,18,-0.005857
2020,48300,18,-0.002765
2020,48540,18,-0.016077
2020,48660,18,-0.000824
2020,48700,18,-0.002837
2020,49020,18,0.000458
2020,49420,18,0.002366
2020,49620,18,0.003722
2020,49660,18,-0.005005
2020,49740,18,0.00224
2020,10180,19,-0.005346
2020,10420,19,-0.000821
2020,10580,19,-0.004788
2020,10740,19,0.002712
2020,10780,19,-0.010541
2020,10900,19,0.005687
2020,11020,19,-0.004241
2020,11260,19,0.001216
2020,11460,19,-0.013618
2020,11500,19,-0.006736
2020,11540,19,0.001204
2020,11700,19,-0.013792
2020,12020,19,-3.1e-05
2020,12100,19,0.010831
2020,12220,19,-0.005224
2020,12420,19,0.001638
2020,12540,19,0.01952
2020,12580,19,-0.003792
2020,12620,19,0.005231
2020,12700,19,-0.004532
2020,12980,19,0.004468
2020,13020,19,-0.000251
2020,13380,19,0.006235
2020,13460,19,0.013212
2020,13780,19,0.000687
2020,14260,19,0.009735
2020,14500,19,-0.027432
2020,14740,19,-0.007648
2020,14860,19,0.004375
2020,15180,19,0.002089
2020,15260,19,-0.009762
2020,15380,19,-0.009214
2020,15500,19,0.012826
2020,15540,19,-0.00357
2020,15940,19,2.3e-05
2020,15980,19,0.000444
2020,16020,19,0.009366
2020,16180,19,-0.009422
2020,16220,19,0.015792
2020,16300,19,0.001007
2020,16700,19,-0.005391
2020,16860,19,-1e-06
2020,16940,19,-0.002499
2020,17020,19,-0.044562
2020,17420,19,0.001431
2020,17660,19,0.009216
2020,17780,19,-0.012291
2020,17820,19,-0.006484
2020,17900,19,0.001446
2020,18020,19,0.012063
2020,18700,19,-0.000326
2020,19340,19,-0.002724
2020,19460,19,0.001537
2020,19500,19,0.00164
2020,19740,19,-0.019277
2020,20020,19,0.006785
2020,20100,19,0.00567
2020,20220,19,0.001735
2020,20740,19,-0.002787
2020,20940,19,-0.001594
2020,21140,19,-0.002774
2020,21300,19,0.004126
2020,21500,19,-0.00357
2020,21660,19,0.002055
2020,21820,19,-0.014838
2020,22020,19,-0.009098
2020,22140,19,-0.006149
2020,22380,19,-0.007089
2020,22420,19,-0.006874
2020,22500,19,-0.006272
2020,22520,19,-0.000831
2020,22540,19,0.003627
2020,22660,19,-0.011242
2020,23420,19,0.009141
2020,23460,19,-0.004192
2020,23580,19,-0.001774
2020,24020,19,-0.000866
2020,24220,19,-0.016512
2020,24300,19,-0.003009
2020,24500,19,-0.013131
2020,24540,19,-0.000545
2020,24580,19,0.000208
2020,24660,19,0.004173
2020,25420,19,0.004089
2020,25500,19,-0.003567
2020,25540,19,0.004233
2020,25860,19,0.006827
2020,25980,19,0.020684
2020,26300,19,0.003397
2020,26380,19,-0.008869
2020,26620,19,0.01577
2020,26980,19,-0.007168
2020,27060,19,-0.005011
2020,27100,19,0.001853
2020,27260,19,-0.001699
2020,27340,19,0.012204
2020,27500,19,-0.001417
2020,27740,19,0.001871
2020,27780,19,-0.000212
2020,27860,19,-0.001394
2020,27900,19,0.00732
2020,28100,19,0.00523
2020,28420,19,0.006463
2020,28660,19,0.014294
2020,28700,19,0.005441
2020,28740,19,0.00036
2020,29100,19,-0.005531
2020,29340,19,-0.01582
2020,29420,19,0.006455
2020,29460,19,0.007207
2020,29540,19,0.001903
2020,29700,19,-0.000909
2020,29740,19,0.004199
2020,29820,19,0.006815
2020,29940,19,0.005193
2020,30140,19,0.004883
2020,30300,19,0.005885
2020,30340,19,0.001907
2020,30460,19,-0.009145
2020,30620,19,-0.00259
2020,30700,19,-0.005505
2020,30780,19,-0.000691
2020,30860,19,0.005796
2020,31020,19,0.006201
2020,31420,19,0.002934
2020,31700,19,0.000691
2020,31860,19,-0.00303
2020,32580,19,-0.001279
2020,32780,19,0.001054
2020,32900,19,0.015918
2020,33140,19,0.0004
2020,33340,19,-0.002687
2020,33540,19,-0.002825
2020,33700,19,0.009833
2020,33780,19,0.002898
2020,33860,19,0.00216
2020,34060,19,-0.006128
2020,34580,19,-0.00373
2020,34620,19,0.00654
2020,34740,19,-0.003417
2020,34940,19,-0.001358
2020,35300,19,0.004034
2020,35660,19,-0.001499
2020,35840,19,-0.003473
2020,35980,19,-0.000546
2020,36100,19,0.00695
2020,36220,19,0.030898
2020,36420,19,0.003139
2020,36500,19,0.004652
2020,36540,19,0.001515
2020,36740,19,-0.009261
2020,36780,19,0.004628
2020,36980,19,-0.004042
2020,37100,19,-0.001078
2020,37340,19,-0.01406
2020,37860,19,0.006934
2020,38060,19,0.01002
2020,38300,19,-0.005095
2020,38340,19,-0.006565
2020,38860,19,-0.001631
2020,38900,19,-0.011235
2020,38940,19,-0.008742
2020,39300,19,-0.004242
2020,39340,19,0.003899
2020,39380,19,-0.007697
2020,39460,19,0.001261
2020,39540,19,-0.002321
2020,39580,19,0.003252
2020,39740,19,0.004283
2020,39820,19,0.011535
2020,39900,19,-0.009253
2020,40140,19,0.008951
2020,40420,19,-0.000523
2020,40660,19,0.002206
2020,40900,19,0.005501
2020,40980,19,0.006597
2020,41060,19,0.013193
2020,41100,19,0.022405
2020,41140,19,-0.000371
2020,41420,19,-0.009248
2020,41500,19,0.001543
2020,41700,19,-0.003446
2020,41740,19,-0.002401
2020,41940,19,-0.019871
2020,42020,19,-0.003626
2020,42100,19,-0.010385
2020,42140,19,0.004408
2020,42220,19,-0.023947
2020,42340,19,1.6e-05
2020,42540,19,0.003385
2020,42680,19,-0.006394
2020,43100,19,0.001932
2020,43620,19,0.002841
2020,43780,19,-0.001606
2020,44100,19,-0.006242
2020,44180,19,0.005776
2020,44220,19,-0.001132
2020,44300,19,-0.004501
2020,44700,19,0.012361
2020,45060,19,-0.003035
2020,45220,19,0.001388
2020,45820,19,-0.00271
2020,45940,19,0.002573
2020,46060,19,0.008734
2020,46140,19,-0.001982
2020,46340,19,0.004087
2020,46540,19,-0.006758
2020,46660,19,0.009021
2020,46700,19,0.003249
2020,47220,19,0.000372
2020,47300,19,0.006364
2020,47940,19,-0.002051
2020,48300,19,-0.00321
2020,48540,19,-0.011777
2020,48660,19,0.006671
2020,48700,19,-0.002754
2020,49020,19,0.00413
2020,49420,19,0.000183
2020,49620,19,0.005584
2020,49660,19,-0.002206
2020,49740,19,0.008494
