origin_year,cbsa_code,member,y_pred
2014,10180,0,-0.006245
2014,10420,0,0.000365
2014,10580,0,0.002155
2014,10740,0,-0.007695
2014,10780,0,-0.004782
2014,10900,0,0.001707
2014,11020,0,-0.004749
2014,11260,0,-0.004303
2014,11460,0,0.007061
2014,11500,0,-0.005194
2014,11540,0,0.003815
2014,11700,0,0.002245
2014,12020,0,-0.000485
2014,12100,0,0.003305
2014,12220,0,0.011748
2014,12420,0,0.018976
2014,12540,0,0.005454
2014,12580,0,-0.002443
2014,12620,0,-0.001912
2014,12700,0,0.000508
2014,12980,0,0.001145
2014,13020,0,-0.001331
2014,13380,0,-0.004593
2014,13460,0,0.017243
2014,13780,0,-0.00197
2014,14260,0,0.012052
2014,14500,0,-0.000709
2014,14740,0,-0.009743
2014,14860,0,0.003395
2014,15180,0,-0.004374
2014,15260,0,-0.002322
2014,15380,0,-0.000282
2014,15500,0,-0.004563
2014,15540,0,0.00229
2014,15940,0,-7e-06
2014,15980,0,0.01545
2014,16180,0,-0.009804
2014,16220,0,0.010625
2014,16300,0,-0.004787
2014,16700,0,0.011413
2014,16860,0,-0.003057
2014,16940,0,-0.001674
2014,17020,0,-0.00209
2014,17420,0,0.001775
2014,17660,0,0.005684
2014,17780,0,0.005019
2014,17820,0,0.000754
2014,17900,0,0.001485
2014,18020,0,0.004414
2014,18700,0,-0.007406
2014,19140,0,-0.006887
2014,19340,0,0.000757
2014,19460,0,-0.006421
2014,19500,0,-0.005291
2014,19740,0,0.006244
2014,20020,0,-0.001406
2014,20100,0,0.002802
2014,20220,0,-0.002441
2014,20740,0,0.005225
2014,20940,0,-0.003852
2014,21140,0,0.004411
2014,21300,0,-0.006141
2014,21500,0,-0.00072
2014,21660,0,-0.004523
2014,21820,0,-0.009894
2014,22020,0,0.019381
2014,22140,0,-0.01825
2014,22380,0,0.000714
2014,22420,0,0.000536
2014,22500,0,-0.007486
2014,22520,0,-0.001333
2014,22540,0,-0.001536
2014,22660,0,0.004143
2014,23420,0,0.002064
2014,23460,0,-0.005084
2014,23580,0,0.004584
2014,24020,0,-0.001272
2014,24140,0,-0.006965
2014,24220,0,0.007406
2014,24300,0,-0.006743
2014,24500,0,-0.006396
2014,24540,0,0.007768
2014,24580,0,0.002597
2014,24660,0,-0.002836
2014,25260,0,-0.00787
2014,25420,0,0.003145
2014,25500,0,-0.000854
2014,25540,0,-0.001521
2014,25860,0,-0.008337
2014,25980,0,-0.011821
2014,26300,0,-0.006774
2014,26380,0,-0.002545
2014,26620,0,0.007538
2014,26980,0,0.006396
2014,27060,0,0.00566
2014,27100,0,0.00306
2014,27260,0,0.00717
2014,27340,0,0.005199
2014,27500,0,0.002093
2014,27620,0,-0.008259
2014,27740,0,-0.000467
2014,27780,0,-0.006277
2014,27860,0,0.001941
2014,27900,0,-0.006535
2014,28100,0,-0.004087
2014,28420,0,-2.3e-05
2014,28660,0,-0.001133
2014,28700,0,-0.008363
2014,28740,0,-0.002178
2014,29100,0,0.00225
2014,29340,0,-0.002228
2014,29420,0,-0.004536
2014,29460,0,0.005409
2014,29540,0,0.003851
2014,29700,0,0.003225
2014,29740,0,-0.009424
2014,29820,0,0.013539
2014,29940,0,0.001595
2014,30140,0,0.000849
2014,30300,0,-0.006556
2014,30340,0,-0.001348
2014,30460,0,0.004812
2014,30620,0,-0.003867
2014,30700,0,0.001409
2014,30780,0,-0.000257
2014,30860,0,-0.001551
2014,31020,0,-0.008665
2014,31420,0,-0.010893
2014,31700,0,0.000539
2014,31900,0,-0.004752
2014,32580,0,0.001427
2014,32780,0,0.002203
2014,32900,0,0.0044
2014,33140,0,0.00041
2014,33340,0,0.001133
2014,33540,0,-0.004999
2014,33700,0,0.006828
2014,33780,0,-0.001279
2014,33860,0,-0.006014
2014,34060,0,-0.001599
2014,34580,0,-0.003693
2014,34620,0,-0.000927
2014,34740,0,0.003764
2014,34900,0,0.003821
2014,34940,0,0.014088
2014,35300,0,-0.002813
2014,35660,0,-0.003182
2014,35980,0,-0.002799
2014,36100,0,0.001127
2014,36220,0,0.018588
2014,36420,0,0.005593
2014,36500,0,0.000388
2014,36540,0,0.001583
2014,36740,0,0.014327
2014,36780,0,0.002055
2014,36980,0,-2.2e-05
2014,37100,0,-0.001023
2014,37340,0,0.002746
2014,37860,0,0.001265
2014,38060,0,0.011758
2014,38300,0,0.000356
2014,38340,0,-0.003586
2014,38860,0,0.00255
2014,38900,0,0.002307
2014,38940,0,0.00733
2014,39300,0,0.000354
2014,39340,0,0.008254
2014,39380,0,-0.008764
2014,39460,0,0.007025
2014,39540,0,0.00073
2014,39580,0,0.01433
2014,39740,0,0.001388
2014,39820,0,-0.001572
2014,39900,0,0.007323
2014,40140,0,0.004686
2014,40220,0,-0.005399
2014,40420,0,-0.002942
2014,40580,0,-0.010422
2014,40660,0,-0.008085
2014,40900,0,0.005463
2014,40980,0,-0.005239
2014,41060,0,-0.002625
2014,41100,0,0.014221
2014,41140,0,-0.008837
2014,41420,0,-0.00369
2014,41500,0,0.000771
2014,41700,0,0.005913
2014,41740,0,0.00232
2014,41940,0,0.004843
2014,42020,0,-0.000578
2014,42100,0,0.001057
2014,42140,0,-0.006743
2014,42220,0,0.002892
2014,42340,0,0.002836
2014,42540,0,-0.003297
2014,42680,0,0.003357
2014,43100,0,-0.000291
2014,43300,0,-0.004467
2014,43620,0,0.012131
2014,43780,0,0.000256
2014,44100,0,-0.001523
2014,44180,0,-0.000143
2014,44220,0,-0.002329
2014,44300,0,0.003688
2014,44700,0,0.004921
2014,45060,0,0.000152
2014,45220,0,-0.00694
2014,45820,0,-0.008725
2014,45940,0,0.003342
2014,46060,0,-0.002481
2014,46140,0,5.5e-05
2014,46340,0,-0.004303
2014,46540,0,-0.00258
2014,46660,0,-0.012808
2014,46700,0,0.006894
2014,47220,0,-0.001523
2014,47300,0,0.000423
2014,47940,0,-0.002765
2014,48300,0,-0.005351
2014,48540,0,-0.008655
2014,48660,0,-0.006612
2014,48700,0,-0.004908
2014,49020,0,0.001421
2014,49420,0,-0.00988
2014,49620,0,0.002985
2014,49660,0,-0.003544
2014,49700,0,0.003128
2014,49740,0,-0.006918
2014,10180,1,-0.005754
2014,10420,1,-6.7e-05
2014,10580,1,0.003241
2014,10740,1,-0.00884
2014,10780,1,-0.004575
2014,10900,1,0.002253
2014,11020,1,-0.005737
2014,11260,1,-0.005925
2014,11460,1,0.007458
2014,11500,1,-0.006019
2014,11540,1,0.005274
2014,11700,1,0.002099
2014,12020,1,-0.001572
2014,12100,1,0.005654
2014,12220,1,0.012116
2014,12420,1,0.021999
2014,12540,1,0.006765
2014,12580,1,-0.000907
2014,12620,1,-0.002711
2014,12700,1,0.002597
2014,12980,1,-0.000419
2014,13020,1,-0.00251
2014,13380,1,-0.005415
2014,13460,1,0.017575
2014,13780,1,-0.002796
2014,14260,1,0.012489
2014,14500,1,-0.001862
2014,14740,1,-0.010224
2014,14860,1,0.003316
2014,15180,1,-0.00507
2014,15260,1,-0.001594
2014,15380,1,-0.001249
2014,15500,1,-0.006843
2014,15540,1,0.003143
2014,15940,1,-0.000118
2014,15980,1,0.016635
2014,16180,1,-0.007868
2014,16220,1,0.011822
2014,16300,1,-0.005519
2014,16700,1,0.013245
2014,16860,1,-0.004344
2014,16940,1,-0.00199
2014,17020,1,-0.001202
2014,17420,1,0.001868
2014,17660,1,0.007107
2014,17780,1,0.007254
2014,17820,1,0.000114
2014,17900,1,0.00087
2014,18020,1,0.004494
2014,18700,1,-0.00696
2014,19140,1,-0.009247
2014,19340,1,0.001508
2014,19460,1,-0.007529
2014,19500,1,-0.005819
2014,19740,1,0.006078
2014,20020,1,-0.000461
2014,20100,1,0.003775
2014,20220,1,-0.001968
2014,20740,1,0.00706
2014,20940,1,-0.0043
2014,21140,1,0.003657
2014,21300,1,-0.00684
2014,21500,1,-0.001539
2014,21660,1,-0.005753
2014,21820,1,-0.012809
2014,22020,1,0.022202
2014,22140,1,-0.017608
2014,22380,1,0.003758
2014,22420,1,-0.000186
2014,22500,1,-0.008786
2014,22520,1,-0.001103
2014,22540,1,-0.000945
2014,22660,1,0.004361
2014,23420,1,0.003429
2014,23460,1,-0.005655
2014,23580,1,0.002119
2014,24020,1,0.00017
2014,24140,1,-0.009036
2014,24220,1,0.008555
2014,24300,1,-0.006372
2014,24500,1,-0.008905
2014,24540,1,0.006085
2014,24580,1,0.003472
2014,24660,1,-0.004967
2014,25260,1,-0.007503
2014,25420,1,0.002594
2014,25500,1,0.000405
2014,25540,1,-0.002305
2014,25860,1,-0.010909
2014,25980,1,-0.011861
2014,26300,1,-0.008352
2014,26380,1,-0.002404
2014,26620,1,0.008343
2014,26980,1,0.006707
2014,27060,1,0.005449
2014,27100,1,0.002142
2014,27260,1,0.009458
2014,27340,1,0.010524
2014,27500,1,0.001534
2014,27620,1,-0.009207
2014,27740,1,8.1e-05
2014,27780,1,-0.007371
2014,27860,1,0.001937
2014,27900,1,-0.00817
2014,28100,1,-0.003663
2014,28420,1,0.000796
2014,28660,1,-0.000628
2014,28700,1,-0.009403
2014,28740,1,-0.000826
2014,29100,1,0.003511
2014,29340,1,-0.001628
2014,29420,1,-0.003858
2014,29460,1,0.005537
2014,29540,1,0.003721
2014,29700,1,0.003562
2014,29740,1,-0.008864
2014,29820,1,0.014906
2014,29940,1,0.001831
2014,30140,1,0.000301
2014,30300,1,-0.008691
2014,30340,1,-0.001827
2014,30460,1,0.005079
2014,30620,1,-0.003989
2014,30700,1,0.000835
2014,30780,1,-0.000145
2014,30860,1,-0.001922
2014,31020,1,-0.01175
2014,31420,1,-0.012635
2014,31700,1,0.000935
2014,31900,1,-0.005447
2014,32580,1,0.000671
2014,32780,1,0.002538
2014,32900,1,0.005145
2014,33140,1,0.000569
2014,33340,1,0.002459
2014,33540,1,-0.004426
2014,33700,1,0.00762
2014,33780,1,-0.001215
2014,33860,1,-0.005747
2014,34060,1,-0.002983
2014,34580,1,-0.005145
2014,34620,1,-0.001098
2014,34740,1,0.003121
2014,34900,1,0.004857
2014,34940,1,0.017557
2014,35300,1,-0.002682
2014,35660,1,-0.002578
2014,35980,1,-0.003326
2014,36100,1,0.000678
2014,36220,1,0.020623
2014,36420,1,0.005795
2014,36500,1,-0.00101
2014,36540,1,0.001308
2014,36740,1,0.016377
2014,36780,1,0.002193
2014,36980,1,-0.000527
2014,37100,1,0.000441
2014,37340,1,0.004531
2014,37860,1,0.001678
2014,38060,1,0.012858
2014,38300,1,-8.5e-05
2014,38340,1,-0.004862
2014,38860,1,0.003219
2014,38900,1,0.001659
2014,38940,1,0.00843
2014,39300,1,0.000803
2014,39340,1,0.006398
2014,39380,1,-0.011549
2014,39460,1,0.008461
2014,39540,1,0.001143
2014,39580,1,0.01604
2014,39740,1,0.000559
2014,39820,1,-0.001137
2014,39900,1,0.007886
2014,40140,1,0.006595
2014,40220,1,-0.006551
2014,40420,1,-0.003503
2014,40580,1,-0.013207
2014,40660,1,-0.010106
2014,40900,1,0.006948
2014,40980,1,-0.004848
2014,41060,1,-0.001946
2014,41100,1,0.016277
2014,41140,1,-0.009612
2014,41420,1,-0.006207
2014,41500,1,0.001607
2014,41700,1,0.005297
2014,41740,1,0.0043
2014,41940,1,0.005797
2014,42020,1,0.000449
2014,42100,1,0.000378
2014,42140,1,-0.008322
2014,42220,1,0.003832
2014,42340,1,0.003591
2014,42540,1,-0.004526
2014,42680,1,0.004339
2014,43100,1,-0.000715
2014,43300,1,-0.006353
2014,43620,1,0.012293
2014,43780,1,0.000656
2014,44100,1,-0.00159
2014,44180,1,-0.001107
2014,44220,1,-0.002866
2014,44300,1,0.005145
2014,44700,1,0.007281
2014,45060,1,-0.000318
2014,45220,1,-0.005581
2014,45820,1,-0.009803
2014,45940,1,0.004738
2014,46060,1,-0.001908
2014,46140,1,-0.000621
2014,46340,1,-0.005544
2014,46540,1,-0.002915
2014,46660,1,-0.012614
2014,46700,1,0.008252
2014,47220,1,-0.00104
2014,47300,1,5.2e-05
2014,47940,1,-0.001815
2014,48300,1,-0.007244
2014,48540,1,-0.011712
2014,48660,1,-0.008313
2014,48700,1,-0.005531
2014,49020,1,0.002611
2014,49420,1,-0.013409
2014,49620,1,0.002251
2014,49660,1,-0.004037
2014,49700,1,0.003525
2014,49740,1,-0.006079
2014,10180,2,-0.006196
2014,10420,2,0.000143
2014,10580,2,0.002554
2014,10740,2,-0.008303
2014,10780,2,-0.004757
2014,10900,2,0.002008
2014,11020,2,-0.005267
2014,11260,2,-0.005309
2014,11460,2,0.007096
2014,11500,2,-0.005623
2014,11540,2,0.004599
2014,11700,2,0.002041
2014,12020,2,-0.000961
2014,12100,2,0.004327
2014,12220,2,0.012028
2014,12420,2,0.021037
2014,12540,2,0.006164
2014,12580,2,-0.002067
2014,12620,2,-0.002248
2014,12700,2,0.001486
2014,12980,2,0.000562
2014,13020,2,-0.001827
2014,13380,2,-0.005106
2014,13460,2,0.017823
2014,13780,2,-0.002323
2014,14260,2,0.012587
2014,14500,2,-0.001622
2014,14740,2,-0.009942
2014,14860,2,0.003444
2014,15180,2,-0.004807
2014,15260,2,-0.001953
2014,15380,2,-0.000783
2014,15500,2,-0.005631
2014,15540,2,0.002704
2014,15940,2,-5.1e-05
2014,15980,2,0.016014
2014,16180,2,-0.009114
2014,16220,2,0.011002
2014,16300,2,-0.005103
2014,16700,2,0.0125
2014,16860,2,-0.00382
2014,16940,2,-0.001986
2014,17020,2,-0.001834
2014,17420,2,0.001714
2014,17660,2,0.006613
2014,17780,2,0.006529
2014,17820,2,0.000452
2014,17900,2,0.001387
2014,18020,2,0.004537
2014,18700,2,-0.007134
2014,19140,2,-0.00802
2014,19340,2,0.000979
2014,19460,2,-0.007054
2014,19500,2,-0.005505
2014,19740,2,0.006208
2014,20020,2,-0.000912
2014,20100,2,0.003387
2014,20220,2,-0.00228
2014,20740,2,0.006155
2014,20940,2,-0.003817
2014,21140,2,0.004111
2014,21300,2,-0.006553
2014,21500,2,-0.00101
2014,21660,2,-0.005028
2014,21820,2,-0.011444
2014,22020,2,0.02117
2014,22140,2,-0.018156
2014,22380,2,0.002362
2014,22420,2,0.000459
2014,22500,2,-0.008142
2014,22520,2,-0.001212
2014,22540,2,-0.00131
2014,22660,2,0.004348
2014,23420,2,0.002702
2014,23460,2,-0.005497
2014,23580,2,0.003372
2014,24020,2,-0.000597
2014,24140,2,-0.008079
2014,24220,2,0.007867
2014,24300,2,-0.006515
2014,24500,2,-0.0079
2014,24540,2,0.007037
2014,24580,2,0.00307
2014,24660,2,-0.003812
2014,25260,2,-0.007682
2014,25420,2,0.002953
2014,25500,2,-7.6e-05
2014,25540,2,-0.001893
2014,25860,2,-0.009603
2014,25980,2,-0.011822
2014,26300,2,-0.007793
2014,26380,2,-0.002598
2014,26620,2,0.00819
2014,26980,2,0.006632
2014,27060,2,0.00546
2014,27100,2,0.002775
2014,27260,2,0.008442
2014,27340,2,0.008545
2014,27500,2,0.001884
2014,27620,2,-0.008944
2014,27740,2,-0.000191
2014,27780,2,-0.006765
2014,27860,2,0.002143
2014,27900,2,-0.007503
2014,28100,2,-0.00392
2014,28420,2,0.000924
2014,28660,2,-0.000674
2014,28700,2,-0.009055
2014,28740,2,-0.001696
2014,29100,2,0.002762
2014,29340,2,-0.001965
2014,29420,2,-0.004247
2014,29460,2,0.005487
2014,29540,2,0.003785
2014,29700,2,0.003633
2014,29740,2,-0.009025
2014,29820,2,0.014448
2014,29940,2,0.001764
2014,30140,2,0.000695
2014,30300,2,-0.007963
2014,30340,2,-0.001581
2014,30460,2,0.004971
2014,30620,2,-0.004126
2014,30700,2,0.001159
2014,30780,2,-0.000167
2014,30860,2,-0.001488
2014,31020,2,-0.009977
2014,31420,2,-0.011712
2014,31700,2,0.000693
2014,31900,2,-0.004971
2014,32580,2,0.001161
2014,32780,2,0.002424
2014,32900,2,0.004908
2014,33140,2,0.000445
2014,33340,2,0.001625
2014,33540,2,-0.004935
2014,33700,2,0.007288
2014,33780,2,-0.001179
2014,33860,2,-0.005861
2014,34060,2,-0.002744
2014,34580,2,-0.004334
2014,34620,2,-0.001099
2014,34740,2,0.003463
2014,34900,2,0.004071
2014,34940,2,0.015768
2014,35300,2,-0.00286
2014,35660,2,-0.002992
2014,35980,2,-0.003021
2014,36100,2,0.00086
2014,36220,2,0.019557
2014,36420,2,0.005731
2014,36500,2,-0.000235
2014,36540,2,0.001583
2014,36740,2,0.015464
2014,36780,2,0.002063
2014,36980,2,-0.000343
2014,37100,2,-0.000623
2014,37340,2,0.003476
2014,37860,2,0.001365
2014,38060,2,0.012429
2014,38300,2,0.000188
2014,38340,2,-0.004116
2014,38860,2,0.002948
2014,38900,2,0.002181
2014,38940,2,0.007725
2014,39300,2,0.000472
2014,39340,2,0.0075
2014,39380,2,-0.010145
2014,39460,2,0.007563
2014,39540,2,0.000882
2014,39580,2,0.015979
2014,39740,2,0.000977
2014,39820,2,-0.001432
2014,39900,2,0.00757
2014,40140,2,0.005534
2014,40220,2,-0.006171
2014,40420,2,-0.003114
2014,40580,2,-0.01173
2014,40660,2,-0.009096
2014,40900,2,0.006076
2014,40980,2,-0.005061
2014,41060,2,-0.00239
2014,41100,2,0.015927
2014,41140,2,-0.009467
2014,41420,2,-0.004784
2014,41500,2,0.001072
2014,41700,2,0.00552
2014,41740,2,0.002992
2014,41940,2,0.005222
2014,42020,2,-0.000301
2014,42100,2,0.000551
2014,42140,2,-0.007831
2014,42220,2,0.003156
2014,42340,2,0.003168
2014,42540,2,-0.003874
2014,42680,2,0.003797
2014,43100,2,-0.000468
2014,43300,2,-0.005734
2014,43620,2,0.012456
2014,43780,2,0.000518
2014,44100,2,-0.001637
2014,44180,2,-0.000555
2014,44220,2,-0.002516
2014,44300,2,0.0046
2014,44700,2,0.006089
2014,45060,2,-0.000114
2014,45220,2,-0.006288
2014,45820,2,-0.009321
2014,45940,2,0.003837
2014,46060,2,-0.002239
2014,46140,2,-0.000224
2014,46340,2,-0.005185
2014,46540,2,-0.002908
2014,46660,2,-0.012639
2014,46700,2,0.007495
2014,47220,2,-0.001211
2014,47300,2,0.000278
2014,47940,2,-0.002437
2014,48300,2,-0.00614
2014,48540,2,-0.010118
2014,48660,2,-0.007586
2014,48700,2,-0.005378
2014,49020,2,0.001848
2014,49420,2,-0.011594
2014,49620,2,0.002694
2014,49660,2,-0.003735
2014,49700,2,0.003342
2014,49740,2,-0.006509
2014,10180,3,-0.006196
2014,10420,3,0.000143
2014,10580,3,0.002554
2014,10740,3,-0.008303
2014,10780,3,-0.004757
2014,10900,3,0.002008
2014,11020,3,-0.005267
2014,11260,3,-0.005309
2014,11460,3,0.007096
2014,11500,3,-0.005623
2014,11540,3,0.004599
2014,11700,3,0.002041
2014,12020,3,-0.000961
2014,12100,3,0.004327
2014,12220,3,0.012028
2014,12420,3,0.021037
2014,12540,3,0.006164
2014,12580,3,-0.002067
2014,12620,3,-0.002248
2014,12700,3,0.001486
2014,12980,3,0.000562
2014,13020,3,-0.001827
2014,13380,3,-0.005106
2014,13460,3,0.017823
2014,13780,3,-0.002323
2014,14260,3,0.012587
2014,14500,3,-0.001622
2014,14740,3,-0.009942
2014,14860,3,0.003444
2014,15180,3,-0.004807
2014,15260,3,-0.001953
2014,15380,3,-0.000783
2014,15500,3,-0.005631
2014,15540,3,0.002704
2014,15940,3,-5.1e-05
2014,15980,3,0.016014
2014,16180,3,-0.009114
2014,16220,3,0.011002
2014,16300,3,-0.005103
2014,16700,3,0.0125
2014,16860,3,-0.00382
2014,16940,3,-0.001986
2014,17020,3,-0.001834
2014,17420,3,0.001714
2014,17660,3,0.006613
2014,17780,3,0.006529
2014,17820,3,0.000452
2014,17900,3,0.001387
2014,18020,3,0.004537
2014,18700,3,-0.007134
2014,19140,3,-0.00802
2014,19340,3,0.000979
2014,19460,3,-0.007054
2014,19500,3,-0.005505
2014,19740,3,0.006208
2014,20020,3,-0.000912
2014,20100,3,0.003387
2014,20220,3,-0.00228
2014,20740,3,0.006155
2014,20940,3,-0.003817
2014,21140,3,0.004111
2014,21300,3,-0.006553
2014,21500,3,-0.00101
2014,21660,3,-0.005028
2014,21820,3,-0.011444
2014,22020,3,0.02117
2014,22140,3,-0.018156
2014,22380,3,0.002362
2014,22420,3,0.000459
2014,22500,3,-0.008142
2014,22520,3,-0.001212
2014,22540,3,-0.00131
2014,22660,3,0.004348
2014,23420,3,0.002702
2014,23460,3,-0.005497
2014,23580,3,0.003372
2014,24020,3,-0.000597
2014,24140,3,-0.008079
2014,24220,3,0.007867
2014,24300,3,-0.006515
2014,24500,3,-0.0079
2014,24540,3,0.007037
2014,24580,3,0.00307
2014,24660,3,-0.003812
2014,25260,3,-0.007682
2014,25420,3,0.002953
2014,25500,3,-7.6e-05
2014,25540,3,-0.001893
2014,25860,3,-0.009603
2014,25980,3,-0.011822
2014,26300,3,-0.007793
2014,26380,3,-0.002598
2014,26620,3,0.00819
2014,26980,3,0.006632
2014,27060,3,0.00546
2014,27100,3,0.002775
2014,27260,3,0.008442
2014,27340,3,0.008545
2014,27500,3,0.001884
2014,27620,3,-0.008944
2014,27740,3,-0.000191
2014,27780,3,-0.006765
2014,27860,3,0.002143
2014,27900,3,-0.007503
2014,28100,3,-0.00392
2014,28420,3,0.000924
2014,28660,3,-0.000674
2014,28700,3,-0.009055
2014,28740,3,-0.001696
2014,29100,3,0.002762
2014,29340,3,-0.001965
2014,29420,3,-0.004247
2014,29460,3,0.005487
2014,29540,3,0.003785
2014,29700,3,0.003633
2014,29740,3,-0.009025
2014,29820,3,0.014448
2014,29940,3,0.001764
2014,30140,3,0.000695
2014,30300,3,-0.007963
2014,30340,3,-0.001581
2014,30460,3,0.004971
2014,30620,3,-0.004126
2014,30700,3,0.001159
2014,30780,3,-0.000167
2014,30860,3,-0.001488
2014,31020,3,-0.009977
2014,31420,3,-0.011712
2014,31700,3,0.000693
2014,31900,3,-0.004971
2014,32580,3,0.001161
2014,32780,3,0.002424
2014,32900,3,0.004908
2014,33140,3,0.000445
2014,33340,3,0.001625
2014,33540,3,-0.004935
2014,33700,3,0.007288
2014,33780,3,-0.001179
2014,33860,3,-0.005861
2014,34060,3,-0.002744
2014,34580,3,-0.004334
2014,34620,3,-0.001099
2014,34740,3,0.003463
2014,34900,3,0.004071
2014,34940,3,0.015768
2014,35300,3,-0.00286
2014,35660,3,-0.002992
2014,35980,3,-0.003021
2014,36100,3,0.00086
2014,36220,3,0.019557
2014,36420,3,0.005731
2014,36500,3,-0.000235
2014,36540,3,0.001583
2014,36740,3,0.015464
2014,36780,3,0.002063
2014,36980,3,-0.000343
2014,37100,3,-0.000623
2014,37340,3,0.003476
2014,37860,3,0.001365
2014,38060,3,0.012429
2014,38300,3,0.000188
2014,38340,3,-0.004116
2014,38860,3,0.002948
2014,38900,3,0.002181
2014,38940,3,0.007725
2014,39300,3,0.000472
2014,39340,3,0.0075
2014,39380,3,-0.010145
2014,39460,3,0.007563
2014,39540,3,0.000882
2014,39580,3,0.015979
2014,39740,3,0.000977
2014,39820,3,-0.001432
2014,39900,3,0.00757
2014,40140,3,0.005534
2014,40220,3,-0.006171
2014,40420,3,-0.003114
2014,40580,3,-0.01173
2014,40660,3,-0.009096
2014,40900,3,0.006076
2014,40980,3,-0.005061
2014,41060,3,-0.00239
2014,41100,3,0.015927
2014,41140,3,-0.009467
2014,41420,3,-0.004784
2014,41500,3,0.001072
2014,41700,3,0.00552
2014,41740,3,0.002992
2014,41940,3,0.005222
2014,42020,3,-0.000301
2014,42100,3,0.000551
2014,42140,3,-0.007831
2014,42220,3,0.003156
2014,42340,3,0.003168
2014,42540,3,-0.003874
2014,42680,3,0.003797
2014,43100,3,-0.000468
2014,43300,3,-0.005734
2014,43620,3,0.012456
2014,43780,3,0.000518
2014,44100,3,-0.001637
2014,44180,3,-0.000555
2014,44220,3,-0.002516
2014,44300,3,0.0046
2014,44700,3,0.006089
2014,45060,3,-0.000114
2014,45220,3,-0.006288
2014,45820,3,-0.009321
2014,45940,3,0.003837
2014,46060,3,-0.002239
2014,46140,3,-0.000224
2014,46340,3,-0.005185
2014,46540,3,-0.002908
2014,46660,3,-0.012639
2014,46700,3,0.007495
2014,47220,3,-0.001211
2014,47300,3,0.000278
2014,47940,3,-0.002437
2014,48300,3,-0.00614
2014,48540,3,-0.010118
2014,48660,3,-0.007586
2014,48700,3,-0.005378
2014,49020,3,0.001848
2014,49420,3,-0.011594
2014,49620,3,0.002694
2014,49660,3,-0.003735
2014,49700,3,0.003342
2014,49740,3,-0.006509
2014,10180,4,-0.006748
2014,10420,4,0.000421
2014,10580,4,0.002252
2014,10740,4,-0.007842
2014,10780,4,-0.005101
2014,10900,4,0.001841
2014,11020,4,-0.005045
2014,11260,4,-0.004057
2014,11460,4,0.007054
2014,11500,4,-0.005353
2014,11540,4,0.003882
2014,11700,4,0.002528
2014,12020,4,-0.000317
2014,12100,4,0.003443
2014,12220,4,0.012428
2014,12420,4,0.019818
2014,12540,4,0.005366
2014,12580,4,-0.002651
2014,12620,4,-0.001928
2014,12700,4,0.000336
2014,12980,4,0.001554
2014,13020,4,-0.001334
2014,13380,4,-0.004403
2014,13460,4,0.01799
2014,13780,4,-0.002044
2014,14260,4,0.012381
2014,14500,4,-0.000664
2014,14740,4,-0.009865
2014,14860,4,0.003532
2014,15180,4,-0.004543
2014,15260,4,-0.002438
2014,15380,4,-0.000292
2014,15500,4,-0.004601
2014,15540,4,0.002306
2014,15940,4,-5e-05
2014,15980,4,0.015534
2014,16180,4,-0.010775
2014,16220,4,0.011209
2014,16300,4,-0.004956
2014,16700,4,0.012007
2014,16860,4,-0.003015
2014,16940,4,-0.001549
2014,17020,4,-0.0021
2014,17420,4,0.00186
2014,17660,4,0.005973
2014,17780,4,0.005148
2014,17820,4,0.000948
2014,17900,4,0.001738
2014,18020,4,0.004574
2014,18700,4,-0.00788
2014,19140,4,-0.006871
2014,19340,4,0.000784
2014,19460,4,-0.006755
2014,19500,4,-0.005413
2014,19740,4,0.006655
2014,20020,4,-0.001637
2014,20100,4,0.003012
2014,20220,4,-0.002663
2014,20740,4,0.00546
2014,20940,4,-0.004418
2014,21140,4,0.004752
2014,21300,4,-0.006601
2014,21500,4,-0.000764
2014,21660,4,-0.004454
2014,21820,4,-0.009853
2014,22020,4,0.020304
2014,22140,4,-0.019166
2014,22380,4,0.000496
2014,22420,4,0.000388
2014,22500,4,-0.007801
2014,22520,4,-0.001534
2014,22540,4,-0.001733
2014,22660,4,0.004404
2014,23420,4,0.001938
2014,23460,4,-0.005293
2014,23580,4,0.005093
2014,24020,4,-0.001436
2014,24140,4,-0.007139
2014,24220,4,0.007649
2014,24300,4,-0.007113
2014,24500,4,-0.006334
2014,24540,4,0.008337
2014,24580,4,0.002649
2014,24660,4,-0.002726
2014,25260,4,-0.008294
2014,25420,4,0.003315
2014,25500,4,-0.000776
2014,25540,4,-0.001524
2014,25860,4,-0.008458
2014,25980,4,-0.012461
2014,26300,4,-0.007046
2014,26380,4,-0.002655
2014,26620,4,0.007925
2014,26980,4,0.006754
2014,27060,4,0.006015
2014,27100,4,0.00334
2014,27260,4,0.007412
2014,27340,4,0.005183
2014,27500,4,0.002352
2014,27620,4,-0.00872
2014,27740,4,-0.000553
2014,27780,4,-0.006652
2014,27860,4,0.001991
2014,27900,4,-0.006888
2014,28100,4,-0.004243
2014,28420,4,0.000123
2014,28660,4,-0.001198
2014,28700,4,-0.008678
2014,28740,4,-0.002139
2014,29100,4,0.002389
2014,29340,4,-0.00241
2014,29420,4,-0.005002
2014,29460,4,0.0056
2014,29540,4,0.004051
2014,29700,4,0.003458
2014,29740,4,-0.009746
2014,29820,4,0.013666
2014,29940,4,0.001713
2014,30140,4,0.001007
2014,30300,4,-0.006629
2014,30340,4,-0.00145
2014,30460,4,0.00517
2014,30620,4,-0.004272
2014,30700,4,0.001474
2014,30780,4,-0.000259
2014,30860,4,-0.001566
2014,31020,4,-0.008606
2014,31420,4,-0.011272
2014,31700,4,0.000439
2014,31900,4,-0.004912
2014,32580,4,0.001633
2014,32780,4,0.002398
2014,32900,4,0.003858
2014,33140,4,0.000467
2014,33340,4,0.00115
2014,33540,4,-0.005183
2014,33700,4,0.006768
2014,33780,4,-0.001608
2014,33860,4,-0.006418
2014,34060,4,-0.00145
2014,34580,4,-0.003415
2014,34620,4,-0.001076
2014,34740,4,0.003924
2014,34900,4,0.003825
2014,34940,4,0.014004
2014,35300,4,-0.003065
2014,35660,4,-0.003333
2014,35980,4,-0.002856
2014,36100,4,0.001283
2014,36220,4,0.019254
2014,36420,4,0.005932
2014,36500,4,0.000929
2014,36540,4,0.001735
2014,36740,4,0.014731
2014,36780,4,0.002229
2014,36980,4,-1.6e-05
2014,37100,4,-0.001248
2014,37340,4,0.00248
2014,37860,4,0.001285
2014,38060,4,0.011855
2014,38300,4,0.000368
2014,38340,4,-0.003399
2014,38860,4,0.00264
2014,38900,4,0.002628
2014,38940,4,0.00725
2014,39300,4,0.0003
2014,39340,4,0.008716
2014,39380,4,-0.008779
2014,39460,4,0.006961
2014,39540,4,0.00089
2014,39580,4,0.015141
2014,39740,4,0.001637
2014,39820,4,-0.001565
2014,39900,4,0.007406
2014,40140,4,0.004444
2014,40220,4,-0.005489
2014,40420,4,-0.002901
2014,40580,4,-0.010698
2014,40660,4,-0.008269
2014,40900,4,0.005502
2014,40980,4,-0.005828
2014,41060,4,-0.002782
2014,41100,4,0.014626
2014,41140,4,-0.009376
2014,41420,4,-0.003442
2014,41500,4,0.000463
2014,41700,4,0.006371
2014,41740,4,0.002185
2014,41940,4,0.004804
2014,42020,4,-0.000556
2014,42100,4,0.001239
2014,42140,4,-0.006778
2014,42220,4,0.002847
2014,42340,4,0.003042
2014,42540,4,-0.003405
2014,42680,4,0.003315
2014,43100,4,-6.6e-05
2014,43300,4,-0.004662
2014,43620,4,0.01289
2014,43780,4,0.00028
2014,44100,4,-0.001555
2014,44180,4,-6.2e-05
2014,44220,4,-0.00236
2014,44300,4,0.003732
2014,44700,4,0.00432
2014,45060,4,0.000157
2014,45220,4,-0.007302
2014,45820,4,-0.009014
2014,45940,4,0.003408
2014,46060,4,-0.002644
2014,46140,4,0.000114
2014,46340,4,-0.004457
2014,46540,4,-0.002776
2014,46660,4,-0.013528
2014,46700,4,0.006714
2014,47220,4,-0.001578
2014,47300,4,0.000414
2014,47940,4,-0.003024
2014,48300,4,-0.005172
2014,48540,4,-0.008546
2014,48660,4,-0.00677
2014,48700,4,-0.005347
2014,49020,4,0.001292
2014,49420,4,-0.009873
2014,49620,4,0.003287
2014,49660,4,-0.003655
2014,49700,4,0.003282
2014,49740,4,-0.00733
2014,10180,5,-0.00661
2014,10420,5,0.000401
2014,10580,5,0.002228
2014,10740,5,-0.007817
2014,10780,5,-0.005015
2014,10900,5,0.001803
2014,11020,5,-0.004966
2014,11260,5,-0.004144
2014,11460,5,0.00707
2014,11500,5,-0.005308
2014,11540,5,0.003866
2014,11700,5,0.002448
2014,12020,5,-0.000372
2014,12100,5,0.003415
2014,12220,5,0.012245
2014,12420,5,0.019603
2014,12540,5,0.00541
2014,12580,5,-0.00259
2014,12620,5,-0.001929
2014,12700,5,0.000395
2014,12980,5,0.001439
2014,13020,5,-0.001335
2014,13380,5,-0.004472
2014,13460,5,0.017794
2014,13780,5,-0.002021
2014,14260,5,0.012303
2014,14500,5,-0.000682
2014,14740,5,-0.009855
2014,14860,5,0.003495
2014,15180,5,-0.004502
2014,15260,5,-0.002414
2014,15380,5,-0.000293
2014,15500,5,-0.004607
2014,15540,5,0.002306
2014,15940,5,-4.1e-05
2014,15980,5,0.015556
2014,16180,5,-0.010506
2014,16220,5,0.011058
2014,16300,5,-0.004917
2014,16700,5,0.011849
2014,16860,5,-0.003037
2014,16940,5,-0.001589
2014,17020,5,-0.0021
2014,17420,5,0.001836
2014,17660,5,0.005897
2014,17780,5,0.005121
2014,17820,5,0.000886
2014,17900,5,0.001659
2014,18020,5,0.004534
2014,18700,5,-0.007773
2014,19140,5,-0.006889
2014,19340,5,0.000779
2014,19460,5,-0.006666
2014,19500,5,-0.005379
2014,19740,5,0.006544
2014,20020,5,-0.001575
2014,20100,5,0.00295
2014,20220,5,-0.002603
2014,20740,5,0.005402
2014,20940,5,-0.004253
2014,21140,5,0.004658
2014,21300,5,-0.006474
2014,21500,5,-0.000758
2014,21660,5,-0.004495
2014,21820,5,-0.009892
2014,22020,5,0.020066
2014,22140,5,-0.018923
2014,22380,5,0.00056
2014,22420,5,0.00043
2014,22500,5,-0.007726
2014,22520,5,-0.001477
2014,22540,5,-0.001678
2014,22660,5,0.00433
2014,23420,5,0.001983
2014,23460,5,-0.005236
2014,23580,5,0.004943
2014,24020,5,-0.001385
2014,24140,5,-0.007103
2014,24220,5,0.007595
2014,24300,5,-0.007012
2014,24500,5,-0.006359
2014,24540,5,0.008179
2014,24580,5,0.002634
2014,24660,5,-0.002773
2014,25260,5,-0.008185
2014,25420,5,0.003265
2014,25500,5,-0.000801
2014,25540,5,-0.00153
2014,25860,5,-0.008441
2014,25980,5,-0.012294
2014,26300,5,-0.006976
2014,26380,5,-0.00262
2014,26620,5,0.007824
2014,26980,5,0.006658
2014,27060,5,0.005925
2014,27100,5,0.003264
2014,27260,5,0.007351
2014,27340,5,0.005192
2014,27500,5,0.002281
2014,27620,5,-0.0086
2014,27740,5,-0.000526
2014,27780,5,-0.00655
2014,27860,5,0.001973
2014,27900,5,-0.006793
2014,28100,5,-0.004202
2014,28420,5,6.1e-05
2014,28660,5,-0.001184
2014,28700,5,-0.008602
2014,28740,5,-0.002147
2014,29100,5,0.002357
2014,29340,5,-0.002361
2014,29420,5,-0.004862
2014,29460,5,0.005551
2014,29540,5,0.003994
2014,29700,5,0.00339
2014,29740,5,-0.009672
2014,29820,5,0.013659
2014,29940,5,0.00168
2014,30140,5,0.00096
2014,30300,5,-0.006616
2014,30340,5,-0.001425
2014,30460,5,0.005072
2014,30620,5,-0.004162
2014,30700,5,0.001453
2014,30780,5,-0.000263
2014,30860,5,-0.001572
2014,31020,5,-0.008655
2014,31420,5,-0.011186
2014,31700,5,0.000467
2014,31900,5,-0.004875
2014,32580,5,0.001571
2014,32780,5,0.002337
2014,32900,5,0.004049
2014,33140,5,0.000452
2014,33340,5,0.001149
2014,33540,5,-0.005134
2014,33700,5,0.006817
2014,33780,5,-0.001516
2014,33860,5,-0.006315
2014,34060,5,-0.001495
2014,34580,5,-0.003515
2014,34620,5,-0.001036
2014,34740,5,0.003881
2014,34900,5,0.003838
2014,34940,5,0.01407
2014,35300,5,-0.002997
2014,35660,5,-0.003291
2014,35980,5,-0.002847
2014,36100,5,0.001239
2014,36220,5,0.019095
2014,36420,5,0.00584
2014,36500,5,0.000757
2014,36540,5,0.001689
2014,36740,5,0.014637
2014,36780,5,0.002182
2014,36980,5,-2.1e-05
2014,37100,5,-0.00117
2014,37340,5,0.002574
2014,37860,5,0.001278
2014,38060,5,0.011857
2014,38300,5,0.000362
2014,38340,5,-0.003453
2014,38860,5,0.002618
2014,38900,5,0.002526
2014,38940,5,0.007303
2014,39300,5,0.000321
2014,39340,5,0.008585
2014,39380,5,-0.008794
2014,39460,5,0.007007
2014,39540,5,0.000847
2014,39580,5,0.014914
2014,39740,5,0.001565
2014,39820,5,-0.001568
2014,39900,5,0.0074
2014,40140,5,0.004541
2014,40220,5,-0.005473
2014,40420,5,-0.002918
2014,40580,5,-0.01064
2014,40660,5,-0.008233
2014,40900,5,0.00551
2014,40980,5,-0.005671
2014,41060,5,-0.002738
2014,41100,5,0.014524
2014,41140,5,-0.00923
2014,41420,5,-0.003538
2014,41500,5,0.000568
2014,41700,5,0.006247
2014,41740,5,0.002241
2014,41940,5,0.004824
2014,42020,5,-0.000557
2014,42100,5,0.001189
2014,42140,5,-0.006781
2014,42220,5,0.002872
2014,42340,5,0.002985
2014,42540,5,-0.003382
2014,42680,5,0.003341
2014,43100,5,-0.000128
2014,43300,5,-0.004613
2014,43620,5,0.012686
2014,43780,5,0.000272
2014,44100,5,-0.001547
2014,44180,5,-8.9e-05
2014,44220,5,-0.002358
2014,44300,5,0.003723
2014,44700,5,0.004523
2014,45060,5,0.000153
2014,45220,5,-0.007209
2014,45820,5,-0.008942
2014,45940,5,0.003396
2014,46060,5,-0.0026
2014,46140,5,9.5e-05
2014,46340,5,-0.004418
2014,46540,5,-0.002721
2014,46660,5,-0.013342
2014,46700,5,0.006788
2014,47220,5,-0.001565
2014,47300,5,0.000418
2014,47940,5,-0.002951
2014,48300,5,-0.005245
2014,48540,5,-0.008587
2014,48660,5,-0.006732
2014,48700,5,-0.005227
2014,49020,5,0.00134
2014,49420,5,-0.009906
2014,49620,5,0.003199
2014,49660,5,-0.00363
2014,49700,5,0.003255
2014,49740,5,-0.007221
2014,10180,6,-0.006348
2014,10420,6,0.000207
2014,10580,6,0.00242
2014,10740,6,-0.008159
2014,10780,6,-0.004839
2014,10900,6,0.001944
2014,11020,6,-0.005169
2014,11260,6,-0.005023
2014,11460,6,0.007045
2014,11500,6,-0.0055
2014,11540,6,0.004376
2014,11700,6,0.002122
2014,12020,6,-0.000784
2014,12100,6,0.004029
2014,12220,6,0.012085
2014,12420,6,0.020664
2014,12540,6,0.005967
2014,12580,6,-0.002295
2014,12620,6,-0.002145
2014,12700,6,0.001159
2014,12980,6,0.000866
2014,13020,6,-0.001648
2014,13380,6,-0.004949
2014,13460,6,0.017848
2014,13780,6,-0.002201
2014,14260,6,0.012543
2014,14500,6,-0.001422
2014,14740,6,-0.009912
2014,14860,6,0.003471
2014,15180,6,-0.004725
2014,15260,6,-0.002095
2014,15380,6,-0.000652
2014,15500,6,-0.005322
2014,15540,6,0.002572
2014,15940,6,-5.5e-05
2014,15980,6,0.015915
2014,16180,6,-0.009558
2014,16220,6,0.010948
2014,16300,6,-0.005031
2014,16700,6,0.0123
2014,16860,6,-0.003622
2014,16940,6,-0.001907
2014,17020,6,-0.001956
2014,17420,6,0.001716
2014,17660,6,0.006429
2014,17780,6,0.006179
2014,17820,6,0.000566
2014,17900,6,0.001492
2014,18020,6,0.004542
2014,18700,6,-0.007345
2014,19140,6,-0.007665
2014,19340,6,0.000881
2014,19460,6,-0.006928
2014,19500,6,-0.005429
2014,19740,6,0.006289
2014,20020,6,-0.001107
2014,20100,6,0.003256
2014,20220,6,-0.002392
2014,20740,6,0.005915
2014,20940,6,-0.003846
2014,21140,6,0.004276
2014,21300,6,-0.006517
2014,21500,6,-0.000925
2014,21660,6,-0.00487
2014,21820,6,-0.011008
2014,22020,6,0.02086
2014,22140,6,-0.018386
2014,22380,6,0.001844
2014,22420,6,0.000511
2014,22500,6,-0.008012
2014,22520,6,-0.001285
2014,22540,6,-0.001424
2014,22660,6,0.004332
2014,23420,6,0.002492
2014,23460,6,-0.005429
2014,23580,6,0.00382
2014,24020,6,-0.000826
2014,24140,6,-0.007798
2014,24220,6,0.007745
2014,24300,6,-0.006625
2014,24500,6,-0.007476
2014,24540,6,0.007372
2014,24580,6,0.002935
2014,24660,6,-0.003501
2014,25260,6,-0.007813
2014,25420,6,0.00305
2014,25500,6,-0.000271
2014,25540,6,-0.001785
2014,25860,6,-0.009242
2014,25980,6,-0.011936
2014,26300,6,-0.007567
2014,26380,6,-0.002609
2014,26620,6,0.008119
2014,26980,6,0.006635
2014,27060,6,0.005575
2014,27100,6,0.002952
2014,27260,6,0.008117
2014,27340,6,0.007652
2014,27500,6,0.002016
2014,27620,6,-0.008863
2014,27740,6,-0.000283
2014,27780,6,-0.006657
2014,27860,6,0.002116
2014,27900,6,-0.007289
2014,28100,6,-0.004001
2014,28420,6,0.000731
2014,28660,6,-0.000785
2014,28700,6,-0.00895
2014,28740,6,-0.001855
2014,29100,6,0.002612
2014,29340,6,-0.00209
2014,29420,6,-0.004393
2014,29460,6,0.005498
2014,29540,6,0.003829
2014,29700,6,0.003594
2014,29740,6,-0.009183
2014,29820,6,0.014256
2014,29940,6,0.001744
2014,30140,6,0.000793
2014,30300,6,-0.007605
2014,30340,6,-0.001536
2014,30460,6,0.004985
2014,30620,6,-0.004161
2014,30700,6,0.001243
2014,30780,6,-0.000197
2014,30860,6,-0.001474
2014,31020,6,-0.00955
2014,31420,6,-0.011535
2014,31700,6,0.000613
2014,31900,6,-0.004904
2014,32580,6,0.0013
2014,32780,6,0.002383
2014,32900,6,0.004756
2014,33140,6,0.000435
2014,33340,6,0.001446
2014,33540,6,-0.005027
2014,33700,6,0.007196
2014,33780,6,-0.001258
2014,33860,6,-0.005989
2014,34060,6,-0.002472
2014,34580,6,-0.004094
2014,34620,6,-0.0011
2014,34740,6,0.003582
2014,34900,6,0.003949
2014,34940,6,0.015278
2014,35300,6,-0.002919
2014,35660,6,-0.003097
2014,35980,6,-0.002954
2014,36100,6,0.000969
2014,36220,6,0.019374
2014,36420,6,0.005752
2014,36500,6,4.5e-05
2014,36540,6,0.001632
2014,36740,6,0.015211
2014,36780,6,0.00208
2014,36980,6,-0.000276
2014,37100,6,-0.000826
2014,37340,6,0.0032
2014,37860,6,0.001308
2014,38060,6,0.012289
2014,38300,6,0.000234
2014,38340,6,-0.003881
2014,38860,6,0.002853
2014,38900,6,0.002285
2014,38940,6,0.007605
2014,39300,6,0.000417
2014,39340,6,0.007827
2014,39380,6,-0.00973
2014,39460,6,0.007388
2014,39540,6,0.000866
2014,39580,6,0.015754
2014,39740,6,0.001146
2014,39820,6,-0.001488
2014,39900,6,0.007509
2014,40140,6,0.005254
2014,40220,6,-0.005995
2014,40420,6,-0.003019
2014,40580,6,-0.011374
2014,40660,6,-0.008833
2014,40900,6,0.005881
2014,40980,6,-0.005244
2014,41060,6,-0.002503
2014,41100,6,0.015612
2014,41140,6,-0.009413
2014,41420,6,-0.004406
2014,41500,6,0.000941
2014,41700,6,0.005705
2014,41740,6,0.002719
2014,41940,6,0.005068
2014,42020,6,-0.000424
2014,42100,6,0.000703
2014,42140,6,-0.007566
2014,42220,6,0.003028
2014,42340,6,0.003087
2014,42540,6,-0.003713
2014,42680,6,0.003674
2014,43100,6,-0.000353
2014,43300,6,-0.005456
2014,43620,6,0.01254
2014,43780,6,0.000451
2014,44100,6,-0.00163
2014,44180,6,-0.000401
2014,44220,6,-0.002452
2014,44300,6,0.004355
2014,44700,6,0.005661
2014,45060,6,-4.7e-05
2014,45220,6,-0.006566
2014,45820,6,-0.009196
2014,45940,6,0.003661
2014,46060,6,-0.002347
2014,46140,6,-0.000116
2014,46340,6,-0.004993
2014,46540,6,-0.002876
2014,46660,6,-0.012812
2014,46700,6,0.007283
2014,47220,6,-0.001292
2014,47300,6,0.000335
2014,47940,6,-0.002615
2014,48300,6,-0.005858
2014,48540,6,-0.009632
2014,48660,6,-0.007331
2014,48700,6,-0.005355
2014,49020,6,0.001678
2014,49420,6,-0.011088
2014,49620,6,0.002847
2014,49660,6,-0.003694
2014,49700,6,0.003336
2014,49740,6,-0.006704
2014,10180,7,-0.006348
2014,10420,7,0.000207
2014,10580,7,0.00242
2014,10740,7,-0.008159
2014,10780,7,-0.004839
2014,10900,7,0.001944
2014,11020,7,-0.005169
2014,11260,7,-0.005023
2014,11460,7,0.007045
2014,11500,7,-0.0055
2014,11540,7,0.004376
2014,11700,7,0.002122
2014,12020,7,-0.000784
2014,12100,7,0.004029
2014,12220,7,0.012085
2014,12420,7,0.020664
2014,12540,7,0.005967
2014,12580,7,-0.002295
2014,12620,7,-0.002145
2014,12700,7,0.001159
2014,12980,7,0.000866
2014,13020,7,-0.001648
2014,13380,7,-0.004949
2014,13460,7,0.017848
2014,13780,7,-0.002201
2014,14260,7,0.012543
2014,14500,7,-0.001422
2014,14740,7,-0.009912
2014,14860,7,0.003471
2014,15180,7,-0.004725
2014,15260,7,-0.002095
2014,15380,7,-0.000652
2014,15500,7,-0.005322
2014,15540,7,0.002572
2014,15940,7,-5.5e-05
2014,15980,7,0.015915
2014,16180,7,-0.009558
2014,16220,7,0.010948
2014,16300,7,-0.005031
2014,16700,7,0.0123
2014,16860,7,-0.003622
2014,16940,7,-0.001907
2014,17020,7,-0.001956
2014,17420,7,0.001716
2014,17660,7,0.006429
2014,17780,7,0.006179
2014,17820,7,0.000566
2014,17900,7,0.001492
2014,18020,7,0.004542
2014,18700,7,-0.007345
2014,19140,7,-0.007665
2014,19340,7,0.000881
2014,19460,7,-0.006928
2014,19500,7,-0.005429
2014,19740,7,0.006289
2014,20020,7,-0.001107
2014,20100,7,0.003256
2014,20220,7,-0.002392
2014,20740,7,0.005915
2014,20940,7,-0.003846
2014,21140,7,0.004276
2014,21300,7,-0.006517
2014,21500,7,-0.000925
2014,21660,7,-0.00487
2014,21820,7,-0.011008
2014,22020,7,0.02086
2014,22140,7,-0.018386
2014,22380,7,0.001844
2014,22420,7,0.000511
2014,22500,7,-0.008012
2014,22520,7,-0.001285
2014,22540,7,-0.001424
2014,22660,7,0.004332
2014,23420,7,0.002492
2014,23460,7,-0.005429
2014,23580,7,0.00382
2014,24020,7,-0.000826
2014,24140,7,-0.007798
2014,24220,7,0.007745
2014,24300,7,-0.006625
2014,24500,7,-0.007476
2014,24540,7,0.007372
2014,24580,7,0.002935
2014,24660,7,-0.003501
2014,25260,7,-0.007813
2014,25420,7,0.00305
2014,25500,7,-0.000271
2014,25540,7,-0.001785
2014,25860,7,-0.009242
2014,25980,7,-0.011936
2014,26300,7,-0.007567
2014,26380,7,-0.002609
2014,26620,7,0.008119
2014,26980,7,0.006635
2014,27060,7,0.005575
2014,27100,7,0.002952
2014,27260,7,0.008117
2014,27340,7,0.007652
2014,27500,7,0.002016
2014,27620,7,-0.008863
2014,27740,7,-0.000283
2014,27780,7,-0.006657
2014,27860,7,0.002116
2014,27900,7,-0.007289
2014,28100,7,-0.004001
2014,28420,7,0.000731
2014,28660,7,-0.000785
2014,28700,7,-0.00895
2014,28740,7,-0.001855
2014,29100,7,0.002612
2014,29340,7,-0.00209
2014,29420,7,-0.004393
2014,29460,7,0.005498
2014,29540,7,0.003829
2014,29700,7,0.003594
2014,29740,7,-0.009183
2014,29820,7,0.014256
2014,29940,7,0.001744
2014,30140,7,0.000793
2014,30300,7,-0.007605
2014,30340,7,-0.001536
2014,30460,7,0.004985
2014,30620,7,-0.004161
2014,30700,7,0.001243
2014,30780,7,-0.000197
2014,30860,7,-0.001474
2014,31020,7,-0.00955
2014,31420,7,-0.011535
2014,31700,7,0.000613
2014,31900,7,-0.004904
2014,32580,7,0.0013
2014,32780,7,0.002383
2014,32900,7,0.004756
2014,33140,7,0.000435
2014,33340,7,0.001446
2014,33540,7,-0.005027
2014,33700,7,0.007196
2014,33780,7,-0.001258
2014,33860,7,-0.005989
2014,34060,7,-0.002472
2014,34580,7,-0.004094
2014,34620,7,-0.0011
2014,34740,7,0.003582
2014,34900,7,0.003949
2014,34940,7,0.015278
2014,35300,7,-0.002919
2014,35660,7,-0.003097
2014,35980,7,-0.002954
2014,36100,7,0.000969
2014,36220,7,0.019374
2014,36420,7,0.005752
2014,36500,7,4.5e-05
2014,36540,7,0.001632
2014,36740,7,0.015211
2014,36780,7,0.00208
2014,36980,7,-0.000276
2014,37100,7,-0.000826
2014,37340,7,0.0032
2014,37860,7,0.001308
2014,38060,7,0.012289
2014,38300,7,0.000234
2014,38340,7,-0.003881
2014,38860,7,0.002853
2014,38900,7,0.002285
2014,38940,7,0.007605
2014,39300,7,0.000417
2014,39340,7,0.007827
2014,39380,7,-0.00973
2014,39460,7,0.007388
2014,39540,7,0.000866
2014,39580,7,0.015754
2014,39740,7,0.001146
2014,39820,7,-0.001488
2014,39900,7,0.007509
2014,40140,7,0.005254
2014,40220,7,-0.005995
2014,40420,7,-0.003019
2014,40580,7,-0.011374
2014,40660,7,-0.008833
2014,40900,7,0.005881
2014,40980,7,-0.005244
2014,41060,7,-0.002503
2014,41100,7,0.015612
2014,41140,7,-0.009413
2014,41420,7,-0.004406
2014,41500,7,0.000941
2014,41700,7,0.005705
2014,41740,7,0.002719
2014,41940,7,0.005068
2014,42020,7,-0.000424
2014,42100,7,0.000703
2014,42140,7,-0.007566
2014,42220,7,0.003028
2014,42340,7,0.003087
2014,42540,7,-0.003713
2014,42680,7,0.003674
2014,43100,7,-0.000353
2014,43300,7,-0.005456
2014,43620,7,0.01254
2014,43780,7,0.000451
2014,44100,7,-0.00163
2014,44180,7,-0.000401
2014,44220,7,-0.002452
2014,44300,7,0.004355
2014,44700,7,0.005661
2014,45060,7,-4.7e-05
2014,45220,7,-0.006566
2014,45820,7,-0.009196
2014,45940,7,0.003661
2014,46060,7,-0.002347
2014,46140,7,-0.000116
2014,46340,7,-0.004993
2014,46540,7,-0.002876
2014,46660,7,-0.012812
2014,46700,7,0.007283
2014,47220,7,-0.001292
2014,47300,7,0.000335
2014,47940,7,-0.002615
2014,48300,7,-0.005858
2014,48540,7,-0.009632
2014,48660,7,-0.007331
2014,48700,7,-0.005355
2014,49020,7,0.001678
2014,49420,7,-0.011088
2014,49620,7,0.002847
2014,49660,7,-0.003694
2014,49700,7,0.003336
2014,49740,7,-0.006704
2014,10180,8,-0.006348
2014,10420,8,0.000207
2014,10580,8,0.00242
2014,10740,8,-0.008159
2014,10780,8,-0.004839
2014,10900,8,0.001944
2014,11020,8,-0.005169
2014,11260,8,-0.005023
2014,11460,8,0.007045
2014,11500,8,-0.0055
2014,11540,8,0.004376
2014,11700,8,0.002122
2014,12020,8,-0.000784
2014,12100,8,0.004029
2014,12220,8,0.012085
2014,12420,8,0.020664
2014,12540,8,0.005967
2014,12580,8,-0.002295
2014,12620,8,-0.002145
2014,12700,8,0.001159
2014,12980,8,0.000866
2014,13020,8,-0.001648
2014,13380,8,-0.004949
2014,13460,8,0.017848
2014,13780,8,-0.002201
2014,14260,8,0.012543
2014,14500,8,-0.001422
2014,14740,8,-0.009912
2014,14860,8,0.003471
2014,15180,8,-0.004725
2014,15260,8,-0.002095
2014,15380,8,-0.000652
2014,15500,8,-0.005322
2014,15540,8,0.002572
2014,15940,8,-5.5e-05
2014,15980,8,0.015915
2014,16180,8,-0.009558
2014,16220,8,0.010948
2014,16300,8,-0.005031
2014,16700,8,0.0123
2014,16860,8,-0.003622
2014,16940,8,-0.001907
2014,17020,8,-0.001956
2014,17420,8,0.001716
2014,17660,8,0.006429
2014,17780,8,0.006179
2014,17820,8,0.000566
2014,17900,8,0.001492
2014,18020,8,0.004542
2014,18700,8,-0.007345
2014,19140,8,-0.007665
2014,19340,8,0.000881
2014,19460,8,-0.006928
2014,19500,8,-0.005429
2014,19740,8,0.006289
2014,20020,8,-0.001107
2014,20100,8,0.003256
2014,20220,8,-0.002392
2014,20740,8,0.005915
2014,20940,8,-0.003846
2014,21140,8,0.004276
2014,21300,8,-0.006517
2014,21500,8,-0.000925
2014,21660,8,-0.00487
2014,21820,8,-0.011008
2014,22020,8,0.02086
2014,22140,8,-0.018386
2014,22380,8,0.001844
2014,22420,8,0.000511
2014,22500,8,-0.008012
2014,22520,8,-0.001285
2014,22540,8,-0.001424
2014,22660,8,0.004332
2014,23420,8,0.002492
2014,23460,8,-0.005429
2014,23580,8,0.00382
2014,24020,8,-0.000826
2014,24140,8,-0.007798
2014,24220,8,0.007745
2014,24300,8,-0.006625
2014,24500,8,-0.007476
2014,24540,8,0.007372
2014,24580,8,0.002935
2014,24660,8,-0.003501
2014,25260,8,-0.007813
2014,25420,8,0.00305
2014,25500,8,-0.000271
2014,25540,8,-0.001785
2014,25860,8,-0.009242
2014,25980,8,-0.011936
2014,26300,8,-0.007567
2014,26380,8,-0.002609
2014,26620,8,0.008119
2014,26980,8,0.006635
2014,27060,8,0.005575
2014,27100,8,0.002952
2014,27260,8,0.008117
2014,27340,8,0.007652
2014,27500,8,0.002016
2014,27620,8,-0.008863
2014,27740,8,-0.000283
2014,27780,8,-0.006657
2014,27860,8,0.002116
2014,27900,8,-0.007289
2014,28100,8,-0.004001
2014,28420,8,0.000731
2014,28660,8,-0.000785
2014,28700,8,-0.00895
2014,28740,8,-0.001855
2014,29100,8,0.002612
2014,29340,8,-0.00209
2014,29420,8,-0.004393
2014,29460,8,0.005498
2014,29540,8,0.003829
2014,29700,8,0.003594
2014,29740,8,-0.009183
2014,29820,8,0.014256
2014,29940,8,0.001744
2014,30140,8,0.000793
2014,30300,8,-0.007605
2014,30340,8,-0.001536
2014,30460,8,0.004985
2014,30620,8,-0.004161
2014,30700,8,0.001243
2014,30780,8,-0.000197
2014,30860,8,-0.001474
2014,31020,8,-0.00955
2014,31420,8,-0.011535
2014,31700,8,0.000613
2014,31900,8,-0.004904
2014,32580,8,0.0013
2014,32780,8,0.002383
2014,32900,8,0.004756
2014,33140,8,0.000435
2014,33340,8,0.001446
2014,33540,8,-0.005027
2014,33700,8,0.007196
2014,33780,8,-0.001258
2014,33860,8,-0.005989
2014,34060,8,-0.002472
2014,34580,8,-0.004094
2014,34620,8,-0.0011
2014,34740,8,0.003582
2014,34900,8,0.003949
2014,34940,8,0.015278
2014,35300,8,-0.002919
2014,35660,8,-0.003097
2014,35980,8,-0.002954
2014,36100,8,0.000969
2014,36220,8,0.019374
2014,36420,8,0.005752
2014,36500,8,4.5e-05
2014,36540,8,0.001632
2014,36740,8,0.015211
2014,36780,8,0.00208
2014,36980,8,-0.000276
2014,37100,8,-0.000826
2014,37340,8,0.0032
2014,37860,8,0.001308
2014,38060,8,0.012289
2014,38300,8,0.000234
2014,38340,8,-0.003881
2014,38860,8,0.002853
2014,38900,8,0.002285
2014,38940,8,0.007605
2014,39300,8,0.000417
2014,39340,8,0.007827
2014,39380,8,-0.00973
2014,39460,8,0.007388
2014,39540,8,0.000866
2014,39580,8,0.015754
2014,39740,8,0.001146
2014,39820,8,-0.001488
2014,39900,8,0.007509
2014,40140,8,0.005254
2014,40220,8,-0.005995
2014,40420,8,-0.003019
2014,40580,8,-0.011374
2014,40660,8,-0.008833
2014,40900,8,0.005881
2014,40980,8,-0.005244
2014,41060,8,-0.002503
2014,41100,8,0.015612
2014,41140,8,-0.009413
2014,41420,8,-0.004406
2014,41500,8,0.000941
2014,41700,8,0.005705
2014,41740,8,0.002719
2014,41940,8,0.005068
2014,42020,8,-0.000424
2014,42100,8,0.000703
2014,42140,8,-0.007566
2014,42220,8,0.003028
2014,42340,8,0.003087
2014,42540,8,-0.003713
2014,42680,8,0.003674
2014,43100,8,-0.000353
2014,43300,8,-0.005456
2014,43620,8,0.01254
2014,43780,8,0.000451
2014,44100,8,-0.00163
2014,44180,8,-0.000401
2014,44220,8,-0.002452
2014,44300,8,0.004355
2014,44700,8,0.005661
2014,45060,8,-4.7e-05
2014,45220,8,-0.006566
2014,45820,8,-0.009196
2014,45940,8,0.003661
2014,46060,8,-0.002347
2014,46140,8,-0.000116
2014,46340,8,-0.004993
2014,46540,8,-0.002876
2014,46660,8,-0.012812
2014,46700,8,0.007283
2014,47220,8,-0.001292
2014,47300,8,0.000335
2014,47940,8,-0.002615
2014,48300,8,-0.005858
2014,48540,8,-0.009632
2014,48660,8,-0.007331
2014,48700,8,-0.005355
2014,49020,8,0.001678
2014,49420,8,-0.011088
2014,49620,8,0.002847
2014,49660,8,-0.003694
2014,49700,8,0.003336
2014,49740,8,-0.006704
2014,10180,9,-0.006196
2014,10420,9,0.000143
2014,10580,9,0.002554
2014,10740,9,-0.008303
2014,10780,9,-0.004757
2014,10900,9,0.002008
2014,11020,9,-0.005267
2014,11260,9,-0.005309
2014,11460,9,0.007096
2014,11500,9,-0.005623
2014,11540,9,0.004599
2014,11700,9,0.002041
2014,12020,9,-0.000961
2014,12100,9,0.004327
2014,12220,9,0.012028
2014,12420,9,0.021037
2014,12540,9,0.006164
2014,12580,9,-0.002067
2014,12620,9,-0.002248
2014,12700,9,0.001486
2014,12980,9,0.000562
2014,13020,9,-0.001827
2014,13380,9,-0.005106
2014,13460,9,0.017823
2014,13780,9,-0.002323
2014,14260,9,0.012587
2014,14500,9,-0.001622
2014,14740,9,-0.009942
2014,14860,9,0.003444
2014,15180,9,-0.004807
2014,15260,9,-0.001953
2014,15380,9,-0.000783
2014,15500,9,-0.005631
2014,15540,9,0.002704
2014,15940,9,-5.1e-05
2014,15980,9,0.016014
2014,16180,9,-0.009114
2014,16220,9,0.011002
2014,16300,9,-0.005103
2014,16700,9,0.0125
2014,16860,9,-0.00382
2014,16940,9,-0.001986
2014,17020,9,-0.001834
2014,17420,9,0.001714
2014,17660,9,0.006613
2014,17780,9,0.006529
2014,17820,9,0.000452
2014,17900,9,0.001387
2014,18020,9,0.004537
2014,18700,9,-0.007134
2014,19140,9,-0.00802
2014,19340,9,0.000979
2014,19460,9,-0.007054
2014,19500,9,-0.005505
2014,19740,9,0.006208
2014,20020,9,-0.000912
2014,20100,9,0.003387
2014,20220,9,-0.00228
2014,20740,9,0.006155
2014,20940,9,-0.003817
2014,21140,9,0.004111
2014,21300,9,-0.006553
2014,21500,9,-0.00101
2014,21660,9,-0.005028
2014,21820,9,-0.011444
2014,22020,9,0.02117
2014,22140,9,-0.018156
2014,22380,9,0.002362
2014,22420,9,0.000459
2014,22500,9,-0.008142
2014,22520,9,-0.001212
2014,22540,9,-0.00131
2014,22660,9,0.004348
2014,23420,9,0.002702
2014,23460,9,-0.005497
2014,23580,9,0.003372
2014,24020,9,-0.000597
2014,24140,9,-0.008079
2014,24220,9,0.007867
2014,24300,9,-0.006515
2014,24500,9,-0.0079
2014,24540,9,0.007037
2014,24580,9,0.00307
2014,24660,9,-0.003812
2014,25260,9,-0.007682
2014,25420,9,0.002953
2014,25500,9,-7.6e-05
2014,25540,9,-0.001893
2014,25860,9,-0.009603
2014,25980,9,-0.011822
2014,26300,9,-0.007793
2014,26380,9,-0.002598
2014,26620,9,0.00819
2014,26980,9,0.006632
2014,27060,9,0.00546
2014,27100,9,0.002775
2014,27260,9,0.008442
2014,27340,9,0.008545
2014,27500,9,0.001884
2014,27620,9,-0.008944
2014,27740,9,-0.000191
2014,27780,9,-0.006765
2014,27860,9,0.002143
2014,27900,9,-0.007503
2014,28100,9,-0.00392
2014,28420,9,0.000924
2014,28660,9,-0.000674
2014,28700,9,-0.009055
2014,28740,9,-0.001696
2014,29100,9,0.002762
2014,29340,9,-0.001965
2014,29420,9,-0.004247
2014,29460,9,0.005487
2014,29540,9,0.003785
2014,29700,9,0.003633
2014,29740,9,-0.009025
2014,29820,9,0.014448
2014,29940,9,0.001764
2014,30140,9,0.000695
2014,30300,9,-0.007963
2014,30340,9,-0.001581
2014,30460,9,0.004971
2014,30620,9,-0.004126
2014,30700,9,0.001159
2014,30780,9,-0.000167
2014,30860,9,-0.001488
2014,31020,9,-0.009977
2014,31420,9,-0.011712
2014,31700,9,0.000693
2014,31900,9,-0.004971
2014,32580,9,0.001161
2014,32780,9,0.002424
2014,32900,9,0.004908
2014,33140,9,0.000445
2014,33340,9,0.001625
2014,33540,9,-0.004935
2014,33700,9,0.007288
2014,33780,9,-0.001179
2014,33860,9,-0.005861
2014,34060,9,-0.002744
2014,34580,9,-0.004334
2014,34620,9,-0.001099
2014,34740,9,0.003463
2014,34900,9,0.004071
2014,34940,9,0.015768
2014,35300,9,-0.00286
2014,35660,9,-0.002992
2014,35980,9,-0.003021
2014,36100,9,0.00086
2014,36220,9,0.019557
2014,36420,9,0.005731
2014,36500,9,-0.000235
2014,36540,9,0.001583
2014,36740,9,0.015464
2014,36780,9,0.002063
2014,36980,9,-0.000343
2014,37100,9,-0.000623
2014,37340,9,0.003476
2014,37860,9,0.001365
2014,38060,9,0.012429
2014,38300,9,0.000188
2014,38340,9,-0.004116
2014,38860,9,0.002948
2014,38900,9,0.002181
2014,38940,9,0.007725
2014,39300,9,0.000472
2014,39340,9,0.0075
2014,39380,9,-0.010145
2014,39460,9,0.007563
2014,39540,9,0.000882
2014,39580,9,0.015979
2014,39740,9,0.000977
2014,39820,9,-0.001432
2014,39900,9,0.00757
2014,40140,9,0.005534
2014,40220,9,-0.006171
2014,40420,9,-0.003114
2014,40580,9,-0.01173
2014,40660,9,-0.009096
2014,40900,9,0.006076
2014,40980,9,-0.005061
2014,41060,9,-0.00239
2014,41100,9,0.015927
2014,41140,9,-0.009467
2014,41420,9,-0.004784
2014,41500,9,0.001072
2014,41700,9,0.00552
2014,41740,9,0.002992
2014,41940,9,0.005222
2014,42020,9,-0.000301
2014,42100,9,0.000551
2014,42140,9,-0.007831
2014,42220,9,0.003156
2014,42340,9,0.003168
2014,42540,9,-0.003874
2014,42680,9,0.003797
2014,43100,9,-0.000468
2014,43300,9,-0.005734
2014,43620,9,0.012456
2014,43780,9,0.000518
2014,44100,9,-0.001637
2014,44180,9,-0.000555
2014,44220,9,-0.002516
2014,44300,9,0.0046
2014,44700,9,0.006089
2014,45060,9,-0.000114
2014,45220,9,-0.006288
2014,45820,9,-0.009321
2014,45940,9,0.003837
2014,46060,9,-0.002239
2014,46140,9,-0.000224
2014,46340,9,-0.005185
2014,46540,9,-0.002908
2014,46660,9,-0.012639
2014,46700,9,0.007495
2014,47220,9,-0.001211
2014,47300,9,0.000278
2014,47940,9,-0.002437
2014,48300,9,-0.00614
2014,48540,9,-0.010118
2014,48660,9,-0.007586
2014,48700,9,-0.005378
2014,49020,9,0.001848
2014,49420,9,-0.011594
2014,49620,9,0.002694
2014,49660,9,-0.003735
2014,49700,9,0.003342
2014,49740,9,-0.006509
2014,10180,10,-0.006196
2014,10420,10,0.000143
2014,10580,10,0.002554
2014,10740,10,-0.008303
2014,10780,10,-0.004757
2014,10900,10,0.002008
2014,11020,10,-0.005267
2014,11260,10,-0.005309
2014,11460,10,0.007096
2014,11500,10,-0.005623
2014,11540,10,0.004599
2014,11700,10,0.002041
2014,12020,10,-0.000961
2014,12100,10,0.004327
2014,12220,10,0.012028
2014,12420,10,0.021037
2014,12540,10,0.006164
2014,12580,10,-0.002067
2014,12620,10,-0.002248
2014,12700,10,0.001486
2014,12980,10,0.000562
2014,13020,10,-0.001827
2014,13380,10,-0.005106
2014,13460,10,0.017823
2014,13780,10,-0.002323
2014,14260,10,0.012587
2014,14500,10,-0.001622
2014,14740,10,-0.009942
2014,14860,10,0.003444
2014,15180,10,-0.004807
2014,15260,10,-0.001953
2014,15380,10,-0.000783
2014,15500,10,-0.005631
2014,15540,10,0.002704
2014,15940,10,-5.1e-05
2014,15980,10,0.016014
2014,16180,10,-0.009114
2014,16220,10,0.011002
2014,16300,10,-0.005103
2014,16700,10,0.0125
2014,16860,10,-0.00382
2014,16940,10,-0.001986
2014,17020,10,-0.001834
2014,17420,10,0.001714
2014,17660,10,0.006613
2014,17780,10,0.006529
2014,17820,10,0.000452
2014,17900,10,0.001387
2014,18020,10,0.004537
2014,18700,10,-0.007134
2014,19140,10,-0.00802
2014,19340,10,0.000979
2014,19460,10,-0.007054
2014,19500,10,-0.005505
2014,19740,10,0.006208
2014,20020,10,-0.000912
2014,20100,10,0.003387
2014,20220,10,-0.00228
2014,20740,10,0.006155
2014,20940,10,-0.003817
2014,21140,10,0.004111
2014,21300,10,-0.006553
2014,21500,10,-0.00101
2014,21660,10,-0.005028
2014,21820,10,-0.011444
2014,22020,10,0.02117
2014,22140,10,-0.018156
2014,22380,10,0.002362
2014,22420,10,0.000459
2014,22500,10,-0.008142
2014,22520,10,-0.001212
2014,22540,10,-0.00131
2014,22660,10,0.004348
2014,23420,10,0.002702
2014,23460,10,-0.005497
2014,23580,10,0.003372
2014,24020,10,-0.000597
2014,24140,10,-0.008079
2014,24220,10,0.007867
2014,24300,10,-0.006515
2014,24500,10,-0.0079
2014,24540,10,0.007037
2014,24580,10,0.00307
2014,24660,10,-0.003812
2014,25260,10,-0.007682
2014,25420,10,0.002953
2014,25500,10,-7.6e-05
2014,25540,10,-0.001893
2014,25860,10,-0.009603
2014,25980,10,-0.011822
2014,26300,10,-0.007793
2014,26380,10,-0.002598
2014,26620,10,0.00819
2014,26980,10,0.006632
2014,27060,10,0.00546
2014,27100,10,0.002775
2014,27260,10,0.008442
2014,27340,10,0.008545
2014,27500,10,0.001884
2014,27620,10,-0.008944
2014,27740,10,-0.000191
2014,27780,10,-0.006765
2014,27860,10,0.002143
2014,27900,10,-0.007503
2014,28100,10,-0.00392
2014,28420,10,0.000924
2014,28660,10,-0.000674
2014,28700,10,-0.009055
2014,28740,10,-0.001696
2014,29100,10,0.002762
2014,29340,10,-0.001965
2014,29420,10,-0.004247
2014,29460,10,0.005487
2014,29540,10,0.003785
2014,29700,10,0.003633
2014,29740,10,-0.009025
2014,29820,10,0.014448
2014,29940,10,0.001764
2014,30140,10,0.000695
2014,30300,10,-0.007963
2014,30340,10,-0.001581
2014,30460,10,0.004971
2014,30620,10,-0.004126
2014,30700,10,0.001159
2014,30780,10,-0.000167
2014,30860,10,-0.001488
2014,31020,10,-0.009977
2014,31420,10,-0.011712
2014,31700,10,0.000693
2014,31900,10,-0.004971
2014,32580,10,0.001161
2014,32780,10,0.002424
2014,32900,10,0.004908
2014,33140,10,0.000445
2014,33340,10,0.001625
2014,33540,10,-0.004935
2014,33700,10,0.007288
2014,33780,10,-0.001179
2014,33860,10,-0.005861
2014,34060,10,-0.002744
2014,34580,10,-0.004334
2014,34620,10,-0.001099
2014,34740,10,0.003463
2014,34900,10,0.004071
2014,34940,10,0.015768
2014,35300,10,-0.00286
2014,35660,10,-0.002992
2014,35980,10,-0.003021
2014,36100,10,0.00086
2014,36220,10,0.019557
2014,36420,10,0.005731
2014,36500,10,-0.000235
2014,36540,10,0.001583
2014,36740,10,0.015464
2014,36780,10,0.002063
2014,36980,10,-0.000343
2014,37100,10,-0.000623
2014,37340,10,0.003476
2014,37860,10,0.001365
2014,38060,10,0.012429
2014,38300,10,0.000188
2014,38340,10,-0.004116
2014,38860,10,0.002948
2014,38900,10,0.002181
2014,38940,10,0.007725
2014,39300,10,0.000472
2014,39340,10,0.0075
2014,39380,10,-0.010145
2014,39460,10,0.007563
2014,39540,10,0.000882
2014,39580,10,0.015979
2014,39740,10,0.000977
2014,39820,10,-0.001432
2014,39900,10,0.00757
2014,40140,10,0.005534
2014,40220,10,-0.006171
2014,40420,10,-0.003114
2014,40580,10,-0.01173
2014,40660,10,-0.009096
2014,40900,10,0.006076
2014,40980,10,-0.005061
2014,41060,10,-0.00239
2014,41100,10,0.015927
2014,41140,10,-0.009467
2014,41420,10,-0.004784
2014,41500,10,0.001072
2014,41700,10,0.00552
2014,41740,10,0.002992
2014,41940,10,0.005222
2014,42020,10,-0.000301
2014,42100,10,0.000551
2014,42140,10,-0.007831
2014,42220,10,0.003156
2014,42340,10,0.003168
2014,42540,10,-0.003874
2014,42680,10,0.003797
2014,43100,10,-0.000468
2014,43300,10,-0.005734
2014,43620,10,0.012456
2014,43780,10,0.000518
2014,44100,10,-0.001637
2014,44180,10,-0.000555
2014,44220,10,-0.002516
2014,44300,10,0.0046
2014,44700,10,0.006089
2014,45060,10,-0.000114
2014,45220,10,-0.006288
2014,45820,10,-0.009321
2014,45940,10,0.003837
2014,46060,10,-0.002239
2014,46140,10,-0.000224
2014,46340,10,-0.005185
2014,46540,10,-0.002908
2014,46660,10,-0.012639
2014,46700,10,0.007495
2014,47220,10,-0.001211
2014,47300,10,0.000278
2014,47940,10,-0.002437
2014,48300,10,-0.00614
2014,48540,10,-0.010118
2014,48660,10,-0.007586
2014,48700,10,-0.005378
2014,49020,10,0.001848
2014,49420,10,-0.011594
2014,49620,10,0.002694
2014,49660,10,-0.003735
2014,49700,10,0.003342
2014,49740,10,-0.006509
2014,10180,11,-0.006196
2014,10420,11,0.000143
2014,10580,11,0.002554
2014,10740,11,-0.008303
2014,10780,11,-0.004757
2014,10900,11,0.002008
2014,11020,11,-0.005267
2014,11260,11,-0.005309
2014,11460,11,0.007096
2014,11500,11,-0.005623
2014,11540,11,0.004599
2014,11700,11,0.002041
2014,12020,11,-0.000961
2014,12100,11,0.004327
2014,12220,11,0.012028
2014,12420,11,0.021037
2014,12540,11,0.006164
2014,12580,11,-0.002067
2014,12620,11,-0.002248
2014,12700,11,0.001486
2014,12980,11,0.000562
2014,13020,11,-0.001827
2014,13380,11,-0.005106
2014,13460,11,0.017823
2014,13780,11,-0.002323
2014,14260,11,0.012587
2014,14500,11,-0.001622
2014,14740,11,-0.009942
2014,14860,11,0.003444
2014,15180,11,-0.004807
2014,15260,11,-0.001953
2014,15380,11,-0.000783
2014,15500,11,-0.005631
2014,15540,11,0.002704
2014,15940,11,-5.1e-05
2014,15980,11,0.016014
2014,16180,11,-0.009114
2014,16220,11,0.011002
2014,16300,11,-0.005103
2014,16700,11,0.0125
2014,16860,11,-0.00382
2014,16940,11,-0.001986
2014,17020,11,-0.001834
2014,17420,11,0.001714
2014,17660,11,0.006613
2014,17780,11,0.006529
2014,17820,11,0.000452
2014,17900,11,0.001387
2014,18020,11,0.004537
2014,18700,11,-0.007134
2014,19140,11,-0.00802
2014,19340,11,0.000979
2014,19460,11,-0.007054
2014,19500,11,-0.005505
2014,19740,11,0.006208
2014,20020,11,-0.000912
2014,20100,11,0.003387
2014,20220,11,-0.00228
2014,20740,11,0.006155
2014,20940,11,-0.003817
2014,21140,11,0.004111
2014,21300,11,-0.006553
2014,21500,11,-0.00101
2014,21660,11,-0.005028
2014,21820,11,-0.011444
2014,22020,11,0.02117
2014,22140,11,-0.018156
2014,22380,11,0.002362
2014,22420,11,0.000459
2014,22500,11,-0.008142
2014,22520,11,-0.001212
2014,22540,11,-0.00131
2014,22660,11,0.004348
2014,23420,11,0.002702
2014,23460,11,-0.005497
2014,23580,11,0.003372
2014,24020,11,-0.000597
2014,24140,11,-0.008079
2014,24220,11,0.007867
2014,24300,11,-0.006515
2014,24500,11,-0.0079
2014,24540,11,0.007037
2014,24580,11,0.00307
2014,24660,11,-0.003812
2014,25260,11,-0.007682
2014,25420,11,0.002953
2014,25500,11,-7.6e-05
2014,25540,11,-0.001893
2014,25860,11,-0.009603
2014,25980,11,-0.011822
2014,26300,11,-0.007793
2014,26380,11,-0.002598
2014,26620,11,0.00819
2014,26980,11,0.006632
2014,27060,11,0.00546
2014,27100,11,0.002775
2014,27260,11,0.008442
2014,27340,11,0.008545
2014,27500,11,0.001884
2014,27620,11,-0.008944
2014,27740,11,-0.000191
2014,27780,11,-0.006765
2014,27860,11,0.002143
2014,27900,11,-0.007503
2014,28100,11,-0.00392
2014,28420,11,0.000924
2014,28660,11,-0.000674
2014,28700,11,-0.009055
2014,28740,11,-0.001696
2014,29100,11,0.002762
2014,29340,11,-0.001965
2014,29420,11,-0.004247
2014,29460,11,0.005487
2014,29540,11,0.003785
2014,29700,11,0.003633
2014,29740,11,-0.009025
2014,29820,11,0.014448
2014,29940,11,0.001764
2014,30140,11,0.000695
2014,30300,11,-0.007963
2014,30340,11,-0.001581
2014,30460,11,0.004971
2014,30620,11,-0.004126
2014,30700,11,0.001159
2014,30780,11,-0.000167
2014,30860,11,-0.001488
2014,31020,11,-0.009977
2014,31420,11,-0.011712
2014,31700,11,0.000693
2014,31900,11,-0.004971
2014,32580,11,0.001161
2014,32780,11,0.002424
2014,32900,11,0.004908
2014,33140,11,0.000445
2014,33340,11,0.001625
2014,33540,11,-0.004935
2014,33700,11,0.007288
2014,33780,11,-0.001179
2014,33860,11,-0.005861
2014,34060,11,-0.002744
2014,34580,11,-0.004334
2014,34620,11,-0.001099
2014,34740,11,0.003463
2014,34900,11,0.004071
2014,34940,11,0.015768
2014,35300,11,-0.00286
2014,35660,11,-0.002992
2014,35980,11,-0.003021
2014,36100,11,0.00086
2014,36220,11,0.019557
2014,36420,11,0.005731
2014,36500,11,-0.000235
2014,36540,11,0.001583
2014,36740,11,0.015464
2014,36780,11,0.002063
2014,36980,11,-0.000343
2014,37100,11,-0.000623
2014,37340,11,0.003476
2014,37860,11,0.001365
2014,38060,11,0.012429
2014,38300,11,0.000188
2014,38340,11,-0.004116
2014,38860,11,0.002948
2014,38900,11,0.002181
2014,38940,11,0.007725
2014,39300,11,0.000472
2014,39340,11,0.0075
2014,39380,11,-0.010145
2014,39460,11,0.007563
2014,39540,11,0.000882
2014,39580,11,0.015979
2014,39740,11,0.000977
2014,39820,11,-0.001432
2014,39900,11,0.00757
2014,40140,11,0.005534
2014,40220,11,-0.006171
2014,40420,11,-0.003114
2014,40580,11,-0.01173
2014,40660,11,-0.009096
2014,40900,11,0.006076
2014,40980,11,-0.005061
2014,41060,11,-0.00239
2014,41100,11,0.015927
2014,41140,11,-0.009467
2014,41420,11,-0.004784
2014,41500,11,0.001072
2014,41700,11,0.00552
2014,41740,11,0.002992
2014,41940,11,0.005222
2014,42020,11,-0.000301
2014,42100,11,0.000551
2014,42140,11,-0.007831
2014,42220,11,0.003156
2014,42340,11,0.003168
2014,42540,11,-0.003874
2014,42680,11,0.003797
2014,43100,11,-0.000468
2014,43300,11,-0.005734
2014,43620,11,0.012456
2014,43780,11,0.000518
2014,44100,11,-0.001637
2014,44180,11,-0.000555
2014,44220,11,-0.002516
2014,44300,11,0.0046
2014,44700,11,0.006089
2014,45060,11,-0.000114
2014,45220,11,-0.006288
2014,45820,11,-0.009321
2014,45940,11,0.003837
2014,46060,11,-0.002239
2014,46140,11,-0.000224
2014,46340,11,-0.005185
2014,46540,11,-0.002908
2014,46660,11,-0.012639
2014,46700,11,0.007495
2014,47220,11,-0.001211
2014,47300,11,0.000278
2014,47940,11,-0.002437
2014,48300,11,-0.00614
2014,48540,11,-0.010118
2014,48660,11,-0.007586
2014,48700,11,-0.005378
2014,49020,11,0.001848
2014,49420,11,-0.011594
2014,49620,11,0.002694
2014,49660,11,-0.003735
2014,49700,11,0.003342
2014,49740,11,-0.006509
2014,10180,12,-0.006196
2014,10420,12,0.000143
2014,10580,12,0.002554
2014,10740,12,-0.008303
2014,10780,12,-0.004757
2014,10900,12,0.002008
2014,11020,12,-0.005267
2014,11260,12,-0.005309
2014,11460,12,0.007096
2014,11500,12,-0.005623
2014,11540,12,0.004599
2014,11700,12,0.002041
2014,12020,12,-0.000961
2014,12100,12,0.004327
2014,12220,12,0.012028
2014,12420,12,0.021037
2014,12540,12,0.006164
2014,12580,12,-0.002067
2014,12620,12,-0.002248
2014,12700,12,0.001486
2014,12980,12,0.000562
2014,13020,12,-0.001827
2014,13380,12,-0.005106
2014,13460,12,0.017823
2014,13780,12,-0.002323
2014,14260,12,0.012587
2014,14500,12,-0.001622
2014,14740,12,-0.009942
2014,14860,12,0.003444
2014,15180,12,-0.004807
2014,15260,12,-0.001953
2014,15380,12,-0.000783
2014,15500,12,-0.005631
2014,15540,12,0.002704
2014,15940,12,-5.1e-05
2014,15980,12,0.016014
2014,16180,12,-0.009114
2014,16220,12,0.011002
2014,16300,12,-0.005103
2014,16700,12,0.0125
2014,16860,12,-0.00382
2014,16940,12,-0.001986
2014,17020,12,-0.001834
2014,17420,12,0.001714
2014,17660,12,0.006613
2014,17780,12,0.006529
2014,17820,12,0.000452
2014,17900,12,0.001387
2014,18020,12,0.004537
2014,18700,12,-0.007134
2014,19140,12,-0.00802
2014,19340,12,0.000979
2014,19460,12,-0.007054
2014,19500,12,-0.005505
2014,19740,12,0.006208
2014,20020,12,-0.000912
2014,20100,12,0.003387
2014,20220,12,-0.00228
2014,20740,12,0.006155
2014,20940,12,-0.003817
2014,21140,12,0.004111
2014,21300,12,-0.006553
2014,21500,12,-0.00101
2014,21660,12,-0.005028
2014,21820,12,-0.011444
2014,22020,12,0.02117
2014,22140,12,-0.018156
2014,22380,12,0.002362
2014,22420,12,0.000459
2014,22500,12,-0.008142
2014,22520,12,-0.001212
2014,22540,12,-0.00131
2014,22660,12,0.004348
2014,23420,12,0.002702
2014,23460,12,-0.005497
2014,23580,12,0.003372
2014,24020,12,-0.000597
2014,24140,12,-0.008079
2014,24220,12,0.007867
2014,24300,12,-0.006515
2014,24500,12,-0.0079
2014,24540,12,0.007037
2014,24580,12,0.00307
2014,24660,12,-0.003812
2014,25260,12,-0.007682
2014,25420,12,0.002953
2014,25500,12,-7.6e-05
2014,25540,12,-0.001893
2014,25860,12,-0.009603
2014,25980,12,-0.011822
2014,26300,12,-0.007793
2014,26380,12,-0.002598
2014,26620,12,0.00819
2014,26980,12,0.006632
2014,27060,12,0.00546
2014,27100,12,0.002775
2014,27260,12,0.008442
2014,27340,12,0.008545
2014,27500,12,0.001884
2014,27620,12,-0.008944
2014,27740,12,-0.000191
2014,27780,12,-0.006765
2014,27860,12,0.002143
2014,27900,12,-0.007503
2014,28100,12,-0.00392
2014,28420,12,0.000924
2014,28660,12,-0.000674
2014,28700,12,-0.009055
2014,28740,12,-0.001696
2014,29100,12,0.002762
2014,29340,12,-0.001965
2014,29420,12,-0.004247
2014,29460,12,0.005487
2014,29540,12,0.003785
2014,29700,12,0.003633
2014,29740,12,-0.009025
2014,29820,12,0.014448
2014,29940,12,0.001764
2014,30140,12,0.000695
2014,30300,12,-0.007963
2014,30340,12,-0.001581
2014,30460,12,0.004971
2014,30620,12,-0.004126
2014,30700,12,0.001159
2014,30780,12,-0.000167
2014,30860,12,-0.001488
2014,31020,12,-0.009977
2014,31420,12,-0.011712
2014,31700,12,0.000693
2014,31900,12,-0.004971
2014,32580,12,0.001161
2014,32780,12,0.002424
2014,32900,12,0.004908
2014,33140,12,0.000445
2014,33340,12,0.001625
2014,33540,12,-0.004935
2014,33700,12,0.007288
2014,33780,12,-0.001179
2014,33860,12,-0.005861
2014,34060,12,-0.002744
2014,34580,12,-0.004334
2014,34620,12,-0.001099
2014,34740,12,0.003463
2014,34900,12,0.004071
2014,34940,12,0.015768
2014,35300,12,-0.00286
2014,35660,12,-0.002992
2014,35980,12,-0.003021
2014,36100,12,0.00086
2014,36220,12,0.019557
2014,36420,12,0.005731
2014,36500,12,-0.000235
2014,36540,12,0.001583
2014,36740,12,0.015464
2014,36780,12,0.002063
2014,36980,12,-0.000343
2014,37100,12,-0.000623
2014,37340,12,0.003476
2014,37860,12,0.001365
2014,38060,12,0.012429
2014,38300,12,0.000188
2014,38340,12,-0.004116
2014,38860,12,0.002948
2014,38900,12,0.002181
2014,38940,12,0.007725
2014,39300,12,0.000472
2014,39340,12,0.0075
2014,39380,12,-0.010145
2014,39460,12,0.007563
2014,39540,12,0.000882
2014,39580,12,0.015979
2014,39740,12,0.000977
2014,39820,12,-0.001432
2014,39900,12,0.00757
2014,40140,12,0.005534
2014,40220,12,-0.006171
2014,40420,12,-0.003114
2014,40580,12,-0.01173
2014,40660,12,-0.009096
2014,40900,12,0.006076
2014,40980,12,-0.005061
2014,41060,12,-0.00239
2014,41100,12,0.015927
2014,41140,12,-0.009467
2014,41420,12,-0.004784
2014,41500,12,0.001072
2014,41700,12,0.00552
2014,41740,12,0.002992
2014,41940,12,0.005222
2014,42020,12,-0.000301
2014,42100,12,0.000551
2014,42140,12,-0.007831
2014,42220,12,0.003156
2014,42340,12,0.003168
2014,42540,12,-0.003874
2014,42680,12,0.003797
2014,43100,12,-0.000468
2014,43300,12,-0.005734
2014,43620,12,0.012456
2014,43780,12,0.000518
2014,44100,12,-0.001637
2014,44180,12,-0.000555
2014,44220,12,-0.002516
2014,44300,12,0.0046
2014,44700,12,0.006089
2014,45060,12,-0.000114
2014,45220,12,-0.006288
2014,45820,12,-0.009321
2014,45940,12,0.003837
2014,46060,12,-0.002239
2014,46140,12,-0.000224
2014,46340,12,-0.005185
2014,46540,12,-0.002908
2014,46660,12,-0.012639
2014,46700,12,0.007495
2014,47220,12,-0.001211
2014,47300,12,0.000278
2014,47940,12,-0.002437
2014,48300,12,-0.00614
2014,48540,12,-0.010118
2014,48660,12,-0.007586
2014,48700,12,-0.005378
2014,49020,12,0.001848
2014,49420,12,-0.011594
2014,49620,12,0.002694
2014,49660,12,-0.003735
2014,49700,12,0.003342
2014,49740,12,-0.006509
2014,10180,13,-0.006129
2014,10420,13,-1.3e-05
2014,10580,13,0.002938
2014,10740,13,-0.008718
2014,10780,13,-0.004781
2014,10900,13,0.002178
2014,11020,13,-0.005605
2014,11260,13,-0.005749
2014,11460,13,0.007277
2014,11500,13,-0.005677
2014,11540,13,0.004872
2014,11700,13,0.002122
2014,12020,13,-0.001297
2014,12100,13,0.005193
2014,12220,13,0.012184
2014,12420,13,0.021895
2014,12540,13,0.006633
2014,12580,13,-0.001538
2014,12620,13,-0.00252
2014,12700,13,0.002136
2014,12980,13,0.000349
2014,13020,13,-0.002171
2014,13380,13,-0.005336
2014,13460,13,0.017835
2014,13780,13,-0.002458
2014,14260,13,0.012636
2014,14500,13,-0.001895
2014,14740,13,-0.010285
2014,14860,13,0.003351
2014,15180,13,-0.005
2014,15260,13,-0.001952
2014,15380,13,-0.001098
2014,15500,13,-0.006451
2014,15540,13,0.002916
2014,15940,13,-0.000165
2014,15980,13,0.016651
2014,16180,13,-0.008735
2014,16220,13,0.011527
2014,16300,13,-0.005378
2014,16700,13,0.012997
2014,16860,13,-0.004188
2014,16940,13,-0.002006
2014,17020,13,-0.001499
2014,17420,13,0.001753
2014,17660,13,0.00698
2014,17780,13,0.007017
2014,17820,13,0.000185
2014,17900,13,0.001028
2014,18020,13,0.004513
2014,18700,13,-0.00769
2014,19140,13,-0.008583
2014,19340,13,0.001268
2014,19460,13,-0.007367
2014,19500,13,-0.005521
2014,19740,13,0.006248
2014,20020,13,-0.000842
2014,20100,13,0.003533
2014,20220,13,-0.002238
2014,20740,13,0.006723
2014,20940,13,-0.004113
2014,21140,13,0.003982
2014,21300,13,-0.0068
2014,21500,13,-0.001374
2014,21660,13,-0.005653
2014,21820,13,-0.012329
2014,22020,13,0.021984
2014,22140,13,-0.018051
2014,22380,13,0.003016
2014,22420,13,0.000161
2014,22500,13,-0.008713
2014,22520,13,-0.001235
2014,22540,13,-0.001263
2014,22660,13,0.004307
2014,23420,13,0.003119
2014,23460,13,-0.005529
2014,23580,13,0.002784
2014,24020,13,-0.000169
2014,24140,13,-0.008709
2014,24220,13,0.00837
2014,24300,13,-0.006439
2014,24500,13,-0.008338
2014,24540,13,0.006608
2014,24580,13,0.003191
2014,24660,13,-0.004548
2014,25260,13,-0.007792
2014,25420,13,0.002686
2014,25500,13,0.00022
2014,25540,13,-0.00217
2014,25860,13,-0.010376
2014,25980,13,-0.011935
2014,26300,13,-0.008145
2014,26380,13,-0.002398
2014,26620,13,0.008378
2014,26980,13,0.006762
2014,27060,13,0.005642
2014,27100,13,0.002667
2014,27260,13,0.009025
2014,27340,13,0.009476
2014,27500,13,0.00186
2014,27620,13,-0.009271
2014,27740,13,-2.5e-05
2014,27780,13,-0.007171
2014,27860,13,0.001907
2014,27900,13,-0.007979
2014,28100,13,-0.003739
2014,28420,13,0.000504
2014,28660,13,-0.000701
2014,28700,13,-0.009395
2014,28740,13,-0.001057
2014,29100,13,0.003288
2014,29340,13,-0.001855
2014,29420,13,-0.003914
2014,29460,13,0.00556
2014,29540,13,0.003692
2014,29700,13,0.00359
2014,29740,13,-0.0091
2014,29820,13,0.014986
2014,29940,13,0.001809
2014,30140,13,0.00055
2014,30300,13,-0.008405
2014,30340,13,-0.001798
2014,30460,13,0.005138
2014,30620,13,-0.00435
2014,30700,13,0.000923
2014,30780,13,-0.000245
2014,30860,13,-0.001902
2014,31020,13,-0.011179
2014,31420,13,-0.012403
2014,31700,13,0.000727
2014,31900,13,-0.005256
2014,32580,13,0.000904
2014,32780,13,0.002403
2014,32900,13,0.005349
2014,33140,13,0.000561
2014,33340,13,0.002076
2014,33540,13,-0.004721
2014,33700,13,0.007933
2014,33780,13,-0.001337
2014,33860,13,-0.006002
2014,34060,13,-0.00287
2014,34580,13,-0.004892
2014,34620,13,-0.001223
2014,34740,13,0.003267
2014,34900,13,0.004649
2014,34940,13,0.016868
2014,35300,13,-0.002905
2014,35660,13,-0.002767
2014,35980,13,-0.003233
2014,36100,13,0.000874
2014,36220,13,0.020344
2014,36420,13,0.005825
2014,36500,13,-0.000765
2014,36540,13,0.00145
2014,36740,13,0.016086
2014,36780,13,0.002165
2014,36980,13,-0.000492
2014,37100,13,8.4e-05
2014,37340,13,0.004126
2014,37860,13,0.001432
2014,38060,13,0.012957
2014,38300,13,-9e-06
2014,38340,13,-0.004194
2014,38860,13,0.003132
2014,38900,13,0.00181
2014,38940,13,0.008362
2014,39300,13,0.000693
2014,39340,13,0.00689
2014,39380,13,-0.010936
2014,39460,13,0.008269
2014,39540,13,0.001124
2014,39580,13,0.016072
2014,39740,13,0.000855
2014,39820,13,-0.001186
2014,39900,13,0.007981
2014,40140,13,0.006359
2014,40220,13,-0.006463
2014,40420,13,-0.00328
2014,40580,13,-0.012662
2014,40660,13,-0.009734
2014,40900,13,0.006775
2014,40980,13,-0.005289
2014,41060,13,-0.002142
2014,41100,13,0.016125
2014,41140,13,-0.009676
2014,41420,13,-0.005737
2014,41500,13,0.001499
2014,41700,13,0.005549
2014,41740,13,0.003794
2014,41940,13,0.005455
2014,42020,13,0.000219
2014,42100,13,0.000537
2014,42140,13,-0.008172
2014,42220,13,0.00363
2014,42340,13,0.003466
2014,42540,13,-0.004291
2014,42680,13,0.004181
2014,43100,13,-0.000375
2014,43300,13,-0.006129
2014,43620,13,0.012607
2014,43780,13,0.000579
2014,44100,13,-0.001571
2014,44180,13,-0.000839
2014,44220,13,-0.002775
2014,44300,13,0.00486
2014,44700,13,0.006903
2014,45060,13,-0.000302
2014,45220,13,-0.00599
2014,45820,13,-0.009572
2014,45940,13,0.004301
2014,46060,13,-0.002088
2014,46140,13,-0.000444
2014,46340,13,-0.005417
2014,46540,13,-0.002988
2014,46660,13,-0.012824
2014,46700,13,0.008035
2014,47220,13,-0.001123
2014,47300,13,0.000196
2014,47940,13,-0.002191
2014,48300,13,-0.006859
2014,48540,13,-0.010646
2014,48660,13,-0.007959
2014,48700,13,-0.005638
2014,49020,13,0.002315
2014,49420,13,-0.012815
2014,49620,13,0.002504
2014,49660,13,-0.003922
2014,49700,13,0.003828
2014,49740,13,-0.006342
2014,10180,14,-0.006245
2014,10420,14,0.000365
2014,10580,14,0.002155
2014,10740,14,-0.007695
2014,10780,14,-0.004782
2014,10900,14,0.001707
2014,11020,14,-0.004749
2014,11260,14,-0.004303
2014,11460,14,0.007061
2014,11500,14,-0.005194
2014,11540,14,0.003815
2014,11700,14,0.002245
2014,12020,14,-0.000485
2014,12100,14,0.003305
2014,12220,14,0.011748
2014,12420,14,0.018976
2014,12540,14,0.005454
2014,12580,14,-0.002443
2014,12620,14,-0.001912
2014,12700,14,0.000508
2014,12980,14,0.001145
2014,13020,14,-0.001331
2014,13380,14,-0.004593
2014,13460,14,0.017243
2014,13780,14,-0.00197
2014,14260,14,0.012052
2014,14500,14,-0.000709
2014,14740,14,-0.009743
2014,14860,14,0.003395
2014,15180,14,-0.004374
2014,15260,14,-0.002322
2014,15380,14,-0.000282
2014,15500,14,-0.004563
2014,15540,14,0.00229
2014,15940,14,-7e-06
2014,15980,14,0.01545
2014,16180,14,-0.009804
2014,16220,14,0.010625
2014,16300,14,-0.004787
2014,16700,14,0.011413
2014,16860,14,-0.003057
2014,16940,14,-0.001674
2014,17020,14,-0.00209
2014,17420,14,0.001775
2014,17660,14,0.005684
2014,17780,14,0.005019
2014,17820,14,0.000754
2014,17900,14,0.001485
2014,18020,14,0.004414
2014,18700,14,-0.007406
2014,19140,14,-0.006887
2014,19340,14,0.000757
2014,19460,14,-0.006421
2014,19500,14,-0.005291
2014,19740,14,0.006244
2014,20020,14,-0.001406
2014,20100,14,0.002802
2014,20220,14,-0.002441
2014,20740,14,0.005225
2014,20940,14,-0.003852
2014,21140,14,0.004411
2014,21300,14,-0.006141
2014,21500,14,-0.00072
2014,21660,14,-0.004523
2014,21820,14,-0.009894
2014,22020,14,0.019381
2014,22140,14,-0.01825
2014,22380,14,0.000714
2014,22420,14,0.000536
2014,22500,14,-0.007486
2014,22520,14,-0.001333
2014,22540,14,-0.001536
2014,22660,14,0.004143
2014,23420,14,0.002064
2014,23460,14,-0.005084
2014,23580,14,0.004584
2014,24020,14,-0.001272
2014,24140,14,-0.006965
2014,24220,14,0.007406
2014,24300,14,-0.006743
2014,24500,14,-0.006396
2014,24540,14,0.007768
2014,24580,14,0.002597
2014,24660,14,-0.002836
2014,25260,14,-0.00787
2014,25420,14,0.003145
2014,25500,14,-0.000854
2014,25540,14,-0.001521
2014,25860,14,-0.008337
2014,25980,14,-0.011821
2014,26300,14,-0.006774
2014,26380,14,-0.002545
2014,26620,14,0.007538
2014,26980,14,0.006396
2014,27060,14,0.00566
2014,27100,14,0.00306
2014,27260,14,0.00717
2014,27340,14,0.005199
2014,27500,14,0.002093
2014,27620,14,-0.008259
2014,27740,14,-0.000467
2014,27780,14,-0.006277
2014,27860,14,0.001941
2014,27900,14,-0.006535
2014,28100,14,-0.004087
2014,28420,14,-2.3e-05
2014,28660,14,-0.001133
2014,28700,14,-0.008363
2014,28740,14,-0.002178
2014,29100,14,0.00225
2014,29340,14,-0.002228
2014,29420,14,-0.004536
2014,29460,14,0.005409
2014,29540,14,0.003851
2014,29700,14,0.003225
2014,29740,14,-0.009424
2014,29820,14,0.013539
2014,29940,14,0.001595
2014,30140,14,0.000849
2014,30300,14,-0.006556
2014,30340,14,-0.001348
2014,30460,14,0.004812
2014,30620,14,-0.003867
2014,30700,14,0.001409
2014,30780,14,-0.000257
2014,30860,14,-0.001551
2014,31020,14,-0.008665
2014,31420,14,-0.010893
2014,31700,14,0.000539
2014,31900,14,-0.004752
2014,32580,14,0.001427
2014,32780,14,0.002203
2014,32900,14,0.0044
2014,33140,14,0.00041
2014,33340,14,0.001133
2014,33540,14,-0.004999
2014,33700,14,0.006828
2014,33780,14,-0.001279
2014,33860,14,-0.006014
2014,34060,14,-0.001599
2014,34580,14,-0.003693
2014,34620,14,-0.000927
2014,34740,14,0.003764
2014,34900,14,0.003821
2014,34940,14,0.014088
2014,35300,14,-0.002813
2014,35660,14,-0.003182
2014,35980,14,-0.002799
2014,36100,14,0.001127
2014,36220,14,0.018588
2014,36420,14,0.005593
2014,36500,14,0.000388
2014,36540,14,0.001583
2014,36740,14,0.014327
2014,36780,14,0.002055
2014,36980,14,-2.2e-05
2014,37100,14,-0.001023
2014,37340,14,0.002746
2014,37860,14,0.001265
2014,38060,14,0.011758
2014,38300,14,0.000356
2014,38340,14,-0.003586
2014,38860,14,0.00255
2014,38900,14,0.002307
2014,38940,14,0.00733
2014,39300,14,0.000354
2014,39340,14,0.008254
2014,39380,14,-0.008764
2014,39460,14,0.007025
2014,39540,14,0.00073
2014,39580,14,0.01433
2014,39740,14,0.001388
2014,39820,14,-0.001572
2014,39900,14,0.007323
2014,40140,14,0.004686
2014,40220,14,-0.005399
2014,40420,14,-0.002942
2014,40580,14,-0.010422
2014,40660,14,-0.008085
2014,40900,14,0.005463
2014,40980,14,-0.005239
2014,41060,14,-0.002625
2014,41100,14,0.014221
2014,41140,14,-0.008837
2014,41420,14,-0.00369
2014,41500,14,0.000771
2014,41700,14,0.005913
2014,41740,14,0.00232
2014,41940,14,0.004843
2014,42020,14,-0.000578
2014,42100,14,0.001057
2014,42140,14,-0.006743
2014,42220,14,0.002892
2014,42340,14,0.002836
2014,42540,14,-0.003297
2014,42680,14,0.003357
2014,43100,14,-0.000291
2014,43300,14,-0.004467
2014,43620,14,0.012131
2014,43780,14,0.000256
2014,44100,14,-0.001523
2014,44180,14,-0.000143
2014,44220,14,-0.002329
2014,44300,14,0.003688
2014,44700,14,0.004921
2014,45060,14,0.000152
2014,45220,14,-0.00694
2014,45820,14,-0.008725
2014,45940,14,0.003342
2014,46060,14,-0.002481
2014,46140,14,5.5e-05
2014,46340,14,-0.004303
2014,46540,14,-0.00258
2014,46660,14,-0.012808
2014,46700,14,0.006894
2014,47220,14,-0.001523
2014,47300,14,0.000423
2014,47940,14,-0.002765
2014,48300,14,-0.005351
2014,48540,14,-0.008655
2014,48660,14,-0.006612
2014,48700,14,-0.004908
2014,49020,14,0.001421
2014,49420,14,-0.00988
2014,49620,14,0.002985
2014,49660,14,-0.003544
2014,49700,14,0.003128
2014,49740,14,-0.006918
2014,10180,15,-0.006129
2014,10420,15,-1.3e-05
2014,10580,15,0.002938
2014,10740,15,-0.008718
2014,10780,15,-0.004781
2014,10900,15,0.002178
2014,11020,15,-0.005605
2014,11260,15,-0.005749
2014,11460,15,0.007277
2014,11500,15,-0.005677
2014,11540,15,0.004872
2014,11700,15,0.002122
2014,12020,15,-0.001297
2014,12100,15,0.005193
2014,12220,15,0.012184
2014,12420,15,0.021895
2014,12540,15,0.006633
2014,12580,15,-0.001538
2014,12620,15,-0.00252
2014,12700,15,0.002136
2014,12980,15,0.000349
2014,13020,15,-0.002171
2014,13380,15,-0.005336
2014,13460,15,0.017835
2014,13780,15,-0.002458
2014,14260,15,0.012636
2014,14500,15,-0.001895
2014,14740,15,-0.010285
2014,14860,15,0.003351
2014,15180,15,-0.005
2014,15260,15,-0.001952
2014,15380,15,-0.001098
2014,15500,15,-0.006451
2014,15540,15,0.002916
2014,15940,15,-0.000165
2014,15980,15,0.016651
2014,16180,15,-0.008735
2014,16220,15,0.011527
2014,16300,15,-0.005378
2014,16700,15,0.012997
2014,16860,15,-0.004188
2014,16940,15,-0.002006
2014,17020,15,-0.001499
2014,17420,15,0.001753
2014,17660,15,0.00698
2014,17780,15,0.007017
2014,17820,15,0.000185
2014,17900,15,0.001028
2014,18020,15,0.004513
2014,18700,15,-0.00769
2014,19140,15,-0.008583
2014,19340,15,0.001268
2014,19460,15,-0.007367
2014,19500,15,-0.005521
2014,19740,15,0.006248
2014,20020,15,-0.000842
2014,20100,15,0.003533
2014,20220,15,-0.002238
2014,20740,15,0.006723
2014,20940,15,-0.004113
2014,21140,15,0.003982
2014,21300,15,-0.0068
2014,21500,15,-0.001374
2014,21660,15,-0.005653
2014,21820,15,-0.012329
2014,22020,15,0.021984
2014,22140,15,-0.018051
2014,22380,15,0.003016
2014,22420,15,0.000161
2014,22500,15,-0.008713
2014,22520,15,-0.001235
2014,22540,15,-0.001263
2014,22660,15,0.004307
2014,23420,15,0.003119
2014,23460,15,-0.005529
2014,23580,15,0.002784
2014,24020,15,-0.000169
2014,24140,15,-0.008709
2014,24220,15,0.00837
2014,24300,15,-0.006439
2014,24500,15,-0.008338
2014,24540,15,0.006608
2014,24580,15,0.003191
2014,24660,15,-0.004548
2014,25260,15,-0.007792
2014,25420,15,0.002686
2014,25500,15,0.00022
2014,25540,15,-0.00217
2014,25860,15,-0.010376
2014,25980,15,-0.011935
2014,26300,15,-0.008145
2014,26380,15,-0.002398
2014,26620,15,0.008378
2014,26980,15,0.006762
2014,27060,15,0.005642
2014,27100,15,0.002667
2014,27260,15,0.009025
2014,27340,15,0.009476
2014,27500,15,0.00186
2014,27620,15,-0.009271
2014,27740,15,-2.5e-05
2014,27780,15,-0.007171
2014,27860,15,0.001907
2014,27900,15,-0.007979
2014,28100,15,-0.003739
2014,28420,15,0.000504
2014,28660,15,-0.000701
2014,28700,15,-0.009395
2014,28740,15,-0.001057
2014,29100,15,0.003288
2014,29340,15,-0.001855
2014,29420,15,-0.003914
2014,29460,15,0.00556
2014,29540,15,0.003692
2014,29700,15,0.00359
2014,29740,15,-0.0091
2014,29820,15,0.014986
2014,29940,15,0.001809
2014,30140,15,0.00055
2014,30300,15,-0.008405
2014,30340,15,-0.001798
2014,30460,15,0.005138
2014,30620,15,-0.00435
2014,30700,15,0.000923
2014,30780,15,-0.000245
2014,30860,15,-0.001902
2014,31020,15,-0.011179
2014,31420,15,-0.012403
2014,31700,15,0.000727
2014,31900,15,-0.005256
2014,32580,15,0.000904
2014,32780,15,0.002403
2014,32900,15,0.005349
2014,33140,15,0.000561
2014,33340,15,0.002076
2014,33540,15,-0.004721
2014,33700,15,0.007933
2014,33780,15,-0.001337
2014,33860,15,-0.006002
2014,34060,15,-0.00287
2014,34580,15,-0.004892
2014,34620,15,-0.001223
2014,34740,15,0.003267
2014,34900,15,0.004649
2014,34940,15,0.016868
2014,35300,15,-0.002905
2014,35660,15,-0.002767
2014,35980,15,-0.003233
2014,36100,15,0.000874
2014,36220,15,0.020344
2014,36420,15,0.005825
2014,36500,15,-0.000765
2014,36540,15,0.00145
2014,36740,15,0.016086
2014,36780,15,0.002165
2014,36980,15,-0.000492
2014,37100,15,8.4e-05
2014,37340,15,0.004126
2014,37860,15,0.001432
2014,38060,15,0.012957
2014,38300,15,-9e-06
2014,38340,15,-0.004194
2014,38860,15,0.003132
2014,38900,15,0.00181
2014,38940,15,0.008362
2014,39300,15,0.000693
2014,39340,15,0.00689
2014,39380,15,-0.010936
2014,39460,15,0.008269
2014,39540,15,0.001124
2014,39580,15,0.016072
2014,39740,15,0.000855
2014,39820,15,-0.001186
2014,39900,15,0.007981
2014,40140,15,0.006359
2014,40220,15,-0.006463
2014,40420,15,-0.00328
2014,40580,15,-0.012662
2014,40660,15,-0.009734
2014,40900,15,0.006775
2014,40980,15,-0.005289
2014,41060,15,-0.002142
2014,41100,15,0.016125
2014,41140,15,-0.009676
2014,41420,15,-0.005737
2014,41500,15,0.001499
2014,41700,15,0.005549
2014,41740,15,0.003794
2014,41940,15,0.005455
2014,42020,15,0.000219
2014,42100,15,0.000537
2014,42140,15,-0.008172
2014,42220,15,0.00363
2014,42340,15,0.003466
2014,42540,15,-0.004291
2014,42680,15,0.004181
2014,43100,15,-0.000375
2014,43300,15,-0.006129
2014,43620,15,0.012607
2014,43780,15,0.000579
2014,44100,15,-0.001571
2014,44180,15,-0.000839
2014,44220,15,-0.002775
2014,44300,15,0.00486
2014,44700,15,0.006903
2014,45060,15,-0.000302
2014,45220,15,-0.00599
2014,45820,15,-0.009572
2014,45940,15,0.004301
2014,46060,15,-0.002088
2014,46140,15,-0.000444
2014,46340,15,-0.005417
2014,46540,15,-0.002988
2014,46660,15,-0.012824
2014,46700,15,0.008035
2014,47220,15,-0.001123
2014,47300,15,0.000196
2014,47940,15,-0.002191
2014,48300,15,-0.006859
2014,48540,15,-0.010646
2014,48660,15,-0.007959
2014,48700,15,-0.005638
2014,49020,15,0.002315
2014,49420,15,-0.012815
2014,49620,15,0.002504
2014,49660,15,-0.003922
2014,49700,15,0.003828
2014,49740,15,-0.006342
2014,10180,16,-0.00661
2014,10420,16,0.000401
2014,10580,16,0.002228
2014,10740,16,-0.007817
2014,10780,16,-0.005015
2014,10900,16,0.001803
2014,11020,16,-0.004966
2014,11260,16,-0.004144
2014,11460,16,0.00707
2014,11500,16,-0.005308
2014,11540,16,0.003866
2014,11700,16,0.002448
2014,12020,16,-0.000372
2014,12100,16,0.003415
2014,12220,16,0.012245
2014,12420,16,0.019603
2014,12540,16,0.00541
2014,12580,16,-0.00259
2014,12620,16,-0.001929
2014,12700,16,0.000395
2014,12980,16,0.001439
2014,13020,16,-0.001335
2014,13380,16,-0.004472
2014,13460,16,0.017794
2014,13780,16,-0.002021
2014,14260,16,0.012303
2014,14500,16,-0.000682
2014,14740,16,-0.009855
2014,14860,16,0.003495
2014,15180,16,-0.004502
2014,15260,16,-0.002414
2014,15380,16,-0.000293
2014,15500,16,-0.004607
2014,15540,16,0.002306
2014,15940,16,-4.1e-05
2014,15980,16,0.015556
2014,16180,16,-0.010506
2014,16220,16,0.011058
2014,16300,16,-0.004917
2014,16700,16,0.011849
2014,16860,16,-0.003037
2014,16940,16,-0.001589
2014,17020,16,-0.0021
2014,17420,16,0.001836
2014,17660,16,0.005897
2014,17780,16,0.005121
2014,17820,16,0.000886
2014,17900,16,0.001659
2014,18020,16,0.004534
2014,18700,16,-0.007773
2014,19140,16,-0.006889
2014,19340,16,0.000779
2014,19460,16,-0.006666
2014,19500,16,-0.005379
2014,19740,16,0.006544
2014,20020,16,-0.001575
2014,20100,16,0.00295
2014,20220,16,-0.002603
2014,20740,16,0.005402
2014,20940,16,-0.004253
2014,21140,16,0.004658
2014,21300,16,-0.006474
2014,21500,16,-0.000758
2014,21660,16,-0.004495
2014,21820,16,-0.009892
2014,22020,16,0.020066
2014,22140,16,-0.018923
2014,22380,16,0.00056
2014,22420,16,0.00043
2014,22500,16,-0.007726
2014,22520,16,-0.001477
2014,22540,16,-0.001678
2014,22660,16,0.00433
2014,23420,16,0.001983
2014,23460,16,-0.005236
2014,23580,16,0.004943
2014,24020,16,-0.001385
2014,24140,16,-0.007103
2014,24220,16,0.007595
2014,24300,16,-0.007012
2014,24500,16,-0.006359
2014,24540,16,0.008179
2014,24580,16,0.002634
2014,24660,16,-0.002773
2014,25260,16,-0.008185
2014,25420,16,0.003265
2014,25500,16,-0.000801
2014,25540,16,-0.00153
2014,25860,16,-0.008441
2014,25980,16,-0.012294
2014,26300,16,-0.006976
2014,26380,16,-0.00262
2014,26620,16,0.007824
2014,26980,16,0.006658
2014,27060,16,0.005925
2014,27100,16,0.003264
2014,27260,16,0.007351
2014,27340,16,0.005192
2014,27500,16,0.002281
2014,27620,16,-0.0086
2014,27740,16,-0.000526
2014,27780,16,-0.00655
2014,27860,16,0.001973
2014,27900,16,-0.006793
2014,28100,16,-0.004202
2014,28420,16,6.1e-05
2014,28660,16,-0.001184
2014,28700,16,-0.008602
2014,28740,16,-0.002147
2014,29100,16,0.002357
2014,29340,16,-0.002361
2014,29420,16,-0.004862
2014,29460,16,0.005551
2014,29540,16,0.003994
2014,29700,16,0.00339
2014,29740,16,-0.009672
2014,29820,16,0.013659
2014,29940,16,0.00168
2014,30140,16,0.00096
2014,30300,16,-0.006616
2014,30340,16,-0.001425
2014,30460,16,0.005072
2014,30620,16,-0.004162
2014,30700,16,0.001453
2014,30780,16,-0.000263
2014,30860,16,-0.001572
2014,31020,16,-0.008655
2014,31420,16,-0.011186
2014,31700,16,0.000467
2014,31900,16,-0.004875
2014,32580,16,0.001571
2014,32780,16,0.002337
2014,32900,16,0.004049
2014,33140,16,0.000452
2014,33340,16,0.001149
2014,33540,16,-0.005134
2014,33700,16,0.006817
2014,33780,16,-0.001516
2014,33860,16,-0.006315
2014,34060,16,-0.001495
2014,34580,16,-0.003515
2014,34620,16,-0.001036
2014,34740,16,0.003881
2014,34900,16,0.003838
2014,34940,16,0.01407
2014,35300,16,-0.002997
2014,35660,16,-0.003291
2014,35980,16,-0.002847
2014,36100,16,0.001239
2014,36220,16,0.019095
2014,36420,16,0.00584
2014,36500,16,0.000757
2014,36540,16,0.001689
2014,36740,16,0.014637
2014,36780,16,0.002182
2014,36980,16,-2.1e-05
2014,37100,16,-0.00117
2014,37340,16,0.002574
2014,37860,16,0.001278
2014,38060,16,0.011857
2014,38300,16,0.000362
2014,38340,16,-0.003453
2014,38860,16,0.002618
2014,38900,16,0.002526
2014,38940,16,0.007303
2014,39300,16,0.000321
2014,39340,16,0.008585
2014,39380,16,-0.008794
2014,39460,16,0.007007
2014,39540,16,0.000847
2014,39580,16,0.014914
2014,39740,16,0.001565
2014,39820,16,-0.001568
2014,39900,16,0.0074
2014,40140,16,0.004541
2014,40220,16,-0.005473
2014,40420,16,-0.002918
2014,40580,16,-0.01064
2014,40660,16,-0.008233
2014,40900,16,0.00551
2014,40980,16,-0.005671
2014,41060,16,-0.002738
2014,41100,16,0.014524
2014,41140,16,-0.00923
2014,41420,16,-0.003538
2014,41500,16,0.000568
2014,41700,16,0.006247
2014,41740,16,0.002241
2014,41940,16,0.004824
2014,42020,16,-0.000557
2014,42100,16,0.001189
2014,42140,16,-0.006781
2014,42220,16,0.002872
2014,42340,16,0.002985
2014,42540,16,-0.003382
2014,42680,16,0.003341
2014,43100,16,-0.000128
2014,43300,16,-0.004613
2014,43620,16,0.012686
2014,43780,16,0.000272
2014,44100,16,-0.001547
2014,44180,16,-8.9e-05
2014,44220,16,-0.002358
2014,44300,16,0.003723
2014,44700,16,0.004523
2014,45060,16,0.000153
2014,45220,16,-0.007209
2014,45820,16,-0.008942
2014,45940,16,0.003396
2014,46060,16,-0.0026
2014,46140,16,9.5e-05
2014,46340,16,-0.004418
2014,46540,16,-0.002721
2014,46660,16,-0.013342
2014,46700,16,0.006788
2014,47220,16,-0.001565
2014,47300,16,0.000418
2014,47940,16,-0.002951
2014,48300,16,-0.005245
2014,48540,16,-0.008587
2014,48660,16,-0.006732
2014,48700,16,-0.005227
2014,49020,16,0.00134
2014,49420,16,-0.009906
2014,49620,16,0.003199
2014,49660,16,-0.00363
2014,49700,16,0.003255
2014,49740,16,-0.007221
2014,10180,17,-0.00661
2014,10420,17,0.000401
2014,10580,17,0.002228
2014,10740,17,-0.007817
2014,10780,17,-0.005015
2014,10900,17,0.001803
2014,11020,17,-0.004966
2014,11260,17,-0.004144
2014,11460,17,0.00707
2014,11500,17,-0.005308
2014,11540,17,0.003866
2014,11700,17,0.002448
2014,12020,17,-0.000372
2014,12100,17,0.003415
2014,12220,17,0.012245
2014,12420,17,0.019603
2014,12540,17,0.00541
2014,12580,17,-0.00259
2014,12620,17,-0.001929
2014,12700,17,0.000395
2014,12980,17,0.001439
2014,13020,17,-0.001335
2014,13380,17,-0.004472
2014,13460,17,0.017794
2014,13780,17,-0.002021
2014,14260,17,0.012303
2014,14500,17,-0.000682
2014,14740,17,-0.009855
2014,14860,17,0.003495
2014,15180,17,-0.004502
2014,15260,17,-0.002414
2014,15380,17,-0.000293
2014,15500,17,-0.004607
2014,15540,17,0.002306
2014,15940,17,-4.1e-05
2014,15980,17,0.015556
2014,16180,17,-0.010506
2014,16220,17,0.011058
2014,16300,17,-0.004917
2014,16700,17,0.011849
2014,16860,17,-0.003037
2014,16940,17,-0.001589
2014,17020,17,-0.0021
2014,17420,17,0.001836
2014,17660,17,0.005897
2014,17780,17,0.005121
2014,17820,17,0.000886
2014,17900,17,0.001659
2014,18020,17,0.004534
2014,18700,17,-0.007773
2014,19140,17,-0.006889
2014,19340,17,0.000779
2014,19460,17,-0.006666
2014,19500,17,-0.005379
2014,19740,17,0.006544
2014,20020,17,-0.001575
2014,20100,17,0.00295
2014,20220,17,-0.002603
2014,20740,17,0.005402
2014,20940,17,-0.004253
2014,21140,17,0.004658
2014,21300,17,-0.006474
2014,21500,17,-0.000758
2014,21660,17,-0.004495
2014,21820,17,-0.009892
2014,22020,17,0.020066
2014,22140,17,-0.018923
2014,22380,17,0.00056
2014,22420,17,0.00043
2014,22500,17,-0.007726
2014,22520,17,-0.001477
2014,22540,17,-0.001678
2014,22660,17,0.00433
2014,23420,17,0.001983
2014,23460,17,-0.005236
2014,23580,17,0.004943
2014,24020,17,-0.001385
2014,24140,17,-0.007103
2014,24220,17,0.007595
2014,24300,17,-0.007012
2014,24500,17,-0.006359
2014,24540,17,0.008179
2014,24580,17,0.002634
2014,24660,17,-0.002773
2014,25260,17,-0.008185
2014,25420,17,0.003265
2014,25500,17,-0.000801
2014,25540,17,-0.00153
2014,25860,17,-0.008441
2014,25980,17,-0.012294
2014,26300,17,-0.006976
2014,26380,17,-0.00262
2014,26620,17,0.007824
2014,26980,17,0.006658
2014,27060,17,0.005925
2014,27100,17,0.003264
2014,27260,17,0.007351
2014,27340,17,0.005192
2014,27500,17,0.002281
2014,27620,17,-0.0086
2014,27740,17,-0.000526
2014,27780,17,-0.00655
2014,27860,17,0.001973
2014,27900,17,-0.006793
2014,28100,17,-0.004202
2014,28420,17,6.1e-05
2014,28660,17,-0.001184
2014,28700,17,-0.008602
2014,28740,17,-0.002147
2014,29100,17,0.002357
2014,29340,17,-0.002361
2014,29420,17,-0.004862
2014,29460,17,0.005551
2014,29540,17,0.003994
2014,29700,17,0.00339
2014,29740,17,-0.009672
2014,29820,17,0.013659
2014,29940,17,0.00168
2014,30140,17,0.00096
2014,30300,17,-0.006616
2014,30340,17,-0.001425
2014,30460,17,0.005072
2014,30620,17,-0.004162
2014,30700,17,0.001453
2014,30780,17,-0.000263
2014,30860,17,-0.001572
2014,31020,17,-0.008655
2014,31420,17,-0.011186
2014,31700,17,0.000467
2014,31900,17,-0.004875
2014,32580,17,0.001571
2014,32780,17,0.002337
2014,32900,17,0.004049
2014,33140,17,0.000452
2014,33340,17,0.001149
2014,33540,17,-0.005134
2014,33700,17,0.006817
2014,33780,17,-0.001516
2014,33860,17,-0.006315
2014,34060,17,-0.001495
2014,34580,17,-0.003515
2014,34620,17,-0.001036
2014,34740,17,0.003881
2014,34900,17,0.003838
2014,34940,17,0.01407
2014,35300,17,-0.002997
2014,35660,17,-0.003291
2014,35980,17,-0.002847
2014,36100,17,0.001239
2014,36220,17,0.019095
2014,36420,17,0.00584
2014,36500,17,0.000757
2014,36540,17,0.001689
2014,36740,17,0.014637
2014,36780,17,0.002182
2014,36980,17,-2.1e-05
2014,37100,17,-0.00117
2014,37340,17,0.002574
2014,37860,17,0.001278
2014,38060,17,0.011857
2014,38300,17,0.000362
2014,38340,17,-0.003453
2014,38860,17,0.002618
2014,38900,17,0.002526
2014,38940,17,0.007303
2014,39300,17,0.000321
2014,39340,17,0.008585
2014,39380,17,-0.008794
2014,39460,17,0.007007
2014,39540,17,0.000847
2014,39580,17,0.014914
2014,39740,17,0.001565
2014,39820,17,-0.001568
2014,39900,17,0.0074
2014,40140,17,0.004541
2014,40220,17,-0.005473
2014,40420,17,-0.002918
2014,40580,17,-0.01064
2014,40660,17,-0.008233
2014,40900,17,0.00551
2014,40980,17,-0.005671
2014,41060,17,-0.002738
2014,41100,17,0.014524
2014,41140,17,-0.00923
2014,41420,17,-0.003538
2014,41500,17,0.000568
2014,41700,17,0.006247
2014,41740,17,0.002241
2014,41940,17,0.004824
2014,42020,17,-0.000557
2014,42100,17,0.001189
2014,42140,17,-0.006781
2014,42220,17,0.002872
2014,42340,17,0.002985
2014,42540,17,-0.003382
2014,42680,17,0.003341
2014,43100,17,-0.000128
2014,43300,17,-0.004613
2014,43620,17,0.012686
2014,43780,17,0.000272
2014,44100,17,-0.001547
2014,44180,17,-8.9e-05
2014,44220,17,-0.002358
2014,44300,17,0.003723
2014,44700,17,0.004523
2014,45060,17,0.000153
2014,45220,17,-0.007209
2014,45820,17,-0.008942
2014,45940,17,0.003396
2014,46060,17,-0.0026
2014,46140,17,9.5e-05
2014,46340,17,-0.004418
2014,46540,17,-0.002721
2014,46660,17,-0.013342
2014,46700,17,0.006788
2014,47220,17,-0.001565
2014,47300,17,0.000418
2014,47940,17,-0.002951
2014,48300,17,-0.005245
2014,48540,17,-0.008587
2014,48660,17,-0.006732
2014,48700,17,-0.005227
2014,49020,17,0.00134
2014,49420,17,-0.009906
2014,49620,17,0.003199
2014,49660,17,-0.00363
2014,49700,17,0.003255
2014,49740,17,-0.007221
2014,10180,18,-0.005754
2014,10420,18,-6.7e-05
2014,10580,18,0.003241
2014,10740,18,-0.00884
2014,10780,18,-0.004575
2014,10900,18,0.002253
2014,11020,18,-0.005737
2014,11260,18,-0.005925
2014,11460,18,0.007458
2014,11500,18,-0.006019
2014,11540,18,0.005274
2014,11700,18,0.002099
2014,12020,18,-0.001572
2014,12100,18,0.005654
2014,12220,18,0.012116
2014,12420,18,0.021999
2014,12540,18,0.006765
2014,12580,18,-0.000907
2014,12620,18,-0.002711
2014,12700,18,0.002597
2014,12980,18,-0.000419
2014,13020,18,-0.00251
2014,13380,18,-0.005415
2014,13460,18,0.017575
2014,13780,18,-0.002796
2014,14260,18,0.012489
2014,14500,18,-0.001862
2014,14740,18,-0.010224
2014,14860,18,0.003316
2014,15180,18,-0.00507
2014,15260,18,-0.001594
2014,15380,18,-0.001249
2014,15500,18,-0.006843
2014,15540,18,0.003143
2014,15940,18,-0.000118
2014,15980,18,0.016635
2014,16180,18,-0.007868
2014,16220,18,0.011822
2014,16300,18,-0.005519
2014,16700,18,0.013245
2014,16860,18,-0.004344
2014,16940,18,-0.00199
2014,17020,18,-0.001202
2014,17420,18,0.001868
2014,17660,18,0.007107
2014,17780,18,0.007254
2014,17820,18,0.000114
2014,17900,18,0.00087
2014,18020,18,0.004494
2014,18700,18,-0.00696
2014,19140,18,-0.009247
2014,19340,18,0.001508
2014,19460,18,-0.007529
2014,19500,18,-0.005819
2014,19740,18,0.006078
2014,20020,18,-0.000461
2014,20100,18,0.003775
2014,20220,18,-0.001968
2014,20740,18,0.00706
2014,20940,18,-0.0043
2014,21140,18,0.003657
2014,21300,18,-0.00684
2014,21500,18,-0.001539
2014,21660,18,-0.005753
2014,21820,18,-0.012809
2014,22020,18,0.022202
2014,22140,18,-0.017608
2014,22380,18,0.003758
2014,22420,18,-0.000186
2014,22500,18,-0.008786
2014,22520,18,-0.001103
2014,22540,18,-0.000945
2014,22660,18,0.004361
2014,23420,18,0.003429
2014,23460,18,-0.005655
2014,23580,18,0.002119
2014,24020,18,0.00017
2014,24140,18,-0.009036
2014,24220,18,0.008555
2014,24300,18,-0.006372
2014,24500,18,-0.008905
2014,24540,18,0.006085
2014,24580,18,0.003472
2014,24660,18,-0.004967
2014,25260,18,-0.007503
2014,25420,18,0.002594
2014,25500,18,0.000405
2014,25540,18,-0.002305
2014,25860,18,-0.010909
2014,25980,18,-0.011861
2014,26300,18,-0.008352
2014,26380,18,-0.002404
2014,26620,18,0.008343
2014,26980,18,0.006707
2014,27060,18,0.005449
2014,27100,18,0.002142
2014,27260,18,0.009458
2014,27340,18,0.010524
2014,27500,18,0.001534
2014,27620,18,-0.009207
2014,27740,18,8.1e-05
2014,27780,18,-0.007371
2014,27860,18,0.001937
2014,27900,18,-0.00817
2014,28100,18,-0.003663
2014,28420,18,0.000796
2014,28660,18,-0.000628
2014,28700,18,-0.009403
2014,28740,18,-0.000826
2014,29100,18,0.003511
2014,29340,18,-0.001628
2014,29420,18,-0.003858
2014,29460,18,0.005537
2014,29540,18,0.003721
2014,29700,18,0.003562
2014,29740,18,-0.008864
2014,29820,18,0.014906
2014,29940,18,0.001831
2014,30140,18,0.000301
2014,30300,18,-0.008691
2014,30340,18,-0.001827
2014,30460,18,0.005079
2014,30620,18,-0.003989
2014,30700,18,0.000835
2014,30780,18,-0.000145
2014,30860,18,-0.001922
2014,31020,18,-0.01175
2014,31420,18,-0.012635
2014,31700,18,0.000935
2014,31900,18,-0.005447
2014,32580,18,0.000671
2014,32780,18,0.002538
2014,32900,18,0.005145
2014,33140,18,0.000569
2014,33340,18,0.002459
2014,33540,18,-0.004426
2014,33700,18,0.00762
2014,33780,18,-0.001215
2014,33860,18,-0.005747
2014,34060,18,-0.002983
2014,34580,18,-0.005145
2014,34620,18,-0.001098
2014,34740,18,0.003121
2014,34900,18,0.004857
2014,34940,18,0.017557
2014,35300,18,-0.002682
2014,35660,18,-0.002578
2014,35980,18,-0.003326
2014,36100,18,0.000678
2014,36220,18,0.020623
2014,36420,18,0.005795
2014,36500,18,-0.00101
2014,36540,18,0.001308
2014,36740,18,0.016377
2014,36780,18,0.002193
2014,36980,18,-0.000527
2014,37100,18,0.000441
2014,37340,18,0.004531
2014,37860,18,0.001678
2014,38060,18,0.012858
2014,38300,18,-8.5e-05
2014,38340,18,-0.004862
2014,38860,18,0.003219
2014,38900,18,0.001659
2014,38940,18,0.00843
2014,39300,18,0.000803
2014,39340,18,0.006398
2014,39380,18,-0.011549
2014,39460,18,0.008461
2014,39540,18,0.001143
2014,39580,18,0.01604
2014,39740,18,0.000559
2014,39820,18,-0.001137
2014,39900,18,0.007886
2014,40140,18,0.006595
2014,40220,18,-0.006551
2014,40420,18,-0.003503
2014,40580,18,-0.013207
2014,40660,18,-0.010106
2014,40900,18,0.006948
2014,40980,18,-0.004848
2014,41060,18,-0.001946
2014,41100,18,0.016277
2014,41140,18,-0.009612
2014,41420,18,-0.006207
2014,41500,18,0.001607
2014,41700,18,0.005297
2014,41740,18,0.0043
2014,41940,18,0.005797
2014,42020,18,0.000449
2014,42100,18,0.000378
2014,42140,18,-0.008322
2014,42220,18,0.003832
2014,42340,18,0.003591
2014,42540,18,-0.004526
2014,42680,18,0.004339
2014,43100,18,-0.000715
2014,43300,18,-0.006353
2014,43620,18,0.012293
2014,43780,18,0.000656
2014,44100,18,-0.00159
2014,44180,18,-0.001107
2014,44220,18,-0.002866
2014,44300,18,0.005145
2014,44700,18,0.007281
2014,45060,18,-0.000318
2014,45220,18,-0.005581
2014,45820,18,-0.009803
2014,45940,18,0.004738
2014,46060,18,-0.001908
2014,46140,18,-0.000621
2014,46340,18,-0.005544
2014,46540,18,-0.002915
2014,46660,18,-0.012614
2014,46700,18,0.008252
2014,47220,18,-0.00104
2014,47300,18,5.2e-05
2014,47940,18,-0.001815
2014,48300,18,-0.007244
2014,48540,18,-0.011712
2014,48660,18,-0.008313
2014,48700,18,-0.005531
2014,49020,18,0.002611
2014,49420,18,-0.013409
2014,49620,18,0.002251
2014,49660,18,-0.004037
2014,49700,18,0.003525
2014,49740,18,-0.006079
2015,10180,0,-0.003728
2015,10420,0,0.000241
2015,10580,0,0.001118
2015,10740,0,-0.007196
2015,10780,0,-0.006806
2015,10900,0,0.003723
2015,11020,0,-0.004251
2015,11260,0,-0.006662
2015,11460,0,0.004747
2015,11500,0,-0.006855
2015,11540,0,0.005718
2015,11700,0,0.00062
2015,12020,0,-0.000182
2015,12100,0,7.6e-05
2015,12220,0,0.010834
2015,12420,0,0.021551
2015,12540,0,0.001895
2015,12580,0,-0.003965
2015,12620,0,-0.001702
2015,12700,0,0.00054
2015,12980,0,-0.000645
2015,13020,0,-0.004503
2015,13380,0,0.000356
2015,13460,0,0.017715
2015,13780,0,-0.003373
2015,14260,0,0.010409
2015,14500,0,-0.0018
2015,14740,0,-0.003839
2015,14860,0,0.001971
2015,15180,0,-0.004554
2015,15260,0,-4.1e-05
2015,15380,0,-9e-05
2015,15500,0,-0.003306
2015,15540,0,0.003249
2015,15940,0,0.001245
2015,15980,0,0.011425
2015,16180,0,-0.001412
2015,16220,0,0.000291
2015,16300,0,-0.002465
2015,16700,0,0.012087
2015,16860,0,-0.005869
2015,16940,0,-0.002075
2015,17020,0,-0.000452
2015,17420,0,0.00337
2015,17660,0,0.012518
2015,17780,0,0.009237
2015,17820,0,0.000586
2015,17900,0,0.000442
2015,18020,0,0.00578
2015,18700,0,-0.004803
2015,19140,0,-0.00566
2015,19340,0,-0.000957
2015,19460,0,-0.004997
2015,19500,0,-0.006289
2015,19740,0,0.006163
2015,20020,0,-0.000703
2015,20100,0,0.004571
2015,20220,0,-0.004203
2015,20740,0,0.003071
2015,20940,0,-0.000488
2015,21140,0,0.004404
2015,21300,0,-0.006337
2015,21500,0,-0.003682
2015,21660,0,-0.001229
2015,21820,0,-0.018367
2015,22020,0,0.018243
2015,22140,0,-0.021132
2015,22380,0,-0.00225
2015,22420,0,-0.002556
2015,22500,0,-0.007154
2015,22520,0,-0.00181
2015,22540,0,-0.000358
2015,22660,0,0.010088
2015,23420,0,0.001965
2015,23460,0,-0.00742
2015,23580,0,0.003851
2015,24020,0,-0.000768
2015,24140,0,-0.010391
2015,24220,0,0.007352
2015,24300,0,-0.004601
2015,24500,0,-0.011791
2015,24540,0,0.011598
2015,24580,0,0.005771
2015,24660,0,-0.004006
2015,25260,0,-0.007021
2015,25420,0,0.003556
2015,25500,0,0.000584
2015,25540,0,-0.002636
2015,25860,0,-0.009897
2015,25980,0,0.001996
2015,26300,0,-0.008108
2015,26380,0,-0.002919
2015,26620,0,0.007312
2015,26980,0,0.005751
2015,27060,0,0.002418
2015,27100,0,0.000522
2015,27260,0,0.007327
2015,27340,0,0.004205
2015,27500,0,0.001848
2015,27620,0,-0.007737
2015,27740,0,0.000772
2015,27780,0,-0.006003
2015,27860,0,-0.002912
2015,27900,0,-0.005601
2015,28100,0,-0.004682
2015,28420,0,0.003148
2015,28660,0,-0.002792
2015,28700,0,-0.010709
2015,28740,0,-0.000391
2015,29100,0,0.004982
2015,29340,0,0.000959
2015,29420,0,-0.00482
2015,29460,0,0.006998
2015,29540,0,0.003632
2015,29700,0,0.004689
2015,29740,0,-0.007186
2015,29820,0,0.009113
2015,29940,0,0.00484
2015,30140,0,0.004426
2015,30300,0,-0.008736
2015,30340,0,-0.001476
2015,30460,0,0.004017
2015,30620,0,-0.002126
2015,30700,0,0.003309
2015,30780,0,-0.002859
2015,30860,0,-0.002469
2015,31020,0,-0.004218
2015,31420,0,-0.010864
2015,31700,0,0.001718
2015,31900,0,-0.001575
2015,32580,0,0.003414
2015,32780,0,0.002512
2015,32900,0,0.000438
2015,33140,0,0.000696
2015,33340,0,0.001613
2015,33540,0,-0.000906
2015,33700,0,0.001399
2015,33780,0,-0.000707
2015,33860,0,-0.004147
2015,34060,0,-0.005049
2015,34580,0,0.001885
2015,34620,0,-0.000994
2015,34740,0,0.000664
2015,34900,0,-0.001038
2015,34940,0,0.015653
2015,35300,0,-0.00325
2015,35660,0,-0.000456
2015,35980,0,-0.001509
2015,36100,0,1.2e-05
2015,36220,0,0.016569
2015,36420,0,0.003651
2015,36500,0,0.003082
2015,36540,0,0.001843
2015,36740,0,0.012689
2015,36780,0,0.00135
2015,36980,0,-8.7e-05
2015,37100,0,-0.003049
2015,37340,0,0.000696
2015,37860,0,0.002253
2015,38060,0,0.005577
2015,38300,0,-0.000716
2015,38340,0,-0.005557
2015,38860,0,0.004297
2015,38900,0,0.005889
2015,38940,0,0.003905
2015,39300,0,0.000659
2015,39340,0,0.004762
2015,39380,0,-0.008429
2015,39460,0,0.006588
2015,39540,0,0.001841
2015,39580,0,0.013252
2015,39740,0,-0.00017
2015,39820,0,-0.003597
2015,39900,0,0.005663
2015,40140,0,0.002779
2015,40220,0,-0.006039
2015,40420,0,-0.003566
2015,40580,0,-0.012438
2015,40660,0,-0.009001
2015,40900,0,0.00164
2015,40980,0,-0.005575
2015,41060,0,-0.002299
2015,41100,0,0.020447
2015,41140,0,-0.010623
2015,41420,0,0.001837
2015,41500,0,-0.002416
2015,41700,0,0.006091
2015,41740,0,0.00132
2015,41940,0,0.002684
2015,42020,0,0.000236
2015,42100,0,-0.002465
2015,42140,0,-0.006817
2015,42220,0,-0.000242
2015,42340,0,0.005519
2015,42540,0,-0.003486
2015,42680,0,0.00799
2015,43100,0,0.001562
2015,43300,0,-0.004267
2015,43620,0,0.012039
2015,43780,0,0.001425
2015,44100,0,-0.001603
2015,44180,0,-0.000953
2015,44220,0,-0.002013
2015,44300,0,0.005639
2015,44700,0,0.003306
2015,45060,0,-0.001752
2015,45220,0,-0.001745
2015,45820,0,-0.008284
2015,45940,0,0.00316
2015,46060,0,-0.001754
2015,46140,0,-0.001431
2015,46340,0,-0.002821
2015,46540,0,-0.004566
2015,46660,0,-0.005693
2015,46700,0,0.004388
2015,47220,0,0.001802
2015,47300,0,9e-06
2015,47940,0,-0.005837
2015,48300,0,-0.000825
2015,48540,0,-0.013075
2015,48660,0,-0.008995
2015,48700,0,-0.003055
2015,49020,0,-0.000393
2015,49420,0,-0.00887
2015,49620,0,0.003111
2015,49660,0,-0.003448
2015,49700,0,-0.000143
2015,49740,0,-0.003152
2015,10180,1,-0.003728
2015,10420,1,0.000241
2015,10580,1,0.001118
2015,10740,1,-0.007196
2015,10780,1,-0.006806
2015,10900,1,0.003723
2015,11020,1,-0.004251
2015,11260,1,-0.006662
2015,11460,1,0.004747
2015,11500,1,-0.006855
2015,11540,1,0.005718
2015,11700,1,0.00062
2015,12020,1,-0.000182
2015,12100,1,7.6e-05
2015,12220,1,0.010834
2015,12420,1,0.021551
2015,12540,1,0.001895
2015,12580,1,-0.003965
2015,12620,1,-0.001702
2015,12700,1,0.00054
2015,12980,1,-0.000645
2015,13020,1,-0.004503
2015,13380,1,0.000356
2015,13460,1,0.017715
2015,13780,1,-0.003373
2015,14260,1,0.010409
2015,14500,1,-0.0018
2015,14740,1,-0.003839
2015,14860,1,0.001971
2015,15180,1,-0.004554
2015,15260,1,-4.1e-05
2015,15380,1,-9e-05
2015,15500,1,-0.003306
2015,15540,1,0.003249
2015,15940,1,0.001245
2015,15980,1,0.011425
2015,16180,1,-0.001412
2015,16220,1,0.000291
2015,16300,1,-0.002465
2015,16700,1,0.012087
2015,16860,1,-0.005869
2015,16940,1,-0.002075
2015,17020,1,-0.000452
2015,17420,1,0.00337
2015,17660,1,0.012518
2015,17780,1,0.009237
2015,17820,1,0.000586
2015,17900,1,0.000442
2015,18020,1,0.00578
2015,18700,1,-0.004803
2015,19140,1,-0.00566
2015,19340,1,-0.000957
2015,19460,1,-0.004997
2015,19500,1,-0.006289
2015,19740,1,0.006163
2015,20020,1,-0.000703
2015,20100,1,0.004571
2015,20220,1,-0.004203
2015,20740,1,0.003071
2015,20940,1,-0.000488
2015,21140,1,0.004404
2015,21300,1,-0.006337
2015,21500,1,-0.003682
2015,21660,1,-0.001229
2015,21820,1,-0.018367
2015,22020,1,0.018243
2015,22140,1,-0.021132
2015,22380,1,-0.00225
2015,22420,1,-0.002556
2015,22500,1,-0.007154
2015,22520,1,-0.00181
2015,22540,1,-0.000358
2015,22660,1,0.010088
2015,23420,1,0.001965
2015,23460,1,-0.00742
2015,23580,1,0.003851
2015,24020,1,-0.000768
2015,24140,1,-0.010391
2015,24220,1,0.007352
2015,24300,1,-0.004601
2015,24500,1,-0.011791
2015,24540,1,0.011598
2015,24580,1,0.005771
2015,24660,1,-0.004006
2015,25260,1,-0.007021
2015,25420,1,0.003556
2015,25500,1,0.000584
2015,25540,1,-0.002636
2015,25860,1,-0.009897
2015,25980,1,0.001996
2015,26300,1,-0.008108
2015,26380,1,-0.002919
2015,26620,1,0.007312
2015,26980,1,0.005751
2015,27060,1,0.002418
2015,27100,1,0.000522
2015,27260,1,0.007327
2015,27340,1,0.004205
2015,27500,1,0.001848
2015,27620,1,-0.007737
2015,27740,1,0.000772
2015,27780,1,-0.006003
2015,27860,1,-0.002912
2015,27900,1,-0.005601
2015,28100,1,-0.004682
2015,28420,1,0.003148
2015,28660,1,-0.002792
2015,28700,1,-0.010709
2015,28740,1,-0.000391
2015,29100,1,0.004982
2015,29340,1,0.000959
2015,29420,1,-0.00482
2015,29460,1,0.006998
2015,29540,1,0.003632
2015,29700,1,0.004689
2015,29740,1,-0.007186
2015,29820,1,0.009113
2015,29940,1,0.00484
2015,30140,1,0.004426
2015,30300,1,-0.008736
2015,30340,1,-0.001476
2015,30460,1,0.004017
2015,30620,1,-0.002126
2015,30700,1,0.003309
2015,30780,1,-0.002859
2015,30860,1,-0.002469
2015,31020,1,-0.004218
2015,31420,1,-0.010864
2015,31700,1,0.001718
2015,31900,1,-0.001575
2015,32580,1,0.003414
2015,32780,1,0.002512
2015,32900,1,0.000438
2015,33140,1,0.000696
2015,33340,1,0.001613
2015,33540,1,-0.000906
2015,33700,1,0.001399
2015,33780,1,-0.000707
2015,33860,1,-0.004147
2015,34060,1,-0.005049
2015,34580,1,0.001885
2015,34620,1,-0.000994
2015,34740,1,0.000664
2015,34900,1,-0.001038
2015,34940,1,0.015653
2015,35300,1,-0.00325
2015,35660,1,-0.000456
2015,35980,1,-0.001509
2015,36100,1,1.2e-05
2015,36220,1,0.016569
2015,36420,1,0.003651
2015,36500,1,0.003082
2015,36540,1,0.001843
2015,36740,1,0.012689
2015,36780,1,0.00135
2015,36980,1,-8.7e-05
2015,37100,1,-0.003049
2015,37340,1,0.000696
2015,37860,1,0.002253
2015,38060,1,0.005577
2015,38300,1,-0.000716
2015,38340,1,-0.005557
2015,38860,1,0.004297
2015,38900,1,0.005889
2015,38940,1,0.003905
2015,39300,1,0.000659
2015,39340,1,0.004762
2015,39380,1,-0.008429
2015,39460,1,0.006588
2015,39540,1,0.001841
2015,39580,1,0.013252
2015,39740,1,-0.00017
2015,39820,1,-0.003597
2015,39900,1,0.005663
2015,40140,1,0.002779
2015,40220,1,-0.006039
2015,40420,1,-0.003566
2015,40580,1,-0.012438
2015,40660,1,-0.009001
2015,40900,1,0.00164
2015,40980,1,-0.005575
2015,41060,1,-0.002299
2015,41100,1,0.020447
2015,41140,1,-0.010623
2015,41420,1,0.001837
2015,41500,1,-0.002416
2015,41700,1,0.006091
2015,41740,1,0.00132
2015,41940,1,0.002684
2015,42020,1,0.000236
2015,42100,1,-0.002465
2015,42140,1,-0.006817
2015,42220,1,-0.000242
2015,42340,1,0.005519
2015,42540,1,-0.003486
2015,42680,1,0.00799
2015,43100,1,0.001562
2015,43300,1,-0.004267
2015,43620,1,0.012039
2015,43780,1,0.001425
2015,44100,1,-0.001603
2015,44180,1,-0.000953
2015,44220,1,-0.002013
2015,44300,1,0.005639
2015,44700,1,0.003306
2015,45060,1,-0.001752
2015,45220,1,-0.001745
2015,45820,1,-0.008284
2015,45940,1,0.00316
2015,46060,1,-0.001754
2015,46140,1,-0.001431
2015,46340,1,-0.002821
2015,46540,1,-0.004566
2015,46660,1,-0.005693
2015,46700,1,0.004388
2015,47220,1,0.001802
2015,47300,1,9e-06
2015,47940,1,-0.005837
2015,48300,1,-0.000825
2015,48540,1,-0.013075
2015,48660,1,-0.008995
2015,48700,1,-0.003055
2015,49020,1,-0.000393
2015,49420,1,-0.00887
2015,49620,1,0.003111
2015,49660,1,-0.003448
2015,49700,1,-0.000143
2015,49740,1,-0.003152
2015,10180,2,-0.003557
2015,10420,2,0.000972
2015,10580,2,0.000599
2015,10740,2,-0.007052
2015,10780,2,-0.007406
2015,10900,2,0.003889
2015,11020,2,-0.004041
2015,11260,2,-0.005974
2015,11460,2,0.004748
2015,11500,2,-0.00686
2015,11540,2,0.005407
2015,11700,2,0.00081
2015,12020,2,-0.000424
2015,12100,2,-0.001467
2015,12220,2,0.011395
2015,12420,2,0.020608
2015,12540,2,0.000539
2015,12580,2,-0.005686
2015,12620,2,-0.001218
2015,12700,2,-0.000498
2015,12980,2,2.6e-05
2015,13020,2,-0.004344
2015,13380,2,0.000454
2015,13460,2,0.016903
2015,13780,2,-0.002773
2015,14260,2,0.010249
2015,14500,2,-0.00115
2015,14740,2,-0.003577
2015,14860,2,0.001814
2015,15180,2,-0.004223
2015,15260,2,-7e-05
2015,15380,2,0.000461
2015,15500,2,-0.001835
2015,15540,2,0.002592
2015,15940,2,0.001568
2015,15980,2,0.009936
2015,16180,2,-0.001129
2015,16220,2,-0.001857
2015,16300,2,-0.001771
2015,16700,2,0.01152
2015,16860,2,-0.005463
2015,16940,2,-0.003284
2015,17020,2,-0.000404
2015,17420,2,0.003841
2015,17660,2,0.01168
2015,17780,2,0.009047
2015,17820,2,0.001331
2015,17900,2,0.001136
2015,18020,2,0.005777
2015,18700,2,-0.005005
2015,19140,2,-0.003745
2015,19340,2,-0.001437
2015,19460,2,-0.004497
2015,19500,2,-0.006723
2015,19740,2,0.007348
2015,20020,2,-0.000792
2015,20100,2,0.004244
2015,20220,2,-0.004059
2015,20740,2,0.00178
2015,20940,2,-0.001404
2015,21140,2,0.005164
2015,21300,2,-0.006965
2015,21500,2,-0.003354
2015,21660,2,-0.000483
2015,21820,2,-0.018713
2015,22020,2,0.015807
2015,22140,2,-0.022893
2015,22380,2,-0.002689
2015,22420,2,-0.002645
2015,22500,2,-0.006437
2015,22520,2,-0.001768
2015,22540,2,-0.000562
2015,22660,2,0.011143
2015,23420,2,0.001057
2015,23460,2,-0.007641
2015,23580,2,0.005725
2015,24020,2,-0.002217
2015,24140,2,-0.010196
2015,24220,2,0.00426
2015,24300,2,-0.004455
2015,24500,2,-0.011078
2015,24540,2,0.013468
2015,24580,2,0.005504
2015,24660,2,-0.002547
2015,25260,2,-0.008274
2015,25420,2,0.004353
2015,25500,2,0.00052
2015,25540,2,-0.002324
2015,25860,2,-0.008785
2015,25980,2,0.003998
2015,26300,2,-0.007817
2015,26380,2,-0.003242
2015,26620,2,0.007227
2015,26980,2,0.005946
2015,27060,2,0.002337
2015,27100,2,0.000959
2015,27260,2,0.006674
2015,27340,2,0.002294
2015,27500,2,0.00228
2015,27620,2,-0.007227
2015,27740,2,-0.000424
2015,27780,2,-0.00591
2015,27860,2,-0.002462
2015,27900,2,-0.005115
2015,28100,2,-0.00515
2015,28420,2,0.003694
2015,28660,2,-0.003144
2015,28700,2,-0.010502
2015,28740,2,-0.000745
2015,29100,2,0.003897
2015,29340,2,5e-05
2015,29420,2,-0.006231
2015,29460,2,0.007336
2015,29540,2,0.004571
2015,29700,2,0.004026
2015,29740,2,-0.007179
2015,29820,2,0.008473
2015,29940,2,0.005344
2015,30140,2,0.005086
2015,30300,2,-0.008333
2015,30340,2,-0.001132
2015,30460,2,0.004454
2015,30620,2,-0.001957
2015,30700,2,0.004086
2015,30780,2,-0.002637
2015,30860,2,-0.001443
2015,31020,2,-0.002538
2015,31420,2,-0.010237
2015,31700,2,0.002136
2015,31900,2,-0.000894
2015,32580,2,0.004294
2015,32780,2,0.002638
2015,32900,2,-0.000773
2015,33140,2,0.000941
2015,33340,2,0.001014
2015,33540,2,-0.001693
2015,33700,2,0.001014
2015,33780,2,-0.000747
2015,33860,2,-0.004265
2015,34060,2,-0.004552
2015,34580,2,0.003599
2015,34620,2,-0.001695
2015,34740,2,0.001133
2015,34900,2,-0.001764
2015,34940,2,0.012867
2015,35300,2,-0.003305
2015,35660,2,-0.000668
2015,35980,2,-0.001402
2015,36100,2,-5.5e-05
2015,36220,2,0.015288
2015,36420,2,0.003191
2015,36500,2,0.00424
2015,36540,2,0.002325
2015,36740,2,0.011456
2015,36780,2,0.001108
2015,36980,2,-0.000774
2015,37100,2,-0.00394
2015,37340,2,-0.000392
2015,37860,2,0.001937
2015,38060,2,0.004759
2015,38300,2,-0.000463
2015,38340,2,-0.005345
2015,38860,2,0.004038
2015,38900,2,0.006062
2015,38940,2,0.002365
2015,39300,2,0.000416
2015,39340,2,0.005104
2015,39380,2,-0.006145
2015,39460,2,0.00629
2015,39540,2,0.001788
2015,39580,2,0.013501
2015,39740,2,0.000538
2015,39820,2,-0.003651
2015,39900,2,0.005267
2015,40140,2,0.001078
2015,40220,2,-0.005842
2015,40420,2,-0.00341
2015,40580,2,-0.011461
2015,40660,2,-0.0077
2015,40900,2,0.001612
2015,40980,2,-0.005768
2015,41060,2,-0.002269
2015,41100,2,0.018884
2015,41140,2,-0.010213
2015,41420,2,0.003999
2015,41500,2,-0.002809
2015,41700,2,0.00698
2015,41740,2,0.000485
2015,41940,2,0.001716
2015,42020,2,0.000147
2015,42100,2,-0.002009
2015,42140,2,-0.005877
2015,42220,2,-0.000254
2015,42340,2,0.006223
2015,42540,2,-0.002744
2015,42680,2,0.007777
2015,43100,2,0.002216
2015,43300,2,-0.002767
2015,43620,2,0.011717
2015,43780,2,0.001501
2015,44100,2,-0.001608
2015,44180,2,-0.000407
2015,44220,2,-0.001808
2015,44300,2,0.005204
2015,44700,2,0.002669
2015,45060,2,-0.001326
2015,45220,2,-0.0024
2015,45820,2,-0.007644
2015,45940,2,0.002174
2015,46060,2,-0.002094
2015,46140,2,-0.001231
2015,46340,2,-0.001939
2015,46540,2,-0.00449
2015,46660,2,-0.005247
2015,46700,2,0.003778
2015,47220,2,0.001553
2015,47300,2,-0.0002
2015,47940,2,-0.005891
2015,48300,2,0.000202
2015,48540,2,-0.013048
2015,48660,2,-0.008681
2015,48700,2,-0.00264
2015,49020,2,-0.001747
2015,49420,2,-0.006723
2015,49620,2,0.003734
2015,49660,2,-0.003222
2015,49700,2,-0.000563
2015,49740,2,-0.003379
2015,10180,3,-0.003881
2015,10420,3,0.001277
2015,10580,3,0.000587
2015,10740,3,-0.006784
2015,10780,3,-0.007454
2015,10900,3,0.003746
2015,11020,3,-0.003564
2015,11260,3,-0.005472
2015,11460,3,0.004993
2015,11500,3,-0.007138
2015,11540,3,0.00541
2015,11700,3,0.000155
2015,12020,3,0.000482
2015,12100,3,-0.001992
2015,12220,3,0.011789
2015,12420,3,0.019568
2015,12540,3,-0.000286
2015,12580,3,-0.006427
2015,12620,3,-0.001305
2015,12700,3,-0.000965
2015,12980,3,0.000102
2015,13020,3,-0.004269
2015,13380,3,0.000593
2015,13460,3,0.016931
2015,13780,3,-0.003279
2015,14260,3,0.010773
2015,14500,3,-0.000681
2015,14740,3,-0.003441
2015,14860,3,0.002599
2015,15180,3,-0.003533
2015,15260,3,0.000445
2015,15380,3,0.000693
2015,15500,3,-0.001045
2015,15540,3,0.002129
2015,15940,3,0.001999
2015,15980,3,0.009098
2015,16180,3,-0.000864
2015,16220,3,-0.00269
2015,16300,3,-0.001828
2015,16700,3,0.011104
2015,16860,3,-0.005112
2015,16940,3,-0.003488
2015,17020,3,-0.000573
2015,17420,3,0.003753
2015,17660,3,0.010846
2015,17780,3,0.008362
2015,17820,3,0.002013
2015,17900,3,0.001548
2015,18020,3,0.005981
2015,18700,3,-0.003055
2015,19140,3,-0.003803
2015,19340,3,-0.001845
2015,19460,3,-0.004466
2015,19500,3,-0.008039
2015,19740,3,0.007553
2015,20020,3,-0.000214
2015,20100,3,0.004084
2015,20220,3,-0.004193
2015,20740,3,0.001264
2015,20940,3,-0.001658
2015,21140,3,0.005142
2015,21300,3,-0.005788
2015,21500,3,-0.00263
2015,21660,3,0.000311
2015,21820,3,-0.017013
2015,22020,3,0.014431
2015,22140,3,-0.023085
2015,22380,3,-0.00252
2015,22420,3,-0.002104
2015,22500,3,-0.006044
2015,22520,3,-0.001737
2015,22540,3,-0.000773
2015,22660,3,0.011006
2015,23420,3,0.000534
2015,23460,3,-0.007602
2015,23580,3,0.007085
2015,24020,3,-0.003022
2015,24140,3,-0.0094
2015,24220,3,0.003161
2015,24300,3,-0.004112
2015,24500,3,-0.011459
2015,24540,3,0.013604
2015,24580,3,0.005587
2015,24660,3,-0.001737
2015,25260,3,-0.008435
2015,25420,3,0.004932
2015,25500,3,-0.000196
2015,25540,3,-0.001906
2015,25860,3,-0.008424
2015,25980,3,0.004418
2015,26300,3,-0.007303
2015,26380,3,-0.003945
2015,26620,3,0.007013
2015,26980,3,0.006292
2015,27060,3,0.001981
2015,27100,3,0.001371
2015,27260,3,0.006515
2015,27340,3,0.002771
2015,27500,3,0.002111
2015,27620,3,-0.00688
2015,27740,3,-0.001096
2015,27780,3,-0.006097
2015,27860,3,-0.001516
2015,27900,3,-0.004803
2015,28100,3,-0.0054
2015,28420,3,0.004751
2015,28660,3,-0.002619
2015,28700,3,-0.010486
2015,28740,3,-0.002028
2015,29100,3,0.003023
2015,29340,3,-0.000574
2015,29420,3,-0.006945
2015,29460,3,0.007281
2015,29540,3,0.004864
2015,29700,3,0.004231
2015,29740,3,-0.007029
2015,29820,3,0.007828
2015,29940,3,0.005362
2015,30140,3,0.005058
2015,30300,3,-0.008273
2015,30340,3,-0.001156
2015,30460,3,0.004316
2015,30620,3,-0.00232
2015,30700,3,0.00461
2015,30780,3,-0.00226
2015,30860,3,-0.00074
2015,31020,3,-0.001997
2015,31420,3,-0.008952
2015,31700,3,0.002319
2015,31900,3,-0.000576
2015,32580,3,0.004551
2015,32780,3,0.003321
2015,32900,3,-0.002224
2015,33140,3,0.000673
2015,33340,3,0.000603
2015,33540,3,-0.002219
2015,33700,3,-0.000139
2015,33780,3,-0.000147
2015,33860,3,-0.003855
2015,34060,3,-0.004914
2015,34580,3,0.004201
2015,34620,3,-0.000485
2015,34740,3,0.002176
2015,34900,3,-0.001981
2015,34940,3,0.011057
2015,35300,3,-0.003009
2015,35660,3,-0.001001
2015,35980,3,-0.001191
2015,36100,3,-6.7e-05
2015,36220,3,0.014635
2015,36420,3,0.003418
2015,36500,3,0.004763
2015,36540,3,0.002501
2015,36740,3,0.011492
2015,36780,3,0.000782
2015,36980,3,-0.000713
2015,37100,3,-0.004713
2015,37340,3,-0.001107
2015,37860,3,0.002091
2015,38060,3,0.004653
2015,38300,3,-0.000354
2015,38340,3,-0.006302
2015,38860,3,0.003968
2015,38900,3,0.006493
2015,38940,3,0.001116
2015,39300,3,0.000224
2015,39340,3,0.005871
2015,39380,3,-0.005876
2015,39460,3,0.005819
2015,39540,3,0.00131
2015,39580,3,0.013658
2015,39740,3,0.000719
2015,39820,3,-0.003899
2015,39900,3,0.004858
2015,40140,3,-0.000537
2015,40220,3,-0.005621
2015,40420,3,-0.003516
2015,40580,3,-0.010806
2015,40660,3,-0.007092
2015,40900,3,0.001413
2015,40980,3,-0.004726
2015,41060,3,-0.002124
2015,41100,3,0.018517
2015,41140,3,-0.009484
2015,41420,3,0.004934
2015,41500,3,-0.003393
2015,41700,3,0.006768
2015,41740,3,6.6e-05
2015,41940,3,0.001554
2015,42020,3,-0.000416
2015,42100,3,-0.001615
2015,42140,3,-0.005156
2015,42220,3,-0.000306
2015,42340,3,0.006358
2015,42540,3,-0.002391
2015,42680,3,0.006975
2015,43100,3,0.001385
2015,43300,3,-0.002467
2015,43620,3,0.011472
2015,43780,3,0.001426
2015,44100,3,-0.002368
2015,44180,3,0.000143
2015,44220,3,-0.001104
2015,44300,3,0.005584
2015,44700,3,0.001998
2015,45060,3,-0.001007
2015,45220,3,-0.002345
2015,45820,3,-0.007807
2015,45940,3,0.0022
2015,46060,3,-0.00198
2015,46140,3,-0.000775
2015,46340,3,-0.001451
2015,46540,3,-0.00416
2015,46660,3,-0.004882
2015,46700,3,0.002949
2015,47220,3,0.001417
2015,47300,3,-0.000606
2015,47940,3,-0.005811
2015,48300,3,0.000593
2015,48540,3,-0.012756
2015,48660,3,-0.008259
2015,48700,3,-0.003236
2015,49020,3,-0.002599
2015,49420,3,-0.005519
2015,49620,3,0.003913
2015,49660,3,-0.003152
2015,49700,3,-0.001307
2015,49740,3,-0.003501
2015,10180,4,-0.003859
2015,10420,4,5e-05
2015,10580,4,0.001382
2015,10740,4,-0.007189
2015,10780,4,-0.006747
2015,10900,4,0.003732
2015,11020,4,-0.004377
2015,11260,4,-0.006672
2015,11460,4,0.004706
2015,11500,4,-0.007139
2015,11540,4,0.006029
2015,11700,4,0.000603
2015,12020,4,5.8e-05
2015,12100,4,0.000463
2015,12220,4,0.010901
2015,12420,4,0.022126
2015,12540,4,0.002023
2015,12580,4,-0.003503
2015,12620,4,-0.001881
2015,12700,4,0.000853
2015,12980,4,-0.000893
2015,13020,4,-0.00472
2015,13380,4,0.000647
2015,13460,4,0.018058
2015,13780,4,-0.003748
2015,14260,4,0.010394
2015,14500,4,-0.00185
2015,14740,4,-0.003711
2015,14860,4,0.0021
2015,15180,4,-0.004721
2015,15260,4,0.000129
2015,15380,4,-0.000216
2015,15500,4,-0.00373
2015,15540,4,0.003532
2015,15940,4,0.001225
2015,15980,4,0.011657
2015,16180,4,-0.001594
2015,16220,4,0.000927
2015,16300,4,-0.002703
2015,16700,4,0.01252
2015,16860,4,-0.005966
2015,16940,4,-0.001565
2015,17020,4,-0.00044
2015,17420,4,0.003306
2015,17660,4,0.013003
2015,17780,4,0.009476
2015,17820,4,0.00059
2015,17900,4,0.000431
2015,18020,4,0.00594
2015,18700,4,-0.004314
2015,19140,4,-0.006391
2015,19340,4,-0.000784
2015,19460,4,-0.005219
2015,19500,4,-0.006486
2015,19740,4,0.006047
2015,20020,4,-0.000602
2015,20100,4,0.00485
2015,20220,4,-0.004347
2015,20740,4,0.003562
2015,20940,4,-0.000453
2015,21140,4,0.004228
2015,21300,4,-0.006186
2015,21500,4,-0.003909
2015,21660,4,-0.001207
2015,21820,4,-0.018358
2015,22020,4,0.019246
2015,22140,4,-0.020948
2015,22380,4,-0.00216
2015,22420,4,-0.002818
2015,22500,4,-0.007376
2015,22520,4,-0.001827
2015,22540,4,-0.000309
2015,22660,4,0.010137
2015,23420,4,0.002154
2015,23460,4,-0.007586
2015,23580,4,0.003447
2015,24020,4,-0.000374
2015,24140,4,-0.010632
2015,24220,4,0.008342
2015,24300,4,-0.004709
2015,24500,4,-0.012186
2015,24540,4,0.011373
2015,24580,4,0.006046
2015,24660,4,-0.004387
2015,25260,4,-0.006721
2015,25420,4,0.003485
2015,25500,4,0.000688
2015,25540,4,-0.002725
2015,25860,4,-0.010316
2015,25980,4,0.001571
2015,26300,4,-0.008353
2015,26380,4,-0.002879
2015,26620,4,0.007494
2015,26980,4,0.005829
2015,27060,4,0.002472
2015,27100,4,0.000279
2015,27260,4,0.00763
2015,27340,4,0.004851
2015,27500,4,0.001708
2015,27620,4,-0.008004
2015,27740,4,0.001087
2015,27780,4,-0.006207
2015,27860,4,-0.003088
2015,27900,4,-0.005824
2015,28100,4,-0.004645
2015,28420,4,0.003502
2015,28660,4,-0.002697
2015,28700,4,-0.010879
2015,28740,4,-0.000363
2015,29100,4,0.005439
2015,29340,4,0.001256
2015,29420,4,-0.004741
2015,29460,4,0.006869
2015,29540,4,0.00347
2015,29700,4,0.005037
2015,29740,4,-0.007119
2015,29820,4,0.008853
2015,29940,4,0.00482
2015,30140,4,0.004347
2015,30300,4,-0.008825
2015,30340,4,-0.001676
2015,30460,4,0.003979
2015,30620,4,-0.002257
2015,30700,4,0.003207
2015,30780,4,-0.00295
2015,30860,4,-0.002615
2015,31020,4,-0.004581
2015,31420,4,-0.011067
2015,31700,4,0.001625
2015,31900,4,-0.001784
2015,32580,4,0.003262
2015,32780,4,0.002611
2015,32900,4,0.000225
2015,33140,4,0.00064
2015,33340,4,0.001849
2015,33540,4,-0.000523
2015,33700,4,0.001054
2015,33780,4,-0.000735
2015,33860,4,-0.004108
2015,34060,4,-0.005181
2015,34580,4,0.001699
2015,34620,4,-0.00059
2015,34740,4,0.000529
2015,34900,4,-0.001027
2015,34940,4,0.016421
2015,35300,4,-0.003297
2015,35660,4,-0.00036
2015,35980,4,-0.001546
2015,36100,4,-9.1e-05
2015,36220,4,0.017114
2015,36420,4,0.003911
2015,36500,4,0.00311
2015,36540,4,0.001753
2015,36740,4,0.013081
2015,36780,4,0.001462
2015,36980,4,0.000124
2015,37100,4,-0.002884
2015,37340,4,0.000793
2015,37860,4,0.002455
2015,38060,4,0.005374
2015,38300,4,-0.000792
2015,38340,4,-0.005843
2015,38860,4,0.004476
2015,38900,4,0.00609
2015,38940,4,0.004046
2015,39300,4,0.000709
2015,39340,4,0.004689
2015,39380,4,-0.00912
2015,39460,4,0.006546
2015,39540,4,0.001891
2015,39580,4,0.013589
2015,39740,4,-0.000392
2015,39820,4,-0.00376
2015,39900,4,0.005476
2015,40140,4,0.002977
2015,40220,4,-0.006053
2015,40420,4,-0.003674
2015,40580,4,-0.012873
2015,40660,4,-0.009491
2015,40900,4,0.001465
2015,40980,4,-0.005613
2015,41060,4,-0.002345
2015,41100,4,0.021148
2015,41140,4,-0.010998
2015,41420,4,0.001472
2015,41500,4,-0.002587
2015,41700,4,0.005944
2015,41740,4,0.001588
2015,41940,4,0.002917
2015,42020,4,0.000217
2015,42100,4,-0.00263
2015,42140,4,-0.006991
2015,42220,4,-0.000355
2015,42340,4,0.005473
2015,42540,4,-0.003759
2015,42680,4,0.008097
2015,43100,4,0.001331
2015,43300,4,-0.004847
2015,43620,4,0.01235
2015,43780,4,0.001491
2015,44100,4,-0.001691
2015,44180,4,-0.001136
2015,44220,4,-0.001961
2015,44300,4,0.005957
2015,44700,4,0.003119
2015,45060,4,-0.001863
2015,45220,4,-0.001512
2015,45820,4,-0.008649
2015,45940,4,0.003518
2015,46060,4,-0.001709
2015,46140,4,-0.001494
2015,46340,4,-0.003068
2015,46540,4,-0.00463
2015,46660,4,-0.005893
2015,46700,4,0.00425
2015,47220,4,0.001883
2015,47300,4,-6.9e-05
2015,47940,4,-0.005896
2015,48300,4,-0.000878
2015,48540,4,-0.013191
2015,48660,4,-0.009218
2015,48700,4,-0.003379
2015,49020,4,-0.000153
2015,49420,4,-0.00934
2015,49620,4,0.002982
2015,49660,4,-0.003568
2015,49700,4,-0.000211
2015,49740,4,-0.00317
2015,10180,5,-0.003743
2015,10420,5,0.000421
2015,10580,5,0.001021
2015,10740,5,-0.007095
2015,10780,5,-0.006934
2015,10900,5,0.003729
2015,11020,5,-0.004145
2015,11260,5,-0.006381
2015,11460,5,0.004696
2015,11500,5,-0.00684
2015,11540,5,0.005654
2015,11700,5,0.000594
2015,12020,5,-0.000233
2015,12100,5,-0.000282
2015,12220,5,0.010972
2015,12420,5,0.021113
2015,12540,5,0.001522
2015,12580,5,-0.004394
2015,12620,5,-0.00161
2015,12700,5,0.000232
2015,12980,5,-0.000471
2015,13020,5,-0.004454
2015,13380,5,0.000458
2015,13460,5,0.01747
2015,13780,5,-0.003255
2015,14260,5,0.010396
2015,14500,5,-0.001667
2015,14740,5,-0.003721
2015,14860,5,0.001999
2015,15180,5,-0.004346
2015,15260,5,-4.6e-05
2015,15380,5,1.2e-05
2015,15500,5,-0.002835
2015,15540,5,0.003049
2015,15940,5,0.001317
2015,15980,5,0.011013
2015,16180,5,-0.001464
2015,16220,5,-0.000237
2015,16300,5,-0.002302
2015,16700,5,0.011867
2015,16860,5,-0.005726
2015,16940,5,-0.002359
2015,17020,5,-0.000411
2015,17420,5,0.003467
2015,17660,5,0.012219
2015,17780,5,0.009096
2015,17820,5,0.000835
2015,17900,5,0.000656
2015,18020,5,0.005813
2015,18700,5,-0.004652
2015,19140,5,-0.00525
2015,19340,5,-0.001079
2015,19460,5,-0.00488
2015,19500,5,-0.006424
2015,19740,5,0.006378
2015,20020,5,-0.000671
2015,20100,5,0.00451
2015,20220,5,-0.004145
2015,20740,5,0.002718
2015,20940,5,-0.000739
2015,21140,5,0.004582
2015,21300,5,-0.006397
2015,21500,5,-0.003504
2015,21660,5,-0.000963
2015,21820,5,-0.018147
2015,22020,5,0.017446
2015,22140,5,-0.021474
2015,22380,5,-0.002359
2015,22420,5,-0.002624
2015,22500,5,-0.00691
2015,22520,5,-0.001825
2015,22540,5,-0.000337
2015,22660,5,0.010272
2015,23420,5,0.001705
2015,23460,5,-0.007408
2015,23580,5,0.004273
2015,24020,5,-0.001156
2015,24140,5,-0.010152
2015,24220,5,0.006434
2015,24300,5,-0.004468
2015,24500,5,-0.011571
2015,24540,5,0.011942
2015,24580,5,0.005724
2015,24660,5,-0.003561
2015,25260,5,-0.00734
2015,25420,5,0.003793
2015,25500,5,0.000541
2015,25540,5,-0.002518
2015,25860,5,-0.009575
2015,25980,5,0.002569
2015,26300,5,-0.007916
2015,26380,5,-0.003032
2015,26620,5,0.00728
2015,26980,5,0.005842
2015,27060,5,0.0023
2015,27100,5,0.000597
2015,27260,5,0.00711
2015,27340,5,0.003987
2015,27500,5,0.00195
2015,27620,5,-0.007555
2015,27740,5,0.000418
2015,27780,5,-0.005986
2015,27860,5,-0.002666
2015,27900,5,-0.005432
2015,28100,5,-0.004755
2015,28420,5,0.003424
2015,28660,5,-0.0028
2015,28700,5,-0.01059
2015,28740,5,-0.000574
2015,29100,5,0.004651
2015,29340,5,0.000647
2015,29420,5,-0.005204
2015,29460,5,0.006999
2015,29540,5,0.003863
2015,29700,5,0.004482
2015,29740,5,-0.007076
2015,29820,5,0.008803
2015,29940,5,0.004983
2015,30140,5,0.004561
2015,30300,5,-0.008632
2015,30340,5,-0.001373
2015,30460,5,0.004104
2015,30620,5,-0.002075
2015,30700,5,0.003522
2015,30780,5,-0.002721
2015,30860,5,-0.00212
2015,31020,5,-0.00378
2015,31420,5,-0.010594
2015,31700,5,0.001793
2015,31900,5,-0.001415
2015,32580,5,0.003629
2015,32780,5,0.002578
2015,32900,5,-3.3e-05
2015,33140,5,0.000732
2015,33340,5,0.001438
2015,33540,5,-0.0011
2015,33700,5,0.001109
2015,33780,5,-0.000744
2015,33860,5,-0.004149
2015,34060,5,-0.004918
2015,34580,5,0.002382
2015,34620,5,-0.001068
2015,34740,5,0.000809
2015,34900,5,-0.001266
2015,34940,5,0.014765
2015,35300,5,-0.003202
2015,35660,5,-0.000559
2015,35980,5,-0.001447
2015,36100,5,-3.8e-05
2015,36220,5,0.016209
2015,36420,5,0.00355
2015,36500,5,0.003436
2015,36540,5,0.001954
2015,36740,5,0.012326
2015,36780,5,0.001294
2015,36980,5,-0.000262
2015,37100,5,-0.003319
2015,37340,5,0.000346
2015,37860,5,0.002182
2015,38060,5,0.005421
2015,38300,5,-0.000692
2015,38340,5,-0.005545
2015,38860,5,0.004209
2015,38900,5,0.00594
2015,38940,5,0.003384
2015,39300,5,0.000562
2015,39340,5,0.004912
2015,39380,5,-0.007852
2015,39460,5,0.006496
2015,39540,5,0.00179
2015,39580,5,0.013277
2015,39740,5,7e-06
2015,39820,5,-0.003596
2015,39900,5,0.005409
2015,40140,5,0.002206
2015,40220,5,-0.005951
2015,40420,5,-0.003502
2015,40580,5,-0.012116
2015,40660,5,-0.008643
2015,40900,5,0.001614
2015,40980,5,-0.005528
2015,41060,5,-0.002293
2015,41100,5,0.02004
2015,41140,5,-0.010405
2015,41420,5,0.002411
2015,41500,5,-0.002619
2015,41700,5,0.006257
2015,41740,5,0.001116
2015,41940,5,0.002445
2015,42020,5,0.000178
2015,42100,5,-0.002326
2015,42140,5,-0.006472
2015,42220,5,-0.0003
2015,42340,5,0.005687
2015,42540,5,-0.003262
2015,42680,5,0.007768
2015,43100,5,0.001697
2015,43300,5,-0.003897
2015,43620,5,0.01192
2015,43780,5,0.001431
2015,44100,5,-0.001618
2015,44180,5,-0.000762
2015,44220,5,-0.001918
2015,44300,5,0.005565
2015,44700,5,0.003051
2015,45060,5,-0.001635
2015,45220,5,-0.001875
2015,45820,5,-0.008125
2015,45940,5,0.00294
2015,46060,5,-0.001821
2015,46140,5,-0.001332
2015,46340,5,-0.002574
2015,46540,5,-0.004511
2015,46660,5,-0.005463
2015,46700,5,0.004059
2015,47220,5,0.001785
2015,47300,5,-9.6e-05
2015,47940,5,-0.005825
2015,48300,5,-0.000524
2015,48540,5,-0.013098
2015,48660,5,-0.008858
2015,48700,5,-0.003
2015,49020,5,-0.000768
2015,49420,5,-0.008171
2015,49620,5,0.003255
2015,49660,5,-0.0034
2015,49700,5,-0.000414
2015,49740,5,-0.00316
2015,10180,6,-0.003447
2015,10420,6,-9.5e-05
2015,10580,6,0.001084
2015,10740,6,-0.008829
2015,10780,6,-0.007253
2015,10900,6,0.004406
2015,11020,6,-0.005224
2015,11260,6,-0.009308
2015,11460,6,0.005959
2015,11500,6,-0.007007
2015,11540,6,0.005714
2015,11700,6,0.001162
2015,12020,6,-0.000733
2015,12100,6,0.001126
2015,12220,6,0.011672
2015,12420,6,0.025066
2015,12540,6,0.003861
2015,12580,6,-0.003235
2015,12620,6,-0.001844
2015,12700,6,0.001429
2015,12980,6,-0.000945
2015,13020,6,-0.004742
2015,13380,6,-0.001328
2015,13460,6,0.019977
2015,13780,6,-0.003309
2015,14260,6,0.011584
2015,14500,6,-0.002411
2015,14740,6,-0.005538
2015,14860,6,0.0016
2015,15180,6,-0.006205
2015,15260,6,-0.000299
2015,15380,6,-0.000301
2015,15500,6,-0.005849
2015,15540,6,0.003804
2015,15940,6,0.001088
2015,15980,6,0.014652
2015,16180,6,0.000282
2015,16220,6,0.001371
2015,16300,6,-0.003039
2015,16700,6,0.013652
2015,16860,6,-0.007255
2015,16940,6,-0.002607
2015,17020,6,-0.000845
2015,17420,6,0.003577
2015,17660,6,0.01415
2015,17780,6,0.01042
2015,17820,6,-0.001088
2015,17900,6,-0.001005
2015,18020,6,0.005682
2015,18700,6,-0.008427
2015,19140,6,-0.006201
2015,19340,6,-0.000924
2015,19460,6,-0.005504
2015,19500,6,-0.005995
2015,19740,6,0.006178
2015,20020,6,-0.001266
2015,20100,6,0.004506
2015,20220,6,-0.004629
2015,20740,6,0.003933
2015,20940,6,0.000771
2015,21140,6,0.004521
2015,21300,6,-0.00753
2015,21500,6,-0.005108
2015,21660,6,-0.003248
2015,21820,6,-0.022735
2015,22020,6,0.02182
2015,22140,6,-0.022783
2015,22380,6,-0.001636
2015,22420,6,-0.001642
2015,22500,6,-0.009156
2015,22520,6,-0.001807
2015,22540,6,-0.000992
2015,22660,6,0.009962
2015,23420,6,0.003294
2015,23460,6,-0.008103
2015,23580,6,0.003867
2015,24020,6,0.000157
2015,24140,6,-0.01322
2015,24220,6,0.010372
2015,24300,6,-0.005858
2015,24500,6,-0.013468
2015,24540,6,0.011884
2015,24580,6,0.00576
2015,24660,6,-0.006291
2015,25260,6,-0.006948
2015,25420,6,0.002825
2015,25500,6,0.000602
2015,25540,6,-0.00347
2015,25860,6,-0.011986
2015,25980,6,0.000115
2015,26300,6,-0.009528
2015,26380,6,-0.002689
2015,26620,6,0.007744
2015,26980,6,0.005614
2015,27060,6,0.003885
2015,27100,6,0.001142
2015,27260,6,0.008841
2015,27340,6,0.002689
2015,27500,6,0.00204
2015,27620,6,-0.008912
2015,27740,6,0.001792
2015,27780,6,-0.006528
2015,27860,6,-0.004633
2015,27900,6,-0.006638
2015,28100,6,-0.005103
2015,28420,6,-0.000139
2015,28660,6,-0.003647
2015,28700,6,-0.012592
2015,28740,6,0.000959
2015,29100,6,0.006098
2015,29340,6,0.001902
2015,29420,6,-0.003285
2015,29460,6,0.008898
2015,29540,6,0.003482
2015,29700,6,0.005547
2015,29740,6,-0.009366
2015,29820,6,0.013435
2015,29940,6,0.004611
2015,30140,6,0.0045
2015,30300,6,-0.009686
2015,30340,6,-0.001728
2015,30460,6,0.004223
2015,30620,6,-0.002414
2015,30700,6,0.002847
2015,30780,6,-0.003974
2015,30860,6,-0.004725
2015,31020,6,-0.006209
2015,31420,6,-0.013501
2015,31700,6,0.001975
2015,31900,6,-0.001949
2015,32580,6,0.003247
2015,32780,6,0.002192
2015,32900,6,0.004259
2015,33140,6,0.000904
2015,33340,6,0.00237
2015,33540,6,-0.001271
2015,33700,6,0.004946
2015,33780,6,-0.000409
2015,33860,6,-0.004866
2015,34060,6,-0.005775
2015,34580,6,-0.000278
2015,34620,6,-0.002338
2015,34740,6,0.000592
2015,34900,6,0.000395
2015,34940,6,0.020655
2015,35300,6,-0.003904
2015,35660,6,9.5e-05
2015,35980,6,-0.001958
2015,36100,6,0.001155
2015,36220,6,0.019098
2015,36420,6,0.003808
2015,36500,6,0.001305
2015,36540,6,0.001703
2015,36740,6,0.01551
2015,36780,6,0.001435
2015,36980,6,-0.000171
2015,37100,6,-0.002159
2015,37340,6,0.002911
2015,37860,6,0.002396
2015,38060,6,0.007654
2015,38300,6,-0.000818
2015,38340,6,-0.005536
2015,38860,6,0.004716
2015,38900,6,0.005504
2015,38940,6,0.00757
2015,39300,6,0.001436
2015,39340,6,0.004466
2015,39380,6,-0.010609
2015,39460,6,0.008273
2015,39540,6,0.002513
2015,39580,6,0.013277
2015,39740,6,-0.000285
2015,39820,6,-0.003525
2015,39900,6,0.009082
2015,40140,6,0.006211
2015,40220,6,-0.007275
2015,40420,6,-0.004028
2015,40580,6,-0.015039
2015,40660,6,-0.010716
2015,40900,6,0.002533
2015,40980,6,-0.006764
2015,41060,6,-0.002125
2015,41100,6,0.022402
2015,41140,6,-0.012077
2015,41420,6,-6.8e-05
2015,41500,6,-0.000477
2015,41700,6,0.006861
2015,41740,6,0.001826
2015,41940,6,0.003333
2015,42020,6,0.000824
2015,42100,6,-0.002952
2015,42140,6,-0.00895
2015,42220,6,0.000614
2015,42340,6,0.005608
2015,42540,6,-0.004436
2015,42680,6,0.010726
2015,43100,6,0.001698
2015,43300,6,-0.004811
2015,43620,6,0.013077
2015,43780,6,0.00138
2015,44100,6,-0.001651
2015,44180,6,-0.001549
2015,44220,6,-0.002984
2015,44300,6,0.005509
2015,44700,6,0.005822
2015,45060,6,-0.002309
2015,45220,6,-0.002025
2015,45820,6,-0.008963
2015,45940,6,0.003804
2015,46060,6,-0.001623
2015,46140,6,-0.002221
2015,46340,6,-0.003491
2015,46540,6,-0.005218
2015,46660,6,-0.007736
2015,46700,6,0.007857
2015,47220,6,0.001888
2015,47300,6,0.001102
2015,47940,6,-0.006345
2015,48300,6,-0.00261
2015,48540,6,-0.014108
2015,48660,6,-0.010159
2015,48700,6,-0.00282
2015,49020,6,0.0011
2015,49420,6,-0.013114
2015,49620,6,0.003288
2015,49660,6,-0.003878
2015,49700,6,0.002265
2015,49740,6,-0.003566
2015,10180,7,-0.003881
2015,10420,7,0.001277
2015,10580,7,0.000587
2015,10740,7,-0.006784
2015,10780,7,-0.007454
2015,10900,7,0.003746
2015,11020,7,-0.003564
2015,11260,7,-0.005472
2015,11460,7,0.004993
2015,11500,7,-0.007138
2015,11540,7,0.00541
2015,11700,7,0.000155
2015,12020,7,0.000482
2015,12100,7,-0.001992
2015,12220,7,0.011789
2015,12420,7,0.019568
2015,12540,7,-0.000286
2015,12580,7,-0.006427
2015,12620,7,-0.001305
2015,12700,7,-0.000965
2015,12980,7,0.000102
2015,13020,7,-0.004269
2015,13380,7,0.000593
2015,13460,7,0.016931
2015,13780,7,-0.003279
2015,14260,7,0.010773
2015,14500,7,-0.000681
2015,14740,7,-0.003441
2015,14860,7,0.002599
2015,15180,7,-0.003533
2015,15260,7,0.000445
2015,15380,7,0.000693
2015,15500,7,-0.001045
2015,15540,7,0.002129
2015,15940,7,0.001999
2015,15980,7,0.009098
2015,16180,7,-0.000864
2015,16220,7,-0.00269
2015,16300,7,-0.001828
2015,16700,7,0.011104
2015,16860,7,-0.005112
2015,16940,7,-0.003488
2015,17020,7,-0.000573
2015,17420,7,0.003753
2015,17660,7,0.010846
2015,17780,7,0.008362
2015,17820,7,0.002013
2015,17900,7,0.001548
2015,18020,7,0.005981
2015,18700,7,-0.003055
2015,19140,7,-0.003803
2015,19340,7,-0.001845
2015,19460,7,-0.004466
2015,19500,7,-0.008039
2015,19740,7,0.007553
2015,20020,7,-0.000214
2015,20100,7,0.004084
2015,20220,7,-0.004193
2015,20740,7,0.001264
2015,20940,7,-0.001658
2015,21140,7,0.005142
2015,21300,7,-0.005788
2015,21500,7,-0.00263
2015,21660,7,0.000311
2015,21820,7,-0.017013
2015,22020,7,0.014431
2015,22140,7,-0.023085
2015,22380,7,-0.00252
2015,22420,7,-0.002104
2015,22500,7,-0.006044
2015,22520,7,-0.001737
2015,22540,7,-0.000773
2015,22660,7,0.011006
2015,23420,7,0.000534
2015,23460,7,-0.007602
2015,23580,7,0.007085
2015,24020,7,-0.003022
2015,24140,7,-0.0094
2015,24220,7,0.003161
2015,24300,7,-0.004112
2015,24500,7,-0.011459
2015,24540,7,0.013604
2015,24580,7,0.005587
2015,24660,7,-0.001737
2015,25260,7,-0.008435
2015,25420,7,0.004932
2015,25500,7,-0.000196
2015,25540,7,-0.001906
2015,25860,7,-0.008424
2015,25980,7,0.004418
2015,26300,7,-0.007303
2015,26380,7,-0.003945
2015,26620,7,0.007013
2015,26980,7,0.006292
2015,27060,7,0.001981
2015,27100,7,0.001371
2015,27260,7,0.006515
2015,27340,7,0.002771
2015,27500,7,0.002111
2015,27620,7,-0.00688
2015,27740,7,-0.001096
2015,27780,7,-0.006097
2015,27860,7,-0.001516
2015,27900,7,-0.004803
2015,28100,7,-0.0054
2015,28420,7,0.004751
2015,28660,7,-0.002619
2015,28700,7,-0.010486
2015,28740,7,-0.002028
2015,29100,7,0.003023
2015,29340,7,-0.000574
2015,29420,7,-0.006945
2015,29460,7,0.007281
2015,29540,7,0.004864
2015,29700,7,0.004231
2015,29740,7,-0.007029
2015,29820,7,0.007828
2015,29940,7,0.005362
2015,30140,7,0.005058
2015,30300,7,-0.008273
2015,30340,7,-0.001156
2015,30460,7,0.004316
2015,30620,7,-0.00232
2015,30700,7,0.00461
2015,30780,7,-0.00226
2015,30860,7,-0.00074
2015,31020,7,-0.001997
2015,31420,7,-0.008952
2015,31700,7,0.002319
2015,31900,7,-0.000576
2015,32580,7,0.004551
2015,32780,7,0.003321
2015,32900,7,-0.002224
2015,33140,7,0.000673
2015,33340,7,0.000603
2015,33540,7,-0.002219
2015,33700,7,-0.000139
2015,33780,7,-0.000147
2015,33860,7,-0.003855
2015,34060,7,-0.004914
2015,34580,7,0.004201
2015,34620,7,-0.000485
2015,34740,7,0.002176
2015,34900,7,-0.001981
2015,34940,7,0.011057
2015,35300,7,-0.003009
2015,35660,7,-0.001001
2015,35980,7,-0.001191
2015,36100,7,-6.7e-05
2015,36220,7,0.014635
2015,36420,7,0.003418
2015,36500,7,0.004763
2015,36540,7,0.002501
2015,36740,7,0.011492
2015,36780,7,0.000782
2015,36980,7,-0.000713
2015,37100,7,-0.004713
2015,37340,7,-0.001107
2015,37860,7,0.002091
2015,38060,7,0.004653
2015,38300,7,-0.000354
2015,38340,7,-0.006302
2015,38860,7,0.003968
2015,38900,7,0.006493
2015,38940,7,0.001116
2015,39300,7,0.000224
2015,39340,7,0.005871
2015,39380,7,-0.005876
2015,39460,7,0.005819
2015,39540,7,0.00131
2015,39580,7,0.013658
2015,39740,7,0.000719
2015,39820,7,-0.003899
2015,39900,7,0.004858
2015,40140,7,-0.000537
2015,40220,7,-0.005621
2015,40420,7,-0.003516
2015,40580,7,-0.010806
2015,40660,7,-0.007092
2015,40900,7,0.001413
2015,40980,7,-0.004726
2015,41060,7,-0.002124
2015,41100,7,0.018517
2015,41140,7,-0.009484
2015,41420,7,0.004934
2015,41500,7,-0.003393
2015,41700,7,0.006768
2015,41740,7,6.6e-05
2015,41940,7,0.001554
2015,42020,7,-0.000416
2015,42100,7,-0.001615
2015,42140,7,-0.005156
2015,42220,7,-0.000306
2015,42340,7,0.006358
2015,42540,7,-0.002391
2015,42680,7,0.006975
2015,43100,7,0.001385
2015,43300,7,-0.002467
2015,43620,7,0.011472
2015,43780,7,0.001426
2015,44100,7,-0.002368
2015,44180,7,0.000143
2015,44220,7,-0.001104
2015,44300,7,0.005584
2015,44700,7,0.001998
2015,45060,7,-0.001007
2015,45220,7,-0.002345
2015,45820,7,-0.007807
2015,45940,7,0.0022
2015,46060,7,-0.00198
2015,46140,7,-0.000775
2015,46340,7,-0.001451
2015,46540,7,-0.00416
2015,46660,7,-0.004882
2015,46700,7,0.002949
2015,47220,7,0.001417
2015,47300,7,-0.000606
2015,47940,7,-0.005811
2015,48300,7,0.000593
2015,48540,7,-0.012756
2015,48660,7,-0.008259
2015,48700,7,-0.003236
2015,49020,7,-0.002599
2015,49420,7,-0.005519
2015,49620,7,0.003913
2015,49660,7,-0.003152
2015,49700,7,-0.001307
2015,49740,7,-0.003501
2015,10180,8,-0.003334
2015,10420,8,0.000306
2015,10580,8,0.000643
2015,10740,8,-0.00854
2015,10780,8,-0.007278
2015,10900,8,0.004216
2015,11020,8,-0.004759
2015,11260,8,-0.008798
2015,11460,8,0.005898
2015,11500,8,-0.006686
2015,11540,8,0.005313
2015,11700,8,0.000976
2015,12020,8,-0.000743
2015,12100,8,9.2e-05
2015,12220,8,0.011343
2015,12420,8,0.023684
2015,12540,8,0.003126
2015,12580,8,-0.004284
2015,12620,8,-0.001545
2015,12700,8,0.000795
2015,12980,8,-0.000529
2015,13020,8,-0.004407
2015,13380,8,-0.001426
2015,13460,8,0.019215
2015,13780,8,-0.002881
2015,14260,8,0.011505
2015,14500,8,-0.002091
2015,14740,8,-0.005397
2015,14860,8,0.001563
2015,15180,8,-0.005615
2015,15260,8,-0.000437
2015,15380,8,7.1e-05
2015,15500,8,-0.004553
2015,15540,8,0.0033
2015,15940,8,0.001271
2015,15980,8,0.013527
2015,16180,8,0.000264
2015,16220,8,-4.9e-05
2015,16300,8,-0.002563
2015,16700,8,0.012738
2015,16860,8,-0.006805
2015,16940,8,-0.00325
2015,17020,8,-0.000874
2015,17420,8,0.003621
2015,17660,8,0.013171
2015,17780,8,0.009899
2015,17820,8,-0.000607
2015,17900,8,-0.000589
2015,18020,8,0.005509
2015,18700,8,-0.008061
2015,19140,8,-0.005037
2015,19340,8,-0.001264
2015,19460,8,-0.005087
2015,19500,8,-0.006025
2015,19740,8,0.006563
2015,20020,8,-0.001253
2015,20100,8,0.004071
2015,20220,8,-0.004422
2015,20740,8,0.003001
2015,20940,8,0.000461
2015,21140,8,0.004757
2015,21300,8,-0.007315
2015,21500,8,-0.004341
2015,21660,8,-0.00274
2015,21820,8,-0.021948
2015,22020,8,0.019738
2015,22140,8,-0.022929
2015,22380,8,-0.002016
2015,22420,8,-0.001263
2015,22500,8,-0.008352
2015,22520,8,-0.00173
2015,22540,8,-0.00103
2015,22660,8,0.010156
2015,23420,8,0.002639
2015,23460,8,-0.007818
2015,23580,8,0.004672
2015,24020,8,-0.000745
2015,24140,8,-0.012263
2015,24220,8,0.008399
2015,24300,8,-0.005508
2015,24500,8,-0.01272
2015,24540,8,0.012435
2015,24580,8,0.005411
2015,24660,8,-0.005141
2015,25260,8,-0.007454
2015,25420,8,0.003165
2015,25500,8,0.000321
2015,25540,8,-0.003126
2015,25860,8,-0.010902
2015,25980,8,0.001176
2015,26300,8,-0.009
2015,26380,8,-0.002911
2015,26620,8,0.007393
2015,26980,8,0.005551
2015,27060,8,0.003424
2015,27100,8,0.00144
2015,27260,8,0.008098
2015,27340,8,0.001977
2015,27500,8,0.002136
2015,27620,8,-0.008323
2015,27740,8,0.001103
2015,27780,8,-0.006079
2015,27860,8,-0.003956
2015,27900,8,-0.006071
2015,28100,8,-0.005213
2015,28420,8,0.000307
2015,28660,8,-0.00361
2015,28700,8,-0.011991
2015,28740,8,0.000378
2015,29100,8,0.005132
2015,29340,8,0.001325
2015,29420,8,-0.003891
2015,29460,8,0.008671
2015,29540,8,0.003765
2015,29700,8,0.004951
2015,29740,8,-0.009096
2015,29820,8,0.012873
2015,29940,8,0.004696
2015,30140,8,0.004643
2015,30300,8,-0.009479
2015,30340,8,-0.001419
2015,30460,8,0.004224
2015,30620,8,-0.002242
2015,30700,8,0.003194
2015,30780,8,-0.003641
2015,30860,8,-0.003951
2015,31020,8,-0.005173
2015,31420,8,-0.012503
2015,31700,8,0.002119
2015,31900,8,-0.001518
2015,32580,8,0.003523
2015,32780,8,0.002198
2015,32900,8,0.003641
2015,33140,8,0.000891
2015,33340,8,0.001747
2015,33540,8,-0.001805
2015,33700,8,0.004616
2015,33780,8,-0.000241
2015,33860,8,-0.004689
2015,34060,8,-0.005597
2015,34580,8,0.000491
2015,34620,8,-0.002395
2015,34740,8,0.000907
2015,34900,8,3.5e-05
2015,34940,8,0.018429
2015,35300,8,-0.003736
2015,35660,8,-0.000205
2015,35980,8,-0.001846
2015,36100,8,0.000953
2015,36220,8,0.017712
2015,36420,8,0.003447
2015,36500,8,0.001629
2015,36540,8,0.001912
2015,36740,8,0.014389
2015,36780,8,0.001169
2015,36980,8,-0.000317
2015,37100,8,-0.00273
2015,37340,8,0.002179
2015,37860,8,0.002068
2015,38060,8,0.007426
2015,38300,8,-0.000551
2015,38340,8,-0.005301
2015,38860,8,0.004441
2015,38900,8,0.005456
2015,38940,8,0.00642
2015,39300,8,0.001155
2015,39340,8,0.004756
2015,39380,8,-0.009152
2015,39460,8,0.007868
2015,39540,8,0.002167
2015,39580,8,0.013047
2015,39740,8,1.7e-05
2015,39820,8,-0.00345
2015,39900,8,0.008659
2015,40140,8,0.005007
2015,40220,8,-0.007032
2015,40420,8,-0.003911
2015,40580,8,-0.013763
2015,40660,8,-0.009588
2015,40900,8,0.002578
2015,40980,8,-0.006322
2015,41060,8,-0.002159
2015,41100,8,0.021189
2015,41140,8,-0.011321
2015,41420,8,0.001
2015,41500,8,-0.00076
2015,41700,8,0.006848
2015,41740,8,0.001252
2015,41940,8,0.002923
2015,42020,8,0.000606
2015,42100,8,-0.002598
2015,42140,8,-0.008344
2015,42220,8,0.000649
2015,42340,8,0.005653
2015,42540,8,-0.003843
2015,42680,8,0.00996
2015,43100,8,0.001852
2015,43300,8,-0.003864
2015,43620,8,0.012479
2015,43780,8,0.001323
2015,44100,8,-0.001614
2015,44180,8,-0.001174
2015,44220,8,-0.00275
2015,44300,8,0.005202
2015,44700,8,0.005602
2015,45060,8,-0.001981
2015,45220,8,-0.002335
2015,45820,8,-0.008402
2015,45940,8,0.003088
2015,46060,8,-0.001764
2015,46140,8,-0.001909
2015,46340,8,-0.003017
2015,46540,8,-0.004997
2015,46660,8,-0.007027
2015,46700,8,0.00732
2015,47220,8,0.001627
2015,47300,8,0.000894
2015,47940,8,-0.006213
2015,48300,8,-0.002135
2015,48540,8,-0.013613
2015,48660,8,-0.009652
2015,48700,8,-0.002445
2015,49020,8,0.000273
2015,49420,8,-0.011464
2015,49620,8,0.00343
2015,49660,8,-0.003567
2015,49700,8,0.001823
2015,49740,8,-0.003549
2015,10180,9,-0.003866
2015,10420,9,0.000688
2015,10580,9,0.00091
2015,10740,9,-0.006949
2015,10780,9,-0.007071
2015,10900,9,0.003688
2015,11020,9,-0.003896
2015,11260,9,-0.00603
2015,11460,9,0.004787
2015,11500,9,-0.007003
2015,11540,9,0.005649
2015,11700,9,0.00034
2015,12020,9,0.000158
2015,12100,9,-0.00086
2015,12220,9,0.011195
2015,12420,9,0.020608
2015,12540,9,0.000871
2015,12580,9,-0.00508
2015,12620,9,-0.001555
2015,12700,9,-0.000139
2015,12980,9,-0.000323
2015,13020,9,-0.004421
2015,13380,9,0.000599
2015,13460,9,0.017412
2015,13780,9,-0.003386
2015,14260,9,0.010606
2015,14500,9,-0.001342
2015,14740,9,-0.003564
2015,14860,9,0.002299
2015,15180,9,-0.003993
2015,15260,9,0.000176
2015,15380,9,0.000244
2015,15500,9,-0.002153
2015,15540,9,0.002773
2015,15940,9,0.001582
2015,15980,9,0.010315
2015,16180,9,-0.001368
2015,16220,9,-0.001051
2015,16300,9,-0.002183
2015,16700,9,0.011632
2015,16860,9,-0.005499
2015,16940,9,-0.002628
2015,17020,9,-0.000474
2015,17420,9,0.003518
2015,17660,9,0.011815
2015,17780,9,0.008847
2015,17820,9,0.001327
2015,17900,9,0.001026
2015,18020,9,0.005921
2015,18700,9,-0.003738
2015,19140,9,-0.004947
2015,19340,9,-0.001345
2015,19460,9,-0.00479
2015,19500,9,-0.007092
2015,19740,9,0.00675
2015,20020,9,-0.000444
2015,20100,9,0.004416
2015,20220,9,-0.004208
2015,20740,9,0.002281
2015,20940,9,-0.001044
2015,21140,9,0.004718
2015,21300,9,-0.006006
2015,21500,9,-0.003099
2015,21660,9,-0.000419
2015,21820,9,-0.017554
2015,22020,9,0.016536
2015,22140,9,-0.021939
2015,22380,9,-0.002455
2015,22420,9,-0.002429
2015,22500,9,-0.006573
2015,22520,9,-0.001797
2015,22540,9,-0.000455
2015,22660,9,0.010541
2015,23420,9,0.001283
2015,23460,9,-0.007475
2015,23580,9,0.005165
2015,24020,9,-0.001771
2015,24140,9,-0.00976
2015,24220,9,0.005467
2015,24300,9,-0.004301
2015,24500,9,-0.011639
2015,24540,9,0.012447
2015,24580,9,0.005756
2015,24660,9,-0.002904
2015,25260,9,-0.007651
2015,25420,9,0.004211
2015,25500,9,0.000238
2015,25540,9,-0.002278
2015,25860,9,-0.009196
2015,25980,9,0.003169
2015,26300,9,-0.007707
2015,26380,9,-0.003397
2015,26620,9,0.007211
2015,26980,9,0.006034
2015,27060,9,0.002068
2015,27100,9,0.000819
2015,27260,9,0.006923
2015,27340,9,0.003894
2015,27500,9,0.001939
2015,27620,9,-0.007351
2015,27740,9,-6.1e-05
2015,27780,9,-0.006017
2015,27860,9,-0.002175
2015,27900,9,-0.005211
2015,28100,9,-0.00497
2015,28420,9,0.004158
2015,28660,9,-0.002649
2015,28700,9,-0.010533
2015,28740,9,-0.00123
2015,29100,9,0.004109
2015,29340,9,0.000267
2015,29420,9,-0.005844
2015,29460,9,0.006984
2015,29540,9,0.004153
2015,29700,9,0.004465
2015,29740,9,-0.006978
2015,29820,9,0.008299
2015,29940,9,0.005115
2015,30140,9,0.004699
2015,30300,9,-0.008593
2015,30340,9,-0.001331
2015,30460,9,0.004132
2015,30620,9,-0.002198
2015,30700,9,0.003907
2015,30780,9,-0.002526
2015,30860,9,-0.001577
2015,31020,9,-0.003188
2015,31420,9,-0.009908
2015,31700,9,0.001947
2015,31900,9,-0.001155
2015,32580,9,0.0039
2015,32780,9,0.002905
2015,32900,9,-0.00098
2015,33140,9,0.000654
2015,33340,9,0.001124
2015,33540,9,-0.00142
2015,33700,9,0.000444
2015,33780,9,-0.000485
2015,33860,9,-0.003974
2015,34060,9,-0.005033
2015,34580,9,0.003021
2015,34620,9,-0.000613
2015,34740,9,0.001293
2015,34900,9,-0.001558
2015,34940,9,0.013484
2015,35300,9,-0.003106
2015,35660,9,-0.000752
2015,35980,9,-0.001349
2015,36100,9,-0.000138
2015,36220,9,0.015694
2015,36420,9,0.003581
2015,36500,9,0.00392
2015,36540,9,0.002133
2015,36740,9,0.012079
2015,36780,9,0.00111
2015,36980,9,-0.000299
2015,37100,9,-0.003854
2015,37340,9,-0.000232
2015,37860,9,0.002186
2015,38060,9,0.005132
2015,38300,9,-0.000562
2015,38340,9,-0.005933
2015,38860,9,0.004172
2015,38900,9,0.006234
2015,38940,9,0.002464
2015,39300,9,0.000405
2015,39340,9,0.005313
2015,39380,9,-0.007317
2015,39460,9,0.006183
2015,39540,9,0.001551
2015,39580,9,0.013541
2015,39740,9,0.00018
2015,39820,9,-0.003759
2015,39900,9,0.00508
2015,40140,9,0.00113
2015,40220,9,-0.005825
2015,40420,9,-0.003546
2015,40580,9,-0.01162
2015,40660,9,-0.008153
2015,40900,9,0.001495
2015,40980,9,-0.005115
2015,41060,9,-0.002274
2015,41100,9,0.019753
2015,41140,9,-0.010103
2015,41420,9,0.003261
2015,41500,9,-0.003041
2015,41700,9,0.006295
2015,41740,9,0.000773
2015,41940,9,0.00222
2015,42020,9,-0.000106
2015,42100,9,-0.002103
2015,42140,9,-0.006033
2015,42220,9,-0.000349
2015,42340,9,0.005876
2015,42540,9,-0.002987
2015,42680,9,0.007355
2015,43100,9,0.001465
2015,43300,9,-0.003545
2015,43620,9,0.01182
2015,43780,9,0.001439
2015,44100,9,-0.001934
2015,44180,9,-0.00046
2015,44220,9,-0.001561
2015,44300,9,0.005701
2015,44700,9,0.002613
2015,45060,9,-0.001417
2015,45220,9,-0.001962
2015,45820,9,-0.008122
2015,45940,9,0.00275
2015,46060,9,-0.001862
2015,46140,9,-0.001085
2015,46340,9,-0.002252
2015,46540,9,-0.004382
2015,46660,9,-0.005191
2015,46700,9,0.003518
2015,47220,9,0.001663
2015,47300,9,-0.000353
2015,47940,9,-0.005838
2015,48300,9,-0.000117
2015,48540,9,-0.012974
2015,48660,9,-0.008673
2015,48700,9,-0.003191
2015,49020,9,-0.001428
2015,49420,9,-0.007204
2015,49620,9,0.003432
2015,49660,9,-0.003313
2015,49700,9,-0.000866
2015,49740,9,-0.003259
2015,10180,10,-0.004046
2015,10420,10,0.000748
2015,10580,10,0.000987
2015,10740,10,-0.006837
2015,10780,10,-0.007026
2015,10900,10,0.003554
2015,11020,10,-0.00365
2015,11260,10,-0.005795
2015,11460,10,0.004985
2015,11500,10,-0.007218
2015,11540,10,0.00571
2015,11700,10,-6e-06
2015,12020,10,0.000702
2015,12100,10,-0.000979
2015,12220,10,0.011354
2015,12420,10,0.020251
2015,12540,10,0.000601
2015,12580,10,-0.005216
2015,12620,10,-0.001667
2015,12700,10,-0.000228
2015,12980,10,-0.000399
2015,13020,10,-0.004418
2015,13380,10,0.000639
2015,13460,10,0.017492
2015,13780,10,-0.003769
2015,14260,10,0.01085
2015,14500,10,-0.001061
2015,14740,10,-0.00359
2015,14860,10,0.002742
2015,15180,10,-0.003723
2015,15260,10,0.000414
2015,15380,10,0.000342
2015,15500,10,-0.001963
2015,15540,10,0.002664
2015,15940,10,0.001781
2015,15980,10,0.010113
2015,16180,10,-0.00133
2015,16220,10,-0.00108
2015,16300,10,-0.002326
2015,16700,10,0.011527
2015,16860,10,-0.005311
2015,16940,10,-0.002469
2015,17020,10,-0.000622
2015,17420,10,0.003418
2015,17660,10,0.011429
2015,17780,10,0.008523
2015,17820,10,0.001622
2015,17900,10,0.001156
2015,18020,10,0.006082
2015,18700,10,-0.002663
2015,19140,10,-0.005277
2015,19340,10,-0.001449
2015,19460,10,-0.004844
2015,19500,10,-0.007769
2015,19740,10,0.006804
2015,20020,10,-0.000137
2015,20100,10,0.004355
2015,20220,10,-0.004282
2015,20740,10,0.002233
2015,20940,10,-0.001061
2015,21140,10,0.004599
2015,21300,10,-0.005241
2015,21500,10,-0.002772
2015,21660,10,-0.000138
2015,21820,10,-0.016544
2015,22020,10,0.016213
2015,22140,10,-0.021814
2015,22380,10,-0.002315
2015,22420,10,-0.002149
2015,22500,10,-0.006454
2015,22520,10,-0.001761
2015,22540,10,-0.000578
2015,22660,10,0.0104
2015,23420,10,0.001109
2015,23460,10,-0.007449
2015,23580,10,0.005652
2015,24020,10,-0.00202
2015,24140,10,-0.009394
2015,24220,10,0.0054
2015,24300,10,-0.004244
2015,24500,10,-0.011911
2015,24540,10,0.01236
2015,24580,10,0.005842
2015,24660,10,-0.002667
2015,25260,10,-0.007598
2015,25420,10,0.00441
2015,25500,10,-0.000131
2015,25540,10,-0.002102
2015,25860,10,-0.009166
2015,25980,10,0.003043
2015,26300,10,-0.007537
2015,26380,10,-0.00374
2015,26620,10,0.007107
2015,26980,10,0.006212
2015,27060,10,0.001992
2015,27100,10,0.000969
2015,27260,10,0.006911
2015,27340,10,0.00433
2015,27500,10,0.00177
2015,27620,10,-0.007244
2015,27740,10,-0.000249
2015,27780,10,-0.006171
2015,27860,10,-0.001747
2015,27900,10,-0.005149
2015,28100,10,-0.005093
2015,28420,10,0.004679
2015,28660,10,-0.002326
2015,28700,10,-0.010541
2015,28740,10,-0.001915
2015,29100,10,0.003847
2015,29340,10,6.6e-05
2015,29420,10,-0.006079
2015,29460,10,0.006864
2015,29540,10,0.004188
2015,29700,10,0.004691
2015,29740,10,-0.006962
2015,29820,10,0.008012
2015,29940,10,0.005022
2015,30140,10,0.004592
2015,30300,10,-0.008563
2015,30340,10,-0.001416
2015,30460,10,0.004025
2015,30620,10,-0.002436
2015,30700,10,0.004099
2015,30780,10,-0.002382
2015,30860,10,-0.00134
2015,31020,10,-0.003193
2015,31420,10,-0.009333
2015,31700,10,0.001996
2015,31900,10,-0.001101
2015,32580,10,0.003912
2015,32780,10,0.003212
2015,32900,10,-0.001536
2015,33140,10,0.000479
2015,33340,10,0.000995
2015,33540,10,-0.001576
2015,33700,10,-8.1e-05
2015,33780,10,-0.000148
2015,33860,10,-0.00377
2015,34060,10,-0.005191
2015,34580,10,0.003028
2015,34620,10,0.000153
2015,34740,10,0.001812
2015,34900,10,-0.001538
2015,34940,10,0.012942
2015,35300,10,-0.002966
2015,35660,10,-0.000899
2015,35980,10,-0.001289
2015,36100,10,-0.000198
2015,36220,10,0.015584
2015,36420,10,0.003791
2015,36500,10,0.003994
2015,36540,10,0.002163
2015,36740,10,0.012262
2015,36780,10,0.000983
2015,36980,10,-0.000133
2015,37100,10,-0.004102
2015,37340,10,-0.000476
2015,37860,10,0.002334
2015,38060,10,0.005137
2015,38300,10,-0.000487
2015,38340,10,-0.006498
2015,38860,10,0.004184
2015,38900,10,0.006442
2015,38940,10,0.002036
2015,39300,10,0.000338
2015,39340,10,0.005686
2015,39380,10,-0.007479
2015,39460,10,0.005971
2015,39540,10,0.001267
2015,39580,10,0.013636
2015,39740,10,0.000158
2015,39820,10,-0.003945
2015,39900,10,0.004891
2015,40140,10,0.000546
2015,40220,10,-0.005719
2015,40420,10,-0.003697
2015,40580,10,-0.011435
2015,40660,10,-0.008021
2015,40900,10,0.001386
2015,40980,10,-0.004554
2015,41060,10,-0.002234
2015,41100,10,0.019706
2015,41140,10,-0.009818
2015,41420,10,0.003415
2015,41500,10,-0.00326
2015,41700,10,0.006096
2015,41740,10,0.000718
2015,41940,10,0.002343
2015,42020,10,-0.000385
2015,42100,10,-0.001927
2015,42140,10,-0.005797
2015,42220,10,-0.000332
2015,42340,10,0.005841
2015,42540,10,-0.002919
2015,42680,10,0.006968
2015,43100,10,0.000882
2015,43300,10,-0.003599
2015,43620,10,0.011757
2015,43780,10,0.001391
2015,44100,10,-0.002316
2015,44180,10,-0.000269
2015,44220,10,-0.001209
2015,44300,10,0.006008
2015,44700,10,0.002361
2015,45060,10,-0.001288
2015,45220,10,-0.001887
2015,45820,10,-0.008324
2015,45940,10,0.002878
2015,46060,10,-0.001808
2015,46140,10,-0.000891
2015,46340,10,-0.002104
2015,46540,10,-0.004196
2015,46660,10,-0.005126
2015,46700,10,0.0032
2015,47220,10,0.00154
2015,47300,10,-0.000557
2015,47940,10,-0.00577
2015,48300,10,-7.8e-05
2015,48540,10,-0.012725
2015,48660,10,-0.008491
2015,48700,10,-0.003516
2015,49020,10,-0.001688
2015,49420,10,-0.006884
2015,49620,10,0.003411
2015,49660,10,-0.003313
2015,49700,10,-0.00118
2015,49740,10,-0.003399
2015,10180,11,-0.003743
2015,10420,11,0.000421
2015,10580,11,0.001021
2015,10740,11,-0.007095
2015,10780,11,-0.006934
2015,10900,11,0.003729
2015,11020,11,-0.004145
2015,11260,11,-0.006381
2015,11460,11,0.004696
2015,11500,11,-0.00684
2015,11540,11,0.005654
2015,11700,11,0.000594
2015,12020,11,-0.000233
2015,12100,11,-0.000282
2015,12220,11,0.010972
2015,12420,11,0.021113
2015,12540,11,0.001522
2015,12580,11,-0.004394
2015,12620,11,-0.00161
2015,12700,11,0.000232
2015,12980,11,-0.000471
2015,13020,11,-0.004454
2015,13380,11,0.000458
2015,13460,11,0.01747
2015,13780,11,-0.003255
2015,14260,11,0.010396
2015,14500,11,-0.001667
2015,14740,11,-0.003721
2015,14860,11,0.001999
2015,15180,11,-0.004346
2015,15260,11,-4.6e-05
2015,15380,11,1.2e-05
2015,15500,11,-0.002835
2015,15540,11,0.003049
2015,15940,11,0.001317
2015,15980,11,0.011013
2015,16180,11,-0.001464
2015,16220,11,-0.000237
2015,16300,11,-0.002302
2015,16700,11,0.011867
2015,16860,11,-0.005726
2015,16940,11,-0.002359
2015,17020,11,-0.000411
2015,17420,11,0.003467
2015,17660,11,0.012219
2015,17780,11,0.009096
2015,17820,11,0.000835
2015,17900,11,0.000656
2015,18020,11,0.005813
2015,18700,11,-0.004652
2015,19140,11,-0.00525
2015,19340,11,-0.001079
2015,19460,11,-0.00488
2015,19500,11,-0.006424
2015,19740,11,0.006378
2015,20020,11,-0.000671
2015,20100,11,0.00451
2015,20220,11,-0.004145
2015,20740,11,0.002718
2015,20940,11,-0.000739
2015,21140,11,0.004582
2015,21300,11,-0.006397
2015,21500,11,-0.003504
2015,21660,11,-0.000963
2015,21820,11,-0.018147
2015,22020,11,0.017446
2015,22140,11,-0.021474
2015,22380,11,-0.002359
2015,22420,11,-0.002624
2015,22500,11,-0.00691
2015,22520,11,-0.001825
2015,22540,11,-0.000337
2015,22660,11,0.010272
2015,23420,11,0.001705
2015,23460,11,-0.007408
2015,23580,11,0.004273
2015,24020,11,-0.001156
2015,24140,11,-0.010152
2015,24220,11,0.006434
2015,24300,11,-0.004468
2015,24500,11,-0.011571
2015,24540,11,0.011942
2015,24580,11,0.005724
2015,24660,11,-0.003561
2015,25260,11,-0.00734
2015,25420,11,0.003793
2015,25500,11,0.000541
2015,25540,11,-0.002518
2015,25860,11,-0.009575
2015,25980,11,0.002569
2015,26300,11,-0.007916
2015,26380,11,-0.003032
2015,26620,11,0.00728
2015,26980,11,0.005842
2015,27060,11,0.0023
2015,27100,11,0.000597
2015,27260,11,0.00711
2015,27340,11,0.003987
2015,27500,11,0.00195
2015,27620,11,-0.007555
2015,27740,11,0.000418
2015,27780,11,-0.005986
2015,27860,11,-0.002666
2015,27900,11,-0.005432
2015,28100,11,-0.004755
2015,28420,11,0.003424
2015,28660,11,-0.0028
2015,28700,11,-0.01059
2015,28740,11,-0.000574
2015,29100,11,0.004651
2015,29340,11,0.000647
2015,29420,11,-0.005204
2015,29460,11,0.006999
2015,29540,11,0.003863
2015,29700,11,0.004482
2015,29740,11,-0.007076
2015,29820,11,0.008803
2015,29940,11,0.004983
2015,30140,11,0.004561
2015,30300,11,-0.008632
2015,30340,11,-0.001373
2015,30460,11,0.004104
2015,30620,11,-0.002075
2015,30700,11,0.003522
2015,30780,11,-0.002721
2015,30860,11,-0.00212
2015,31020,11,-0.00378
2015,31420,11,-0.010594
2015,31700,11,0.001793
2015,31900,11,-0.001415
2015,32580,11,0.003629
2015,32780,11,0.002578
2015,32900,11,-3.3e-05
2015,33140,11,0.000732
2015,33340,11,0.001438
2015,33540,11,-0.0011
2015,33700,11,0.001109
2015,33780,11,-0.000744
2015,33860,11,-0.004149
2015,34060,11,-0.004918
2015,34580,11,0.002382
2015,34620,11,-0.001068
2015,34740,11,0.000809
2015,34900,11,-0.001266
2015,34940,11,0.014765
2015,35300,11,-0.003202
2015,35660,11,-0.000559
2015,35980,11,-0.001447
2015,36100,11,-3.8e-05
2015,36220,11,0.016209
2015,36420,11,0.00355
2015,36500,11,0.003436
2015,36540,11,0.001954
2015,36740,11,0.012326
2015,36780,11,0.001294
2015,36980,11,-0.000262
2015,37100,11,-0.003319
2015,37340,11,0.000346
2015,37860,11,0.002182
2015,38060,11,0.005421
2015,38300,11,-0.000692
2015,38340,11,-0.005545
2015,38860,11,0.004209
2015,38900,11,0.00594
2015,38940,11,0.003384
2015,39300,11,0.000562
2015,39340,11,0.004912
2015,39380,11,-0.007852
2015,39460,11,0.006496
2015,39540,11,0.00179
2015,39580,11,0.013277
2015,39740,11,7e-06
2015,39820,11,-0.003596
2015,39900,11,0.005409
2015,40140,11,0.002206
2015,40220,11,-0.005951
2015,40420,11,-0.003502
2015,40580,11,-0.012116
2015,40660,11,-0.008643
2015,40900,11,0.001614
2015,40980,11,-0.005528
2015,41060,11,-0.002293
2015,41100,11,0.02004
2015,41140,11,-0.010405
2015,41420,11,0.002411
2015,41500,11,-0.002619
2015,41700,11,0.006257
2015,41740,11,0.001116
2015,41940,11,0.002445
2015,42020,11,0.000178
2015,42100,11,-0.002326
2015,42140,11,-0.006472
2015,42220,11,-0.0003
2015,42340,11,0.005687
2015,42540,11,-0.003262
2015,42680,11,0.007768
2015,43100,11,0.001697
2015,43300,11,-0.003897
2015,43620,11,0.01192
2015,43780,11,0.001431
2015,44100,11,-0.001618
2015,44180,11,-0.000762
2015,44220,11,-0.001918
2015,44300,11,0.005565
2015,44700,11,0.003051
2015,45060,11,-0.001635
2015,45220,11,-0.001875
2015,45820,11,-0.008125
2015,45940,11,0.00294
2015,46060,11,-0.001821
2015,46140,11,-0.001332
2015,46340,11,-0.002574
2015,46540,11,-0.004511
2015,46660,11,-0.005463
2015,46700,11,0.004059
2015,47220,11,0.001785
2015,47300,11,-9.6e-05
2015,47940,11,-0.005825
2015,48300,11,-0.000524
2015,48540,11,-0.013098
2015,48660,11,-0.008858
2015,48700,11,-0.003
2015,49020,11,-0.000768
2015,49420,11,-0.008171
2015,49620,11,0.003255
2015,49660,11,-0.0034
2015,49700,11,-0.000414
2015,49740,11,-0.00316
2015,10180,12,-0.003881
2015,10420,12,0.001277
2015,10580,12,0.000587
2015,10740,12,-0.006784
2015,10780,12,-0.007454
2015,10900,12,0.003746
2015,11020,12,-0.003564
2015,11260,12,-0.005472
2015,11460,12,0.004993
2015,11500,12,-0.007138
2015,11540,12,0.00541
2015,11700,12,0.000155
2015,12020,12,0.000482
2015,12100,12,-0.001992
2015,12220,12,0.011789
2015,12420,12,0.019568
2015,12540,12,-0.000286
2015,12580,12,-0.006427
2015,12620,12,-0.001305
2015,12700,12,-0.000965
2015,12980,12,0.000102
2015,13020,12,-0.004269
2015,13380,12,0.000593
2015,13460,12,0.016931
2015,13780,12,-0.003279
2015,14260,12,0.010773
2015,14500,12,-0.000681
2015,14740,12,-0.003441
2015,14860,12,0.002599
2015,15180,12,-0.003533
2015,15260,12,0.000445
2015,15380,12,0.000693
2015,15500,12,-0.001045
2015,15540,12,0.002129
2015,15940,12,0.001999
2015,15980,12,0.009098
2015,16180,12,-0.000864
2015,16220,12,-0.00269
2015,16300,12,-0.001828
2015,16700,12,0.011104
2015,16860,12,-0.005112
2015,16940,12,-0.003488
2015,17020,12,-0.000573
2015,17420,12,0.003753
2015,17660,12,0.010846
2015,17780,12,0.008362
2015,17820,12,0.002013
2015,17900,12,0.001548
2015,18020,12,0.005981
2015,18700,12,-0.003055
2015,19140,12,-0.003803
2015,19340,12,-0.001845
2015,19460,12,-0.004466
2015,19500,12,-0.008039
2015,19740,12,0.007553
2015,20020,12,-0.000214
2015,20100,12,0.004084
2015,20220,12,-0.004193
2015,20740,12,0.001264
2015,20940,12,-0.001658
2015,21140,12,0.005142
2015,21300,12,-0.005788
2015,21500,12,-0.00263
2015,21660,12,0.000311
2015,21820,12,-0.017013
2015,22020,12,0.014431
2015,22140,12,-0.023085
2015,22380,12,-0.00252
2015,22420,12,-0.002104
2015,22500,12,-0.006044
2015,22520,12,-0.001737
2015,22540,12,-0.000773
2015,22660,12,0.011006
2015,23420,12,0.000534
2015,23460,12,-0.007602
2015,23580,12,0.007085
2015,24020,12,-0.003022
2015,24140,12,-0.0094
2015,24220,12,0.003161
2015,24300,12,-0.004112
2015,24500,12,-0.011459
2015,24540,12,0.013604
2015,24580,12,0.005587
2015,24660,12,-0.001737
2015,25260,12,-0.008435
2015,25420,12,0.004932
2015,25500,12,-0.000196
2015,25540,12,-0.001906
2015,25860,12,-0.008424
2015,25980,12,0.004418
2015,26300,12,-0.007303
2015,26380,12,-0.003945
2015,26620,12,0.007013
2015,26980,12,0.006292
2015,27060,12,0.001981
2015,27100,12,0.001371
2015,27260,12,0.006515
2015,27340,12,0.002771
2015,27500,12,0.002111
2015,27620,12,-0.00688
2015,27740,12,-0.001096
2015,27780,12,-0.006097
2015,27860,12,-0.001516
2015,27900,12,-0.004803
2015,28100,12,-0.0054
2015,28420,12,0.004751
2015,28660,12,-0.002619
2015,28700,12,-0.010486
2015,28740,12,-0.002028
2015,29100,12,0.003023
2015,29340,12,-0.000574
2015,29420,12,-0.006945
2015,29460,12,0.007281
2015,29540,12,0.004864
2015,29700,12,0.004231
2015,29740,12,-0.007029
2015,29820,12,0.007828
2015,29940,12,0.005362
2015,30140,12,0.005058
2015,30300,12,-0.008273
2015,30340,12,-0.001156
2015,30460,12,0.004316
2015,30620,12,-0.00232
2015,30700,12,0.00461
2015,30780,12,-0.00226
2015,30860,12,-0.00074
2015,31020,12,-0.001997
2015,31420,12,-0.008952
2015,31700,12,0.002319
2015,31900,12,-0.000576
2015,32580,12,0.004551
2015,32780,12,0.003321
2015,32900,12,-0.002224
2015,33140,12,0.000673
2015,33340,12,0.000603
2015,33540,12,-0.002219
2015,33700,12,-0.000139
2015,33780,12,-0.000147
2015,33860,12,-0.003855
2015,34060,12,-0.004914
2015,34580,12,0.004201
2015,34620,12,-0.000485
2015,34740,12,0.002176
2015,34900,12,-0.001981
2015,34940,12,0.011057
2015,35300,12,-0.003009
2015,35660,12,-0.001001
2015,35980,12,-0.001191
2015,36100,12,-6.7e-05
2015,36220,12,0.014635
2015,36420,12,0.003418
2015,36500,12,0.004763
2015,36540,12,0.002501
2015,36740,12,0.011492
2015,36780,12,0.000782
2015,36980,12,-0.000713
2015,37100,12,-0.004713
2015,37340,12,-0.001107
2015,37860,12,0.002091
2015,38060,12,0.004653
2015,38300,12,-0.000354
2015,38340,12,-0.006302
2015,38860,12,0.003968
2015,38900,12,0.006493
2015,38940,12,0.001116
2015,39300,12,0.000224
2015,39340,12,0.005871
2015,39380,12,-0.005876
2015,39460,12,0.005819
2015,39540,12,0.00131
2015,39580,12,0.013658
2015,39740,12,0.000719
2015,39820,12,-0.003899
2015,39900,12,0.004858
2015,40140,12,-0.000537
2015,40220,12,-0.005621
2015,40420,12,-0.003516
2015,40580,12,-0.010806
2015,40660,12,-0.007092
2015,40900,12,0.001413
2015,40980,12,-0.004726
2015,41060,12,-0.002124
2015,41100,12,0.018517
2015,41140,12,-0.009484
2015,41420,12,0.004934
2015,41500,12,-0.003393
2015,41700,12,0.006768
2015,41740,12,6.6e-05
2015,41940,12,0.001554
2015,42020,12,-0.000416
2015,42100,12,-0.001615
2015,42140,12,-0.005156
2015,42220,12,-0.000306
2015,42340,12,0.006358
2015,42540,12,-0.002391
2015,42680,12,0.006975
2015,43100,12,0.001385
2015,43300,12,-0.002467
2015,43620,12,0.011472
2015,43780,12,0.001426
2015,44100,12,-0.002368
2015,44180,12,0.000143
2015,44220,12,-0.001104
2015,44300,12,0.005584
2015,44700,12,0.001998
2015,45060,12,-0.001007
2015,45220,12,-0.002345
2015,45820,12,-0.007807
2015,45940,12,0.0022
2015,46060,12,-0.00198
2015,46140,12,-0.000775
2015,46340,12,-0.001451
2015,46540,12,-0.00416
2015,46660,12,-0.004882
2015,46700,12,0.002949
2015,47220,12,0.001417
2015,47300,12,-0.000606
2015,47940,12,-0.005811
2015,48300,12,0.000593
2015,48540,12,-0.012756
2015,48660,12,-0.008259
2015,48700,12,-0.003236
2015,49020,12,-0.002599
2015,49420,12,-0.005519
2015,49620,12,0.003913
2015,49660,12,-0.003152
2015,49700,12,-0.001307
2015,49740,12,-0.003501
2015,10180,13,-0.004046
2015,10420,13,0.000748
2015,10580,13,0.000987
2015,10740,13,-0.006837
2015,10780,13,-0.007026
2015,10900,13,0.003554
2015,11020,13,-0.00365
2015,11260,13,-0.005795
2015,11460,13,0.004985
2015,11500,13,-0.007218
2015,11540,13,0.00571
2015,11700,13,-6e-06
2015,12020,13,0.000702
2015,12100,13,-0.000979
2015,12220,13,0.011354
2015,12420,13,0.020251
2015,12540,13,0.000601
2015,12580,13,-0.005216
2015,12620,13,-0.001667
2015,12700,13,-0.000228
2015,12980,13,-0.000399
2015,13020,13,-0.004418
2015,13380,13,0.000639
2015,13460,13,0.017492
2015,13780,13,-0.003769
2015,14260,13,0.01085
2015,14500,13,-0.001061
2015,14740,13,-0.00359
2015,14860,13,0.002742
2015,15180,13,-0.003723
2015,15260,13,0.000414
2015,15380,13,0.000342
2015,15500,13,-0.001963
2015,15540,13,0.002664
2015,15940,13,0.001781
2015,15980,13,0.010113
2015,16180,13,-0.00133
2015,16220,13,-0.00108
2015,16300,13,-0.002326
2015,16700,13,0.011527
2015,16860,13,-0.005311
2015,16940,13,-0.002469
2015,17020,13,-0.000622
2015,17420,13,0.003418
2015,17660,13,0.011429
2015,17780,13,0.008523
2015,17820,13,0.001622
2015,17900,13,0.001156
2015,18020,13,0.006082
2015,18700,13,-0.002663
2015,19140,13,-0.005277
2015,19340,13,-0.001449
2015,19460,13,-0.004844
2015,19500,13,-0.007769
2015,19740,13,0.006804
2015,20020,13,-0.000137
2015,20100,13,0.004355
2015,20220,13,-0.004282
2015,20740,13,0.002233
2015,20940,13,-0.001061
2015,21140,13,0.004599
2015,21300,13,-0.005241
2015,21500,13,-0.002772
2015,21660,13,-0.000138
2015,21820,13,-0.016544
2015,22020,13,0.016213
2015,22140,13,-0.021814
2015,22380,13,-0.002315
2015,22420,13,-0.002149
2015,22500,13,-0.006454
2015,22520,13,-0.001761
2015,22540,13,-0.000578
2015,22660,13,0.0104
2015,23420,13,0.001109
2015,23460,13,-0.007449
2015,23580,13,0.005652
2015,24020,13,-0.00202
2015,24140,13,-0.009394
2015,24220,13,0.0054
2015,24300,13,-0.004244
2015,24500,13,-0.011911
2015,24540,13,0.01236
2015,24580,13,0.005842
2015,24660,13,-0.002667
2015,25260,13,-0.007598
2015,25420,13,0.00441
2015,25500,13,-0.000131
2015,25540,13,-0.002102
2015,25860,13,-0.009166
2015,25980,13,0.003043
2015,26300,13,-0.007537
2015,26380,13,-0.00374
2015,26620,13,0.007107
2015,26980,13,0.006212
2015,27060,13,0.001992
2015,27100,13,0.000969
2015,27260,13,0.006911
2015,27340,13,0.00433
2015,27500,13,0.00177
2015,27620,13,-0.007244
2015,27740,13,-0.000249
2015,27780,13,-0.006171
2015,27860,13,-0.001747
2015,27900,13,-0.005149
2015,28100,13,-0.005093
2015,28420,13,0.004679
2015,28660,13,-0.002326
2015,28700,13,-0.010541
2015,28740,13,-0.001915
2015,29100,13,0.003847
2015,29340,13,6.6e-05
2015,29420,13,-0.006079
2015,29460,13,0.006864
2015,29540,13,0.004188
2015,29700,13,0.004691
2015,29740,13,-0.006962
2015,29820,13,0.008012
2015,29940,13,0.005022
2015,30140,13,0.004592
2015,30300,13,-0.008563
2015,30340,13,-0.001416
2015,30460,13,0.004025
2015,30620,13,-0.002436
2015,30700,13,0.004099
2015,30780,13,-0.002382
2015,30860,13,-0.00134
2015,31020,13,-0.003193
2015,31420,13,-0.009333
2015,31700,13,0.001996
2015,31900,13,-0.001101
2015,32580,13,0.003912
2015,32780,13,0.003212
2015,32900,13,-0.001536
2015,33140,13,0.000479
2015,33340,13,0.000995
2015,33540,13,-0.001576
2015,33700,13,-8.1e-05
2015,33780,13,-0.000148
2015,33860,13,-0.00377
2015,34060,13,-0.005191
2015,34580,13,0.003028
2015,34620,13,0.000153
2015,34740,13,0.001812
2015,34900,13,-0.001538
2015,34940,13,0.012942
2015,35300,13,-0.002966
2015,35660,13,-0.000899
2015,35980,13,-0.001289
2015,36100,13,-0.000198
2015,36220,13,0.015584
2015,36420,13,0.003791
2015,36500,13,0.003994
2015,36540,13,0.002163
2015,36740,13,0.012262
2015,36780,13,0.000983
2015,36980,13,-0.000133
2015,37100,13,-0.004102
2015,37340,13,-0.000476
2015,37860,13,0.002334
2015,38060,13,0.005137
2015,38300,13,-0.000487
2015,38340,13,-0.006498
2015,38860,13,0.004184
2015,38900,13,0.006442
2015,38940,13,0.002036
2015,39300,13,0.000338
2015,39340,13,0.005686
2015,39380,13,-0.007479
2015,39460,13,0.005971
2015,39540,13,0.001267
2015,39580,13,0.013636
2015,39740,13,0.000158
2015,39820,13,-0.003945
2015,39900,13,0.004891
2015,40140,13,0.000546
2015,40220,13,-0.005719
2015,40420,13,-0.003697
2015,40580,13,-0.011435
2015,40660,13,-0.008021
2015,40900,13,0.001386
2015,40980,13,-0.004554
2015,41060,13,-0.002234
2015,41100,13,0.019706
2015,41140,13,-0.009818
2015,41420,13,0.003415
2015,41500,13,-0.00326
2015,41700,13,0.006096
2015,41740,13,0.000718
2015,41940,13,0.002343
2015,42020,13,-0.000385
2015,42100,13,-0.001927
2015,42140,13,-0.005797
2015,42220,13,-0.000332
2015,42340,13,0.005841
2015,42540,13,-0.002919
2015,42680,13,0.006968
2015,43100,13,0.000882
2015,43300,13,-0.003599
2015,43620,13,0.011757
2015,43780,13,0.001391
2015,44100,13,-0.002316
2015,44180,13,-0.000269
2015,44220,13,-0.001209
2015,44300,13,0.006008
2015,44700,13,0.002361
2015,45060,13,-0.001288
2015,45220,13,-0.001887
2015,45820,13,-0.008324
2015,45940,13,0.002878
2015,46060,13,-0.001808
2015,46140,13,-0.000891
2015,46340,13,-0.002104
2015,46540,13,-0.004196
2015,46660,13,-0.005126
2015,46700,13,0.0032
2015,47220,13,0.00154
2015,47300,13,-0.000557
2015,47940,13,-0.00577
2015,48300,13,-7.8e-05
2015,48540,13,-0.012725
2015,48660,13,-0.008491
2015,48700,13,-0.003516
2015,49020,13,-0.001688
2015,49420,13,-0.006884
2015,49620,13,0.003411
2015,49660,13,-0.003313
2015,49700,13,-0.00118
2015,49740,13,-0.003399
2015,10180,14,-0.003743
2015,10420,14,0.000421
2015,10580,14,0.001021
2015,10740,14,-0.007095
2015,10780,14,-0.006934
2015,10900,14,0.003729
2015,11020,14,-0.004145
2015,11260,14,-0.006381
2015,11460,14,0.004696
2015,11500,14,-0.00684
2015,11540,14,0.005654
2015,11700,14,0.000594
2015,12020,14,-0.000233
2015,12100,14,-0.000282
2015,12220,14,0.010972
2015,12420,14,0.021113
2015,12540,14,0.001522
2015,12580,14,-0.004394
2015,12620,14,-0.00161
2015,12700,14,0.000232
2015,12980,14,-0.000471
2015,13020,14,-0.004454
2015,13380,14,0.000458
2015,13460,14,0.01747
2015,13780,14,-0.003255
2015,14260,14,0.010396
2015,14500,14,-0.001667
2015,14740,14,-0.003721
2015,14860,14,0.001999
2015,15180,14,-0.004346
2015,15260,14,-4.6e-05
2015,15380,14,1.2e-05
2015,15500,14,-0.002835
2015,15540,14,0.003049
2015,15940,14,0.001317
2015,15980,14,0.011013
2015,16180,14,-0.001464
2015,16220,14,-0.000237
2015,16300,14,-0.002302
2015,16700,14,0.011867
2015,16860,14,-0.005726
2015,16940,14,-0.002359
2015,17020,14,-0.000411
2015,17420,14,0.003467
2015,17660,14,0.012219
2015,17780,14,0.009096
2015,17820,14,0.000835
2015,17900,14,0.000656
2015,18020,14,0.005813
2015,18700,14,-0.004652
2015,19140,14,-0.00525
2015,19340,14,-0.001079
2015,19460,14,-0.00488
2015,19500,14,-0.006424
2015,19740,14,0.006378
2015,20020,14,-0.000671
2015,20100,14,0.00451
2015,20220,14,-0.004145
2015,20740,14,0.002718
2015,20940,14,-0.000739
2015,21140,14,0.004582
2015,21300,14,-0.006397
2015,21500,14,-0.003504
2015,21660,14,-0.000963
2015,21820,14,-0.018147
2015,22020,14,0.017446
2015,22140,14,-0.021474
2015,22380,14,-0.002359
2015,22420,14,-0.002624
2015,22500,14,-0.00691
2015,22520,14,-0.001825
2015,22540,14,-0.000337
2015,22660,14,0.010272
2015,23420,14,0.001705
2015,23460,14,-0.007408
2015,23580,14,0.004273
2015,24020,14,-0.001156
2015,24140,14,-0.010152
2015,24220,14,0.006434
2015,24300,14,-0.004468
2015,24500,14,-0.011571
2015,24540,14,0.011942
2015,24580,14,0.005724
2015,24660,14,-0.003561
2015,25260,14,-0.00734
2015,25420,14,0.003793
2015,25500,14,0.000541
2015,25540,14,-0.002518
2015,25860,14,-0.009575
2015,25980,14,0.002569
2015,26300,14,-0.007916
2015,26380,14,-0.003032
2015,26620,14,0.00728
2015,26980,14,0.005842
2015,27060,14,0.0023
2015,27100,14,0.000597
2015,27260,14,0.00711
2015,27340,14,0.003987
2015,27500,14,0.00195
2015,27620,14,-0.007555
2015,27740,14,0.000418
2015,27780,14,-0.005986
2015,27860,14,-0.002666
2015,27900,14,-0.005432
2015,28100,14,-0.004755
2015,28420,14,0.003424
2015,28660,14,-0.0028
2015,28700,14,-0.01059
2015,28740,14,-0.000574
2015,29100,14,0.004651
2015,29340,14,0.000647
2015,29420,14,-0.005204
2015,29460,14,0.006999
2015,29540,14,0.003863
2015,29700,14,0.004482
2015,29740,14,-0.007076
2015,29820,14,0.008803
2015,29940,14,0.004983
2015,30140,14,0.004561
2015,30300,14,-0.008632
2015,30340,14,-0.001373
2015,30460,14,0.004104
2015,30620,14,-0.002075
2015,30700,14,0.003522
2015,30780,14,-0.002721
2015,30860,14,-0.00212
2015,31020,14,-0.00378
2015,31420,14,-0.010594
2015,31700,14,0.001793
2015,31900,14,-0.001415
2015,32580,14,0.003629
2015,32780,14,0.002578
2015,32900,14,-3.3e-05
2015,33140,14,0.000732
2015,33340,14,0.001438
2015,33540,14,-0.0011
2015,33700,14,0.001109
2015,33780,14,-0.000744
2015,33860,14,-0.004149
2015,34060,14,-0.004918
2015,34580,14,0.002382
2015,34620,14,-0.001068
2015,34740,14,0.000809
2015,34900,14,-0.001266
2015,34940,14,0.014765
2015,35300,14,-0.003202
2015,35660,14,-0.000559
2015,35980,14,-0.001447
2015,36100,14,-3.8e-05
2015,36220,14,0.016209
2015,36420,14,0.00355
2015,36500,14,0.003436
2015,36540,14,0.001954
2015,36740,14,0.012326
2015,36780,14,0.001294
2015,36980,14,-0.000262
2015,37100,14,-0.003319
2015,37340,14,0.000346
2015,37860,14,0.002182
2015,38060,14,0.005421
2015,38300,14,-0.000692
2015,38340,14,-0.005545
2015,38860,14,0.004209
2015,38900,14,0.00594
2015,38940,14,0.003384
2015,39300,14,0.000562
2015,39340,14,0.004912
2015,39380,14,-0.007852
2015,39460,14,0.006496
2015,39540,14,0.00179
2015,39580,14,0.013277
2015,39740,14,7e-06
2015,39820,14,-0.003596
2015,39900,14,0.005409
2015,40140,14,0.002206
2015,40220,14,-0.005951
2015,40420,14,-0.003502
2015,40580,14,-0.012116
2015,40660,14,-0.008643
2015,40900,14,0.001614
2015,40980,14,-0.005528
2015,41060,14,-0.002293
2015,41100,14,0.02004
2015,41140,14,-0.010405
2015,41420,14,0.002411
2015,41500,14,-0.002619
2015,41700,14,0.006257
2015,41740,14,0.001116
2015,41940,14,0.002445
2015,42020,14,0.000178
2015,42100,14,-0.002326
2015,42140,14,-0.006472
2015,42220,14,-0.0003
2015,42340,14,0.005687
2015,42540,14,-0.003262
2015,42680,14,0.007768
2015,43100,14,0.001697
2015,43300,14,-0.003897
2015,43620,14,0.01192
2015,43780,14,0.001431
2015,44100,14,-0.001618
2015,44180,14,-0.000762
2015,44220,14,-0.001918
2015,44300,14,0.005565
2015,44700,14,0.003051
2015,45060,14,-0.001635
2015,45220,14,-0.001875
2015,45820,14,-0.008125
2015,45940,14,0.00294
2015,46060,14,-0.001821
2015,46140,14,-0.001332
2015,46340,14,-0.002574
2015,46540,14,-0.004511
2015,46660,14,-0.005463
2015,46700,14,0.004059
2015,47220,14,0.001785
2015,47300,14,-9.6e-05
2015,47940,14,-0.005825
2015,48300,14,-0.000524
2015,48540,14,-0.013098
2015,48660,14,-0.008858
2015,48700,14,-0.003
2015,49020,14,-0.000768
2015,49420,14,-0.008171
2015,49620,14,0.003255
2015,49660,14,-0.0034
2015,49700,14,-0.000414
2015,49740,14,-0.00316
2015,10180,15,-0.004046
2015,10420,15,0.000748
2015,10580,15,0.000987
2015,10740,15,-0.006837
2015,10780,15,-0.007026
2015,10900,15,0.003554
2015,11020,15,-0.00365
2015,11260,15,-0.005795
2015,11460,15,0.004985
2015,11500,15,-0.007218
2015,11540,15,0.00571
2015,11700,15,-6e-06
2015,12020,15,0.000702
2015,12100,15,-0.000979
2015,12220,15,0.011354
2015,12420,15,0.020251
2015,12540,15,0.000601
2015,12580,15,-0.005216
2015,12620,15,-0.001667
2015,12700,15,-0.000228
2015,12980,15,-0.000399
2015,13020,15,-0.004418
2015,13380,15,0.000639
2015,13460,15,0.017492
2015,13780,15,-0.003769
2015,14260,15,0.01085
2015,14500,15,-0.001061
2015,14740,15,-0.00359
2015,14860,15,0.002742
2015,15180,15,-0.003723
2015,15260,15,0.000414
2015,15380,15,0.000342
2015,15500,15,-0.001963
2015,15540,15,0.002664
2015,15940,15,0.001781
2015,15980,15,0.010113
2015,16180,15,-0.00133
2015,16220,15,-0.00108
2015,16300,15,-0.002326
2015,16700,15,0.011527
2015,16860,15,-0.005311
2015,16940,15,-0.002469
2015,17020,15,-0.000622
2015,17420,15,0.003418
2015,17660,15,0.011429
2015,17780,15,0.008523
2015,17820,15,0.001622
2015,17900,15,0.001156
2015,18020,15,0.006082
2015,18700,15,-0.002663
2015,19140,15,-0.005277
2015,19340,15,-0.001449
2015,19460,15,-0.004844
2015,19500,15,-0.007769
2015,19740,15,0.006804
2015,20020,15,-0.000137
2015,20100,15,0.004355
2015,20220,15,-0.004282
2015,20740,15,0.002233
2015,20940,15,-0.001061
2015,21140,15,0.004599
2015,21300,15,-0.005241
2015,21500,15,-0.002772
2015,21660,15,-0.000138
2015,21820,15,-0.016544
2015,22020,15,0.016213
2015,22140,15,-0.021814
2015,22380,15,-0.002315
2015,22420,15,-0.002149
2015,22500,15,-0.006454
2015,22520,15,-0.001761
2015,22540,15,-0.000578
2015,22660,15,0.0104
2015,23420,15,0.001109
2015,23460,15,-0.007449
2015,23580,15,0.005652
2015,24020,15,-0.00202
2015,24140,15,-0.009394
2015,24220,15,0.0054
2015,24300,15,-0.004244
2015,24500,15,-0.011911
2015,24540,15,0.01236
2015,24580,15,0.005842
2015,24660,15,-0.002667
2015,25260,15,-0.007598
2015,25420,15,0.00441
2015,25500,15,-0.000131
2015,25540,15,-0.002102
2015,25860,15,-0.009166
2015,25980,15,0.003043
2015,26300,15,-0.007537
2015,26380,15,-0.00374
2015,26620,15,0.007107
2015,26980,15,0.006212
2015,27060,15,0.001992
2015,27100,15,0.000969
2015,27260,15,0.006911
2015,27340,15,0.00433
2015,27500,15,0.00177
2015,27620,15,-0.007244
2015,27740,15,-0.000249
2015,27780,15,-0.006171
2015,27860,15,-0.001747
2015,27900,15,-0.005149
2015,28100,15,-0.005093
2015,28420,15,0.004679
2015,28660,15,-0.002326
2015,28700,15,-0.010541
2015,28740,15,-0.001915
2015,29100,15,0.003847
2015,29340,15,6.6e-05
2015,29420,15,-0.006079
2015,29460,15,0.006864
2015,29540,15,0.004188
2015,29700,15,0.004691
2015,29740,15,-0.006962
2015,29820,15,0.008012
2015,29940,15,0.005022
2015,30140,15,0.004592
2015,30300,15,-0.008563
2015,30340,15,-0.001416
2015,30460,15,0.004025
2015,30620,15,-0.002436
2015,30700,15,0.004099
2015,30780,15,-0.002382
2015,30860,15,-0.00134
2015,31020,15,-0.003193
2015,31420,15,-0.009333
2015,31700,15,0.001996
2015,31900,15,-0.001101
2015,32580,15,0.003912
2015,32780,15,0.003212
2015,32900,15,-0.001536
2015,33140,15,0.000479
2015,33340,15,0.000995
2015,33540,15,-0.001576
2015,33700,15,-8.1e-05
2015,33780,15,-0.000148
2015,33860,15,-0.00377
2015,34060,15,-0.005191
2015,34580,15,0.003028
2015,34620,15,0.000153
2015,34740,15,0.001812
2015,34900,15,-0.001538
2015,34940,15,0.012942
2015,35300,15,-0.002966
2015,35660,15,-0.000899
2015,35980,15,-0.001289
2015,36100,15,-0.000198
2015,36220,15,0.015584
2015,36420,15,0.003791
2015,36500,15,0.003994
2015,36540,15,0.002163
2015,36740,15,0.012262
2015,36780,15,0.000983
2015,36980,15,-0.000133
2015,37100,15,-0.004102
2015,37340,15,-0.000476
2015,37860,15,0.002334
2015,38060,15,0.005137
2015,38300,15,-0.000487
2015,38340,15,-0.006498
2015,38860,15,0.004184
2015,38900,15,0.006442
2015,38940,15,0.002036
2015,39300,15,0.000338
2015,39340,15,0.005686
2015,39380,15,-0.007479
2015,39460,15,0.005971
2015,39540,15,0.001267
2015,39580,15,0.013636
2015,39740,15,0.000158
2015,39820,15,-0.003945
2015,39900,15,0.004891
2015,40140,15,0.000546
2015,40220,15,-0.005719
2015,40420,15,-0.003697
2015,40580,15,-0.011435
2015,40660,15,-0.008021
2015,40900,15,0.001386
2015,40980,15,-0.004554
2015,41060,15,-0.002234
2015,41100,15,0.019706
2015,41140,15,-0.009818
2015,41420,15,0.003415
2015,41500,15,-0.00326
2015,41700,15,0.006096
2015,41740,15,0.000718
2015,41940,15,0.002343
2015,42020,15,-0.000385
2015,42100,15,-0.001927
2015,42140,15,-0.005797
2015,42220,15,-0.000332
2015,42340,15,0.005841
2015,42540,15,-0.002919
2015,42680,15,0.006968
2015,43100,15,0.000882
2015,43300,15,-0.003599
2015,43620,15,0.011757
2015,43780,15,0.001391
2015,44100,15,-0.002316
2015,44180,15,-0.000269
2015,44220,15,-0.001209
2015,44300,15,0.006008
2015,44700,15,0.002361
2015,45060,15,-0.001288
2015,45220,15,-0.001887
2015,45820,15,-0.008324
2015,45940,15,0.002878
2015,46060,15,-0.001808
2015,46140,15,-0.000891
2015,46340,15,-0.002104
2015,46540,15,-0.004196
2015,46660,15,-0.005126
2015,46700,15,0.0032
2015,47220,15,0.00154
2015,47300,15,-0.000557
2015,47940,15,-0.00577
2015,48300,15,-7.8e-05
2015,48540,15,-0.012725
2015,48660,15,-0.008491
2015,48700,15,-0.003516
2015,49020,15,-0.001688
2015,49420,15,-0.006884
2015,49620,15,0.003411
2015,49660,15,-0.003313
2015,49700,15,-0.00118
2015,49740,15,-0.003399
2015,10180,16,-0.003842
2015,10420,16,0.00015
2015,10580,16,0.001336
2015,10740,16,-0.007017
2015,10780,16,-0.006702
2015,10900,16,0.003629
2015,11020,16,-0.004162
2015,11260,16,-0.006394
2015,11460,16,0.00468
2015,11500,16,-0.007078
2015,11540,16,0.00594
2015,11700,16,0.000472
2015,12020,16,0.000129
2015,12100,16,0.000211
2015,12220,16,0.010789
2015,12420,16,0.02149
2015,12540,16,0.001759
2015,12580,16,-0.003715
2015,12620,16,-0.001838
2015,12700,16,0.00067
2015,12980,16,-0.000803
2015,13020,16,-0.00464
2015,13380,16,0.000696
2015,13460,16,0.01772
2015,13780,16,-0.003729
2015,14260,16,0.010329
2015,14500,16,-0.001705
2015,14740,16,-0.003618
2015,14860,16,0.002184
2015,15180,16,-0.004461
2015,15260,16,0.000133
2015,15380,16,-0.000125
2015,15500,16,-0.003359
2015,15540,16,0.003373
2015,15940,16,0.00129
2015,15980,16,0.011303
2015,16180,16,-0.001613
2015,16220,16,0.00058
2015,16300,16,-0.002609
2015,16700,16,0.012177
2015,16860,16,-0.005761
2015,16940,16,-0.001673
2015,17020,16,-0.000458
2015,17420,16,0.003291
2015,17660,16,0.012573
2015,17780,16,0.009203
2015,17820,16,0.000791
2015,17900,16,0.00056
2015,18020,16,0.005925
2015,18700,16,-0.003882
2015,19140,16,-0.006197
2015,19340,16,-0.000852
2015,19460,16,-0.005091
2015,19500,16,-0.006622
2015,19740,16,0.006097
2015,20020,16,-0.000501
2015,20100,16,0.004724
2015,20220,16,-0.004265
2015,20740,16,0.003307
2015,20940,16,-0.000537
2015,21140,16,0.004236
2015,21300,16,-0.005916
2015,21500,16,-0.003639
2015,21660,16,-0.000993
2015,21820,16,-0.017781
2015,22020,16,0.018451
2015,22140,16,-0.020824
2015,22380,16,-0.002188
2015,22420,16,-0.002744
2015,22500,16,-0.007091
2015,22520,16,-0.001786
2015,22540,16,-0.000289
2015,22660,16,0.010083
2015,23420,16,0.001945
2015,23460,16,-0.007441
2015,23580,16,0.003676
2015,24020,16,-0.000631
2015,24140,16,-0.010218
2015,24220,16,0.007725
2015,24300,16,-0.004558
2015,24500,16,-0.011948
2015,24540,16,0.01137
2015,24580,16,0.005962
2015,24660,16,-0.004027
2015,25260,16,-0.006806
2015,25420,16,0.003605
2015,25500,16,0.000561
2015,25540,16,-0.002582
2015,25860,16,-0.009994
2015,25980,16,0.001874
2015,26300,16,-0.00808
2015,26380,16,-0.002968
2015,26620,16,0.007343
2015,26980,16,0.00583
2015,27060,16,0.002318
2015,27100,16,0.000325
2015,27260,16,0.007384
2015,27340,16,0.004797
2015,27500,16,0.001696
2015,27620,16,-0.007757
2015,27740,16,0.000842
2015,27780,16,-0.006112
2015,27860,16,-0.002795
2015,27900,16,-0.005591
2015,28100,16,-0.004652
2015,28420,16,0.003736
2015,28660,16,-0.002608
2015,28700,16,-0.010632
2015,28740,16,-0.000645
2015,29100,16,0.005128
2015,29340,16,0.001029
2015,29420,16,-0.004915
2015,29460,16,0.006715
2015,29540,16,0.003537
2015,29700,16,0.00487
2015,29740,16,-0.006966
2015,29820,16,0.008509
2015,29940,16,0.004816
2015,30140,16,0.004319
2015,30300,16,-0.008663
2015,30340,16,-0.00161
2015,30460,16,0.00394
2015,30620,16,-0.002236
2015,30700,16,0.003328
2015,30780,16,-0.002798
2015,30860,16,-0.002325
2015,31020,16,-0.004317
2015,31420,16,-0.010635
2015,31700,16,0.00165
2015,31900,16,-0.001684
2015,32580,16,0.00331
2015,32780,16,0.002656
2015,32900,16,-0.000103
2015,33140,16,0.000606
2015,33340,16,0.001683
2015,33540,16,-0.000641
2015,33700,16,0.000769
2015,33780,16,-0.000659
2015,33860,16,-0.003993
2015,34060,16,-0.005068
2015,34580,16,0.001921
2015,34620,16,-0.000409
2015,34740,16,0.000691
2015,34900,16,-0.001124
2015,34940,16,0.015631
2015,35300,16,-0.003186
2015,35660,16,-0.000451
2015,35980,16,-0.001492
2015,36100,16,-0.000169
2015,36220,16,0.016666
2015,36420,16,0.003841
2015,36500,16,0.003216
2015,36540,16,0.001781
2015,36740,16,0.01273
2015,36780,16,0.001373
2015,36980,16,9.3e-05
2015,37100,16,-0.003035
2015,37340,16,0.000542
2015,37860,16,0.002395
2015,38060,16,0.005291
2015,38300,16,-0.00074
2015,38340,16,-0.005893
2015,38860,16,0.004381
2015,38900,16,0.006072
2015,38940,16,0.003635
2015,39300,16,0.000623
2015,39340,16,0.004804
2015,39380,16,-0.008745
2015,39460,16,0.00639
2015,39540,16,0.001741
2015,39580,16,0.013427
2015,39740,16,-0.000322
2015,39820,16,-0.003766
2015,39900,16,0.005203
2015,40140,16,0.002517
2015,40220,16,-0.00591
2015,40420,16,-0.003662
2015,40580,16,-0.012467
2015,40660,16,-0.009147
2015,40900,16,0.001428
2015,40980,16,-0.005362
2015,41060,16,-0.002318
2015,41100,16,0.020671
2015,41140,16,-0.010658
2015,41420,16,0.001755
2015,41500,16,-0.002739
2015,41700,16,0.005879
2015,41740,16,0.001474
2015,41940,16,0.002825
2015,42020,16,0.000112
2015,42100,16,-0.002472
2015,42140,16,-0.00667
2015,42220,16,-0.000364
2015,42340,16,0.005458
2015,42540,16,-0.003576
2015,42680,16,0.007748
2015,43100,16,0.001256
2015,43300,16,-0.004583
2015,43620,16,0.01208
2015,43780,16,0.001472
2015,44100,16,-0.001734
2015,44180,16,-0.00099
2015,44220,16,-0.001794
2015,44300,16,0.005923
2015,44700,16,0.002953
2015,45060,16,-0.001746
2015,45220,16,-0.001548
2015,45820,16,-0.008499
2015,45940,16,0.003369
2015,46060,16,-0.001719
2015,46140,16,-0.001374
2015,46340,16,-0.002866
2015,46540,16,-0.004487
2015,46660,16,-0.005649
2015,46700,16,0.003949
2015,47220,16,0.001817
2015,47300,16,-0.000194
2015,47940,16,-0.005781
2015,48300,16,-0.000732
2015,48540,16,-0.012942
2015,48660,16,-0.00898
2015,48700,16,-0.003349
2015,49020,16,-0.000395
2015,49420,16,-0.008769
2015,49620,16,0.002985
2015,49660,16,-0.00349
2015,49700,16,-0.000453
2015,49740,16,-0.003145
2015,10180,17,-0.003463
2015,10420,17,-0.000295
2015,10580,17,0.001452
2015,10740,17,-0.008751
2015,10780,17,-0.007114
2015,10900,17,0.0044
2015,11020,17,-0.005227
2015,11260,17,-0.009337
2015,11460,17,0.005984
2015,11500,17,-0.007307
2015,11540,17,0.006017
2015,11700,17,0.001048
2015,12020,17,-0.000432
2015,12100,17,0.001545
2015,12220,17,0.011607
2015,12420,17,0.025302
2015,12540,17,0.003953
2015,12580,17,-0.002633
2015,12620,17,-0.002059
2015,12700,17,0.001799
2015,12980,17,-0.001216
2015,13020,17,-0.005007
2015,13380,17,-0.00105
2015,13460,17,0.020131
2015,13780,17,-0.003816
2015,14260,17,0.011496
2015,14500,17,-0.002397
2015,14740,17,-0.005372
2015,14860,17,0.001799
2015,15180,17,-0.006334
2015,15260,17,-4.1e-05
2015,15380,17,-0.000415
2015,15500,17,-0.006443
2015,15540,17,0.004049
2015,15940,17,0.001104
2015,15980,17,0.014932
2015,16180,17,0.000488
2015,16220,17,0.001834
2015,16300,17,-0.00332
2015,16700,17,0.013919
2015,16860,17,-0.007316
2015,16940,17,-0.002189
2015,17020,17,-0.000888
2015,17420,17,0.0035
2015,17660,17,0.014437
2015,17780,17,0.010503
2015,17820,17,-0.001113
2015,17900,17,-0.001126
2015,18020,17,0.005788
2015,18700,17,-0.007593
2015,19140,17,-0.007046
2015,19340,17,-0.000742
2015,19460,17,-0.005646
2015,19500,17,-0.00644
2015,19740,17,0.005998
2015,20020,17,-0.001022
2015,20100,17,0.004694
2015,20220,17,-0.004761
2015,20740,17,0.004382
2015,20940,17,0.00093
2015,21140,17,0.00425
2015,21300,17,-0.007102
2015,21500,17,-0.005363
2015,21660,17,-0.003212
2015,21820,17,-0.022681
2015,22020,17,0.022439
2015,22140,17,-0.022483
2015,22380,17,-0.001341
2015,22420,17,-0.001828
2015,22500,17,-0.009362
2015,22520,17,-0.001723
2015,22540,17,-0.000964
2015,22660,17,0.009829
2015,23420,17,0.003506
2015,23460,17,-0.008191
2015,23580,17,0.003578
2015,24020,17,0.000576
2015,24140,17,-0.013458
2015,24220,17,0.011289
2015,24300,17,-0.005935
2015,24500,17,-0.013884
2015,24540,17,0.011439
2015,24580,17,0.005989
2015,24660,17,-0.006754
2015,25260,17,-0.006521
2015,25420,17,0.002737
2015,25500,17,0.000609
2015,25540,17,-0.003526
2015,25860,17,-0.012443
2015,25980,17,-0.000259
2015,26300,17,-0.009601
2015,26380,17,-0.00262
2015,26620,17,0.00778
2015,26980,17,0.005599
2015,27060,17,0.003967
2015,27100,17,0.000898
2015,27260,17,0.009155
2015,27340,17,0.003091
2015,27500,17,0.001856
2015,27620,17,-0.009037
2015,27740,17,0.002036
2015,27780,17,-0.00672
2015,27860,17,-0.00482
2015,27900,17,-0.006647
2015,28100,17,-0.005071
2015,28420,17,4.1e-05
2015,28660,17,-0.003584
2015,28700,17,-0.012703
2015,28740,17,0.000927
2015,29100,17,0.006471
2015,29340,17,0.002166
2015,29420,17,-0.003064
2015,29460,17,0.008804
2015,29540,17,0.003304
2015,29700,17,0.005877
2015,29740,17,-0.009334
2015,29820,17,0.013165
2015,29940,17,0.004532
2015,30140,17,0.004306
2015,30300,17,-0.009568
2015,30340,17,-0.001972
2015,30460,17,0.004105
2015,30620,17,-0.002591
2015,30700,17,0.002771
2015,30780,17,-0.004077
2015,30860,17,-0.004899
2015,31020,17,-0.006628
2015,31420,17,-0.013556
2015,31700,17,0.00192
2015,31900,17,-0.002169
2015,32580,17,0.003036
2015,32780,17,0.002333
2015,32900,17,0.004088
2015,33140,17,0.000836
2015,33340,17,0.002646
2015,33540,17,-0.000877
2015,33700,17,0.004586
2015,33780,17,-0.000297
2015,33860,17,-0.004687
2015,34060,17,-0.005837
2015,34580,17,-0.000528
2015,34620,17,-0.001709
2015,34740,17,0.000553
2015,34900,17,0.000504
2015,34940,17,0.021381
2015,35300,17,-0.003893
2015,35660,17,0.000288
2015,35980,17,-0.001994
2015,36100,17,0.001145
2015,36220,17,0.019477
2015,36420,17,0.004038
2015,36500,17,0.001195
2015,36540,17,0.001538
2015,36740,17,0.015912
2015,36780,17,0.001449
2015,36980,17,-7e-06
2015,37100,17,-0.001907
2015,37340,17,0.003105
2015,37860,17,0.002588
2015,38060,17,0.007478
2015,38300,17,-0.000922
2015,38340,17,-0.006007
2015,38860,17,0.004874
2015,38900,17,0.005621
2015,38940,17,0.007826
2015,39300,17,0.001554
2015,39340,17,0.004336
2015,39380,17,-0.011374
2015,39460,17,0.008242
2015,39540,17,0.002528
2015,39580,17,0.013305
2015,39740,17,-0.000513
2015,39820,17,-0.003732
2015,39900,17,0.008928
2015,40140,17,0.006411
2015,40220,17,-0.007227
2015,40420,17,-0.004212
2015,40580,17,-0.01549
2015,40660,17,-0.011169
2015,40900,17,0.002327
2015,40980,17,-0.006667
2015,41060,17,-0.002032
2015,41100,17,0.022796
2015,41140,17,-0.012283
2015,41420,17,-0.000507
2015,41500,17,-0.000631
2015,41700,17,0.006671
2015,41740,17,0.002155
2015,41940,17,0.00354
2015,42020,17,0.000759
2015,42100,17,-0.003021
2015,42140,17,-0.008942
2015,42220,17,0.000567
2015,42340,17,0.005522
2015,42540,17,-0.004719
2015,42680,17,0.010866
2015,43100,17,0.001314
2015,43300,17,-0.005269
2015,43620,17,0.013108
2015,43780,17,0.001471
2015,44100,17,-0.001846
2015,44180,17,-0.001714
2015,44220,17,-0.002772
2015,44300,17,0.005802
2015,44700,17,0.005681
2015,45060,17,-0.002395
2015,45220,17,-0.001728
2015,45820,17,-0.009286
2015,45940,17,0.004219
2015,46060,17,-0.001492
2015,46140,17,-0.002301
2015,46340,17,-0.003583
2015,46540,17,-0.005167
2015,46660,17,-0.008009
2015,46700,17,0.007751
2015,47220,17,0.001979
2015,47300,17,0.000977
2015,47940,17,-0.006255
2015,48300,17,-0.002757
2015,48540,17,-0.013954
2015,48660,17,-0.010252
2015,48700,17,-0.003229
2015,49020,17,0.001392
2015,49420,17,-0.013654
2015,49620,17,0.003119
2015,49660,17,-0.003997
2015,49700,17,0.002246
2015,49740,17,-0.003506
2015,10180,18,-0.003557
2015,10420,18,0.000972
2015,10580,18,0.000599
2015,10740,18,-0.007052
2015,10780,18,-0.007406
2015,10900,18,0.003889
2015,11020,18,-0.004041
2015,11260,18,-0.005974
2015,11460,18,0.004748
2015,11500,18,-0.00686
2015,11540,18,0.005407
2015,11700,18,0.00081
2015,12020,18,-0.000424
2015,12100,18,-0.001467
2015,12220,18,0.011395
2015,12420,18,0.020608
2015,12540,18,0.000539
2015,12580,18,-0.005686
2015,12620,18,-0.001218
2015,12700,18,-0.000498
2015,12980,18,2.6e-05
2015,13020,18,-0.004344
2015,13380,18,0.000454
2015,13460,18,0.016903
2015,13780,18,-0.002773
2015,14260,18,0.010249
2015,14500,18,-0.00115
2015,14740,18,-0.003577
2015,14860,18,0.001814
2015,15180,18,-0.004223
2015,15260,18,-7e-05
2015,15380,18,0.000461
2015,15500,18,-0.001835
2015,15540,18,0.002592
2015,15940,18,0.001568
2015,15980,18,0.009936
2015,16180,18,-0.001129
2015,16220,18,-0.001857
2015,16300,18,-0.001771
2015,16700,18,0.01152
2015,16860,18,-0.005463
2015,16940,18,-0.003284
2015,17020,18,-0.000404
2015,17420,18,0.003841
2015,17660,18,0.01168
2015,17780,18,0.009047
2015,17820,18,0.001331
2015,17900,18,0.001136
2015,18020,18,0.005777
2015,18700,18,-0.005005
2015,19140,18,-0.003745
2015,19340,18,-0.001437
2015,19460,18,-0.004497
2015,19500,18,-0.006723
2015,19740,18,0.007348
2015,20020,18,-0.000792
2015,20100,18,0.004244
2015,20220,18,-0.004059
2015,20740,18,0.00178
2015,20940,18,-0.001404
2015,21140,18,0.005164
2015,21300,18,-0.006965
2015,21500,18,-0.003354
2015,21660,18,-0.000483
2015,21820,18,-0.018713
2015,22020,18,0.015807
2015,22140,18,-0.022893
2015,22380,18,-0.002689
2015,22420,18,-0.002645
2015,22500,18,-0.006437
2015,22520,18,-0.001768
2015,22540,18,-0.000562
2015,22660,18,0.011143
2015,23420,18,0.001057
2015,23460,18,-0.007641
2015,23580,18,0.005725
2015,24020,18,-0.002217
2015,24140,18,-0.010196
2015,24220,18,0.00426
2015,24300,18,-0.004455
2015,24500,18,-0.011078
2015,24540,18,0.013468
2015,24580,18,0.005504
2015,24660,18,-0.002547
2015,25260,18,-0.008274
2015,25420,18,0.004353
2015,25500,18,0.00052
2015,25540,18,-0.002324
2015,25860,18,-0.008785
2015,25980,18,0.003998
2015,26300,18,-0.007817
2015,26380,18,-0.003242
2015,26620,18,0.007227
2015,26980,18,0.005946
2015,27060,18,0.002337
2015,27100,18,0.000959
2015,27260,18,0.006674
2015,27340,18,0.002294
2015,27500,18,0.00228
2015,27620,18,-0.007227
2015,27740,18,-0.000424
2015,27780,18,-0.00591
2015,27860,18,-0.002462
2015,27900,18,-0.005115
2015,28100,18,-0.00515
2015,28420,18,0.003694
2015,28660,18,-0.003144
2015,28700,18,-0.010502
2015,28740,18,-0.000745
2015,29100,18,0.003897
2015,29340,18,5e-05
2015,29420,18,-0.006231
2015,29460,18,0.007336
2015,29540,18,0.004571
2015,29700,18,0.004026
2015,29740,18,-0.007179
2015,29820,18,0.008473
2015,29940,18,0.005344
2015,30140,18,0.005086
2015,30300,18,-0.008333
2015,30340,18,-0.001132
2015,30460,18,0.004454
2015,30620,18,-0.001957
2015,30700,18,0.004086
2015,30780,18,-0.002637
2015,30860,18,-0.001443
2015,31020,18,-0.002538
2015,31420,18,-0.010237
2015,31700,18,0.002136
2015,31900,18,-0.000894
2015,32580,18,0.004294
2015,32780,18,0.002638
2015,32900,18,-0.000773
2015,33140,18,0.000941
2015,33340,18,0.001014
2015,33540,18,-0.001693
2015,33700,18,0.001014
2015,33780,18,-0.000747
2015,33860,18,-0.004265
2015,34060,18,-0.004552
2015,34580,18,0.003599
2015,34620,18,-0.001695
2015,34740,18,0.001133
2015,34900,18,-0.001764
2015,34940,18,0.012867
2015,35300,18,-0.003305
2015,35660,18,-0.000668
2015,35980,18,-0.001402
2015,36100,18,-5.5e-05
2015,36220,18,0.015288
2015,36420,18,0.003191
2015,36500,18,0.00424
2015,36540,18,0.002325
2015,36740,18,0.011456
2015,36780,18,0.001108
2015,36980,18,-0.000774
2015,37100,18,-0.00394
2015,37340,18,-0.000392
2015,37860,18,0.001937
2015,38060,18,0.004759
2015,38300,18,-0.000463
2015,38340,18,-0.005345
2015,38860,18,0.004038
2015,38900,18,0.006062
2015,38940,18,0.002365
2015,39300,18,0.000416
2015,39340,18,0.005104
2015,39380,18,-0.006145
2015,39460,18,0.00629
2015,39540,18,0.001788
2015,39580,18,0.013501
2015,39740,18,0.000538
2015,39820,18,-0.003651
2015,39900,18,0.005267
2015,40140,18,0.001078
2015,40220,18,-0.005842
2015,40420,18,-0.00341
2015,40580,18,-0.011461
2015,40660,18,-0.0077
2015,40900,18,0.001612
2015,40980,18,-0.005768
2015,41060,18,-0.002269
2015,41100,18,0.018884
2015,41140,18,-0.010213
2015,41420,18,0.003999
2015,41500,18,-0.002809
2015,41700,18,0.00698
2015,41740,18,0.000485
2015,41940,18,0.001716
2015,42020,18,0.000147
2015,42100,18,-0.002009
2015,42140,18,-0.005877
2015,42220,18,-0.000254
2015,42340,18,0.006223
2015,42540,18,-0.002744
2015,42680,18,0.007777
2015,43100,18,0.002216
2015,43300,18,-0.002767
2015,43620,18,0.011717
2015,43780,18,0.001501
2015,44100,18,-0.001608
2015,44180,18,-0.000407
2015,44220,18,-0.001808
2015,44300,18,0.005204
2015,44700,18,0.002669
2015,45060,18,-0.001326
2015,45220,18,-0.0024
2015,45820,18,-0.007644
2015,45940,18,0.002174
2015,46060,18,-0.002094
2015,46140,18,-0.001231
2015,46340,18,-0.001939
2015,46540,18,-0.00449
2015,46660,18,-0.005247
2015,46700,18,0.003778
2015,47220,18,0.001553
2015,47300,18,-0.0002
2015,47940,18,-0.005891
2015,48300,18,0.000202
2015,48540,18,-0.013048
2015,48660,18,-0.008681
2015,48700,18,-0.00264
2015,49020,18,-0.001747
2015,49420,18,-0.006723
2015,49620,18,0.003734
2015,49660,18,-0.003222
2015,49700,18,-0.000563
2015,49740,18,-0.003379
2015,10180,19,-0.003809
2015,10420,19,0.000324
2015,10580,19,0.001278
2015,10740,19,-0.006802
2015,10780,19,-0.006677
2015,10900,19,0.00349
2015,11020,19,-0.003825
2015,11260,19,-0.005991
2015,11460,19,0.004724
2015,11500,19,-0.006989
2015,11540,19,0.005772
2015,11700,19,0.000271
2015,12020,19,0.000186
2015,12100,19,-0.000154
2015,12220,19,0.010742
2015,12420,19,0.020459
2015,12540,19,0.001389
2015,12580,19,-0.004044
2015,12620,19,-0.00178
2015,12700,19,0.000345
2015,12980,19,-0.000646
2015,13020,19,-0.004509
2015,13380,19,0.000681
2015,13460,19,0.017182
2015,13780,19,-0.003697
2015,14260,19,0.010278
2015,14500,19,-0.001449
2015,14740,19,-0.003582
2015,14860,19,0.002346
2015,15180,19,-0.004068
2015,15260,19,0.00011
2015,15380,19,1.1e-05
2015,15500,19,-0.00286
2015,15540,19,0.003086
2015,15940,19,0.001389
2015,15980,19,0.010909
2015,16180,19,-0.001561
2015,16220,19,7.1e-05
2015,16300,19,-0.00249
2015,16700,19,0.011634
2015,16860,19,-0.005453
2015,16940,19,-0.00192
2015,17020,19,-0.000514
2015,17420,19,0.003298
2015,17660,19,0.011791
2015,17780,19,0.008719
2015,17820,19,0.001059
2015,17900,19,0.000692
2015,18020,19,0.00593
2015,18700,19,-0.003345
2015,19140,19,-0.005883
2015,19340,19,-0.000963
2015,19460,19,-0.004889
2015,19500,19,-0.006886
2015,19740,19,0.006186
2015,20020,19,-0.000335
2015,20100,19,0.004489
2015,20220,19,-0.004114
2015,20740,19,0.002875
2015,20940,19,-0.000636
2015,21140,19,0.00428
2015,21300,19,-0.005496
2015,21500,19,-0.003252
2015,21660,19,-0.000743
2015,21820,19,-0.016888
2015,22020,19,0.01709
2015,22140,19,-0.020736
2015,22380,19,-0.002145
2015,22420,19,-0.002604
2015,22500,19,-0.00671
2015,22520,19,-0.001726
2015,22540,19,-0.000281
2015,22660,19,0.009929
2015,23420,19,0.001641
2015,23460,19,-0.007205
2015,23580,19,0.004153
2015,24020,19,-0.00108
2015,24140,19,-0.009633
2015,24220,19,0.006661
2015,24300,19,-0.004364
2015,24500,19,-0.011587
2015,24540,19,0.011367
2015,24580,19,0.005803
2015,24660,19,-0.003503
2015,25260,19,-0.007009
2015,25420,19,0.003807
2015,25500,19,0.000324
2015,25540,19,-0.002368
2015,25860,19,-0.009555
2015,25980,19,0.002334
2015,26300,19,-0.007614
2015,26380,19,-0.003137
2015,26620,19,0.007089
2015,26980,19,0.005867
2015,27060,19,0.002186
2015,27100,19,0.000454
2015,27260,19,0.007018
2015,27340,19,0.004615
2015,27500,19,0.001711
2015,27620,19,-0.00735
2015,27740,19,0.000393
2015,27780,19,-0.00604
2015,27860,19,-0.002334
2015,27900,19,-0.005231
2015,28100,19,-0.004695
2015,28420,19,0.003916
2015,28660,19,-0.002482
2015,28700,19,-0.01031
2015,28740,19,-0.001089
2015,29100,19,0.004609
2015,29340,19,0.000586
2015,29420,19,-0.005159
2015,29460,19,0.006577
2015,29540,19,0.003696
2015,29700,19,0.004599
2015,29740,19,-0.006838
2015,29820,19,0.008157
2015,29940,19,0.004802
2015,30140,19,0.004269
2015,30300,19,-0.008371
2015,30340,19,-0.001499
2015,30460,19,0.003904
2015,30620,19,-0.002222
2015,30700,19,0.003548
2015,30780,19,-0.002569
2015,30860,19,-0.001925
2015,31020,19,-0.003989
2015,31420,19,-0.010028
2015,31700,19,0.001718
2015,31900,19,-0.001529
2015,32580,19,0.00342
2015,32780,19,0.002722
2015,32900,19,-0.00048
2015,33140,19,0.000566
2015,33340,19,0.001446
2015,33540,19,-0.000917
2015,33700,19,0.000461
2015,33780,19,-0.000534
2015,33860,19,-0.003865
2015,34060,19,-0.004824
2015,34580,19,0.002203
2015,34620,19,-0.00019
2015,34740,19,0.001038
2015,34900,19,-0.001196
2015,34940,19,0.014432
2015,35300,19,-0.003006
2015,35660,19,-0.00059
2015,35980,19,-0.001414
2015,36100,19,-0.00021
2015,36220,19,0.01605
2015,36420,19,0.003726
2015,36500,19,0.003327
2015,36540,19,0.001823
2015,36740,19,0.012281
2015,36780,19,0.00123
2015,36980,19,-3.1e-05
2015,37100,19,-0.003252
2015,37340,19,0.000219
2015,37860,19,0.002314
2015,38060,19,0.00532
2015,38300,19,-0.000686
2015,38340,19,-0.006008
2015,38860,19,0.004209
2015,38900,19,0.005984
2015,38940,19,0.003123
2015,39300,19,0.000526
2015,39340,19,0.005028
2015,39380,19,-0.008171
2015,39460,19,0.006263
2015,39540,19,0.00152
2015,39580,19,0.013067
2015,39740,19,-0.000163
2015,39820,19,-0.003765
2015,39900,19,0.004902
2015,40140,19,0.001874
2015,40220,19,-0.005712
2015,40420,19,-0.003666
2015,40580,19,-0.011932
2015,40660,19,-0.008622
2015,40900,19,0.001424
2015,40980,19,-0.004989
2015,41060,19,-0.002237
2015,41100,19,0.019807
2015,41140,19,-0.01007
2015,41420,19,0.002168
2015,41500,19,-0.002872
2015,41700,19,0.005876
2015,41740,19,0.001319
2015,41940,19,0.002685
2015,42020,19,-2.9e-05
2015,42100,19,-0.002174
2015,42140,19,-0.006136
2015,42220,19,-0.000329
2015,42340,19,0.005471
2015,42540,19,-0.003282
2015,42680,19,0.007272
2015,43100,19,0.001125
2015,43300,19,-0.004087
2015,43620,19,0.011634
2015,43780,19,0.001421
2015,44100,19,-0.001824
2015,44180,19,-0.000717
2015,44220,19,-0.001548
2015,44300,19,0.005851
2015,44700,19,0.002777
2015,45060,19,-0.001559
2015,45220,19,-0.001653
2015,45820,19,-0.008259
2015,45940,19,0.003153
2015,46060,19,-0.00173
2015,46140,19,-0.00121
2015,46340,19,-0.002475
2015,46540,19,-0.004242
2015,46660,19,-0.005344
2015,46700,19,0.003601
2015,47220,19,0.001718
2015,47300,19,-0.000352
2015,47940,19,-0.005577
2015,48300,19,-0.000578
2015,48540,19,-0.012581
2015,48660,19,-0.008583
2015,48700,19,-0.003281
2015,49020,19,-0.000744
2015,49420,19,-0.007962
2015,49620,19,0.003022
2015,49660,19,-0.003405
2015,49700,19,-0.000773
2015,49740,19,-0.003149
2016,10180,0,-0.004986
2016,10420,0,0.00108
2016,10580,0,0.001356
2016,10740,0,-0.005485
2016,10780,0,-0.009484
2016,10900,0,0.003936
2016,11020,0,-0.003136
2016,11260,0,-0.005193
2016,11460,0,0.003083
2016,11500,0,-0.006063
2016,11540,0,0.006387
2016,11700,0,0.000526
2016,12020,0,0.008989
2016,12100,0,-0.001423
2016,12220,0,0.011672
2016,12420,0,0.01659
2016,12540,0,-0.003167
2016,12580,0,-0.007332
2016,12620,0,-0.00466
2016,12700,0,-0.001105
2016,12980,0,-0.001215
2016,13020,0,-0.00303
2016,13380,0,0.006128
2016,13460,0,0.013113
2016,13780,0,-0.004383
2016,14260,0,0.00684
2016,14500,0,0.004429
2016,14740,0,0.007781
2016,14860,0,0.002281
2016,15180,0,-0.002923
2016,15260,0,0.002319
2016,15380,0,-0.000172
2016,15500,0,0.003283
2016,15540,0,0.001185
2016,15940,0,5.8e-05
2016,15980,0,0.013266
2016,16020,0,-0.007153
2016,16180,0,-0.007427
2016,16220,0,-0.006537
2016,16300,0,-7.3e-05
2016,16700,0,0.011976
2016,16860,0,-0.002225
2016,16940,0,-0.003664
2016,17020,0,-0.002677
2016,17420,0,0.003379
2016,17660,0,0.008113
2016,17780,0,0.012949
2016,17820,0,0.006311
2016,17900,0,0.004002
2016,18020,0,0.008387
2016,18700,0,0.004091
2016,19140,0,-0.003979
2016,19340,0,-0.001599
2016,19460,0,-0.005196
2016,19500,0,-0.007334
2016,19740,0,0.00863
2016,20020,0,-0.001796
2016,20100,0,0.001456
2016,20220,0,-0.003589
2016,20740,0,0.002277
2016,20940,0,-0.00643
2016,21140,0,0.006474
2016,21300,0,-0.004479
2016,21500,0,-0.000972
2016,21660,0,0.003487
2016,21820,0,-0.006228
2016,22020,0,0.016965
2016,22140,0,-0.036497
2016,22380,0,-0.001244
2016,22420,0,-0.002139
2016,22500,0,-0.00862
2016,22520,0,-0.007073
2016,22540,0,0.000778
2016,22660,0,0.014048
2016,23420,0,-0.001196
2016,23460,0,-0.007311
2016,23580,0,0.00598
2016,24020,0,-0.001957
2016,24140,0,-0.009422
2016,24220,0,-0.000397
2016,24300,0,-0.004054
2016,24500,0,-0.008097
2016,24540,0,0.018747
2016,24580,0,0.006096
2016,24660,0,-0.000978
2016,25260,0,-0.002558
2016,25420,0,0.006024
2016,25500,0,-0.004723
2016,25540,0,-0.001243
2016,25860,0,-0.006178
2016,25980,0,-0.023564
2016,26300,0,-0.009111
2016,26380,0,-0.005577
2016,26620,0,0.006848
2016,26980,0,0.00455
2016,27060,0,-0.000153
2016,27100,0,0.000748
2016,27260,0,0.007322
2016,27340,0,-0.001631
2016,27500,0,0.00123
2016,27620,0,-0.005599
2016,27740,0,-0.000966
2016,27780,0,-0.005866
2016,27860,0,0.003127
2016,27900,0,-0.00331
2016,28100,0,-0.003381
2016,28420,0,0.007516
2016,28660,0,0.003341
2016,28700,0,-0.010591
2016,28740,0,-0.001624
2016,29100,0,0.000867
2016,29340,0,0.000548
2016,29420,0,-0.006421
2016,29460,0,0.008211
2016,29540,0,0.004778
2016,29700,0,0.00256
2016,29740,0,-0.005891
2016,29820,0,0.006425
2016,29940,0,0.003605
2016,30140,0,0.005718
2016,30300,0,-0.010094
2016,30340,0,-0.002167
2016,30460,0,0.005394
2016,30620,0,-0.003871
2016,30700,0,0.004617
2016,30780,0,-0.004416
2016,30860,0,0.007152
2016,31020,0,0.002857
2016,31420,0,-0.008186
2016,31700,0,0.00318
2016,31860,0,-0.003234
2016,31900,0,0.000384
2016,32580,0,0.002946
2016,32780,0,0.002419
2016,32900,0,-0.004437
2016,33140,0,-0.004286
2016,33340,0,0.001007
2016,33540,0,0.000946
2016,33700,0,-0.002134
2016,33780,0,-2.6e-05
2016,33860,0,-0.001003
2016,34060,0,-0.005164
2016,34580,0,0.003864
2016,34620,0,-0.001243
2016,34740,0,0.003614
2016,34900,0,-0.00545
2016,34940,0,0.012666
2016,35300,0,-0.001642
2016,35660,0,-0.002961
2016,35980,0,-0.000599
2016,36100,0,0.001497
2016,36220,0,0.009527
2016,36420,0,0.005295
2016,36500,0,0.005036
2016,36540,0,0.003668
2016,36740,0,0.01127
2016,36780,0,0.001241
2016,36980,0,0.002362
2016,37100,0,-0.005209
2016,37340,0,0.004215
2016,37860,0,0.001864
2016,38060,0,0.002397
2016,38300,0,-0.000372
2016,38340,0,-0.005466
2016,38860,0,0.003913
2016,38900,0,0.007
2016,38940,0,0.005724
2016,39300,0,0.000899
2016,39340,0,0.010437
2016,39380,0,0.000347
2016,39460,0,0.010519
2016,39540,0,0.001011
2016,39580,0,0.0143
2016,39740,0,0.002284
2016,39820,0,-0.008918
2016,39900,0,0.002875
2016,40140,0,-0.002415
2016,40220,0,-0.006475
2016,40420,0,-0.001263
2016,40580,0,-0.012057
2016,40660,0,-0.004306
2016,40900,0,0.000359
2016,40980,0,-0.004873
2016,41060,0,0.000777
2016,41100,0,0.012212
2016,41140,0,-0.009206
2016,41420,0,0.005332
2016,41500,0,-0.003733
2016,41700,0,0.007527
2016,41740,0,-0.001398
2016,41940,0,0.001788
2016,42020,0,-0.002634
2016,42100,0,-0.0009
2016,42140,0,-0.005048
2016,42220,0,-0.004404
2016,42340,0,0.006345
2016,42540,0,-0.001665
2016,42680,0,0.008004
2016,43100,0,0.001794
2016,43300,0,0.001126
2016,43620,0,0.008481
2016,43780,0,0.002056
2016,44100,0,-0.00241
2016,44180,0,0.002187
2016,44220,0,-0.001497
2016,44300,0,0.006073
2016,44700,0,0.000977
2016,45060,0,-0.000512
2016,45220,0,-0.002412
2016,45820,0,-0.006657
2016,45940,0,0.001044
2016,46060,0,-0.003577
2016,46140,0,0.002858
2016,46340,0,0.000132
2016,46540,0,-0.003555
2016,46660,0,-0.009201
2016,46700,0,-0.000322
2016,47220,0,-0.003321
2016,47300,0,-0.003757
2016,47940,0,-0.005258
2016,48300,0,0.004422
2016,48540,0,-0.014042
2016,48660,0,-0.013974
2016,48700,0,-0.00485
2016,49020,0,-0.006683
2016,49420,0,-0.002985
2016,49620,0,0.004415
2016,49660,0,-0.003637
2016,49700,0,-0.002577
2016,49740,0,-0.00527
2016,10180,1,-0.004902
2016,10420,1,-0.000228
2016,10580,1,0.002302
2016,10740,1,-0.006215
2016,10780,1,-0.008659
2016,10900,1,0.003658
2016,11020,1,-0.003582
2016,11260,1,-0.00441
2016,11460,1,0.002326
2016,11500,1,-0.0057
2016,11540,1,0.006919
2016,11700,1,0.001684
2016,12020,1,0.00576
2016,12100,1,0.000599
2016,12220,1,0.011334
2016,12420,1,0.018498
2016,12540,1,-0.001302
2016,12580,1,-0.004843
2016,12620,1,-0.004631
2016,12700,1,0.000317
2016,12980,1,-0.00227
2016,13020,1,-0.003511
2016,13380,1,0.006968
2016,13460,1,0.01595
2016,13780,1,-0.004695
2016,14260,1,0.008013
2016,14500,1,0.002041
2016,14740,1,0.006686
2016,14860,1,0.001242
2016,15180,1,-0.003668
2016,15260,1,0.001658
2016,15380,1,-0.000741
2016,15500,1,0.000764
2016,15540,1,0.00269
2016,15940,1,-0.000759
2016,15980,1,0.014036
2016,16020,1,-0.007477
2016,16180,1,-0.008046
2016,16220,1,-0.004205
2016,16300,1,-0.001366
2016,16700,1,0.013805
2016,16860,1,-0.002225
2016,16940,1,-0.003049
2016,17020,1,-0.001896
2016,17420,1,0.002935
2016,17660,1,0.009541
2016,17780,1,0.01284
2016,17820,1,0.004018
2016,17900,1,0.002937
2016,18020,1,0.008581
2016,18700,1,0.004843
2016,19140,1,-0.006441
2016,19340,1,-0.000367
2016,19460,1,-0.005917
2016,19500,1,-0.005755
2016,19740,1,0.006536
2016,20020,1,-0.001924
2016,20100,1,0.003029
2016,20220,1,-0.003661
2016,20740,1,0.003397
2016,20940,1,-0.00535
2016,21140,1,0.005365
2016,21300,1,-0.004765
2016,21500,1,-0.001964
2016,21660,1,0.003302
2016,21820,1,-0.00666
2016,22020,1,0.022287
2016,22140,1,-0.03095
2016,22380,1,0.000125
2016,22420,1,-0.003031
2016,22500,1,-0.009329
2016,22520,1,-0.006653
2016,22540,1,0.001678
2016,22660,1,0.012455
2016,23420,1,-0.000815
2016,23460,1,-0.006708
2016,23580,1,0.002681
2016,24020,1,0.000803
2016,24140,1,-0.010008
2016,24220,1,0.004687
2016,24300,1,-0.003425
2016,24500,1,-0.00647
2016,24540,1,0.016915
2016,24580,1,0.006188
2016,24660,1,-0.002879
2016,25260,1,-0.001592
2016,25420,1,0.004504
2016,25500,1,-0.003342
2016,25540,1,-0.002005
2016,25860,1,-0.007808
2016,25980,1,-0.020689
2016,26300,1,-0.008963
2016,26380,1,-0.004414
2016,26620,1,0.007611
2016,26980,1,0.004403
2016,27060,1,0.000513
2016,27100,1,-0.000739
2016,27260,1,0.007874
2016,27340,1,-5e-06
2016,27500,1,0.001135
2016,27620,1,-0.006499
2016,27740,1,0.000295
2016,27780,1,-0.005884
2016,27860,1,0.002096
2016,27900,1,-0.004496
2016,28100,1,-0.002352
2016,28420,1,0.005483
2016,28660,1,0.002657
2016,28700,1,-0.010125
2016,28740,1,-0.000724
2016,29100,1,0.00232
2016,29340,1,0.002692
2016,29420,1,-0.004181
2016,29460,1,0.007737
2016,29540,1,0.003637
2016,29700,1,0.003341
2016,29740,1,-0.006346
2016,29820,1,0.005634
2016,29940,1,0.001442
2016,30140,1,0.004763
2016,30300,1,-0.010181
2016,30340,1,-0.002383
2016,30460,1,0.004473
2016,30620,1,-0.003209
2016,30700,1,0.004151
2016,30780,1,-0.004884
2016,30860,1,0.005057
2016,31020,1,0.001013
2016,31420,1,-0.010685
2016,31700,1,0.002553
2016,31860,1,-0.003067
2016,31900,1,-0.000887
2016,32580,1,0.001746
2016,32780,1,0.002654
2016,32900,1,-0.005008
2016,33140,1,-0.003667
2016,33340,1,0.002014
2016,33540,1,0.002141
2016,33700,1,-0.002828
2016,33780,1,-0.000939
2016,33860,1,-0.001195
2016,34060,1,-0.00535
2016,34580,1,0.002737
2016,34620,1,-0.002554
2016,34740,1,0.00191
2016,34900,1,-0.004919
2016,34940,1,0.016927
2016,35300,1,-0.001716
2016,35660,1,-0.002045
2016,35980,1,-0.000453
2016,36100,1,0.000869
2016,36220,1,0.010662
2016,36420,1,0.005238
2016,36500,1,0.003937
2016,36540,1,0.002572
2016,36740,1,0.012549
2016,36780,1,0.00244
2016,36980,1,0.00185
2016,37100,1,-0.004509
2016,37340,1,0.004617
2016,37860,1,0.002345
2016,38060,1,0.003455
2016,38300,1,-0.000469
2016,38340,1,-0.004928
2016,38860,1,0.00445
2016,38900,1,0.007938
2016,38940,1,0.006432
2016,39300,1,0.000545
2016,39340,1,0.009973
2016,39380,1,-0.003651
2016,39460,1,0.009522
2016,39540,1,0.001548
2016,39580,1,0.013817
2016,39740,1,0.001131
2016,39820,1,-0.007265
2016,39900,1,0.003683
2016,40140,1,-0.000718
2016,40220,1,-0.006932
2016,40420,1,-0.001459
2016,40580,1,-0.013353
2016,40660,1,-0.007162
2016,40900,1,-0.000135
2016,40980,1,-0.005298
2016,41060,1,-0.000477
2016,41100,1,0.014071
2016,41140,1,-0.009995
2016,41420,1,0.002698
2016,41500,1,-0.00478
2016,41700,1,0.007133
2016,41740,1,-0.001193
2016,41940,1,0.003113
2016,42020,1,-0.001866
2016,42100,1,-0.00218
2016,42140,1,-0.006905
2016,42220,1,-0.004881
2016,42340,1,0.006243
2016,42540,1,-0.002505
2016,42680,1,0.008289
2016,43100,1,0.001592
2016,43300,1,-0.001278
2016,43620,1,0.009565
2016,43780,1,0.00189
2016,44100,1,-0.001069
2016,44180,1,0.001171
2016,44220,1,-0.002143
2016,44300,1,0.005494
2016,44700,1,-3.3e-05
2016,45060,1,-0.001391
2016,45220,1,-0.001319
2016,45820,1,-0.007372
2016,45940,1,0.000439
2016,46060,1,-0.004048
2016,46140,1,0.001951
2016,46340,1,-0.001911
2016,46540,1,-0.003707
2016,46660,1,-0.008214
2016,46700,1,-0.001386
2016,47220,1,-0.002313
2016,47300,1,-0.00255
2016,47940,1,-0.005268
2016,48300,1,0.004711
2016,48540,1,-0.013987
2016,48660,1,-0.014081
2016,48700,1,-0.004006
2016,49020,1,-0.003792
2016,49420,1,-0.005049
2016,49620,1,0.003019
2016,49660,1,-0.003973
2016,49700,1,-0.002841
2016,49740,1,-0.005018
2016,10180,2,-0.004603
2016,10420,2,0.000899
2016,10580,2,0.001558
2016,10740,2,-0.005748
2016,10780,2,-0.009955
2016,10900,2,0.004069
2016,11020,2,-0.002949
2016,11260,2,-0.005607
2016,11460,2,0.00326
2016,11500,2,-0.005964
2016,11540,2,0.006735
2016,11700,2,0.000669
2016,12020,2,0.009604
2016,12100,2,-0.001881
2016,12220,2,0.01145
2016,12420,2,0.017142
2016,12540,2,-0.003328
2016,12580,2,-0.007453
2016,12620,2,-0.00498
2016,12700,2,-0.001007
2016,12980,2,-0.00176
2016,13020,2,-0.003058
2016,13380,2,0.006972
2016,13460,2,0.013592
2016,13780,2,-0.004531
2016,14260,2,0.006398
2016,14500,2,0.004895
2016,14740,2,0.009706
2016,14860,2,0.001882
2016,15180,2,-0.003382
2016,15260,2,0.002131
2016,15380,2,-0.000135
2016,15500,2,0.003531
2016,15540,2,0.001625
2016,15940,2,-0.000307
2016,15980,2,0.014707
2016,16020,2,-0.007516
2016,16180,2,-0.008261
2016,16220,2,-0.006828
2016,16300,2,0.00039
2016,16700,2,0.012523
2016,16860,2,-0.00228
2016,16940,2,-0.003505
2016,17020,2,-0.003031
2016,17420,2,0.003677
2016,17660,2,0.008577
2016,17780,2,0.013841
2016,17820,2,0.006627
2016,17900,2,0.004024
2016,18020,2,0.009307
2016,18700,2,0.005067
2016,19140,2,-0.003986
2016,19340,2,-0.001221
2016,19460,2,-0.005359
2016,19500,2,-0.0072
2016,19740,2,0.008929
2016,20020,2,-0.002092
2016,20100,2,0.001174
2016,20220,2,-0.003229
2016,20740,2,0.002701
2016,20940,2,-0.006402
2016,21140,2,0.006955
2016,21300,2,-0.004153
2016,21500,2,-0.000842
2016,21660,2,0.003706
2016,21820,2,-0.005747
2016,22020,2,0.017656
2016,22140,2,-0.039514
2016,22380,2,-0.001097
2016,22420,2,-0.002468
2016,22500,2,-0.009185
2016,22520,2,-0.007626
2016,22540,2,0.000955
2016,22660,2,0.014984
2016,23420,2,-0.001287
2016,23460,2,-0.007362
2016,23580,2,0.005253
2016,24020,2,-0.001669
2016,24140,2,-0.010114
2016,24220,2,-0.000489
2016,24300,2,-0.004188
2016,24500,2,-0.008282
2016,24540,2,0.019974
2016,24580,2,0.006524
2016,24660,2,-0.00139
2016,25260,2,-0.002303
2016,25420,2,0.006293
2016,25500,2,-0.004875
2016,25540,2,-0.001268
2016,25860,2,-0.00638
2016,25980,2,-0.027124
2016,26300,2,-0.009642
2016,26380,2,-0.005874
2016,26620,2,0.006676
2016,26980,2,0.004277
2016,27060,2,-0.000369
2016,27100,2,0.000567
2016,27260,2,0.007604
2016,27340,2,-0.001734
2016,27500,2,0.001231
2016,27620,2,-0.005525
2016,27740,2,-0.000665
2016,27780,2,-0.005479
2016,27860,2,0.003275
2016,27900,2,-0.003322
2016,28100,2,-0.003105
2016,28420,2,0.008013
2016,28660,2,0.003994
2016,28700,2,-0.010663
2016,28740,2,-0.001684
2016,29100,2,0.001423
2016,29340,2,0.001113
2016,29420,2,-0.005839
2016,29460,2,0.008648
2016,29540,2,0.004965
2016,29700,2,0.001986
2016,29740,2,-0.00605
2016,29820,2,0.006736
2016,29940,2,0.003705
2016,30140,2,0.00623
2016,30300,2,-0.010773
2016,30340,2,-0.001954
2016,30460,2,0.005674
2016,30620,2,-0.004025
2016,30700,2,0.004458
2016,30780,2,-0.004912
2016,30860,2,0.008047
2016,31020,2,0.003414
2016,31420,2,-0.008779
2016,31700,2,0.003353
2016,31860,2,-0.003318
2016,31900,2,0.000323
2016,32580,2,0.002701
2016,32780,2,0.002133
2016,32900,2,-0.004269
2016,33140,2,-0.005009
2016,33340,2,0.001138
2016,33540,2,0.001804
2016,33700,2,-0.002022
2016,33780,2,-0.00014
2016,33860,2,-0.00086
2016,34060,2,-0.004682
2016,34580,2,0.003709
2016,34620,2,-0.001736
2016,34740,2,0.003126
2016,34900,2,-0.00577
2016,34940,2,0.013452
2016,35300,2,-0.001637
2016,35660,2,-0.003057
2016,35980,2,-0.000804
2016,36100,2,0.001532
2016,36220,2,0.010419
2016,36420,2,0.005257
2016,36500,2,0.004656
2016,36540,2,0.003798
2016,36740,2,0.011532
2016,36780,2,0.001287
2016,36980,2,0.003145
2016,37100,2,-0.005519
2016,37340,2,0.005397
2016,37860,2,0.001903
2016,38060,2,0.002684
2016,38300,2,-0.000252
2016,38340,2,-0.005453
2016,38860,2,0.004254
2016,38900,2,0.007259
2016,38940,2,0.006923
2016,39300,2,0.001087
2016,39340,2,0.011092
2016,39380,2,0.001011
2016,39460,2,0.011772
2016,39540,2,0.001108
2016,39580,2,0.014541
2016,39740,2,0.00241
2016,39820,2,-0.009758
2016,39900,2,0.002847
2016,40140,2,-0.002162
2016,40220,2,-0.006912
2016,40420,2,-0.001373
2016,40580,2,-0.012702
2016,40660,2,-0.004371
2016,40900,2,0.000338
2016,40980,2,-0.005133
2016,41060,2,0.000949
2016,41100,2,0.012411
2016,41140,2,-0.00952
2016,41420,2,0.00541
2016,41500,2,-0.004004
2016,41700,2,0.007965
2016,41740,2,-0.001592
2016,41940,2,0.001632
2016,42020,2,-0.002743
2016,42100,2,-0.000967
2016,42140,2,-0.005546
2016,42220,2,-0.005026
2016,42340,2,0.00665
2016,42540,2,-0.001624
2016,42680,2,0.008642
2016,43100,2,0.002183
2016,43300,2,0.002144
2016,43620,2,0.008269
2016,43780,2,0.00228
2016,44100,2,-0.001955
2016,44180,2,0.002169
2016,44220,2,-0.001568
2016,44300,2,0.005814
2016,44700,2,0.001477
2016,45060,2,-0.000605
2016,45220,2,-0.002378
2016,45820,2,-0.00652
2016,45940,2,0.000573
2016,46060,2,-0.004098
2016,46140,2,0.002844
2016,46340,2,0.000145
2016,46540,2,-0.00364
2016,46660,2,-0.009444
2016,46700,2,-0.000501
2016,47220,2,-0.004072
2016,47300,2,-0.004003
2016,47940,2,-0.005187
2016,48300,2,0.005161
2016,48540,2,-0.014334
2016,48660,2,-0.015518
2016,48700,2,-0.004242
2016,49020,2,-0.007024
2016,49420,2,-0.003026
2016,49620,2,0.004387
2016,49660,2,-0.003839
2016,49700,2,-0.002845
2016,49740,2,-0.005606
2016,10180,3,-0.004707
2016,10420,3,0.000558
2016,10580,3,0.0017
2016,10740,3,-0.005703
2016,10780,3,-0.009281
2016,10900,3,0.003902
2016,11020,3,-0.00314
2016,11260,3,-0.005213
2016,11460,3,0.002803
2016,11500,3,-0.00596
2016,11540,3,0.006778
2016,11700,3,0.000733
2016,12020,3,0.008703
2016,12100,3,-0.000811
2016,12220,3,0.011186
2016,12420,3,0.017499
2016,12540,3,-0.002533
2016,12580,3,-0.006612
2016,12620,3,-0.004848
2016,12700,3,-0.000447
2016,12980,3,-0.001529
2016,13020,3,-0.003281
2016,13380,3,0.00672
2016,13460,3,0.014303
2016,13780,3,-0.004678
2016,14260,3,0.007353
2016,14500,3,0.003772
2016,14740,3,0.007932
2016,14860,3,0.002044
2016,15180,3,-0.003212
2016,15260,3,0.002223
2016,15380,3,-0.000323
2016,15500,3,0.002378
2016,15540,3,0.001664
2016,15940,3,-4.8e-05
2016,15980,3,0.013747
2016,16020,3,-0.007161
2016,16180,3,-0.00755
2016,16220,3,-0.006481
2016,16300,3,-0.000426
2016,16700,3,0.012679
2016,16860,3,-0.002076
2016,16940,3,-0.003544
2016,17020,3,-0.002498
2016,17420,3,0.003192
2016,17660,3,0.008691
2016,17780,3,0.013221
2016,17820,3,0.0057
2016,17900,3,0.003691
2016,18020,3,0.008719
2016,18700,3,0.005043
2016,19140,3,-0.004907
2016,19340,3,-0.001296
2016,19460,3,-0.005473
2016,19500,3,-0.006967
2016,19740,3,0.008027
2016,20020,3,-0.001692
2016,20100,3,0.001876
2016,20220,3,-0.0039
2016,20740,3,0.002796
2016,20940,3,-0.006097
2016,21140,3,0.006226
2016,21300,3,-0.003896
2016,21500,3,-0.001241
2016,21660,3,0.003677
2016,21820,3,-0.006131
2016,22020,3,0.019138
2016,22140,3,-0.03543
2016,22380,3,-0.000546
2016,22420,3,-0.001918
2016,22500,3,-0.008998
2016,22520,3,-0.007
2016,22540,3,0.00103
2016,22660,3,0.013759
2016,23420,3,-0.001126
2016,23460,3,-0.007105
2016,23580,3,0.005
2016,24020,3,-0.000893
2016,24140,3,-0.009717
2016,24220,3,0.001611
2016,24300,3,-0.003789
2016,24500,3,-0.007551
2016,24540,3,0.018555
2016,24580,3,0.006233
2016,24660,3,-0.00171
2016,25260,3,-0.00173
2016,25420,3,0.005537
2016,25500,3,-0.004434
2016,25540,3,-0.001486
2016,25860,3,-0.006711
2016,25980,3,-0.023642
2016,26300,3,-0.00918
2016,26380,3,-0.005179
2016,26620,3,0.007044
2016,26980,3,0.004368
2016,27060,3,3.2e-05
2016,27100,3,0.000482
2016,27260,3,0.007716
2016,27340,3,-0.001099
2016,27500,3,0.001132
2016,27620,3,-0.005934
2016,27740,3,-0.000243
2016,27780,3,-0.00542
2016,27860,3,0.002886
2016,27900,3,-0.003492
2016,28100,3,-0.003104
2016,28420,3,0.006934
2016,28660,3,0.003418
2016,28700,3,-0.010567
2016,28740,3,-0.00142
2016,29100,3,0.001351
2016,29340,3,0.00151
2016,29420,3,-0.005367
2016,29460,3,0.008266
2016,29540,3,0.004216
2016,29700,3,0.002992
2016,29740,3,-0.006148
2016,29820,3,0.006337
2016,29940,3,0.002745
2016,30140,3,0.005611
2016,30300,3,-0.010294
2016,30340,3,-0.00241
2016,30460,3,0.005077
2016,30620,3,-0.003898
2016,30700,3,0.004534
2016,30780,3,-0.004835
2016,30860,3,0.006707
2016,31020,3,0.00232
2016,31420,3,-0.008885
2016,31700,3,0.002997
2016,31860,3,-0.003027
2016,31900,3,0.000124
2016,32580,3,0.00244
2016,32780,3,0.002638
2016,32900,3,-0.004615
2016,33140,3,-0.004429
2016,33340,3,0.001369
2016,33540,3,0.001487
2016,33700,3,-0.002259
2016,33780,3,-1.8e-05
2016,33860,3,-0.000729
2016,34060,3,-0.005406
2016,34580,3,0.003318
2016,34620,3,-0.001287
2016,34740,3,0.003121
2016,34900,3,-0.005438
2016,34940,3,0.014298
2016,35300,3,-0.001636
2016,35660,3,-0.002628
2016,35980,3,-0.000393
2016,36100,3,0.001428
2016,36220,3,0.009658
2016,36420,3,0.005508
2016,36500,3,0.00427
2016,36540,3,0.003329
2016,36740,3,0.011993
2016,36780,3,0.001598
2016,36980,3,0.002493
2016,37100,3,-0.004966
2016,37340,3,0.004515
2016,37860,3,0.00207
2016,38060,3,0.002875
2016,38300,3,-0.000317
2016,38340,3,-0.005083
2016,38860,3,0.004228
2016,38900,3,0.007558
2016,38940,3,0.006217
2016,39300,3,0.000779
2016,39340,3,0.010494
2016,39380,3,-0.001076
2016,39460,3,0.010335
2016,39540,3,0.00111
2016,39580,3,0.014401
2016,39740,3,0.001844
2016,39820,3,-0.008655
2016,39900,3,0.003371
2016,40140,3,-0.001816
2016,40220,3,-0.006768
2016,40420,3,-0.001487
2016,40580,3,-0.01255
2016,40660,3,-0.005258
2016,40900,3,0.000235
2016,40980,3,-0.004921
2016,41060,3,0.000613
2016,41100,3,0.012993
2016,41140,3,-0.009683
2016,41420,3,0.004408
2016,41500,3,-0.004155
2016,41700,3,0.007305
2016,41740,3,-0.001427
2016,41940,3,0.00233
2016,42020,3,-0.002423
2016,42100,3,-0.001396
2016,42140,3,-0.005819
2016,42220,3,-0.004762
2016,42340,3,0.006385
2016,42540,3,-0.001947
2016,42680,3,0.00828
2016,43100,3,0.001746
2016,43300,3,0.000343
2016,43620,3,0.008782
2016,43780,3,0.002163
2016,44100,3,-0.002019
2016,44180,3,0.001936
2016,44220,3,-0.00173
2016,44300,3,0.005887
2016,44700,3,0.000863
2016,45060,3,-0.000855
2016,45220,3,-0.001744
2016,45820,3,-0.006953
2016,45940,3,0.000708
2016,46060,3,-0.003682
2016,46140,3,0.002704
2016,46340,3,-0.000528
2016,46540,3,-0.003658
2016,46660,3,-0.009021
2016,46700,3,-0.00073
2016,47220,3,-0.003239
2016,47300,3,-0.003525
2016,47940,3,-0.005294
2016,48300,3,0.004683
2016,48540,3,-0.01379
2016,48660,3,-0.014453
2016,48700,3,-0.004683
2016,49020,3,-0.005836
2016,49420,3,-0.003843
2016,49620,3,0.003844
2016,49660,3,-0.003622
2016,49700,3,-0.002433
2016,49740,3,-0.005228
2016,10180,4,-0.004957
2016,10420,4,0.000363
2016,10580,4,0.001804
2016,10740,4,-0.005866
2016,10780,4,-0.008911
2016,10900,4,0.003736
2016,11020,4,-0.00337
2016,11260,4,-0.00476
2016,11460,4,0.002703
2016,11500,4,-0.00592
2016,11540,4,0.006668
2016,11700,4,0.001044
2016,12020,4,0.007243
2016,12100,4,-0.000216
2016,12220,4,0.011435
2016,12420,4,0.017715
2016,12540,4,-0.001982
2016,12580,4,-0.005957
2016,12620,4,-0.004592
2016,12700,4,-0.000247
2016,12980,4,-0.001669
2016,13020,4,-0.003321
2016,13380,4,0.006346
2016,13460,4,0.014763
2016,13780,4,-0.004549
2016,14260,4,0.007777
2016,14500,4,0.002975
2016,14740,4,0.006574
2016,14860,4,0.001843
2016,15180,4,-0.003271
2016,15260,4,0.001968
2016,15380,4,-0.000452
2016,15500,4,0.001777
2016,15540,4,0.001934
2016,15940,4,-0.000211
2016,15980,4,0.013447
2016,16020,4,-0.007203
2016,16180,4,-0.007605
2016,16220,4,-0.005379
2016,16300,4,-0.000921
2016,16700,4,0.012896
2016,16860,4,-0.002133
2016,16940,4,-0.003396
2016,17020,4,-0.002188
2016,17420,4,0.003041
2016,17660,4,0.008808
2016,17780,4,0.012732
2016,17820,4,0.004969
2016,17900,4,0.003399
2016,18020,4,0.00835
2016,18700,4,0.004406
2016,19140,4,-0.005406
2016,19340,4,-0.001038
2016,19460,4,-0.005602
2016,19500,4,-0.006552
2016,19740,4,0.007433
2016,20020,4,-0.00177
2016,20100,4,0.002381
2016,20220,4,-0.00384
2016,20740,4,0.002842
2016,20940,4,-0.005793
2016,21140,4,0.005737
2016,21300,4,-0.00444
2016,21500,4,-0.001529
2016,21660,4,0.003333
2016,21820,4,-0.006607
2016,22020,4,0.02005
2016,22140,4,-0.032776
2016,22380,4,-0.000487
2016,22420,4,-0.002296
2016,22500,4,-0.008892
2016,22520,4,-0.006677
2016,22540,4,0.001182
2016,22660,4,0.013003
2016,23420,4,-0.000973
2016,23460,4,-0.006976
2016,23580,4,0.00436
2016,24020,4,-0.000469
2016,24140,4,-0.009589
2016,24220,4,0.00272
2016,24300,4,-0.003734
2016,24500,4,-0.007101
2016,24540,4,0.017596
2016,24580,4,0.006059
2016,24660,4,-0.001935
2016,25260,4,-0.001976
2016,25420,4,0.005069
2016,25500,4,-0.003989
2016,25540,4,-0.001668
2016,25860,4,-0.007052
2016,25980,4,-0.021228
2016,26300,4,-0.008993
2016,26380,4,-0.004847
2016,26620,4,0.007334
2016,26980,4,0.004515
2016,27060,4,0.000335
2016,27100,4,5e-05
2016,27260,4,0.007613
2016,27340,4,-0.00071
2016,27500,4,0.001128
2016,27620,4,-0.006177
2016,27740,4,-0.000225
2016,27780,4,-0.005825
2016,27860,4,0.002568
2016,27900,4,-0.003932
2016,28100,4,-0.00297
2016,28420,4,0.006211
2016,28660,4,0.00285
2016,28700,4,-0.010373
2016,28740,4,-0.001203
2016,29100,4,0.001534
2016,29340,4,0.001711
2016,29420,4,-0.005232
2016,29460,4,0.00788
2016,29540,4,0.003997
2016,29700,4,0.003259
2016,29740,4,-0.006234
2016,29820,4,0.006087
2016,29940,4,0.002267
2016,30140,4,0.005122
2016,30300,4,-0.010058
2016,30340,4,-0.002408
2016,30460,4,0.004788
2016,30620,4,-0.003563
2016,30700,4,0.004444
2016,30780,4,-0.004642
2016,30860,4,0.005763
2016,31020,4,0.00154
2016,31420,4,-0.009414
2016,31700,4,0.002798
2016,31860,4,-0.003087
2016,31900,4,-0.00028
2016,32580,4,0.002315
2016,32780,4,0.002659
2016,32900,4,-0.004641
2016,33140,4,-0.003859
2016,33340,4,0.001511
2016,33540,4,0.00139
2016,33700,4,-0.002378
2016,33780,4,-0.000361
2016,33860,4,-0.001059
2016,34060,4,-0.005489
2016,34580,4,0.003054
2016,34620,4,-0.001677
2016,34740,4,0.002815
2016,34900,4,-0.005047
2016,34940,4,0.014991
2016,35300,4,-0.001698
2016,35660,4,-0.002444
2016,35980,4,-0.000438
2016,36100,4,0.001109
2016,36220,4,0.009851
2016,36420,4,0.005367
2016,36500,4,0.004253
2016,36540,4,0.003015
2016,36740,4,0.012072
2016,36780,4,0.001898
2016,36980,4,0.001975
2016,37100,4,-0.0047
2016,37340,4,0.004089
2016,37860,4,0.002128
2016,38060,4,0.003085
2016,38300,4,-0.00038
2016,38340,4,-0.005144
2016,38860,4,0.00418
2016,38900,4,0.007508
2016,38940,4,0.005853
2016,39300,4,0.000617
2016,39340,4,0.010126
2016,39380,4,-0.002221
2016,39460,4,0.009618
2016,39540,4,0.0012
2016,39580,4,0.014126
2016,39740,4,0.00153
2016,39820,4,-0.007847
2016,39900,4,0.003461
2016,40140,4,-0.001424
2016,40220,4,-0.006689
2016,40420,4,-0.001483
2016,40580,4,-0.012592
2016,40660,4,-0.005898
2016,40900,4,0.000176
2016,40980,4,-0.004975
2016,41060,4,4.6e-05
2016,41100,4,0.013366
2016,41140,4,-0.009696
2016,41420,4,0.00369
2016,41500,4,-0.004234
2016,41700,4,0.007124
2016,41740,4,-0.001223
2016,41940,4,0.002699
2016,42020,4,-0.002168
2016,42100,4,-0.001646
2016,42140,4,-0.00611
2016,42220,4,-0.004497
2016,42340,4,0.006217
2016,42540,4,-0.002175
2016,42680,4,0.008027
2016,43100,4,0.001534
2016,43300,4,-0.000564
2016,43620,4,0.009181
2016,43780,4,0.001946
2016,44100,4,-0.001781
2016,44180,4,0.001607
2016,44220,4,-0.001863
2016,44300,4,0.00582
2016,44700,4,0.000504
2016,45060,4,-0.00099
2016,45220,4,-0.001763
2016,45820,4,-0.007171
2016,45940,4,0.00074
2016,46060,4,-0.003686
2016,46140,4,0.002388
2016,46340,4,-0.001052
2016,46540,4,-0.003652
2016,46660,4,-0.008651
2016,46700,4,-0.000758
2016,47220,4,-0.002697
2016,47300,4,-0.003037
2016,47940,4,-0.005303
2016,48300,4,0.004309
2016,48540,4,-0.013806
2016,48660,4,-0.013736
2016,48700,4,-0.004525
2016,49020,4,-0.004932
2016,49420,4,-0.00429
2016,49620,4,0.003556
2016,49660,4,-0.003709
2016,49700,4,-0.00249
2016,49740,4,-0.005123
2016,10180,5,-0.00453
2016,10420,5,0.000507
2016,10580,5,0.001778
2016,10740,5,-0.005713
2016,10780,5,-0.009485
2016,10900,5,0.003974
2016,11020,5,-0.003044
2016,11260,5,-0.005367
2016,11460,5,0.002832
2016,11500,5,-0.005959
2016,11540,5,0.006958
2016,11700,5,0.000705
2016,12020,5,0.009196
2016,12100,5,-0.001006
2016,12220,5,0.011076
2016,12420,5,0.017644
2016,12540,5,-0.002636
2016,12580,5,-0.006699
2016,12620,5,-0.004995
2016,12700,5,-0.000441
2016,12980,5,-0.001677
2016,13020,5,-0.003329
2016,13380,5,0.007118
2016,13460,5,0.014408
2016,13780,5,-0.004749
2016,14260,5,0.007172
2016,14500,5,0.004003
2016,14740,5,0.00875
2016,14860,5,0.001985
2016,15180,5,-0.003359
2016,15260,5,0.00222
2016,15380,5,-0.000318
2016,15500,5,0.002512
2016,15540,5,0.001769
2016,15940,5,-0.000111
2016,15980,5,0.014225
2016,16020,5,-0.007234
2016,16180,5,-0.007881
2016,16220,5,-0.006739
2016,16300,5,-0.000219
2016,16700,5,0.012819
2016,16860,5,-0.002048
2016,16940,5,-0.0035
2016,17020,5,-0.002631
2016,17420,5,0.003305
2016,17660,5,0.008849
2016,17780,5,0.013579
2016,17820,5,0.005922
2016,17900,5,0.003759
2016,18020,5,0.009109
2016,18700,5,0.00553
2016,19140,5,-0.004881
2016,19340,5,-0.001206
2016,19460,5,-0.00553
2016,19500,5,-0.007008
2016,19740,5,0.008166
2016,20020,5,-0.001742
2016,20100,5,0.001753
2016,20220,5,-0.00384
2016,20740,5,0.002967
2016,20940,5,-0.006169
2016,21140,5,0.006458
2016,21300,5,-0.003633
2016,21500,5,-0.001203
2016,21660,5,0.003846
2016,21820,5,-0.005845
2016,22020,5,0.019259
2016,22140,5,-0.036796
2016,22380,5,-0.000476
2016,22420,5,-0.001978
2016,22500,5,-0.009184
2016,22520,5,-0.007211
2016,22540,5,0.001074
2016,22660,5,0.01415
2016,23420,5,-0.001168
2016,23460,5,-0.007148
2016,23580,5,0.004852
2016,24020,5,-0.000838
2016,24140,5,-0.009939
2016,24220,5,0.001473
2016,24300,5,-0.00383
2016,24500,5,-0.007632
2016,24540,5,0.019049
2016,24580,5,0.006419
2016,24660,5,-0.001804
2016,25260,5,-0.00155
2016,25420,5,0.005692
2016,25500,5,-0.004519
2016,25540,5,-0.001463
2016,25860,5,-0.006734
2016,25980,5,-0.025117
2016,26300,5,-0.009374
2016,26380,5,-0.005281
2016,26620,5,0.00697
2016,26980,5,0.00427
2016,27060,5,-4e-05
2016,27100,5,0.000467
2016,27260,5,0.007844
2016,27340,5,-0.001107
2016,27500,5,0.001132
2016,27620,5,-0.005888
2016,27740,5,-0.000119
2016,27780,5,-0.005218
2016,27860,5,0.002986
2016,27900,5,-0.003392
2016,28100,5,-0.003044
2016,28420,5,0.007234
2016,28660,5,0.003729
2016,28700,5,-0.010629
2016,28740,5,-0.001479
2016,29100,5,0.001528
2016,29340,5,0.001661
2016,29420,5,-0.005203
2016,29460,5,0.008468
2016,29540,5,0.00428
2016,29700,5,0.002812
2016,29740,5,-0.006158
2016,29820,5,0.006421
2016,29940,5,0.00285
2016,30140,5,0.00588
2016,30300,5,-0.010488
2016,30340,5,-0.002374
2016,30460,5,0.005202
2016,30620,5,-0.004034
2016,30700,5,0.004506
2016,30780,5,-0.005033
2016,30860,5,0.007155
2016,31020,5,0.002575
2016,31420,5,-0.008976
2016,31700,5,0.003046
2016,31860,5,-0.003037
2016,31900,5,0.000164
2016,32580,5,0.002387
2016,32780,5,0.002572
2016,32900,5,-0.004631
2016,33140,5,-0.00476
2016,33340,5,0.001417
2016,33540,5,0.001806
2016,33700,5,-0.002257
2016,33780,5,-2.1e-05
2016,33860,5,-0.000608
2016,34060,5,-0.005226
2016,34580,5,0.003298
2016,34620,5,-0.001288
2016,34740,5,0.003004
2016,34900,5,-0.005638
2016,34940,5,0.014398
2016,35300,5,-0.00162
2016,35660,5,-0.002682
2016,35980,5,-0.000428
2016,36100,5,0.001487
2016,36220,5,0.009938
2016,36420,5,0.005563
2016,36500,5,0.004152
2016,36540,5,0.003401
2016,36740,5,0.012094
2016,36780,5,0.001586
2016,36980,5,0.002804
2016,37100,5,-0.005071
2016,37340,5,0.004871
2016,37860,5,0.002085
2016,38060,5,0.002941
2016,38300,5,-0.000301
2016,38340,5,-0.005043
2016,38860,5,0.004347
2016,38900,5,0.007671
2016,38940,5,0.00659
2016,39300,5,0.000838
2016,39340,5,0.010777
2016,39380,5,-0.000777
2016,39460,5,0.010777
2016,39540,5,0.001131
2016,39580,5,0.014574
2016,39740,5,0.00191
2016,39820,5,-0.009049
2016,39900,5,0.003283
2016,40140,5,-0.001792
2016,40220,5,-0.006887
2016,40420,5,-0.001543
2016,40580,5,-0.012746
2016,40660,5,-0.005197
2016,40900,5,0.000227
2016,40980,5,-0.005017
2016,41060,5,0.000773
2016,41100,5,0.013052
2016,41140,5,-0.009835
2016,41420,5,0.004523
2016,41500,5,-0.004292
2016,41700,5,0.007453
2016,41740,5,-0.001496
2016,41940,5,0.002225
2016,42020,5,-0.002487
2016,42100,5,-0.001417
2016,42140,5,-0.0059
2016,42220,5,-0.005057
2016,42340,5,0.00653
2016,42540,5,-0.001914
2016,42680,5,0.00848
2016,43100,5,0.001922
2016,43300,5,0.000724
2016,43620,5,0.008669
2016,43780,5,0.002297
2016,44100,5,-0.001913
2016,44180,5,0.001983
2016,44220,5,-0.001743
2016,44300,5,0.005837
2016,44700,5,0.001027
2016,45060,5,-0.000873
2016,45220,5,-0.001692
2016,45820,5,-0.006911
2016,45940,5,0.000559
2016,46060,5,-0.003805
2016,46140,5,0.002744
2016,46340,5,-0.000426
2016,46540,5,-0.003692
2016,46660,5,-0.009177
2016,46700,5,-0.000848
2016,47220,5,-0.00356
2016,47300,5,-0.003693
2016,47940,5,-0.005267
2016,48300,5,0.004998
2016,48540,5,-0.013858
2016,48660,5,-0.015052
2016,48700,5,-0.004572
2016,49020,5,-0.006049
2016,49420,5,-0.003792
2016,49620,5,0.003861
2016,49660,5,-0.003658
2016,49700,5,-0.002493
2016,49740,5,-0.005337
2016,10180,6,-0.004766
2016,10420,6,-0.000106
2016,10580,6,0.002175
2016,10740,6,-0.006074
2016,10780,6,-0.008595
2016,10900,6,0.003606
2016,11020,6,-0.003439
2016,11260,6,-0.004488
2016,11460,6,0.002472
2016,11500,6,-0.005661
2016,11540,6,0.006738
2016,11700,6,0.001481
2016,12020,6,0.006016
2016,12100,6,0.000377
2016,12220,6,0.011168
2016,12420,6,0.017983
2016,12540,6,-0.001312
2016,12580,6,-0.004959
2016,12620,6,-0.004525
2016,12700,6,0.000163
2016,12980,6,-0.002091
2016,13020,6,-0.003449
2016,13380,6,0.006636
2016,13460,6,0.015513
2016,13780,6,-0.00454
2016,14260,6,0.007911
2016,14500,6,0.00221
2016,14740,6,0.006446
2016,14860,6,0.001396
2016,15180,6,-0.003588
2016,15260,6,0.001654
2016,15380,6,-0.00067
2016,15500,6,0.000886
2016,15540,6,0.002483
2016,15940,6,-0.000604
2016,15980,6,0.013822
2016,16020,6,-0.007234
2016,16180,6,-0.007776
2016,16220,6,-0.00431
2016,16300,6,-0.001264
2016,16700,6,0.013311
2016,16860,6,-0.002209
2016,16940,6,-0.003126
2016,17020,6,-0.001945
2016,17420,6,0.002938
2016,17660,6,0.009219
2016,17780,6,0.012538
2016,17820,6,0.004094
2016,17900,6,0.002901
2016,18020,6,0.008428
2016,18700,6,0.004517
2016,19140,6,-0.00609
2016,19340,6,-0.000499
2016,19460,6,-0.005757
2016,19500,6,-0.005888
2016,19740,6,0.006603
2016,20020,6,-0.00184
2016,20100,6,0.002785
2016,20220,6,-0.003623
2016,20740,6,0.00324
2016,20940,6,-0.00532
2016,21140,6,0.005405
2016,21300,6,-0.004524
2016,21500,6,-0.001882
2016,21660,6,0.003155
2016,21820,6,-0.00663
2016,22020,6,0.021227
2016,22140,6,-0.031048
2016,22380,6,2.8e-05
2016,22420,6,-0.002778
2016,22500,6,-0.009107
2016,22520,6,-0.006489
2016,22540,6,0.001504
2016,22660,6,0.012295
2016,23420,6,-0.000783
2016,23460,6,-0.00663
2016,23580,6,0.003067
2016,24020,6,0.000464
2016,24140,6,-0.009784
2016,24220,6,0.004168
2016,24300,6,-0.003494
2016,24500,6,-0.006559
2016,24540,6,0.01667
2016,24580,6,0.006041
2016,24660,6,-0.002684
2016,25260,6,-0.00172
2016,25420,6,0.004571
2016,25500,6,-0.00342
2016,25540,6,-0.001898
2016,25860,6,-0.007583
2016,25980,6,-0.020511
2016,26300,6,-0.008791
2016,26380,6,-0.004419
2016,26620,6,0.007351
2016,26980,6,0.004352
2016,27060,6,0.000609
2016,27100,6,-0.00052
2016,27260,6,0.007725
2016,27340,6,-0.000247
2016,27500,6,0.00114
2016,27620,6,-0.0063
2016,27740,6,0.000157
2016,27780,6,-0.00579
2016,27860,6,0.002109
2016,27900,6,-0.004194
2016,28100,6,-0.002501
2016,28420,6,0.005406
2016,28660,6,0.002597
2016,28700,6,-0.010046
2016,28740,6,-0.00085
2016,29100,6,0.002144
2016,29340,6,0.002346
2016,29420,6,-0.004266
2016,29460,6,0.007767
2016,29540,6,0.003672
2016,29700,6,0.003222
2016,29740,6,-0.006325
2016,29820,6,0.005829
2016,29940,6,0.001665
2016,30140,6,0.004778
2016,30300,6,-0.009896
2016,30340,6,-0.002348
2016,30460,6,0.004484
2016,30620,6,-0.003262
2016,30700,6,0.004125
2016,30780,6,-0.00478
2016,30860,6,0.00506
2016,31020,6,0.000985
2016,31420,6,-0.010261
2016,31700,6,0.002537
2016,31860,6,-0.003001
2016,31900,6,-0.000749
2016,32580,6,0.001843
2016,32780,6,0.00259
2016,32900,6,-0.004707
2016,33140,6,-0.003651
2016,33340,6,0.001887
2016,33540,6,0.001892
2016,33700,6,-0.002494
2016,33780,6,-0.000802
2016,33860,6,-0.001177
2016,34060,6,-0.005187
2016,34580,6,0.002655
2016,34620,6,-0.002243
2016,34740,6,0.002134
2016,34900,6,-0.004755
2016,34940,6,0.016148
2016,35300,6,-0.001692
2016,35660,6,-0.002091
2016,35980,6,-0.000505
2016,36100,6,0.000971
2016,36220,6,0.01061
2016,36420,6,0.005163
2016,36500,6,0.003821
2016,36540,6,0.002598
2016,36740,6,0.012348
2016,36780,6,0.002233
2016,36980,6,0.001843
2016,37100,6,-0.004423
2016,37340,6,0.004473
2016,37860,6,0.002238
2016,38060,6,0.003564
2016,38300,6,-0.000479
2016,38340,6,-0.004883
2016,38860,6,0.004309
2016,38900,6,0.007633
2016,38940,6,0.0063
2016,39300,6,0.000569
2016,39340,6,0.009856
2016,39380,6,-0.003355
2016,39460,6,0.009455
2016,39540,6,0.001446
2016,39580,6,0.013577
2016,39740,6,0.001213
2016,39820,6,-0.007257
2016,39900,6,0.003655
2016,40140,6,-0.000742
2016,40220,6,-0.006743
2016,40420,6,-0.001524
2016,40580,6,-0.013028
2016,40660,6,-0.006763
2016,40900,6,4.9e-05
2016,40980,6,-0.005192
2016,41060,6,-0.000302
2016,41100,6,0.013687
2016,41140,6,-0.009776
2016,41420,6,0.002816
2016,41500,6,-0.004557
2016,41700,6,0.007058
2016,41740,6,-0.001118
2016,41940,6,0.002927
2016,42020,6,-0.001871
2016,42100,6,-0.002015
2016,42140,6,-0.006593
2016,42220,6,-0.004676
2016,42340,6,0.006146
2016,42540,6,-0.002406
2016,42680,6,0.008118
2016,43100,6,0.001578
2016,43300,6,-0.001023
2016,43620,6,0.009265
2016,43780,6,0.001887
2016,44100,6,-0.001221
2016,44180,6,0.001242
2016,44220,6,-0.002074
2016,44300,6,0.005518
2016,44700,6,0.000235
2016,45060,6,-0.001282
2016,45220,6,-0.001445
2016,45820,6,-0.007222
2016,45940,6,0.000514
2016,46060,6,-0.003854
2016,46140,6,0.001937
2016,46340,6,-0.001591
2016,46540,6,-0.00362
2016,46660,6,-0.008303
2016,46700,6,-0.001088
2016,47220,6,-0.002419
2016,47300,6,-0.002612
2016,47940,6,-0.005145
2016,48300,6,0.004442
2016,48540,6,-0.013657
2016,48660,6,-0.013768
2016,48700,6,-0.004033
2016,49020,6,-0.003909
2016,49420,6,-0.004919
2016,49620,6,0.003091
2016,49660,6,-0.003859
2016,49700,6,-0.002595
2016,49740,6,-0.004958
2016,10180,7,-0.004914
2016,10420,7,0.000725
2016,10580,7,0.001644
2016,10740,7,-0.005795
2016,10780,7,-0.009514
2016,10900,7,0.003871
2016,11020,7,-0.003192
2016,11260,7,-0.004945
2016,11460,7,0.002873
2016,11500,7,-0.00578
2016,11540,7,0.006519
2016,11700,7,0.001173
2016,12020,7,0.007951
2016,12100,7,-0.001371
2016,12220,7,0.011466
2016,12420,7,0.017097
2016,12540,7,-0.003257
2016,12580,7,-0.006881
2016,12620,7,-0.004801
2016,12700,7,-0.000795
2016,12980,7,-0.001957
2016,13020,7,-0.002916
2016,13380,7,0.006899
2016,13460,7,0.013489
2016,13780,7,-0.004544
2016,14260,7,0.006151
2016,14500,7,0.004343
2016,14740,7,0.009121
2016,14860,7,0.001434
2016,15180,7,-0.00327
2016,15260,7,0.001907
2016,15380,7,-0.000218
2016,15500,7,0.003214
2016,15540,7,0.001915
2016,15940,7,-0.000689
2016,15980,7,0.014152
2016,16020,7,-0.007717
2016,16180,7,-0.008316
2016,16220,7,-0.005772
2016,16300,7,6.6e-05
2016,16700,7,0.012766
2016,16860,7,-0.002301
2016,16940,7,-0.003099
2016,17020,7,-0.002772
2016,17420,7,0.003482
2016,17660,7,0.008573
2016,17780,7,0.013474
2016,17820,7,0.006071
2016,17900,7,0.003875
2016,18020,7,0.008826
2016,18700,7,0.004802
2016,19140,7,-0.004397
2016,19340,7,-0.000889
2016,19460,7,-0.005331
2016,19500,7,-0.006515
2016,19740,7,0.008451
2016,20020,7,-0.002262
2016,20100,7,0.001614
2016,20220,7,-0.002959
2016,20740,7,0.002678
2016,20940,7,-0.006079
2016,21140,7,0.006398
2016,21300,7,-0.005026
2016,21500,7,-0.000931
2016,21660,7,0.003559
2016,21820,7,-0.005782
2016,22020,7,0.01848
2016,22140,7,-0.036537
2016,22380,7,-0.001137
2016,22420,7,-0.003137
2016,22500,7,-0.008999
2016,22520,7,-0.007477
2016,22540,7,0.001227
2016,22660,7,0.014439
2016,23420,7,-0.001304
2016,23460,7,-0.007164
2016,23580,7,0.004277
2016,24020,7,-0.00113
2016,24140,7,-0.009916
2016,24220,7,0.00028
2016,24300,7,-0.003951
2016,24500,7,-0.007716
2016,24540,7,0.019218
2016,24580,7,0.006343
2016,24660,7,-0.001554
2016,25260,7,-0.002428
2016,25420,7,0.005828
2016,25500,7,-0.004405
2016,25540,7,-0.001433
2016,25860,7,-0.006459
2016,25980,7,-0.02509
2016,26300,7,-0.009401
2016,26380,7,-0.005623
2016,26620,7,0.006889
2016,26980,7,0.004295
2016,27060,7,-0.000553
2016,27100,7,2e-06
2016,27260,7,0.00728
2016,27340,7,-0.001349
2016,27500,7,0.00119
2016,27620,7,-0.005625
2016,27740,7,-0.000663
2016,27780,7,-0.005792
2016,27860,7,0.003003
2016,27900,7,-0.003946
2016,28100,7,-0.002708
2016,28420,7,0.007704
2016,28660,7,0.003599
2016,28700,7,-0.010175
2016,28740,7,-0.001321
2016,29100,7,0.001595
2016,29340,7,0.001472
2016,29420,7,-0.005734
2016,29460,7,0.007884
2016,29540,7,0.004787
2016,29700,7,0.002023
2016,29740,7,-0.00577
2016,29820,7,0.005822
2016,29940,7,0.00316
2016,30140,7,0.005632
2016,30300,7,-0.010679
2016,30340,7,-0.001839
2016,30460,7,0.005385
2016,30620,7,-0.003503
2016,30700,7,0.004292
2016,30780,7,-0.004639
2016,30860,7,0.007379
2016,31020,7,0.003247
2016,31420,7,-0.009217
2016,31700,7,0.003229
2016,31860,7,-0.003409
2016,31900,7,-6.8e-05
2016,32580,7,0.002461
2016,32780,7,0.002024
2016,32900,7,-0.004595
2016,33140,7,-0.004463
2016,33340,7,0.001236
2016,33540,7,0.001956
2016,33700,7,-0.002664
2016,33780,7,-0.000559
2016,33860,7,-0.001144
2016,34060,7,-0.004691
2016,34580,7,0.003855
2016,34620,7,-0.002557
2016,34740,7,0.002586
2016,34900,7,-0.005649
2016,34940,7,0.014175
2016,35300,7,-0.001655
2016,35660,7,-0.002848
2016,35980,7,-0.000797
2016,36100,7,0.001084
2016,36220,7,0.009992
2016,36420,7,0.004962
2016,36500,7,0.00497
2016,36540,7,0.003561
2016,36740,7,0.011034
2016,36780,7,0.001622
2016,36980,7,0.002767
2016,37100,7,-0.005443
2016,37340,7,0.005241
2016,37860,7,0.001964
2016,38060,7,0.002093
2016,38300,7,-0.000202
2016,38340,7,-0.00545
2016,38860,7,0.004192
2016,38900,7,0.007309
2016,38940,7,0.006625
2016,39300,7,0.000987
2016,39340,7,0.010535
2016,39380,7,0.000523
2016,39460,7,0.011171
2016,39540,7,0.001237
2016,39580,7,0.014089
2016,39740,7,0.002161
2016,39820,7,-0.009078
2016,39900,7,0.00264
2016,40140,7,-0.002119
2016,40220,7,-0.006839
2016,40420,7,-0.001099
2016,40580,7,-0.01261
2016,40660,7,-0.004932
2016,40900,7,-0.000105
2016,40980,7,-0.005113
2016,41060,7,0.000311
2016,41100,7,0.012315
2016,41140,7,-0.009276
2016,41420,7,0.004974
2016,41500,7,-0.004082
2016,41700,7,0.007772
2016,41740,7,-0.001586
2016,41940,7,0.00196
2016,42020,7,-0.002587
2016,42100,7,-0.001091
2016,42140,7,-0.005758
2016,42220,7,-0.004896
2016,42340,7,0.00636
2016,42540,7,-0.001729
2016,42680,7,0.008391
2016,43100,7,0.001988
2016,43300,7,0.001499
2016,43620,7,0.008526
2016,43780,7,0.002002
2016,44100,7,-0.001573
2016,44180,7,0.001851
2016,44220,7,-0.001594
2016,44300,7,0.005558
2016,44700,7,0.000679
2016,45060,7,-0.000715
2016,45220,7,-0.002311
2016,45820,7,-0.006461
2016,45940,7,0.00053
2016,46060,7,-0.004377
2016,46140,7,0.002648
2016,46340,7,-0.000528
2016,46540,7,-0.003569
2016,46660,7,-0.008695
2016,46700,7,-0.000969
2016,47220,7,-0.003448
2016,47300,7,-0.003588
2016,47940,7,-0.005179
2016,48300,7,0.005208
2016,48540,7,-0.014383
2016,48660,7,-0.014901
2016,48700,7,-0.003905
2016,49020,7,-0.006423
2016,49420,7,-0.002964
2016,49620,7,0.004104
2016,49660,7,-0.003962
2016,49700,7,-0.003403
2016,49740,7,-0.005463
2016,10180,8,-0.004886
2016,10420,8,7.1e-05
2016,10580,8,0.002168
2016,10740,8,-0.006324
2016,10780,8,-0.009119
2016,10900,8,0.003853
2016,11020,8,-0.003529
2016,11260,8,-0.00479
2016,11460,8,0.00257
2016,11500,8,-0.005498
2016,11540,8,0.006735
2016,11700,8,0.001816
2016,12020,8,0.006091
2016,12100,8,-0.000147
2016,12220,8,0.011569
2016,12420,8,0.018128
2016,12540,8,-0.002037
2016,12580,8,-0.00552
2016,12620,8,-0.00471
2016,12700,8,-0.000111
2016,12980,8,-0.002539
2016,13020,8,-0.003178
2016,13380,8,0.007158
2016,13460,8,0.015286
2016,13780,8,-0.004528
2016,14260,8,0.007129
2016,14500,8,0.002818
2016,14740,8,0.00838
2016,14860,8,0.000903
2016,15180,8,-0.003708
2016,15260,8,0.001674
2016,15380,8,-0.000641
2016,15500,8,0.001722
2016,15540,8,0.002652
2016,15940,8,-0.001151
2016,15980,8,0.01465
2016,16020,8,-0.007895
2016,16180,8,-0.008293
2016,16220,8,-0.004446
2016,16300,8,-0.000667
2016,16700,8,0.013768
2016,16860,8,-0.002545
2016,16940,8,-0.003067
2016,17020,8,-0.002264
2016,17420,8,0.0033
2016,17660,8,0.009512
2016,17780,8,0.013341
2016,17820,8,0.004612
2016,17900,8,0.003159
2016,18020,8,0.008855
2016,18700,8,0.004793
2016,19140,8,-0.005598
2016,19340,8,-0.000291
2016,19460,8,-0.005745
2016,19500,8,-0.005697
2016,19740,8,0.007109
2016,20020,8,-0.002325
2016,20100,8,0.002491
2016,20220,8,-0.002959
2016,20740,8,0.003207
2016,20940,8,-0.005552
2016,21140,8,0.005856
2016,21300,8,-0.005345
2016,21500,8,-0.001573
2016,21660,8,0.003334
2016,21820,8,-0.006426
2016,22020,8,0.021168
2016,22140,8,-0.033763
2016,22380,8,-0.000264
2016,22420,8,-0.003613
2016,22500,8,-0.009545
2016,22520,8,-0.007263
2016,22540,8,0.001721
2016,22660,8,0.013293
2016,23420,8,-0.000932
2016,23460,8,-0.006841
2016,23580,8,0.002718
2016,24020,8,0.000331
2016,24140,8,-0.010387
2016,24220,8,0.002894
2016,24300,8,-0.003515
2016,24500,8,-0.007131
2016,24540,8,0.017935
2016,24580,8,0.006374
2016,24660,8,-0.002729
2016,25260,8,-0.002033
2016,25420,8,0.005047
2016,25500,8,-0.003673
2016,25540,8,-0.001851
2016,25860,8,-0.007525
2016,25980,8,-0.023395
2016,26300,8,-0.009234
2016,26380,8,-0.005021
2016,26620,8,0.007308
2016,26980,8,0.004255
2016,27060,8,-7.6e-05
2016,27100,8,-0.000709
2016,27260,8,0.007762
2016,27340,8,-0.000469
2016,27500,8,0.001241
2016,27620,8,-0.00612
2016,27740,8,-5.9e-05
2016,27780,8,-0.005954
2016,27860,8,0.002359
2016,27900,8,-0.004563
2016,28100,8,-0.002082
2016,28420,8,0.006227
2016,28660,8,0.003127
2016,28700,8,-0.010115
2016,28740,8,-0.000715
2016,29100,8,0.002329
2016,29340,8,0.002519
2016,29420,8,-0.004436
2016,29460,8,0.008013
2016,29540,8,0.004291
2016,29700,8,0.002423
2016,29740,8,-0.006124
2016,29820,8,0.005911
2016,29940,8,0.002131
2016,30140,8,0.005124
2016,30300,8,-0.010751
2016,30340,8,-0.001872
2016,30460,8,0.004894
2016,30620,8,-0.003116
2016,30700,8,0.003981
2016,30780,8,-0.004865
2016,30860,8,0.006042
2016,31020,8,0.002175
2016,31420,8,-0.010694
2016,31700,8,0.002922
2016,31860,8,-0.003288
2016,31900,8,-0.000744
2016,32580,8,0.001895
2016,32780,8,0.00225
2016,32900,8,-0.004818
2016,33140,8,-0.004039
2016,33340,8,0.001845
2016,33540,8,0.00244
2016,33700,8,-0.002744
2016,33780,8,-0.0011
2016,33860,8,-0.001323
2016,34060,8,-0.004917
2016,34580,8,0.003272
2016,34620,8,-0.003394
2016,34740,8,0.001771
2016,34900,8,-0.005168
2016,34940,8,0.016458
2016,35300,8,-0.001672
2016,35660,8,-0.002319
2016,35980,8,-0.000732
2016,36100,8,0.001042
2016,36220,8,0.011041
2016,36420,8,0.004859
2016,36500,8,0.004456
2016,36540,8,0.00297
2016,36740,8,0.012048
2016,36780,8,0.00222
2016,36980,8,0.002318
2016,37100,8,-0.005073
2016,37340,8,0.005644
2016,37860,8,0.002224
2016,38060,8,0.003129
2016,38300,8,-0.000424
2016,38340,8,-0.005241
2016,38860,8,0.004458
2016,38900,8,0.00771
2016,38940,8,0.007101
2016,39300,8,0.000883
2016,39340,8,0.010298
2016,39380,8,-0.001784
2016,39460,8,0.010782
2016,39540,8,0.001692
2016,39580,8,0.013647
2016,39740,8,0.001667
2016,39820,8,-0.007973
2016,39900,8,0.003415
2016,40140,8,-0.001064
2016,40220,8,-0.007132
2016,40420,8,-0.001066
2016,40580,8,-0.013497
2016,40660,8,-0.006485
2016,40900,8,-0.00015
2016,40980,8,-0.005397
2016,41060,8,-0.000257
2016,41100,8,0.013461
2016,41140,8,-0.009598
2016,41420,8,0.003607
2016,41500,8,-0.004586
2016,41700,8,0.007672
2016,41740,8,-0.001493
2016,41940,8,0.002415
2016,42020,8,-0.002134
2016,42100,8,-0.001831
2016,42140,8,-0.006763
2016,42220,8,-0.005061
2016,42340,8,0.006438
2016,42540,8,-0.002192
2016,42680,8,0.008716
2016,43100,8,0.001946
2016,43300,8,0.000312
2016,43620,8,0.009109
2016,43780,8,0.001881
2016,44100,8,-0.000966
2016,44180,8,0.001375
2016,44220,8,-0.001962
2016,44300,8,0.005208
2016,44700,8,0.000328
2016,45060,8,-0.001228
2016,45220,8,-0.001752
2016,45820,8,-0.00684
2016,45940,8,0.000344
2016,46060,8,-0.004456
2016,46140,8,0.002093
2016,46340,8,-0.001548
2016,46540,8,-0.003682
2016,46660,8,-0.008252
2016,46700,8,-0.001249
2016,47220,8,-0.00276
2016,47300,8,-0.002781
2016,47940,8,-0.005195
2016,48300,8,0.005251
2016,48540,8,-0.014643
2016,48660,8,-0.014932
2016,48700,8,-0.003527
2016,49020,8,-0.004782
2016,49420,8,-0.004312
2016,49620,8,0.003525
2016,49660,8,-0.004212
2016,49700,8,-0.003329
2016,49740,8,-0.00518
2016,10180,9,-0.004879
2016,10420,9,0.0005
2016,10580,9,0.001718
2016,10740,9,-0.005836
2016,10780,9,-0.009172
2016,10900,9,0.003845
2016,11020,9,-0.00329
2016,11260,9,-0.004975
2016,11460,9,0.002751
2016,11500,9,-0.005829
2016,11540,9,0.006651
2016,11700,9,0.001029
2016,12020,9,0.007752
2016,12100,9,-0.000668
2016,12220,9,0.01139
2016,12420,9,0.017539
2016,12540,9,-0.002471
2016,12580,9,-0.006392
2016,12620,9,-0.004711
2016,12700,9,-0.000432
2016,12980,9,-0.001805
2016,13020,9,-0.003163
2016,13380,9,0.006617
2016,13460,9,0.01433
2016,13780,9,-0.004539
2016,14260,9,0.007219
2016,14500,9,0.003472
2016,14740,9,0.007741
2016,14860,9,0.001686
2016,15180,9,-0.003271
2016,15260,9,0.002027
2016,15380,9,-0.000381
2016,15500,9,0.002362
2016,15540,9,0.00189
2016,15940,9,-0.000364
2016,15980,9,0.013722
2016,16020,9,-0.007395
2016,16180,9,-0.007826
2016,16220,9,-0.005812
2016,16300,9,-0.000479
2016,16700,9,0.012868
2016,16860,9,-0.002194
2016,16940,9,-0.003371
2016,17020,9,-0.002418
2016,17420,9,0.003207
2016,17660,9,0.008779
2016,17780,9,0.013115
2016,17820,9,0.005431
2016,17900,9,0.003609
2016,18020,9,0.008582
2016,18700,9,0.004739
2016,19140,9,-0.004969
2016,19340,9,-0.001037
2016,19460,9,-0.005513
2016,19500,9,-0.006562
2016,19740,9,0.00779
2016,20020,9,-0.001945
2016,20100,9,0.002061
2016,20220,9,-0.003567
2016,20740,9,0.002781
2016,20940,9,-0.005957
2016,21140,9,0.006021
2016,21300,9,-0.004512
2016,21500,9,-0.001274
2016,21660,9,0.003507
2016,21820,9,-0.006254
2016,22020,9,0.019566
2016,22140,9,-0.034501
2016,22380,9,-0.000672
2016,22420,9,-0.002478
2016,22500,9,-0.008992
2016,22520,9,-0.007057
2016,22540,9,0.001192
2016,22660,9,0.013592
2016,23420,9,-0.001102
2016,23460,9,-0.007065
2016,23580,9,0.004376
2016,24020,9,-0.000693
2016,24140,9,-0.009763
2016,24220,9,0.001783
2016,24300,9,-0.003756
2016,24500,9,-0.00739
2016,24540,9,0.018347
2016,24580,9,0.006203
2016,24660,9,-0.001804
2016,25260,9,-0.001995
2016,25420,9,0.005369
2016,25500,9,-0.00423
2016,25540,9,-0.001564
2016,25860,9,-0.006805
2016,25980,9,-0.023062
2016,26300,9,-0.009201
2016,26380,9,-0.005175
2016,26620,9,0.007161
2016,26980,9,0.004378
2016,27060,9,-7.5e-05
2016,27100,9,0.000109
2016,27260,9,0.007557
2016,27340,9,-0.000898
2016,27500,9,0.001133
2016,27620,9,-0.005972
2016,27740,9,-0.000313
2016,27780,9,-0.005673
2016,27860,9,0.002798
2016,27900,9,-0.003913
2016,28100,9,-0.00284
2016,28420,9,0.006802
2016,28660,9,0.003263
2016,28700,9,-0.010365
2016,28740,9,-0.001254
2016,29100,9,0.001519
2016,29340,9,0.001711
2016,29420,9,-0.005352
2016,29460,9,0.007983
2016,29540,9,0.004269
2016,29700,9,0.002819
2016,29740,9,-0.006045
2016,29820,9,0.006121
2016,29940,9,0.002583
2016,30140,9,0.005408
2016,30300,9,-0.010421
2016,30340,9,-0.002195
2016,30460,9,0.005003
2016,30620,9,-0.003611
2016,30700,9,0.00438
2016,30780,9,-0.004698
2016,30860,9,0.006482
2016,31020,9,0.002269
2016,31420,9,-0.009284
2016,31700,9,0.002996
2016,31860,9,-0.003176
2016,31900,9,-0.000136
2016,32580,9,0.002368
2016,32780,9,0.002472
2016,32900,9,-0.004625
2016,33140,9,-0.004208
2016,33340,9,0.0014
2016,33540,9,0.001644
2016,33700,9,-0.002431
2016,33780,9,-0.000351
2016,33860,9,-0.000986
2016,34060,9,-0.005316
2016,34580,9,0.003329
2016,34620,9,-0.001969
2016,34740,9,0.002717
2016,34900,9,-0.005336
2016,34940,9,0.014694
2016,35300,9,-0.001661
2016,35660,9,-0.002613
2016,35980,9,-0.000509
2016,36100,9,0.001179
2016,36220,9,0.009768
2016,36420,9,0.005252
2016,36500,9,0.004457
2016,36540,9,0.003252
2016,36740,9,0.01176
2016,36780,9,0.001776
2016,36980,9,0.002344
2016,37100,9,-0.005021
2016,37340,9,0.004591
2016,37860,9,0.002072
2016,38060,9,0.002761
2016,38300,9,-0.000313
2016,38340,9,-0.005243
2016,38860,9,0.004212
2016,38900,9,0.007475
2016,38940,9,0.006174
2016,39300,9,0.000766
2016,39340,9,0.010365
2016,39380,9,-0.001145
2016,39460,9,0.010263
2016,39540,9,0.00122
2016,39580,9,0.014179
2016,39740,9,0.001783
2016,39820,9,-0.008383
2016,39900,9,0.003231
2016,40140,9,-0.001695
2016,40220,9,-0.006815
2016,40420,9,-0.001303
2016,40580,9,-0.012588
2016,40660,9,-0.00547
2016,40900,9,0.000104
2016,40980,9,-0.004968
2016,41060,9,0.000232
2016,41100,9,0.013035
2016,41140,9,-0.009556
2016,41420,9,0.004208
2016,41500,9,-0.004188
2016,41700,9,0.007331
2016,41740,9,-0.001438
2016,41940,9,0.002354
2016,42020,9,-0.002356
2016,42100,9,-0.001486
2016,42140,9,-0.006041
2016,42220,9,-0.004716
2016,42340,9,0.006328
2016,42540,9,-0.001989
2016,42680,9,0.008233
2016,43100,9,0.001726
2016,43300,9,0.000266
2016,43620,9,0.008898
2016,43780,9,0.001999
2016,44100,9,-0.001738
2016,44180,9,0.001747
2016,44220,9,-0.001751
2016,44300,9,0.005637
2016,44700,9,0.000679
2016,45060,9,-0.000905
2016,45220,9,-0.001882
2016,45820,9,-0.006883
2016,45940,9,0.000617
2016,46060,9,-0.003903
2016,46140,9,0.002556
2016,46340,9,-0.000862
2016,46540,9,-0.00366
2016,46660,9,-0.008659
2016,46700,9,-0.000817
2016,47220,9,-0.00304
2016,47300,9,-0.003261
2016,47940,9,-0.005282
2016,48300,9,0.004714
2016,48540,9,-0.014056
2016,48660,9,-0.014334
2016,48700,9,-0.004328
2016,49020,9,-0.005579
2016,49420,9,-0.003817
2016,49620,9,0.003778
2016,49660,9,-0.003771
2016,49700,9,-0.002753
2016,49740,9,-0.005238
2016,10180,10,-0.004844
2016,10420,10,0.000833
2016,10580,10,0.001566
2016,10740,10,-0.005738
2016,10780,10,-0.009644
2016,10900,10,0.00393
2016,11020,10,-0.003104
2016,11260,10,-0.005161
2016,11460,10,0.002995
2016,11500,10,-0.005866
2016,11540,10,0.006559
2016,11700,10,0.000959
2016,12020,10,0.008589
2016,12100,10,-0.001572
2016,12220,10,0.011444
2016,12420,10,0.017051
2016,12540,10,-0.00336
2016,12580,10,-0.007163
2016,12620,10,-0.004861
2016,12700,10,-0.000886
2016,12980,10,-0.001802
2016,13020,10,-0.002941
2016,13380,10,0.006859
2016,13460,10,0.013399
2016,13780,10,-0.004564
2016,14260,10,0.006219
2016,14500,10,0.004597
2016,14740,10,0.009239
2016,14860,10,0.001647
2016,15180,10,-0.003231
2016,15260,10,0.002025
2016,15380,10,-0.000157
2016,15500,10,0.003385
2016,15540,10,0.001736
2016,15940,10,-0.000498
2016,15980,10,0.014192
2016,16020,10,-0.00762
2016,16180,10,-0.008192
2016,16220,10,-0.006245
2016,16300,10,0.000176
2016,16700,10,0.012612
2016,16860,10,-0.002266
2016,16940,10,-0.003253
2016,17020,10,-0.002867
2016,17420,10,0.003521
2016,17660,10,0.008486
2016,17780,10,0.013567
2016,17820,10,0.006326
2016,17900,10,0.003973
2016,18020,10,0.008908
2016,18700,10,0.004868
2016,19140,10,-0.004209
2016,19340,10,-0.001081
2016,19460,10,-0.005299
2016,19500,10,-0.006807
2016,19740,10,0.008691
2016,20020,10,-0.002169
2016,20100,10,0.001435
2016,20220,10,-0.003106
2016,20740,10,0.00262
2016,20940,10,-0.006213
2016,21140,10,0.006573
2016,21300,10,-0.004725
2016,21500,10,-0.000854
2016,21660,10,0.003626
2016,21820,10,-0.005768
2016,22020,10,0.01807
2016,22140,10,-0.037434
2016,22380,10,-0.001173
2016,22420,10,-0.00281
2016,22500,10,-0.008996
2016,22520,10,-0.007503
2016,22540,10,0.001092
2016,22660,10,0.014643
2016,23420,10,-0.001328
2016,23460,10,-0.007245
2016,23580,10,0.004764
2016,24020,10,-0.001397
2016,24140,10,-0.009906
2016,24220,10,-7.7e-05
2016,24300,10,-0.004032
2016,24500,10,-0.007923
2016,24540,10,0.019498
2016,24580,10,0.006369
2016,24660,10,-0.001404
2016,25260,10,-0.002391
2016,25420,10,0.006001
2016,25500,10,-0.004611
2016,25540,10,-0.001357
2016,25860,10,-0.00635
2016,25980,10,-0.025617
2016,26300,10,-0.009457
2016,26380,10,-0.005723
2016,26620,10,0.006815
2016,26980,10,0.004307
2016,27060,10,-0.00053
2016,27100,10,0.00027
2016,27260,10,0.007349
2016,27340,10,-0.001536
2016,27500,10,0.001193
2016,27620,10,-0.00558
2016,27740,10,-0.000701
2016,27780,10,-0.005682
2016,27860,10,0.003126
2016,27900,10,-0.003711
2016,28100,10,-0.0029
2016,28420,10,0.007861
2016,28660,10,0.003722
2016,28700,10,-0.010342
2016,28740,10,-0.001469
2016,29100,10,0.001435
2016,29340,10,0.001279
2016,29420,10,-0.005875
2016,29460,10,0.008091
2016,29540,10,0.004844
2016,29700,10,0.00206
2016,29740,10,-0.00584
2016,29820,10,0.006088
2016,29940,10,0.003361
2016,30140,10,0.005814
2016,30300,10,-0.010688
2016,30340,10,-0.00191
2016,30460,10,0.005483
2016,30620,10,-0.003691
2016,30700,10,0.004393
2016,30780,10,-0.004692
2016,30860,10,0.007612
2016,31020,10,0.003345
2016,31420,10,-0.008933
2016,31700,10,0.003288
2016,31860,10,-0.003367
2016,31900,10,0.00012
2016,32580,10,0.002579
2016,32780,10,0.002087
2016,32900,10,-0.004495
2016,33140,10,-0.004624
2016,33340,10,0.001154
2016,33540,10,0.001809
2016,33700,10,-0.002468
2016,33780,10,-0.000343
2016,33860,10,-0.001025
2016,34060,10,-0.004759
2016,34580,10,0.003862
2016,34620,10,-0.002193
2016,34740,10,0.002865
2016,34900,10,-0.005708
2016,34940,10,0.013806
2016,35300,10,-0.001648
2016,35660,10,-0.002933
2016,35980,10,-0.000766
2016,36100,10,0.001236
2016,36220,10,0.009926
2016,36420,10,0.005087
2016,36500,10,0.004912
2016,36540,10,0.003671
2016,36740,10,0.011133
2016,36780,10,0.001474
2016,36980,10,0.002878
2016,37100,10,-0.005476
2016,37340,10,0.0052
2016,37860,10,0.001934
2016,38060,10,0.002176
2016,38300,10,-0.000192
2016,38340,10,-0.00545
2016,38860,10,0.004184
2016,38900,10,0.007287
2016,38940,10,0.006626
2016,39300,10,0.001014
2016,39340,10,0.010684
2016,39380,10,0.000766
2016,39460,10,0.011303
2016,39540,10,0.001152
2016,39580,10,0.014267
2016,39740,10,0.002257
2016,39820,10,-0.009316
2016,39900,10,0.002707
2016,40140,10,-0.002231
2016,40220,10,-0.006835
2016,40420,10,-0.001184
2016,40580,10,-0.012544
2016,40660,10,-0.004667
2016,40900,10,3.1e-05
2016,40980,10,-0.005063
2016,41060,10,0.000547
2016,41100,10,0.01227
2016,41140,10,-0.00932
2016,41420,10,0.005195
2016,41500,10,-0.003998
2016,41700,10,0.007798
2016,41740,10,-0.001598
2016,41940,10,0.001871
2016,42020,10,-0.002664
2016,42100,10,-0.000997
2016,42140,10,-0.005616
2016,42220,10,-0.00488
2016,42340,10,0.006422
2016,42540,10,-0.00167
2016,42680,10,0.00843
2016,43100,10,0.002009
2016,43300,10,0.001689
2016,43620,10,0.008438
2016,43780,10,0.002086
2016,44100,10,-0.001779
2016,44180,10,0.001993
2016,44220,10,-0.001556
2016,44300,10,0.005689
2016,44700,10,0.000918
2016,45060,10,-0.000645
2016,45220,10,-0.002339
2016,45820,10,-0.006474
2016,45940,10,0.000586
2016,46060,10,-0.004252
2016,46140,10,0.002771
2016,46340,10,-0.000271
2016,46540,10,-0.003582
2016,46660,10,-0.008943
2016,46700,10,-0.000794
2016,47220,10,-0.003633
2016,47300,10,-0.003762
2016,47940,10,-0.005201
2016,48300,10,0.005149
2016,48540,10,-0.014319
2016,48660,10,-0.015006
2016,48700,10,-0.004096
2016,49020,10,-0.006708
2016,49420,10,-0.002911
2016,49620,10,0.004225
2016,49660,10,-0.003882
2016,49700,10,-0.003203
2016,49740,10,-0.005505
2016,10180,11,-0.004798
2016,10420,11,5.3e-05
2016,10580,11,0.002169
2016,10740,11,-0.006036
2016,10780,11,-0.009083
2016,10900,11,0.003849
2016,11020,11,-0.003431
2016,11260,11,-0.004701
2016,11460,11,0.002405
2016,11500,11,-0.005698
2016,11540,11,0.006967
2016,11700,11,0.001512
2016,12020,11,0.006929
2016,12100,11,-8e-05
2016,12220,11,0.011332
2016,12420,11,0.018177
2016,12540,11,-0.002063
2016,12580,11,-0.005578
2016,12620,11,-0.004824
2016,12700,11,-2.3e-05
2016,12980,11,-0.002262
2016,13020,11,-0.003355
2016,13380,11,0.007377
2016,13460,11,0.015233
2016,13780,11,-0.004719
2016,14260,11,0.007298
2016,14500,11,0.002903
2016,14740,11,0.008266
2016,14860,11,0.001277
2016,15180,11,-0.003585
2016,15260,11,0.00187
2016,15380,11,-0.000616
2016,15500,11,0.001669
2016,15540,11,0.00248
2016,15940,11,-0.000776
2016,15980,11,0.014305
2016,16020,11,-0.007622
2016,16180,11,-0.008296
2016,16220,11,-0.00504
2016,16300,11,-0.000736
2016,16700,11,0.01364
2016,16860,11,-0.00223
2016,16940,11,-0.003071
2016,17020,11,-0.002221
2016,17420,11,0.00318
2016,17660,11,0.009428
2016,17780,11,0.013386
2016,17820,11,0.004877
2016,17900,11,0.003351
2016,18020,11,0.00894
2016,18700,11,0.005353
2016,19140,11,-0.005772
2016,19340,11,-0.000508
2016,19460,11,-0.005772
2016,19500,11,-0.006021
2016,19740,11,0.007198
2016,20020,11,-0.002029
2016,20100,11,0.00255
2016,20220,11,-0.003447
2016,20740,11,0.003291
2016,20940,11,-0.005726
2016,21140,11,0.005874
2016,21300,11,-0.00468
2016,21500,11,-0.001612
2016,21660,11,0.003649
2016,21820,11,-0.006109
2016,22020,11,0.021273
2016,22140,11,-0.033739
2016,22380,11,-0.000157
2016,22420,11,-0.003109
2016,22500,11,-0.009393
2016,22520,11,-0.007134
2016,22540,11,0.001615
2016,22660,11,0.013376
2016,23420,11,-0.001002
2016,23460,11,-0.006903
2016,23580,11,0.003123
2016,24020,11,0.000294
2016,24140,11,-0.010153
2016,24220,11,0.003155
2016,24300,11,-0.003497
2016,24500,11,-0.00695
2016,24540,11,0.018038
2016,24580,11,0.006414
2016,24660,11,-0.002525
2016,25260,11,-0.001587
2016,25420,11,0.005062
2016,25500,11,-0.00375
2016,25540,11,-0.001793
2016,25860,11,-0.007374
2016,25980,11,-0.023238
2016,26300,11,-0.009226
2016,26380,11,-0.004869
2016,26620,11,0.00739
2016,26980,11,0.004302
2016,27060,11,2.6e-05
2016,27100,11,-0.000494
2016,27260,11,0.007841
2016,27340,11,-0.000316
2016,27500,11,0.001166
2016,27620,11,-0.006196
2016,27740,11,0.00012
2016,27780,11,-0.005673
2016,27860,11,0.002495
2016,27900,11,-0.004262
2016,28100,11,-0.002344
2016,28420,11,0.006495
2016,28660,11,0.00327
2016,28700,11,-0.010224
2016,28740,11,-0.000884
2016,29100,11,0.002183
2016,29340,11,0.002469
2016,29420,11,-0.004565
2016,29460,11,0.007971
2016,29540,11,0.004053
2016,29700,11,0.002852
2016,29740,11,-0.006061
2016,29820,11,0.005686
2016,29940,11,0.002066
2016,30140,11,0.005272
2016,30300,11,-0.01053
2016,30340,11,-0.002193
2016,30460,11,0.004851
2016,30620,11,-0.003407
2016,30700,11,0.00419
2016,30780,11,-0.004943
2016,30860,11,0.006199
2016,31020,11,0.002058
2016,31420,11,-0.010238
2016,31700,11,0.002823
2016,31860,11,-0.003158
2016,31900,11,-0.000548
2016,32580,11,0.001955
2016,32780,11,0.002495
2016,32900,11,-0.005076
2016,33140,11,-0.004181
2016,33340,11,0.001837
2016,33540,11,0.002358
2016,33700,11,-0.002917
2016,33780,11,-0.000809
2016,33860,11,-0.001018
2016,34060,11,-0.005134
2016,34580,11,0.003227
2016,34620,11,-0.002558
2016,34740,11,0.002039
2016,34900,11,-0.005404
2016,34940,11,0.016139
2016,35300,11,-0.001651
2016,35660,11,-0.002318
2016,35980,11,-0.00049
2016,36100,11,0.001061
2016,36220,11,0.010494
2016,36420,11,0.005237
2016,36500,11,0.004323
2016,36540,11,0.002972
2016,36740,11,0.012165
2016,36780,11,0.002198
2016,36980,11,0.002351
2016,37100,11,-0.004921
2016,37340,11,0.005092
2016,37860,11,0.00227
2016,38060,11,0.002953
2016,38300,11,-0.000409
2016,38340,11,-0.005041
2016,38860,11,0.004468
2016,38900,11,0.007913
2016,38940,11,0.006711
2016,39300,11,0.000743
2016,39340,11,0.010369
2016,39380,11,-0.002071
2016,39460,11,0.01036
2016,39540,11,0.001527
2016,39580,11,0.014089
2016,39740,11,0.001545
2016,39820,11,-0.008126
2016,39900,11,0.003284
2016,40140,11,-0.001248
2016,40220,11,-0.007001
2016,40420,11,-0.001265
2016,40580,11,-0.01327
2016,40660,11,-0.006403
2016,40900,11,-0.000191
2016,40980,11,-0.005286
2016,41060,11,-4.7e-05
2016,41100,11,0.013594
2016,41140,11,-0.009861
2016,41420,11,0.00362
2016,41500,11,-0.004709
2016,41700,11,0.007435
2016,41740,11,-0.001435
2016,41940,11,0.002611
2016,42020,11,-0.002165
2016,42100,11,-0.001881
2016,42140,11,-0.006565
2016,42220,11,-0.005183
2016,42340,11,0.006444
2016,42540,11,-0.002213
2016,42680,11,0.008506
2016,43100,11,0.001879
2016,43300,11,-0.000154
2016,43620,11,0.009182
2016,43780,11,0.002046
2016,44100,11,-0.001192
2016,44180,11,0.001486
2016,44220,11,-0.001952
2016,44300,11,0.005454
2016,44700,11,0.000185
2016,45060,11,-0.001202
2016,45220,11,-0.001483
2016,45820,11,-0.007033
2016,45940,11,0.000401
2016,46060,11,-0.004195
2016,46140,11,0.00228
2016,46340,11,-0.001417
2016,46540,11,-0.003706
2016,46660,11,-0.008419
2016,46700,11,-0.001459
2016,47220,11,-0.002821
2016,47300,11,-0.003006
2016,47940,11,-0.005256
2016,48300,11,0.005239
2016,48540,11,-0.01427
2016,48660,11,-0.01483
2016,48700,11,-0.004003
2016,49020,11,-0.004857
2016,49420,11,-0.00428
2016,49620,11,0.003432
2016,49660,11,-0.003985
2016,49700,11,-0.003098
2016,49740,11,-0.005164
2016,10180,12,-0.004903
2016,10420,12,0.000282
2016,10580,12,0.001946
2016,10740,12,-0.006076
2016,10780,12,-0.009176
2016,10900,12,0.003852
2016,11020,12,-0.003424
2016,11260,12,-0.004822
2016,11460,12,0.002645
2016,11500,12,-0.005649
2016,11540,12,0.006709
2016,11700,12,0.001468
2016,12020,12,0.006852
2016,12100,12,-0.000448
2016,12220,12,0.011526
2016,12420,12,0.017847
2016,12540,12,-0.002313
2016,12580,12,-0.005962
2016,12620,12,-0.004705
2016,12700,12,-0.000296
2016,12980,12,-0.00227
2016,13020,12,-0.003145
2016,13380,12,0.006963
2016,13460,12,0.01476
2016,13780,12,-0.004506
2016,14260,12,0.007055
2016,14500,12,0.003155
2016,14740,12,0.008214
2016,14860,12,0.001204
2016,15180,12,-0.003521
2016,15260,12,0.001807
2016,15380,12,-0.000516
2016,15500,12,0.002145
2016,15540,12,0.002336
2016,15940,12,-0.000838
2016,15980,12,0.014238
2016,16020,12,-0.007723
2016,16180,12,-0.00828
2016,16220,12,-0.005049
2016,16300,12,-0.00051
2016,16700,12,0.013372
2016,16860,12,-0.002365
2016,16940,12,-0.003144
2016,17020,12,-0.002358
2016,17420,12,0.003291
2016,17660,12,0.009178
2016,17780,12,0.013292
2016,17820,12,0.005075
2016,17900,12,0.003431
2016,18020,12,0.00878
2016,18700,12,0.004827
2016,19140,12,-0.005258
2016,19340,12,-0.000587
2016,19460,12,-0.005651
2016,19500,12,-0.006054
2016,19740,12,0.007457
2016,20020,12,-0.002219
2016,20100,12,0.002292
2016,20220,12,-0.003165
2016,20740,12,0.003017
2016,20940,12,-0.005774
2016,21140,12,0.005948
2016,21300,12,-0.005028
2016,21500,12,-0.001407
2016,21660,12,0.003446
2016,21820,12,-0.006253
2016,22020,12,0.020459
2016,22140,12,-0.03427
2016,22380,12,-0.000535
2016,22420,12,-0.003224
2016,22500,12,-0.009274
2016,22520,12,-0.007241
2016,22540,12,0.001501
2016,22660,12,0.013542
2016,23420,12,-0.00104
2016,23460,12,-0.006979
2016,23580,12,0.003378
2016,24020,12,-0.000166
2016,24140,12,-0.010106
2016,24220,12,0.002264
2016,24300,12,-0.003653
2016,24500,12,-0.007229
2016,24540,12,0.018261
2016,24580,12,0.006334
2016,24660,12,-0.002243
2016,25260,12,-0.002051
2016,25420,12,0.005226
2016,25500,12,-0.003934
2016,25540,12,-0.001704
2016,25860,12,-0.007144
2016,25980,12,-0.023444
2016,26300,12,-0.009292
2016,26380,12,-0.005137
2016,26620,12,0.007263
2016,26980,12,0.00431
2016,27060,12,-0.000145
2016,27100,12,-0.000402
2016,27260,12,0.007619
2016,27340,12,-0.000612
2016,27500,12,0.001179
2016,27620,12,-0.006037
2016,27740,12,-0.000195
2016,27780,12,-0.005834
2016,27860,12,0.002622
2016,27900,12,-0.004323
2016,28100,12,-0.002397
2016,28420,12,0.006649
2016,28660,12,0.003256
2016,28700,12,-0.010199
2016,28740,12,-0.000981
2016,29100,12,0.001988
2016,29340,12,0.002177
2016,29420,12,-0.004936
2016,29460,12,0.007934
2016,29540,12,0.004323
2016,29700,12,0.002534
2016,29740,12,-0.006016
2016,29820,12,0.00593
2016,29940,12,0.002372
2016,30140,12,0.005307
2016,30300,12,-0.010662
2016,30340,12,-0.001967
2016,30460,12,0.004974
2016,30620,12,-0.003337
2016,30700,12,0.00415
2016,30780,12,-0.004771
2016,30860,12,0.006378
2016,31020,12,0.002303
2016,31420,12,-0.010056
2016,31700,12,0.002975
2016,31860,12,-0.003293
2016,31900,12,-0.000482
2016,32580,12,0.002134
2016,32780,12,0.002296
2016,32900,12,-0.004754
2016,33140,12,-0.004156
2016,33340,12,0.00162
2016,33540,12,0.002159
2016,33700,12,-0.002673
2016,33780,12,-0.000812
2016,33860,12,-0.001189
2016,34060,12,-0.005048
2016,34580,12,0.003325
2016,34620,12,-0.002824
2016,34740,12,0.002115
2016,34900,12,-0.005316
2016,34940,12,0.015605
2016,35300,12,-0.001669
2016,35660,12,-0.002505
2016,35980,12,-0.000652
2016,36100,12,0.00103
2016,36220,12,0.010427
2016,36420,12,0.005016
2016,36500,12,0.004525
2016,36540,12,0.00313
2016,36740,12,0.011808
2016,36780,12,0.00204
2016,36980,12,0.00237
2016,37100,12,-0.0051
2016,37340,12,0.005146
2016,37860,12,0.002146
2016,38060,12,0.002856
2016,38300,12,-0.000359
2016,38340,12,-0.005295
2016,38860,12,0.004347
2016,38900,12,0.007588
2016,38940,12,0.006635
2016,39300,12,0.000821
2016,39340,12,0.010384
2016,39380,12,-0.001338
2016,39460,12,0.010577
2016,39540,12,0.001471
2016,39580,12,0.013954
2016,39740,12,0.001731
2016,39820,12,-0.008241
2016,39900,12,0.003179
2016,40140,12,-0.001396
2016,40220,12,-0.006993
2016,40420,12,-0.001143
2016,40580,12,-0.013042
2016,40660,12,-0.005958
2016,40900,12,-7.6e-05
2016,40980,12,-0.005205
2016,41060,12,-7.4e-05
2016,41100,12,0.013258
2016,41140,12,-0.009585
2016,41420,12,0.003929
2016,41500,12,-0.004432
2016,41700,12,0.007533
2016,41740,12,-0.001483
2016,41940,12,0.002356
2016,42020,12,-0.00226
2016,42100,12,-0.001678
2016,42140,12,-0.00644
2016,42220,12,-0.004958
2016,42340,12,0.006406
2016,42540,12,-0.00208
2016,42680,12,0.008465
2016,43100,12,0.001875
2016,43300,12,0.000359
2016,43620,12,0.009008
2016,43780,12,0.001935
2016,44100,12,-0.001266
2016,44180,12,0.001534
2016,44220,12,-0.00185
2016,44300,12,0.005351
2016,44700,12,0.000475
2016,45060,12,-0.001063
2016,45220,12,-0.001862
2016,45820,12,-0.00683
2016,45940,12,0.000423
2016,46060,12,-0.004261
2016,46140,12,0.002323
2016,46340,12,-0.001246
2016,46540,12,-0.003683
2016,46660,12,-0.008392
2016,46700,12,-0.001107
2016,47220,12,-0.002942
2016,47300,12,-0.003019
2016,47940,12,-0.005235
2016,48300,12,0.005075
2016,48540,12,-0.014442
2016,48660,12,-0.01473
2016,48700,12,-0.003832
2016,49020,12,-0.005221
2016,49420,12,-0.00397
2016,49620,12,0.003656
2016,49660,12,-0.004026
2016,49700,12,-0.003163
2016,49740,12,-0.005253
2016,10180,13,-0.00504
2016,10420,13,0.001
2016,10580,13,0.001403
2016,10740,13,-0.005438
2016,10780,13,-0.009316
2016,10900,13,0.003847
2016,11020,13,-0.003185
2016,11260,13,-0.00491
2016,11460,13,0.002939
2016,11500,13,-0.006009
2016,11540,13,0.006336
2016,11700,13,0.000659
2016,12020,13,0.008485
2016,12100,13,-0.001257
2016,12220,13,0.011627
2016,12420,13,0.016497
2016,12540,13,-0.003105
2016,12580,13,-0.007075
2016,12620,13,-0.004584
2016,12700,13,-0.001042
2016,12980,13,-0.001285
2016,13020,13,-0.003013
2016,13380,13,0.006134
2016,13460,13,0.01303
2016,13780,13,-0.004364
2016,14260,13,0.006723
2016,14500,13,0.004229
2016,14740,13,0.007563
2016,14860,13,0.002151
2016,15180,13,-0.002908
2016,15260,13,0.002217
2016,15380,13,-0.00021
2016,15500,13,0.003156
2016,15540,13,0.001295
2016,15940,13,-5e-05
2016,15980,13,0.013061
2016,16020,13,-0.007161
2016,16180,13,-0.007546
2016,16220,13,-0.006129
2016,16300,13,-0.000175
2016,16700,13,0.011989
2016,16860,13,-0.002186
2016,16940,13,-0.003484
2016,17020,13,-0.002581
2016,17420,13,0.003314
2016,17660,13,0.008088
2016,17780,13,0.012775
2016,17820,13,0.006133
2016,17900,13,0.00395
2016,18020,13,0.008262
2016,18700,13,0.004039
2016,19140,13,-0.004124
2016,19340,13,-0.001456
2016,19460,13,-0.005192
2016,19500,13,-0.007104
2016,19740,13,0.008425
2016,20020,13,-0.001834
2016,20100,13,0.001609
2016,20220,13,-0.003498
2016,20740,13,0.002307
2016,20940,13,-0.00632
2016,21140,13,0.006287
2016,21300,13,-0.00467
2016,21500,13,-0.001033
2016,21660,13,0.003444
2016,21820,13,-0.006148
2016,22020,13,0.01715
2016,22140,13,-0.035487
2016,22380,13,-0.001251
2016,22420,13,-0.002386
2016,22500,13,-0.008511
2016,22520,13,-0.006984
2016,22540,13,0.000864
2016,22660,13,0.013827
2016,23420,13,-0.001192
2016,23460,13,-0.007227
2016,23580,13,0.005606
2016,24020,13,-0.001777
2016,24140,13,-0.009309
2016,24220,13,-0.000129
2016,24300,13,-0.003991
2016,24500,13,-0.00784
2016,24540,13,0.018416
2016,24580,13,0.006037
2016,24660,13,-0.001016
2016,25260,13,-0.002572
2016,25420,13,0.005861
2016,25500,13,-0.004526
2016,25540,13,-0.001285
2016,25860,13,-0.006185
2016,25980,13,-0.022863
2016,26300,13,-0.009013
2016,26380,13,-0.005447
2016,26620,13,0.006893
2016,26980,13,0.004545
2016,27060,13,-0.000157
2016,27100,13,0.000526
2016,27260,13,0.00719
2016,27340,13,-0.00145
2016,27500,13,0.00121
2016,27620,13,-0.005611
2016,27740,13,-0.000948
2016,27780,13,-0.005935
2016,27860,13,0.003035
2016,27900,13,-0.003457
2016,28100,13,-0.00326
2016,28420,13,0.007434
2016,28660,13,0.003215
2016,28700,13,-0.010388
2016,28740,13,-0.001532
2016,29100,13,0.000964
2016,29340,13,0.000647
2016,29420,13,-0.006373
2016,29460,13,0.007928
2016,29540,13,0.004691
2016,29700,13,0.002561
2016,29740,13,-0.005765
2016,29820,13,0.006065
2016,29940,13,0.003437
2016,30140,13,0.005544
2016,30300,13,-0.009963
2016,30340,13,-0.002135
2016,30460,13,0.005288
2016,30620,13,-0.003722
2016,30700,13,0.004545
2016,30780,13,-0.004324
2016,30860,13,0.00695
2016,31020,13,0.002744
2016,31420,13,-0.008289
2016,31700,13,0.003093
2016,31860,13,-0.003259
2016,31900,13,0.000243
2016,32580,13,0.002864
2016,32780,13,0.002365
2016,32900,13,-0.004549
2016,33140,13,-0.004119
2016,33340,13,0.001051
2016,33540,13,0.001033
2016,33700,13,-0.002354
2016,33780,13,-0.000193
2016,33860,13,-0.001087
2016,34060,13,-0.005076
2016,34580,13,0.003859
2016,34620,13,-0.00142
2016,34740,13,0.003404
2016,34900,13,-0.005414
2016,34940,13,0.01278
2016,35300,13,-0.001644
2016,35660,13,-0.002894
2016,35980,13,-0.000606
2016,36100,13,0.001321
2016,36220,13,0.009437
2016,36420,13,0.005206
2016,36500,13,0.005096
2016,36540,13,0.003562
2016,36740,13,0.01107
2016,36780,13,0.001355
2016,36980,13,0.002237
2016,37100,13,-0.005134
2016,37340,13,0.004076
2016,37860,13,0.001876
2016,38060,13,0.00222
2016,38300,13,-0.000376
2016,38340,13,-0.005433
2016,38860,13,0.003878
2016,38900,13,0.006982
2016,38940,13,0.005568
2016,39300,13,0.000839
2016,39340,13,0.010248
2016,39380,13,0.000147
2016,39460,13,0.010252
2016,39540,13,0.001038
2016,39580,13,0.014145
2016,39740,13,0.002176
2016,39820,13,-0.008696
2016,39900,13,0.002703
2016,40140,13,-0.002372
2016,40220,13,-0.006391
2016,40420,13,-0.001214
2016,40580,13,-0.011977
2016,40660,13,-0.004466
2016,40900,13,0.000215
2016,40980,13,-0.00488
2016,41060,13,0.000577
2016,41100,13,0.012164
2016,41140,13,-0.009147
2016,41420,13,0.005145
2016,41500,13,-0.003796
2016,41700,13,0.007434
2016,41740,13,-0.001353
2016,41940,13,0.001885
2016,42020,13,-0.002565
2016,42100,13,-0.000959
2016,42140,13,-0.005065
2016,42220,13,-0.004395
2016,42340,13,0.006242
2016,42540,13,-0.001704
2016,42680,13,0.007845
2016,43100,13,0.00175
2016,43300,13,0.000883
2016,43620,13,0.008526
2016,43780,13,0.001986
2016,44100,13,-0.002259
2016,44180,13,0.002065
2016,44220,13,-0.001512
2016,44300,13,0.005987
2016,44700,13,0.000706
2016,45060,13,-0.000544
2016,45220,13,-0.002384
2016,45820,13,-0.006638
2016,45940,13,0.001013
2016,46060,13,-0.003635
2016,46140,13,0.002763
2016,46340,13,-4.9e-05
2016,46540,13,-0.00352
2016,46660,13,-0.008964
2016,46700,13,-0.000514
2016,47220,13,-0.003149
2016,47300,13,-0.003635
2016,47940,13,-0.005218
2016,48300,13,0.004428
2016,48540,13,-0.013968
2016,48660,13,-0.013735
2016,48700,13,-0.004737
2016,49020,13,-0.006439
2016,49420,13,-0.002946
2016,49620,13,0.004286
2016,49660,13,-0.003655
2016,49700,13,-0.002741
2016,49740,13,-0.005218
2016,10180,14,-0.005613
2016,10420,14,-0.000625
2016,10580,14,0.002904
2016,10740,14,-0.008251
2016,10780,14,-0.009402
2016,10900,14,0.004052
2016,11020,14,-0.004344
2016,11260,14,-0.005606
2016,11460,14,0.002652
2016,11500,14,-0.005643
2016,11540,14,0.007106
2016,11700,14,0.003132
2016,12020,14,0.003586
2016,12100,14,0.001296
2016,12220,14,0.012469
2016,12420,14,0.021375
2016,12540,14,-0.001072
2016,12580,14,-0.004742
2016,12620,14,-0.005285
2016,12700,14,0.000995
2016,12980,14,-0.002962
2016,13020,14,-0.003548
2016,13380,14,0.007497
2016,13460,14,0.01915
2016,13780,14,-0.005584
2016,14260,14,0.009111
2016,14500,14,0.001781
2016,14740,14,0.007917
2016,14860,14,0.00035
2016,15180,14,-0.004275
2016,15260,14,0.001574
2016,15380,14,-0.000912
2016,15500,14,-0.000375
2016,15540,14,0.003551
2016,15940,14,-0.001883
2016,15980,14,0.016824
2016,16020,14,-0.009067
2016,16180,14,-0.007002
2016,16220,14,-0.003507
2016,16300,14,-0.002063
2016,16700,14,0.0165
2016,16860,14,-0.003498
2016,16940,14,-0.003641
2016,17020,14,-0.002088
2016,17420,14,0.003129
2016,17660,14,0.011215
2016,17780,14,0.014389
2016,17820,14,0.002816
2016,17900,14,0.002137
2016,18020,14,0.008978
2016,18700,14,0.004466
2016,19140,14,-0.007829
2016,19340,14,-1.5e-05
2016,19460,14,-0.00644
2016,19500,14,-0.005377
2016,19740,14,0.006811
2016,20020,14,-0.002473
2016,20100,14,0.003377
2016,20220,14,-0.003397
2016,20740,14,0.003717
2016,20940,14,-0.004889
2016,21140,14,0.005598
2016,21300,14,-0.006913
2016,21500,14,-0.002158
2016,21660,14,0.002904
2016,21820,14,-0.008834
2016,22020,14,0.026265
2016,22140,14,-0.03235
2016,22380,14,0.000927
2016,22420,14,-0.003712
2016,22500,14,-0.011407
2016,22520,14,-0.007472
2016,22540,14,0.002294
2016,22660,14,0.01309
2016,23420,14,-0.000714
2016,23460,14,-0.006869
2016,23580,14,0.001824
2016,24020,14,0.002136
2016,24140,14,-0.012146
2016,24220,14,0.006641
2016,24300,14,-0.003256
2016,24500,14,-0.007631
2016,24540,14,0.018003
2016,24580,14,0.006577
2016,24660,14,-0.004872
2016,25260,14,-0.002074
2016,25420,14,0.004445
2016,25500,14,-0.003406
2016,25540,14,-0.002769
2016,25860,14,-0.009769
2016,25980,14,-0.022663
2016,26300,14,-0.009509
2016,26380,14,-0.004964
2016,26620,14,0.008214
2016,26980,14,0.004572
2016,27060,14,0.000242
2016,27100,14,-0.00105
2016,27260,14,0.009126
2016,27340,14,-0.000877
2016,27500,14,0.001485
2016,27620,14,-0.007358
2016,27740,14,0.000449
2016,27780,14,-0.006986
2016,27860,14,0.001294
2016,27900,14,-0.005913
2016,28100,14,-0.001716
2016,28420,14,0.004094
2016,28660,14,0.002237
2016,28700,14,-0.011076
2016,28740,14,0.000206
2016,29100,14,0.002959
2016,29340,14,0.003855
2016,29420,14,-0.002942
2016,29460,14,0.009003
2016,29540,14,0.004103
2016,29700,14,0.003235
2016,29740,14,-0.007862
2016,29820,14,0.006827
2016,29940,14,0.000735
2016,30140,14,0.004143
2016,30300,14,-0.012148
2016,30340,14,-0.002338
2016,30460,14,0.004717
2016,30620,14,-0.002563
2016,30700,14,0.004156
2016,30780,14,-0.005684
2016,30860,14,0.004036
2016,31020,14,0.001298
2016,31420,14,-0.013741
2016,31700,14,0.003087
2016,31860,14,-0.003217
2016,31900,14,-0.001526
2016,32580,14,0.001048
2016,32780,14,0.002803
2016,32900,14,-0.005164
2016,33140,14,-0.003482
2016,33340,14,0.002626
2016,33540,14,0.002471
2016,33700,14,-0.002815
2016,33780,14,-0.001322
2016,33860,14,-0.001782
2016,34060,14,-0.006182
2016,34580,14,0.003268
2016,34620,14,-0.005301
2016,34740,14,0.001707
2016,34900,14,-0.004577
2016,34940,14,0.02203
2016,35300,14,-0.001944
2016,35660,14,-0.00156
2016,35980,14,-0.000778
2016,36100,14,0.001415
2016,36220,14,0.012918
2016,36420,14,0.004996
2016,36500,14,0.004129
2016,36540,14,0.002562
2016,36740,14,0.014621
2016,36780,14,0.002864
2016,36980,14,0.001986
2016,37100,14,-0.005279
2016,37340,14,0.007764
2016,37860,14,0.002752
2016,38060,14,0.004479
2016,38300,14,-0.000377
2016,38340,14,-0.005335
2016,38860,14,0.005231
2016,38900,14,0.00918
2016,38940,14,0.009442
2016,39300,14,0.001159
2016,39340,14,0.01032
2016,39380,14,-0.004689
2016,39460,14,0.011886
2016,39540,14,0.002351
2016,39580,14,0.013629
2016,39740,14,0.00134
2016,39820,14,-0.007094
2016,39900,14,0.006186
2016,40140,14,-5.4e-05
2016,40220,14,-0.008532
2016,40420,14,-0.001155
2016,40580,14,-0.016386
2016,40660,14,-0.009554
2016,40900,14,-0.000303
2016,40980,14,-0.006146
2016,41060,14,-0.001003
2016,41100,14,0.015448
2016,41140,14,-0.010435
2016,41420,14,0.002408
2016,41500,14,-0.004939
2016,41700,14,0.008477
2016,41740,14,-0.001762
2016,41940,14,0.003728
2016,42020,14,-0.001839
2016,42100,14,-0.002328
2016,42140,14,-0.008876
2016,42220,14,-0.004965
2016,42340,14,0.006678
2016,42540,14,-0.002977
2016,42680,14,0.010643
2016,43100,14,0.001594
2016,43300,14,-0.000849
2016,43620,14,0.010759
2016,43780,14,0.001603
2016,44100,14,-0.000663
2016,44180,14,0.000973
2016,44220,14,-0.002598
2016,44300,14,0.005702
2016,44700,14,-0.000167
2016,45060,14,-0.002007
2016,45220,14,-0.001229
2016,45820,14,-0.007905
2016,45940,14,0.000446
2016,46060,14,-0.005399
2016,46140,14,0.001651
2016,46340,14,-0.003191
2016,46540,14,-0.004006
2016,46660,14,-0.008617
2016,46700,14,-0.001245
2016,47220,14,-0.001742
2016,47300,14,-0.002049
2016,47940,14,-0.005878
2016,48300,14,0.005469
2016,48540,14,-0.016204
2016,48660,14,-0.016101
2016,48700,14,-0.003359
2016,49020,14,-0.003363
2016,49420,14,-0.00682
2016,49620,14,0.003179
2016,49660,14,-0.005074
2016,49700,14,-0.003624
2016,49740,14,-0.005283
2016,10180,15,-0.004609
2016,10420,15,0.001148
2016,10580,15,0.001459
2016,10740,15,-0.005535
2016,10780,15,-0.010195
2016,10900,15,0.004358
2016,11020,15,-0.002999
2016,11260,15,-0.006069
2016,11460,15,0.003296
2016,11500,15,-0.006159
2016,11540,15,0.006848
2016,11700,15,0.000168
2016,12020,15,0.0109
2016,12100,15,-0.001845
2016,12220,15,0.011813
2016,12420,15,0.016961
2016,12540,15,-0.003315
2016,12580,15,-0.007882
2016,12620,15,-0.00503
2016,12700,15,-0.001303
2016,12980,15,-0.001331
2016,13020,15,-0.003253
2016,13380,15,0.006862
2016,13460,15,0.013595
2016,13780,15,-0.004422
2016,14260,15,0.007019
2016,14500,15,0.004907
2016,14740,15,0.009557
2016,14860,15,0.00253
2016,15180,15,-0.003211
2016,15260,15,0.002708
2016,15380,15,-0.000277
2016,15500,15,0.003616
2016,15540,15,0.001057
2016,15940,15,0.000191
2016,15980,15,0.014321
2016,16020,15,-0.00721
2016,16180,15,-0.007663
2016,16220,15,-0.007772
2016,16300,15,0.000422
2016,16700,15,0.012186
2016,16860,15,-0.00236
2016,16940,15,-0.004144
2016,17020,15,-0.002942
2016,17420,15,0.003707
2016,17660,15,0.008622
2016,17780,15,0.013838
2016,17820,15,0.006925
2016,17900,15,0.0042
2016,18020,15,0.009284
2016,18700,15,0.004941
2016,19140,15,-0.003659
2016,19340,15,-0.00179
2016,19460,15,-0.005385
2016,19500,15,-0.007922
2016,19740,15,0.008955
2016,20020,15,-0.00173
2016,20100,15,0.001105
2016,20220,15,-0.003764
2016,20740,15,0.002515
2016,20940,15,-0.006972
2016,21140,15,0.007259
2016,21300,15,-0.003698
2016,21500,15,-0.000988
2016,21660,15,0.003941
2016,21820,15,-0.006024
2016,22020,15,0.016748
2016,22140,15,-0.040884
2016,22380,15,-0.000953
2016,22420,15,-0.001856
2016,22500,15,-0.009245
2016,22520,15,-0.007632
2016,22540,15,0.00073
2016,22660,15,0.014858
2016,23420,15,-0.001153
2016,23460,15,-0.007599
2016,23580,15,0.006593
2016,24020,15,-0.002177
2016,24140,15,-0.010081
2016,24220,15,-0.001213
2016,24300,15,-0.004094
2016,24500,15,-0.008863
2016,24540,15,0.019891
2016,24580,15,0.006562
2016,24660,15,-0.001141
2016,25260,15,-0.002145
2016,25420,15,0.006632
2016,25500,15,-0.005202
2016,25540,15,-0.001118
2016,25860,15,-0.006334
2016,25980,15,-0.02722
2016,26300,15,-0.009557
2016,26380,15,-0.005939
2016,26620,15,0.006727
2016,26980,15,0.004447
2016,27060,15,-0.000174
2016,27100,15,0.00114
2016,27260,15,0.007967
2016,27340,15,-0.001724
2016,27500,15,0.001335
2016,27620,15,-0.00555
2016,27740,15,-0.0008
2016,27780,15,-0.00549
2016,27860,15,0.003441
2016,27900,15,-0.002794
2016,28100,15,-0.003446
2016,28420,15,0.008053
2016,28660,15,0.004101
2016,28700,15,-0.011271
2016,28740,15,-0.001804
2016,29100,15,0.000951
2016,29340,15,0.000521
2016,29420,15,-0.00626
2016,29460,15,0.009356
2016,29540,15,0.005081
2016,29700,15,0.002342
2016,29740,15,-0.006073
2016,29820,15,0.007409
2016,29940,15,0.004216
2016,30140,15,0.006588
2016,30300,15,-0.010581
2016,30340,15,-0.002183
2016,30460,15,0.005784
2016,30620,15,-0.00445
2016,30700,15,0.004674
2016,30780,15,-0.004911
2016,30860,15,0.008237
2016,31020,15,0.00345
2016,31420,15,-0.008154
2016,31700,15,0.003362
2016,31860,15,-0.003182
2016,31900,15,0.000737
2016,32580,15,0.003108
2016,32780,15,0.002574
2016,32900,15,-0.004504
2016,33140,15,-0.00514
2016,33340,15,0.001109
2016,33540,15,0.001274
2016,33700,15,-0.001748
2016,33780,15,0.000182
2016,33860,15,-0.000626
2016,34060,15,-0.005167
2016,34580,15,0.003943
2016,34620,15,-0.000804
2016,34740,15,0.003852
2016,34900,15,-0.005892
2016,34940,15,0.012413
2016,35300,15,-0.001578
2016,35660,15,-0.003163
2016,35980,15,-0.000563
2016,36100,15,0.002161
2016,36220,15,0.010407
2016,36420,15,0.005608
2016,36500,15,0.004909
2016,36540,15,0.003967
2016,36740,15,0.012066
2016,36780,15,0.001013
2016,36980,15,0.002914
2016,37100,15,-0.005505
2016,37340,15,0.004966
2016,37860,15,0.001891
2016,38060,15,0.003061
2016,38300,15,-0.000579
2016,38340,15,-0.005486
2016,38860,15,0.004143
2016,38900,15,0.007215
2016,38940,15,0.006462
2016,39300,15,0.001104
2016,39340,15,0.011304
2016,39380,15,0.000985
2016,39460,15,0.011682
2016,39540,15,0.001145
2016,39580,15,0.014902
2016,39740,15,0.002664
2016,39820,15,-0.009868
2016,39900,15,0.003071
2016,40140,15,-0.00246
2016,40220,15,-0.006792
2016,40420,15,-0.001316
2016,40580,15,-0.012657
2016,40660,15,-0.003917
2016,40900,15,0.000691
2016,40980,15,-0.005107
2016,41060,15,0.001564
2016,41100,15,0.012606
2016,41140,15,-0.009606
2016,41420,15,0.005965
2016,41500,15,-0.003982
2016,41700,15,0.007969
2016,41740,15,-0.001611
2016,41940,15,0.001165
2016,42020,15,-0.00286
2016,42100,15,-0.000969
2016,42140,15,-0.005035
2016,42220,15,-0.005039
2016,42340,15,0.006947
2016,42540,15,-0.001567
2016,42680,15,0.008647
2016,43100,15,0.002274
2016,43300,15,0.002091
2016,43620,15,0.008235
2016,43780,15,0.002447
2016,44100,15,-0.002654
2016,44180,15,0.002582
2016,44220,15,-0.001517
2016,44300,15,0.00614
2016,44700,15,0.001678
2016,45060,15,-0.000536
2016,45220,15,-0.002284
2016,45820,15,-0.006687
2016,45940,15,0.000988
2016,46060,15,-0.00343
2016,46140,15,0.003087
2016,46340,15,0.000737
2016,46540,15,-0.003742
2016,46660,15,-0.009991
2016,46700,15,-0.000191
2016,47220,15,-0.004035
2016,47300,15,-0.004215
2016,47940,15,-0.005326
2016,48300,15,0.004977
2016,48540,15,-0.014559
2016,48660,15,-0.015422
2016,48700,15,-0.005158
2016,49020,15,-0.007462
2016,49420,15,-0.003067
2016,49620,15,0.004816
2016,49660,15,-0.003687
2016,49700,15,-0.002236
2016,49740,15,-0.005382
2016,10180,16,-0.004743
2016,10420,16,0.000842
2016,10580,16,0.001608
2016,10740,16,-0.005798
2016,10780,16,-0.009866
2016,10900,16,0.003995
2016,11020,16,-0.003033
2016,11260,16,-0.005314
2016,11460,16,0.003126
2016,11500,16,-0.005888
2016,11540,16,0.006674
2016,11700,16,0.00095
2016,12020,16,0.008935
2016,12100,16,-0.001805
2016,12220,16,0.011481
2016,12420,16,0.017178
2016,12540,16,-0.003456
2016,12580,16,-0.007298
2016,12620,16,-0.004952
2016,12700,16,-0.000946
2016,12980,16,-0.001927
2016,13020,16,-0.002957
2016,13380,16,0.007085
2016,13460,16,0.013488
2016,13780,16,-0.004576
2016,14260,16,0.006081
2016,14500,16,0.004849
2016,14740,16,0.009834
2016,14860,16,0.001601
2016,15180,16,-0.003373
2016,15260,16,0.001984
2016,15380,16,-0.000127
2016,15500,16,0.00357
2016,15540,16,0.001824
2016,15940,16,-0.000566
2016,15980,16,0.014685
2016,16020,16,-0.007723
2016,16180,16,-0.008502
2016,16220,16,-0.006365
2016,16300,16,0.000367
2016,16700,16,0.012723
2016,16860,16,-0.002294
2016,16940,16,-0.003236
2016,17020,16,-0.003009
2016,17420,16,0.003666
2016,17660,16,0.008601
2016,17780,16,0.01386
2016,17820,16,0.006537
2016,17900,16,0.00403
2016,18020,16,0.009236
2016,18700,16,0.005079
2016,19140,16,-0.004113
2016,19340,16,-0.001001
2016,19460,16,-0.005346
2016,19500,16,-0.006873
2016,19740,16,0.008893
2016,20020,16,-0.002259
2016,20100,16,0.001297
2016,20220,16,-0.002983
2016,20740,16,0.002727
2016,20940,16,-0.006276
2016,21140,16,0.00681
2016,21300,16,-0.004628
2016,21500,16,-0.000804
2016,21660,16,0.003684
2016,21820,16,-0.005642
2016,22020,16,0.018041
2016,22140,16,-0.038777
2016,22380,16,-0.001199
2016,22420,16,-0.002922
2016,22500,16,-0.009157
2016,22520,16,-0.00769
2016,22540,16,0.00111
2016,22660,16,0.015028
2016,23420,16,-0.001351
2016,23460,16,-0.007314
2016,23580,16,0.004713
2016,24020,16,-0.001461
2016,24140,16,-0.01012
2016,24220,16,-0.000345
2016,24300,16,-0.004146
2016,24500,16,-0.008078
2016,24540,16,0.01997
2016,24580,16,0.006525
2016,24660,16,-0.001444
2016,25260,16,-0.002415
2016,25420,16,0.006188
2016,25500,16,-0.004707
2016,25540,16,-0.001328
2016,25860,16,-0.006383
2016,25980,16,-0.026863
2016,26300,16,-0.00965
2016,26380,16,-0.005869
2016,26620,16,0.006755
2016,26980,16,0.004271
2016,27060,16,-0.000557
2016,27100,16,0.000263
2016,27260,16,0.007442
2016,27340,16,-0.001635
2016,27500,16,0.001218
2016,27620,16,-0.005532
2016,27740,16,-0.000688
2016,27780,16,-0.005623
2016,27860,16,0.003218
2016,27900,16,-0.003647
2016,28100,16,-0.00289
2016,28420,16,0.008116
2016,28660,16,0.003937
2016,28700,16,-0.010426
2016,28740,16,-0.001544
2016,29100,16,0.001575
2016,29340,16,0.001315
2016,29420,16,-0.005834
2016,29460,16,0.0083
2016,29540,16,0.004991
2016,29700,16,0.001847
2016,29740,16,-0.005902
2016,29820,16,0.006271
2016,29940,16,0.003545
2016,30140,16,0.006048
2016,30300,16,-0.010869
2016,30340,16,-0.001833
2016,30460,16,0.005645
2016,30620,16,-0.003783
2016,30700,16,0.004381
2016,30780,16,-0.004827
2016,30860,16,0.007992
2016,31020,16,0.003549
2016,31420,16,-0.009049
2016,31700,16,0.003363
2016,31860,16,-0.003421
2016,31900,16,0.000143
2016,32580,16,0.002591
2016,32780,16,0.001987
2016,32900,16,-0.004411
2016,33140,16,-0.004868
2016,33340,16,0.001167
2016,33540,16,0.002017
2016,33700,16,-0.002377
2016,33780,16,-0.000373
2016,33860,16,-0.001006
2016,34060,16,-0.004555
2016,34580,16,0.003855
2016,34620,16,-0.00226
2016,34740,16,0.002812
2016,34900,16,-0.005817
2016,34940,16,0.013849
2016,35300,16,-0.001651
2016,35660,16,-0.003017
2016,35980,16,-0.000864
2016,36100,16,0.001279
2016,36220,16,0.010323
2016,36420,16,0.005097
2016,36500,16,0.004866
2016,36540,16,0.003764
2016,36740,16,0.01122
2016,36780,16,0.001443
2016,36980,16,0.003128
2016,37100,16,-0.005592
2016,37340,16,0.005524
2016,37860,16,0.001929
2016,38060,16,0.002297
2016,38300,16,-0.000176
2016,38340,16,-0.005501
2016,38860,16,0.004273
2016,38900,16,0.007316
2016,38940,16,0.006969
2016,39300,16,0.001088
2016,39340,16,0.010957
2016,39380,16,0.001115
2016,39460,16,0.011764
2016,39540,16,0.001169
2016,39580,16,0.014414
2016,39740,16,0.00236
2016,39820,16,-0.009663
2016,39900,16,0.002641
2016,40140,16,-0.002199
2016,40220,16,-0.00694
2016,40420,16,-0.001236
2016,40580,16,-0.012737
2016,40660,16,-0.004571
2016,40900,16,8.1e-05
2016,40980,16,-0.005173
2016,41060,16,0.000658
2016,41100,16,0.012315
2016,41140,16,-0.009429
2016,41420,16,0.005341
2016,41500,16,-0.004057
2016,41700,16,0.008002
2016,41740,16,-0.001627
2016,41940,16,0.001757
2016,42020,16,-0.002723
2016,42100,16,-0.000964
2016,42140,16,-0.005671
2016,42220,16,-0.005057
2016,42340,16,0.006558
2016,42540,16,-0.001633
2016,42680,16,0.00862
2016,43100,16,0.002164
2016,43300,16,0.002113
2016,43620,16,0.00836
2016,43780,16,0.002179
2016,44100,16,-0.001699
2016,44180,16,0.002034
2016,44220,16,-0.001562
2016,44300,16,0.005686
2016,44700,16,0.001141
2016,45060,16,-0.000628
2016,45220,16,-0.002422
2016,45820,16,-0.006438
2016,45940,16,0.00049
2016,46060,16,-0.004381
2016,46140,16,0.002785
2016,46340,16,-0.000133
2016,46540,16,-0.003607
2016,46660,16,-0.009133
2016,46700,16,-0.000774
2016,47220,16,-0.003927
2016,47300,16,-0.003897
2016,47940,16,-0.005179
2016,48300,16,0.005346
2016,48540,16,-0.01446
2016,48660,16,-0.015493
2016,48700,16,-0.003961
2016,49020,16,-0.006925
2016,49420,16,-0.002856
2016,49620,16,0.004304
2016,49660,16,-0.003949
2016,49700,16,-0.003261
2016,49740,16,-0.005639
2016,10180,17,-0.005613
2016,10420,17,-0.000625
2016,10580,17,0.002904
2016,10740,17,-0.008251
2016,10780,17,-0.009402
2016,10900,17,0.004052
2016,11020,17,-0.004344
2016,11260,17,-0.005606
2016,11460,17,0.002652
2016,11500,17,-0.005643
2016,11540,17,0.007106
2016,11700,17,0.003132
2016,12020,17,0.003586
2016,12100,17,0.001296
2016,12220,17,0.012469
2016,12420,17,0.021375
2016,12540,17,-0.001072
2016,12580,17,-0.004742
2016,12620,17,-0.005285
2016,12700,17,0.000995
2016,12980,17,-0.002962
2016,13020,17,-0.003548
2016,13380,17,0.007497
2016,13460,17,0.01915
2016,13780,17,-0.005584
2016,14260,17,0.009111
2016,14500,17,0.001781
2016,14740,17,0.007917
2016,14860,17,0.00035
2016,15180,17,-0.004275
2016,15260,17,0.001574
2016,15380,17,-0.000912
2016,15500,17,-0.000375
2016,15540,17,0.003551
2016,15940,17,-0.001883
2016,15980,17,0.016824
2016,16020,17,-0.009067
2016,16180,17,-0.007002
2016,16220,17,-0.003507
2016,16300,17,-0.002063
2016,16700,17,0.0165
2016,16860,17,-0.003498
2016,16940,17,-0.003641
2016,17020,17,-0.002088
2016,17420,17,0.003129
2016,17660,17,0.011215
2016,17780,17,0.014389
2016,17820,17,0.002816
2016,17900,17,0.002137
2016,18020,17,0.008978
2016,18700,17,0.004466
2016,19140,17,-0.007829
2016,19340,17,-1.5e-05
2016,19460,17,-0.00644
2016,19500,17,-0.005377
2016,19740,17,0.006811
2016,20020,17,-0.002473
2016,20100,17,0.003377
2016,20220,17,-0.003397
2016,20740,17,0.003717
2016,20940,17,-0.004889
2016,21140,17,0.005598
2016,21300,17,-0.006913
2016,21500,17,-0.002158
2016,21660,17,0.002904
2016,21820,17,-0.008834
2016,22020,17,0.026265
2016,22140,17,-0.03235
2016,22380,17,0.000927
2016,22420,17,-0.003712
2016,22500,17,-0.011407
2016,22520,17,-0.007472
2016,22540,17,0.002294
2016,22660,17,0.01309
2016,23420,17,-0.000714
2016,23460,17,-0.006869
2016,23580,17,0.001824
2016,24020,17,0.002136
2016,24140,17,-0.012146
2016,24220,17,0.006641
2016,24300,17,-0.003256
2016,24500,17,-0.007631
2016,24540,17,0.018003
2016,24580,17,0.006577
2016,24660,17,-0.004872
2016,25260,17,-0.002074
2016,25420,17,0.004445
2016,25500,17,-0.003406
2016,25540,17,-0.002769
2016,25860,17,-0.009769
2016,25980,17,-0.022663
2016,26300,17,-0.009509
2016,26380,17,-0.004964
2016,26620,17,0.008214
2016,26980,17,0.004572
2016,27060,17,0.000242
2016,27100,17,-0.00105
2016,27260,17,0.009126
2016,27340,17,-0.000877
2016,27500,17,0.001485
2016,27620,17,-0.007358
2016,27740,17,0.000449
2016,27780,17,-0.006986
2016,27860,17,0.001294
2016,27900,17,-0.005913
2016,28100,17,-0.001716
2016,28420,17,0.004094
2016,28660,17,0.002237
2016,28700,17,-0.011076
2016,28740,17,0.000206
2016,29100,17,0.002959
2016,29340,17,0.003855
2016,29420,17,-0.002942
2016,29460,17,0.009003
2016,29540,17,0.004103
2016,29700,17,0.003235
2016,29740,17,-0.007862
2016,29820,17,0.006827
2016,29940,17,0.000735
2016,30140,17,0.004143
2016,30300,17,-0.012148
2016,30340,17,-0.002338
2016,30460,17,0.004717
2016,30620,17,-0.002563
2016,30700,17,0.004156
2016,30780,17,-0.005684
2016,30860,17,0.004036
2016,31020,17,0.001298
2016,31420,17,-0.013741
2016,31700,17,0.003087
2016,31860,17,-0.003217
2016,31900,17,-0.001526
2016,32580,17,0.001048
2016,32780,17,0.002803
2016,32900,17,-0.005164
2016,33140,17,-0.003482
2016,33340,17,0.002626
2016,33540,17,0.002471
2016,33700,17,-0.002815
2016,33780,17,-0.001322
2016,33860,17,-0.001782
2016,34060,17,-0.006182
2016,34580,17,0.003268
2016,34620,17,-0.005301
2016,34740,17,0.001707
2016,34900,17,-0.004577
2016,34940,17,0.02203
2016,35300,17,-0.001944
2016,35660,17,-0.00156
2016,35980,17,-0.000778
2016,36100,17,0.001415
2016,36220,17,0.012918
2016,36420,17,0.004996
2016,36500,17,0.004129
2016,36540,17,0.002562
2016,36740,17,0.014621
2016,36780,17,0.002864
2016,36980,17,0.001986
2016,37100,17,-0.005279
2016,37340,17,0.007764
2016,37860,17,0.002752
2016,38060,17,0.004479
2016,38300,17,-0.000377
2016,38340,17,-0.005335
2016,38860,17,0.005231
2016,38900,17,0.00918
2016,38940,17,0.009442
2016,39300,17,0.001159
2016,39340,17,0.01032
2016,39380,17,-0.004689
2016,39460,17,0.011886
2016,39540,17,0.002351
2016,39580,17,0.013629
2016,39740,17,0.00134
2016,39820,17,-0.007094
2016,39900,17,0.006186
2016,40140,17,-5.4e-05
2016,40220,17,-0.008532
2016,40420,17,-0.001155
2016,40580,17,-0.016386
2016,40660,17,-0.009554
2016,40900,17,-0.000303
2016,40980,17,-0.006146
2016,41060,17,-0.001003
2016,41100,17,0.015448
2016,41140,17,-0.010435
2016,41420,17,0.002408
2016,41500,17,-0.004939
2016,41700,17,0.008477
2016,41740,17,-0.001762
2016,41940,17,0.003728
2016,42020,17,-0.001839
2016,42100,17,-0.002328
2016,42140,17,-0.008876
2016,42220,17,-0.004965
2016,42340,17,0.006678
2016,42540,17,-0.002977
2016,42680,17,0.010643
2016,43100,17,0.001594
2016,43300,17,-0.000849
2016,43620,17,0.010759
2016,43780,17,0.001603
2016,44100,17,-0.000663
2016,44180,17,0.000973
2016,44220,17,-0.002598
2016,44300,17,0.005702
2016,44700,17,-0.000167
2016,45060,17,-0.002007
2016,45220,17,-0.001229
2016,45820,17,-0.007905
2016,45940,17,0.000446
2016,46060,17,-0.005399
2016,46140,17,0.001651
2016,46340,17,-0.003191
2016,46540,17,-0.004006
2016,46660,17,-0.008617
2016,46700,17,-0.001245
2016,47220,17,-0.001742
2016,47300,17,-0.002049
2016,47940,17,-0.005878
2016,48300,17,0.005469
2016,48540,17,-0.016204
2016,48660,17,-0.016101
2016,48700,17,-0.003359
2016,49020,17,-0.003363
2016,49420,17,-0.00682
2016,49620,17,0.003179
2016,49660,17,-0.005074
2016,49700,17,-0.003624
2016,49740,17,-0.005283
2016,10180,18,-0.004799
2016,10420,18,0.000755
2016,10580,18,0.001685
2016,10740,18,-0.005849
2016,10780,18,-0.009772
2016,10900,18,0.003949
2016,11020,18,-0.003104
2016,11260,18,-0.005127
2016,11460,18,0.003024
2016,11500,18,-0.005806
2016,11540,18,0.006636
2016,11700,18,0.001154
2016,12020,18,0.008384
2016,12100,18,-0.001657
2016,12220,18,0.011506
2016,12420,18,0.017195
2016,12540,18,-0.003401
2016,12580,18,-0.007063
2016,12620,18,-0.004906
2016,12700,18,-0.000883
2016,12980,18,-0.00207
2016,13020,18,-0.002927
2016,13380,18,0.00715
2016,13460,18,0.013538
2016,13780,18,-0.004562
2016,14260,18,0.005967
2016,14500,18,0.004673
2016,14740,18,0.009825
2016,14860,18,0.001402
2016,15180,18,-0.003412
2016,15260,18,0.001878
2016,15380,18,-0.000176
2016,15500,18,0.00345
2016,15540,18,0.001987
2016,15940,18,-0.000755
2016,15980,18,0.014691
2016,16020,18,-0.007823
2016,16180,18,-0.008624
2016,16220,18,-0.005934
2016,16300,18,0.000298
2016,16700,18,0.012861
2016,16860,18,-0.002337
2016,16940,18,-0.003089
2016,17020,18,-0.002943
2016,17420,18,0.003649
2016,17660,18,0.008677
2016,17780,18,0.013802
2016,17820,18,0.006339
2016,17900,18,0.00395
2016,18020,18,0.009184
2016,18700,18,0.005026
2016,19140,18,-0.004254
2016,19340,18,-0.000818
2016,19460,18,-0.005364
2016,19500,18,-0.006614
2016,19740,18,0.008712
2016,20020,18,-0.002352
2016,20100,18,0.001432
2016,20220,18,-0.002819
2016,20740,18,0.002781
2016,20940,18,-0.006161
2016,21140,18,0.006684
2016,21300,18,-0.00492
2016,21500,18,-0.00086
2016,21660,18,0.003629
2016,21820,18,-0.005632
2016,22020,18,0.018337
2016,22140,18,-0.038117
2016,22380,18,-0.001176
2016,22420,18,-0.003251
2016,22500,18,-0.009171
2016,22520,18,-0.007688
2016,22540,18,0.001235
2016,22660,18,0.014888
2016,23420,18,-0.001334
2016,23460,18,-0.007243
2016,23580,18,0.004279
2016,24020,18,-0.001238
2016,24140,18,-0.010147
2016,24220,18,-0.000105
2016,24300,18,-0.004078
2016,24500,18,-0.007919
2016,24540,18,0.019756
2016,24580,18,0.006513
2016,24660,18,-0.001579
2016,25260,18,-0.002465
2016,25420,18,0.006065
2016,25500,18,-0.004527
2016,25540,18,-0.00139
2016,25860,18,-0.006473
2016,25980,18,-0.026525
2016,26300,18,-0.009603
2016,26380,18,-0.005799
2016,26620,18,0.006802
2016,26980,18,0.004256
2016,27060,18,-0.000593
2016,27100,18,2.2e-05
2016,27260,18,0.007379
2016,27340,18,-0.001498
2016,27500,18,0.001226
2016,27620,18,-0.00555
2016,27740,18,-0.000671
2016,27780,18,-0.005728
2016,27860,18,0.003111
2016,27900,18,-0.003847
2016,28100,18,-0.002706
2016,28420,18,0.008014
2016,28660,18,0.003846
2016,28700,18,-0.01027
2016,28740,18,-0.001408
2016,29100,18,0.00173
2016,29340,18,0.001472
2016,29420,18,-0.005713
2016,29460,18,0.00813
2016,29540,18,0.004973
2016,29700,18,0.001767
2016,29740,18,-0.00583
2016,29820,18,0.006026
2016,29940,18,0.003406
2016,30140,18,0.0059
2016,30300,18,-0.010865
2016,30340,18,-0.001751
2016,30460,18,0.005582
2016,30620,18,-0.003609
2016,30700,18,0.004284
2016,30780,18,-0.004782
2016,30860,18,0.007831
2016,31020,18,0.003519
2016,31420,18,-0.009307
2016,31700,18,0.003322
2016,31860,18,-0.003464
2016,31900,18,-2e-05
2016,32580,18,0.002488
2016,32780,18,0.001911
2016,32900,18,-0.004503
2016,33140,18,-0.004738
2016,33340,18,0.001241
2016,33540,18,0.00217
2016,33700,18,-0.00256
2016,33780,18,-0.000579
2016,33860,18,-0.001119
2016,34060,18,-0.004451
2016,34580,18,0.003885
2016,34620,18,-0.002613
2016,34740,18,0.002563
2016,34900,18,-0.005778
2016,34940,18,0.014157
2016,35300,18,-0.001655
2016,35660,18,-0.002946
2016,35980,18,-0.000908
2016,36100,18,0.001156
2016,36220,18,0.01043
2016,36420,18,0.004971
2016,36500,18,0.004947
2016,36540,18,0.003682
2016,36740,18,0.011111
2016,36780,18,0.001565
2016,36980,18,0.003053
2016,37100,18,-0.005583
2016,37340,18,0.005619
2016,37860,18,0.001954
2016,38060,18,0.002204
2016,38300,18,-0.000185
2016,38340,18,-0.005503
2016,38860,18,0.004283
2016,38900,18,0.007332
2016,38940,18,0.007017
2016,39300,18,0.001083
2016,39340,18,0.010834
2016,39380,18,0.000984
2016,39460,18,0.011715
2016,39540,18,0.001255
2016,39580,18,0.01424
2016,39740,18,0.002302
2016,39820,18,-0.009488
2016,39900,18,0.002563
2016,40140,18,-0.002116
2016,40220,18,-0.006944
2016,40420,18,-0.001149
2016,40580,18,-0.012817
2016,40660,18,-0.004786
2016,40900,18,-4.8e-05
2016,40980,18,-0.005235
2016,41060,18,0.000465
2016,41100,18,0.012316
2016,41140,18,-0.009374
2016,41420,18,0.005191
2016,41500,18,-0.00413
2016,41700,18,0.008015
2016,41740,18,-0.001622
2016,41940,18,0.001809
2016,42020,18,-0.002664
2016,42100,18,-0.001024
2016,42140,18,-0.005776
2016,42220,18,-0.005086
2016,42340,18,0.006511
2016,42540,18,-0.001671
2016,42680,18,0.008608
2016,43100,18,0.002169
2016,43300,18,0.002022
2016,43620,18,0.008415
2016,43780,18,0.00211
2016,44100,18,-0.001507
2016,44180,18,0.001919
2016,44220,18,-0.00159
2016,44300,18,0.005574
2016,44700,18,0.000926
2016,45060,18,-0.000682
2016,45220,18,-0.002413
2016,45820,18,-0.006403
2016,45940,18,0.000442
2016,46060,18,-0.004515
2016,46140,18,0.002676
2016,46340,18,-0.000334
2016,46540,18,-0.003587
2016,46660,18,-0.008926
2016,46700,18,-0.00094
2016,47220,18,-0.003781
2016,47300,18,-0.00376
2016,47940,18,-0.005149
2016,48300,18,0.005435
2016,48540,18,-0.014536
2016,48660,18,-0.01544
2016,48700,18,-0.00377
2016,49020,18,-0.006712
2016,49420,18,-0.002865
2016,49620,18,0.004219
2016,49660,18,-0.004033
2016,49700,18,-0.00347
2016,49740,18,-0.005606
2016,10180,19,-0.004914
2016,10420,19,0.000725
2016,10580,19,0.001644
2016,10740,19,-0.005795
2016,10780,19,-0.009514
2016,10900,19,0.003871
2016,11020,19,-0.003192
2016,11260,19,-0.004945
2016,11460,19,0.002873
2016,11500,19,-0.00578
2016,11540,19,0.006519
2016,11700,19,0.001173
2016,12020,19,0.007951
2016,12100,19,-0.001371
2016,12220,19,0.011466
2016,12420,19,0.017097
2016,12540,19,-0.003257
2016,12580,19,-0.006881
2016,12620,19,-0.004801
2016,12700,19,-0.000795
2016,12980,19,-0.001957
2016,13020,19,-0.002916
2016,13380,19,0.006899
2016,13460,19,0.013489
2016,13780,19,-0.004544
2016,14260,19,0.006151
2016,14500,19,0.004343
2016,14740,19,0.009121
2016,14860,19,0.001434
2016,15180,19,-0.00327
2016,15260,19,0.001907
2016,15380,19,-0.000218
2016,15500,19,0.003214
2016,15540,19,0.001915
2016,15940,19,-0.000689
2016,15980,19,0.014152
2016,16020,19,-0.007717
2016,16180,19,-0.008316
2016,16220,19,-0.005772
2016,16300,19,6.6e-05
2016,16700,19,0.012766
2016,16860,19,-0.002301
2016,16940,19,-0.003099
2016,17020,19,-0.002772
2016,17420,19,0.003482
2016,17660,19,0.008573
2016,17780,19,0.013474
2016,17820,19,0.006071
2016,17900,19,0.003875
2016,18020,19,0.008826
2016,18700,19,0.004802
2016,19140,19,-0.004397
2016,19340,19,-0.000889
2016,19460,19,-0.005331
2016,19500,19,-0.006515
2016,19740,19,0.008451
2016,20020,19,-0.002262
2016,20100,19,0.001614
2016,20220,19,-0.002959
2016,20740,19,0.002678
2016,20940,19,-0.006079
2016,21140,19,0.006398
2016,21300,19,-0.005026
2016,21500,19,-0.000931
2016,21660,19,0.003559
2016,21820,19,-0.005782
2016,22020,19,0.01848
2016,22140,19,-0.036537
2016,22380,19,-0.001137
2016,22420,19,-0.003137
2016,22500,19,-0.008999
2016,22520,19,-0.007477
2016,22540,19,0.001227
2016,22660,19,0.014439
2016,23420,19,-0.001304
2016,23460,19,-0.007164
2016,23580,19,0.004277
2016,24020,19,-0.00113
2016,24140,19,-0.009916
2016,24220,19,0.00028
2016,24300,19,-0.003951
2016,24500,19,-0.007716
2016,24540,19,0.019218
2016,24580,19,0.006343
2016,24660,19,-0.001554
2016,25260,19,-0.002428
2016,25420,19,0.005828
2016,25500,19,-0.004405
2016,25540,19,-0.001433
2016,25860,19,-0.006459
2016,25980,19,-0.02509
2016,26300,19,-0.009401
2016,26380,19,-0.005623
2016,26620,19,0.006889
2016,26980,19,0.004295
2016,27060,19,-0.000553
2016,27100,19,2e-06
2016,27260,19,0.00728
2016,27340,19,-0.001349
2016,27500,19,0.00119
2016,27620,19,-0.005625
2016,27740,19,-0.000663
2016,27780,19,-0.005792
2016,27860,19,0.003003
2016,27900,19,-0.003946
2016,28100,19,-0.002708
2016,28420,19,0.007704
2016,28660,19,0.003599
2016,28700,19,-0.010175
2016,28740,19,-0.001321
2016,29100,19,0.001595
2016,29340,19,0.001472
2016,29420,19,-0.005734
2016,29460,19,0.007884
2016,29540,19,0.004787
2016,29700,19,0.002023
2016,29740,19,-0.00577
2016,29820,19,0.005822
2016,29940,19,0.00316
2016,30140,19,0.005632
2016,30300,19,-0.010679
2016,30340,19,-0.001839
2016,30460,19,0.005385
2016,30620,19,-0.003503
2016,30700,19,0.004292
2016,30780,19,-0.004639
2016,30860,19,0.007379
2016,31020,19,0.003247
2016,31420,19,-0.009217
2016,31700,19,0.003229
2016,31860,19,-0.003409
2016,31900,19,-6.8e-05
2016,32580,19,0.002461
2016,32780,19,0.002024
2016,32900,19,-0.004595
2016,33140,19,-0.004463
2016,33340,19,0.001236
2016,33540,19,0.001956
2016,33700,19,-0.002664
2016,33780,19,-0.000559
2016,33860,19,-0.001144
2016,34060,19,-0.004691
2016,34580,19,0.003855
2016,34620,19,-0.002557
2016,34740,19,0.002586
2016,34900,19,-0.005649
2016,34940,19,0.014175
2016,35300,19,-0.001655
2016,35660,19,-0.002848
2016,35980,19,-0.000797
2016,36100,19,0.001084
2016,36220,19,0.009992
2016,36420,19,0.004962
2016,36500,19,0.00497
2016,36540,19,0.003561
2016,36740,19,0.011034
2016,36780,19,0.001622
2016,36980,19,0.002767
2016,37100,19,-0.005443
2016,37340,19,0.005241
2016,37860,19,0.001964
2016,38060,19,0.002093
2016,38300,19,-0.000202
2016,38340,19,-0.00545
2016,38860,19,0.004192
2016,38900,19,0.007309
2016,38940,19,0.006625
2016,39300,19,0.000987
2016,39340,19,0.010535
2016,39380,19,0.000523
2016,39460,19,0.011171
2016,39540,19,0.001237
2016,39580,19,0.014089
2016,39740,19,0.002161
2016,39820,19,-0.009078
2016,39900,19,0.00264
2016,40140,19,-0.002119
2016,40220,19,-0.006839
2016,40420,19,-0.001099
2016,40580,19,-0.01261
2016,40660,19,-0.004932
2016,40900,19,-0.000105
2016,40980,19,-0.005113
2016,41060,19,0.000311
2016,41100,19,0.012315
2016,41140,19,-0.009276
2016,41420,19,0.004974
2016,41500,19,-0.004082
2016,41700,19,0.007772
2016,41740,19,-0.001586
2016,41940,19,0.00196
2016,42020,19,-0.002587
2016,42100,19,-0.001091
2016,42140,19,-0.005758
2016,42220,19,-0.004896
2016,42340,19,0.00636
2016,42540,19,-0.001729
2016,42680,19,0.008391
2016,43100,19,0.001988
2016,43300,19,0.001499
2016,43620,19,0.008526
2016,43780,19,0.002002
2016,44100,19,-0.001573
2016,44180,19,0.001851
2016,44220,19,-0.001594
2016,44300,19,0.005558
2016,44700,19,0.000679
2016,45060,19,-0.000715
2016,45220,19,-0.002311
2016,45820,19,-0.006461
2016,45940,19,0.00053
2016,46060,19,-0.004377
2016,46140,19,0.002648
2016,46340,19,-0.000528
2016,46540,19,-0.003569
2016,46660,19,-0.008695
2016,46700,19,-0.000969
2016,47220,19,-0.003448
2016,47300,19,-0.003588
2016,47940,19,-0.005179
2016,48300,19,0.005208
2016,48540,19,-0.014383
2016,48660,19,-0.014901
2016,48700,19,-0.003905
2016,49020,19,-0.006423
2016,49420,19,-0.002964
2016,49620,19,0.004104
2016,49660,19,-0.003962
2016,49700,19,-0.003403
2016,49740,19,-0.005463
2017,10180,0,-0.004322
2017,10420,0,0.000488
2017,10580,0,0.004018
2017,10740,0,-0.004275
2017,10780,0,-0.005993
2017,10900,0,0.003625
2017,11020,0,-0.004149
2017,11260,0,-0.001005
2017,11460,0,0.007082
2017,11500,0,-0.007645
2017,11540,0,0.00577
2017,11700,0,0.001403
2017,12020,0,0.002379
2017,12100,0,-0.002555
2017,12220,0,0.009918
2017,12420,0,0.017872
2017,12540,0,-0.006796
2017,12580,0,-0.008906
2017,12620,0,-0.001866
2017,12700,0,-0.002255
2017,12980,0,0.000814
2017,13020,0,-0.00382
2017,13380,0,0.010501
2017,13460,0,0.02212
2017,13780,0,-0.004556
2017,14260,0,0.007016
2017,14500,0,-0.000732
2017,14740,0,0.006601
2017,14860,0,0.000896
2017,15180,0,-0.0011
2017,15260,0,-0.001467
2017,15380,0,-0.000227
2017,15500,0,0.002938
2017,15540,0,0.000296
2017,15940,0,-0.00089
2017,15980,0,0.015249
2017,16020,0,-0.007189
2017,16180,0,-0.008419
2017,16220,0,-0.022086
2017,16300,0,0.001208
2017,16700,0,0.009173
2017,16860,0,-0.002327
2017,16940,0,-0.00081
2017,17020,0,-0.001875
2017,17420,0,0.002576
2017,17660,0,0.011522
2017,17780,0,0.010471
2017,17820,0,0.009067
2017,17900,0,0.001492
2017,18020,0,0.00456
2017,18700,0,0.001174
2017,19340,0,-0.001498
2017,19460,0,-0.004537
2017,19500,0,-0.004691
2017,19740,0,0.003904
2017,20020,0,-0.004497
2017,20100,0,-0.001036
2017,20220,0,-0.006449
2017,20740,0,0.006725
2017,20940,0,-0.004387
2017,21140,0,0.002459
2017,21300,0,-0.006111
2017,21500,0,-0.003198
2017,21660,0,0.006281
2017,21820,0,0.000439
2017,22020,0,0.01246
2017,22140,0,-0.030821
2017,22380,0,-0.001352
2017,22420,0,-0.002708
2017,22500,0,-0.010101
2017,22520,0,-0.004316
2017,22540,0,0.002688
2017,22660,0,0.007257
2017,23420,0,-0.002977
2017,23460,0,-0.006126
2017,23580,0,0.004115
2017,24020,0,-0.001457
2017,24220,0,-0.004039
2017,24300,0,-0.000903
2017,24500,0,-0.01227
2017,24540,0,0.020751
2017,24580,0,0.006908
2017,24660,0,-0.00276
2017,25420,0,0.006789
2017,25500,0,-0.000262
2017,25540,0,-0.001454
2017,25860,0,-0.006152
2017,25980,0,-0.002783
2017,26300,0,-0.004626
2017,26380,0,-0.008689
2017,26620,0,0.007946
2017,26980,0,0.004997
2017,27060,0,0.001724
2017,27100,0,-0.004415
2017,27260,0,0.007632
2017,27340,0,-0.004945
2017,27500,0,0.001876
2017,27740,0,5.3e-05
2017,27780,0,-0.006097
2017,27860,0,0.004307
2017,27900,0,-0.002353
2017,28100,0,-0.00394
2017,28420,0,0.009732
2017,28660,0,0.006029
2017,28700,0,-0.011322
2017,28740,0,-0.000764
2017,29100,0,0.002278
2017,29340,0,0.001967
2017,29420,0,-0.007162
2017,29460,0,0.008206
2017,29540,0,0.003486
2017,29700,0,0.003621
2017,29740,0,-0.004024
2017,29820,0,0.003823
2017,29940,0,0.007761
2017,30140,0,0.007902
2017,30300,0,-0.006983
2017,30340,0,0.000155
2017,30460,0,0.007813
2017,30620,0,-0.002755
2017,30700,0,0.00773
2017,30780,0,-0.000851
2017,30860,0,0.007659
2017,31020,0,0.005843
2017,31420,0,-0.010115
2017,31700,0,0.003596
2017,31860,0,0.002755
2017,32580,0,0.005954
2017,32780,0,0.002647
2017,32900,0,-0.006879
2017,33140,0,-0.003998
2017,33340,0,0.000294
2017,33540,0,0.005757
2017,33700,0,-0.003723
2017,33780,0,-0.000803
2017,33860,0,-0.000379
2017,34060,0,-0.007797
2017,34580,0,0.005904
2017,34620,0,-0.001188
2017,34740,0,0.00306
2017,34940,0,0.009531
2017,35300,0,-0.001884
2017,35660,0,-0.002886
2017,35840,0,0.011851
2017,35980,0,-0.001701
2017,36100,0,0.001811
2017,36220,0,-0.021601
2017,36420,0,0.003682
2017,36500,0,0.011325
2017,36540,0,0.00444
2017,36740,0,0.009846
2017,36780,0,0.00453
2017,36980,0,-0.00011
2017,37100,0,-0.007747
2017,37340,0,0.00304
2017,37860,0,0.003799
2017,38060,0,0.001529
2017,38300,0,-0.001356
2017,38340,0,-0.005607
2017,38860,0,0.004516
2017,38900,0,0.006108
2017,38940,0,0.0069
2017,39300,0,0.000725
2017,39340,0,0.014833
2017,39380,0,0.001367
2017,39460,0,0.01254
2017,39540,0,0.001859
2017,39580,0,0.013927
2017,39740,0,0.001049
2017,39820,0,-0.007943
2017,39900,0,0.002579
2017,40140,0,-0.002108
2017,40420,0,-0.00042
2017,40660,0,-0.006499
2017,40900,0,0.000103
2017,40980,0,-0.001108
2017,41060,0,-0.003081
2017,41100,0,0.014066
2017,41140,0,-0.006983
2017,41420,0,0.008268
2017,41500,0,-0.003219
2017,41700,0,0.008058
2017,41740,0,-0.001898
2017,41940,0,-0.005193
2017,42020,0,-0.004423
2017,42100,0,-0.00646
2017,42140,0,-0.004288
2017,42220,0,-0.007656
2017,42340,0,0.0023
2017,42540,0,-0.001788
2017,42680,0,0.00892
2017,43100,0,-0.000582
2017,43620,0,0.008502
2017,43780,0,0.0033
2017,44100,0,-0.002845
2017,44180,0,-0.000378
2017,44220,0,-0.003721
2017,44300,0,0.005048
2017,44700,0,0.000295
2017,45060,0,-0.001902
2017,45220,0,-0.004516
2017,45820,0,-0.006695
2017,45940,0,0.002644
2017,46060,0,-0.003149
2017,46140,0,0.000675
2017,46340,0,0.002496
2017,46540,0,-0.002052
2017,46660,0,-0.002636
2017,46700,0,-3.7e-05
2017,47220,0,-0.004235
2017,47300,0,-0.004887
2017,47940,0,-0.009469
2017,48300,0,0.004485
2017,48540,0,-0.016657
2017,48660,0,-0.005179
2017,48700,0,-0.003853
2017,49020,0,-0.00053
2017,49420,0,-0.001174
2017,49620,0,0.003963
2017,49660,0,-0.004457
2017,49740,0,-0.002175
2017,10180,1,-0.004033
2017,10420,1,0.00058
2017,10580,1,0.003936
2017,10740,1,-0.004603
2017,10780,1,-0.006071
2017,10900,1,0.003432
2017,11020,1,-0.004044
2017,11260,1,-0.001978
2017,11460,1,0.006355
2017,11500,1,-0.007266
2017,11540,1,0.005573
2017,11700,1,0.00119
2017,12020,1,0.002318
2017,12100,1,-0.001841
2017,12220,1,0.009801
2017,12420,1,0.0176
2017,12540,1,-0.005499
2017,12580,1,-0.008423
2017,12620,1,-0.001606
2017,12700,1,-0.002237
2017,12980,1,0.000448
2017,13020,1,-0.003557
2017,13380,1,0.009005
2017,13460,1,0.021396
2017,13780,1,-0.00413
2017,14260,1,0.007651
2017,14500,1,-0.001092
2017,14740,1,0.005869
2017,14860,1,0.001017
2017,15180,1,-0.001416
2017,15260,1,-0.000798
2017,15380,1,-0.000442
2017,15500,1,0.002556
2017,15540,1,0.000468
2017,15940,1,-0.000786
2017,15980,1,0.014568
2017,16020,1,-0.007229
2017,16180,1,-0.007018
2017,16220,1,-0.019056
2017,16300,1,0.00081
2017,16700,1,0.009222
2017,16860,1,-0.002936
2017,16940,1,-0.001519
2017,17020,1,-0.001807
2017,17420,1,0.002761
2017,17660,1,0.011156
2017,17780,1,0.010215
2017,17820,1,0.007782
2017,17900,1,0.001606
2017,18020,1,0.00435
2017,18700,1,0.000328
2017,19340,1,-0.001554
2017,19460,1,-0.004382
2017,19500,1,-0.004605
2017,19740,1,0.003868
2017,20020,1,-0.003979
2017,20100,1,-0.000436
2017,20220,1,-0.00613
2017,20740,1,0.006142
2017,20940,1,-0.004485
2017,21140,1,0.002358
2017,21300,1,-0.006037
2017,21500,1,-0.002883
2017,21660,1,0.004875
2017,21820,1,-0.001499
2017,22020,1,0.012778
2017,22140,1,-0.028616
2017,22380,1,-0.001027
2017,22420,1,-0.002598
2017,22500,1,-0.009817
2017,22520,1,-0.004198
2017,22540,1,0.002414
2017,22660,1,0.007044
2017,23420,1,-0.002274
2017,23460,1,-0.006031
2017,23580,1,0.004154
2017,24020,1,-0.001118
2017,24220,1,-0.003744
2017,24300,1,-0.000967
2017,24500,1,-0.012135
2017,24540,1,0.019092
2017,24580,1,0.006504
2017,24660,1,-0.002937
2017,25420,1,0.006359
2017,25500,1,-0.000718
2017,25540,1,-0.001406
2017,25860,1,-0.00664
2017,25980,1,-0.002793
2017,26300,1,-0.004968
2017,26380,1,-0.008043
2017,26620,1,0.007766
2017,26980,1,0.004813
2017,27060,1,0.001157
2017,27100,1,-0.003668
2017,27260,1,0.0076
2017,27340,1,-0.003993
2017,27500,1,0.001603
2017,27740,1,-0.000283
2017,27780,1,-0.005888
2017,27860,1,0.003565
2017,27900,1,-0.002796
2017,28100,1,-0.003482
2017,28420,1,0.008617
2017,28660,1,0.005432
2017,28700,1,-0.011164
2017,28740,1,-0.000632
2017,29100,1,0.00218
2017,29340,1,0.001599
2017,29420,1,-0.006706
2017,29460,1,0.00778
2017,29540,1,0.003212
2017,29700,1,0.003869
2017,29740,1,-0.003953
2017,29820,1,0.005073
2017,29940,1,0.007515
2017,30140,1,0.006904
2017,30300,1,-0.007613
2017,30340,1,2.7e-05
2017,30460,1,0.007225
2017,30620,1,-0.002529
2017,30700,1,0.007431
2017,30780,1,-0.000885
2017,30860,1,0.005823
2017,31020,1,0.004594
2017,31420,1,-0.009708
2017,31700,1,0.003365
2017,31860,1,0.002802
2017,32580,1,0.005484
2017,32780,1,0.002556
2017,32900,1,-0.00584
2017,33140,1,-0.003378
2017,33340,1,0.000467
2017,33540,1,0.004693
2017,33700,1,-0.002946
2017,33780,1,-0.000725
2017,33860,1,-0.000356
2017,34060,1,-0.008057
2017,34580,1,0.005177
2017,34620,1,-0.001743
2017,34740,1,0.002616
2017,34940,1,0.010248
2017,35300,1,-0.001762
2017,35660,1,-0.002633
2017,35840,1,0.011754
2017,35980,1,-0.001741
2017,36100,1,0.001784
2017,36220,1,-0.017016
2017,36420,1,0.00326
2017,36500,1,0.009994
2017,36540,1,0.004103
2017,36740,1,0.010214
2017,36780,1,0.004244
2017,36980,1,-0.000475
2017,37100,1,-0.007181
2017,37340,1,0.002796
2017,37860,1,0.003355
2017,38060,1,0.00236
2017,38300,1,-0.00149
2017,38340,1,-0.005445
2017,38860,1,0.004238
2017,38900,1,0.005809
2017,38940,1,0.005902
2017,39300,1,0.00067
2017,39340,1,0.013521
2017,39380,1,0.000503
2017,39460,1,0.011546
2017,39540,1,0.001671
2017,39580,1,0.013305
2017,39740,1,0.000991
2017,39820,1,-0.007087
2017,39900,1,0.003461
2017,40140,1,-0.001569
2017,40420,1,-0.000174
2017,40660,1,-0.006444
2017,40900,1,0.000564
2017,40980,1,-0.0012
2017,41060,1,-0.003184
2017,41100,1,0.013332
2017,41140,1,-0.006803
2017,41420,1,0.006933
2017,41500,1,-0.002992
2017,41700,1,0.007119
2017,41740,1,-0.001664
2017,41940,1,-0.004547
2017,42020,1,-0.004266
2017,42100,1,-0.006078
2017,42140,1,-0.004911
2017,42220,1,-0.006589
2017,42340,1,0.002703
2017,42540,1,-0.001845
2017,42680,1,0.008292
2017,43100,1,-0.000703
2017,43620,1,0.008235
2017,43780,1,0.002832
2017,44100,1,-0.002824
2017,44180,1,-0.00021
2017,44220,1,-0.003166
2017,44300,1,0.004422
2017,44700,1,0.001054
2017,45060,1,-0.001817
2017,45220,1,-0.003954
2017,45820,1,-0.006487
2017,45940,1,0.00272
2017,46060,1,-0.002733
2017,46140,1,0.000662
2017,46340,1,0.001523
2017,46540,1,-0.00224
2017,46660,1,-0.002478
2017,46700,1,0.000805
2017,47220,1,-0.003313
2017,47300,1,-0.004079
2017,47940,1,-0.008871
2017,48300,1,0.003943
2017,48540,1,-0.016911
2017,48660,1,-0.005725
2017,48700,1,-0.003828
2017,49020,1,-0.000619
2017,49420,1,-0.002134
2017,49620,1,0.003656
2017,49660,1,-0.004208
2017,49740,1,-0.002002
2017,10180,2,-0.002873
2017,10420,2,-0.000455
2017,10580,2,0.005675
2017,10740,2,-0.005431
2017,10780,2,-0.006431
2017,10900,2,0.00237
2017,11020,2,-0.003924
2017,11260,2,-0.002002
2017,11460,2,0.004705
2017,11500,2,-0.0073
2017,11540,2,0.006443
2017,11700,2,0.002486
2017,12020,2,0.001521
2017,12100,2,-0.000709
2017,12220,2,0.010003
2017,12420,2,0.020065
2017,12540,2,-0.004793
2017,12580,2,-0.006811
2017,12620,2,-0.000425
2017,12700,2,-0.002385
2017,12980,2,-0.00097
2017,13020,2,-0.005404
2017,13380,2,0.010078
2017,13460,2,0.024961
2017,13780,2,-0.003847
2017,14260,2,0.009946
2017,14500,2,-0.00137
2017,14740,2,0.00586
2017,14860,2,0.000523
2017,15180,2,-0.003479
2017,15260,2,-0.000688
2017,15380,2,-0.00028
2017,15500,2,0.000533
2017,15540,2,0.002352
2017,15940,2,-0.001242
2017,15980,2,0.015884
2017,16020,2,-0.00786
2017,16180,2,-0.007151
2017,16220,2,-0.015845
2017,16300,2,-0.000547
2017,16700,2,0.011117
2017,16860,2,-0.003476
2017,16940,2,-0.001327
2017,17020,2,-0.001753
2017,17420,2,0.003369
2017,17660,2,0.012984
2017,17780,2,0.011039
2017,17820,2,0.005847
2017,17900,2,0.001047
2017,18020,2,0.005203
2017,18700,2,2e-06
2017,19340,2,-0.000237
2017,19460,2,-0.005446
2017,19500,2,-0.004013
2017,19740,2,0.00386
2017,20020,2,-0.003892
2017,20100,2,0.001178
2017,20220,2,-0.006278
2017,20740,2,0.007891
2017,20940,2,-0.005484
2017,21140,2,0.002426
2017,21300,2,-0.006585
2017,21500,2,-0.003636
2017,21660,2,0.004171
2017,21820,2,-0.003065
2017,22020,2,0.016153
2017,22140,2,-0.025445
2017,22380,2,-0.00031
2017,22420,2,-0.00416
2017,22500,2,-0.010545
2017,22520,2,-0.003407
2017,22540,2,0.002324
2017,22660,2,0.006803
2017,23420,2,-0.002116
2017,23460,2,-0.006346
2017,23580,2,0.001884
2017,24020,2,0.000192
2017,24220,2,-0.000802
2017,24300,2,-0.00087
2017,24500,2,-0.01141
2017,24540,2,0.017404
2017,24580,2,0.006769
2017,24660,2,-0.0046
2017,25420,2,0.005802
2017,25500,2,-0.000575
2017,25540,2,-0.001955
2017,25860,2,-0.008891
2017,25980,2,-0.003556
2017,26300,2,-0.006577
2017,26380,2,-0.006863
2017,26620,2,0.008382
2017,26980,2,0.004736
2017,27060,2,0.001955
2017,27100,2,-0.004925
2017,27260,2,0.008467
2017,27340,2,-0.002387
2017,27500,2,0.001958
2017,27740,2,-0.000212
2017,27780,2,-0.005917
2017,27860,2,0.001653
2017,27900,2,-0.004275
2017,28100,2,-0.002963
2017,28420,2,0.008185
2017,28660,2,0.005025
2017,28700,2,-0.011667
2017,28740,2,-0.001113
2017,29100,2,0.004522
2017,29340,2,0.002529
2017,29420,2,-0.006155
2017,29460,2,0.007476
2017,29540,2,0.002352
2017,29700,2,0.004161
2017,29740,2,-0.004557
2017,29820,2,0.003927
2017,29940,2,0.007684
2017,30140,2,0.005482
2017,30300,2,-0.007887
2017,30340,2,-7.6e-05
2017,30460,2,0.007003
2017,30620,2,-0.002518
2017,30700,2,0.007735
2017,30780,2,-0.001327
2017,30860,2,0.003177
2017,31020,2,0.003075
2017,31420,2,-0.011644
2017,31700,2,0.002334
2017,31860,2,0.003258
2017,32580,2,0.004664
2017,32780,2,0.002388
2017,32900,2,-0.007618
2017,33140,2,-0.00238
2017,33340,2,0.001652
2017,33540,2,0.005125
2017,33700,2,-0.004545
2017,33780,2,-0.002295
2017,33860,2,-0.000922
2017,34060,2,-0.007437
2017,34580,2,0.004897
2017,34620,2,-0.002523
2017,34740,2,0.001372
2017,34940,2,0.012877
2017,35300,2,-0.002218
2017,35660,2,-0.002095
2017,35840,2,0.013427
2017,35980,2,-0.002528
2017,36100,2,0.001115
2017,36220,2,-0.01224
2017,36420,2,0.002839
2017,36500,2,0.009192
2017,36540,2,0.003316
2017,36740,2,0.011875
2017,36780,2,0.005289
2017,36980,2,-0.000949
2017,37100,2,-0.00687
2017,37340,2,0.003255
2017,37860,2,0.003431
2017,38060,2,0.003794
2017,38300,2,-0.001618
2017,38340,2,-0.005072
2017,38860,2,0.004682
2017,38900,2,0.008265
2017,38940,2,0.004993
2017,39300,2,0.000257
2017,39340,2,0.013368
2017,39380,2,-0.003134
2017,39460,2,0.010688
2017,39540,2,0.001865
2017,39580,2,0.01363
2017,39740,2,-0.0001
2017,39820,2,-0.006584
2017,39900,2,0.004291
2017,40140,2,-0.001378
2017,40420,2,-0.00075
2017,40660,2,-0.008259
2017,40900,2,0.000238
2017,40980,2,-0.002237
2017,41060,2,-0.005107
2017,41100,2,0.013423
2017,41140,2,-0.00765
2017,41420,2,0.005506
2017,41500,2,-0.004492
2017,41700,2,0.006695
2017,41740,2,-0.001287
2017,41940,2,-0.003252
2017,42020,2,-0.004236
2017,42100,2,-0.006561
2017,42140,2,-0.006865
2017,42220,2,-0.006804
2017,42340,2,0.003131
2017,42540,2,-0.002719
2017,42680,2,0.007763
2017,43100,2,-0.000535
2017,43620,2,0.009017
2017,43780,2,0.002967
2017,44100,2,-0.001849
2017,44180,2,-0.000678
2017,44220,2,-0.003496
2017,44300,2,0.004329
2017,44700,2,-0.000532
2017,45060,2,-0.001963
2017,45220,2,-0.003648
2017,45820,2,-0.007296
2017,45940,2,0.002301
2017,46060,2,-0.003085
2017,46140,2,-0.000402
2017,46340,2,-0.000196
2017,46540,2,-0.001971
2017,46660,2,-0.00304
2017,46700,2,-0.000299
2017,47220,2,-0.002583
2017,47300,2,-0.003273
2017,47940,2,-0.008948
2017,48300,2,0.005224
2017,48540,2,-0.017208
2017,48660,2,-0.006888
2017,48700,2,-0.003308
2017,49020,2,0.000642
2017,49420,2,-0.003463
2017,49620,2,0.002176
2017,49660,2,-0.004253
2017,49740,2,-0.002416
2017,10180,3,-0.003406
2017,10420,3,-6.4e-05
2017,10580,3,0.005173
2017,10740,3,-0.004777
2017,10780,3,-0.006335
2017,10900,3,0.002728
2017,11020,3,-0.004073
2017,11260,3,-0.001414
2017,11460,3,0.005198
2017,11500,3,-0.007338
2017,11540,3,0.00621
2017,11700,3,0.001855
2017,12020,3,0.002083
2017,12100,3,-0.001103
2017,12220,3,0.009845
2017,12420,3,0.018919
2017,12540,3,-0.005447
2017,12580,3,-0.007478
2017,12620,3,-0.000777
2017,12700,3,-0.002473
2017,12980,3,-0.000328
2017,13020,3,-0.004593
2017,13380,3,0.010279
2017,13460,3,0.023588
2017,13780,3,-0.004115
2017,14260,3,0.00863
2017,14500,3,-0.00112
2017,14740,3,0.006161
2017,14860,3,0.000896
2017,15180,3,-0.002513
2017,15260,3,-0.000816
2017,15380,3,-0.00025
2017,15500,3,0.001546
2017,15540,3,0.001584
2017,15940,3,-0.000924
2017,15980,3,0.015298
2017,16020,3,-0.007697
2017,16180,3,-0.007895
2017,16220,3,-0.017577
2017,16300,3,0.000122
2017,16700,3,0.010197
2017,16860,3,-0.002996
2017,16940,3,-0.000988
2017,17020,3,-0.001635
2017,17420,3,0.00315
2017,17660,3,0.012245
2017,17780,3,0.010636
2017,17820,3,0.00699
2017,17900,3,0.001459
2017,18020,3,0.004953
2017,18700,3,0.00034
2017,19340,3,-0.000775
2017,19460,3,-0.005018
2017,19500,3,-0.004207
2017,19740,3,0.003887
2017,20020,3,-0.004021
2017,20100,3,0.000545
2017,20220,3,-0.006515
2017,20740,3,0.007336
2017,20940,3,-0.005063
2017,21140,3,0.002375
2017,21300,3,-0.006025
2017,21500,3,-0.003525
2017,21660,3,0.004725
2017,21820,3,-0.00184
2017,22020,3,0.014751
2017,22140,3,-0.026772
2017,22380,3,-0.000868
2017,22420,3,-0.00344
2017,22500,3,-0.010234
2017,22520,3,-0.00381
2017,22540,3,0.002309
2017,22660,3,0.007058
2017,23420,3,-0.002355
2017,23460,3,-0.006286
2017,23580,3,0.002785
2017,24020,3,-0.00033
2017,24220,3,-0.002041
2017,24300,3,-0.000931
2017,24500,3,-0.011126
2017,24540,3,0.018438
2017,24580,3,0.006742
2017,24660,3,-0.003748
2017,25420,3,0.006181
2017,25500,3,-0.000612
2017,25540,3,-0.001657
2017,25860,3,-0.007864
2017,25980,3,-0.003067
2017,26300,3,-0.005765
2017,26380,3,-0.007232
2017,26620,3,0.008236
2017,26980,3,0.004861
2017,27060,3,0.001578
2017,27100,3,-0.004553
2017,27260,3,0.007959
2017,27340,3,-0.003143
2017,27500,3,0.001864
2017,27740,3,-0.000254
2017,27780,3,-0.005811
2017,27860,3,0.002537
2017,27900,3,-0.003381
2017,28100,3,-0.003345
2017,28420,3,0.0088
2017,28660,3,0.005385
2017,28700,3,-0.011632
2017,28740,3,-0.000857
2017,29100,3,0.003707
2017,29340,3,0.002193
2017,29420,3,-0.006417
2017,29460,3,0.007308
2017,29540,3,0.002409
2017,29700,3,0.00423
2017,29740,3,-0.004067
2017,29820,3,0.003591
2017,29940,3,0.007755
2017,30140,3,0.006274
2017,30300,3,-0.007613
2017,30340,3,-0.000334
2017,30460,3,0.007189
2017,30620,3,-0.002751
2017,30700,3,0.007888
2017,30780,3,-0.001097
2017,30860,3,0.004426
2017,31020,3,0.003865
2017,31420,3,-0.010846
2017,31700,3,0.002635
2017,31860,3,0.003069
2017,32580,3,0.005155
2017,32780,3,0.002462
2017,32900,3,-0.007527
2017,33140,3,-0.002866
2017,33340,3,0.001185
2017,33540,3,0.005229
2017,33700,3,-0.004541
2017,33780,3,-0.001811
2017,33860,3,-0.000568
2017,34060,3,-0.007639
2017,34580,3,0.005253
2017,34620,3,-0.001861
2017,34740,3,0.001776
2017,34940,3,0.011412
2017,35300,3,-0.002034
2017,35660,3,-0.002488
2017,35840,3,0.012536
2017,35980,3,-0.002078
2017,36100,3,0.001219
2017,36220,3,-0.015058
2017,36420,3,0.003198
2017,36500,3,0.009814
2017,36540,3,0.003693
2017,36740,3,0.010901
2017,36780,3,0.005114
2017,36980,3,-0.000686
2017,37100,3,-0.006991
2017,37340,3,0.00256
2017,37860,3,0.003433
2017,38060,3,0.002604
2017,38300,3,-0.001585
2017,38340,3,-0.005253
2017,38860,3,0.004526
2017,38900,3,0.007402
2017,38940,3,0.005169
2017,39300,3,0.000358
2017,39340,3,0.01363
2017,39380,3,-0.001481
2017,39460,3,0.010805
2017,39540,3,0.001838
2017,39580,3,0.013675
2017,39740,3,0.000201
2017,39820,3,-0.006968
2017,39900,3,0.003508
2017,40140,3,-0.001738
2017,40420,3,-0.00067
2017,40660,3,-0.007586
2017,40900,3,0.000123
2017,40980,3,-0.001849
2017,41060,3,-0.004467
2017,41100,3,0.013351
2017,41140,3,-0.007652
2017,41420,3,0.006207
2017,41500,3,-0.004062
2017,41700,3,0.006852
2017,41740,3,-0.001376
2017,41940,3,-0.003842
2017,42020,3,-0.004296
2017,42100,3,-0.006445
2017,42140,3,-0.005737
2017,42220,3,-0.007125
2017,42340,3,0.002878
2017,42540,3,-0.002347
2017,42680,3,0.007705
2017,43100,3,-0.000542
2017,43620,3,0.008848
2017,43780,3,0.002886
2017,44100,3,-0.002245
2017,44180,3,-0.000492
2017,44220,3,-0.003547
2017,44300,3,0.004356
2017,44700,3,-0.000405
2017,45060,3,-0.001889
2017,45220,3,-0.003781
2017,45820,3,-0.006992
2017,45940,3,0.002553
2017,46060,3,-0.002955
2017,46140,3,0.00014
2017,46340,3,0.000683
2017,46540,3,-0.002164
2017,46660,3,-0.002829
2017,46700,3,-0.000313
2017,47220,3,-0.002961
2017,47300,3,-0.003737
2017,47940,3,-0.009117
2017,48300,3,0.005058
2017,48540,3,-0.016042
2017,48660,3,-0.006452
2017,48700,3,-0.003644
2017,49020,3,0.000273
2017,49420,3,-0.002375
2017,49620,3,0.002617
2017,49660,3,-0.004195
2017,49740,3,-0.002206
2017,10180,4,-0.003876
2017,10420,4,0.000381
2017,10580,4,0.004046
2017,10740,4,-0.004739
2017,10780,4,-0.005981
2017,10900,4,0.003279
2017,11020,4,-0.003878
2017,11260,4,-0.001939
2017,11460,4,0.006332
2017,11500,4,-0.007323
2017,11540,4,0.005645
2017,11700,4,0.001561
2017,12020,4,0.001976
2017,12100,4,-0.001995
2017,12220,4,0.00983
2017,12420,4,0.017983
2017,12540,4,-0.005789
2017,12580,4,-0.008291
2017,12620,4,-0.001565
2017,12700,4,-0.002127
2017,12980,4,0.000281
2017,13020,4,-0.003962
2017,13380,4,0.009185
2017,13460,4,0.021958
2017,13780,4,-0.004107
2017,14260,4,0.007808
2017,14500,4,-0.00097
2017,14740,4,0.005923
2017,14860,4,0.000717
2017,15180,4,-0.001741
2017,15260,4,-0.000926
2017,15380,4,-0.000369
2017,15500,4,0.002334
2017,15540,4,0.000721
2017,15940,4,-0.001028
2017,15980,4,0.014898
2017,16020,4,-0.007172
2017,16180,4,-0.007095
2017,16220,4,-0.019215
2017,16300,4,0.000646
2017,16700,4,0.009527
2017,16860,4,-0.002926
2017,16940,4,-0.0014
2017,17020,4,-0.001891
2017,17420,4,0.00276
2017,17660,4,0.011419
2017,17780,4,0.010416
2017,17820,4,0.007726
2017,17900,4,0.001408
2017,18020,4,0.004399
2017,18700,4,0.000511
2017,19340,4,-0.001258
2017,19460,4,-0.004629
2017,19500,4,-0.004523
2017,19740,4,0.003947
2017,20020,4,-0.004073
2017,20100,4,-0.00035
2017,20220,4,-0.005907
2017,20740,4,0.006494
2017,20940,4,-0.004503
2017,21140,4,0.002358
2017,21300,4,-0.006479
2017,21500,4,-0.002864
2017,21660,4,0.005043
2017,21820,4,-0.001283
2017,22020,4,0.013101
2017,22140,4,-0.028367
2017,22380,4,-0.000944
2017,22420,4,-0.003045
2017,22500,4,-0.009848
2017,22520,4,-0.003968
2017,22540,4,0.002504
2017,22660,4,0.007079
2017,23420,4,-0.002456
2017,23460,4,-0.006035
2017,23580,4,0.003532
2017,24020,4,-0.001149
2017,24220,4,-0.003475
2017,24300,4,-0.000954
2017,24500,4,-0.012325
2017,24540,4,0.019134
2017,24580,4,0.0066
2017,24660,4,-0.003129
2017,25420,4,0.006243
2017,25500,4,-0.000552
2017,25540,4,-0.001571
2017,25860,4,-0.006763
2017,25980,4,-0.003221
2017,26300,4,-0.005294
2017,26380,4,-0.008149
2017,26620,4,0.007788
2017,26980,4,0.004717
2017,27060,4,0.001475
2017,27100,4,-0.004128
2017,27260,4,0.007735
2017,27340,4,-0.003807
2017,27500,4,0.001641
2017,27740,4,-0.000227
2017,27780,4,-0.005944
2017,27860,4,0.003498
2017,27900,4,-0.003199
2017,28100,4,-0.00339
2017,28420,4,0.00886
2017,28660,4,0.005485
2017,28700,4,-0.010974
2017,28740,4,-0.000884
2017,29100,4,0.002486
2017,29340,4,0.001865
2017,29420,4,-0.006771
2017,29460,4,0.007817
2017,29540,4,0.003376
2017,29700,4,0.003639
2017,29740,4,-0.004073
2017,29820,4,0.00463
2017,29940,4,0.007504
2017,30140,4,0.006762
2017,30300,4,-0.007532
2017,30340,4,0.000361
2017,30460,4,0.007278
2017,30620,4,-0.002387
2017,30700,4,0.007347
2017,30780,4,-0.000883
2017,30860,4,0.005962
2017,31020,4,0.004711
2017,31420,4,-0.009988
2017,31700,4,0.003349
2017,31860,4,0.002831
2017,32580,4,0.005403
2017,32780,4,0.002501
2017,32900,4,-0.006061
2017,33140,4,-0.003381
2017,33340,4,0.000528
2017,33540,4,0.004965
2017,33700,4,-0.003194
2017,33780,4,-0.000914
2017,33860,4,-0.000544
2017,34060,4,-0.007792
2017,34580,4,0.005221
2017,34620,4,-0.001911
2017,34740,4,0.002556
2017,34940,4,0.0105
2017,35300,4,-0.001895
2017,35660,4,-0.002513
2017,35840,4,0.012053
2017,35980,4,-0.001984
2017,36100,4,0.001602
2017,36220,4,-0.017478
2017,36420,4,0.00312
2017,36500,4,0.010099
2017,36540,4,0.00403
2017,36740,4,0.01031
2017,36780,4,0.004303
2017,36980,4,-0.000432
2017,37100,4,-0.007352
2017,37340,4,0.00323
2017,37860,4,0.003472
2017,38060,4,0.002408
2017,38300,4,-0.001349
2017,38340,4,-0.00541
2017,38860,4,0.004347
2017,38900,4,0.006221
2017,38940,4,0.006118
2017,39300,4,0.00063
2017,39340,4,0.013683
2017,39380,4,0.000229
2017,39460,4,0.011728
2017,39540,4,0.001634
2017,39580,4,0.013442
2017,39740,4,0.00087
2017,39820,4,-0.007204
2017,39900,4,0.003327
2017,40140,4,-0.0017
2017,40420,4,-0.000223
2017,40660,4,-0.006565
2017,40900,4,0.000396
2017,40980,4,-0.001191
2017,41060,4,-0.003403
2017,41100,4,0.013445
2017,41140,4,-0.006637
2017,41420,4,0.007064
2017,41500,4,-0.003166
2017,41700,4,0.007271
2017,41740,4,-0.001728
2017,41940,4,-0.004476
2017,42020,4,-0.004265
2017,42100,4,-0.006159
2017,42140,4,-0.005159
2017,42220,4,-0.006704
2017,42340,4,0.002601
2017,42540,4,-0.001948
2017,42680,4,0.008455
2017,43100,4,-0.000719
2017,43620,4,0.008264
2017,43780,4,0.003038
2017,44100,4,-0.002615
2017,44180,4,-0.000402
2017,44220,4,-0.003175
2017,44300,4,0.004575
2017,44700,4,0.000735
2017,45060,4,-0.001805
2017,45220,4,-0.004106
2017,45820,4,-0.006592
2017,45940,4,0.002498
2017,46060,4,-0.002968
2017,46140,4,0.000391
2017,46340,4,0.001387
2017,46540,4,-0.001998
2017,46660,4,-0.002552
2017,46700,4,0.00045
2017,47220,4,-0.003454
2017,47300,4,-0.004165
2017,47940,4,-0.008851
2017,48300,4,0.00408
2017,48540,4,-0.017733
2017,48660,4,-0.005525
2017,48700,4,-0.003602
2017,49020,4,-0.000482
2017,49420,4,-0.002223
2017,49620,4,0.003548
2017,49660,4,-0.004239
2017,49740,4,-0.002222
2017,10180,5,-0.00381
2017,10420,5,0.000324
2017,10580,5,0.004679
2017,10740,5,-0.004365
2017,10780,5,-0.006455
2017,10900,5,0.003076
2017,11020,5,-0.004213
2017,11260,5,-0.001347
2017,11460,5,0.005577
2017,11500,5,-0.007248
2017,11540,5,0.005943
2017,11700,5,0.001177
2017,12020,5,0.002811
2017,12100,5,-0.001321
2017,12220,5,0.009747
2017,12420,5,0.017813
2017,12540,5,-0.005689
2017,12580,5,-0.008017
2017,12620,5,-0.00105
2017,12700,5,-0.002557
2017,12980,5,0.000231
2017,13020,5,-0.003859
2017,13380,5,0.010086
2017,13460,5,0.021994
2017,13780,5,-0.004322
2017,14260,5,0.007671
2017,14500,5,-0.000742
2017,14740,5,0.006318
2017,14860,5,0.001327
2017,15180,5,-0.001782
2017,15260,5,-0.000669
2017,15380,5,-0.000184
2017,15500,5,0.00222
2017,15540,5,0.000873
2017,15940,5,-0.000497
2017,15980,5,0.014701
2017,16020,5,-0.007512
2017,16180,5,-0.007984
2017,16220,5,-0.018506
2017,16300,5,0.000585
2017,16700,5,0.009359
2017,16860,5,-0.002755
2017,16940,5,-0.00097
2017,17020,5,-0.001508
2017,17420,5,0.003007
2017,17660,5,0.011461
2017,17780,5,0.010334
2017,17820,5,0.007662
2017,17900,5,0.001745
2017,18020,5,0.004735
2017,18700,5,0.000432
2017,19340,5,-0.001388
2017,19460,5,-0.004596
2017,19500,5,-0.004531
2017,19740,5,0.004062
2017,20020,5,-0.003971
2017,20100,5,3.9e-05
2017,20220,5,-0.006769
2017,20740,5,0.006573
2017,20940,5,-0.004692
2017,21140,5,0.002484
2017,21300,5,-0.00527
2017,21500,5,-0.003481
2017,21660,5,0.00484
2017,21820,5,-0.001624
2017,22020,5,0.013452
2017,22140,5,-0.027982
2017,22380,5,-0.001335
2017,22420,5,-0.00249
2017,22500,5,-0.010026
2017,22520,5,-0.004232
2017,22540,5,0.002109
2017,22660,5,0.007419
2017,23420,5,-0.002384
2017,23460,5,-0.006279
2017,23580,5,0.003943
2017,24020,5,-0.000816
2017,24220,5,-0.002951
2017,24300,5,-0.001094
2017,24500,5,-0.010774
2017,24540,5,0.018992
2017,24580,5,0.006585
2017,24660,5,-0.003076
2017,25420,5,0.006461
2017,25500,5,-0.000953
2017,25540,5,-0.001427
2017,25860,5,-0.007146
2017,25980,5,-0.00289
2017,26300,5,-0.005113
2017,26380,5,-0.007328
2017,26620,5,0.008012
2017,26980,5,0.004981
2017,27060,5,0.001179
2017,27100,5,-0.003809
2017,27260,5,0.007543
2017,27340,5,-0.003908
2017,27500,5,0.001867
2017,27740,5,-0.000414
2017,27780,5,-0.005627
2017,27860,5,0.003011
2017,27900,5,-0.002473
2017,28100,5,-0.003738
2017,28420,5,0.008803
2017,28660,5,0.005416
2017,28700,5,-0.011843
2017,28740,5,-0.000535
2017,29100,5,0.002941
2017,29340,5,0.001733
2017,29420,5,-0.006484
2017,29460,5,0.00729
2017,29540,5,0.002342
2017,29700,5,0.004298
2017,29740,5,-0.003874
2017,29820,5,0.003806
2017,29940,5,0.007731
2017,30140,5,0.006855
2017,30300,5,-0.007508
2017,30340,5,-0.000764
2017,30460,5,0.007256
2017,30620,5,-0.003086
2017,30700,5,0.00795
2017,30780,5,-0.001107
2017,30860,5,0.004995
2017,31020,5,0.00422
2017,31420,5,-0.010148
2017,31700,5,0.002857
2017,31860,5,0.002808
2017,32580,5,0.005454
2017,32780,5,0.002597
2017,32900,5,-0.007154
2017,33140,5,-0.003161
2017,33340,5,0.00085
2017,33540,5,0.004882
2017,33700,5,-0.00419
2017,33780,5,-0.001318
2017,33860,5,-0.000282
2017,34060,5,-0.007904
2017,34580,5,0.005447
2017,34620,5,-0.001254
2017,34740,5,0.002165
2017,34940,5,0.010303
2017,35300,5,-0.001875
2017,35660,5,-0.002806
2017,35840,5,0.011774
2017,35980,5,-0.001645
2017,36100,5,0.001503
2017,36220,5,-0.015925
2017,36420,5,0.003498
2017,36500,5,0.009899
2017,36540,5,0.00395
2017,36740,5,0.010244
2017,36780,5,0.0048
2017,36980,5,-0.000453
2017,37100,5,-0.006858
2017,37340,5,0.00205
2017,37860,5,0.003255
2017,38060,5,0.001904
2017,38300,5,-0.001611
2017,38340,5,-0.00543
2017,38860,5,0.004359
2017,38900,5,0.006603
2017,38940,5,0.005405
2017,39300,5,0.000561
2017,39340,5,0.013468
2017,39380,5,-0.000246
2017,39460,5,0.010885
2017,39540,5,0.001865
2017,39580,5,0.013417
2017,39740,5,0.000479
2017,39820,5,-0.007217
2017,39900,5,0.003302
2017,40140,5,-0.001849
2017,40420,5,-0.000709
2017,40660,5,-0.00703
2017,40900,5,0.000221
2017,40980,5,-0.001712
2017,41060,5,-0.003715
2017,41100,5,0.013072
2017,41140,5,-0.007785
2017,41420,5,0.006581
2017,41500,5,-0.003572
2017,41700,5,0.006938
2017,41740,5,-0.001354
2017,41940,5,-0.004142
2017,42020,5,-0.004246
2017,42100,5,-0.006127
2017,42140,5,-0.004791
2017,42220,5,-0.007089
2017,42340,5,0.002833
2017,42540,5,-0.002071
2017,42680,5,0.007712
2017,43100,5,-0.000409
2017,43620,5,0.008671
2017,43780,5,0.002665
2017,44100,5,-0.002695
2017,44180,5,-0.000183
2017,44220,5,-0.003593
2017,44300,5,0.004326
2017,44700,5,2.6e-05
2017,45060,5,-0.001836
2017,45220,5,-0.003719
2017,45820,5,-0.006707
2017,45940,5,0.00283
2017,46060,5,-0.002708
2017,46140,5,0.000647
2017,46340,5,0.00144
2017,46540,5,-0.002461
2017,46660,5,-0.002925
2017,46700,5,4.3e-05
2017,47220,5,-0.003054
2017,47300,5,-0.004
2017,47940,5,-0.009186
2017,48300,5,0.004714
2017,48540,5,-0.014354
2017,48660,5,-0.006401
2017,48700,5,-0.004022
2017,49020,5,-0.000225
2017,49420,5,-0.00175
2017,49620,5,0.002962
2017,49660,5,-0.004097
2017,49740,5,-0.00201
2017,10180,6,-0.002871
2017,10420,6,-0.000553
2017,10580,6,0.005845
2017,10740,6,-0.00547
2017,10780,6,-0.006443
2017,10900,6,0.002417
2017,11020,6,-0.003913
2017,11260,6,-0.001904
2017,11460,6,0.004755
2017,11500,6,-0.007458
2017,11540,6,0.006625
2017,11700,6,0.002813
2017,12020,6,0.00139
2017,12100,6,-0.000819
2017,12220,6,0.010303
2017,12420,6,0.020569
2017,12540,6,-0.005239
2017,12580,6,-0.006901
2017,12620,6,-0.000418
2017,12700,6,-0.002382
2017,12980,6,-0.001031
2017,13020,6,-0.005758
2017,13380,6,0.010571
2017,13460,6,0.025684
2017,13780,6,-0.003872
2017,14260,6,0.010105
2017,14500,6,-0.00135
2017,14740,6,0.006232
2017,14860,6,0.000327
2017,15180,6,-0.003623
2017,15260,6,-0.000657
2017,15380,6,-0.000301
2017,15500,6,0.000511
2017,15540,6,0.002464
2017,15940,6,-0.001445
2017,15980,6,0.016206
2017,16020,6,-0.007903
2017,16180,6,-0.007371
2017,16220,6,-0.016586
2017,16300,6,-0.000574
2017,16700,6,0.011482
2017,16860,6,-0.003491
2017,16940,6,-0.001246
2017,17020,6,-0.001775
2017,17420,6,0.003399
2017,17660,6,0.013458
2017,17780,6,0.0114
2017,17820,6,0.006099
2017,17900,6,0.001002
2017,18020,6,0.00528
2017,18700,6,0.00028
2017,19340,6,-6.8e-05
2017,19460,6,-0.005692
2017,19500,6,-0.003998
2017,19740,6,0.003872
2017,20020,6,-0.004031
2017,20100,6,0.001261
2017,20220,6,-0.006231
2017,20740,6,0.008295
2017,20940,6,-0.005662
2017,21140,6,0.002467
2017,21300,6,-0.007056
2017,21500,6,-0.003709
2017,21660,6,0.00461
2017,21820,6,-0.002674
2017,22020,6,0.016514
2017,22140,6,-0.025866
2017,22380,6,-0.000239
2017,22420,6,-0.00463
2017,22500,6,-0.010741
2017,22520,6,-0.003355
2017,22540,6,0.002539
2017,22660,6,0.006896
2017,23420,6,-0.002317
2017,23460,6,-0.00646
2017,23580,6,0.001551
2017,24020,6,0.000146
2017,24220,6,-0.000854
2017,24300,6,-0.000726
2017,24500,6,-0.011828
2017,24540,6,0.017824
2017,24580,6,0.007025
2017,24660,6,-0.004733
2017,25420,6,0.005895
2017,25500,6,-0.000392
2017,25540,6,-0.002069
2017,25860,6,-0.008992
2017,25980,6,-0.003803
2017,26300,6,-0.006808
2017,26380,6,-0.007134
2017,26620,6,0.008612
2017,26980,6,0.004775
2017,27060,6,0.002211
2017,27100,6,-0.005406
2017,27260,6,0.008746
2017,27340,6,-0.002142
2017,27500,6,0.002055
2017,27740,6,-0.000148
2017,27780,6,-0.006057
2017,27860,6,0.001777
2017,27900,6,-0.004572
2017,28100,6,-0.002858
2017,28420,6,0.008717
2017,28660,6,0.005296
2017,28700,6,-0.011723
2017,28740,6,-0.001229
2017,29100,6,0.004753
2017,29340,6,0.002782
2017,29420,6,-0.006434
2017,29460,6,0.0077
2017,29540,6,0.002595
2017,29700,6,0.004086
2017,29740,6,-0.004515
2017,29820,6,0.003556
2017,29940,6,0.007909
2017,30140,6,0.005633
2017,30300,6,-0.007876
2017,30340,6,0.000248
2017,30460,6,0.007223
2017,30620,6,-0.002439
2017,30700,6,0.007817
2017,30780,6,-0.001269
2017,30860,6,0.003624
2017,31020,6,0.003501
2017,31420,6,-0.011942
2017,31700,6,0.00242
2017,31860,6,0.00335
2017,32580,6,0.004813
2017,32780,6,0.002469
2017,32900,6,-0.008113
2017,33140,6,-0.002477
2017,33340,6,0.001728
2017,33540,6,0.005532
2017,33700,6,-0.004935
2017,33780,6,-0.002487
2017,33860,6,-0.001006
2017,34060,6,-0.007444
2017,34580,6,0.005252
2017,34620,6,-0.002629
2017,34740,6,0.001389
2017,34940,6,0.013009
2017,35300,6,-0.002307
2017,35660,6,-0.002048
2017,35840,6,0.01372
2017,35980,6,-0.002636
2017,36100,6,0.001103
2017,36220,6,-0.013381
2017,36420,6,0.002824
2017,36500,6,0.009779
2017,36540,6,0.003399
2017,36740,6,0.012057
2017,36780,6,0.005451
2017,36980,6,-0.000969
2017,37100,6,-0.007178
2017,37340,6,0.00359
2017,37860,6,0.003641
2017,38060,6,0.003696
2017,38300,6,-0.001619
2017,38340,6,-0.005135
2017,38860,6,0.004839
2017,38900,6,0.008693
2017,38940,6,0.005213
2017,39300,6,0.000265
2017,39340,6,0.013812
2017,39380,6,-0.003153
2017,39460,6,0.011042
2017,39540,6,0.001972
2017,39580,6,0.014039
2017,39740,6,-0.000101
2017,39820,6,-0.00682
2017,39900,6,0.004101
2017,40140,6,-0.001603
2017,40420,6,-0.000612
2017,40660,6,-0.008381
2017,40900,6,6e-05
2017,40980,6,-0.002205
2017,41060,6,-0.005236
2017,41100,6,0.013789
2017,41140,6,-0.007565
2017,41420,6,0.00598
2017,41500,6,-0.004726
2017,41700,6,0.006992
2017,41740,6,-0.001419
2017,41940,6,-0.003487
2017,42020,6,-0.004349
2017,42100,6,-0.006816
2017,42140,6,-0.006951
2017,42220,6,-0.00715
2017,42340,6,0.003144
2017,42540,6,-0.002787
2017,42680,6,0.008058
2017,43100,6,-0.000493
2017,43620,6,0.009192
2017,43780,6,0.003238
2017,44100,6,-0.001788
2017,44180,6,-0.000772
2017,44220,6,-0.003544
2017,44300,6,0.00452
2017,44700,6,-0.00089
2017,45060,6,-0.001996
2017,45220,6,-0.003772
2017,45820,6,-0.007441
2017,45940,6,0.002258
2017,46060,6,-0.003228
2017,46140,6,-0.000541
2017,46340,6,-0.000166
2017,46540,6,-0.001814
2017,46660,6,-0.003036
2017,46700,6,-0.00068
2017,47220,6,-0.002695
2017,47300,6,-0.003454
2017,47940,6,-0.009141
2017,48300,6,0.005538
2017,48540,6,-0.018286
2017,48660,6,-0.00671
2017,48700,6,-0.003314
2017,49020,6,0.000681
2017,49420,6,-0.003377
2017,49620,6,0.002285
2017,49660,6,-0.004347
2017,49740,6,-0.002509
2017,10180,7,-0.003316
2017,10420,7,0.000274
2017,10580,7,0.004471
2017,10740,7,-0.005153
2017,10780,7,-0.006178
2017,10900,7,0.002924
2017,11020,7,-0.00379
2017,11260,7,-0.002772
2017,11460,7,0.005514
2017,11500,7,-0.006893
2017,11540,7,0.005657
2017,11700,7,0.001635
2017,12020,7,0.002134
2017,12100,7,-0.001117
2017,12220,7,0.009697
2017,12420,7,0.018331
2017,12540,7,-0.004634
2017,12580,7,-0.007639
2017,12620,7,-0.000962
2017,12700,7,-0.002135
2017,12980,7,-0.000134
2017,13020,7,-0.004089
2017,13380,7,0.008409
2017,13460,7,0.022188
2017,13780,7,-0.0038
2017,14260,7,0.008889
2017,14500,7,-0.000998
2017,14740,7,0.005404
2017,14860,7,0.000874
2017,15180,7,-0.002313
2017,15260,7,-0.000303
2017,15380,7,-0.000272
2017,15500,7,0.001503
2017,15540,7,0.001171
2017,15940,7,-0.000806
2017,15980,7,0.014793
2017,16020,7,-0.007287
2017,16180,7,-0.005771
2017,16220,7,-0.016642
2017,16300,7,7.5e-05
2017,16700,7,0.009864
2017,16860,7,-0.003406
2017,16940,7,-0.001877
2017,17020,7,-0.001757
2017,17420,7,0.003043
2017,17660,7,0.011493
2017,17780,7,0.010418
2017,17820,7,0.006378
2017,17900,7,0.001278
2017,18020,7,0.004394
2017,18700,7,-0.00035
2017,19340,7,-0.001158
2017,19460,7,-0.004634
2017,19500,7,-0.004362
2017,19740,7,0.004085
2017,20020,7,-0.003634
2017,20100,7,0.000318
2017,20220,7,-0.005984
2017,20740,7,0.006423
2017,20940,7,-0.004711
2017,21140,7,0.002398
2017,21300,7,-0.00602
2017,21500,7,-0.00288
2017,21660,7,0.003829
2017,21820,7,-0.003256
2017,22020,7,0.014031
2017,22140,7,-0.026123
2017,22380,7,-0.000609
2017,22420,7,-0.002633
2017,22500,7,-0.009923
2017,22520,7,-0.003721
2017,22540,7,0.002106
2017,22660,7,0.006918
2017,23420,7,-0.001873
2017,23460,7,-0.006004
2017,23580,7,0.003527
2017,24020,7,-0.00059
2017,24220,7,-0.002297
2017,24300,7,-0.000981
2017,24500,7,-0.011763
2017,24540,7,0.017678
2017,24580,7,0.006294
2017,24660,7,-0.003651
2017,25420,7,0.005851
2017,25500,7,-0.001122
2017,25540,7,-0.001629
2017,25860,7,-0.007612
2017,25980,7,-0.003416
2017,26300,7,-0.005725
2017,26380,7,-0.007249
2017,26620,7,0.007759
2017,26980,7,0.004593
2017,27060,7,0.001312
2017,27100,7,-0.003506
2017,27260,7,0.007928
2017,27340,7,-0.003187
2017,27500,7,0.001702
2017,27740,7,-0.000385
2017,27780,7,-0.005558
2017,27860,7,0.002436
2017,27900,7,-0.003483
2017,28100,7,-0.00312
2017,28420,7,0.007604
2017,28660,7,0.004954
2017,28700,7,-0.011288
2017,28740,7,-0.000735
2017,29100,7,0.002943
2017,29340,7,0.001871
2017,29420,7,-0.006078
2017,29460,7,0.00758
2017,29540,7,0.00272
2017,29700,7,0.004063
2017,29740,7,-0.004347
2017,29820,7,0.005494
2017,29940,7,0.007369
2017,30140,7,0.005785
2017,30300,7,-0.008031
2017,30340,7,-1.9e-05
2017,30460,7,0.006854
2017,30620,7,-0.002421
2017,30700,7,0.007371
2017,30780,7,-0.001122
2017,30860,7,0.003834
2017,31020,7,0.003441
2017,31420,7,-0.010127
2017,31700,7,0.002987
2017,31860,7,0.003005
2017,32580,7,0.004912
2017,32780,7,0.002475
2017,32900,7,-0.005601
2017,33140,7,-0.002672
2017,33340,7,0.000975
2017,33540,7,0.004144
2017,33700,7,-0.002755
2017,33780,7,-0.001028
2017,33860,7,-0.000522
2017,34060,7,-0.007981
2017,34580,7,0.004653
2017,34620,7,-0.002159
2017,34740,7,0.002178
2017,34940,7,0.011692
2017,35300,7,-0.001886
2017,35660,7,-0.002233
2017,35840,7,0.012486
2017,35980,7,-0.001985
2017,36100,7,0.001684
2017,36220,7,-0.013173
2017,36420,7,0.002889
2017,36500,7,0.008765
2017,36540,7,0.003675
2017,36740,7,0.011056
2017,36780,7,0.004379
2017,36980,7,-0.000639
2017,37100,7,-0.006669
2017,37340,7,0.003299
2017,37860,7,0.003169
2017,38060,7,0.003443
2017,38300,7,-0.001401
2017,38340,7,-0.005162
2017,38860,7,0.004307
2017,38900,7,0.006656
2017,38940,7,0.005543
2017,39300,7,0.000672
2017,39340,7,0.012668
2017,39380,7,-0.001214
2017,39460,7,0.010969
2017,39540,7,0.00167
2017,39580,7,0.012859
2017,39740,7,0.000553
2017,39820,7,-0.006463
2017,39900,7,0.004681
2017,40140,7,-0.00113
2017,40420,7,-0.00033
2017,40660,7,-0.00694
2017,40900,7,0.000827
2017,40980,7,-0.001478
2017,41060,7,-0.00377
2017,41100,7,0.012753
2017,41140,7,-0.006818
2017,41420,7,0.005773
2017,41500,7,-0.003087
2017,41700,7,0.006547
2017,41740,7,-0.001386
2017,41940,7,-0.003584
2017,42020,7,-0.004075
2017,42100,7,-0.005853
2017,42140,7,-0.00591
2017,42220,7,-0.005849
2017,42340,7,0.002959
2017,42540,7,-0.002178
2017,42680,7,0.008062
2017,43100,7,-0.000672
2017,43620,7,0.008316
2017,43780,7,0.002669
2017,44100,7,-0.002508
2017,44180,7,-0.000232
2017,44220,7,-0.003009
2017,44300,7,0.004135
2017,44700,7,0.001135
2017,45060,7,-0.001757
2017,45220,7,-0.003516
2017,45820,7,-0.006559
2017,45940,7,0.002613
2017,46060,7,-0.002622
2017,46140,7,0.000303
2017,46340,7,0.000489
2017,46540,7,-0.002107
2017,46660,7,-0.002829
2017,46700,7,0.001137
2017,47220,7,-0.002569
2017,47300,7,-0.003331
2017,47940,7,-0.008563
2017,48300,7,0.003933
2017,48540,7,-0.01663
2017,48660,7,-0.006245
2017,48700,7,-0.003499
2017,49020,7,-0.000239
2017,49420,7,-0.003238
2017,49620,7,0.002926
2017,49660,7,-0.003961
2017,49740,7,-0.002114
2017,10180,8,-0.003622
2017,10420,8,0.000336
2017,10580,8,0.004609
2017,10740,8,-0.004717
2017,10780,8,-0.006269
2017,10900,8,0.003006
2017,11020,8,-0.004068
2017,11260,8,-0.001949
2017,11460,8,0.005619
2017,11500,8,-0.007108
2017,11540,8,0.005798
2017,11700,8,0.001347
2017,12020,8,0.00251
2017,12100,8,-0.001207
2017,12220,8,0.009661
2017,12420,8,0.018141
2017,12540,8,-0.005189
2017,12580,8,-0.007945
2017,12620,8,-0.000997
2017,12700,8,-0.002377
2017,12980,8,0.000114
2017,13020,8,-0.003858
2017,13380,8,0.009345
2017,13460,8,0.022286
2017,13780,8,-0.004118
2017,14260,8,0.008271
2017,14500,8,-0.000964
2017,14740,8,0.005824
2017,14860,8,0.001169
2017,15180,8,-0.001895
2017,15260,8,-0.000594
2017,15380,8,-0.000219
2017,15500,8,0.001976
2017,15540,8,0.000954
2017,15940,8,-0.00061
2017,15980,8,0.014819
2017,16020,8,-0.00749
2017,16180,8,-0.007016
2017,16220,8,-0.017935
2017,16300,8,0.000413
2017,16700,8,0.009557
2017,16860,8,-0.003017
2017,16940,8,-0.001367
2017,17020,8,-0.001644
2017,17420,8,0.003008
2017,17660,8,0.011489
2017,17780,8,0.010303
2017,17820,8,0.007164
2017,17900,8,0.001558
2017,18020,8,0.004527
2017,18700,8,-5.7e-05
2017,19340,8,-0.001341
2017,19460,8,-0.004558
2017,19500,8,-0.004412
2017,19740,8,0.004021
2017,20020,8,-0.003875
2017,20100,8,7.9e-05
2017,20220,8,-0.006531
2017,20740,8,0.006552
2017,20940,8,-0.004701
2017,21140,8,0.002357
2017,21300,8,-0.005556
2017,21500,8,-0.003168
2017,21660,8,0.004396
2017,21820,8,-0.002208
2017,22020,8,0.013792
2017,22140,8,-0.027116
2017,22380,8,-0.001012
2017,22420,8,-0.002395
2017,22500,8,-0.010026
2017,22520,8,-0.004014
2017,22540,8,0.002113
2017,22660,8,0.007067
2017,23420,8,-0.002152
2017,23460,8,-0.006128
2017,23580,8,0.003843
2017,24020,8,-0.000651
2017,24220,8,-0.002672
2017,24300,8,-0.001007
2017,24500,8,-0.01128
2017,24540,8,0.018575
2017,24580,8,0.006455
2017,24660,8,-0.00334
2017,25420,8,0.006213
2017,25500,8,-0.00103
2017,25540,8,-0.001475
2017,25860,8,-0.007327
2017,25980,8,-0.002898
2017,26300,8,-0.0053
2017,26380,8,-0.007374
2017,26620,8,0.007933
2017,26980,8,0.004806
2017,27060,8,0.00119
2017,27100,8,-0.003644
2017,27260,8,0.007718
2017,27340,8,-0.003706
2017,27500,8,0.001747
2017,27740,8,-0.000333
2017,27780,8,-0.005589
2017,27860,8,0.00285
2017,27900,8,-0.002895
2017,28100,8,-0.003494
2017,28420,8,0.00826
2017,28660,8,0.005313
2017,28700,8,-0.01163
2017,28740,8,-0.000595
2017,29100,8,0.002882
2017,29340,8,0.001838
2017,29420,8,-0.006277
2017,29460,8,0.007403
2017,29540,8,0.002451
2017,29700,8,0.004326
2017,29740,8,-0.004073
2017,29820,8,0.004693
2017,29940,8,0.0076
2017,30140,8,0.006382
2017,30300,8,-0.007817
2017,30340,8,-0.000463
2017,30460,8,0.007099
2017,30620,8,-0.002778
2017,30700,8,0.007795
2017,30780,8,-0.001045
2017,30860,8,0.004506
2017,31020,8,0.003895
2017,31420,8,-0.010121
2017,31700,8,0.002962
2017,31860,8,0.002992
2017,32580,8,0.005266
2017,32780,8,0.002508
2017,32900,8,-0.006369
2017,33140,8,-0.002974
2017,33340,8,0.00086
2017,33540,8,0.004594
2017,33700,8,-0.003453
2017,33780,8,-0.001088
2017,33860,8,-0.000311
2017,34060,8,-0.008089
2017,34580,8,0.005029
2017,34620,8,-0.001645
2017,34740,8,0.00223
2017,34940,8,0.011013
2017,35300,8,-0.001854
2017,35660,8,-0.002583
2017,35840,8,0.012179
2017,35980,8,-0.001745
2017,36100,8,0.001601
2017,36220,8,-0.015281
2017,36420,8,0.003271
2017,36500,8,0.009427
2017,36540,8,0.003884
2017,36740,8,0.010637
2017,36780,8,0.00468
2017,36980,8,-0.000536
2017,37100,8,-0.006815
2017,37340,8,0.002566
2017,37860,8,0.003275
2017,38060,8,0.002605
2017,38300,8,-0.001494
2017,38340,8,-0.005305
2017,38860,8,0.004338
2017,38900,8,0.006568
2017,38940,8,0.005468
2017,39300,8,0.000599
2017,39340,8,0.013248
2017,39380,8,-0.000624
2017,39460,8,0.010954
2017,39540,8,0.001753
2017,39580,8,0.013225
2017,39740,8,0.000511
2017,39820,8,-0.006837
2017,39900,8,0.004036
2017,40140,8,-0.001483
2017,40420,8,-0.000509
2017,40660,8,-0.006995
2017,40900,8,0.000552
2017,40980,8,-0.001476
2017,41060,8,-0.003818
2017,41100,8,0.012976
2017,41140,8,-0.007332
2017,41420,8,0.006185
2017,41500,8,-0.003253
2017,41700,8,0.006707
2017,41740,8,-0.001394
2017,41940,8,-0.003943
2017,42020,8,-0.004228
2017,42100,8,-0.006078
2017,42140,8,-0.005348
2017,42220,8,-0.006536
2017,42340,8,0.002807
2017,42540,8,-0.002095
2017,42680,8,0.007879
2017,43100,8,-0.00065
2017,43620,8,0.008538
2017,43780,8,0.002651
2017,44100,8,-0.002659
2017,44180,8,-0.000212
2017,44220,8,-0.003351
2017,44300,8,0.004207
2017,44700,8,0.000638
2017,45060,8,-0.001806
2017,45220,8,-0.003669
2017,45820,8,-0.006638
2017,45940,8,0.002795
2017,46060,8,-0.00266
2017,46140,8,0.000566
2017,46340,8,0.00098
2017,46540,8,-0.00231
2017,46660,8,-0.002787
2017,46700,8,0.000673
2017,47220,8,-0.0029
2017,47300,8,-0.003677
2017,47940,8,-0.008996
2017,48300,8,0.00433
2017,48540,8,-0.01537
2017,48660,8,-0.00627
2017,48700,8,-0.003781
2017,49020,8,-0.00015
2017,49420,8,-0.002415
2017,49620,8,0.00295
2017,49660,8,-0.004039
2017,49740,8,-0.00201
2017,10180,9,-0.004113
2017,10420,9,0.000351
2017,10580,9,0.004091
2017,10740,9,-0.004282
2017,10780,9,-0.006039
2017,10900,9,0.003364
2017,11020,9,-0.003926
2017,11260,9,-0.0011
2017,11460,9,0.006514
2017,11500,9,-0.007539
2017,11540,9,0.005801
2017,11700,9,0.001548
2017,12020,9,0.002223
2017,12100,9,-0.002387
2017,12220,9,0.009937
2017,12420,9,0.017751
2017,12540,9,-0.006883
2017,12580,9,-0.008577
2017,12620,9,-0.001671
2017,12700,9,-0.002228
2017,12980,9,0.000528
2017,13020,9,-0.004036
2017,13380,9,0.010257
2017,13460,9,0.021913
2017,13780,9,-0.004411
2017,14260,9,0.006949
2017,14500,9,-0.000504
2017,14740,9,0.006635
2017,14860,9,0.000753
2017,15180,9,-0.001526
2017,15260,9,-0.001137
2017,15380,9,-0.000212
2017,15500,9,0.002789
2017,15540,9,0.000575
2017,15940,9,-0.001002
2017,15980,9,0.014998
2017,16020,9,-0.00711
2017,16180,9,-0.008374
2017,16220,9,-0.020889
2017,16300,9,0.000941
2017,16700,9,0.009337
2017,16860,9,-0.002466
2017,16940,9,-0.000756
2017,17020,9,-0.001785
2017,17420,9,0.002696
2017,17660,9,0.011459
2017,17780,9,0.010565
2017,17820,9,0.008701
2017,17900,9,0.001573
2017,18020,9,0.004541
2017,18700,9,0.001263
2017,19340,9,-0.001246
2017,19460,9,-0.004747
2017,19500,9,-0.00463
2017,19740,9,0.004123
2017,20020,9,-0.004334
2017,20100,9,-0.000564
2017,20220,9,-0.006088
2017,20740,9,0.006727
2017,20940,9,-0.004363
2017,21140,9,0.002465
2017,21300,9,-0.006406
2017,21500,9,-0.003096
2017,21660,9,0.005923
2017,21820,9,2.8e-05
2017,22020,9,0.01266
2017,22140,9,-0.029573
2017,22380,9,-0.001397
2017,22420,9,-0.003195
2017,22500,9,-0.00983
2017,22520,9,-0.004112
2017,22540,9,0.002598
2017,22660,9,0.007588
2017,23420,9,-0.002971
2017,23460,9,-0.006178
2017,23580,9,0.00345
2017,24020,9,-0.001534
2017,24220,9,-0.003963
2017,24300,9,-0.001008
2017,24500,9,-0.01198
2017,24540,9,0.020194
2017,24580,9,0.006864
2017,24660,9,-0.002739
2017,25420,9,0.006572
2017,25500,9,-0.000361
2017,25540,9,-0.001562
2017,25860,9,-0.006318
2017,25980,9,-0.003432
2017,26300,9,-0.005116
2017,26380,9,-0.00841
2017,26620,9,0.007904
2017,26980,9,0.00487
2017,27060,9,0.001655
2017,27100,9,-0.004588
2017,27260,9,0.00758
2017,27340,9,-0.004154
2017,27500,9,0.001791
2017,27740,9,-0.000235
2017,27780,9,-0.005971
2017,27860,9,0.003991
2017,27900,9,-0.002828
2017,28100,9,-0.003698
2017,28420,9,0.009939
2017,28660,9,0.005886
2017,28700,9,-0.011077
2017,28740,9,-0.000946
2017,29100,9,0.002544
2017,29340,9,0.001965
2017,29420,9,-0.007151
2017,29460,9,0.00774
2017,29540,9,0.003445
2017,29700,9,0.00351
2017,29740,9,-0.003806
2017,29820,9,0.003254
2017,29940,9,0.007737
2017,30140,9,0.00744
2017,30300,9,-0.00711
2017,30340,9,0.000309
2017,30460,9,0.007631
2017,30620,9,-0.002649
2017,30700,9,0.007586
2017,30780,9,-0.00082
2017,30860,9,0.007113
2017,31020,9,0.005541
2017,31420,9,-0.010009
2017,31700,9,0.003411
2017,31860,9,0.002681
2017,32580,9,0.005778
2017,32780,9,0.002595
2017,32900,9,-0.007026
2017,33140,9,-0.00377
2017,33340,9,0.000407
2017,33540,9,0.005608
2017,33700,9,-0.00414
2017,33780,9,-0.001085
2017,33860,9,-0.000512
2017,34060,9,-0.007545
2017,34580,9,0.005875
2017,34620,9,-0.0014
2017,34740,9,0.002661
2017,34940,9,0.009585
2017,35300,9,-0.001971
2017,35660,9,-0.002772
2017,35840,9,0.011738
2017,35980,9,-0.001907
2017,36100,9,0.001421
2017,36220,9,-0.02007
2017,36420,9,0.003392
2017,36500,9,0.011007
2017,36540,9,0.00424
2017,36740,9,0.009732
2017,36780,9,0.004482
2017,36980,9,-0.000179
2017,37100,9,-0.007651
2017,37340,9,0.002954
2017,37860,9,0.003634
2017,38060,9,0.00131
2017,38300,9,-0.001282
2017,38340,9,-0.005581
2017,38860,9,0.004465
2017,38900,9,0.006411
2017,38940,9,0.006436
2017,39300,9,0.000634
2017,39340,9,0.014291
2017,39380,9,0.001014
2017,39460,9,0.011999
2017,39540,9,0.001733
2017,39580,9,0.013883
2017,39740,9,0.000844
2017,39820,9,-0.007866
2017,39900,9,0.002297
2017,40140,9,-0.00233
2017,40420,9,-0.0004
2017,40660,9,-0.006468
2017,40900,9,-0.000103
2017,40980,9,-0.001186
2017,41060,9,-0.003292
2017,41100,9,0.01369
2017,41140,9,-0.006913
2017,41420,9,0.007933
2017,41500,9,-0.003424
2017,41700,9,0.007749
2017,41740,9,-0.001796
2017,41940,9,-0.004864
2017,42020,9,-0.004338
2017,42100,9,-0.006283
2017,42140,9,-0.004434
2017,42220,9,-0.007505
2017,42340,9,0.002421
2017,42540,9,-0.001875
2017,42680,9,0.008532
2017,43100,9,-0.000522
2017,43620,9,0.008433
2017,43780,9,0.003261
2017,44100,9,-0.002636
2017,44180,9,-0.000467
2017,44220,9,-0.003457
2017,44300,9,0.004881
2017,44700,9,-8.3e-05
2017,45060,9,-0.001786
2017,45220,9,-0.00436
2017,45820,9,-0.006654
2017,45940,9,0.002479
2017,46060,9,-0.003182
2017,46140,9,0.000465
2017,46340,9,0.002062
2017,46540,9,-0.001965
2017,46660,9,-0.00268
2017,46700,9,-0.000455
2017,47220,9,-0.003894
2017,47300,9,-0.004748
2017,47940,9,-0.009174
2017,48300,9,0.004563
2017,48540,9,-0.017122
2017,48660,9,-0.005252
2017,48700,9,-0.003762
2017,49020,9,-0.000533
2017,49420,9,-0.001226
2017,49620,9,0.003652
2017,49660,9,-0.004289
2017,49740,9,-0.002339
2017,10180,10,-0.003937
2017,10420,10,0.000392
2017,10580,10,0.00402
2017,10740,10,-0.00471
2017,10780,10,-0.005861
2017,10900,10,0.003344
2017,11020,10,-0.003887
2017,11260,10,-0.001792
2017,11460,10,0.006563
2017,11500,10,-0.007395
2017,11540,10,0.005649
2017,11700,10,0.001633
2017,12020,10,0.001877
2017,12100,10,-0.002148
2017,12220,10,0.009828
2017,12420,10,0.018099
2017,12540,10,-0.005942
2017,12580,10,-0.008409
2017,12620,10,-0.001651
2017,12700,10,-0.002087
2017,12980,10,0.000364
2017,13020,10,-0.003958
2017,13380,10,0.009359
2017,13460,10,0.022195
2017,13780,10,-0.004144
2017,14260,10,0.007775
2017,14500,10,-0.001047
2017,14740,10,0.005955
2017,14860,10,0.000657
2017,15180,10,-0.001608
2017,15260,10,-0.001117
2017,15380,10,-0.000371
2017,15500,10,0.002439
2017,15540,10,0.000669
2017,15940,10,-0.001094
2017,15980,10,0.015051
2017,16020,10,-0.007165
2017,16180,10,-0.00724
2017,16220,10,-0.019855
2017,16300,10,0.000755
2017,16700,10,0.009534
2017,16860,10,-0.002824
2017,16940,10,-0.001322
2017,17020,10,-0.001948
2017,17420,10,0.002697
2017,17660,10,0.011507
2017,17780,10,0.010416
2017,17820,10,0.007961
2017,17900,10,0.001369
2017,18020,10,0.004388
2017,18700,10,0.000596
2017,19340,10,-0.001242
2017,19460,10,-0.004613
2017,19500,10,-0.004482
2017,19740,10,0.003862
2017,20020,10,-0.004186
2017,20100,10,-0.000515
2017,20220,10,-0.005913
2017,20740,10,0.006623
2017,20940,10,-0.004487
2017,21140,10,0.002311
2017,21300,10,-0.006593
2017,21500,10,-0.002831
2017,21660,10,0.005318
2017,21820,10,-0.000823
2017,22020,10,0.013069
2017,22140,10,-0.028713
2017,22380,10,-0.000915
2017,22420,10,-0.003074
2017,22500,10,-0.00989
2017,22520,10,-0.003956
2017,22540,10,0.002624
2017,22660,10,0.006953
2017,23420,10,-0.002551
2017,23460,10,-0.005989
2017,23580,10,0.003517
2017,24020,10,-0.001157
2017,24220,10,-0.00356
2017,24300,10,-0.000875
2017,24500,10,-0.012544
2017,24540,10,0.019453
2017,24580,10,0.006675
2017,24660,10,-0.00312
2017,25420,10,0.006304
2017,25500,10,-0.000387
2017,25540,10,-0.001556
2017,25860,10,-0.006628
2017,25980,10,-0.003051
2017,26300,10,-0.00518
2017,26380,10,-0.008364
2017,26620,10,0.007822
2017,26980,10,0.004727
2017,27060,10,0.001584
2017,27100,10,-0.004281
2017,27260,10,0.007772
2017,27340,10,-0.003977
2017,27500,10,0.001642
2017,27740,10,-8.7e-05
2017,27780,10,-0.006018
2017,27860,10,0.00372
2017,27900,10,-0.00318
2017,28100,10,-0.003411
2017,28420,10,0.00903
2017,28660,10,0.005642
2017,28700,10,-0.010893
2017,28740,10,-0.000909
2017,29100,10,0.002437
2017,29340,10,0.001969
2017,29420,10,-0.006851
2017,29460,10,0.00795
2017,29540,10,0.003512
2017,29700,10,0.003603
2017,29740,10,-0.004078
2017,29820,10,0.004603
2017,29940,10,0.007534
2017,30140,10,0.006924
2017,30300,10,-0.007435
2017,30340,10,0.000497
2017,30460,10,0.007382
2017,30620,10,-0.00232
2017,30700,10,0.007375
2017,30780,10,-0.000805
2017,30860,10,0.006388
2017,31020,10,0.004978
2017,31420,10,-0.010027
2017,31700,10,0.003456
2017,31860,10,0.002888
2017,32580,10,0.005499
2017,32780,10,0.002492
2017,32900,10,-0.00608
2017,33140,10,-0.003505
2017,33340,10,0.000462
2017,33540,10,0.005194
2017,33700,10,-0.003162
2017,33780,10,-0.000844
2017,33860,10,-0.000529
2017,34060,10,-0.007794
2017,34580,10,0.005283
2017,34620,10,-0.001895
2017,34740,10,0.002691
2017,34940,10,0.010452
2017,35300,10,-0.001885
2017,35660,10,-0.002521
2017,35840,10,0.012132
2017,35980,10,-0.001975
2017,36100,10,0.001643
2017,36220,10,-0.018641
2017,36420,10,0.003178
2017,36500,10,0.010379
2017,36540,10,0.00412
2017,36740,10,0.010285
2017,36780,10,0.004349
2017,36980,10,-0.000388
2017,37100,10,-0.007505
2017,37340,10,0.003362
2017,37860,10,0.003611
2017,38060,10,0.002372
2017,38300,10,-0.001306
2017,38340,10,-0.005406
2017,38860,10,0.004392
2017,38900,10,0.00619
2017,38940,10,0.006323
2017,39300,10,0.000633
2017,39340,10,0.014003
2017,39380,10,0.000425
2017,39460,10,0.01198
2017,39540,10,0.001644
2017,39580,10,0.013574
2017,39740,10,0.000937
2017,39820,10,-0.00728
2017,39900,10,0.003237
2017,40140,10,-0.001721
2017,40420,10,-0.000168
2017,40660,10,-0.006532
2017,40900,10,0.000379
2017,40980,10,-0.001059
2017,41060,10,-0.003394
2017,41100,10,0.013652
2017,41140,10,-0.006518
2017,41420,10,0.007312
2017,41500,10,-0.003126
2017,41700,10,0.007431
2017,41740,10,-0.001815
2017,41940,10,-0.004651
2017,42020,10,-0.004316
2017,42100,10,-0.006278
2017,42140,10,-0.005127
2017,42220,10,-0.006841
2017,42340,10,0.002483
2017,42540,10,-0.001905
2017,42680,10,0.008629
2017,43100,10,-0.000788
2017,43620,10,0.008278
2017,43780,10,0.003155
2017,44100,10,-0.002614
2017,44180,10,-0.000451
2017,44220,10,-0.003224
2017,44300,10,0.004685
2017,44700,10,0.00074
2017,45060,10,-0.001822
2017,45220,10,-0.004244
2017,45820,10,-0.006605
2017,45940,10,0.002488
2017,46060,10,-0.003041
2017,46140,10,0.000403
2017,46340,10,0.00152
2017,46540,10,-0.001915
2017,46660,10,-0.002446
2017,46700,10,0.000428
2017,47220,10,-0.003667
2017,47300,10,-0.004278
2017,47940,10,-0.00894
2017,48300,10,0.004108
2017,48540,10,-0.018079
2017,48660,10,-0.005303
2017,48700,10,-0.003549
2017,49020,10,-0.000429
2017,49420,10,-0.002116
2017,49620,10,0.003679
2017,49660,10,-0.004302
2017,49740,10,-0.002218
2017,10180,11,-0.004188
2017,10420,11,0.000658
2017,10580,11,0.003906
2017,10740,11,-0.004436
2017,10780,11,-0.006105
2017,10900,11,0.003543
2017,11020,11,-0.004143
2017,11260,11,-0.001754
2017,11460,11,0.0065
2017,11500,11,-0.007336
2017,11540,11,0.00559
2017,11700,11,0.001059
2017,12020,11,0.002514
2017,12100,11,-0.001932
2017,12220,11,0.009832
2017,12420,11,0.01747
2017,12540,11,-0.005744
2017,12580,11,-0.00863
2017,12620,11,-0.001675
2017,12700,11,-0.002304
2017,12980,11,0.000614
2017,13020,11,-0.00342
2017,13380,11,0.009288
2017,13460,11,0.021295
2017,13780,11,-0.004249
2017,14260,11,0.007379
2017,14500,11,-0.001035
2017,14740,11,0.006058
2017,14860,11,0.001133
2017,15180,11,-0.001183
2017,15260,11,-0.000855
2017,15380,11,-0.000424
2017,15500,11,0.002797
2017,15540,11,0.000295
2017,15940,11,-0.000698
2017,15980,11,0.014548
2017,16020,11,-0.007255
2017,16180,11,-0.007356
2017,16220,11,-0.019743
2017,16300,11,0.000987
2017,16700,11,0.009064
2017,16860,11,-0.002797
2017,16940,11,-0.001389
2017,17020,11,-0.00177
2017,17420,11,0.002725
2017,17660,11,0.011112
2017,17780,11,0.010197
2017,17820,11,0.008158
2017,17900,11,0.00171
2017,18020,11,0.004355
2017,18700,11,0.000455
2017,19340,11,-0.001689
2017,19460,11,-0.004318
2017,19500,11,-0.00467
2017,19740,11,0.00387
2017,20020,11,-0.004062
2017,20100,11,-0.000597
2017,20220,11,-0.00631
2017,20740,11,0.006116
2017,20940,11,-0.00445
2017,21140,11,0.002372
2017,21300,11,-0.005874
2017,21500,11,-0.002952
2017,21660,11,0.005134
2017,21820,11,-0.00111
2017,22020,11,0.012552
2017,22140,11,-0.029213
2017,22380,11,-0.00118
2017,22420,11,-0.002432
2017,22500,11,-0.009856
2017,22520,11,-0.00434
2017,22540,11,0.002433
2017,22660,11,0.007132
2017,23420,11,-0.002379
2017,23460,11,-0.006071
2017,23580,11,0.004413
2017,24020,11,-0.001219
2017,24220,11,-0.004012
2017,24300,11,-0.000962
2017,24500,11,-0.012073
2017,24540,11,0.019519
2017,24580,11,0.006567
2017,24660,11,-0.002771
2017,25420,11,0.006525
2017,25500,11,-0.000711
2017,25540,11,-0.001341
2017,25860,11,-0.00645
2017,25980,11,-0.002637
2017,26300,11,-0.004763
2017,26380,11,-0.008165
2017,26620,11,0.007816
2017,26980,11,0.004899
2017,27060,11,0.001111
2017,27100,11,-0.003646
2017,27260,11,0.007538
2017,27340,11,-0.004248
2017,27500,11,0.001636
2017,27740,11,-0.000263
2017,27780,11,-0.005897
2017,27860,11,0.003798
2017,27900,11,-0.00253
2017,28100,11,-0.003627
2017,28420,11,0.00886
2017,28660,11,0.005589
2017,28700,11,-0.011298
2017,28740,11,-0.000551
2017,29100,11,0.002053
2017,29340,11,0.001562
2017,29420,11,-0.006818
2017,29460,11,0.007812
2017,29540,11,0.003196
2017,29700,11,0.003938
2017,29740,11,-0.003857
2017,29820,11,0.004908
2017,29940,11,0.007611
2017,30140,11,0.007203
2017,30300,11,-0.007538
2017,30340,11,-8.9e-05
2017,30460,11,0.007349
2017,30620,11,-0.002652
2017,30700,11,0.007566
2017,30780,11,-0.000851
2017,30860,11,0.006207
2017,31020,11,0.004868
2017,31420,11,-0.00964
2017,31700,11,0.003434
2017,31860,11,0.002782
2017,32580,11,0.005662
2017,32780,11,0.002606
2017,32900,11,-0.006021
2017,33140,11,-0.003533
2017,33340,11,0.000387
2017,33540,11,0.004825
2017,33700,11,-0.003079
2017,33780,11,-0.000661
2017,33860,11,-0.00026
2017,34060,11,-0.008151
2017,34580,11,0.005365
2017,34620,11,-0.001528
2017,34740,11,0.002731
2017,34940,11,0.009924
2017,35300,11,-0.001734
2017,35660,11,-0.002764
2017,35840,11,0.011617
2017,35980,11,-0.001614
2017,36100,11,0.001841
2017,36220,11,-0.017996
2017,36420,11,0.003417
2017,36500,11,0.010299
2017,36540,11,0.00423
2017,36740,11,0.010047
2017,36780,11,0.004292
2017,36980,11,-0.000409
2017,37100,11,-0.007259
2017,37340,11,0.002612
2017,37860,11,0.003405
2017,38060,11,0.002045
2017,38300,11,-0.001518
2017,38340,11,-0.00552
2017,38860,11,0.00425
2017,38900,11,0.005704
2017,38940,11,0.006001
2017,39300,11,0.000698
2017,39340,11,0.013752
2017,39380,11,0.000885
2017,39460,11,0.011665
2017,39540,11,0.001722
2017,39580,11,0.013429
2017,39740,11,0.00105
2017,39820,11,-0.007261
2017,39900,11,0.003264
2017,40140,11,-0.001693
2017,40420,11,-0.000187
2017,40660,11,-0.006376
2017,40900,11,0.000504
2017,40980,11,-0.001152
2017,41060,11,-0.003072
2017,41100,11,0.013433
2017,41140,11,-0.00692
2017,41420,11,0.007209
2017,41500,11,-0.002966
2017,41700,11,0.007246
2017,41740,11,-0.001696
2017,41940,11,-0.004752
2017,42020,11,-0.00432
2017,42100,11,-0.006135
2017,42140,11,-0.004625
2017,42220,11,-0.00681
2017,42340,11,0.002653
2017,42540,11,-0.001779
2017,42680,11,0.008338
2017,43100,11,-0.000676
2017,43620,11,0.008292
2017,43780,11,0.002846
2017,44100,11,-0.00294
2017,44180,11,-0.000162
2017,44220,11,-0.003272
2017,44300,11,0.004481
2017,44700,11,0.000985
2017,45060,11,-0.00183
2017,45220,11,-0.004012
2017,45820,11,-0.006481
2017,45940,11,0.002817
2017,46060,11,-0.002721
2017,46140,11,0.000803
2017,46340,11,0.001801
2017,46540,11,-0.00231
2017,46660,11,-0.00247
2017,46700,11,0.000727
2017,47220,11,-0.00345
2017,47300,11,-0.004245
2017,47940,11,-0.009036
2017,48300,11,0.004024
2017,48540,11,-0.016528
2017,48660,11,-0.005673
2017,48700,11,-0.003963
2017,49020,11,-0.000677
2017,49420,11,-0.001816
2017,49620,11,0.003771
2017,49660,11,-0.004237
2017,49740,11,-0.001946
2017,10180,12,-0.003548
2017,10420,12,1.7e-05
2017,10580,12,0.00495
2017,10740,12,-0.004686
2017,10780,12,-0.006235
2017,10900,12,0.002863
2017,11020,12,-0.004042
2017,11260,12,-0.00135
2017,11460,12,0.005488
2017,11500,12,-0.007384
2017,11540,12,0.006121
2017,11700,12,0.001824
2017,12020,12,0.002062
2017,12100,12,-0.001373
2017,12220,12,0.009859
2017,12420,12,0.018719
2017,12540,12,-0.00573
2017,12580,12,-0.007706
2017,12620,12,-0.000968
2017,12700,12,-0.002412
2017,12980,12,-0.000157
2017,13020,12,-0.004488
2017,13380,12,0.010273
2017,13460,12,0.023315
2017,13780,12,-0.004161
2017,14260,12,0.008324
2017,14500,12,-0.001051
2017,14740,12,0.006239
2017,14860,12,0.000838
2017,15180,12,-0.002297
2017,15260,12,-0.000907
2017,15380,12,-0.000261
2017,15500,12,0.001795
2017,15540,12,0.001377
2017,15940,12,-0.00097
2017,15980,12,0.015249
2017,16020,12,-0.007577
2017,16180,12,-0.007964
2017,16220,12,-0.018314
2017,16300,12,0.000294
2017,16700,12,0.010039
2017,16860,12,-0.00289
2017,16940,12,-0.000954
2017,17020,12,-0.001682
2017,17420,12,0.003043
2017,17660,12,0.012115
2017,17780,12,0.010612
2017,17820,12,0.007338
2017,17900,12,0.001464
2017,18020,12,0.004852
2017,18700,12,0.000516
2017,19340,12,-0.000858
2017,19460,12,-0.004961
2017,19500,12,-0.004267
2017,19740,12,0.003888
2017,20020,12,-0.0041
2017,20100,12,0.000303
2017,20220,12,-0.006412
2017,20740,12,0.007243
2017,20940,12,-0.004938
2017,21140,12,0.002367
2017,21300,12,-0.006155
2017,21500,12,-0.00342
2017,21660,12,0.004999
2017,21820,12,-0.001396
2017,22020,12,0.014347
2017,22140,12,-0.027317
2017,22380,12,-0.000937
2017,22420,12,-0.003421
2017,22500,12,-0.01016
2017,22520,12,-0.003855
2017,22540,12,0.002401
2017,22660,12,0.007091
2017,23420,12,-0.002481
2017,23460,12,-0.006245
2017,23580,12,0.00289
2017,24020,12,-0.000551
2017,24220,12,-0.00243
2017,24300,12,-0.00091
2017,24500,12,-0.011377
2017,24540,12,0.018796
2017,24580,12,0.006774
2017,24660,12,-0.003567
2017,25420,12,0.00625
2017,25500,12,-0.000521
2017,25540,12,-0.001638
2017,25860,12,-0.007541
2017,25980,12,-0.003086
2017,26300,12,-0.005621
2017,26380,12,-0.007511
2017,26620,12,0.008174
2017,26980,12,0.00485
2017,27060,12,0.001612
2017,27100,12,-0.004597
2017,27260,12,0.007902
2017,27340,12,-0.003333
2017,27500,12,0.001838
2017,27740,12,-0.000216
2017,27780,12,-0.00586
2017,27860,12,0.002858
2017,27900,12,-0.003303
2017,28100,12,-0.003387
2017,28420,12,0.009034
2017,28660,12,0.005512
2017,28700,12,-0.011482
2017,28740,12,-0.000881
2017,29100,12,0.003464
2017,29340,12,0.002175
2017,29420,12,-0.006575
2017,29460,12,0.007423
2017,29540,12,0.00265
2017,29700,12,0.004079
2017,29740,12,-0.004009
2017,29820,12,0.003558
2017,29940,12,0.007749
2017,30140,12,0.006504
2017,30300,12,-0.007504
2017,30340,12,-0.000153
2017,30460,12,0.00728
2017,30620,12,-0.002691
2017,30700,12,0.007814
2017,30780,12,-0.001017
2017,30860,12,0.005019
2017,31020,12,0.004238
2017,31420,12,-0.010683
2017,31700,12,0.002809
2017,31860,12,0.003016
2017,32580,12,0.005284
2017,32780,12,0.00248
2017,32900,12,-0.007407
2017,33140,12,-0.003057
2017,33340,12,0.001021
2017,33540,12,0.005341
2017,33700,12,-0.004429
2017,33780,12,-0.001654
2017,33860,12,-0.000557
2017,34060,12,-0.007632
2017,34580,12,0.005371
2017,34620,12,-0.001801
2017,34740,12,0.001969
2017,34940,12,0.011066
2017,35300,12,-0.002017
2017,35660,12,-0.002529
2017,35840,12,0.012399
2017,35980,12,-0.002047
2017,36100,12,0.001273
2017,36220,12,-0.01625
2017,36420,12,0.003227
2017,36500,12,0.010096
2017,36540,12,0.00381
2017,36740,12,0.010681
2017,36780,12,0.004993
2017,36980,12,-0.000597
2017,37100,12,-0.007154
2017,37340,12,0.002685
2017,37860,12,0.003503
2017,38060,12,0.002376
2017,38300,12,-0.001523
2017,38340,12,-0.005305
2017,38860,12,0.004515
2017,38900,12,0.007196
2017,38940,12,0.005438
2017,39300,12,0.000408
2017,39340,12,0.013807
2017,39380,12,-0.000977
2017,39460,12,0.011078
2017,39540,12,0.001816
2017,39580,12,0.013729
2017,39740,12,0.000345
2017,39820,12,-0.00713
2017,39900,12,0.003274
2017,40140,12,-0.001844
2017,40420,12,-0.000576
2017,40660,12,-0.007355
2017,40900,12,8.5e-05
2017,40980,12,-0.001679
2017,41060,12,-0.004243
2017,41100,12,0.013452
2017,41140,12,-0.007444
2017,41420,12,0.00658
2017,41500,12,-0.003924
2017,41700,12,0.00704
2017,41740,12,-0.001487
2017,41940,12,-0.004084
2017,42020,12,-0.004318
2017,42100,12,-0.006447
2017,42140,12,-0.005504
2017,42220,12,-0.007206
2017,42340,12,0.002765
2017,42540,12,-0.002248
2017,42680,12,0.007901
2017,43100,12,-0.000567
2017,43620,12,0.008753
2017,43780,12,0.002984
2017,44100,12,-0.002318
2017,44180,12,-0.000501
2017,44220,12,-0.003521
2017,44300,12,0.004465
2017,44700,12,-0.000323
2017,45060,12,-0.001875
2017,45220,12,-0.003915
2017,45820,12,-0.006922
2017,45940,12,0.002532
2017,46060,12,-0.003007
2017,46140,12,0.000196
2017,46340,12,0.000946
2017,46540,12,-0.002098
2017,46660,12,-0.002753
2017,46700,12,-0.000326
2017,47220,12,-0.003172
2017,47300,12,-0.003938
2017,47940,12,-0.009133
2017,48300,12,0.004953
2017,48540,12,-0.016428
2017,48660,12,-0.006153
2017,48700,12,-0.003649
2017,49020,12,0.000128
2017,49420,12,-0.002161
2017,49620,12,0.00285
2017,49660,12,-0.004226
2017,49740,12,-0.002223
2017,10180,13,-0.004064
2017,10420,13,0.000245
2017,10580,13,0.004117
2017,10740,13,-0.004437
2017,10780,13,-0.005919
2017,10900,13,0.003368
2017,11020,13,-0.00385
2017,11260,13,-0.001073
2017,11460,13,0.006737
2017,11500,13,-0.007653
2017,11540,13,0.005869
2017,11700,13,0.001839
2017,12020,13,0.00187
2017,12100,13,-0.002589
2017,12220,13,0.01002
2017,12420,13,0.018162
2017,12540,13,-0.006977
2017,12580,13,-0.008538
2017,12620,13,-0.001764
2017,12700,13,-0.002118
2017,12980,13,0.00045
2017,13020,13,-0.004307
2017,13380,13,0.010393
2017,13460,13,0.02247
2017,13780,13,-0.004383
2017,14260,13,0.007176
2017,14500,13,-0.000608
2017,14740,13,0.006622
2017,14860,13,0.00051
2017,15180,13,-0.001677
2017,15260,13,-0.001378
2017,15380,13,-0.000231
2017,15500,13,0.002663
2017,15540,13,0.000735
2017,15940,13,-0.001229
2017,15980,13,0.015366
2017,16020,13,-0.007088
2017,16180,13,-0.008412
2017,16220,13,-0.021212
2017,16300,13,0.000897
2017,16700,13,0.009611
2017,16860,13,-0.002464
2017,16940,13,-0.000738
2017,17020,13,-0.001915
2017,17420,13,0.002666
2017,17660,13,0.011746
2017,17780,13,0.010721
2017,17820,13,0.008722
2017,17900,13,0.001393
2017,18020,13,0.004631
2017,18700,13,0.001412
2017,19340,13,-0.001034
2017,19460,13,-0.004882
2017,19500,13,-0.00457
2017,19740,13,0.004054
2017,20020,13,-0.004444
2017,20100,13,-0.000612
2017,20220,13,-0.005904
2017,20740,13,0.007012
2017,20940,13,-0.004411
2017,21140,13,0.002465
2017,21300,13,-0.00683
2017,21500,13,-0.003066
2017,21660,13,0.006167
2017,21820,13,0.000303
2017,22020,13,0.012901
2017,22140,13,-0.029841
2017,22380,13,-0.001219
2017,22420,13,-0.003581
2017,22500,13,-0.009919
2017,22520,13,-0.003977
2017,22540,13,0.002786
2017,22660,13,0.00746
2017,23420,13,-0.003066
2017,23460,13,-0.006145
2017,23580,13,0.003094
2017,24020,13,-0.001497
2017,24220,13,-0.003813
2017,24300,13,-0.000939
2017,24500,13,-0.012401
2017,24540,13,0.020329
2017,24580,13,0.006985
2017,24660,13,-0.002922
2017,25420,13,0.006544
2017,25500,13,-8.5e-05
2017,25540,13,-0.001655
2017,25860,13,-0.006384
2017,25980,13,-0.003512
2017,26300,13,-0.005248
2017,26380,13,-0.008631
2017,26620,13,0.007953
2017,26980,13,0.004848
2017,27060,13,0.001946
2017,27100,13,-0.004952
2017,27260,13,0.007751
2017,27340,13,-0.00415
2017,27500,13,0.001817
2017,27740,13,-7.7e-05
2017,27780,13,-0.00615
2017,27860,13,0.004063
2017,27900,13,-0.003099
2017,28100,13,-0.003619
2017,28420,13,0.010071
2017,28660,13,0.005945
2017,28700,13,-0.01089
2017,28740,13,-0.001113
2017,29100,13,0.002696
2017,29340,13,0.002158
2017,29420,13,-0.007246
2017,29460,13,0.007989
2017,29540,13,0.003734
2017,29700,13,0.0033
2017,29740,13,-0.003971
2017,29820,13,0.00323
2017,29940,13,0.007725
2017,30140,13,0.00747
2017,30300,13,-0.007004
2017,30340,13,0.000644
2017,30460,13,0.007726
2017,30620,13,-0.002467
2017,30700,13,0.007489
2017,30780,13,-0.000803
2017,30860,13,0.007455
2017,31020,13,0.005714
2017,31420,13,-0.010283
2017,31700,13,0.003481
2017,31860,13,0.002733
2017,32580,13,0.005749
2017,32780,13,0.002568
2017,32900,13,-0.007063
2017,33140,13,-0.003828
2017,33340,13,0.000426
2017,33540,13,0.005892
2017,33700,13,-0.004121
2017,33780,13,-0.001155
2017,33860,13,-0.000663
2017,34060,13,-0.007364
2017,34580,13,0.005881
2017,34620,13,-0.001599
2017,34740,13,0.002723
2017,34940,13,0.009845
2017,35300,13,-0.002031
2017,35660,13,-0.002663
2017,35840,13,0.012039
2017,35980,13,-0.002093
2017,36100,13,0.001403
2017,36220,13,-0.020689
2017,36420,13,0.003333
2017,36500,13,0.011221
2017,36540,13,0.004237
2017,36740,13,0.009912
2017,36780,13,0.004513
2017,36980,13,-0.000171
2017,37100,13,-0.007853
2017,37340,13,0.003381
2017,37860,13,0.003795
2017,38060,13,0.001559
2017,38300,13,-0.001216
2017,38340,13,-0.005552
2017,38860,13,0.004568
2017,38900,13,0.006587
2017,38940,13,0.006717
2017,39300,13,0.000609
2017,39340,13,0.014618
2017,39380,13,0.00088
2017,39460,13,0.012357
2017,39540,13,0.00173
2017,39580,13,0.014055
2017,39740,13,0.000879
2017,39820,13,-0.007934
2017,39900,13,0.002239
2017,40140,13,-0.002303
2017,40420,13,-0.00037
2017,40660,13,-0.006572
2017,40900,13,-0.000142
2017,40980,13,-0.001165
2017,41060,13,-0.003388
2017,41100,13,0.014019
2017,41140,13,-0.006725
2017,41420,13,0.008143
2017,41500,13,-0.003535
2017,41700,13,0.008001
2017,41740,13,-0.001895
2017,41940,13,-0.004931
2017,42020,13,-0.004359
2017,42100,13,-0.006427
2017,42140,13,-0.004669
2017,42220,13,-0.007608
2017,42340,13,0.002353
2017,42540,13,-0.001918
2017,42680,13,0.008813
2017,43100,13,-0.000566
2017,43620,13,0.008463
2017,43780,13,0.003475
2017,44100,13,-0.002485
2017,44180,13,-0.00061
2017,44220,13,-0.003479
2017,44300,13,0.00508
2017,44700,13,-0.00015
2017,45060,13,-0.001819
2017,45220,13,-0.004551
2017,45820,13,-0.006763
2017,45940,13,0.002321
2017,46060,13,-0.003372
2017,46140,13,0.000274
2017,46340,13,0.00205
2017,46540,13,-0.001777
2017,46660,13,-0.002629
2017,46700,13,-0.000576
2017,47220,13,-0.004115
2017,47300,13,-0.00484
2017,47940,13,-0.009175
2017,48300,13,0.004622
2017,48540,13,-0.01813
2017,48660,13,-0.005062
2017,48700,13,-0.003571
2017,49020,13,-0.000431
2017,49420,13,-0.001365
2017,49620,13,0.003749
2017,49660,13,-0.004411
2017,49740,13,-0.00246
2017,10180,14,-0.004029
2017,10420,14,0.000473
2017,10580,14,0.004003
2017,10740,14,-0.004568
2017,10780,14,-0.006003
2017,10900,14,0.003381
2017,11020,14,-0.003975
2017,11260,14,-0.001723
2017,11460,14,0.006469
2017,11500,14,-0.007374
2017,11540,14,0.005643
2017,11700,14,0.001397
2017,12020,14,0.00218
2017,12100,14,-0.002065
2017,12220,14,0.009826
2017,12420,14,0.017809
2017,12540,14,-0.005979
2017,12580,14,-0.008489
2017,12620,14,-0.001628
2017,12700,14,-0.002192
2017,12980,14,0.000453
2017,13020,14,-0.003777
2017,13380,14,0.009407
2017,13460,14,0.021799
2017,13780,14,-0.00422
2017,14260,14,0.007527
2017,14500,14,-0.000925
2017,14740,14,0.006062
2017,14860,14,0.000857
2017,15180,14,-0.001485
2017,15260,14,-0.000986
2017,15380,14,-0.000349
2017,15500,14,0.002587
2017,15540,14,0.000539
2017,15940,14,-0.000918
2017,15980,14,0.014846
2017,16020,14,-0.007199
2017,16180,14,-0.007406
2017,16220,14,-0.019812
2017,16300,14,0.000828
2017,16700,14,0.009335
2017,16860,14,-0.002787
2017,16940,14,-0.001276
2017,17020,14,-0.001851
2017,17420,14,0.002725
2017,17660,14,0.011327
2017,17780,14,0.010355
2017,17820,14,0.008074
2017,17900,14,0.001525
2017,18020,14,0.00439
2017,18700,14,0.000595
2017,19340,14,-0.001408
2017,19460,14,-0.004536
2017,19500,14,-0.00458
2017,19740,14,0.003946
2017,20020,14,-0.00414
2017,20100,14,-0.000514
2017,20220,14,-0.006089
2017,20740,14,0.00643
2017,20940,14,-0.004448
2017,21140,14,0.002358
2017,21300,14,-0.006271
2017,21500,14,-0.002912
2017,21660,14,0.005247
2017,21820,14,-0.000929
2017,22020,14,0.012853
2017,22140,14,-0.028878
2017,22380,14,-0.001101
2017,22420,14,-0.002825
2017,22500,14,-0.00986
2017,22520,14,-0.004109
2017,22540,14,0.002502
2017,22660,14,0.007151
2017,23420,14,-0.002534
2017,23460,14,-0.006058
2017,23580,14,0.00382
2017,24020,14,-0.001236
2017,24220,14,-0.003739
2017,24300,14,-0.000959
2017,24500,14,-0.012223
2017,24540,14,0.01952
2017,24580,14,0.006637
2017,24660,14,-0.002946
2017,25420,14,0.006397
2017,25500,14,-0.000563
2017,25540,14,-0.001489
2017,25860,14,-0.006561
2017,25980,14,-0.003023
2017,26300,14,-0.005066
2017,26380,14,-0.008244
2017,26620,14,0.007817
2017,26980,14,0.004797
2017,27060,14,0.001394
2017,27100,14,-0.004055
2017,27260,14,0.007645
2017,27340,14,-0.004075
2017,27500,14,0.001654
2017,27740,14,-0.000212
2017,27780,14,-0.005935
2017,27860,14,0.003724
2017,27900,14,-0.002912
2017,28100,14,-0.003538
2017,28420,14,0.009052
2017,28660,14,0.005622
2017,28700,14,-0.011093
2017,28740,14,-0.000791
2017,29100,14,0.002333
2017,29340,14,0.001806
2017,29420,14,-0.006849
2017,29460,14,0.007813
2017,29540,14,0.003331
2017,29700,14,0.003731
2017,29740,14,-0.003971
2017,29820,14,0.004514
2017,29940,14,0.00758
2017,30140,14,0.007034
2017,30300,14,-0.00747
2017,30340,14,0.000216
2017,30460,14,0.007377
2017,30620,14,-0.00251
2017,30700,14,0.007481
2017,30780,14,-0.000843
2017,30860,14,0.00629
2017,31020,14,0.004934
2017,31420,14,-0.009879
2017,31700,14,0.003413
2017,31860,14,0.002813
2017,32580,14,0.005569
2017,32780,14,0.002539
2017,32900,14,-0.006175
2017,33140,14,-0.00352
2017,33340,14,0.000438
2017,33540,14,0.005056
2017,33700,14,-0.003278
2017,33780,14,-0.000822
2017,33860,14,-0.000432
2017,34060,14,-0.007896
2017,34580,14,0.005362
2017,34620,14,-0.001692
2017,34740,14,0.002667
2017,34940,14,0.010176
2017,35300,14,-0.001854
2017,35660,14,-0.002647
2017,35840,14,0.011893
2017,35980,14,-0.001844
2017,36100,14,0.001654
2017,36220,14,-0.018356
2017,36420,14,0.003276
2017,36500,14,0.010339
2017,36540,14,0.004152
2017,36740,14,0.010127
2017,36780,14,0.004341
2017,36980,14,-0.000367
2017,37100,14,-0.007398
2017,37340,14,0.003005
2017,37860,14,0.003503
2017,38060,14,0.002104
2017,38300,14,-0.001371
2017,38340,14,-0.005475
2017,38860,14,0.004342
2017,38900,14,0.006069
2017,38940,14,0.006179
2017,39300,14,0.000654
2017,39340,14,0.013869
2017,39380,14,0.000612
2017,39460,14,0.011799
2017,39540,14,0.001668
2017,39580,14,0.013531
2017,39740,14,0.000928
2017,39820,14,-0.007341
2017,39900,14,0.003157
2017,40140,14,-0.001797
2017,40420,14,-0.00024
2017,40660,14,-0.006481
2017,40900,14,0.00036
2017,40980,14,-0.00113
2017,41060,14,-0.00329
2017,41100,14,0.013507
2017,41140,14,-0.006754
2017,41420,14,0.007276
2017,41500,14,-0.003105
2017,41700,14,0.007353
2017,41740,14,-0.001744
2017,41940,14,-0.004652
2017,42020,14,-0.00431
2017,42100,14,-0.006191
2017,42140,14,-0.004874
2017,42220,14,-0.00688
2017,42340,14,0.002547
2017,42540,14,-0.001872
2017,42680,14,0.008461
2017,43100,14,-0.000709
2017,43620,14,0.008304
2017,43780,14,0.003023
2017,44100,14,-0.002735
2017,44180,14,-0.000345
2017,44220,14,-0.003265
2017,44300,14,0.004605
2017,44700,14,0.000714
2017,45060,14,-0.00181
2017,45220,14,-0.00415
2017,45820,14,-0.006566
2017,45940,14,0.002604
2017,46060,14,-0.002938
2017,46140,14,0.000551
2017,46340,14,0.001646
2017,46540,14,-0.002082
2017,46660,14,-0.002528
2017,46700,14,0.000423
2017,47220,14,-0.003573
2017,47300,14,-0.004301
2017,47940,14,-0.008993
2017,48300,14,0.004125
2017,48540,14,-0.017263
2017,48660,14,-0.005484
2017,48700,14,-0.00373
2017,49020,14,-0.000533
2017,49420,14,-0.001916
2017,49620,14,0.003649
2017,49660,14,-0.004251
2017,49740,14,-0.002153
2017,10180,15,-0.003876
2017,10420,15,0.000381
2017,10580,15,0.004046
2017,10740,15,-0.004739
2017,10780,15,-0.005981
2017,10900,15,0.003279
2017,11020,15,-0.003878
2017,11260,15,-0.001939
2017,11460,15,0.006332
2017,11500,15,-0.007323
2017,11540,15,0.005645
2017,11700,15,0.001561
2017,12020,15,0.001976
2017,12100,15,-0.001995
2017,12220,15,0.00983
2017,12420,15,0.017983
2017,12540,15,-0.005789
2017,12580,15,-0.008291
2017,12620,15,-0.001565
2017,12700,15,-0.002127
2017,12980,15,0.000281
2017,13020,15,-0.003962
2017,13380,15,0.009185
2017,13460,15,0.021958
2017,13780,15,-0.004107
2017,14260,15,0.007808
2017,14500,15,-0.00097
2017,14740,15,0.005923
2017,14860,15,0.000717
2017,15180,15,-0.001741
2017,15260,15,-0.000926
2017,15380,15,-0.000369
2017,15500,15,0.002334
2017,15540,15,0.000721
2017,15940,15,-0.001028
2017,15980,15,0.014898
2017,16020,15,-0.007172
2017,16180,15,-0.007095
2017,16220,15,-0.019215
2017,16300,15,0.000646
2017,16700,15,0.009527
2017,16860,15,-0.002926
2017,16940,15,-0.0014
2017,17020,15,-0.001891
2017,17420,15,0.00276
2017,17660,15,0.011419
2017,17780,15,0.010416
2017,17820,15,0.007726
2017,17900,15,0.001408
2017,18020,15,0.004399
2017,18700,15,0.000511
2017,19340,15,-0.001258
2017,19460,15,-0.004629
2017,19500,15,-0.004523
2017,19740,15,0.003947
2017,20020,15,-0.004073
2017,20100,15,-0.00035
2017,20220,15,-0.005907
2017,20740,15,0.006494
2017,20940,15,-0.004503
2017,21140,15,0.002358
2017,21300,15,-0.006479
2017,21500,15,-0.002864
2017,21660,15,0.005043
2017,21820,15,-0.001283
2017,22020,15,0.013101
2017,22140,15,-0.028367
2017,22380,15,-0.000944
2017,22420,15,-0.003045
2017,22500,15,-0.009848
2017,22520,15,-0.003968
2017,22540,15,0.002504
2017,22660,15,0.007079
2017,23420,15,-0.002456
2017,23460,15,-0.006035
2017,23580,15,0.003532
2017,24020,15,-0.001149
2017,24220,15,-0.003475
2017,24300,15,-0.000954
2017,24500,15,-0.012325
2017,24540,15,0.019134
2017,24580,15,0.0066
2017,24660,15,-0.003129
2017,25420,15,0.006243
2017,25500,15,-0.000552
2017,25540,15,-0.001571
2017,25860,15,-0.006763
2017,25980,15,-0.003221
2017,26300,15,-0.005294
2017,26380,15,-0.008149
2017,26620,15,0.007788
2017,26980,15,0.004717
2017,27060,15,0.001475
2017,27100,15,-0.004128
2017,27260,15,0.007735
2017,27340,15,-0.003807
2017,27500,15,0.001641
2017,27740,15,-0.000227
2017,27780,15,-0.005944
2017,27860,15,0.003498
2017,27900,15,-0.003199
2017,28100,15,-0.00339
2017,28420,15,0.00886
2017,28660,15,0.005485
2017,28700,15,-0.010974
2017,28740,15,-0.000884
2017,29100,15,0.002486
2017,29340,15,0.001865
2017,29420,15,-0.006771
2017,29460,15,0.007817
2017,29540,15,0.003376
2017,29700,15,0.003639
2017,29740,15,-0.004073
2017,29820,15,0.00463
2017,29940,15,0.007504
2017,30140,15,0.006762
2017,30300,15,-0.007532
2017,30340,15,0.000361
2017,30460,15,0.007278
2017,30620,15,-0.002387
2017,30700,15,0.007347
2017,30780,15,-0.000883
2017,30860,15,0.005962
2017,31020,15,0.004711
2017,31420,15,-0.009988
2017,31700,15,0.003349
2017,31860,15,0.002831
2017,32580,15,0.005403
2017,32780,15,0.002501
2017,32900,15,-0.006061
2017,33140,15,-0.003381
2017,33340,15,0.000528
2017,33540,15,0.004965
2017,33700,15,-0.003194
2017,33780,15,-0.000914
2017,33860,15,-0.000544
2017,34060,15,-0.007792
2017,34580,15,0.005221
2017,34620,15,-0.001911
2017,34740,15,0.002556
2017,34940,15,0.0105
2017,35300,15,-0.001895
2017,35660,15,-0.002513
2017,35840,15,0.012053
2017,35980,15,-0.001984
2017,36100,15,0.001602
2017,36220,15,-0.017478
2017,36420,15,0.00312
2017,36500,15,0.010099
2017,36540,15,0.00403
2017,36740,15,0.01031
2017,36780,15,0.004303
2017,36980,15,-0.000432
2017,37100,15,-0.007352
2017,37340,15,0.00323
2017,37860,15,0.003472
2017,38060,15,0.002408
2017,38300,15,-0.001349
2017,38340,15,-0.00541
2017,38860,15,0.004347
2017,38900,15,0.006221
2017,38940,15,0.006118
2017,39300,15,0.00063
2017,39340,15,0.013683
2017,39380,15,0.000229
2017,39460,15,0.011728
2017,39540,15,0.001634
2017,39580,15,0.013442
2017,39740,15,0.00087
2017,39820,15,-0.007204
2017,39900,15,0.003327
2017,40140,15,-0.0017
2017,40420,15,-0.000223
2017,40660,15,-0.006565
2017,40900,15,0.000396
2017,40980,15,-0.001191
2017,41060,15,-0.003403
2017,41100,15,0.013445
2017,41140,15,-0.006637
2017,41420,15,0.007064
2017,41500,15,-0.003166
2017,41700,15,0.007271
2017,41740,15,-0.001728
2017,41940,15,-0.004476
2017,42020,15,-0.004265
2017,42100,15,-0.006159
2017,42140,15,-0.005159
2017,42220,15,-0.006704
2017,42340,15,0.002601
2017,42540,15,-0.001948
2017,42680,15,0.008455
2017,43100,15,-0.000719
2017,43620,15,0.008264
2017,43780,15,0.003038
2017,44100,15,-0.002615
2017,44180,15,-0.000402
2017,44220,15,-0.003175
2017,44300,15,0.004575
2017,44700,15,0.000735
2017,45060,15,-0.001805
2017,45220,15,-0.004106
2017,45820,15,-0.006592
2017,45940,15,0.002498
2017,46060,15,-0.002968
2017,46140,15,0.000391
2017,46340,15,0.001387
2017,46540,15,-0.001998
2017,46660,15,-0.002552
2017,46700,15,0.00045
2017,47220,15,-0.003454
2017,47300,15,-0.004165
2017,47940,15,-0.008851
2017,48300,15,0.00408
2017,48540,15,-0.017733
2017,48660,15,-0.005525
2017,48700,15,-0.003602
2017,49020,15,-0.000482
2017,49420,15,-0.002223
2017,49620,15,0.003548
2017,49660,15,-0.004239
2017,49740,15,-0.002222
2017,10180,16,-0.003425
2017,10420,16,-0.000138
2017,10580,16,0.004946
2017,10740,16,-0.005027
2017,10780,16,-0.006259
2017,10900,16,0.002786
2017,11020,16,-0.003859
2017,11260,16,-0.001679
2017,11460,16,0.005461
2017,11500,16,-0.007503
2017,11540,16,0.006216
2017,11700,16,0.002181
2017,12020,16,0.001582
2017,12100,16,-0.0015
2017,12220,16,0.010119
2017,12420,16,0.019221
2017,12540,16,-0.005735
2017,12580,16,-0.007551
2017,12620,16,-0.001036
2017,12700,16,-0.002283
2017,12980,16,-0.000448
2017,13020,16,-0.004924
2017,13380,16,0.010024
2017,13460,16,0.023788
2017,13780,16,-0.004031
2017,14260,16,0.008705
2017,14500,16,-0.00109
2017,14740,16,0.006187
2017,14860,16,0.000486
2017,15180,16,-0.002795
2017,15260,16,-0.000874
2017,15380,16,-0.000348
2017,15500,16,0.001544
2017,15540,16,0.001698
2017,15940,16,-0.001305
2017,15980,16,0.015566
2017,16020,16,-0.007567
2017,16180,16,-0.007745
2017,16220,16,-0.017732
2017,16300,16,3.8e-05
2017,16700,16,0.010546
2017,16860,16,-0.003155
2017,16940,16,-0.001131
2017,17020,16,-0.001823
2017,17420,16,0.00312
2017,17660,16,0.012427
2017,17780,16,0.010958
2017,17820,16,0.007034
2017,17900,16,0.00132
2017,18020,16,0.004957
2017,18700,16,0.000634
2017,19340,16,-0.000546
2017,19460,16,-0.005267
2017,19500,16,-0.004291
2017,19740,16,0.004001
2017,20020,16,-0.004084
2017,20100,16,0.000564
2017,20220,16,-0.005955
2017,20740,16,0.007437
2017,20940,16,-0.005036
2017,21140,16,0.002429
2017,21300,16,-0.006937
2017,21500,16,-0.003299
2017,21660,16,0.004882
2017,21820,16,-0.001784
2017,22020,16,0.014812
2017,22140,16,-0.027182
2017,22380,16,-0.000722
2017,22420,16,-0.004187
2017,22500,16,-0.010182
2017,22520,16,-0.003662
2017,22540,16,0.00255
2017,22660,16,0.007247
2017,23420,16,-0.002493
2017,23460,16,-0.006319
2017,23580,16,0.002236
2017,24020,16,-0.000604
2017,24220,16,-0.00233
2017,24300,16,-0.000958
2017,24500,16,-0.011949
2017,24540,16,0.018584
2017,24580,16,0.006886
2017,24660,16,-0.003809
2017,25420,16,0.006105
2017,25500,16,-0.000367
2017,25540,16,-0.001837
2017,25860,16,-0.007855
2017,25980,16,-0.003697
2017,26300,16,-0.006192
2017,26380,16,-0.007654
2017,26620,16,0.008229
2017,26980,16,0.004784
2017,27060,16,0.001816
2017,27100,16,-0.004986
2017,27260,16,0.008155
2017,27340,16,-0.002815
2017,27500,16,0.00179
2017,27740,16,-0.000302
2017,27780,16,-0.006085
2017,27860,16,0.002692
2017,27900,16,-0.003996
2017,28100,16,-0.003143
2017,28420,16,0.009177
2017,28660,16,0.005398
2017,28700,16,-0.011236
2017,28740,16,-0.001176
2017,29100,16,0.00371
2017,29340,16,0.002275
2017,29420,16,-0.006739
2017,29460,16,0.007552
2017,29540,16,0.003054
2017,29700,16,0.003763
2017,29740,16,-0.004171
2017,29820,16,0.003607
2017,29940,16,0.007739
2017,30140,16,0.006237
2017,30300,16,-0.007666
2017,30340,16,0.000334
2017,30460,16,0.007273
2017,30620,16,-0.002415
2017,30700,16,0.007576
2017,30780,16,-0.001043
2017,30860,16,0.004931
2017,31020,16,0.004124
2017,31420,16,-0.010974
2017,31700,16,0.002821
2017,31860,16,0.003006
2017,32580,16,0.005126
2017,32780,16,0.002454
2017,32900,16,-0.007329
2017,33140,16,-0.002968
2017,33340,16,0.001104
2017,33540,16,0.00538
2017,33700,16,-0.004443
2017,33780,16,-0.001861
2017,33860,16,-0.000853
2017,34060,16,-0.007416
2017,34580,16,0.005302
2017,34620,16,-0.002303
2017,34740,16,0.001809
2017,34940,16,0.011587
2017,35300,16,-0.002147
2017,35660,16,-0.002334
2017,35840,16,0.012767
2017,35980,16,-0.002437
2017,36100,16,0.001089
2017,36220,16,-0.015333
2017,36420,16,0.002939
2017,36500,16,0.010038
2017,36540,16,0.003684
2017,36740,16,0.011005
2017,36780,16,0.004895
2017,36980,16,-0.000694
2017,37100,16,-0.007347
2017,37340,16,0.003187
2017,37860,16,0.003522
2017,38060,16,0.002747
2017,38300,16,-0.001466
2017,38340,16,-0.005342
2017,38860,16,0.004592
2017,38900,16,0.007498
2017,38940,16,0.005482
2017,39300,16,0.00035
2017,39340,16,0.01377
2017,39380,16,-0.001392
2017,39460,16,0.011245
2017,39540,16,0.001719
2017,39580,16,0.013924
2017,39740,16,0.00033
2017,39820,16,-0.007156
2017,39900,16,0.003224
2017,40140,16,-0.001858
2017,40420,16,-0.000489
2017,40660,16,-0.007485
2017,40900,16,2.7e-05
2017,40980,16,-0.001774
2017,41060,16,-0.004414
2017,41100,16,0.013679
2017,41140,16,-0.007221
2017,41420,16,0.006547
2017,41500,16,-0.00415
2017,41700,16,0.007148
2017,41740,16,-0.001546
2017,41940,16,-0.003956
2017,42020,16,-0.004308
2017,42100,16,-0.006483
2017,42140,16,-0.005997
2017,42220,16,-0.0071
2017,42340,16,0.002892
2017,42540,16,-0.002375
2017,42680,16,0.008074
2017,43100,16,-0.000581
2017,43620,16,0.008761
2017,43780,16,0.003162
2017,44100,16,-0.002094
2017,44180,16,-0.000678
2017,44220,16,-0.003322
2017,44300,16,0.00458
2017,44700,16,-0.000383
2017,45060,16,-0.001869
2017,45220,16,-0.00402
2017,45820,16,-0.007073
2017,45940,16,0.002277
2017,46060,16,-0.003219
2017,46140,16,-0.000151
2017,46340,16,0.000603
2017,46540,16,-0.001914
2017,46660,16,-0.002772
2017,46700,16,-0.000501
2017,47220,16,-0.003135
2017,47300,16,-0.003928
2017,47940,16,-0.008942
2017,48300,16,0.004931
2017,48540,16,-0.018268
2017,48660,16,-0.006167
2017,48700,16,-0.003449
2017,49020,16,9.9e-05
2017,49420,16,-0.002592
2017,49620,16,0.00286
2017,49660,16,-0.004314
2017,49740,16,-0.002483
2017,10180,17,-0.003152
2017,10420,17,-5.2e-05
2017,10580,17,0.004798
2017,10740,17,-0.005288
2017,10780,17,-0.006146
2017,10900,17,0.002752
2017,11020,17,-0.003779
2017,11260,17,-0.002463
2017,11460,17,0.005421
2017,11500,17,-0.007062
2017,11540,17,0.005881
2017,11700,17,0.002085
2017,12020,17,0.001712
2017,12100,17,-0.001202
2017,12220,17,0.009761
2017,12420,17,0.018945
2017,12540,17,-0.004826
2017,12580,17,-0.00734
2017,12620,17,-0.000897
2017,12700,17,-0.002138
2017,12980,17,-0.000415
2017,13020,17,-0.004703
2017,13380,17,0.009061
2017,13460,17,0.023189
2017,13780,17,-0.003813
2017,14260,17,0.009222
2017,14500,17,-0.001134
2017,14740,17,0.005562
2017,14860,17,0.000562
2017,15180,17,-0.002745
2017,15260,17,-0.000624
2017,15380,17,-0.000282
2017,15500,17,0.001077
2017,15540,17,0.001578
2017,15940,17,-0.001102
2017,15980,17,0.015254
2017,16020,17,-0.007362
2017,16180,17,-0.00623
2017,16220,17,-0.016779
2017,16300,17,-0.000137
2017,16700,17,0.010306
2017,16860,17,-0.003365
2017,16940,17,-0.001666
2017,17020,17,-0.001844
2017,17420,17,0.003048
2017,17660,17,0.012054
2017,17780,17,0.010634
2017,17820,17,0.006246
2017,17900,17,0.001011
2017,18020,17,0.004661
2017,18700,17,-6.5e-05
2017,19340,17,-0.000752
2017,19460,17,-0.004959
2017,19500,17,-0.004216
2017,19740,17,0.003904
2017,20020,17,-0.003805
2017,20100,17,0.00046
2017,20220,17,-0.005951
2017,20740,17,0.007019
2017,20940,17,-0.004962
2017,21140,17,0.002407
2017,21300,17,-0.006411
2017,21500,17,-0.003145
2017,21660,17,0.004194
2017,21820,17,-0.002876
2017,22020,17,0.014615
2017,22140,17,-0.026147
2017,22380,17,-0.000421
2017,22420,17,-0.003336
2017,22500,17,-0.010148
2017,22520,17,-0.003539
2017,22540,17,0.002281
2017,22660,17,0.006718
2017,23420,17,-0.00207
2017,23460,17,-0.006058
2017,23580,17,0.002787
2017,24020,17,-0.000374
2017,24220,17,-0.001731
2017,24300,17,-0.000888
2017,24500,17,-0.01186
2017,24540,17,0.017604
2017,24580,17,0.006471
2017,24660,17,-0.004054
2017,25420,17,0.005781
2017,25500,17,-0.000751
2017,25540,17,-0.001809
2017,25860,17,-0.007955
2017,25980,17,-0.003522
2017,26300,17,-0.005988
2017,26380,17,-0.007268
2017,26620,17,0.007894
2017,26980,17,0.004577
2017,27060,17,0.001756
2017,27100,17,-0.004211
2017,27260,17,0.008134
2017,27340,17,-0.003042
2017,27500,17,0.001827
2017,27740,17,-0.000201
2017,27780,17,-0.005765
2017,27860,17,0.002238
2017,27900,17,-0.00381
2017,28100,17,-0.003052
2017,28420,17,0.007814
2017,28660,17,0.004976
2017,28700,17,-0.011237
2017,28740,17,-0.000965
2017,29100,17,0.003489
2017,29340,17,0.002196
2017,29420,17,-0.006159
2017,29460,17,0.007731
2017,29540,17,0.002786
2017,29700,17,0.003845
2017,29740,17,-0.00454
2017,29820,17,0.004849
2017,29940,17,0.00738
2017,30140,17,0.005755
2017,30300,17,-0.007763
2017,30340,17,0.000173
2017,30460,17,0.006933
2017,30620,17,-0.002366
2017,30700,17,0.00733
2017,30780,17,-0.001217
2017,30860,17,0.003976
2017,31020,17,0.003526
2017,31420,17,-0.010752
2017,31700,17,0.002806
2017,31860,17,0.003046
2017,32580,17,0.004784
2017,32780,17,0.002421
2017,32900,17,-0.006322
2017,33140,17,-0.00267
2017,33340,17,0.00117
2017,33540,17,0.004652
2017,33700,17,-0.003327
2017,33780,17,-0.001484
2017,33860,17,-0.00077
2017,34060,17,-0.007605
2017,34580,17,0.004766
2017,34620,17,-0.002328
2017,34740,17,0.002
2017,34940,17,0.01201
2017,35300,17,-0.00204
2017,35660,17,-0.002127
2017,35840,17,0.012836
2017,35980,17,-0.002254
2017,36100,17,0.001528
2017,36220,17,-0.013531
2017,36420,17,0.002835
2017,36500,17,0.009062
2017,36540,17,0.003535
2017,36740,17,0.01129
2017,36780,17,0.004624
2017,36980,17,-0.000705
2017,37100,17,-0.006851
2017,37340,17,0.003601
2017,37860,17,0.003343
2017,38060,17,0.003633
2017,38300,17,-0.001437
2017,38340,17,-0.005092
2017,38860,17,0.00446
2017,38900,17,0.007225
2017,38940,17,0.005644
2017,39300,17,0.000535
2017,39340,17,0.013061
2017,39380,17,-0.001834
2017,39460,17,0.011133
2017,39540,17,0.001749
2017,39580,17,0.013075
2017,39740,17,0.000373
2017,39820,17,-0.006587
2017,39900,17,0.004425
2017,40140,17,-0.001227
2017,40420,17,-0.000481
2017,40660,17,-0.007374
2017,40900,17,0.000564
2017,40980,17,-0.001732
2017,41060,17,-0.004161
2017,41100,17,0.013094
2017,41140,17,-0.006917
2017,41420,17,0.005922
2017,41500,17,-0.003604
2017,41700,17,0.006807
2017,41740,17,-0.001452
2017,41940,17,-0.003583
2017,42020,17,-0.004118
2017,42100,17,-0.006154
2017,42140,17,-0.006233
2017,42220,17,-0.006267
2017,42340,17,0.002901
2017,42540,17,-0.002372
2017,42680,17,0.00817
2017,43100,17,-0.000615
2017,43620,17,0.008469
2017,43780,17,0.002909
2017,44100,17,-0.002218
2017,44180,17,-0.000473
2017,44220,17,-0.003238
2017,44300,17,0.004345
2017,44700,17,0.000486
2017,45060,17,-0.001865
2017,45220,17,-0.003698
2017,45820,17,-0.006829
2017,45940,17,0.002366
2017,46060,17,-0.002904
2017,46140,17,-6.5e-05
2017,46340,17,0.000384
2017,46540,17,-0.001922
2017,46660,17,-0.002913
2017,46700,17,0.000526
2017,47220,17,-0.002786
2017,47300,17,-0.00344
2017,47940,17,-0.008678
2017,48300,17,0.004364
2017,48540,17,-0.017218
2017,48660,17,-0.006234
2017,48700,17,-0.003318
2017,49020,17,5.9e-05
2017,49420,17,-0.00332
2017,49620,17,0.002764
2017,49660,17,-0.004141
2017,49740,17,-0.002291
2017,10180,18,-0.003562
2017,10420,18,-0.0
2017,10580,18,0.00494
2017,10740,18,-0.004653
2017,10780,18,-0.006083
2017,10900,18,0.002943
2017,11020,18,-0.00407
2017,11260,18,-0.001182
2017,11460,18,0.00574
2017,11500,18,-0.007403
2017,11540,18,0.006106
2017,11700,18,0.001925
2017,12020,18,0.001961
2017,12100,18,-0.001513
2017,12220,18,0.009793
2017,12420,18,0.018778
2017,12540,18,-0.00576
2017,12580,18,-0.007721
2017,12620,18,-0.001051
2017,12700,18,-0.002363
2017,12980,18,-6.8e-05
2017,13020,18,-0.004527
2017,13380,18,0.010504
2017,13460,18,0.02349
2017,13780,18,-0.004173
2017,14260,18,0.008349
2017,14500,18,-0.001172
2017,14740,18,0.006249
2017,14860,18,0.000769
2017,15180,18,-0.002159
2017,15260,18,-0.001147
2017,15380,18,-0.000263
2017,15500,18,0.001762
2017,15540,18,0.001334
2017,15940,18,-0.001023
2017,15980,18,0.015361
2017,16020,18,-0.00751
2017,16180,18,-0.008008
2017,16220,18,-0.018922
2017,16300,18,0.00039
2017,16700,18,0.010001
2017,16860,18,-0.002754
2017,16940,18,-0.000892
2017,17020,18,-0.001736
2017,17420,18,0.00294
2017,17660,18,0.012214
2017,17780,18,0.01055
2017,17820,18,0.007475
2017,17900,18,0.001323
2017,18020,18,0.004868
2017,18700,18,0.000613
2017,19340,18,-0.000828
2017,19460,18,-0.004903
2017,19500,18,-0.004187
2017,19740,18,0.003685
2017,20020,18,-0.004197
2017,20100,18,9e-05
2017,20220,18,-0.006449
2017,20740,18,0.007379
2017,20940,18,-0.004953
2017,21140,18,0.002344
2017,21300,18,-0.006142
2017,21500,18,-0.00347
2017,21660,18,0.005329
2017,21820,18,-0.00093
2017,22020,18,0.014239
2017,22140,18,-0.027686
2017,22380,18,-0.000824
2017,22420,18,-0.003396
2017,22500,18,-0.01023
2017,22520,18,-0.003829
2017,22540,18,0.002527
2017,22660,18,0.00679
2017,23420,18,-0.002544
2017,23460,18,-0.006145
2017,23580,18,0.002934
2017,24020,18,-0.000472
2017,24220,18,-0.002326
2017,24300,18,-0.000775
2017,24500,18,-0.011519
2017,24540,18,0.018925
2017,24580,18,0.006808
2017,24660,18,-0.003636
2017,25420,18,0.00628
2017,25500,18,-0.000304
2017,25540,18,-0.001621
2017,25860,18,-0.007412
2017,25980,18,-0.002787
2017,26300,18,-0.005389
2017,26380,18,-0.00764
2017,26620,18,0.008158
2017,26980,18,0.004849
2017,27060,18,0.001812
2017,27100,18,-0.004725
2017,27260,18,0.007935
2017,27340,18,-0.00361
2017,27500,18,0.001908
2017,27740,18,1.5e-05
2017,27780,18,-0.005922
2017,27860,18,0.003001
2017,27900,18,-0.003162
2017,28100,18,-0.00341
2017,28420,18,0.008989
2017,28660,18,0.005592
2017,28700,18,-0.011396
2017,28740,18,-0.000861
2017,29100,18,0.003447
2017,29340,18,0.002296
2017,29420,18,-0.006569
2017,29460,18,0.007667
2017,29540,18,0.002751
2017,29700,18,0.00399
2017,29740,18,-0.004098
2017,29820,18,0.003583
2017,29940,18,0.007702
2017,30140,18,0.006691
2017,30300,18,-0.007245
2017,30340,18,-6.1e-05
2017,30460,18,0.007352
2017,30620,18,-0.002643
2017,30700,18,0.007774
2017,30780,18,-0.001007
2017,30860,18,0.005432
2017,31020,18,0.004491
2017,31420,18,-0.01078
2017,31700,18,0.002872
2017,31860,18,0.00305
2017,32580,18,0.005314
2017,32780,18,0.00248
2017,32900,18,-0.007461
2017,33140,18,-0.003159
2017,33340,18,0.001002
2017,33540,18,0.005576
2017,33700,18,-0.004333
2017,33780,18,-0.001608
2017,33860,18,-0.000557
2017,34060,18,-0.007544
2017,34580,18,0.005419
2017,34620,18,-0.001733
2017,34740,18,0.002139
2017,34940,18,0.010984
2017,35300,18,-0.001991
2017,35660,18,-0.0025
2017,35840,18,0.012442
2017,35980,18,-0.002001
2017,36100,18,0.001425
2017,36220,18,-0.017267
2017,36420,18,0.003314
2017,36500,18,0.010343
2017,36540,18,0.003861
2017,36740,18,0.010679
2017,36780,18,0.005032
2017,36980,18,-0.000554
2017,37100,18,-0.007226
2017,37340,18,0.002889
2017,37860,18,0.003648
2017,38060,18,0.002489
2017,38300,18,-0.001522
2017,38340,18,-0.00523
2017,38860,18,0.004558
2017,38900,18,0.007158
2017,38940,18,0.005721
2017,39300,18,0.00043
2017,39340,18,0.014111
2017,39380,18,-0.000887
2017,39460,18,0.011364
2017,39540,18,0.001896
2017,39580,18,0.013708
2017,39740,18,0.000426
2017,39820,18,-0.007148
2017,39900,18,0.003265
2017,40140,18,-0.001768
2017,40420,18,-0.000563
2017,40660,18,-0.007363
2017,40900,18,9.8e-05
2017,40980,18,-0.001632
2017,41060,18,-0.004172
2017,41100,18,0.013639
2017,41140,18,-0.007324
2017,41420,18,0.006838
2017,41500,18,-0.003908
2017,41700,18,0.007254
2017,41740,18,-0.001569
2017,41940,18,-0.004255
2017,42020,18,-0.004327
2017,42100,18,-0.006566
2017,42140,18,-0.005438
2017,42220,18,-0.007342
2017,42340,18,0.00264
2017,42540,18,-0.002214
2017,42680,18,0.008119
2017,43100,18,-0.000571
2017,43620,18,0.008731
2017,43780,18,0.003105
2017,44100,18,-0.002297
2017,44180,18,-0.000528
2017,44220,18,-0.003652
2017,44300,18,0.004604
2017,44700,18,-0.000329
2017,45060,18,-0.001929
2017,45220,18,-0.004024
2017,45820,18,-0.006924
2017,45940,18,0.002508
2017,46060,18,-0.003052
2017,46140,18,0.000185
2017,46340,18,0.001158
2017,46540,18,-0.002003
2017,46660,18,-0.002686
2017,46700,18,-0.00032
2017,47220,18,-0.003399
2017,47300,18,-0.004026
2017,47940,18,-0.009206
2017,48300,18,0.005001
2017,48540,18,-0.016427
2017,48660,18,-0.00593
2017,48700,18,-0.003573
2017,49020,18,0.00021
2017,49420,18,-0.002094
2017,49620,18,0.002988
2017,49660,18,-0.004312
2017,49740,18,-0.00217
2017,10180,19,-0.003562
2017,10420,19,-0.0
2017,10580,19,0.00494
2017,10740,19,-0.004653
2017,10780,19,-0.006083
2017,10900,19,0.002943
2017,11020,19,-0.00407
2017,11260,19,-0.001182
2017,11460,19,0.00574
2017,11500,19,-0.007403
2017,11540,19,0.006106
2017,11700,19,0.001925
2017,12020,19,0.001961
2017,12100,19,-0.001513
2017,12220,19,0.009793
2017,12420,19,0.018778
2017,12540,19,-0.00576
2017,12580,19,-0.007721
2017,12620,19,-0.001051
2017,12700,19,-0.002363
2017,12980,19,-6.8e-05
2017,13020,19,-0.004527
2017,13380,19,0.010504
2017,13460,19,0.02349
2017,13780,19,-0.004173
2017,14260,19,0.008349
2017,14500,19,-0.001172
2017,14740,19,0.006249
2017,14860,19,0.000769
2017,15180,19,-0.002159
2017,15260,19,-0.001147
2017,15380,19,-0.000263
2017,15500,19,0.001762
2017,15540,19,0.001334
2017,15940,19,-0.001023
2017,15980,19,0.015361
2017,16020,19,-0.00751
2017,16180,19,-0.008008
2017,16220,19,-0.018922
2017,16300,19,0.00039
2017,16700,19,0.010001
2017,16860,19,-0.002754
2017,16940,19,-0.000892
2017,17020,19,-0.001736
2017,17420,19,0.00294
2017,17660,19,0.012214
2017,17780,19,0.01055
2017,17820,19,0.007475
2017,17900,19,0.001323
2017,18020,19,0.004868
2017,18700,19,0.000613
2017,19340,19,-0.000828
2017,19460,19,-0.004903
2017,19500,19,-0.004187
2017,19740,19,0.003685
2017,20020,19,-0.004197
2017,20100,19,9e-05
2017,20220,19,-0.006449
2017,20740,19,0.007379
2017,20940,19,-0.004953
2017,21140,19,0.002344
2017,21300,19,-0.006142
2017,21500,19,-0.00347
2017,21660,19,0.005329
2017,21820,19,-0.00093
2017,22020,19,0.014239
2017,22140,19,-0.027686
2017,22380,19,-0.000824
2017,22420,19,-0.003396
2017,22500,19,-0.01023
2017,22520,19,-0.003829
2017,22540,19,0.002527
2017,22660,19,0.00679
2017,23420,19,-0.002544
2017,23460,19,-0.006145
2017,23580,19,0.002934
2017,24020,19,-0.000472
2017,24220,19,-0.002326
2017,24300,19,-0.000775
2017,24500,19,-0.011519
2017,24540,19,0.018925
2017,24580,19,0.006808
2017,24660,19,-0.003636
2017,25420,19,0.00628
2017,25500,19,-0.000304
2017,25540,19,-0.001621
2017,25860,19,-0.007412
2017,25980,19,-0.002787
2017,26300,19,-0.005389
2017,26380,19,-0.00764
2017,26620,19,0.008158
2017,26980,19,0.004849
2017,27060,19,0.001812
2017,27100,19,-0.004725
2017,27260,19,0.007935
2017,27340,19,-0.00361
2017,27500,19,0.001908
2017,27740,19,1.5e-05
2017,27780,19,-0.005922
2017,27860,19,0.003001
2017,27900,19,-0.003162
2017,28100,19,-0.00341
2017,28420,19,0.008989
2017,28660,19,0.005592
2017,28700,19,-0.011396
2017,28740,19,-0.000861
2017,29100,19,0.003447
2017,29340,19,0.002296
2017,29420,19,-0.006569
2017,29460,19,0.007667
2017,29540,19,0.002751
2017,29700,19,0.00399
2017,29740,19,-0.004098
2017,29820,19,0.003583
2017,29940,19,0.007702
2017,30140,19,0.006691
2017,30300,19,-0.007245
2017,30340,19,-6.1e-05
2017,30460,19,0.007352
2017,30620,19,-0.002643
2017,30700,19,0.007774
2017,30780,19,-0.001007
2017,30860,19,0.005432
2017,31020,19,0.004491
2017,31420,19,-0.01078
2017,31700,19,0.002872
2017,31860,19,0.00305
2017,32580,19,0.005314
2017,32780,19,0.00248
2017,32900,19,-0.007461
2017,33140,19,-0.003159
2017,33340,19,0.001002
2017,33540,19,0.005576
2017,33700,19,-0.004333
2017,33780,19,-0.001608
2017,33860,19,-0.000557
2017,34060,19,-0.007544
2017,34580,19,0.005419
2017,34620,19,-0.001733
2017,34740,19,0.002139
2017,34940,19,0.010984
2017,35300,19,-0.001991
2017,35660,19,-0.0025
2017,35840,19,0.012442
2017,35980,19,-0.002001
2017,36100,19,0.001425
2017,36220,19,-0.017267
2017,36420,19,0.003314
2017,36500,19,0.010343
2017,36540,19,0.003861
2017,36740,19,0.010679
2017,36780,19,0.005032
2017,36980,19,-0.000554
2017,37100,19,-0.007226
2017,37340,19,0.002889
2017,37860,19,0.003648
2017,38060,19,0.002489
2017,38300,19,-0.001522
2017,38340,19,-0.00523
2017,38860,19,0.004558
2017,38900,19,0.007158
2017,38940,19,0.005721
2017,39300,19,0.00043
2017,39340,19,0.014111
2017,39380,19,-0.000887
2017,39460,19,0.011364
2017,39540,19,0.001896
2017,39580,19,0.013708
2017,39740,19,0.000426
2017,39820,19,-0.007148
2017,39900,19,0.003265
2017,40140,19,-0.001768
2017,40420,19,-0.000563
2017,40660,19,-0.007363
2017,40900,19,9.8e-05
2017,40980,19,-0.001632
2017,41060,19,-0.004172
2017,41100,19,0.013639
2017,41140,19,-0.007324
2017,41420,19,0.006838
2017,41500,19,-0.003908
2017,41700,19,0.007254
2017,41740,19,-0.001569
2017,41940,19,-0.004255
2017,42020,19,-0.004327
2017,42100,19,-0.006566
2017,42140,19,-0.005438
2017,42220,19,-0.007342
2017,42340,19,0.00264
2017,42540,19,-0.002214
2017,42680,19,0.008119
2017,43100,19,-0.000571
2017,43620,19,0.008731
2017,43780,19,0.003105
2017,44100,19,-0.002297
2017,44180,19,-0.000528
2017,44220,19,-0.003652
2017,44300,19,0.004604
2017,44700,19,-0.000329
2017,45060,19,-0.001929
2017,45220,19,-0.004024
2017,45820,19,-0.006924
2017,45940,19,0.002508
2017,46060,19,-0.003052
2017,46140,19,0.000185
2017,46340,19,0.001158
2017,46540,19,-0.002003
2017,46660,19,-0.002686
2017,46700,19,-0.00032
2017,47220,19,-0.003399
2017,47300,19,-0.004026
2017,47940,19,-0.009206
2017,48300,19,0.005001
2017,48540,19,-0.016427
2017,48660,19,-0.00593
2017,48700,19,-0.003573
2017,49020,19,0.00021
2017,49420,19,-0.002094
2017,49620,19,0.002988
2017,49660,19,-0.004312
2017,49740,19,-0.00217
2018,10180,0,-0.006023
2018,10420,0,0.000391
2018,10580,0,0.003942
2018,10740,0,-0.005805
2018,10780,0,-0.008187
2018,10900,0,0.003581
2018,11020,0,-0.003232
2018,11260,0,-0.006554
2018,11460,0,0.0028
2018,11500,0,-0.006081
2018,11540,0,0.005815
2018,11700,0,0.000752
2018,12020,0,0.002991
2018,12100,0,0.001241
2018,12220,0,0.00989
2018,12420,0,0.014576
2018,12540,0,-0.002262
2018,12580,0,-0.006959
2018,12620,0,-0.000697
2018,12700,0,-0.002418
2018,12980,0,-0.000813
2018,13020,0,-0.001315
2018,13380,0,0.011001
2018,13460,0,0.019988
2018,13780,0,-0.004153
2018,14260,0,0.011402
2018,14500,0,-0.005039
2018,14740,0,0.003705
2018,14860,0,2.1e-05
2018,15180,0,-0.002207
2018,15260,0,-0.000452
2018,15380,0,0.000987
2018,15500,0,0.006859
2018,15540,0,0.001553
2018,15940,0,-0.001999
2018,15980,0,0.008451
2018,16020,0,-0.009883
2018,16180,0,-0.00691
2018,16220,0,-0.020698
2018,16300,0,0.000106
2018,16700,0,0.007509
2018,16860,0,-0.001532
2018,16940,0,-0.004889
2018,17020,0,0.001103
2018,17420,0,0.003046
2018,17660,0,0.01348
2018,17780,0,0.010452
2018,17820,0,0.007114
2018,17900,0,0.001435
2018,18020,0,0.003337
2018,18700,0,0.003838
2018,19340,0,-0.001582
2018,19460,0,-0.00443
2018,19500,0,-0.005384
2018,19740,0,0.001303
2018,20020,0,-0.003562
2018,20100,0,0.003148
2018,20220,0,-0.004256
2018,20740,0,0.006068
2018,20940,0,-0.002697
2018,21140,0,0.002319
2018,21300,0,-0.003924
2018,21500,0,-0.004468
2018,21660,0,0.004796
2018,21820,0,-0.01119
2018,22020,0,0.008945
2018,22140,0,-0.014456
2018,22380,0,-0.00574
2018,22420,0,-0.003266
2018,22500,0,-0.008527
2018,22520,0,-0.003086
2018,22540,0,0.004239
2018,22660,0,0.007063
2018,23420,0,-0.00036
2018,23460,0,-0.005061
2018,23580,0,0.004533
2018,24020,0,0.000447
2018,24220,0,-0.007518
2018,24300,0,-0.000875
2018,24500,0,-0.007912
2018,24540,0,0.015719
2018,24580,0,0.006675
2018,24660,0,-0.002377
2018,25420,0,0.005912
2018,25500,0,-0.000623
2018,25540,0,-0.000704
2018,25860,0,-0.006008
2018,25980,0,-0.003316
2018,26300,0,-0.004098
2018,26380,0,-0.010282
2018,26620,0,0.009026
2018,26980,0,0.010285
2018,27060,0,-0.000206
2018,27100,0,0.000387
2018,27260,0,0.007224
2018,27340,0,-0.000149
2018,27500,0,0.002798
2018,27740,0,-0.002845
2018,27780,0,-0.005935
2018,27860,0,0.006967
2018,27900,0,-0.003325
2018,28100,0,-0.003558
2018,28420,0,0.012224
2018,28660,0,0.006688
2018,28700,0,-0.009144
2018,28740,0,0.000186
2018,29100,0,0.001649
2018,29340,0,0.002117
2018,29420,0,-0.004161
2018,29460,0,0.010724
2018,29540,0,0.003311
2018,29700,0,0.003407
2018,29740,0,-0.001967
2018,29820,0,0.004543
2018,29940,0,0.009804
2018,30140,0,0.006063
2018,30300,0,-0.00729
2018,30340,0,0.000544
2018,30460,0,0.006642
2018,30620,0,-0.003178
2018,30700,0,0.005687
2018,30780,0,-0.000465
2018,30860,0,0.000836
2018,31020,0,0.005479
2018,31420,0,-0.009058
2018,31700,0,0.002097
2018,31860,0,0.000545
2018,32580,0,0.004971
2018,32780,0,0.001854
2018,32900,0,-0.001137
2018,33140,0,-0.002351
2018,33340,0,0.000795
2018,33540,0,0.003986
2018,33700,0,-0.00353
2018,33780,0,0.000265
2018,33860,0,-0.002614
2018,34060,0,-0.010687
2018,34580,0,0.005519
2018,34620,0,-0.001976
2018,34740,0,0.000705
2018,34940,0,0.006455
2018,35300,0,-0.001557
2018,35660,0,-0.001442
2018,35840,0,0.008856
2018,35980,0,-0.001648
2018,36100,0,0.003312
2018,36220,0,-0.009965
2018,36420,0,0.001344
2018,36500,0,0.013891
2018,36540,0,0.002652
2018,36740,0,0.009827
2018,36780,0,0.003969
2018,36980,0,-0.000554
2018,37100,0,-0.006135
2018,37340,0,0.002704
2018,37860,0,0.002454
2018,38060,0,0.002763
2018,38300,0,-0.003075
2018,38340,0,-0.005416
2018,38860,0,0.004086
2018,38900,0,0.002669
2018,38940,0,0.001876
2018,39300,0,0.000747
2018,39340,0,0.01132
2018,39380,0,-0.002394
2018,39460,0,0.006221
2018,39540,0,0.002867
2018,39580,0,0.012828
2018,39740,0,0.002255
2018,39820,0,-0.004534
2018,39900,0,0.002468
2018,40140,0,-0.001016
2018,40420,0,-0.001582
2018,40660,0,-0.001332
2018,40900,0,0.000892
2018,40980,0,-0.001496
2018,41060,0,-0.002348
2018,41100,0,0.018616
2018,41140,0,-0.007927
2018,41420,0,0.004827
2018,41500,0,-0.006388
2018,41700,0,0.006103
2018,41740,0,-0.002349
2018,41940,0,-0.005933
2018,42020,0,-0.005305
2018,42100,0,-0.007281
2018,42140,0,-0.006782
2018,42220,0,-0.008634
2018,42340,0,-0.000509
2018,42540,0,-0.000148
2018,42680,0,0.00572
2018,43100,0,0.000407
2018,43620,0,0.013386
2018,43780,0,0.001296
2018,44100,0,-0.004903
2018,44180,0,0.000853
2018,44220,0,-0.000596
2018,44300,0,0.000752
2018,44700,0,0.000401
2018,45060,0,-0.001413
2018,45220,0,-0.002767
2018,45820,0,-0.005599
2018,45940,0,0.002797
2018,46060,0,-0.003154
2018,46140,0,-0.001815
2018,46340,0,6.1e-05
2018,46540,0,-0.001929
2018,46660,0,-0.002376
2018,46700,0,-0.002414
2018,47220,0,-0.004402
2018,47300,0,-0.002085
2018,47940,0,-0.007173
2018,48300,0,0.001531
2018,48540,0,-0.018271
2018,48660,0,-0.004089
2018,48700,0,-0.006564
2018,49020,0,0.004439
2018,49420,0,-0.003275
2018,49620,0,0.002698
2018,49660,0,-0.003533
2018,49740,0,-0.001643
2018,10180,1,-0.006412
2018,10420,1,0.00085
2018,10580,1,0.00374
2018,10740,1,-0.004895
2018,10780,1,-0.008311
2018,10900,1,0.004351
2018,11020,1,-0.003799
2018,11260,1,-0.005696
2018,11460,1,0.002715
2018,11500,1,-0.005725
2018,11540,1,0.005876
2018,11700,1,-0.000584
2018,12020,1,0.004285
2018,12100,1,0.001154
2018,12220,1,0.010313
2018,12420,1,0.012856
2018,12540,1,-0.001691
2018,12580,1,-0.007246
2018,12620,1,-0.00094
2018,12700,1,-0.002907
2018,12980,1,-0.000285
2018,13020,1,-0.000597
2018,13380,1,0.010622
2018,13460,1,0.018135
2018,13780,1,-0.004461
2018,14260,1,0.009088
2018,14500,1,-0.005619
2018,14740,1,0.004352
2018,14860,1,0.001102
2018,15180,1,-0.001477
2018,15260,1,-2.7e-05
2018,15380,1,-7.6e-05
2018,15500,1,0.008218
2018,15540,1,0.000577
2018,15940,1,-0.001971
2018,15980,1,0.009057
2018,16020,1,-0.00896
2018,16180,1,-0.008252
2018,16220,1,-0.020461
2018,16300,1,0.001111
2018,16700,1,0.006272
2018,16860,1,-0.001809
2018,16940,1,-0.004747
2018,17020,1,0.001337
2018,17420,1,0.002912
2018,17660,1,0.011874
2018,17780,1,0.009744
2018,17820,1,0.007516
2018,17900,1,0.002215
2018,18020,1,0.003429
2018,18700,1,0.003921
2018,19340,1,-0.001793
2018,19460,1,-0.004639
2018,19500,1,-0.004758
2018,19740,1,0.000235
2018,20020,1,-0.003331
2018,20100,1,0.003248
2018,20220,1,-0.004515
2018,20740,1,0.004965
2018,20940,1,-0.002329
2018,21140,1,0.002528
2018,21300,1,-0.004356
2018,21500,1,-0.003856
2018,21660,1,0.004948
2018,21820,1,-0.009444
2018,22020,1,0.007859
2018,22140,1,-0.012886
2018,22380,1,-0.006431
2018,22420,1,-0.003712
2018,22500,1,-0.007971
2018,22520,1,-0.004017
2018,22540,1,0.004705
2018,22660,1,0.006177
2018,23420,1,-0.000438
2018,23460,1,-0.004698
2018,23580,1,0.004637
2018,24020,1,-0.000485
2018,24220,1,-0.00903
2018,24300,1,-0.000605
2018,24500,1,-0.008242
2018,24540,1,0.016736
2018,24580,1,0.006821
2018,24660,1,-0.001495
2018,25420,1,0.00669
2018,25500,1,-0.000711
2018,25540,1,-0.000272
2018,25860,1,-0.004914
2018,25980,1,-0.004846
2018,26300,1,-0.003324
2018,26380,1,-0.010118
2018,26620,1,0.009033
2018,26980,1,0.009631
2018,27060,1,-0.001008
2018,27100,1,-0.000472
2018,27260,1,0.006556
2018,27340,1,0.000325
2018,27500,1,0.002492
2018,27740,1,-0.002921
2018,27780,1,-0.005788
2018,27860,1,0.007507
2018,27900,1,-0.001751
2018,28100,1,-0.00319
2018,28420,1,0.012689
2018,28660,1,0.007491
2018,28700,1,-0.009228
2018,28740,1,0.00059
2018,29100,1,0.000735
2018,29340,1,0.001369
2018,29420,1,-0.004694
2018,29460,1,0.010429
2018,29540,1,0.00361
2018,29700,1,0.003638
2018,29740,1,-0.000468
2018,29820,1,0.004646
2018,29940,1,0.009354
2018,30140,1,0.006948
2018,30300,1,-0.007249
2018,30340,1,0.000176
2018,30460,1,0.006573
2018,30620,1,-0.003041
2018,30700,1,0.005078
2018,30780,1,3.6e-05
2018,30860,1,0.002513
2018,31020,1,0.006227
2018,31420,1,-0.008008
2018,31700,1,0.002123
2018,31860,1,0.000588
2018,32580,1,0.005886
2018,32780,1,0.001854
2018,32900,1,-0.000863
2018,33140,1,-0.002746
2018,33340,1,0.000404
2018,33540,1,0.003758
2018,33700,1,-0.00285
2018,33780,1,0.00046
2018,33860,1,-0.001891
2018,34060,1,-0.010431
2018,34580,1,0.00566
2018,34620,1,-0.001811
2018,34740,1,0.000332
2018,34940,1,0.006121
2018,35300,1,-0.000799
2018,35660,1,-0.002151
2018,35840,1,0.007885
2018,35980,1,-0.001173
2018,36100,1,0.00333
2018,36220,1,-0.010982
2018,36420,1,0.001681
2018,36500,1,0.013537
2018,36540,1,0.002798
2018,36740,1,0.008534
2018,36780,1,0.003844
2018,36980,1,-0.00091
2018,37100,1,-0.005986
2018,37340,1,0.001852
2018,37860,1,0.001622
2018,38060,1,0.002407
2018,38300,1,-0.003646
2018,38340,1,-0.005521
2018,38860,1,0.003327
2018,38900,1,0.001334
2018,38940,1,0.00184
2018,39300,1,0.000692
2018,39340,1,0.011012
2018,39380,1,-0.000701
2018,39460,1,0.007047
2018,39540,1,0.003229
2018,39580,1,0.012394
2018,39740,1,0.002563
2018,39820,1,-0.00455
2018,39900,1,0.001009
2018,40140,1,-0.00101
2018,40420,1,-0.000527
2018,40660,1,-0.00069
2018,40900,1,0.000861
2018,40980,1,-0.00108
2018,41060,1,-0.001233
2018,41100,1,0.018751
2018,41140,1,-0.00669
2018,41420,1,0.005107
2018,41500,1,-0.005529
2018,41700,1,0.006285
2018,41740,1,-0.002473
2018,41940,1,-0.006393
2018,42020,1,-0.005076
2018,42100,1,-0.007173
2018,42140,1,-0.004981
2018,42220,1,-0.009332
2018,42340,1,-0.000255
2018,42540,1,0.000446
2018,42680,1,0.005403
2018,43100,1,0.000645
2018,43620,1,0.011538
2018,43780,1,0.001553
2018,44100,1,-0.004832
2018,44180,1,0.001151
2018,44220,1,-0.000332
2018,44300,1,0.001234
2018,44700,1,0.001125
2018,45060,1,-0.001545
2018,45220,1,-0.00287
2018,45820,1,-0.005258
2018,45940,1,0.003997
2018,46060,1,-0.002815
2018,46140,1,-0.001084
2018,46340,1,0.001255
2018,46540,1,-0.002115
2018,46660,1,-0.001221
2018,46700,1,-0.001958
2018,47220,1,-0.004311
2018,47300,1,-0.002498
2018,47940,1,-0.007086
2018,48300,1,0.000962
2018,48540,1,-0.018154
2018,48660,1,-0.004003
2018,48700,1,-0.006302
2018,49020,1,0.003824
2018,49420,1,-0.002583
2018,49620,1,0.003338
2018,49660,1,-0.003595
2018,49740,1,-0.000991
2018,10180,2,-0.005971
2018,10420,2,0.000386
2018,10580,2,0.004146
2018,10740,2,-0.005717
2018,10780,2,-0.008187
2018,10900,2,0.003599
2018,11020,2,-0.003375
2018,11260,2,-0.00643
2018,11460,2,0.002644
2018,11500,2,-0.006097
2018,11540,2,0.005989
2018,11700,2,0.000805
2018,12020,2,0.003038
2018,12100,2,0.001329
2018,12220,2,0.009875
2018,12420,2,0.014562
2018,12540,2,-0.002458
2018,12580,2,-0.006864
2018,12620,2,-0.000518
2018,12700,2,-0.002517
2018,12980,2,-0.000973
2018,13020,2,-0.001297
2018,13380,2,0.011641
2018,13460,2,0.020173
2018,13780,2,-0.004138
2018,14260,2,0.011788
2018,14500,2,-0.005389
2018,14740,2,0.00374
2018,14860,2,-0.000123
2018,15180,2,-0.002159
2018,15260,2,-0.000693
2018,15380,2,0.001165
2018,15500,2,0.007142
2018,15540,2,0.001687
2018,15940,2,-0.002035
2018,15980,2,0.008294
2018,16020,2,-0.010207
2018,16180,2,-0.007199
2018,16220,2,-0.021424
2018,16300,2,0.000235
2018,16700,2,0.007442
2018,16860,2,-0.001277
2018,16940,2,-0.004933
2018,17020,2,0.001365
2018,17420,2,0.003179
2018,17660,2,0.013872
2018,17780,2,0.010235
2018,17820,2,0.007232
2018,17900,2,0.001449
2018,18020,2,0.003329
2018,18700,2,0.004271
2018,19340,2,-0.001512
2018,19460,2,-0.004381
2018,19500,2,-0.005354
2018,19740,2,0.001096
2018,20020,2,-0.003671
2018,20100,2,0.003214
2018,20220,2,-0.004234
2018,20740,2,0.006242
2018,20940,2,-0.002829
2018,21140,2,0.002327
2018,21300,2,-0.004012
2018,21500,2,-0.004818
2018,21660,2,0.005171
2018,21820,2,-0.011392
2018,22020,2,0.008759
2018,22140,2,-0.014676
2018,22380,2,-0.005897
2018,22420,2,-0.003397
2018,22500,2,-0.008478
2018,22520,2,-0.003011
2018,22540,2,0.004349
2018,22660,2,0.006901
2018,23420,2,-0.00033
2018,23460,2,-0.005075
2018,23580,2,0.004345
2018,24020,2,0.000643
2018,24220,2,-0.007749
2018,24300,2,-0.000732
2018,24500,2,-0.007441
2018,24540,2,0.015822
2018,24580,2,0.006811
2018,24660,2,-0.002314
2018,25420,2,0.006017
2018,25500,2,-0.000484
2018,25540,2,-0.000648
2018,25860,2,-0.005953
2018,25980,2,-0.002833
2018,26300,2,-0.003903
2018,26380,2,-0.010413
2018,26620,2,0.00913
2018,26980,2,0.010491
2018,27060,2,-0.000198
2018,27100,2,0.000262
2018,27260,2,0.007165
2018,27340,2,-9.1e-05
2018,27500,2,0.003009
2018,27740,2,-0.002862
2018,27780,2,-0.006072
2018,27860,2,0.00708
2018,27900,2,-0.003235
2018,28100,2,-0.003691
2018,28420,2,0.012665
2018,28660,2,0.006903
2018,28700,2,-0.009119
2018,28740,2,0.000325
2018,29100,2,0.001816
2018,29340,2,0.002087
2018,29420,2,-0.004005
2018,29460,2,0.010916
2018,29540,2,0.003277
2018,29700,2,0.003339
2018,29740,2,-0.001843
2018,29820,2,0.003988
2018,29940,2,0.009802
2018,30140,2,0.006192
2018,30300,2,-0.007088
2018,30340,2,0.000537
2018,30460,2,0.006648
2018,30620,2,-0.003298
2018,30700,2,0.005849
2018,30780,2,-0.000309
2018,30860,2,0.0009
2018,31020,2,0.005785
2018,31420,2,-0.009182
2018,31700,2,0.002021
2018,31860,2,0.000728
2018,32580,2,0.005031
2018,32780,2,0.001911
2018,32900,2,-0.001415
2018,33140,2,-0.002254
2018,33340,2,0.00086
2018,33540,2,0.004147
2018,33700,2,-0.004135
2018,33780,2,0.000153
2018,33860,2,-0.002696
2018,34060,2,-0.010733
2018,34580,2,0.005802
2018,34620,2,-0.002153
2018,34740,2,0.000597
2018,34940,2,0.005903
2018,35300,2,-0.001534
2018,35660,2,-0.001403
2018,35840,2,0.008523
2018,35980,2,-0.00164
2018,36100,2,0.003442
2018,36220,2,-0.010574
2018,36420,2,0.001368
2018,36500,2,0.014364
2018,36540,2,0.002692
2018,36740,2,0.0097
2018,36780,2,0.004231
2018,36980,2,-0.000676
2018,37100,2,-0.006224
2018,37340,2,0.002619
2018,37860,2,0.002571
2018,38060,2,0.002581
2018,38300,2,-0.003131
2018,38340,2,-0.005516
2018,38860,2,0.004156
2018,38900,2,0.002672
2018,38940,2,0.001537
2018,39300,2,0.000688
2018,39340,2,0.011578
2018,39380,2,-0.002435
2018,39460,2,0.006
2018,39540,2,0.002993
2018,39580,2,0.012933
2018,39740,2,0.002279
2018,39820,2,-0.004359
2018,39900,2,0.002022
2018,40140,2,-0.001239
2018,40420,2,-0.001686
2018,40660,2,-0.001083
2018,40900,2,0.000775
2018,40980,2,-0.00154
2018,41060,2,-0.002464
2018,41100,2,0.01918
2018,41140,2,-0.008279
2018,41420,2,0.005001
2018,41500,2,-0.006758
2018,41700,2,0.006235
2018,41740,2,-0.002416
2018,41940,2,-0.006262
2018,42020,2,-0.00539
2018,42100,2,-0.007449
2018,42140,2,-0.006816
2018,42220,2,-0.009048
2018,42340,2,-0.000678
2018,42540,2,-1.6e-05
2018,42680,2,0.005601
2018,43100,2,0.000441
2018,43620,2,0.013619
2018,43780,2,0.001285
2018,44100,2,-0.004972
2018,44180,2,0.001003
2018,44220,2,-0.00062
2018,44300,2,0.000566
2018,44700,2,-7e-05
2018,45060,2,-0.001363
2018,45220,2,-0.002718
2018,45820,2,-0.005521
2018,45940,2,0.002694
2018,46060,2,-0.003073
2018,46140,2,-0.001889
2018,46340,2,0.000186
2018,46540,2,-0.001832
2018,46660,2,-0.002316
2018,46700,2,-0.002934
2018,47220,2,-0.004525
2018,47300,2,-0.002027
2018,47940,2,-0.007199
2018,48300,2,0.001811
2018,48540,2,-0.018131
2018,48660,2,-0.003957
2018,48700,2,-0.006744
2018,49020,2,0.004795
2018,49420,2,-0.002929
2018,49620,2,0.002611
2018,49660,2,-0.003528
2018,49740,2,-0.001559
2018,10180,3,-0.005435
2018,10420,3,-9.5e-05
2018,10580,3,0.003935
2018,10740,3,-0.006748
2018,10780,3,-0.008207
2018,10900,3,0.003027
2018,11020,3,-0.002437
2018,11260,3,-0.007236
2018,11460,3,0.003261
2018,11500,3,-0.006491
2018,11540,3,0.005754
2018,11700,3,0.002502
2018,12020,3,0.001943
2018,12100,3,0.000762
2018,12220,3,0.009771
2018,12420,3,0.016778
2018,12540,3,-0.002072
2018,12580,3,-0.006445
2018,12620,3,-0.000618
2018,12700,3,-0.001913
2018,12980,3,-0.001204
2018,13020,3,-0.002569
2018,13380,3,0.010711
2018,13460,3,0.021562
2018,13780,3,-0.003631
2018,14260,3,0.012622
2018,14500,3,-0.003942
2018,14740,3,0.003631
2018,14860,3,-0.000837
2018,15180,3,-0.003229
2018,15260,3,0.00011
2018,15380,3,0.00142
2018,15500,3,0.004554
2018,15540,3,0.0027
2018,15940,3,-0.002173
2018,15980,3,0.007605
2018,16020,3,-0.00985
2018,16180,3,-0.005235
2018,16220,3,-0.018126
2018,16300,3,-0.001127
2018,16700,3,0.009284
2018,16860,3,-0.001821
2018,16940,3,-0.004856
2018,17020,3,0.000109
2018,17420,3,0.002943
2018,17660,3,0.014592
2018,17780,3,0.011579
2018,17820,3,0.006111
2018,17900,3,0.000615
2018,18020,3,0.003731
2018,18700,3,0.003555
2018,19340,3,-0.001051
2018,19460,3,-0.004324
2018,19500,3,-0.00582
2018,19740,3,0.002379
2018,20020,3,-0.003416
2018,20100,3,0.003025
2018,20220,3,-0.003876
2018,20740,3,0.007125
2018,20940,3,-0.003166
2018,21140,3,0.002362
2018,21300,3,-0.003283
2018,21500,3,-0.00452
2018,21660,3,0.004348
2018,21820,3,-0.012132
2018,22020,3,0.010942
2018,22140,3,-0.015085
2018,22380,3,-0.004279
2018,22420,3,-0.003487
2018,22500,3,-0.009339
2018,22520,3,-0.002252
2018,22540,3,0.003832
2018,22660,3,0.00775
2018,23420,3,-0.00059
2018,23460,3,-0.005271
2018,23580,3,0.004832
2018,24020,3,0.001331
2018,24220,3,-0.004489
2018,24300,3,-0.001067
2018,24500,3,-0.008584
2018,24540,3,0.014158
2018,24580,3,0.006411
2018,24660,3,-0.00373
2018,25420,3,0.005025
2018,25500,3,-0.00026
2018,25540,3,-0.001252
2018,25860,3,-0.007205
2018,25980,3,-0.002388
2018,26300,3,-0.005056
2018,26380,3,-0.009771
2018,26620,3,0.0089
2018,26980,3,0.01034
2018,27060,3,0.001184
2018,27100,3,0.00107
2018,27260,3,0.008199
2018,27340,3,-2e-06
2018,27500,3,0.002896
2018,27740,3,-0.002321
2018,27780,3,-0.006104
2018,27860,3,0.005473
2018,27900,3,-0.004861
2018,28100,3,-0.003
2018,28420,3,0.010816
2018,28660,3,0.005244
2018,28700,3,-0.008677
2018,28740,3,-0.00053
2018,29100,3,0.002788
2018,29340,3,0.003059
2018,29420,3,-0.00455
2018,29460,3,0.011008
2018,29540,3,0.003503
2018,29700,3,0.003113
2018,29740,3,-0.003633
2018,29820,3,0.005609
2018,29940,3,0.009717
2018,30140,3,0.005331
2018,30300,3,-0.006829
2018,30340,3,0.001129
2018,30460,3,0.006666
2018,30620,3,-0.002938
2018,30700,3,0.005672
2018,30780,3,-0.001586
2018,30860,3,-0.000338
2018,31020,3,0.004608
2018,31420,3,-0.010188
2018,31700,3,0.00202
2018,31860,3,5.3e-05
2018,32580,3,0.003668
2018,32780,3,0.001718
2018,32900,3,-0.001726
2018,33140,3,-0.001952
2018,33340,3,0.001369
2018,33540,3,0.003963
2018,33700,3,-0.003041
2018,33780,3,-0.000257
2018,33860,3,-0.003191
2018,34060,3,-0.009902
2018,34580,3,0.005351
2018,34620,3,-0.001874
2018,34740,3,0.00114
2018,34940,3,0.007848
2018,35300,3,-0.002281
2018,35660,3,-0.000485
2018,35840,3,0.010154
2018,35980,3,-0.002186
2018,36100,3,0.003172
2018,36220,3,-0.005604
2018,36420,3,0.000868
2018,36500,3,0.013631
2018,36540,3,0.002309
2018,36740,3,0.011557
2018,36780,3,0.003779
2018,36980,3,-0.000136
2018,37100,3,-0.005977
2018,37340,3,0.003592
2018,37860,3,0.002952
2018,38060,3,0.003742
2018,38300,3,-0.002729
2018,38340,3,-0.004766
2018,38860,3,0.004795
2018,38900,3,0.004386
2018,38940,3,0.00258
2018,39300,3,0.000769
2018,39340,3,0.011283
2018,39380,3,-0.004215
2018,39460,3,0.005653
2018,39540,3,0.002648
2018,39580,3,0.01313
2018,39740,3,0.002224
2018,39820,3,-0.005073
2018,39900,3,0.004624
2018,40140,3,-0.000172
2018,40420,3,-0.002201
2018,40660,3,-0.002899
2018,40900,3,0.000941
2018,40980,3,-0.002463
2018,41060,3,-0.002993
2018,41100,3,0.017312
2018,41140,3,-0.008241
2018,41420,3,0.004791
2018,41500,3,-0.007151
2018,41700,3,0.006194
2018,41740,3,-0.002274
2018,41940,3,-0.004461
2018,42020,3,-0.005506
2018,42100,3,-0.007221
2018,42140,3,-0.00831
2018,42220,3,-0.007213
2018,42340,3,0.000211
2018,42540,3,-0.001083
2018,42680,3,0.006035
2018,43100,3,0.000577
2018,43620,3,0.014451
2018,43780,3,0.001401
2018,44100,3,-0.004358
2018,44180,3,0.000275
2018,44220,3,-0.000941
2018,44300,3,0.001218
2018,44700,3,0.000425
2018,45060,3,-0.001627
2018,45220,3,-0.002368
2018,45820,3,-0.006206
2018,45940,3,0.001733
2018,46060,3,-0.003694
2018,46140,3,-0.002719
2018,46340,3,-0.001219
2018,46540,3,-0.001791
2018,46660,3,-0.003401
2018,46700,3,-0.001908
2018,47220,3,-0.004328
2018,47300,3,-0.001924
2018,47940,3,-0.007005
2018,48300,3,0.002375
2018,48540,3,-0.018734
2018,48660,3,-0.004652
2018,48700,3,-0.00619
2018,49020,3,0.004074
2018,49420,3,-0.00462
2018,49620,3,0.002637
2018,49660,3,-0.00374
2018,49740,3,-0.002532
2018,10180,4,-0.005415
2018,10420,4,6.6e-05
2018,10580,4,0.003667
2018,10740,4,-0.006593
2018,10780,4,-0.008108
2018,10900,4,0.003477
2018,11020,4,-0.002209
2018,11260,4,-0.007601
2018,11460,4,0.003648
2018,11500,4,-0.006414
2018,11540,4,0.005771
2018,11700,4,0.001907
2018,12020,4,0.002706
2018,12100,4,0.000249
2018,12220,4,0.009765
2018,12420,4,0.01631
2018,12540,4,-0.001901
2018,12580,4,-0.006509
2018,12620,4,-0.000496
2018,12700,4,-0.001793
2018,12980,4,-0.000874
2018,13020,4,-0.002319
2018,13380,4,0.010551
2018,13460,4,0.021026
2018,13780,4,-0.003764
2018,14260,4,0.012374
2018,14500,4,-0.004738
2018,14740,4,0.003104
2018,14860,4,-0.000745
2018,15180,4,-0.002981
2018,15260,4,-6.3e-05
2018,15380,4,0.001222
2018,15500,4,0.005292
2018,15540,4,0.002467
2018,15940,4,-0.002309
2018,15980,4,0.007853
2018,16020,4,-0.009374
2018,16180,4,-0.005341
2018,16220,4,-0.019081
2018,16300,4,-0.000657
2018,16700,4,0.008566
2018,16860,4,-0.00192
2018,16940,4,-0.005195
2018,17020,4,0.000393
2018,17420,4,0.002978
2018,17660,4,0.014348
2018,17780,4,0.010589
2018,17820,4,0.006002
2018,17900,4,0.000489
2018,18020,4,0.00321
2018,18700,4,0.004193
2018,19340,4,-0.001088
2018,19460,4,-0.004643
2018,19500,4,-0.006049
2018,19740,4,0.001792
2018,20020,4,-0.003289
2018,20100,4,0.002888
2018,20220,4,-0.003653
2018,20740,4,0.006595
2018,20940,4,-0.002498
2018,21140,4,0.002374
2018,21300,4,-0.00323
2018,21500,4,-0.004354
2018,21660,4,0.004596
2018,21820,4,-0.012473
2018,22020,4,0.01015
2018,22140,4,-0.014898
2018,22380,4,-0.004863
2018,22420,4,-0.00361
2018,22500,4,-0.008936
2018,22520,4,-0.002174
2018,22540,4,0.003617
2018,22660,4,0.006865
2018,23420,4,-0.00054
2018,23460,4,-0.004966
2018,23580,4,0.004453
2018,24020,4,0.000752
2018,24220,4,-0.004918
2018,24300,4,-0.000943
2018,24500,4,-0.008836
2018,24540,4,0.01488
2018,24580,4,0.006444
2018,24660,4,-0.003535
2018,25420,4,0.005159
2018,25500,4,-0.000393
2018,25540,4,-0.001261
2018,25860,4,-0.006441
2018,25980,4,-0.002823
2018,26300,4,-0.004723
2018,26380,4,-0.010087
2018,26620,4,0.008748
2018,26980,4,0.009904
2018,27060,4,0.001102
2018,27100,4,0.001439
2018,27260,4,0.007863
2018,27340,4,0.000199
2018,27500,4,0.0029
2018,27740,4,-0.002146
2018,27780,4,-0.006192
2018,27860,4,0.005364
2018,27900,4,-0.004318
2018,28100,4,-0.003013
2018,28420,4,0.011096
2018,28660,4,0.005701
2018,28700,4,-0.007997
2018,28740,4,-0.000739
2018,29100,4,0.002628
2018,29340,4,0.002648
2018,29420,4,-0.004414
2018,29460,4,0.011443
2018,29540,4,0.004057
2018,29700,4,0.002832
2018,29740,4,-0.003229
2018,29820,4,0.005683
2018,29940,4,0.008695
2018,30140,4,0.005643
2018,30300,4,-0.0062
2018,30340,4,0.001152
2018,30460,4,0.006395
2018,30620,4,-0.002867
2018,30700,4,0.00516
2018,30780,4,-0.001226
2018,30860,4,0.000446
2018,31020,4,0.00519
2018,31420,4,-0.009672
2018,31700,4,0.001995
2018,31860,4,0.00044
2018,32580,4,0.003839
2018,32780,4,0.001726
2018,32900,4,-0.000869
2018,33140,4,-0.001966
2018,33340,4,0.00089
2018,33540,4,0.003474
2018,33700,4,-0.002345
2018,33780,4,0.000316
2018,33860,4,-0.003154
2018,34060,4,-0.009504
2018,34580,4,0.005397
2018,34620,4,-0.001549
2018,34740,4,0.001338
2018,34940,4,0.007416
2018,35300,4,-0.002066
2018,35660,4,-0.000378
2018,35840,4,0.009608
2018,35980,4,-0.002223
2018,36100,4,0.003378
2018,36220,4,-0.006547
2018,36420,4,0.000788
2018,36500,4,0.013346
2018,36540,4,0.002253
2018,36740,4,0.011008
2018,36780,4,0.003679
2018,36980,4,-0.00028
2018,37100,4,-0.006024
2018,37340,4,0.003846
2018,37860,4,0.002613
2018,38060,4,0.003756
2018,38300,4,-0.002745
2018,38340,4,-0.004721
2018,38860,4,0.00456
2018,38900,4,0.003638
2018,38940,4,0.00285
2018,39300,4,0.000657
2018,39340,4,0.01126
2018,39380,4,-0.003819
2018,39460,4,0.005978
2018,39540,4,0.002841
2018,39580,4,0.012748
2018,39740,4,0.002657
2018,39820,4,-0.004691
2018,39900,4,0.004114
2018,40140,4,-5.8e-05
2018,40420,4,-0.002393
2018,40660,4,-0.002342
2018,40900,4,0.000972
2018,40980,4,-0.0021
2018,41060,4,-0.002162
2018,41100,4,0.018527
2018,41140,4,-0.007463
2018,41420,4,0.004984
2018,41500,4,-0.00701
2018,41700,4,0.006596
2018,41740,4,-0.002537
2018,41940,4,-0.004831
2018,42020,4,-0.005489
2018,42100,4,-0.007173
2018,42140,4,-0.00769
2018,42220,4,-0.0075
2018,42340,4,-0.000101
2018,42540,4,-0.000697
2018,42680,4,0.005998
2018,43100,4,0.000688
2018,43620,4,0.013546
2018,43780,4,0.001562
2018,44100,4,-0.004595
2018,44180,4,0.000506
2018,44220,4,-0.000605
2018,44300,4,0.00154
2018,44700,4,0.00086
2018,45060,4,-0.001793
2018,45220,4,-0.002186
2018,45820,4,-0.006075
2018,45940,4,0.002006
2018,46060,4,-0.003375
2018,46140,4,-0.002818
2018,46340,4,-0.000675
2018,46540,4,-0.001589
2018,46660,4,-0.003026
2018,46700,4,-0.00165
2018,47220,4,-0.004797
2018,47300,4,-0.002023
2018,47940,4,-0.006734
2018,48300,4,0.001715
2018,48540,4,-0.019341
2018,48660,4,-0.003655
2018,48700,4,-0.006329
2018,49020,4,0.004282
2018,49420,4,-0.004818
2018,49620,4,0.003052
2018,49660,4,-0.00379
2018,49740,4,-0.002324
2018,10180,5,-0.006416
2018,10420,5,0.000666
2018,10580,5,0.003105
2018,10740,5,-0.005627
2018,10780,5,-0.008457
2018,10900,5,0.004527
2018,11020,5,-0.00279
2018,11260,5,-0.006411
2018,11460,5,0.003887
2018,11500,5,-0.006179
2018,11540,5,0.00574
2018,11700,5,-0.000183
2018,12020,5,0.004344
2018,12100,5,2.4e-05
2018,12220,5,0.010729
2018,12420,5,0.014406
2018,12540,5,-0.001015
2018,12580,5,-0.007294
2018,12620,5,-0.001483
2018,12700,5,-0.002344
2018,12980,5,0.0002
2018,13020,5,-0.001445
2018,13380,5,0.009167
2018,13460,5,0.018869
2018,13780,5,-0.004448
2018,14260,5,0.008748
2018,14500,5,-0.004807
2018,14740,5,0.004245
2018,14860,5,0.001223
2018,15180,5,-0.002227
2018,15260,5,0.000658
2018,15380,5,-0.000636
2018,15500,5,0.00687
2018,15540,5,0.000968
2018,15940,5,-0.002184
2018,15980,5,0.00977
2018,16020,5,-0.007846
2018,16180,5,-0.007718
2018,16220,5,-0.017882
2018,16300,5,0.000511
2018,16700,5,0.007409
2018,16860,5,-0.002791
2018,16940,5,-0.004658
2018,17020,5,0.000189
2018,17420,5,0.002606
2018,17660,5,0.011667
2018,17780,5,0.010715
2018,17820,5,0.006813
2018,17900,5,0.001843
2018,18020,5,0.003894
2018,18700,5,0.003604
2018,19340,5,-0.001496
2018,19460,5,-0.005333
2018,19500,5,-0.005427
2018,19740,5,0.000973
2018,20020,5,-0.002887
2018,20100,5,0.003063
2018,20220,5,-0.004274
2018,20740,5,0.004949
2018,20940,5,-0.001968
2018,21140,5,0.002813
2018,21300,5,-0.003772
2018,21500,5,-0.002878
2018,21660,5,0.004313
2018,21820,5,-0.009141
2018,22020,5,0.009366
2018,22140,5,-0.012669
2018,22380,5,-0.005675
2018,22420,5,-0.004244
2018,22500,5,-0.008425
2018,22520,5,-0.003887
2018,22540,5,0.00421
2018,22660,5,0.006618
2018,23420,5,-0.000693
2018,23460,5,-0.00473
2018,23580,5,0.004947
2018,24020,5,-0.001051
2018,24220,5,-0.007183
2018,24300,5,-0.000997
2018,24500,5,-0.010568
2018,24540,5,0.016699
2018,24580,5,0.006625
2018,24660,5,-0.002289
2018,25420,5,0.006335
2018,25500,5,-0.000654
2018,25540,5,-0.000717
2018,25860,5,-0.005276
2018,25980,5,-0.006603
2018,26300,5,-0.004398
2018,26380,5,-0.009884
2018,26620,5,0.008915
2018,26980,5,0.009095
2018,27060,5,-0.000224
2018,27100,5,0.000312
2018,27260,5,0.00726
2018,27340,5,0.000468
2018,27500,5,0.001965
2018,27740,5,-0.002336
2018,27780,5,-0.005936
2018,27860,5,0.006464
2018,27900,5,-0.002517
2018,28100,5,-0.002522
2018,28420,5,0.011554
2018,28660,5,0.006569
2018,28700,5,-0.008593
2018,28740,5,-0.000628
2018,29100,5,0.001015
2018,29340,5,0.001691
2018,29420,5,-0.005656
2018,29460,5,0.010708
2018,29540,5,0.004621
2018,29700,5,0.003414
2018,29740,5,-0.001474
2018,29820,5,0.006564
2018,29940,5,0.008782
2018,30140,5,0.006849
2018,30300,5,-0.007021
2018,30340,5,0.00054
2018,30460,5,0.006645
2018,30620,5,-0.002559
2018,30700,5,0.00425
2018,30780,5,-0.000823
2018,30860,5,0.00277
2018,31020,5,0.00557
2018,31420,5,-0.00821
2018,31700,5,0.002218
2018,31860,5,2.7e-05
2018,32580,5,0.005249
2018,32780,5,0.001764
2018,32900,5,-0.000428
2018,33140,5,-0.002977
2018,33340,5,0.000239
2018,33540,5,0.00333
2018,33700,5,-0.000811
2018,33780,5,0.000741
2018,33860,5,-0.002091
2018,34060,5,-0.009339
2018,34580,5,0.005068
2018,34620,5,-0.00089
2018,34740,5,0.001002
2018,34940,5,0.008289
2018,35300,5,-0.001118
2018,35660,5,-0.001764
2018,35840,5,0.009368
2018,35980,5,-0.001735
2018,36100,5,0.002945
2018,36220,5,-0.007385
2018,36420,5,0.001517
2018,36500,5,0.01234
2018,36540,5,0.002509
2018,36740,5,0.00978
2018,36780,5,0.003033
2018,36980,5,-0.000397
2018,37100,5,-0.005962
2018,37340,5,0.002642
2018,37860,5,0.001302
2018,38060,5,0.003524
2018,38300,5,-0.003424
2018,38340,5,-0.004919
2018,38860,5,0.00347
2018,38900,5,0.002031
2018,38940,5,0.003236
2018,39300,5,0.000638
2018,39340,5,0.010871
2018,39380,5,-0.001461
2018,39460,5,0.00793
2018,39540,5,0.002951
2018,39580,5,0.012682
2018,39740,5,0.002962
2018,39820,5,-0.005384
2018,39900,5,0.002488
2018,40140,5,-3.9e-05
2018,40420,5,-0.000827
2018,40660,5,-0.002115
2018,40900,5,0.00106
2018,40980,5,-0.001501
2018,41060,5,-0.00062
2018,41100,5,0.018144
2018,41140,5,-0.005484
2018,41420,5,0.005151
2018,41500,5,-0.005324
2018,41700,5,0.006648
2018,41740,5,-0.002474
2018,41940,5,-0.004998
2018,42020,5,-0.005015
2018,42100,5,-0.006784
2018,42140,5,-0.005423
2018,42220,5,-0.008076
2018,42340,5,0.000633
2018,42540,5,-0.00018
2018,42680,5,0.005959
2018,43100,5,0.000894
2018,43620,5,0.011082
2018,43780,5,0.001997
2018,44100,5,-0.004405
2018,44180,5,0.000521
2018,44220,5,-0.000267
2018,44300,5,0.002734
2018,44700,5,0.002404
2018,45060,5,-0.002021
2018,45220,5,-0.002887
2018,45820,5,-0.006087
2018,45940,5,0.003971
2018,46060,5,-0.003338
2018,46140,5,-0.001458
2018,46340,5,0.000751
2018,46540,5,-0.00225
2018,46660,5,-0.001621
2018,46700,5,-0.000528
2018,47220,5,-0.004568
2018,47300,5,-0.002901
2018,47940,5,-0.006847
2018,48300,5,0.000585
2018,48540,5,-0.020196
2018,48660,5,-0.004338
2018,48700,5,-0.005962
2018,49020,5,0.002701
2018,49420,5,-0.004375
2018,49620,5,0.004143
2018,49660,5,-0.004031
2018,49740,5,-0.001687
2018,10180,6,-0.005721
2018,10420,6,0.000159
2018,10580,6,0.004014
2018,10740,6,-0.006431
2018,10780,6,-0.008309
2018,10900,6,0.003393
2018,11020,6,-0.002799
2018,11260,6,-0.007037
2018,11460,6,0.003191
2018,11500,6,-0.006415
2018,11540,6,0.005881
2018,11700,6,0.001671
2018,12020,6,0.002561
2018,12100,6,0.000919
2018,12220,6,0.009948
2018,12420,6,0.016139
2018,12540,6,-0.002083
2018,12580,6,-0.006698
2018,12620,6,-0.000554
2018,12700,6,-0.00219
2018,12980,6,-0.001054
2018,13020,6,-0.00207
2018,13380,6,0.010978
2018,13460,6,0.021324
2018,13780,6,-0.003968
2018,14260,6,0.012363
2018,14500,6,-0.004759
2018,14740,6,0.003451
2018,14860,6,-0.000445
2018,15180,6,-0.002867
2018,15260,6,-0.000267
2018,15380,6,0.001227
2018,15500,6,0.005835
2018,15540,6,0.002309
2018,15940,6,-0.002157
2018,15980,6,0.008205
2018,16020,6,-0.009951
2018,16180,6,-0.006082
2018,16220,6,-0.019754
2018,16300,6,-0.000525
2018,16700,6,0.008504
2018,16860,6,-0.001764
2018,16940,6,-0.005038
2018,17020,6,0.000634
2018,17420,6,0.003038
2018,17660,6,0.014359
2018,17780,6,0.011051
2018,17820,6,0.006503
2018,17900,6,0.000902
2018,18020,6,0.003534
2018,18700,6,0.003934
2018,19340,6,-0.001195
2018,19460,6,-0.00461
2018,19500,6,-0.005714
2018,19740,6,0.001778
2018,20020,6,-0.003494
2018,20100,6,0.003206
2018,20220,6,-0.004045
2018,20740,6,0.006706
2018,20940,6,-0.002841
2018,21140,6,0.00239
2018,21300,6,-0.003646
2018,21500,6,-0.004547
2018,21660,6,0.004693
2018,21820,6,-0.012163
2018,22020,6,0.010217
2018,22140,6,-0.014975
2018,22380,6,-0.005154
2018,22420,6,-0.003538
2018,22500,6,-0.009031
2018,22520,6,-0.002553
2018,22540,6,0.004006
2018,22660,6,0.007297
2018,23420,6,-0.000505
2018,23460,6,-0.005158
2018,23580,6,0.00465
2018,24020,6,0.000802
2018,24220,6,-0.005826
2018,24300,6,-0.000964
2018,24500,6,-0.00839
2018,24540,6,0.015226
2018,24580,6,0.006625
2018,24660,6,-0.003199
2018,25420,6,0.005554
2018,25500,6,-0.000406
2018,25540,6,-0.001003
2018,25860,6,-0.006697
2018,25980,6,-0.002977
2018,26300,6,-0.004742
2018,26380,6,-0.01018
2018,26620,6,0.009126
2018,26980,6,0.010464
2018,27060,6,0.000629
2018,27100,6,0.000772
2018,27260,6,0.007828
2018,27340,6,-3e-05
2018,27500,6,0.002896
2018,27740,6,-0.002571
2018,27780,6,-0.006196
2018,27860,6,0.006134
2018,27900,6,-0.004162
2018,28100,6,-0.003267
2018,28420,6,0.011591
2018,28660,6,0.006042
2018,28700,6,-0.008826
2018,28740,6,-0.000381
2018,29100,6,0.002389
2018,29340,6,0.002687
2018,29420,6,-0.004413
2018,29460,6,0.011215
2018,29540,6,0.003581
2018,29700,6,0.003224
2018,29740,6,-0.00289
2018,29820,6,0.005191
2018,29940,6,0.009643
2018,30140,6,0.00578
2018,30300,6,-0.006957
2018,30340,6,0.000836
2018,30460,6,0.006657
2018,30620,6,-0.00311
2018,30700,6,0.005592
2018,30780,6,-0.001052
2018,30860,6,0.000206
2018,31020,6,0.005158
2018,31420,6,-0.009817
2018,31700,6,0.002016
2018,31860,6,0.000331
2018,32580,6,0.004313
2018,32780,6,0.001798
2018,32900,6,-0.001347
2018,33140,6,-0.002034
2018,33340,6,0.001057
2018,33540,6,0.003944
2018,33700,6,-0.003192
2018,33780,6,8.7e-05
2018,33860,6,-0.002979
2018,34060,6,-0.010209
2018,34580,6,0.005461
2018,34620,6,-0.001909
2018,34740,6,0.000914
2018,34940,6,0.007375
2018,35300,6,-0.001923
2018,35660,6,-0.000853
2018,35840,6,0.009675
2018,35980,6,-0.002073
2018,36100,6,0.003296
2018,36220,6,-0.007708
2018,36420,6,0.001071
2018,36500,6,0.013872
2018,36540,6,0.002401
2018,36740,6,0.010887
2018,36780,6,0.003906
2018,36980,6,-0.000382
2018,37100,6,-0.006122
2018,37340,6,0.003267
2018,37860,6,0.00266
2018,38060,6,0.00345
2018,38300,6,-0.002915
2018,38340,6,-0.005085
2018,38860,6,0.004493
2018,38900,6,0.003613
2018,38940,6,0.002292
2018,39300,6,0.000667
2018,39340,6,0.011559
2018,39380,6,-0.003633
2018,39460,6,0.006017
2018,39540,6,0.002843
2018,39580,6,0.013134
2018,39740,6,0.002338
2018,39820,6,-0.004764
2018,39900,6,0.003681
2018,40140,6,-0.00048
2018,40420,6,-0.002127
2018,40660,6,-0.002172
2018,40900,6,0.000928
2018,40980,6,-0.002013
2018,41060,6,-0.002688
2018,41100,6,0.018658
2018,41140,6,-0.008091
2018,41420,6,0.004839
2018,41500,6,-0.006973
2018,41700,6,0.006381
2018,41740,6,-0.002412
2018,41940,6,-0.005144
2018,42020,6,-0.005475
2018,42100,6,-0.007345
2018,42140,6,-0.007699
2018,42220,6,-0.008044
2018,42340,6,-0.000183
2018,42540,6,-0.000582
2018,42680,6,0.005853
2018,43100,6,0.000487
2018,43620,6,0.014071
2018,43780,6,0.001431
2018,44100,6,-0.004605
2018,44180,6,0.000542
2018,44220,6,-0.000735
2018,44300,6,0.001127
2018,44700,6,0.000464
2018,45060,6,-0.001617
2018,45220,6,-0.00256
2018,45820,6,-0.006079
2018,45940,6,0.002301
2018,46060,6,-0.003505
2018,46140,6,-0.002478
2018,46340,6,-0.00058
2018,46540,6,-0.001768
2018,46660,6,-0.002833
2018,46700,6,-0.00214
2018,47220,6,-0.004648
2018,47300,6,-0.002005
2018,47940,6,-0.007091
2018,48300,6,0.001888
2018,48540,6,-0.018885
2018,48660,6,-0.004274
2018,48700,6,-0.006391
2018,49020,6,0.004502
2018,49420,6,-0.004253
2018,49620,6,0.002739
2018,49660,6,-0.003711
2018,49740,6,-0.002108
2018,10180,7,-0.005508
2018,10420,7,-3e-05
2018,10580,7,0.00369
2018,10740,7,-0.006601
2018,10780,7,-0.008079
2018,10900,7,0.003281
2018,11020,7,-0.002137
2018,11260,7,-0.007537
2018,11460,7,0.003437
2018,11500,7,-0.006455
2018,11540,7,0.005759
2018,11700,7,0.002138
2018,12020,7,0.002352
2018,12100,7,0.000456
2018,12220,7,0.009775
2018,12420,7,0.016367
2018,12540,7,-0.002043
2018,12580,7,-0.006511
2018,12620,7,-0.000582
2018,12700,7,-0.001739
2018,12980,7,-0.000918
2018,13020,7,-0.002341
2018,13380,7,0.010663
2018,13460,7,0.021138
2018,13780,7,-0.003654
2018,14260,7,0.012515
2018,14500,7,-0.004451
2018,14740,7,0.003333
2018,14860,7,-0.000835
2018,15180,7,-0.002999
2018,15260,7,4.2e-05
2018,15380,7,0.001294
2018,15500,7,0.005037
2018,15540,7,0.002516
2018,15940,7,-0.002278
2018,15980,7,0.007536
2018,16020,7,-0.009533
2018,16180,7,-0.005332
2018,16220,7,-0.018747
2018,16300,7,-0.000862
2018,16700,7,0.00885
2018,16860,7,-0.001832
2018,16940,7,-0.005033
2018,17020,7,0.000323
2018,17420,7,0.002963
2018,17660,7,0.014526
2018,17780,7,0.010969
2018,17820,7,0.006166
2018,17900,7,0.000599
2018,18020,7,0.003316
2018,18700,7,0.004006
2018,19340,7,-0.001145
2018,19460,7,-0.004471
2018,19500,7,-0.006054
2018,19740,7,0.002026
2018,20020,7,-0.003326
2018,20100,7,0.002956
2018,20220,7,-0.003685
2018,20740,7,0.006817
2018,20940,7,-0.002733
2018,21140,7,0.002287
2018,21300,7,-0.003099
2018,21500,7,-0.004396
2018,21660,7,0.004528
2018,21820,7,-0.012241
2018,22020,7,0.010321
2018,22140,7,-0.01499
2018,22380,7,-0.004644
2018,22420,7,-0.003585
2018,22500,7,-0.009009
2018,22520,7,-0.002172
2018,22540,7,0.00371
2018,22660,7,0.007289
2018,23420,7,-0.000507
2018,23460,7,-0.005105
2018,23580,7,0.004526
2018,24020,7,0.00104
2018,24220,7,-0.004928
2018,24300,7,-0.000972
2018,24500,7,-0.00879
2018,24540,7,0.014504
2018,24580,7,0.006452
2018,24660,7,-0.003551
2018,25420,7,0.005026
2018,25500,7,-0.00032
2018,25540,7,-0.001282
2018,25860,7,-0.006642
2018,25980,7,-0.002406
2018,26300,7,-0.004814
2018,26380,7,-0.010049
2018,26620,7,0.008817
2018,26980,7,0.010098
2018,27060,7,0.00107
2018,27100,7,0.001511
2018,27260,7,0.007994
2018,27340,7,0.000325
2018,27500,7,0.002873
2018,27740,7,-0.002195
2018,27780,7,-0.00608
2018,27860,7,0.005522
2018,27900,7,-0.004635
2018,28100,7,-0.003014
2018,28420,7,0.011218
2018,28660,7,0.005576
2018,28700,7,-0.008128
2018,28740,7,-0.000659
2018,29100,7,0.002658
2018,29340,7,0.00278
2018,29420,7,-0.004446
2018,29460,7,0.011179
2018,29540,7,0.003874
2018,29700,7,0.002962
2018,29740,7,-0.003273
2018,29820,7,0.005551
2018,29940,7,0.009194
2018,30140,7,0.005476
2018,30300,7,-0.006395
2018,30340,7,0.001237
2018,30460,7,0.00651
2018,30620,7,-0.002807
2018,30700,7,0.005398
2018,30780,7,-0.001288
2018,30860,7,0.00018
2018,31020,7,0.004985
2018,31420,7,-0.009724
2018,31700,7,0.002024
2018,31860,7,0.00031
2018,32580,7,0.003779
2018,32780,7,0.001736
2018,32900,7,-0.001173
2018,33140,7,-0.002031
2018,33340,7,0.001025
2018,33540,7,0.003723
2018,33700,7,-0.002684
2018,33780,7,0.000135
2018,33860,7,-0.003213
2018,34060,7,-0.009762
2018,34580,7,0.005442
2018,34620,7,-0.001529
2018,34740,7,0.001334
2018,34940,7,0.007387
2018,35300,7,-0.0022
2018,35660,7,-0.000379
2018,35840,7,0.009729
2018,35980,7,-0.002151
2018,36100,7,0.003265
2018,36220,7,-0.006365
2018,36420,7,0.000779
2018,36500,7,0.013629
2018,36540,7,0.002307
2018,36740,7,0.011171
2018,36780,7,0.003717
2018,36980,7,-0.0002
2018,37100,7,-0.00606
2018,37340,7,0.003711
2018,37860,7,0.00284
2018,38060,7,0.003615
2018,38300,7,-0.002734
2018,38340,7,-0.0047
2018,38860,7,0.004682
2018,38900,7,0.003882
2018,38940,7,0.002604
2018,39300,7,0.000717
2018,39340,7,0.01121
2018,39380,7,-0.003882
2018,39460,7,0.005686
2018,39540,7,0.002732
2018,39580,7,0.012969
2018,39740,7,0.002521
2018,39820,7,-0.004806
2018,39900,7,0.004197
2018,40140,7,-0.0002
2018,40420,7,-0.00228
2018,40660,7,-0.002483
2018,40900,7,0.000925
2018,40980,7,-0.002171
2018,41060,7,-0.002447
2018,41100,7,0.018029
2018,41140,7,-0.007718
2018,41420,7,0.004949
2018,41500,7,-0.007135
2018,41700,7,0.006322
2018,41740,7,-0.002429
2018,41940,7,-0.004831
2018,42020,7,-0.005534
2018,42100,7,-0.007239
2018,42140,7,-0.007913
2018,42220,7,-0.007389
2018,42340,7,-4.9e-05
2018,42540,7,-0.000855
2018,42680,7,0.006018
2018,43100,7,0.000677
2018,43620,7,0.014002
2018,43780,7,0.00147
2018,44100,7,-0.004629
2018,44180,7,0.000422
2018,44220,7,-0.000636
2018,44300,7,0.001323
2018,44700,7,0.000601
2018,45060,7,-0.001713
2018,45220,7,-0.002207
2018,45820,7,-0.006086
2018,45940,7,0.001836
2018,46060,7,-0.003427
2018,46140,7,-0.002763
2018,46340,7,-0.000985
2018,46540,7,-0.001709
2018,46660,7,-0.003176
2018,46700,7,-0.001866
2018,47220,7,-0.004529
2018,47300,7,-0.001975
2018,47940,7,-0.006838
2018,48300,7,0.001978
2018,48540,7,-0.019397
2018,48660,7,-0.003833
2018,48700,7,-0.006441
2018,49020,7,0.004195
2018,49420,7,-0.004651
2018,49620,7,0.002922
2018,49660,7,-0.003752
2018,49740,7,-0.002394
2018,10180,8,-0.005733
2018,10420,8,0.000227
2018,10580,8,0.003214
2018,10740,8,-0.006621
2018,10780,8,-0.008228
2018,10900,8,0.004025
2018,11020,8,-0.001929
2018,11260,8,-0.00832
2018,11460,8,0.004207
2018,11500,8,-0.006491
2018,11540,8,0.005763
2018,11700,8,0.001129
2018,12020,8,0.003552
2018,12100,8,-0.000355
2018,12220,8,0.010047
2018,12420,8,0.015969
2018,12540,8,-0.001728
2018,12580,8,-0.006973
2018,12620,8,-0.000671
2018,12700,8,-0.001628
2018,12980,8,-0.000336
2018,13020,8,-0.002018
2018,13380,8,0.010097
2018,13460,8,0.020587
2018,13780,8,-0.004057
2018,14260,8,0.011922
2018,14500,8,-0.005369
2018,14740,8,0.002732
2018,14860,8,-0.00051
2018,15180,8,-0.002733
2018,15260,8,-3.8e-05
2018,15380,8,0.000822
2018,15500,8,0.006049
2018,15540,8,0.001978
2018,15940,8,-0.002489
2018,15980,8,0.008449
2018,16020,8,-0.008861
2018,16180,8,-0.005544
2018,16220,8,-0.02012
2018,16300,8,-0.000246
2018,16700,8,0.007997
2018,16860,8,-0.002278
2018,16940,8,-0.005613
2018,17020,8,0.000487
2018,17420,8,0.002956
2018,17660,8,0.013992
2018,17780,8,0.010007
2018,17820,8,0.006136
2018,17900,8,0.000471
2018,18020,8,0.002714
2018,18700,8,0.004519
2018,19340,8,-0.001378
2018,19460,8,-0.005099
2018,19500,8,-0.006533
2018,19740,8,0.001389
2018,20020,8,-0.003196
2018,20100,8,0.002686
2018,20220,8,-0.003603
2018,20740,8,0.005954
2018,20940,8,-0.001782
2018,21140,8,0.002396
2018,21300,8,-0.003186
2018,21500,8,-0.003982
2018,21660,8,0.004627
2018,21820,8,-0.012716
2018,22020,8,0.009499
2018,22140,8,-0.014924
2018,22380,8,-0.005547
2018,22420,8,-0.003687
2018,22500,8,-0.008765
2018,22520,8,-0.002372
2018,22540,8,0.00342
2018,22660,8,0.006356
2018,23420,8,-0.000511
2018,23460,8,-0.004834
2018,23580,8,0.004321
2018,24020,8,-5e-05
2018,24220,8,-0.005709
2018,24300,8,-0.000999
2018,24500,8,-0.009825
2018,24540,8,0.015995
2018,24580,8,0.006539
2018,24660,8,-0.003353
2018,25420,8,0.005344
2018,25500,8,-0.000737
2018,25540,8,-0.001364
2018,25860,8,-0.005769
2018,25980,8,-0.003824
2018,26300,8,-0.004595
2018,26380,8,-0.010673
2018,26620,8,0.008689
2018,26980,8,0.009488
2018,27060,8,0.000845
2018,27100,8,0.002002
2018,27260,8,0.007698
2018,27340,8,0.000349
2018,27500,8,0.002738
2018,27740,8,-0.002062
2018,27780,8,-0.006283
2018,27860,8,0.005486
2018,27900,8,-0.003914
2018,28100,8,-0.003092
2018,28420,8,0.011491
2018,28660,8,0.006224
2018,28700,8,-0.007626
2018,28740,8,-0.001008
2018,29100,8,0.002197
2018,29340,8,0.002176
2018,29420,8,-0.004538
2018,29460,8,0.011882
2018,29540,8,0.00473
2018,29700,8,0.0027
2018,29740,8,-0.00289
2018,29820,8,0.006294
2018,29940,8,0.007984
2018,30140,8,0.006027
2018,30300,8,-0.006028
2018,30340,8,0.001201
2018,30460,8,0.006314
2018,30620,8,-0.002763
2018,30700,8,0.00468
2018,30780,8,-0.000953
2018,30860,8,0.001354
2018,31020,8,0.005679
2018,31420,8,-0.009152
2018,31700,8,0.002124
2018,31860,8,0.000694
2018,32580,8,0.004158
2018,32780,8,0.001732
2018,32900,8,0.00025
2018,33140,8,-0.0023
2018,33340,8,0.000277
2018,33540,8,0.002942
2018,33700,8,-0.001241
2018,33780,8,0.001032
2018,33860,8,-0.003125
2018,34060,8,-0.009509
2018,34580,8,0.00536
2018,34620,8,-0.001062
2018,34740,8,0.0017
2018,34940,8,0.007446
2018,35300,8,-0.001936
2018,35660,8,-0.00045
2018,35840,8,0.009471
2018,35980,8,-0.002251
2018,36100,8,0.003532
2018,36220,8,-0.007616
2018,36420,8,0.000729
2018,36500,8,0.013047
2018,36540,8,0.002293
2018,36740,8,0.010695
2018,36780,8,0.003415
2018,36980,8,-0.000333
2018,37100,8,-0.006237
2018,37340,8,0.004201
2018,37860,8,0.002234
2018,38060,8,0.003842
2018,38300,8,-0.00283
2018,38340,8,-0.004807
2018,38860,8,0.004326
2018,38900,8,0.002784
2018,38940,8,0.003431
2018,39300,8,0.000645
2018,39340,8,0.011226
2018,39380,8,-0.003192
2018,39460,8,0.006693
2018,39540,8,0.002946
2018,39580,8,0.012608
2018,39740,8,0.003135
2018,39820,8,-0.004634
2018,39900,8,0.003844
2018,40140,8,8.6e-05
2018,40420,8,-0.002449
2018,40660,8,-0.001949
2018,40900,8,0.0011
2018,40980,8,-0.001674
2018,41060,8,-0.001184
2018,41100,8,0.019637
2018,41140,8,-0.006551
2018,41420,8,0.005196
2018,41500,8,-0.006655
2018,41700,8,0.006956
2018,41740,8,-0.002814
2018,41940,8,-0.005281
2018,42020,8,-0.005569
2018,42100,8,-0.007199
2018,42140,8,-0.007123
2018,42220,8,-0.007729
2018,42340,8,-0.000347
2018,42540,8,-0.000429
2018,42680,8,0.006284
2018,43100,8,0.000783
2018,43620,8,0.012697
2018,43780,8,0.001723
2018,44100,8,-0.005067
2018,44180,8,0.000651
2018,44220,8,-0.000235
2018,44300,8,0.001983
2018,44700,8,0.001711
2018,45060,8,-0.002035
2018,45220,8,-0.002169
2018,45820,8,-0.006116
2018,45940,8,0.002457
2018,46060,8,-0.00316
2018,46140,8,-0.002797
2018,46340,8,-0.000204
2018,46540,8,-0.001624
2018,46660,8,-0.002805
2018,46700,8,-0.00106
2018,47220,8,-0.005214
2018,47300,8,-0.002301
2018,47940,8,-0.006693
2018,48300,8,0.000772
2018,48540,8,-0.020744
2018,48660,8,-0.002826
2018,48700,8,-0.006651
2018,49020,8,0.004162
2018,49420,8,-0.005276
2018,49620,8,0.003654
2018,49660,8,-0.003959
2018,49740,8,-0.002238
2018,10180,9,-0.005658
2018,10420,9,0.000205
2018,10580,9,0.003786
2018,10740,9,-0.006467
2018,10780,9,-0.008256
2018,10900,9,0.003588
2018,11020,9,-0.002568
2018,11260,9,-0.0074
2018,11460,9,0.003511
2018,11500,9,-0.006382
2018,11540,9,0.005824
2018,11700,9,0.001504
2018,12020,9,0.002886
2018,12100,9,0.000544
2018,12220,9,0.00993
2018,12420,9,0.016032
2018,12540,9,-0.001941
2018,12580,9,-0.006747
2018,12620,9,-0.000552
2018,12700,9,-0.002025
2018,12980,9,-0.000845
2018,13020,9,-0.002034
2018,13380,9,0.010656
2018,13460,9,0.021012
2018,13780,9,-0.003983
2018,14260,9,0.012179
2018,14500,9,-0.004911
2018,14740,9,0.003206
2018,14860,9,-0.00045
2018,15180,9,-0.002805
2018,15260,9,-0.000193
2018,15380,9,0.00113
2018,15500,9,0.005887
2018,15540,9,0.002199
2018,15940,9,-0.002229
2018,15980,9,0.0083
2018,16020,9,-0.009584
2018,16180,9,-0.005816
2018,16220,9,-0.019821
2018,16300,9,-0.000414
2018,16700,9,0.008292
2018,16860,9,-0.001906
2018,16940,9,-0.005215
2018,17020,9,0.000602
2018,17420,9,0.003017
2018,17660,9,0.014166
2018,17780,9,0.010663
2018,17820,9,0.006342
2018,17900,9,0.000747
2018,18020,9,0.003269
2018,18700,9,0.004073
2018,19340,9,-0.001236
2018,19460,9,-0.004717
2018,19500,9,-0.005903
2018,19740,9,0.001657
2018,20020,9,-0.003388
2018,20100,9,0.003021
2018,20220,9,-0.003898
2018,20740,9,0.006443
2018,20940,9,-0.002491
2018,21140,9,0.002407
2018,21300,9,-0.003529
2018,21500,9,-0.004364
2018,21660,9,0.004645
2018,21820,9,-0.012349
2018,22020,9,0.009964
2018,22140,9,-0.014902
2018,22380,9,-0.00525
2018,22420,9,-0.003505
2018,22500,9,-0.008925
2018,22520,9,-0.002482
2018,22540,9,0.003812
2018,22660,9,0.006951
2018,23420,9,-0.000502
2018,23460,9,-0.005016
2018,23580,9,0.004571
2018,24020,9,0.000541
2018,24220,9,-0.005723
2018,24300,9,-0.000964
2018,24500,9,-0.008737
2018,24540,9,0.015436
2018,24580,9,0.00657
2018,24660,9,-0.003235
2018,25420,9,0.005493
2018,25500,9,-0.000526
2018,25540,9,-0.001094
2018,25860,9,-0.006391
2018,25980,9,-0.003242
2018,26300,9,-0.004649
2018,26380,9,-0.010264
2018,26620,9,0.008946
2018,26980,9,0.010114
2018,27060,9,0.000714
2018,27100,9,0.001109
2018,27260,9,0.007755
2018,27340,9,2.3e-05
2018,27500,9,0.002868
2018,27740,9,-0.002407
2018,27780,9,-0.006197
2018,27860,9,0.005889
2018,27900,9,-0.004014
2018,28100,9,-0.003203
2018,28420,9,0.011445
2018,28660,9,0.006079
2018,28700,9,-0.008461
2018,28740,9,-0.000528
2018,29100,9,0.002326
2018,29340,9,0.002528
2018,29420,9,-0.004397
2018,29460,9,0.011415
2018,29540,9,0.003901
2018,29700,9,0.003055
2018,29740,9,-0.0029
2018,29820,9,0.00556
2018,29940,9,0.009064
2018,30140,9,0.005847
2018,30300,9,-0.006654
2018,30340,9,0.00093
2018,30460,9,0.006526
2018,30620,9,-0.003012
2018,30700,9,0.005305
2018,30780,9,-0.001018
2018,30860,9,0.000544
2018,31020,9,0.00531
2018,31420,9,-0.009598
2018,31700,9,0.002055
2018,31860,9,0.000465
2018,32580,9,0.00426
2018,32780,9,0.001775
2018,32900,9,-0.000808
2018,33140,9,-0.002073
2018,33340,9,0.000836
2018,33540,9,0.003592
2018,33700,9,-0.002539
2018,33780,9,0.000388
2018,33860,9,-0.002985
2018,34060,9,-0.009945
2018,34580,9,0.005404
2018,34620,9,-0.001692
2018,34740,9,0.001149
2018,34940,9,0.007404
2018,35300,9,-0.001893
2018,35660,9,-0.000723
2018,35840,9,0.00959
2018,35980,9,-0.002109
2018,36100,9,0.003398
2018,36220,9,-0.007647
2018,36420,9,0.000975
2018,36500,9,0.013519
2018,36540,9,0.002368
2018,36740,9,0.010792
2018,36780,9,0.003759
2018,36980,9,-0.000367
2018,37100,9,-0.0061
2018,37340,9,0.003583
2018,37860,9,0.00251
2018,38060,9,0.003598
2018,38300,9,-0.002864
2018,38340,9,-0.004991
2018,38860,9,0.004426
2018,38900,9,0.003343
2018,38940,9,0.0027
2018,39300,9,0.000679
2018,39340,9,0.011417
2018,39380,9,-0.003472
2018,39460,9,0.006252
2018,39540,9,0.00289
2018,39580,9,0.012877
2018,39740,9,0.002572
2018,39820,9,-0.004684
2018,39900,9,0.003782
2018,40140,9,-0.000262
2018,40420,9,-0.002211
2018,40660,9,-0.002074
2018,40900,9,0.001011
2018,40980,9,-0.001894
2018,41060,9,-0.00221
2018,41100,9,0.018885
2018,41140,9,-0.007597
2018,41420,9,0.004922
2018,41500,9,-0.006793
2018,41700,9,0.00657
2018,41740,9,-0.002519
2018,41940,9,-0.005136
2018,42020,9,-0.005464
2018,42100,9,-0.007248
2018,42140,9,-0.007478
2018,42220,9,-0.007898
2018,42340,9,-0.000226
2018,42540,9,-0.000512
2018,42680,9,0.005984
2018,43100,9,0.000572
2018,43620,9,0.013566
2018,43780,9,0.001521
2018,44100,9,-0.004704
2018,44180,9,0.0006
2018,44220,9,-0.000596
2018,44300,9,0.001389
2018,44700,9,0.000899
2018,45060,9,-0.001724
2018,45220,9,-0.00242
2018,45820,9,-0.006039
2018,45940,9,0.002365
2018,46060,9,-0.003375
2018,46140,9,-0.002556
2018,46340,9,-0.000416
2018,46540,9,-0.001688
2018,46660,9,-0.002814
2018,46700,9,-0.001738
2018,47220,9,-0.004805
2018,47300,9,-0.002067
2018,47940,9,-0.006932
2018,48300,9,0.001528
2018,48540,9,-0.019234
2018,48660,9,-0.003836
2018,48700,9,-0.006388
2018,49020,9,0.004406
2018,49420,9,-0.004554
2018,49620,9,0.002998
2018,49660,9,-0.003754
2018,49740,9,-0.002125
2018,10180,10,-0.005658
2018,10420,10,0.000205
2018,10580,10,0.003786
2018,10740,10,-0.006467
2018,10780,10,-0.008256
2018,10900,10,0.003588
2018,11020,10,-0.002568
2018,11260,10,-0.0074
2018,11460,10,0.003511
2018,11500,10,-0.006382
2018,11540,10,0.005824
2018,11700,10,0.001504
2018,12020,10,0.002886
2018,12100,10,0.000544
2018,12220,10,0.00993
2018,12420,10,0.016032
2018,12540,10,-0.001941
2018,12580,10,-0.006747
2018,12620,10,-0.000552
2018,12700,10,-0.002025
2018,12980,10,-0.000845
2018,13020,10,-0.002034
2018,13380,10,0.010656
2018,13460,10,0.021012
2018,13780,10,-0.003983
2018,14260,10,0.012179
2018,14500,10,-0.004911
2018,14740,10,0.003206
2018,14860,10,-0.00045
2018,15180,10,-0.002805
2018,15260,10,-0.000193
2018,15380,10,0.00113
2018,15500,10,0.005887
2018,15540,10,0.002199
2018,15940,10,-0.002229
2018,15980,10,0.0083
2018,16020,10,-0.009584
2018,16180,10,-0.005816
2018,16220,10,-0.019821
2018,16300,10,-0.000414
2018,16700,10,0.008292
2018,16860,10,-0.001906
2018,16940,10,-0.005215
2018,17020,10,0.000602
2018,17420,10,0.003017
2018,17660,10,0.014166
2018,17780,10,0.010663
2018,17820,10,0.006342
2018,17900,10,0.000747
2018,18020,10,0.003269
2018,18700,10,0.004073
2018,19340,10,-0.001236
2018,19460,10,-0.004717
2018,19500,10,-0.005903
2018,19740,10,0.001657
2018,20020,10,-0.003388
2018,20100,10,0.003021
2018,20220,10,-0.003898
2018,20740,10,0.006443
2018,20940,10,-0.002491
2018,21140,10,0.002407
2018,21300,10,-0.003529
2018,21500,10,-0.004364
2018,21660,10,0.004645
2018,21820,10,-0.012349
2018,22020,10,0.009964
2018,22140,10,-0.014902
2018,22380,10,-0.00525
2018,22420,10,-0.003505
2018,22500,10,-0.008925
2018,22520,10,-0.002482
2018,22540,10,0.003812
2018,22660,10,0.006951
2018,23420,10,-0.000502
2018,23460,10,-0.005016
2018,23580,10,0.004571
2018,24020,10,0.000541
2018,24220,10,-0.005723
2018,24300,10,-0.000964
2018,24500,10,-0.008737
2018,24540,10,0.015436
2018,24580,10,0.00657
2018,24660,10,-0.003235
2018,25420,10,0.005493
2018,25500,10,-0.000526
2018,25540,10,-0.001094
2018,25860,10,-0.006391
2018,25980,10,-0.003242
2018,26300,10,-0.004649
2018,26380,10,-0.010264
2018,26620,10,0.008946
2018,26980,10,0.010114
2018,27060,10,0.000714
2018,27100,10,0.001109
2018,27260,10,0.007755
2018,27340,10,2.3e-05
2018,27500,10,0.002868
2018,27740,10,-0.002407
2018,27780,10,-0.006197
2018,27860,10,0.005889
2018,27900,10,-0.004014
2018,28100,10,-0.003203
2018,28420,10,0.011445
2018,28660,10,0.006079
2018,28700,10,-0.008461
2018,28740,10,-0.000528
2018,29100,10,0.002326
2018,29340,10,0.002528
2018,29420,10,-0.004397
2018,29460,10,0.011415
2018,29540,10,0.003901
2018,29700,10,0.003055
2018,29740,10,-0.0029
2018,29820,10,0.00556
2018,29940,10,0.009064
2018,30140,10,0.005847
2018,30300,10,-0.006654
2018,30340,10,0.00093
2018,30460,10,0.006526
2018,30620,10,-0.003012
2018,30700,10,0.005305
2018,30780,10,-0.001018
2018,30860,10,0.000544
2018,31020,10,0.00531
2018,31420,10,-0.009598
2018,31700,10,0.002055
2018,31860,10,0.000465
2018,32580,10,0.00426
2018,32780,10,0.001775
2018,32900,10,-0.000808
2018,33140,10,-0.002073
2018,33340,10,0.000836
2018,33540,10,0.003592
2018,33700,10,-0.002539
2018,33780,10,0.000388
2018,33860,10,-0.002985
2018,34060,10,-0.009945
2018,34580,10,0.005404
2018,34620,10,-0.001692
2018,34740,10,0.001149
2018,34940,10,0.007404
2018,35300,10,-0.001893
2018,35660,10,-0.000723
2018,35840,10,0.00959
2018,35980,10,-0.002109
2018,36100,10,0.003398
2018,36220,10,-0.007647
2018,36420,10,0.000975
2018,36500,10,0.013519
2018,36540,10,0.002368
2018,36740,10,0.010792
2018,36780,10,0.003759
2018,36980,10,-0.000367
2018,37100,10,-0.0061
2018,37340,10,0.003583
2018,37860,10,0.00251
2018,38060,10,0.003598
2018,38300,10,-0.002864
2018,38340,10,-0.004991
2018,38860,10,0.004426
2018,38900,10,0.003343
2018,38940,10,0.0027
2018,39300,10,0.000679
2018,39340,10,0.011417
2018,39380,10,-0.003472
2018,39460,10,0.006252
2018,39540,10,0.00289
2018,39580,10,0.012877
2018,39740,10,0.002572
2018,39820,10,-0.004684
2018,39900,10,0.003782
2018,40140,10,-0.000262
2018,40420,10,-0.002211
2018,40660,10,-0.002074
2018,40900,10,0.001011
2018,40980,10,-0.001894
2018,41060,10,-0.00221
2018,41100,10,0.018885
2018,41140,10,-0.007597
2018,41420,10,0.004922
2018,41500,10,-0.006793
2018,41700,10,0.00657
2018,41740,10,-0.002519
2018,41940,10,-0.005136
2018,42020,10,-0.005464
2018,42100,10,-0.007248
2018,42140,10,-0.007478
2018,42220,10,-0.007898
2018,42340,10,-0.000226
2018,42540,10,-0.000512
2018,42680,10,0.005984
2018,43100,10,0.000572
2018,43620,10,0.013566
2018,43780,10,0.001521
2018,44100,10,-0.004704
2018,44180,10,0.0006
2018,44220,10,-0.000596
2018,44300,10,0.001389
2018,44700,10,0.000899
2018,45060,10,-0.001724
2018,45220,10,-0.00242
2018,45820,10,-0.006039
2018,45940,10,0.002365
2018,46060,10,-0.003375
2018,46140,10,-0.002556
2018,46340,10,-0.000416
2018,46540,10,-0.001688
2018,46660,10,-0.002814
2018,46700,10,-0.001738
2018,47220,10,-0.004805
2018,47300,10,-0.002067
2018,47940,10,-0.006932
2018,48300,10,0.001528
2018,48540,10,-0.019234
2018,48660,10,-0.003836
2018,48700,10,-0.006388
2018,49020,10,0.004406
2018,49420,10,-0.004554
2018,49620,10,0.002998
2018,49660,10,-0.003754
2018,49740,10,-0.002125
2018,10180,11,-0.00578
2018,10420,11,4.4e-05
2018,10580,11,0.003256
2018,10740,11,-0.006513
2018,10780,11,-0.007989
2018,10900,11,0.00358
2018,11020,11,-0.001699
2018,11260,11,-0.008022
2018,11460,11,0.003727
2018,11500,11,-0.006466
2018,11540,11,0.005681
2018,11700,11,0.001594
2018,12020,11,0.002793
2018,12100,11,8.8e-05
2018,12220,11,0.009889
2018,12420,11,0.015908
2018,12540,11,-0.00197
2018,12580,11,-0.006781
2018,12620,11,-0.000746
2018,12700,11,-0.001472
2018,12980,11,-0.000431
2018,13020,11,-0.002026
2018,13380,11,0.010252
2018,13460,11,0.020628
2018,13780,11,-0.003753
2018,14260,11,0.01219
2018,14500,11,-0.00483
2018,14740,11,0.003026
2018,14860,11,-0.000702
2018,15180,11,-0.002737
2018,15260,11,8.4e-05
2018,15380,11,0.001012
2018,15500,11,0.00554
2018,15540,11,0.002145
2018,15940,11,-0.00238
2018,15980,11,0.007673
2018,16020,11,-0.009053
2018,16180,11,-0.005451
2018,16220,11,-0.019267
2018,16300,11,-0.000627
2018,16700,11,0.008427
2018,16860,11,-0.002016
2018,16940,11,-0.005204
2018,17020,11,0.000424
2018,17420,11,0.002912
2018,17660,11,0.014258
2018,17780,11,0.010544
2018,17820,11,0.006336
2018,17900,11,0.000661
2018,18020,11,0.00286
2018,18700,11,0.004229
2018,19340,11,-0.00139
2018,19460,11,-0.004717
2018,19500,11,-0.006434
2018,19740,11,0.001795
2018,20020,11,-0.003198
2018,20100,11,0.002859
2018,20220,11,-0.003548
2018,20740,11,0.006355
2018,20940,11,-0.002162
2018,21140,11,0.002184
2018,21300,11,-0.002839
2018,21500,11,-0.004025
2018,21660,11,0.004511
2018,21820,11,-0.012178
2018,22020,11,0.009704
2018,22140,11,-0.014874
2018,22380,11,-0.005068
2018,22420,11,-0.003616
2018,22500,11,-0.008697
2018,22520,11,-0.002222
2018,22540,11,0.003543
2018,22660,11,0.007034
2018,23420,11,-0.000405
2018,23460,11,-0.004987
2018,23580,11,0.004314
2018,24020,11,0.000535
2018,24220,11,-0.005592
2018,24300,11,-0.000998
2018,24500,11,-0.009466
2018,24540,11,0.015016
2018,24580,11,0.006477
2018,24660,11,-0.00332
2018,25420,11,0.005012
2018,25500,11,-0.000518
2018,25540,11,-0.001355
2018,25860,11,-0.006043
2018,25980,11,-0.002836
2018,26300,11,-0.004711
2018,26380,11,-0.010437
2018,26620,11,0.008741
2018,26980,11,0.009798
2018,27060,11,0.000812
2018,27100,11,0.002152
2018,27260,11,0.007834
2018,27340,11,0.000653
2018,27500,11,0.002676
2018,27740,11,-0.002105
2018,27780,11,-0.005974
2018,27860,11,0.005719
2018,27900,11,-0.004489
2018,28100,11,-0.00304
2018,28420,11,0.011632
2018,28660,11,0.005927
2018,28700,11,-0.007635
2018,28740,11,-0.000891
2018,29100,11,0.002312
2018,29340,11,0.002447
2018,29420,11,-0.004457
2018,29460,11,0.011241
2018,29540,11,0.00433
2018,29700,11,0.002899
2018,29740,11,-0.00289
2018,29820,11,0.005816
2018,29940,11,0.008807
2018,30140,11,0.005601
2018,30300,11,-0.006202
2018,30340,11,0.001359
2018,30460,11,0.006416
2018,30620,11,-0.002592
2018,30700,11,0.005062
2018,30780,11,-0.000998
2018,30860,11,0.00077
2018,31020,11,0.005232
2018,31420,11,-0.009095
2018,31700,11,0.00212
2018,31860,11,0.000479
2018,32580,11,0.003974
2018,32780,11,0.001748
2018,32900,11,-0.000344
2018,33140,11,-0.0023
2018,33340,11,0.000542
2018,33540,11,0.003426
2018,33700,11,-0.001966
2018,33780,11,0.000699
2018,33860,11,-0.003206
2018,34060,11,-0.00979
2018,34580,11,0.005385
2018,34620,11,-0.000969
2018,34740,11,0.001653
2018,34940,11,0.007217
2018,35300,11,-0.002148
2018,35660,11,-0.000374
2018,35840,11,0.009532
2018,35980,11,-0.002101
2018,36100,11,0.003262
2018,36220,11,-0.007214
2018,36420,11,0.000703
2018,36500,11,0.013473
2018,36540,11,0.002338
2018,36740,11,0.010839
2018,36780,11,0.003478
2018,36980,11,-0.000174
2018,37100,11,-0.0062
2018,37340,11,0.003866
2018,37860,11,0.002669
2018,38060,11,0.003514
2018,38300,11,-0.002725
2018,38340,11,-0.004647
2018,38860,11,0.004522
2018,38900,11,0.003256
2018,38940,11,0.002798
2018,39300,11,0.000713
2018,39340,11,0.011033
2018,39380,11,-0.003381
2018,39460,11,0.005935
2018,39540,11,0.002712
2018,39580,11,0.012881
2018,39740,11,0.00284
2018,39820,11,-0.004676
2018,39900,11,0.003898
2018,40140,11,-0.000205
2018,40420,11,-0.002282
2018,40660,11,-0.002133
2018,40900,11,0.000978
2018,40980,11,-0.00175
2018,41060,11,-0.001759
2018,41100,11,0.018612
2018,41140,11,-0.006956
2018,41420,11,0.00504
2018,41500,11,-0.006885
2018,41700,11,0.006342
2018,41740,11,-0.002557
2018,41940,11,-0.005193
2018,42020,11,-0.005551
2018,42100,11,-0.007215
2018,42140,11,-0.00747
2018,42220,11,-0.007431
2018,42340,11,-0.000291
2018,42540,11,-0.000678
2018,42680,11,0.006151
2018,43100,11,0.000747
2018,43620,11,0.013478
2018,43780,11,0.001536
2018,44100,11,-0.005018
2018,44180,11,0.000491
2018,44220,11,-0.000243
2018,44300,11,0.001522
2018,44700,11,0.001084
2018,45060,11,-0.001833
2018,45220,11,-0.002143
2018,45820,11,-0.006043
2018,45940,11,0.002068
2018,46060,11,-0.003193
2018,46140,11,-0.002698
2018,46340,11,-0.000812
2018,46540,11,-0.001761
2018,46660,11,-0.002982
2018,46700,11,-0.001564
2018,47220,11,-0.004672
2018,47300,11,-0.002116
2018,47940,11,-0.006733
2018,48300,11,0.001295
2018,48540,11,-0.020546
2018,48660,11,-0.003002
2018,48700,11,-0.006767
2018,49020,11,0.004096
2018,49420,11,-0.004866
2018,49620,11,0.003326
2018,49660,11,-0.003792
2018,49740,11,-0.002294
2018,10180,12,-0.005387
2018,10420,12,-4.9e-05
2018,10580,12,0.003987
2018,10740,12,-0.006601
2018,10780,12,-0.008135
2018,10900,12,0.003062
2018,11020,12,-0.002468
2018,11260,12,-0.007149
2018,11460,12,0.003154
2018,11500,12,-0.006406
2018,11540,12,0.005777
2018,11700,12,0.002442
2018,12020,12,0.002018
2018,12100,12,0.000847
2018,12220,12,0.009712
2018,12420,12,0.016556
2018,12540,12,-0.002062
2018,12580,12,-0.006367
2018,12620,12,-0.000485
2018,12700,12,-0.001946
2018,12980,12,-0.001219
2018,13020,12,-0.002449
2018,13380,12,0.010865
2018,13460,12,0.021411
2018,13780,12,-0.003593
2018,14260,12,0.012635
2018,14500,12,-0.004159
2018,14740,12,0.003558
2018,14860,12,-0.000846
2018,15180,12,-0.003109
2018,15260,12,6.4e-05
2018,15380,12,0.001452
2018,15500,12,0.004782
2018,15540,12,0.002682
2018,15940,12,-0.002166
2018,15980,12,0.007423
2018,16020,12,-0.009852
2018,16180,12,-0.005244
2018,16220,12,-0.018362
2018,16300,12,-0.001013
2018,16700,12,0.009075
2018,16860,12,-0.001711
2018,16940,12,-0.004891
2018,17020,12,0.000288
2018,17420,12,0.002979
2018,17660,12,0.014621
2018,17780,12,0.011322
2018,17820,12,0.006123
2018,17900,12,0.000639
2018,18020,12,0.003602
2018,18700,12,0.003724
2018,19340,12,-0.001032
2018,19460,12,-0.004271
2018,19500,12,-0.005726
2018,19740,12,0.002187
2018,20020,12,-0.003405
2018,20100,12,0.00309
2018,20220,12,-0.003821
2018,20740,12,0.007092
2018,20940,12,-0.003103
2018,21140,12,0.002318
2018,21300,12,-0.003285
2018,21500,12,-0.004584
2018,21660,12,0.004472
2018,21820,12,-0.012213
2018,22020,12,0.010713
2018,22140,12,-0.014982
2018,22380,12,-0.004393
2018,22420,12,-0.003493
2018,22500,12,-0.009186
2018,22520,12,-0.002186
2018,22540,12,0.003877
2018,22660,12,0.007531
2018,23420,12,-0.000549
2018,23460,12,-0.00518
2018,23580,12,0.004731
2018,24020,12,0.001369
2018,24220,12,-0.004626
2018,24300,12,-0.000958
2018,24500,12,-0.008299
2018,24540,12,0.014144
2018,24580,12,0.006434
2018,24660,12,-0.003627
2018,25420,12,0.005059
2018,25500,12,-0.000224
2018,25540,12,-0.001186
2018,25860,12,-0.007041
2018,25980,12,-0.002108
2018,26300,12,-0.004876
2018,26380,12,-0.009773
2018,26620,12,0.008911
2018,26980,12,0.010347
2018,27060,12,0.001137
2018,27100,12,0.001048
2018,27260,12,0.008082
2018,27340,12,0.000148
2018,27500,12,0.002964
2018,27740,12,-0.002329
2018,27780,12,-0.006067
2018,27860,12,0.005526
2018,27900,12,-0.004711
2018,28100,12,-0.002988
2018,28420,12,0.010964
2018,28660,12,0.00539
2018,28700,12,-0.008543
2018,28740,12,-0.000439
2018,29100,12,0.002797
2018,29340,12,0.003017
2018,29420,12,-0.00443
2018,29460,12,0.011022
2018,29540,12,0.003478
2018,29700,12,0.00311
2018,29740,12,-0.003409
2018,29820,12,0.005391
2018,29940,12,0.00962
2018,30140,12,0.005363
2018,30300,12,-0.006661
2018,30340,12,0.001124
2018,30460,12,0.006592
2018,30620,12,-0.002934
2018,30700,12,0.005663
2018,30780,12,-0.001434
2018,30860,12,-0.000285
2018,31020,12,0.00477
2018,31420,12,-0.01006
2018,31700,12,0.001985
2018,31860,12,0.000162
2018,32580,12,0.003734
2018,32780,12,0.001726
2018,32900,12,-0.001686
2018,33140,12,-0.001859
2018,33340,12,0.001353
2018,33540,12,0.003962
2018,33700,12,-0.003167
2018,33780,12,-0.000229
2018,33860,12,-0.003149
2018,34060,12,-0.009882
2018,34580,12,0.005447
2018,34620,12,-0.001898
2018,34740,12,0.001071
2018,34940,12,0.007535
2018,35300,12,-0.002199
2018,35660,12,-0.000443
2018,35840,12,0.009874
2018,35980,12,-0.002113
2018,36100,12,0.003237
2018,36220,12,-0.00594
2018,36420,12,0.00085
2018,36500,12,0.013761
2018,36540,12,0.002305
2018,36740,12,0.011335
2018,36780,12,0.003872
2018,36980,12,-0.000221
2018,37100,12,-0.00594
2018,37340,12,0.0035
2018,37860,12,0.002956
2018,38060,12,0.003632
2018,38300,12,-0.002757
2018,38340,12,-0.004747
2018,38860,12,0.004755
2018,38900,12,0.004247
2018,38940,12,0.002397
2018,39300,12,0.000743
2018,39340,12,0.011275
2018,39380,12,-0.004135
2018,39460,12,0.005489
2018,39540,12,0.002735
2018,39580,12,0.013036
2018,39740,12,0.002255
2018,39820,12,-0.004874
2018,39900,12,0.004415
2018,40140,12,-0.000216
2018,40420,12,-0.002177
2018,40660,12,-0.002668
2018,40900,12,0.000913
2018,40980,12,-0.002371
2018,41060,12,-0.002959
2018,41100,12,0.017536
2018,41140,12,-0.008212
2018,41420,12,0.00481
2018,41500,12,-0.007199
2018,41700,12,0.006196
2018,41740,12,-0.002305
2018,41940,12,-0.004605
2018,42020,12,-0.0055
2018,42100,12,-0.007254
2018,42140,12,-0.00815
2018,42220,12,-0.00735
2018,42340,12,9.9e-05
2018,42540,12,-0.000952
2018,42680,12,0.005893
2018,43100,12,0.000592
2018,43620,12,0.014394
2018,43780,12,0.001392
2018,44100,12,-0.004378
2018,44180,12,0.000371
2018,44220,12,-0.000866
2018,44300,12,0.001097
2018,44700,12,0.000317
2018,45060,12,-0.0016
2018,45220,12,-0.002272
2018,45820,12,-0.00608
2018,45940,12,0.001762
2018,46060,12,-0.00357
2018,46140,12,-0.002729
2018,46340,12,-0.001126
2018,46540,12,-0.001709
2018,46660,12,-0.003235
2018,46700,12,-0.002034
2018,47220,12,-0.004339
2018,47300,12,-0.001852
2018,47940,12,-0.006936
2018,48300,12,0.002376
2018,48540,12,-0.018559
2018,48660,12,-0.004406
2018,48700,12,-0.006196
2018,49020,12,0.00427
2018,49420,12,-0.004448
2018,49620,12,0.00261
2018,49660,12,-0.003674
2018,49740,12,-0.002394
2018,10180,13,-0.005375
2018,10420,13,-0.000103
2018,10580,13,0.002956
2018,10740,13,-0.00656
2018,10780,13,-0.00772
2018,10900,13,0.003394
2018,11020,13,-0.001377
2018,11260,13,-0.008186
2018,11460,13,0.003925
2018,11500,13,-0.006269
2018,11540,13,0.005457
2018,11700,13,0.002115
2018,12020,13,0.002575
2018,12100,13,-0.000338
2018,12220,13,0.009582
2018,12420,13,0.015697
2018,12540,13,-0.001936
2018,12580,13,-0.006569
2018,12620,13,-0.000927
2018,12700,13,-0.001114
2018,12980,13,-0.000343
2018,13020,13,-0.002286
2018,13380,13,0.009669
2018,13460,13,0.019674
2018,13780,13,-0.00337
2018,14260,13,0.011616
2018,14500,13,-0.003811
2018,14740,13,0.003456
2018,14860,13,-0.000937
2018,15180,13,-0.002771
2018,15260,13,0.000626
2018,15380,13,0.001071
2018,15500,13,0.004272
2018,15540,13,0.002145
2018,15940,13,-0.002333
2018,15980,13,0.007173
2018,16020,13,-0.008497
2018,16180,13,-0.004556
2018,16220,13,-0.017367
2018,16300,13,-0.000911
2018,16700,13,0.008761
2018,16860,13,-0.002029
2018,16940,13,-0.004924
2018,17020,13,-0.000112
2018,17420,13,0.002798
2018,17660,13,0.013728
2018,17780,13,0.01055
2018,17820,13,0.005995
2018,17900,13,0.000465
2018,18020,13,0.00295
2018,18700,13,0.003746
2018,19340,13,-0.001413
2018,19460,13,-0.00418
2018,19500,13,-0.006433
2018,19740,13,0.002275
2018,20020,13,-0.003031
2018,20100,13,0.002278
2018,20220,13,-0.003316
2018,20740,13,0.006312
2018,20940,13,-0.002328
2018,21140,13,0.002239
2018,21300,13,-0.002473
2018,21500,13,-0.003815
2018,21660,13,0.004082
2018,21820,13,-0.011428
2018,22020,13,0.009708
2018,22140,13,-0.014554
2018,22380,13,-0.004117
2018,22420,13,-0.003317
2018,22500,13,-0.008765
2018,22520,13,-0.002136
2018,22540,13,0.003307
2018,22660,13,0.007194
2018,23420,13,-0.000464
2018,23460,13,-0.004942
2018,23580,13,0.004507
2018,24020,13,0.000895
2018,24220,13,-0.004505
2018,24300,13,-0.001056
2018,24500,13,-0.009656
2018,24540,13,0.013981
2018,24580,13,0.006155
2018,24660,13,-0.003592
2018,25420,13,0.004486
2018,25500,13,-0.000509
2018,25540,13,-0.001579
2018,25860,13,-0.006055
2018,25980,13,-0.002544
2018,26300,13,-0.004541
2018,26380,13,-0.009828
2018,26620,13,0.0081
2018,26980,13,0.009079
2018,27060,13,0.001246
2018,27100,13,0.002454
2018,27260,13,0.007911
2018,27340,13,0.000498
2018,27500,13,0.00267
2018,27740,13,-0.001693
2018,27780,13,-0.00571
2018,27860,13,0.004962
2018,27900,13,-0.004655
2018,28100,13,-0.002753
2018,28420,13,0.010644
2018,28660,13,0.005153
2018,28700,13,-0.00739
2018,28740,13,-0.000734
2018,29100,13,0.002399
2018,29340,13,0.002439
2018,29420,13,-0.004493
2018,29460,13,0.010844
2018,29540,13,0.004339
2018,29700,13,0.002651
2018,29740,13,-0.003467
2018,29820,13,0.006359
2018,29940,13,0.00839
2018,30140,13,0.005305
2018,30300,13,-0.005905
2018,30340,13,0.001671
2018,30460,13,0.006337
2018,30620,13,-0.002332
2018,30700,13,0.005018
2018,30780,13,-0.001426
2018,30860,13,0.000869
2018,31020,13,0.004838
2018,31420,13,-0.009026
2018,31700,13,0.002238
2018,31860,13,0.000362
2018,32580,13,0.003396
2018,32780,13,0.001669
2018,32900,13,-0.000425
2018,33140,13,-0.002428
2018,33340,13,0.000727
2018,33540,13,0.003155
2018,33700,13,-0.001388
2018,33780,13,0.00048
2018,33860,13,-0.00323
2018,34060,13,-0.009243
2018,34580,13,0.005278
2018,34620,13,-0.000892
2018,34740,13,0.00207
2018,34940,13,0.007327
2018,35300,13,-0.002357
2018,35660,13,-0.000138
2018,35840,13,0.009586
2018,35980,13,-0.001994
2018,36100,13,0.003262
2018,36220,13,-0.005294
2018,36420,13,0.000575
2018,36500,13,0.012701
2018,36540,13,0.002395
2018,36740,13,0.011056
2018,36780,13,0.003252
2018,36980,13,0.000102
2018,37100,13,-0.005913
2018,37340,13,0.004324
2018,37860,13,0.002802
2018,38060,13,0.003682
2018,38300,13,-0.00251
2018,38340,13,-0.00433
2018,38860,13,0.00465
2018,38900,13,0.003586
2018,38940,13,0.003488
2018,39300,13,0.00098
2018,39340,13,0.010364
2018,39380,13,-0.003143
2018,39460,13,0.005925
2018,39540,13,0.002536
2018,39580,13,0.012361
2018,39740,13,0.002849
2018,39820,13,-0.004983
2018,39900,13,0.004536
2018,40140,13,0.000139
2018,40420,13,-0.002016
2018,40660,13,-0.002601
2018,40900,13,0.001061
2018,40980,13,-0.002078
2018,41060,13,-0.001467
2018,41100,13,0.016589
2018,41140,13,-0.006663
2018,41420,13,0.005164
2018,41500,13,-0.006527
2018,41700,13,0.006192
2018,41740,13,-0.00238
2018,41940,13,-0.004621
2018,42020,13,-0.005425
2018,42100,13,-0.006824
2018,42140,13,-0.007486
2018,42220,13,-0.006451
2018,42340,13,0.000187
2018,42540,13,-0.00106
2018,42680,13,0.006538
2018,43100,13,0.000981
2018,43620,13,0.01295
2018,43780,13,0.001537
2018,44100,13,-0.004828
2018,44180,13,0.000423
2018,44220,13,-0.000442
2018,44300,13,0.001774
2018,44700,13,0.001398
2018,45060,13,-0.001775
2018,45220,13,-0.001862
2018,45820,13,-0.005813
2018,45940,13,0.00163
2018,46060,13,-0.003116
2018,46140,13,-0.002606
2018,46340,13,-0.001002
2018,46540,13,-0.001806
2018,46660,13,-0.003551
2018,46700,13,-0.000991
2018,47220,13,-0.00414
2018,47300,13,-0.002138
2018,47940,13,-0.006494
2018,48300,13,0.001626
2018,48540,13,-0.01986
2018,48660,13,-0.003264
2018,48700,13,-0.006461
2018,49020,13,0.003198
2018,49420,13,-0.004897
2018,49620,13,0.003421
2018,49660,13,-0.003772
2018,49740,13,-0.002653
2018,10180,14,-0.006293
2018,10420,14,0.00092
2018,10580,14,0.003671
2018,10740,14,-0.005342
2018,10780,14,-0.008624
2018,10900,14,0.004629
2018,11020,14,-0.003966
2018,11260,14,-0.006095
2018,11460,14,0.003458
2018,11500,14,-0.00585
2018,11540,14,0.005928
2018,11700,14,-0.000633
2018,12020,14,0.00474
2018,12100,14,0.000584
2018,12220,14,0.01055
2018,12420,14,0.013509
2018,12540,14,-0.001523
2018,12580,14,-0.007498
2018,12620,14,-0.00115
2018,12700,14,-0.002909
2018,12980,14,-0.000205
2018,13020,14,-0.000917
2018,13380,14,0.010178
2018,13460,14,0.0184
2018,13780,14,-0.00471
2018,14260,14,0.008856
2018,14500,14,-0.005246
2018,14740,14,0.004469
2018,14860,14,0.001261
2018,15180,14,-0.00175
2018,15260,14,5.9e-05
2018,15380,14,-0.00015
2018,15500,14,0.007863
2018,15540,14,0.000564
2018,15940,14,-0.001992
2018,15980,14,0.010222
2018,16020,14,-0.008788
2018,16180,14,-0.008083
2018,16220,14,-0.020354
2018,16300,14,0.00117
2018,16700,14,0.006555
2018,16860,14,-0.002186
2018,16940,14,-0.00491
2018,17020,14,0.000919
2018,17420,14,0.002933
2018,17660,14,0.011554
2018,17780,14,0.009973
2018,17820,14,0.007301
2018,17900,14,0.001974
2018,18020,14,0.003763
2018,18700,14,0.003685
2018,19340,14,-0.001768
2018,19460,14,-0.004879
2018,19500,14,-0.004967
2018,19740,14,0.000542
2018,20020,14,-0.003337
2018,20100,14,0.002824
2018,20220,14,-0.004653
2018,20740,14,0.004802
2018,20940,14,-0.002245
2018,21140,14,0.002927
2018,21300,14,-0.004647
2018,21500,14,-0.003702
2018,21660,14,0.004743
2018,21820,14,-0.009577
2018,22020,14,0.008319
2018,22140,14,-0.013188
2018,22380,14,-0.006301
2018,22420,14,-0.003564
2018,22500,14,-0.008446
2018,22520,14,-0.004265
2018,22540,14,0.004511
2018,22660,14,0.006237
2018,23420,14,-0.000604
2018,23460,14,-0.004764
2018,23580,14,0.005021
2018,24020,14,-0.000888
2018,24220,14,-0.008504
2018,24300,14,-0.000842
2018,24500,14,-0.009051
2018,24540,14,0.017492
2018,24580,14,0.006812
2018,24660,14,-0.001798
2018,25420,14,0.006884
2018,25500,14,-0.000945
2018,25540,14,-0.00042
2018,25860,14,-0.00513
2018,25980,14,-0.006258
2018,26300,14,-0.003547
2018,26380,14,-0.010117
2018,26620,14,0.008869
2018,26980,14,0.0093
2018,27060,14,-0.0007
2018,27100,14,-0.00059
2018,27260,14,0.006794
2018,27340,14,-0.000496
2018,27500,14,0.002511
2018,27740,14,-0.002765
2018,27780,14,-0.006095
2018,27860,14,0.007066
2018,27900,14,-0.00156
2018,28100,14,-0.003242
2018,28420,14,0.011997
2018,28660,14,0.007269
2018,28700,14,-0.009626
2018,28740,14,0.000454
2018,29100,14,0.000721
2018,29340,14,0.001295
2018,29420,14,-0.004946
2018,29460,14,0.01097
2018,29540,14,0.003971
2018,29700,14,0.003458
2018,29740,14,-0.001195
2018,29820,14,0.005673
2018,29940,14,0.008883
2018,30140,14,0.007248
2018,30300,14,-0.007481
2018,30340,14,0.000113
2018,30460,14,0.006731
2018,30620,14,-0.003195
2018,30700,14,0.004924
2018,30780,14,-0.000362
2018,30860,14,0.002891
2018,31020,14,0.006191
2018,31420,14,-0.00846
2018,31700,14,0.002291
2018,31860,14,0.000563
2018,32580,14,0.005818
2018,32780,14,0.001866
2018,32900,14,-0.000528
2018,33140,14,-0.00292
2018,33340,14,0.000382
2018,33540,14,0.003367
2018,33700,14,-0.001919
2018,33780,14,0.000603
2018,33860,14,-0.001882
2018,34060,14,-0.010122
2018,34580,14,0.005457
2018,34620,14,-0.001943
2018,34740,14,0.000637
2018,34940,14,0.007127
2018,35300,14,-0.000808
2018,35660,14,-0.002264
2018,35840,14,0.008597
2018,35980,14,-0.001419
2018,36100,14,0.003512
2018,36220,14,-0.010157
2018,36420,14,0.001818
2018,36500,14,0.012755
2018,36540,14,0.002862
2018,36740,14,0.009085
2018,36780,14,0.003641
2018,36980,14,-0.000745
2018,37100,14,-0.005995
2018,37340,14,0.002543
2018,37860,14,0.001342
2018,38060,14,0.003053
2018,38300,14,-0.00356
2018,38340,14,-0.005678
2018,38860,14,0.003361
2018,38900,14,0.001452
2018,38940,14,0.003058
2018,39300,14,0.000828
2018,39340,14,0.011187
2018,39380,14,-0.000658
2018,39460,14,0.008206
2018,39540,14,0.003249
2018,39580,14,0.012319
2018,39740,14,0.002734
2018,39820,14,-0.005027
2018,39900,14,0.001668
2018,40140,14,-0.000568
2018,40420,14,-0.000649
2018,40660,14,-0.001136
2018,40900,14,0.001111
2018,40980,14,-0.001319
2018,41060,14,-0.000812
2018,41100,14,0.018699
2018,41140,14,-0.006519
2018,41420,14,0.005283
2018,41500,14,-0.005095
2018,41700,14,0.00688
2018,41740,14,-0.002514
2018,41940,14,-0.005961
2018,42020,14,-0.005028
2018,42100,14,-0.006948
2018,42140,14,-0.005106
2018,42220,14,-0.009064
2018,42340,14,0.000116
2018,42540,14,0.000314
2018,42680,14,0.006034
2018,43100,14,0.000711
2018,43620,14,0.01101
2018,43780,14,0.001764
2018,44100,14,-0.004709
2018,44180,14,0.001129
2018,44220,14,-0.000605
2018,44300,14,0.001977
2018,44700,14,0.001959
2018,45060,14,-0.001676
2018,45220,14,-0.003062
2018,45820,14,-0.005509
2018,45940,14,0.004191
2018,46060,14,-0.003053
2018,46140,14,-0.001055
2018,46340,14,0.001623
2018,46540,14,-0.002139
2018,46660,14,-0.001623
2018,46700,14,-0.001117
2018,47220,14,-0.004602
2018,47300,14,-0.00277
2018,47940,14,-0.007168
2018,48300,14,0.00073
2018,48540,14,-0.018242
2018,48660,14,-0.004637
2018,48700,14,-0.006039
2018,49020,14,0.003317
2018,49420,14,-0.003223
2018,49620,14,0.003664
2018,49660,14,-0.003839
2018,49740,14,-0.001324
2018,10180,15,-0.005718
2018,10420,15,0.000278
2018,10580,15,0.002982
2018,10740,15,-0.006498
2018,10780,15,-0.008158
2018,10900,15,0.004
2018,11020,15,-0.001817
2018,11260,15,-0.007938
2018,11460,15,0.004285
2018,11500,15,-0.006355
2018,11540,15,0.005507
2018,11700,15,0.001084
2018,12020,15,0.003489
2018,12100,15,-0.000383
2018,12220,15,0.010069
2018,12420,15,0.015807
2018,12540,15,-0.0012
2018,12580,15,-0.006885
2018,12620,15,-0.000925
2018,12700,15,-0.001613
2018,12980,15,-0.000128
2018,13020,15,-0.002083
2018,13380,15,0.009063
2018,13460,15,0.02003
2018,13780,15,-0.003987
2018,14260,15,0.010841
2018,14500,15,-0.004718
2018,14740,15,0.002942
2018,14860,15,-8e-05
2018,15180,15,-0.002795
2018,15260,15,0.000512
2018,15380,15,0.000348
2018,15500,15,0.005539
2018,15540,15,0.001828
2018,15940,15,-0.002378
2018,15980,15,0.008555
2018,16020,15,-0.008119
2018,16180,15,-0.005325
2018,16220,15,-0.018053
2018,16300,15,-0.000394
2018,16700,15,0.008087
2018,16860,15,-0.002678
2018,16940,15,-0.005287
2018,17020,15,1.9e-05
2018,17420,15,0.002683
2018,17660,15,0.013091
2018,17780,15,0.010398
2018,17820,15,0.005846
2018,17900,15,0.000622
2018,18020,15,0.003001
2018,18700,15,0.003822
2018,19340,15,-0.001296
2018,19460,15,-0.005131
2018,19500,15,-0.006209
2018,19740,15,0.001579
2018,20020,15,-0.002901
2018,20100,15,0.002748
2018,20220,15,-0.00363
2018,20740,15,0.005661
2018,20940,15,-0.001704
2018,21140,15,0.002453
2018,21300,15,-0.00307
2018,21500,15,-0.003305
2018,21660,15,0.004066
2018,21820,15,-0.011763
2018,22020,15,0.009924
2018,22140,15,-0.013961
2018,22380,15,-0.005103
2018,22420,15,-0.003729
2018,22500,15,-0.008708
2018,22520,15,-0.002558
2018,22540,15,0.003409
2018,22660,15,0.006492
2018,23420,15,-0.000617
2018,23460,15,-0.004696
2018,23580,15,0.004647
2018,24020,15,-0.000314
2018,24220,15,-0.005107
2018,24300,15,-0.0011
2018,24500,15,-0.010373
2018,24540,15,0.015527
2018,24580,15,0.006296
2018,24660,15,-0.003364
2018,25420,15,0.005266
2018,25500,15,-0.000738
2018,25540,15,-0.001307
2018,25860,15,-0.005808
2018,25980,15,-0.004643
2018,26300,15,-0.004825
2018,26380,15,-0.01007
2018,26620,15,0.008547
2018,26980,15,0.009089
2018,27060,15,0.000858
2018,27100,15,0.001792
2018,27260,15,0.007712
2018,27340,15,0.000488
2018,27500,15,0.002342
2018,27740,15,-0.00198
2018,27780,15,-0.005993
2018,27860,15,0.005224
2018,27900,15,-0.003843
2018,28100,15,-0.002588
2018,28420,15,0.010641
2018,28660,15,0.005783
2018,28700,15,-0.007592
2018,28740,15,-0.001184
2018,29100,15,0.001975
2018,29340,15,0.00228
2018,29420,15,-0.00497
2018,29460,15,0.011339
2018,29540,15,0.004723
2018,29700,15,0.002873
2018,29740,15,-0.002832
2018,29820,15,0.007028
2018,29940,15,0.007993
2018,30140,15,0.00589
2018,30300,15,-0.006192
2018,30340,15,0.001142
2018,30460,15,0.006263
2018,30620,15,-0.002487
2018,30700,15,0.004292
2018,30780,15,-0.001234
2018,30860,15,0.001374
2018,31020,15,0.005168
2018,31420,15,-0.00885
2018,31700,15,0.00215
2018,31860,15,0.000264
2018,32580,15,0.004079
2018,32780,15,0.001628
2018,32900,15,0.000284
2018,33140,15,-0.002352
2018,33340,15,0.00032
2018,33540,15,0.002819
2018,33700,15,-0.000388
2018,33780,15,0.000975
2018,33860,15,-0.002819
2018,34060,15,-0.009072
2018,34580,15,0.004929
2018,34620,15,-0.000803
2018,34740,15,0.001638
2018,34940,15,0.008354
2018,35300,15,-0.001814
2018,35660,15,-0.000559
2018,35840,15,0.009825
2018,35980,15,-0.002188
2018,36100,15,0.00321
2018,36220,15,-0.005955
2018,36420,15,0.000771
2018,36500,15,0.012222
2018,36540,15,0.002169
2018,36740,15,0.010729
2018,36780,15,0.003011
2018,36980,15,-0.00019
2018,37100,15,-0.005914
2018,37340,15,0.003966
2018,37860,15,0.00193
2018,38060,15,0.004107
2018,38300,15,-0.00284
2018,38340,15,-0.004485
2018,38860,15,0.004104
2018,38900,15,0.002863
2018,38940,15,0.003739
2018,39300,15,0.000665
2018,39340,15,0.01073
2018,39380,15,-0.003088
2018,39460,15,0.006929
2018,39540,15,0.002809
2018,39580,15,0.012374
2018,39740,15,0.003049
2018,39820,15,-0.004928
2018,39900,15,0.004329
2018,40140,15,0.000507
2018,40420,15,-0.002028
2018,40660,15,-0.002454
2018,40900,15,0.001203
2018,40980,15,-0.001716
2018,41060,15,-0.001036
2018,41100,15,0.018348
2018,41140,15,-0.005834
2018,41420,15,0.004916
2018,41500,15,-0.006047
2018,41700,15,0.006698
2018,41740,15,-0.002635
2018,41940,15,-0.004498
2018,42020,15,-0.005304
2018,42100,15,-0.006836
2018,42140,15,-0.006798
2018,42220,15,-0.007046
2018,42340,15,0.000194
2018,42540,15,-0.000615
2018,42680,15,0.006188
2018,43100,15,0.00081
2018,43620,15,0.012083
2018,43780,15,0.001821
2018,44100,15,-0.004608
2018,44180,15,0.000369
2018,44220,15,-0.000229
2018,44300,15,0.002405
2018,44700,15,0.002346
2018,45060,15,-0.00211
2018,45220,15,-0.002215
2018,45820,15,-0.006197
2018,45940,15,0.002742
2018,46060,15,-0.003309
2018,46140,15,-0.002583
2018,46340,15,-0.000321
2018,46540,15,-0.001759
2018,46660,15,-0.002596
2018,46700,15,-0.000278
2018,47220,15,-0.004876
2018,47300,15,-0.002393
2018,47940,15,-0.006524
2018,48300,15,0.000584
2018,48540,15,-0.020502
2018,48660,15,-0.003277
2018,48700,15,-0.00607
2018,49020,15,0.003446
2018,49420,15,-0.005606
2018,49620,15,0.003806
2018,49660,15,-0.003937
2018,49740,15,-0.002248
2018,10180,16,-0.005811
2018,10420,16,0.000323
2018,10580,16,0.003168
2018,10740,16,-0.006421
2018,10780,16,-0.008168
2018,10900,16,0.003989
2018,11020,16,-0.001992
2018,11260,16,-0.007998
2018,11460,16,0.004046
2018,11500,16,-0.006338
2018,11540,16,0.005605
2018,11700,16,0.000944
2018,12020,16,0.003489
2018,12100,16,-7.7e-05
2018,12220,16,0.010035
2018,12420,16,0.015625
2018,12540,16,-0.00147
2018,12580,16,-0.006968
2018,12620,16,-0.000733
2018,12700,16,-0.001707
2018,12980,16,-0.000235
2018,13020,16,-0.001827
2018,13380,16,0.009614
2018,13460,16,0.020235
2018,13780,16,-0.004058
2018,14260,16,0.011362
2018,14500,16,-0.005171
2018,14740,16,0.002757
2018,14860,16,-0.000195
2018,15180,16,-0.002618
2018,15260,16,0.000172
2018,15380,16,0.0006
2018,15500,16,0.006124
2018,15540,16,0.00178
2018,15940,16,-0.002364
2018,15980,16,0.00846
2018,16020,16,-0.008594
2018,16180,16,-0.005493
2018,16220,16,-0.019431
2018,16300,16,-0.000236
2018,16700,16,0.007816
2018,16860,16,-0.002401
2018,16940,16,-0.005461
2018,17020,16,0.000448
2018,17420,16,0.00283
2018,17660,16,0.013488
2018,17780,16,0.010151
2018,17820,16,0.00613
2018,17900,16,0.000667
2018,18020,16,0.002748
2018,18700,16,0.004089
2018,19340,16,-0.001408
2018,19460,16,-0.005074
2018,19500,16,-0.006233
2018,19740,16,0.001385
2018,20020,16,-0.003074
2018,20100,16,0.002866
2018,20220,16,-0.003681
2018,20740,16,0.005751
2018,20940,16,-0.001691
2018,21140,16,0.002339
2018,21300,16,-0.0032
2018,21500,16,-0.003648
2018,21660,16,0.004343
2018,21820,16,-0.012294
2018,22020,16,0.009537
2018,22140,16,-0.014366
2018,22380,16,-0.005521
2018,22420,16,-0.003579
2018,22500,16,-0.008616
2018,22520,16,-0.0025
2018,22540,16,0.003508
2018,22660,16,0.006422
2018,23420,16,-0.000495
2018,23460,16,-0.004734
2018,23580,16,0.00449
2018,24020,16,-0.000202
2018,24220,16,-0.005798
2018,24300,16,-0.001017
2018,24500,16,-0.009833
2018,24540,16,0.015823
2018,24580,16,0.006441
2018,24660,16,-0.003172
2018,25420,16,0.005391
2018,25500,16,-0.000794
2018,25540,16,-0.001223
2018,25860,16,-0.005725
2018,25980,16,-0.004102
2018,26300,16,-0.00463
2018,26380,16,-0.01042
2018,26620,16,0.008718
2018,26980,16,0.009433
2018,27060,16,0.00063
2018,27100,16,0.001807
2018,27260,16,0.007598
2018,27340,16,0.000472
2018,27500,16,0.002528
2018,27740,16,-0.002183
2018,27780,16,-0.006033
2018,27860,16,0.005649
2018,27900,16,-0.003772
2018,28100,16,-0.002907
2018,28420,16,0.011242
2018,28660,16,0.006203
2018,28700,16,-0.007724
2018,28740,16,-0.000962
2018,29100,16,0.001947
2018,29340,16,0.00222
2018,29420,16,-0.004625
2018,29460,16,0.011487
2018,29540,16,0.004546
2018,29700,16,0.002939
2018,29740,16,-0.002583
2018,29820,16,0.006483
2018,29940,16,0.008217
2018,30140,16,0.005934
2018,30300,16,-0.00628
2018,30340,16,0.001079
2018,30460,16,0.006285
2018,30620,16,-0.002656
2018,30700,16,0.004576
2018,30780,16,-0.000911
2018,30860,16,0.001232
2018,31020,16,0.005441
2018,31420,16,-0.008854
2018,31700,16,0.002144
2018,31860,16,0.000509
2018,32580,16,0.004311
2018,32780,16,0.00169
2018,32900,16,0.000356
2018,33140,16,-0.00228
2018,33340,16,0.00028
2018,33540,16,0.002956
2018,33700,16,-0.000984
2018,33780,16,0.00106
2018,33860,16,-0.00287
2018,34060,16,-0.009559
2018,34580,16,0.005132
2018,34620,16,-0.000981
2018,34740,16,0.00153
2018,34940,16,0.007753
2018,35300,16,-0.001781
2018,35660,16,-0.000604
2018,35840,16,0.009528
2018,35980,16,-0.002108
2018,36100,16,0.003365
2018,36220,16,-0.007437
2018,36420,16,0.000787
2018,36500,16,0.012782
2018,36540,16,0.002255
2018,36740,16,0.0105
2018,36780,16,0.003276
2018,36980,16,-0.000327
2018,37100,16,-0.006055
2018,37340,16,0.003874
2018,37860,16,0.00209
2018,38060,16,0.003819
2018,38300,16,-0.002866
2018,38340,16,-0.004715
2018,38860,16,0.004142
2018,38900,16,0.002655
2018,38940,16,0.003327
2018,39300,16,0.000657
2018,39340,16,0.010966
2018,39380,16,-0.003024
2018,39460,16,0.006692
2018,39540,16,0.002898
2018,39580,16,0.012485
2018,39740,16,0.003004
2018,39820,16,-0.004619
2018,39900,16,0.003951
2018,40140,16,0.000179
2018,40420,16,-0.002149
2018,40660,16,-0.001961
2018,40900,16,0.001167
2018,40980,16,-0.001502
2018,41060,16,-0.00123
2018,41100,16,0.019135
2018,41140,16,-0.006253
2018,41420,16,0.004919
2018,41500,16,-0.006255
2018,41700,16,0.006674
2018,41740,16,-0.002695
2018,41940,16,-0.005054
2018,42020,16,-0.005406
2018,42100,16,-0.007057
2018,42140,16,-0.00684
2018,42220,16,-0.007535
2018,42340,16,-0.000235
2018,42540,16,-0.000397
2018,42680,16,0.006098
2018,43100,16,0.0007
2018,43620,16,0.012493
2018,43780,16,0.001695
2018,44100,16,-0.004895
2018,44180,16,0.000562
2018,44220,16,-0.000156
2018,44300,16,0.001941
2018,44700,16,0.001967
2018,45060,16,-0.002
2018,45220,16,-0.002229
2018,45820,16,-0.006056
2018,45940,16,0.002733
2018,46060,16,-0.003166
2018,46140,16,-0.002588
2018,46340,16,-0.000236
2018,46540,16,-0.001693
2018,46660,16,-0.002517
2018,46700,16,-0.00077
2018,47220,16,-0.004977
2018,47300,16,-0.002259
2018,47940,16,-0.00665
2018,48300,16,0.000561
2018,48540,16,-0.020422
2018,48660,16,-0.002951
2018,48700,16,-0.006368
2018,49020,16,0.004017
2018,49420,16,-0.005255
2018,49620,16,0.003603
2018,49660,16,-0.003836
2018,49740,16,-0.002063
2018,10180,17,-0.005689
2018,10420,17,5.7e-05
2018,10580,17,0.003427
2018,10740,17,-0.006483
2018,10780,17,-0.008001
2018,10900,17,0.003331
2018,11020,17,-0.002035
2018,11260,17,-0.007563
2018,11460,17,0.003502
2018,11500,17,-0.006324
2018,11540,17,0.005562
2018,11700,17,0.001791
2018,12020,17,0.002431
2018,12100,17,0.000486
2018,12220,17,0.009802
2018,12420,17,0.015878
2018,12540,17,-0.001919
2018,12580,17,-0.006718
2018,12620,17,-0.000837
2018,12700,17,-0.001632
2018,12980,17,-0.000602
2018,13020,17,-0.002063
2018,13380,17,0.00999
2018,13460,17,0.020525
2018,13780,17,-0.003705
2018,14260,17,0.011856
2018,14500,17,-0.004121
2018,14740,17,0.003391
2018,14860,17,-0.000527
2018,15180,17,-0.002795
2018,15260,17,0.000255
2018,15380,17,0.001061
2018,15500,17,0.005091
2018,15540,17,0.002122
2018,15940,17,-0.002167
2018,15980,17,0.007791
2018,16020,17,-0.00915
2018,16180,17,-0.005273
2018,16220,17,-0.018324
2018,16300,17,-0.000793
2018,16700,17,0.00864
2018,16860,17,-0.002
2018,16940,17,-0.004908
2018,17020,17,0.00022
2018,17420,17,0.002845
2018,17660,17,0.013871
2018,17780,17,0.011062
2018,17820,17,0.006324
2018,17900,17,0.000795
2018,18020,17,0.003246
2018,18700,17,0.003518
2018,19340,17,-0.001372
2018,19460,17,-0.004437
2018,19500,17,-0.006025
2018,19740,17,0.002164
2018,20020,17,-0.003215
2018,20100,17,0.002876
2018,20220,17,-0.003749
2018,20740,17,0.006446
2018,20940,17,-0.002502
2018,21140,17,0.002249
2018,21300,17,-0.003019
2018,21500,17,-0.003956
2018,21660,17,0.004166
2018,21820,17,-0.011667
2018,22020,17,0.010088
2018,22140,17,-0.014625
2018,22380,17,-0.004656
2018,22420,17,-0.003302
2018,22500,17,-0.008865
2018,22520,17,-0.002403
2018,22540,17,0.003675
2018,22660,17,0.007492
2018,23420,17,-0.000444
2018,23460,17,-0.005062
2018,23580,17,0.004697
2018,24020,17,0.000737
2018,24220,17,-0.005302
2018,24300,17,-0.001098
2018,24500,17,-0.00918
2018,24540,17,0.014581
2018,24580,17,0.00635
2018,24660,17,-0.003309
2018,25420,17,0.005019
2018,25500,17,-0.00054
2018,25540,17,-0.001244
2018,25860,17,-0.00644
2018,25980,17,-0.002981
2018,26300,17,-0.004809
2018,26380,17,-0.009979
2018,26620,17,0.008696
2018,26980,17,0.00986
2018,27060,17,0.000776
2018,27100,17,0.001651
2018,27260,17,0.007897
2018,27340,17,0.000261
2018,27500,17,0.002617
2018,27740,17,-0.002248
2018,27780,17,-0.005799
2018,27860,17,0.00576
2018,27900,17,-0.004504
2018,28100,17,-0.002984
2018,28420,17,0.011052
2018,28660,17,0.005593
2018,28700,17,-0.008223
2018,28740,17,-0.000613
2018,29100,17,0.002229
2018,29340,17,0.002637
2018,29420,17,-0.004489
2018,29460,17,0.010803
2018,29540,17,0.003854
2018,29700,17,0.003128
2018,29740,17,-0.003084
2018,29820,17,0.005952
2018,29940,17,0.009338
2018,30140,17,0.005425
2018,30300,17,-0.006738
2018,30340,17,0.001201
2018,30460,17,0.006542
2018,30620,17,-0.002656
2018,30700,17,0.00531
2018,30780,17,-0.001219
2018,30860,17,0.000331
2018,31020,17,0.00476
2018,31420,17,-0.009278
2018,31700,17,0.002179
2018,31860,17,0.00021
2018,32580,17,0.003957
2018,32780,17,0.001724
2018,32900,17,-0.000735
2018,33140,17,-0.002267
2018,33340,17,0.000861
2018,33540,17,0.003604
2018,33700,17,-0.002128
2018,33780,17,0.000377
2018,33860,17,-0.00301
2018,34060,17,-0.009926
2018,34580,17,0.005175
2018,34620,17,-0.001277
2018,34740,17,0.001457
2018,34940,17,0.007674
2018,35300,17,-0.002119
2018,35660,17,-0.000593
2018,35840,17,0.009868
2018,35980,17,-0.001989
2018,36100,17,0.003136
2018,36220,17,-0.006551
2018,36420,17,0.000858
2018,36500,17,0.013189
2018,36540,17,0.00239
2018,36740,17,0.010998
2018,36780,17,0.003461
2018,36980,17,-7.2e-05
2018,37100,17,-0.005983
2018,37340,17,0.003662
2018,37860,17,0.00271
2018,38060,17,0.00357
2018,38300,17,-0.002681
2018,38340,17,-0.004687
2018,38860,17,0.004517
2018,38900,17,0.003581
2018,38940,17,0.002842
2018,39300,17,0.000846
2018,39340,17,0.010864
2018,39380,17,-0.003378
2018,39460,17,0.005997
2018,39540,17,0.002589
2018,39580,17,0.012822
2018,39740,17,0.002492
2018,39820,17,-0.004904
2018,39900,17,0.004296
2018,40140,17,-0.00016
2018,40420,17,-0.001976
2018,40660,17,-0.002436
2018,40900,17,0.001063
2018,40980,17,-0.001893
2018,41060,17,-0.002181
2018,41100,17,0.017422
2018,41140,17,-0.007265
2018,41420,17,0.00478
2018,41500,17,-0.006522
2018,41700,17,0.006062
2018,41740,17,-0.002303
2018,41940,17,-0.004767
2018,42020,17,-0.005378
2018,42100,17,-0.007023
2018,42140,17,-0.007586
2018,42220,17,-0.007098
2018,42340,17,1e-05
2018,42540,17,-0.000848
2018,42680,17,0.006171
2018,43100,17,0.00063
2018,43620,17,0.013615
2018,43780,17,0.00144
2018,44100,17,-0.0047
2018,44180,17,0.000379
2018,44220,17,-0.000511
2018,44300,17,0.001391
2018,44700,17,0.001101
2018,45060,17,-0.001666
2018,45220,17,-0.002316
2018,45820,17,-0.005991
2018,45940,17,0.002105
2018,46060,17,-0.003365
2018,46140,17,-0.002427
2018,46340,17,-0.000934
2018,46540,17,-0.001874
2018,46660,17,-0.003111
2018,46700,17,-0.001398
2018,47220,17,-0.004268
2018,47300,17,-0.002044
2018,47940,17,-0.006833
2018,48300,17,0.001552
2018,48540,17,-0.019472
2018,48660,17,-0.003837
2018,48700,17,-0.006362
2018,49020,17,0.003802
2018,49420,17,-0.004676
2018,49620,17,0.00303
2018,49660,17,-0.003672
2018,49740,17,-0.002327
2018,10180,18,-0.005675
2018,10420,18,0.000205
2018,10580,18,0.003144
2018,10740,18,-0.006441
2018,10780,18,-0.007975
2018,10900,18,0.003703
2018,11020,18,-0.001801
2018,11260,18,-0.007765
2018,11460,18,0.003982
2018,11500,18,-0.006278
2018,11540,18,0.005509
2018,11700,18,0.001374
2018,12020,18,0.003016
2018,12100,18,1.8e-05
2018,12220,18,0.009909
2018,12420,18,0.015748
2018,12540,18,-0.001534
2018,12580,18,-0.00678
2018,12620,18,-0.00089
2018,12700,18,-0.001517
2018,12980,18,-0.00025
2018,13020,18,-0.00199
2018,13380,18,0.0094
2018,13460,18,0.020153
2018,13780,18,-0.003821
2018,14260,18,0.011311
2018,14500,18,-0.004369
2018,14740,18,0.003102
2018,14860,18,-0.00025
2018,15180,18,-0.002728
2018,15260,18,0.000371
2018,15380,18,0.00072
2018,15500,18,0.005365
2018,15540,18,0.001949
2018,15940,18,-0.002226
2018,15980,18,0.00827
2018,16020,18,-0.008494
2018,16180,18,-0.00525
2018,16220,18,-0.018167
2018,16300,18,-0.000534
2018,16700,18,0.008306
2018,16860,18,-0.002321
2018,16940,18,-0.005046
2018,17020,18,0.000154
2018,17420,18,0.002775
2018,17660,18,0.013384
2018,17780,18,0.010664
2018,17820,18,0.006111
2018,17900,18,0.000731
2018,18020,18,0.003085
2018,18700,18,0.003683
2018,19340,18,-0.001333
2018,19460,18,-0.004773
2018,19500,18,-0.006134
2018,19740,18,0.001922
2018,20020,18,-0.002995
2018,20100,18,0.002789
2018,20220,18,-0.003617
2018,20740,18,0.00598
2018,20940,18,-0.00196
2018,21140,18,0.002364
2018,21300,18,-0.002955
2018,21500,18,-0.003511
2018,21660,18,0.004098
2018,21820,18,-0.011606
2018,22020,18,0.009902
2018,22140,18,-0.014207
2018,22380,18,-0.004875
2018,22420,18,-0.003417
2018,22500,18,-0.008662
2018,22520,18,-0.002436
2018,22540,18,0.003495
2018,22660,18,0.007001
2018,23420,18,-0.000471
2018,23460,18,-0.004813
2018,23580,18,0.004642
2018,24020,18,0.000143
2018,24220,18,-0.005241
2018,24300,18,-0.001098
2018,24500,18,-0.009808
2018,24540,18,0.015102
2018,24580,18,0.00631
2018,24660,18,-0.00325
2018,25420,18,0.005135
2018,25500,18,-0.000652
2018,25540,18,-0.001254
2018,25860,18,-0.005989
2018,25980,18,-0.003903
2018,26300,18,-0.004781
2018,26380,18,-0.009998
2018,26620,18,0.008577
2018,26980,18,0.009413
2018,27060,18,0.000805
2018,27100,18,0.001863
2018,27260,18,0.007775
2018,27340,18,0.000359
2018,27500,18,0.002457
2018,27740,18,-0.002058
2018,27780,18,-0.005814
2018,27860,18,0.005533
2018,27900,18,-0.004124
2018,28100,18,-0.002784
2018,28420,18,0.010847
2018,28660,18,0.005717
2018,28700,18,-0.007779
2018,28740,18,-0.000921
2018,29100,18,0.002064
2018,29340,18,0.002429
2018,29420,18,-0.004638
2018,29460,18,0.011045
2018,29540,18,0.004359
2018,29700,18,0.002996
2018,29740,18,-0.002916
2018,29820,18,0.006532
2018,29940,18,0.008604
2018,30140,18,0.005655
2018,30300,18,-0.006412
2018,30340,18,0.001205
2018,30460,18,0.006395
2018,30620,18,-0.002504
2018,30700,18,0.00477
2018,30780,18,-0.001152
2018,30860,18,0.000936
2018,31020,18,0.004954
2018,31420,18,-0.008898
2018,31700,18,0.002211
2018,31860,18,0.000294
2018,32580,18,0.004048
2018,32780,18,0.001708
2018,32900,18,-3.9e-05
2018,33140,18,-0.002315
2018,33340,18,0.00054
2018,33540,18,0.003181
2018,33700,18,-0.001101
2018,33780,18,0.000817
2018,33860,18,-0.002875
2018,34060,18,-0.009422
2018,34580,18,0.005
2018,34620,18,-0.00091
2018,34740,18,0.001647
2018,34940,18,0.008023
2018,35300,18,-0.001929
2018,35660,18,-0.000554
2018,35840,18,0.009858
2018,35980,18,-0.002061
2018,36100,18,0.003172
2018,36220,18,-0.006354
2018,36420,18,0.000851
2018,36500,18,0.012581
2018,36540,18,0.002309
2018,36740,18,0.010817
2018,36780,18,0.003192
2018,36980,18,-6e-05
2018,37100,18,-0.00591
2018,37340,18,0.00389
2018,37860,18,0.002319
2018,38060,18,0.00385
2018,38300,18,-0.002667
2018,38340,18,-0.004535
2018,38860,18,0.004303
2018,38900,18,0.003166
2018,38940,18,0.003375
2018,39300,18,0.000792
2018,39340,18,0.010752
2018,39380,18,-0.003128
2018,39460,18,0.006548
2018,39540,18,0.002677
2018,39580,18,0.012552
2018,39740,18,0.002817
2018,39820,18,-0.004847
2018,39900,18,0.004306
2018,40140,18,0.000188
2018,40420,18,-0.002001
2018,40660,18,-0.002361
2018,40900,18,0.001182
2018,40980,18,-0.001687
2018,41060,18,-0.001477
2018,41100,18,0.017893
2018,41140,18,-0.006389
2018,41420,18,0.00484
2018,41500,18,-0.006143
2018,41700,18,0.006374
2018,41740,18,-0.002419
2018,41940,18,-0.004604
2018,42020,18,-0.005258
2018,42100,18,-0.006818
2018,42140,18,-0.007096
2018,42220,18,-0.006974
2018,42340,18,8.6e-05
2018,42540,18,-0.00068
2018,42680,18,0.006236
2018,43100,18,0.000735
2018,43620,18,0.012746
2018,43780,18,0.001657
2018,44100,18,-0.004654
2018,44180,18,0.000403
2018,44220,18,-0.000288
2018,44300,18,0.001962
2018,44700,18,0.001828
2018,45060,18,-0.001847
2018,45220,18,-0.002249
2018,45820,18,-0.006034
2018,45940,18,0.002463
2018,46060,18,-0.003269
2018,46140,18,-0.002432
2018,46340,18,-0.000572
2018,46540,18,-0.001785
2018,46660,18,-0.002821
2018,46700,18,-0.000746
2018,47220,18,-0.004546
2018,47300,18,-0.002195
2018,47940,18,-0.006595
2018,48300,18,0.000965
2018,48540,18,-0.020001
2018,48660,18,-0.003412
2018,48700,18,-0.0062
2018,49020,18,0.003614
2018,49420,18,-0.005137
2018,49620,18,0.003474
2018,49660,18,-0.003751
2018,49740,18,-0.002251
2018,10180,19,-0.005886
2018,10420,19,0.000305
2018,10580,19,0.003671
2018,10740,19,-0.006298
2018,10780,19,-0.008273
2018,10900,19,0.00364
2018,11020,19,-0.002731
2018,11260,19,-0.007232
2018,11460,19,0.003431
2018,11500,19,-0.006272
2018,11540,19,0.005715
2018,11700,19,0.001097
2018,12020,19,0.002992
2018,12100,19,0.000697
2018,12220,19,0.009997
2018,12420,19,0.015488
2018,12540,19,-0.001925
2018,12580,19,-0.006983
2018,12620,19,-0.000787
2018,12700,19,-0.002098
2018,12980,19,-0.000657
2018,13020,19,-0.001741
2018,13380,19,0.010299
2018,13460,19,0.020479
2018,13780,19,-0.004109
2018,14260,19,0.011549
2018,14500,19,-0.004707
2018,14740,19,0.00341
2018,14860,19,-0.000113
2018,15180,19,-0.002587
2018,15260,19,-0.000109
2018,15380,19,0.000915
2018,15500,19,0.006127
2018,15540,19,0.001793
2018,15940,19,-0.002117
2018,15980,19,0.008637
2018,16020,19,-0.009447
2018,16180,19,-0.006091
2018,16220,19,-0.019764
2018,16300,19,-0.000256
2018,16700,19,0.008031
2018,16860,19,-0.001984
2018,16940,19,-0.005081
2018,17020,19,0.000596
2018,17420,19,0.002944
2018,17660,19,0.013577
2018,17780,19,0.010763
2018,17820,19,0.006621
2018,17900,19,0.001027
2018,18020,19,0.003315
2018,18700,19,0.003662
2018,19340,19,-0.001464
2018,19460,19,-0.004679
2018,19500,19,-0.005775
2018,19740,19,0.001684
2018,20020,19,-0.003382
2018,20100,19,0.002984
2018,20220,19,-0.004082
2018,20740,19,0.006122
2018,20940,19,-0.002435
2018,21140,19,0.002405
2018,21300,19,-0.003646
2018,21500,19,-0.004116
2018,21660,19,0.004432
2018,21820,19,-0.011726
2018,22020,19,0.009682
2018,22140,19,-0.01462
2018,22380,19,-0.005379
2018,22420,19,-0.003297
2018,22500,19,-0.008838
2018,22520,19,-0.002839
2018,22540,19,0.003901
2018,22660,19,0.007144
2018,23420,19,-0.000467
2018,23460,19,-0.00504
2018,23580,19,0.004734
2018,24020,19,0.000283
2018,24220,19,-0.006364
2018,24300,19,-0.001058
2018,24500,19,-0.008897
2018,24540,19,0.015656
2018,24580,19,0.006545
2018,24660,19,-0.002924
2018,25420,19,0.005635
2018,25500,19,-0.00071
2018,25540,19,-0.00099
2018,25860,19,-0.006251
2018,25980,19,-0.003807
2018,26300,19,-0.004574
2018,26380,19,-0.010244
2018,26620,19,0.008913
2018,26980,19,0.010015
2018,27060,19,0.00032
2018,27100,19,0.000948
2018,27260,19,0.00761
2018,27340,19,-0.000144
2018,27500,19,0.002681
2018,27740,19,-0.002564
2018,27780,19,-0.006018
2018,27860,19,0.006278
2018,27900,19,-0.003764
2018,28100,19,-0.003278
2018,28420,19,0.011478
2018,28660,19,0.006217
2018,28700,19,-0.008802
2018,28740,19,-0.000345
2018,29100,19,0.001885
2018,29340,19,0.002345
2018,29420,19,-0.004447
2018,29460,19,0.011069
2018,29540,19,0.003763
2018,29700,19,0.00325
2018,29740,19,-0.002633
2018,29820,19,0.005674
2018,29940,19,0.009352
2018,30140,19,0.005911
2018,30300,19,-0.00711
2018,30340,19,0.000784
2018,30460,19,0.006612
2018,30620,19,-0.002997
2018,30700,19,0.005338
2018,30780,19,-0.000907
2018,30860,19,0.000724
2018,31020,19,0.005196
2018,31420,19,-0.009289
2018,31700,19,0.00217
2018,31860,19,0.000382
2018,32580,19,0.004553
2018,32780,19,0.001781
2018,32900,19,-0.000643
2018,33140,19,-0.00232
2018,33340,19,0.000733
2018,33540,19,0.003601
2018,33700,19,-0.002379
2018,33780,19,0.000484
2018,33860,19,-0.002771
2018,34060,19,-0.010245
2018,34580,19,0.005248
2018,34620,19,-0.001648
2018,34740,19,0.001109
2018,34940,19,0.007504
2018,35300,19,-0.001769
2018,35660,19,-0.001077
2018,35840,19,0.009606
2018,35980,19,-0.001934
2018,36100,19,0.003299
2018,36220,19,-0.008226
2018,36420,19,0.001132
2018,36500,19,0.013298
2018,36540,19,0.002489
2018,36740,19,0.010535
2018,36780,19,0.003633
2018,36980,19,-0.000333
2018,37100,19,-0.006084
2018,37340,19,0.003364
2018,37860,19,0.002376
2018,38060,19,0.003434
2018,38300,19,-0.002911
2018,38340,19,-0.005129
2018,38860,19,0.004239
2018,38900,19,0.003022
2018,38940,19,0.002744
2018,39300,19,0.000777
2018,39340,19,0.011227
2018,39380,19,-0.00292
2018,39460,19,0.006564
2018,39540,19,0.002797
2018,39580,19,0.012816
2018,39740,19,0.002474
2018,39820,19,-0.004803
2018,39900,19,0.003592
2018,40140,19,-0.000386
2018,40420,19,-0.001871
2018,40660,19,-0.001952
2018,40900,19,0.001081
2018,40980,19,-0.001679
2018,41060,19,-0.002083
2018,41100,19,0.018448
2018,41140,19,-0.007424
2018,41420,19,0.004806
2018,41500,19,-0.006298
2018,41700,19,0.006352
2018,41740,19,-0.002413
2018,41940,19,-0.00525
2018,42020,19,-0.005346
2018,42100,19,-0.007135
2018,42140,19,-0.007148
2018,42220,19,-0.00791
2018,42340,19,-0.000204
2018,42540,19,-0.000452
2018,42680,19,0.006066
2018,43100,19,0.000497
2018,43620,19,0.013273
2018,43780,19,0.001465
2018,44100,19,-0.004782
2018,44180,19,0.000611
2018,44220,19,-0.00057
2018,44300,19,0.001346
2018,44700,19,0.001158
2018,45060,19,-0.001649
2018,45220,19,-0.002626
2018,45820,19,-0.00594
2018,45940,19,0.002674
2018,46060,19,-0.003347
2018,46140,19,-0.002169
2018,46340,19,-0.000249
2018,46540,19,-0.001879
2018,46660,19,-0.002706
2018,46700,19,-0.001545
2018,47220,19,-0.004584
2018,47300,19,-0.002163
2018,47940,19,-0.007041
2018,48300,19,0.001256
2018,48540,19,-0.019099
2018,48660,19,-0.004047
2018,48700,19,-0.006362
2018,49020,19,0.004106
2018,49420,19,-0.004337
2018,49620,19,0.003015
2018,49660,19,-0.003699
2018,49740,19,-0.002011
2019,10180,0,-0.004561
2019,10420,0,-0.00017
2019,10580,0,0.001416
2019,10740,0,-0.007811
2019,10780,0,-0.00913
2019,10900,0,0.003494
2019,11020,0,-0.001878
2019,11260,0,-0.007176
2019,11460,0,0.002437
2019,11500,0,-0.006379
2019,11540,0,0.005328
2019,11700,0,-0.000467
2019,12020,0,-0.000312
2019,12100,0,0.000945
2019,12220,0,0.010695
2019,12420,0,0.015397
2019,12540,0,0.00096
2019,12580,0,-0.007228
2019,12620,0,-0.002412
2019,12700,0,-0.001121
2019,12980,0,0.000586
2019,13020,0,-0.001925
2019,13380,0,0.007842
2019,13460,0,0.017555
2019,13780,0,-0.003665
2019,14260,0,0.013524
2019,14500,0,-0.005977
2019,14740,0,0.002606
2019,14860,0,-0.000343
2019,15180,0,-0.004909
2019,15260,0,-0.002088
2019,15380,0,-0.000592
2019,15500,0,0.005594
2019,15540,0,0.005193
2019,15940,0,-0.001501
2019,15980,0,0.009984
2019,16020,0,-0.001526
2019,16180,0,-0.003539
2019,16220,0,-0.012361
2019,16300,0,-0.00027
2019,16700,0,0.006943
2019,16860,0,-0.001359
2019,16940,0,-0.004366
2019,17020,0,0.000311
2019,17420,0,0.004815
2019,17660,0,0.010645
2019,17780,0,0.009231
2019,17820,0,0.004866
2019,17900,0,0.000857
2019,18020,0,0.003057
2019,18700,0,-0.002518
2019,19340,0,-0.001394
2019,19460,0,-0.004172
2019,19500,0,-0.006251
2019,19740,0,0.000896
2019,20020,0,-0.002386
2019,20100,0,0.004872
2019,20220,0,-0.006723
2019,20740,0,0.005511
2019,20940,0,-0.005496
2019,21140,0,0.003277
2019,21300,0,-0.003158
2019,21500,0,-0.003874
2019,21660,0,0.000556
2019,21820,0,-0.009933
2019,22020,0,0.008624
2019,22140,0,-0.019032
2019,22380,0,-0.001819
2019,22420,0,-0.002293
2019,22500,0,-0.009559
2019,22520,0,-0.001428
2019,22540,0,0.003995
2019,22660,0,0.005033
2019,23420,0,-0.000108
2019,23460,0,-0.006699
2019,23580,0,0.001563
2019,24020,0,-0.001542
2019,24220,0,-0.004665
2019,24300,0,-0.000721
2019,24500,0,-0.010268
2019,24540,0,0.01285
2019,24580,0,0.005191
2019,24660,0,-0.002682
2019,25420,0,0.004665
2019,25500,0,-0.002209
2019,25540,0,-0.001748
2019,25860,0,-0.005697
2019,25980,0,-0.004764
2019,26300,0,-0.003515
2019,26380,0,-0.009137
2019,26620,0,0.009608
2019,26980,0,0.004845
2019,27060,0,-0.0003
2019,27100,0,0.001017
2019,27260,0,0.008468
2019,27340,0,0.004943
2019,27500,0,0.002454
2019,27740,0,-0.000768
2019,27780,0,-0.006446
2019,27860,0,0.003041
2019,27900,0,-0.003272
2019,28100,0,-0.003228
2019,28420,0,0.010105
2019,28660,0,0.007274
2019,28700,0,-0.006988
2019,28740,0,-0.000427
2019,29100,0,0.000804
2019,29340,0,0.000372
2019,29420,0,-0.002022
2019,29460,0,0.013008
2019,29540,0,0.002952
2019,29700,0,-4.2e-05
2019,29740,0,-0.002954
2019,29820,0,0.006827
2019,29940,0,-0.001567
2019,30140,0,0.007631
2019,30300,0,-0.008484
2019,30340,0,-0.000629
2019,30460,0,0.003179
2019,30620,0,-0.002211
2019,30700,0,0.004939
2019,30780,0,-0.001957
2019,30860,0,0.003709
2019,31020,0,0.005061
2019,31420,0,-0.006604
2019,31700,0,0.001729
2019,31860,0,0.000295
2019,32580,0,0.001175
2019,32780,0,0.002197
2019,32900,0,0.001405
2019,33140,0,-9.4e-05
2019,33340,0,0.000644
2019,33540,0,-0.000488
2019,33700,0,-9.2e-05
2019,33780,0,0.003635
2019,33860,0,-0.00453
2019,34060,0,-0.007863
2019,34580,0,0.005675
2019,34620,0,-0.002087
2019,34740,0,-0.000104
2019,34940,0,0.008606
2019,35300,0,-0.001709
2019,35660,0,-0.001442
2019,35840,0,0.010244
2019,35980,0,-0.003182
2019,36100,0,0.005176
2019,36220,0,0.011371
2019,36420,0,0.000399
2019,36500,0,0.008557
2019,36540,0,0.003928
2019,36740,0,0.009785
2019,36780,0,0.003404
2019,36980,0,-0.00068
2019,37100,0,-0.005041
2019,37340,0,0.001421
2019,37860,0,0.00352
2019,38060,0,0.00535
2019,38300,0,-0.002092
2019,38340,0,-0.002345
2019,38860,0,0.004052
2019,38900,0,0.002656
2019,38940,0,0.003496
2019,39300,0,-0.000137
2019,39340,0,0.012407
2019,39380,0,-0.00613
2019,39460,0,0.006321
2019,39540,0,0.001995
2019,39580,0,0.011562
2019,39740,0,0.00375
2019,39820,0,-0.004509
2019,39900,0,0.005793
2019,40140,0,0.002323
2019,40420,0,-0.001108
2019,40660,0,-0.005493
2019,40900,0,0.002693
2019,40980,0,-0.003781
2019,41060,0,0.001076
2019,41100,0,0.019265
2019,41140,0,-0.003476
2019,41420,0,0.004107
2019,41500,0,-0.006555
2019,41700,0,0.005461
2019,41740,0,-0.00158
2019,41940,0,-0.002486
2019,42020,0,-0.003394
2019,42100,0,-0.008974
2019,42140,0,-0.008434
2019,42220,0,-0.009783
2019,42340,0,-0.000852
2019,42540,0,-0.000717
2019,42680,0,0.006419
2019,43100,0,0.001691
2019,43620,0,0.013491
2019,43780,0,0.002832
2019,44100,0,-0.004972
2019,44180,0,0.001342
2019,44220,0,-0.000385
2019,44300,0,0.002112
2019,44700,0,0.003848
2019,45060,0,-0.000893
2019,45220,0,-0.004075
2019,45820,0,-0.007156
2019,45940,0,0.002368
2019,46060,0,-0.0027
2019,46140,0,-0.00379
2019,46340,0,-0.00025
2019,46540,0,-0.003244
2019,46660,0,-0.000478
2019,46700,0,-0.002025
2019,47220,0,-0.003119
2019,47300,0,-0.001747
2019,47940,0,-0.005602
2019,48300,0,0.001806
2019,48540,0,-0.01737
2019,48660,0,-0.004131
2019,48700,0,-0.003186
2019,49020,0,0.00169
2019,49420,0,-0.003952
2019,49620,0,0.003555
2019,49660,0,-0.003988
2019,49740,0,-0.001027
2019,10180,1,-0.003881
2019,10420,1,-0.000524
2019,10580,1,0.001025
2019,10740,1,-0.008099
2019,10780,1,-0.009363
2019,10900,1,0.003274
2019,11020,1,-0.001288
2019,11260,1,-0.007589
2019,11460,1,0.002345
2019,11500,1,-0.006168
2019,11540,1,0.005318
2019,11700,1,0.00058
2019,12020,1,0.000355
2019,12100,1,-0.000236
2019,12220,1,0.010123
2019,12420,1,0.015501
2019,12540,1,0.000232
2019,12580,1,-0.007196
2019,12620,1,-0.002127
2019,12700,1,-0.000681
2019,12980,1,0.000403
2019,13020,1,-0.002564
2019,13380,1,0.008391
2019,13460,1,0.016965
2019,13780,1,-0.003401
2019,14260,1,0.013825
2019,14500,1,-0.005046
2019,14740,1,0.003529
2019,14860,1,-0.00119
2019,15180,1,-0.005713
2019,15260,1,-0.001793
2019,15380,1,1e-05
2019,15500,1,0.005059
2019,15540,1,0.005655
2019,15940,1,-0.001869
2019,15980,1,0.0085
2019,16020,1,-0.000304
2019,16180,1,-0.003012
2019,16220,1,-0.011633
2019,16300,1,-0.000881
2019,16700,1,0.00726
2019,16860,1,-0.000921
2019,16940,1,-0.004376
2019,17020,1,-0.00041
2019,17420,1,0.005039
2019,17660,1,0.01107
2019,17780,1,0.008863
2019,17820,1,0.004793
2019,17900,1,0.000674
2019,18020,1,0.00321
2019,18700,1,-0.00156
2019,19340,1,-0.001426
2019,19460,1,-0.004121
2019,19500,1,-0.006804
2019,19740,1,0.001341
2019,20020,1,-0.002344
2019,20100,1,0.004187
2019,20220,1,-0.006544
2019,20740,1,0.005828
2019,20940,1,-0.005906
2019,21140,1,0.003568
2019,21300,1,-0.002521
2019,21500,1,-0.003974
2019,21660,1,0.001243
2019,21820,1,-0.009896
2019,22020,1,0.008576
2019,22140,1,-0.019574
2019,22380,1,-0.001662
2019,22420,1,-0.002855
2019,22500,1,-0.009509
2019,22520,1,-0.001736
2019,22540,1,0.003949
2019,22660,1,0.005089
2019,23420,1,-0.000902
2019,23460,1,-0.006612
2019,23580,1,0.001713
2019,24020,1,-0.001668
2019,24220,1,-0.00383
2019,24300,1,-0.000391
2019,24500,1,-0.009952
2019,24540,1,0.012509
2019,24580,1,0.004893
2019,24660,1,-0.002946
2019,25420,1,0.004256
2019,25500,1,-0.002029
2019,25540,1,-0.002468
2019,25860,1,-0.00478
2019,25980,1,-0.005155
2019,26300,1,-0.003674
2019,26380,1,-0.009057
2019,26620,1,0.009379
2019,26980,1,0.004076
2019,27060,1,0.000116
2019,27100,1,0.001062
2019,27260,1,0.008271
2019,27340,1,0.005033
2019,27500,1,0.002753
2019,27740,1,-9.1e-05
2019,27780,1,-0.0068
2019,27860,1,0.00177
2019,27900,1,-0.003437
2019,28100,1,-0.003269
2019,28420,1,0.010422
2019,28660,1,0.006805
2019,28700,1,-0.005787
2019,28740,1,-0.000405
2019,29100,1,0.001201
2019,29340,1,-4e-05
2019,29420,1,-0.002326
2019,29460,1,0.013356
2019,29540,1,0.003488
2019,29700,1,-0.000224
2019,29740,1,-0.003813
2019,29820,1,0.00659
2019,29940,1,-0.001904
2019,30140,1,0.007516
2019,30300,1,-0.006665
2019,30340,1,-0.00042
2019,30460,1,0.003066
2019,30620,1,-0.001835
2019,30700,1,0.004397
2019,30780,1,-0.00307
2019,30860,1,0.00428
2019,31020,1,0.00634
2019,31420,1,-0.006519
2019,31700,1,0.001801
2019,31860,1,-0.000162
2019,32580,1,0.000492
2019,32780,1,0.001805
2019,32900,1,0.000676
2019,33140,1,0.000332
2019,33340,1,0.000588
2019,33540,1,-0.00101
2019,33700,1,-1.3e-05
2019,33780,1,0.003553
2019,33860,1,-0.005136
2019,34060,1,-0.006897
2019,34580,1,0.006477
2019,34620,1,-0.002125
2019,34740,1,0.00056
2019,34940,1,0.007982
2019,35300,1,-0.002312
2019,35660,1,-0.000994
2019,35840,1,0.009307
2019,35980,1,-0.003481
2019,36100,1,0.004773
2019,36220,1,0.01403
2019,36420,1,-2.9e-05
2019,36500,1,0.009172
2019,36540,1,0.003564
2019,36740,1,0.009578
2019,36780,1,0.003401
2019,36980,1,-0.000496
2019,37100,1,-0.005586
2019,37340,1,0.001527
2019,37860,1,0.00377
2019,38060,1,0.004822
2019,38300,1,-0.001646
2019,38340,1,-0.001477
2019,38860,1,0.004195
2019,38900,1,0.002975
2019,38940,1,0.003427
2019,39300,1,-0.000155
2019,39340,1,0.011776
2019,39380,1,-0.005554
2019,39460,1,0.005332
2019,39540,1,0.002423
2019,39580,1,0.011329
2019,39740,1,0.003965
2019,39820,1,-0.00507
2019,39900,1,0.005274
2019,40140,1,0.002005
2019,40420,1,-0.001415
2019,40660,1,-0.005471
2019,40900,1,0.001674
2019,40980,1,-0.004581
2019,41060,1,0.001491
2019,41100,1,0.01802
2019,41140,1,-0.002438
2019,41420,1,0.005222
2019,41500,1,-0.007282
2019,41700,1,0.005812
2019,41740,1,-0.002165
2019,41940,1,-0.001416
2019,42020,1,-0.003679
2019,42100,1,-0.008858
2019,42140,1,-0.008387
2019,42220,1,-0.009523
2019,42340,1,-0.000814
2019,42540,1,-0.00092
2019,42680,1,0.006377
2019,43100,1,0.002393
2019,43620,1,0.012604
2019,43780,1,0.00319
2019,44100,1,-0.005083
2019,44180,1,0.001262
2019,44220,1,-0.000454
2019,44300,1,0.002749
2019,44700,1,0.002965
2019,45060,1,-0.000909
2019,45220,1,-0.004054
2019,45820,1,-0.007277
2019,45940,1,0.001367
2019,46060,1,-0.003301
2019,46140,1,-0.004357
2019,46340,1,-0.000151
2019,46540,1,-0.002609
2019,46660,1,-0.001066
2019,46700,1,-0.002337
2019,47220,1,-0.00372
2019,47300,1,-0.002347
2019,47940,1,-0.005363
2019,48300,1,0.003171
2019,48540,1,-0.016611
2019,48660,1,-0.003341
2019,48700,1,-0.002866
2019,49020,1,0.000745
2019,49420,1,-0.003072
2019,49620,1,0.003521
2019,49660,1,-0.004343
2019,49740,1,-0.00241
2019,10180,2,-0.004395
2019,10420,2,-0.000524
2019,10580,2,0.001164
2019,10740,2,-0.00814
2019,10780,2,-0.009145
2019,10900,2,0.003025
2019,11020,2,-0.001015
2019,11260,2,-0.00704
2019,11460,2,0.002184
2019,11500,2,-0.006228
2019,11540,2,0.005361
2019,11700,2,0.000342
2019,12020,2,-2.3e-05
2019,12100,2,0.000777
2019,12220,2,0.010779
2019,12420,2,0.0159
2019,12540,2,0.000296
2019,12580,2,-0.007259
2019,12620,2,-0.002251
2019,12700,2,-0.000599
2019,12980,2,0.000387
2019,13020,2,-0.002414
2019,13380,2,0.008246
2019,13460,2,0.017487
2019,13780,2,-0.003355
2019,14260,2,0.014068
2019,14500,2,-0.005377
2019,14740,2,0.003247
2019,14860,2,-0.000863
2019,15180,2,-0.005515
2019,15260,2,-0.00172
2019,15380,2,-0.000249
2019,15500,2,0.004939
2019,15540,2,0.005291
2019,15940,2,-0.001686
2019,15980,2,0.009095
2019,16020,2,-0.000165
2019,16180,2,-0.003986
2019,16220,2,-0.01151
2019,16300,2,-0.000839
2019,16700,2,0.007569
2019,16860,2,-0.001056
2019,16940,2,-0.004002
2019,17020,2,-0.00014
2019,17420,2,0.004634
2019,17660,2,0.011117
2019,17780,2,0.009952
2019,17820,2,0.004829
2019,17900,2,0.000949
2019,18020,2,0.003172
2019,18700,2,-0.001869
2019,19340,2,-0.001536
2019,19460,2,-0.004502
2019,19500,2,-0.006744
2019,19740,2,0.001396
2019,20020,2,-0.002498
2019,20100,2,0.004963
2019,20220,2,-0.006675
2019,20740,2,0.005694
2019,20940,2,-0.005834
2019,21140,2,0.003209
2019,21300,2,-0.002189
2019,21500,2,-0.003733
2019,21660,2,0.000899
2019,21820,2,-0.00938
2019,22020,2,0.008611
2019,22140,2,-0.019017
2019,22380,2,-0.001931
2019,22420,2,-0.002691
2019,22500,2,-0.009396
2019,22520,2,-0.001268
2019,22540,2,0.003542
2019,22660,2,0.005086
2019,23420,2,-0.000631
2019,23460,2,-0.006576
2019,23580,2,0.001443
2019,24020,2,-0.0015
2019,24220,2,-0.004235
2019,24300,2,-0.000474
2019,24500,2,-0.010101
2019,24540,2,0.012477
2019,24580,2,0.00506
2019,24660,2,-0.002723
2019,25420,2,0.004209
2019,25500,2,-0.00226
2019,25540,2,-0.002323
2019,25860,2,-0.00523
2019,25980,2,-0.004575
2019,26300,2,-0.004251
2019,26380,2,-0.008962
2019,26620,2,0.009567
2019,26980,2,0.004417
2019,27060,2,-0.000468
2019,27100,2,0.001152
2019,27260,2,0.008528
2019,27340,2,0.005002
2019,27500,2,0.002369
2019,27740,2,-0.000398
2019,27780,2,-0.006566
2019,27860,2,0.002343
2019,27900,2,-0.003604
2019,28100,2,-0.003171
2019,28420,2,0.010538
2019,28660,2,0.006783
2019,28700,2,-0.006127
2019,28740,2,-0.000446
2019,29100,2,0.001286
2019,29340,2,0.0009
2019,29420,2,-0.002354
2019,29460,2,0.012344
2019,29540,2,0.003152
2019,29700,2,2.8e-05
2019,29740,2,-0.003272
2019,29820,2,0.006499
2019,29940,2,-0.002271
2019,30140,2,0.006903
2019,30300,2,-0.007193
2019,30340,2,-0.000463
2019,30460,2,0.003204
2019,30620,2,-0.00178
2019,30700,2,0.004887
2019,30780,2,-0.002524
2019,30860,2,0.003605
2019,31020,2,0.005266
2019,31420,2,-0.006748
2019,31700,2,0.001662
2019,31860,2,-0.000111
2019,32580,2,0.000805
2019,32780,2,0.0017
2019,32900,2,0.000283
2019,33140,2,0.000149
2019,33340,2,0.000673
2019,33540,2,-0.000197
2019,33700,2,-0.000254
2019,33780,2,0.003447
2019,33860,2,-0.00485
2019,34060,2,-0.007754
2019,34580,2,0.00601
2019,34620,2,-0.001663
2019,34740,2,0.000527
2019,34940,2,0.008667
2019,35300,2,-0.002214
2019,35660,2,-0.001174
2019,35840,2,0.009887
2019,35980,2,-0.003197
2019,36100,2,0.004713
2019,36220,2,0.011852
2019,36420,2,-2e-06
2019,36500,2,0.008517
2019,36540,2,0.003723
2019,36740,2,0.009477
2019,36780,2,0.003455
2019,36980,2,-0.000711
2019,37100,2,-0.005196
2019,37340,2,0.001068
2019,37860,2,0.003557
2019,38060,2,0.004647
2019,38300,2,-0.001714
2019,38340,2,-0.001691
2019,38860,2,0.004373
2019,38900,2,0.003362
2019,38940,2,0.002791
2019,39300,2,-0.000266
2019,39340,2,0.01237
2019,39380,2,-0.005979
2019,39460,2,0.005325
2019,39540,2,0.002188
2019,39580,2,0.011893
2019,39740,2,0.003557
2019,39820,2,-0.004932
2019,39900,2,0.005787
2019,40140,2,0.001921
2019,40420,2,-0.001388
2019,40660,2,-0.005816
2019,40900,2,0.001984
2019,40980,2,-0.004062
2019,41060,2,0.001166
2019,41100,2,0.018569
2019,41140,2,-0.00231
2019,41420,2,0.004492
2019,41500,2,-0.00714
2019,41700,2,0.00534
2019,41740,2,-0.001846
2019,41940,2,-0.001136
2019,42020,2,-0.003602
2019,42100,2,-0.008784
2019,42140,2,-0.008559
2019,42220,2,-0.009057
2019,42340,2,-0.000615
2019,42540,2,-0.001054
2019,42680,2,0.00599
2019,43100,2,0.002203
2019,43620,2,0.013368
2019,43780,2,0.003227
2019,44100,2,-0.004882
2019,44180,2,0.000886
2019,44220,2,-0.000435
2019,44300,2,0.002414
2019,44700,2,0.002883
2019,45060,2,-0.000948
2019,45220,2,-0.003968
2019,45820,2,-0.007307
2019,45940,2,0.001494
2019,46060,2,-0.003481
2019,46140,2,-0.003951
2019,46340,2,-0.000813
2019,46540,2,-0.002897
2019,46660,2,-0.000349
2019,46700,2,-0.002477
2019,47220,2,-0.003521
2019,47300,2,-0.002187
2019,47940,2,-0.005634
2019,48300,2,0.002897
2019,48540,2,-0.017261
2019,48660,2,-0.003184
2019,48700,2,-0.003275
2019,49020,2,0.000897
2019,49420,2,-0.003368
2019,49620,2,0.00321
2019,49660,2,-0.004137
2019,49740,2,-0.002093
2019,10180,3,-0.005028
2019,10420,3,5.6e-05
2019,10580,3,0.001529
2019,10740,3,-0.007319
2019,10780,3,-0.008963
2019,10900,3,0.003882
2019,11020,3,-0.002505
2019,11260,3,-0.007066
2019,11460,3,0.002368
2019,11500,3,-0.006349
2019,11540,3,0.005257
2019,11700,3,-0.00163
2019,12020,3,-0.000525
2019,12100,3,0.001543
2019,12220,3,0.010648
2019,12420,3,0.014213
2019,12540,3,0.001778
2019,12580,3,-0.007272
2019,12620,3,-0.002632
2019,12700,3,-0.001537
2019,12980,3,0.000799
2019,13020,3,-0.00133
2019,13380,3,0.007484
2019,13460,3,0.017122
2019,13780,3,-0.00377
2019,14260,3,0.012922
2019,14500,3,-0.007215
2019,14740,3,0.001902
2019,14860,3,0.000136
2019,15180,3,-0.004081
2019,15260,3,-0.002485
2019,15380,3,-0.00127
2019,15500,3,0.00654
2019,15540,3,0.004622
2019,15940,3,-0.001472
2019,15980,3,0.0105
2019,16020,3,-0.002131
2019,16180,3,-0.004139
2019,16220,3,-0.013132
2019,16300,3,0.000248
2019,16700,3,0.005903
2019,16860,3,-0.001603
2019,16940,3,-0.004621
2019,17020,3,0.00086
2019,17420,3,0.004744
2019,17660,3,0.010121
2019,17780,3,0.008396
2019,17820,3,0.005074
2019,17900,3,0.000974
2019,18020,3,0.002798
2019,18700,3,-0.002947
2019,19340,3,-0.001568
2019,19460,3,-0.004127
2019,19500,3,-0.005951
2019,19740,3,-0.000269
2019,20020,3,-0.00237
2019,20100,3,0.004962
2019,20220,3,-0.006871
2019,20740,3,0.005098
2019,20940,3,-0.00526
2019,21140,3,0.002993
2019,21300,3,-0.003736
2019,21500,3,-0.003864
2019,21660,3,0.000274
2019,21820,3,-0.009722
2019,22020,3,0.007973
2019,22140,3,-0.018373
2019,22380,3,-0.002187
2019,22420,3,-0.002254
2019,22500,3,-0.009477
2019,22520,3,-0.001809
2019,22540,3,0.004343
2019,22660,3,0.004282
2019,23420,3,0.000432
2019,23460,3,-0.00651
2019,23580,3,0.001277
2019,24020,3,-0.001592
2019,24220,3,-0.00579
2019,24300,3,-0.000689
2019,24500,3,-0.010397
2019,24540,3,0.012667
2019,24580,3,0.005301
2019,24660,3,-0.002301
2019,25420,3,0.004958
2019,25500,3,-0.002167
2019,25540,3,-0.001324
2019,25860,3,-0.005724
2019,25980,3,-0.004151
2019,26300,3,-0.002763
2019,26380,3,-0.009307
2019,26620,3,0.009652
2019,26980,3,0.005101
2019,27060,3,-0.00089
2019,27100,3,0.00082
2019,27260,3,0.008116
2019,27340,3,0.005466
2019,27500,3,0.002292
2019,27740,3,-0.001125
2019,27780,3,-0.006411
2019,27860,3,0.003995
2019,27900,3,-0.002878
2019,28100,3,-0.003136
2019,28420,3,0.009947
2019,28660,3,0.007826
2019,28700,3,-0.007448
2019,28740,3,-0.00017
2019,29100,3,0.000154
2019,29340,3,-8.7e-05
2019,29420,3,-0.001812
2019,29460,3,0.012893
2019,29540,3,0.002731
2019,29700,3,-1.5e-05
2019,29740,3,-0.002018
2019,29820,3,0.007238
2019,29940,3,-0.000993
2019,30140,3,0.008028
2019,30300,3,-0.009344
2019,30340,3,-0.000726
2019,30460,3,0.003109
2019,30620,3,-0.002469
2019,30700,3,0.004847
2019,30780,3,-0.001172
2019,30860,3,0.003885
2019,31020,3,0.00448
2019,31420,3,-0.006158
2019,31700,3,0.001634
2019,31860,3,0.000531
2019,32580,3,0.001652
2019,32780,3,0.002302
2019,32900,3,0.002224
2019,33140,3,-0.000435
2019,33340,3,0.000444
2019,33540,3,-0.000441
2019,33700,3,0.000207
2019,33780,3,0.003653
2019,33860,3,-0.004141
2019,34060,3,-0.008337
2019,34580,3,0.005168
2019,34620,3,-0.001958
2019,34740,3,-0.000673
2019,34940,3,0.008201
2019,35300,3,-0.001194
2019,35660,3,-0.001933
2019,35840,3,0.010106
2019,35980,3,-0.002935
2019,36100,3,0.005297
2019,36220,3,0.009681
2019,36420,3,0.000635
2019,36500,3,0.008509
2019,36540,3,0.003973
2019,36740,3,0.009504
2019,36780,3,0.003408
2019,36980,3,-0.00095
2019,37100,3,-0.004847
2019,37340,3,0.001061
2019,37860,3,0.00331
2019,38060,3,0.005892
2019,38300,3,-0.002691
2019,38340,3,-0.002768
2019,38860,3,0.003596
2019,38900,3,0.001459
2019,38940,3,0.003285
2019,39300,3,-0.000227
2019,39340,3,0.012319
2019,39380,3,-0.005993
2019,39460,3,0.006851
2019,39540,3,0.001938
2019,39580,3,0.011185
2019,39740,3,0.003834
2019,39820,3,-0.003915
2019,39900,3,0.005266
2019,40140,3,0.002597
2019,40420,3,-0.000671
2019,40660,3,-0.00505
2019,40900,3,0.003339
2019,40980,3,-0.003182
2019,41060,3,0.001133
2019,41100,3,0.019959
2019,41140,3,-0.003775
2019,41420,3,0.003392
2019,41500,3,-0.006136
2019,41700,3,0.005084
2019,41740,3,-0.001338
2019,41940,3,-0.003758
2019,42020,3,-0.0033
2019,42100,3,-0.009358
2019,42140,3,-0.007864
2019,42220,3,-0.010346
2019,42340,3,-0.001171
2019,42540,3,-0.000393
2019,42680,3,0.006157
2019,43100,3,0.001424
2019,43620,3,0.013332
2019,43780,3,0.002526
2019,44100,3,-0.00514
2019,44180,3,0.001555
2019,44220,3,-0.000296
2019,44300,3,0.001641
2019,44700,3,0.004733
2019,45060,3,-0.000973
2019,45220,3,-0.004067
2019,45820,3,-0.006975
2019,45940,3,0.003153
2019,46060,3,-0.00197
2019,46140,3,-0.003453
2019,46340,3,0.000113
2019,46540,3,-0.003576
2019,46660,3,0.000106
2019,46700,3,-0.001697
2019,47220,3,-0.002775
2019,47300,3,-0.001476
2019,47940,3,-0.005698
2019,48300,3,0.000626
2019,48540,3,-0.017965
2019,48660,3,-0.004186
2019,48700,3,-0.003533
2019,49020,3,0.002356
2019,49420,3,-0.004136
2019,49620,3,0.00376
2019,49660,3,-0.003896
2019,49740,3,2.2e-05
2019,10180,4,-0.002359
2019,10420,4,-0.00043
2019,10580,4,0.002113
2019,10740,4,-0.008195
2019,10780,4,-0.009598
2019,10900,4,0.002121
2019,11020,4,-0.004435
2019,11260,4,-0.006982
2019,11460,4,0.001258
2019,11500,4,-0.005549
2019,11540,4,0.005359
2019,11700,4,0.00229
2019,12020,4,0.000848
2019,12100,4,0.000896
2019,12220,4,0.009563
2019,12420,4,0.015017
2019,12540,4,-0.000965
2019,12580,4,-0.006803
2019,12620,4,-0.000587
2019,12700,4,-0.001615
2019,12980,4,-0.001169
2019,13020,4,-0.002986
2019,13380,4,0.009769
2019,13460,4,0.015591
2019,13780,4,-0.003019
2019,14260,4,0.014823
2019,14500,4,-0.00381
2019,14740,4,0.005976
2019,14860,4,-0.002122
2019,15180,4,-0.00668
2019,15260,4,-0.00116
2019,15380,4,0.001978
2019,15500,4,0.004594
2019,15540,4,0.006293
2019,15940,4,-0.00191
2019,15980,4,0.005818
2019,16020,4,-0.004303
2019,16180,4,-0.001725
2019,16220,4,-0.009972
2019,16300,4,-0.000644
2019,16700,4,0.007268
2019,16860,4,0.000234
2019,16940,4,-0.003837
2019,17020,4,-0.000683
2019,17420,4,0.005637
2019,17660,4,0.011757
2019,17780,4,0.009224
2019,17820,4,0.004993
2019,17900,4,0.000902
2019,18020,4,0.003631
2019,18700,4,-0.00212
2019,19340,4,-0.001437
2019,19460,4,-0.003323
2019,19500,4,-0.005763
2019,19740,4,0.001843
2019,20020,4,-0.002807
2019,20100,4,0.004173
2019,20220,4,-0.005799
2019,20740,4,0.006752
2019,20940,4,-0.007346
2019,21140,4,0.00403
2019,21300,4,-0.004241
2019,21500,4,-0.004405
2019,21660,4,0.001643
2019,21820,4,-0.010719
2019,22020,4,0.008408
2019,22140,4,-0.020035
2019,22380,4,-0.001509
2019,22420,4,-0.003569
2019,22500,4,-0.009183
2019,22520,4,-0.001461
2019,22540,4,0.004157
2019,22660,4,0.004793
2019,23420,4,-0.001563
2019,23460,4,-0.00617
2019,23580,4,0.002083
2019,24020,4,-0.00098
2019,24220,4,-0.003251
2019,24300,4,0.000975
2019,24500,4,-0.008356
2019,24540,4,0.010917
2019,24580,4,0.004652
2019,24660,4,-0.002706
2019,25420,4,0.004728
2019,25500,4,-0.002049
2019,25540,4,-0.002829
2019,25860,4,-0.005553
2019,25980,4,-0.004275
2019,26300,4,-0.003505
2019,26380,4,-0.00823
2019,26620,4,0.009245
2019,26980,4,0.004428
2019,27060,4,-0.000366
2019,27100,4,-0.001915
2019,27260,4,0.008043
2019,27340,4,0.005338
2019,27500,4,0.00359
2019,27740,4,-0.000301
2019,27780,4,-0.007383
2019,27860,4,0.000821
2019,27900,4,-0.002106
2019,28100,4,-0.002903
2019,28420,4,0.011023
2019,28660,4,0.006741
2019,28700,4,-0.007367
2019,28740,4,0.001107
2019,29100,4,0.002318
2019,29340,4,0.000312
2019,29420,4,-0.001742
2019,29460,4,0.013045
2019,29540,4,0.002756
2019,29700,4,9.6e-05
2019,29740,4,-0.003899
2019,29820,4,0.006332
2019,29940,4,-0.000899
2019,30140,4,0.006897
2019,30300,4,-0.008665
2019,30340,4,0.000181
2019,30460,4,0.00313
2019,30620,4,-0.002509
2019,30700,4,0.005424
2019,30780,4,-0.003769
2019,30860,4,0.003724
2019,31020,4,0.008035
2019,31420,4,-0.005973
2019,31700,4,0.001749
2019,31860,4,0.000186
2019,32580,4,0.000228
2019,32780,4,0.000897
2019,32900,4,-0.0012
2019,33140,4,0.002493
2019,33340,4,0.001573
2019,33540,4,-0.000798
2019,33700,4,-0.003106
2019,33780,4,0.000664
2019,33860,4,-0.005768
2019,34060,4,-0.006246
2019,34580,4,0.00798
2019,34620,4,-0.004012
2019,34740,4,-0.000886
2019,34940,4,0.006363
2019,35300,4,-0.003042
2019,35660,4,-0.001942
2019,35840,4,0.007422
2019,35980,4,-0.004423
2019,36100,4,0.004843
2019,36220,4,0.017819
2019,36420,4,-0.000696
2019,36500,4,0.010167
2019,36540,4,0.004337
2019,36740,4,0.008617
2019,36780,4,0.004199
2019,36980,4,-0.000802
2019,37100,4,-0.005505
2019,37340,4,0.000729
2019,37860,4,0.004343
2019,38060,4,0.003775
2019,38300,4,-0.001041
2019,38340,4,-0.000361
2019,38860,4,0.004639
2019,38900,4,0.00339
2019,38940,4,0.002003
2019,39300,4,0.00022
2019,39340,4,0.011223
2019,39380,4,-0.004118
2019,39460,4,0.003159
2019,39540,4,0.003496
2019,39580,4,0.01074
2019,39740,4,0.002576
2019,39820,4,-0.00549
2019,39900,4,0.005093
2019,40140,4,0.001418
2019,40420,4,-0.000931
2019,40660,4,-0.004478
2019,40900,4,0.000704
2019,40980,4,-0.005126
2019,41060,4,-0.001842
2019,41100,4,0.015639
2019,41140,4,-0.004449
2019,41420,4,0.006467
2019,41500,4,-0.00807
2019,41700,4,0.005815
2019,41740,4,-0.002301
2019,41940,4,0.000695
2019,42020,4,-0.004114
2019,42100,4,-0.008618
2019,42140,4,-0.007848
2019,42220,4,-0.008602
2019,42340,4,-0.000412
2019,42540,4,-0.001061
2019,42680,4,0.005132
2019,43100,4,0.001582
2019,43620,4,0.012688
2019,43780,4,0.004216
2019,44100,4,-0.004857
2019,44180,4,0.002038
2019,44220,4,0.000105
2019,44300,4,0.002334
2019,44700,4,0.001346
2019,45060,4,0.000402
2019,45220,4,-0.003993
2019,45820,4,-0.005808
2019,45940,4,0.000997
2019,46060,4,-0.004264
2019,46140,4,-0.004598
2019,46340,4,0.000192
2019,46540,4,-0.000488
2019,46660,4,-0.000215
2019,46700,4,-0.003294
2019,47220,4,-0.003759
2019,47300,4,-0.002636
2019,47940,4,-0.004447
2019,48300,4,0.006066
2019,48540,4,-0.012066
2019,48660,4,-0.006956
2019,48700,4,-0.001564
2019,49020,4,-0.000225
2019,49420,4,0.000263
2019,49620,4,0.001941
2019,49660,4,-0.004244
2019,49740,4,-0.003747
2019,10180,5,-0.005391
2019,10420,5,0.000217
2019,10580,5,0.001867
2019,10740,5,-0.006765
2019,10780,5,-0.008748
2019,10900,5,0.004578
2019,11020,5,-0.002833
2019,11260,5,-0.006729
2019,11460,5,0.003017
2019,11500,5,-0.006542
2019,11540,5,0.005515
2019,11700,5,-0.00222
2019,12020,5,-0.000164
2019,12100,5,0.000561
2019,12220,5,0.010531
2019,12420,5,0.014159
2019,12540,5,0.002388
2019,12580,5,-0.007548
2019,12620,5,-0.002879
2019,12700,5,-0.001996
2019,12980,5,0.001131
2019,13020,5,-0.001158
2019,13380,5,0.007683
2019,13460,5,0.017734
2019,13780,5,-0.003932
2019,14260,5,0.011656
2019,14500,5,-0.007591
2019,14740,5,0.00135
2019,14860,5,0.00051
2019,15180,5,-0.002979
2019,15260,5,-0.002717
2019,15380,5,-0.001931
2019,15500,5,0.007718
2019,15540,5,0.004134
2019,15940,5,-0.001791
2019,15980,5,0.011835
2019,16020,5,-0.003286
2019,16180,5,-0.005364
2019,16220,5,-0.014759
2019,16300,5,0.000853
2019,16700,5,0.005504
2019,16860,5,-0.002051
2019,16940,5,-0.004861
2019,17020,5,0.000546
2019,17420,5,0.004353
2019,17660,5,0.009854
2019,17780,5,0.00761
2019,17820,5,0.005409
2019,17900,5,0.000871
2019,18020,5,0.003177
2019,18700,5,-0.00177
2019,19340,5,-0.001344
2019,19460,5,-0.003899
2019,19500,5,-0.005424
2019,19740,5,-0.001097
2019,20020,5,-0.002396
2019,20100,5,0.004158
2019,20220,5,-0.006779
2019,20740,5,0.004961
2019,20940,5,-0.004631
2019,21140,5,0.00291
2019,21300,5,-0.004761
2019,21500,5,-0.003975
2019,21660,5,0.000862
2019,21820,5,-0.009371
2019,22020,5,0.008538
2019,22140,5,-0.016958
2019,22380,5,-0.002824
2019,22420,5,-0.002752
2019,22500,5,-0.009692
2019,22520,5,-0.002217
2019,22540,5,0.004905
2019,22660,5,0.003796
2019,23420,5,0.000285
2019,23460,5,-0.006098
2019,23580,5,0.001673
2019,24020,5,-0.001233
2019,24220,5,-0.005343
2019,24300,5,-0.000908
2019,24500,5,-0.010764
2019,24540,5,0.013733
2019,24580,5,0.005754
2019,24660,5,-0.002226
2019,25420,5,0.005552
2019,25500,5,-0.001443
2019,25540,5,-0.000896
2019,25860,5,-0.005569
2019,25980,5,-0.003142
2019,26300,5,-0.001876
2019,26380,5,-0.00958
2019,26620,5,0.009537
2019,26980,5,0.005347
2019,27060,5,-0.000162
2019,27100,5,0.000435
2019,27260,5,0.007536
2019,27340,5,0.004868
2019,27500,5,0.002575
2019,27740,5,-0.001188
2019,27780,5,-0.006174
2019,27860,5,0.004573
2019,27900,5,-0.002448
2019,28100,5,-0.003067
2019,28420,5,0.009724
2019,28660,5,0.007925
2019,28700,5,-0.007907
2019,28740,5,-0.000242
2019,29100,5,-0.000107
2019,29340,5,-0.000189
2019,29420,5,-0.002774
2019,29460,5,0.013075
2019,29540,5,0.00311
2019,29700,5,3.5e-05
2019,29740,5,-0.001722
2019,29820,5,0.007246
2019,29940,5,0.000144
2019,30140,5,0.008876
2019,30300,5,-0.008962
2019,30340,5,-0.000538
2019,30460,5,0.003455
2019,30620,5,-0.002589
2019,30700,5,0.004583
2019,30780,5,-0.00068
2019,30860,5,0.004953
2019,31020,5,0.004489
2019,31420,5,-0.006658
2019,31700,5,0.001823
2019,31860,5,0.000836
2019,32580,5,0.002229
2019,32780,5,0.002128
2019,32900,5,0.002788
2019,33140,5,-0.001292
2019,33340,5,0.000237
2019,33540,5,0.000103
2019,33700,5,0.001057
2019,33780,5,0.003314
2019,33860,5,-0.003584
2019,34060,5,-0.007938
2019,34580,5,0.004948
2019,34620,5,-0.001757
2019,34740,5,-0.000678
2019,34940,5,0.008632
2019,35300,5,-0.000694
2019,35660,5,-0.001922
2019,35840,5,0.01032
2019,35980,5,-0.002611
2019,36100,5,0.005102
2019,36220,5,0.005753
2019,36420,5,0.001082
2019,36500,5,0.009007
2019,36540,5,0.003775
2019,36740,5,0.009476
2019,36780,5,0.003535
2019,36980,5,-0.000978
2019,37100,5,-0.00495
2019,37340,5,0.001724
2019,37860,5,0.002655
2019,38060,5,0.006965
2019,38300,5,-0.003365
2019,38340,5,-0.003457
2019,38860,5,0.003306
2019,38900,5,0.001029
2019,38940,5,0.004038
2019,39300,5,-0.000275
2019,39340,5,0.012444
2019,39380,5,-0.005329
2019,39460,5,0.008376
2019,39540,5,0.002138
2019,39580,5,0.011039
2019,39740,5,0.004184
2019,39820,5,-0.003943
2019,39900,5,0.004229
2019,40140,5,0.00304
2019,40420,5,-0.000283
2019,40660,5,-0.004684
2019,40900,5,0.003832
2019,40980,5,-0.002969
2019,41060,5,0.001269
2019,41100,5,0.02059
2019,41140,5,-0.00449
2019,41420,5,0.003491
2019,41500,5,-0.005627
2019,41700,5,0.005895
2019,41740,5,-0.001592
2019,41940,5,-0.005491
2019,42020,5,-0.003482
2019,42100,5,-0.009445
2019,42140,5,-0.007226
2019,42220,5,-0.01083
2019,42340,5,-0.001548
2019,42540,5,6.3e-05
2019,42680,5,0.006872
2019,43100,5,0.00134
2019,43620,5,0.012996
2019,43780,5,0.002275
2019,44100,5,-0.004799
2019,44180,5,0.001662
2019,44220,5,-0.000583
2019,44300,5,0.002158
2019,44700,5,0.005774
2019,45060,5,-0.001494
2019,45220,5,-0.004034
2019,45820,5,-0.006912
2019,45940,5,0.003591
2019,46060,5,-0.001481
2019,46140,5,-0.003053
2019,46340,5,0.001003
2019,46540,5,-0.00365
2019,46660,5,-1.5e-05
2019,46700,5,-0.000586
2019,47220,5,-0.002864
2019,47300,5,-0.001585
2019,47940,5,-0.006344
2019,48300,5,-0.000384
2019,48540,5,-0.018709
2019,48660,5,-0.003999
2019,48700,5,-0.003721
2019,49020,5,0.003019
2019,49420,5,-0.004799
2019,49620,5,0.004498
2019,49660,5,-0.004063
2019,49740,5,0.000761
2019,10180,6,-0.004349
2019,10420,6,-0.000435
2019,10580,6,0.001454
2019,10740,6,-0.00813
2019,10780,6,-0.009175
2019,10900,6,0.002806
2019,11020,6,-0.001735
2019,11260,6,-0.006749
2019,11460,6,0.001929
2019,11500,6,-0.006249
2019,11540,6,0.005366
2019,11700,6,0.000373
2019,12020,6,-0.000227
2019,12100,6,0.001377
2019,12220,6,0.010892
2019,12420,6,0.015887
2019,12540,6,0.000208
2019,12580,6,-0.007179
2019,12620,6,-0.002077
2019,12700,6,-0.000922
2019,12980,6,9.4e-05
2019,13020,6,-0.00237
2019,13380,6,0.008364
2019,13460,6,0.017488
2019,13780,6,-0.003393
2019,14260,6,0.014255
2019,14500,6,-0.005459
2019,14740,6,0.003433
2019,14860,6,-0.000801
2019,15180,6,-0.005588
2019,15260,6,-0.001726
2019,15380,6,-8e-05
2019,15500,6,0.004924
2019,15540,6,0.005357
2019,15940,6,-0.001574
2019,15980,6,0.008954
2019,16020,6,-0.001202
2019,16180,6,-0.003958
2019,16220,6,-0.011308
2019,16300,6,-0.000674
2019,16700,6,0.007555
2019,16860,6,-0.000974
2019,16940,6,-0.003865
2019,17020,6,4.8e-05
2019,17420,6,0.004675
2019,17660,6,0.011154
2019,17780,6,0.010245
2019,17820,6,0.004833
2019,17900,6,0.001057
2019,18020,6,0.003213
2019,18700,6,-0.002312
2019,19340,6,-0.001503
2019,19460,6,-0.004453
2019,19500,6,-0.006422
2019,19740,6,0.001412
2019,20020,6,-0.002617
2019,20100,6,0.005286
2019,20220,6,-0.006644
2019,20740,6,0.005794
2019,20940,6,-0.006088
2019,21140,6,0.0032
2019,21300,6,-0.002633
2019,21500,6,-0.003816
2019,21660,6,0.000741
2019,21820,6,-0.009543
2019,22020,6,0.008626
2019,22140,6,-0.019079
2019,22380,6,-0.001908
2019,22420,6,-0.002703
2019,22500,6,-0.009368
2019,22520,6,-0.001072
2019,22540,6,0.003548
2019,22660,6,0.005079
2019,23420,6,-0.00054
2019,23460,6,-0.006621
2019,23580,6,0.001393
2019,24020,6,-0.001386
2019,24220,6,-0.004421
2019,24300,6,-0.000353
2019,24500,6,-0.0099
2019,24540,6,0.012254
2019,24580,6,0.005079
2019,24660,6,-0.002637
2019,25420,6,0.004379
2019,25500,6,-0.002349
2019,25540,6,-0.00219
2019,25860,6,-0.005733
2019,25980,6,-0.004416
2019,26300,6,-0.004318
2019,26380,6,-0.008842
2019,26620,6,0.00966
2019,26980,6,0.00473
2019,27060,6,-0.000729
2019,27100,6,0.000574
2019,27260,6,0.008611
2019,27340,6,0.005085
2019,27500,6,0.002371
2019,27740,6,-0.00067
2019,27780,6,-0.006615
2019,27860,6,0.002506
2019,27900,6,-0.003401
2019,28100,6,-0.003111
2019,28420,6,0.010626
2019,28660,6,0.006889
2019,28700,6,-0.00676
2019,28740,6,-0.000284
2019,29100,6,0.001409
2019,29340,6,0.001122
2019,29420,6,-0.002175
2019,29460,6,0.012165
2019,29540,6,0.002804
2019,29700,6,9.8e-05
2019,29740,6,-0.003058
2019,29820,6,0.006354
2019,29940,6,-0.002137
2019,30140,6,0.006775
2019,30300,6,-0.008152
2019,30340,6,-0.000487
2019,30460,6,0.003198
2019,30620,6,-0.002034
2019,30700,6,0.005248
2019,30780,6,-0.002365
2019,30860,6,0.003234
2019,31020,6,0.005173
2019,31420,6,-0.00672
2019,31700,6,0.001564
2019,31860,6,3e-05
2019,32580,6,0.000895
2019,32780,6,0.001686
2019,32900,6,-3.3e-05
2019,33140,6,0.000447
2019,33340,6,0.000877
2019,33540,6,-5e-06
2019,33700,6,-0.001052
2019,33780,6,0.002944
2019,33860,6,-0.004849
2019,34060,6,-0.007948
2019,34580,6,0.006065
2019,34620,6,-0.002036
2019,34740,6,-1e-05
2019,34940,6,0.008519
2019,35300,6,-0.002211
2019,35660,6,-0.00149
2019,35840,6,0.00982
2019,35980,6,-0.003348
2019,36100,6,0.00483
2019,36220,6,0.012046
2019,36420,6,-2.8e-05
2019,36500,6,0.008503
2019,36540,6,0.003962
2019,36740,6,0.009381
2019,36780,6,0.00358
2019,36980,6,-0.000849
2019,37100,6,-0.005043
2019,37340,6,0.000744
2019,37860,6,0.0036
2019,38060,6,0.004476
2019,38300,6,-0.001728
2019,38340,6,-0.00175
2019,38860,6,0.004423
2019,38900,6,0.003452
2019,38940,6,0.002404
2019,39300,6,-0.00026
2019,39340,6,0.012549
2019,39380,6,-0.006084
2019,39460,6,0.005069
2019,39540,6,0.00218
2019,39580,6,0.011958
2019,39740,6,0.003195
2019,39820,6,-0.004881
2019,39900,6,0.005919
2019,40140,6,0.001818
2019,40420,6,-0.001292
2019,40660,6,-0.005763
2019,40900,6,0.002028
2019,40980,6,-0.004001
2019,41060,6,0.000372
2019,41100,6,0.018579
2019,41140,6,-0.003021
2019,41420,6,0.004371
2019,41500,6,-0.007218
2019,41700,6,0.005177
2019,41740,6,-0.001697
2019,41940,6,-0.000972
2019,42020,6,-0.0036
2019,42100,6,-0.008819
2019,42140,6,-0.008613
2019,42220,6,-0.009042
2019,42340,6,-0.000513
2019,42540,6,-0.001075
2019,42680,6,0.005656
2019,43100,6,0.001815
2019,43620,6,0.013767
2019,43780,6,0.003301
2019,44100,6,-0.004804
2019,44180,6,0.000993
2019,44220,6,-0.000331
2019,44300,6,0.002105
2019,44700,6,0.002652
2019,45060,6,-0.000709
2019,45220,6,-0.004009
2019,45820,6,-0.007094
2019,45940,6,0.001674
2019,46060,6,-0.003561
2019,46140,6,-0.0039
2019,46340,6,-0.000902
2019,46540,6,-0.002766
2019,46660,6,-1e-06
2019,46700,6,-0.002784
2019,47220,6,-0.003391
2019,47300,6,-0.002075
2019,47940,6,-0.005531
2019,48300,6,0.003123
2019,48540,6,-0.016713
2019,48660,6,-0.004161
2019,48700,6,-0.003135
2019,49020,6,0.000969
2019,49420,6,-0.003029
2019,49620,6,0.002867
2019,49660,6,-0.004029
2019,49740,6,-0.001962
2019,10180,7,-0.004605
2019,10420,7,-0.000151
2019,10580,7,0.00132
2019,10740,7,-0.007995
2019,10780,7,-0.009331
2019,10900,7,0.003342
2019,11020,7,-0.002025
2019,11260,7,-0.007203
2019,11460,7,0.001939
2019,11500,7,-0.006348
2019,11540,7,0.005293
2019,11700,7,-0.000671
2019,12020,7,-0.000522
2019,12100,7,0.001968
2019,12220,7,0.010925
2019,12420,7,0.014985
2019,12540,7,0.00075
2019,12580,7,-0.007098
2019,12620,7,-0.002356
2019,12700,7,-0.001062
2019,12980,7,0.000396
2019,13020,7,-0.00189
2019,13380,7,0.008083
2019,13460,7,0.017247
2019,13780,7,-0.003611
2019,14260,7,0.014536
2019,14500,7,-0.006809
2019,14740,7,0.002873
2019,14860,7,-0.000447
2019,15180,7,-0.005424
2019,15260,7,-0.002302
2019,15380,7,-0.000502
2019,15500,7,0.005653
2019,15540,7,0.005438
2019,15940,7,-0.001333
2019,15980,7,0.009131
2019,16020,7,-0.000895
2019,16180,7,-0.003553
2019,16220,7,-0.012068
2019,16300,7,-0.000376
2019,16700,7,0.0067
2019,16860,7,-0.001075
2019,16940,7,-0.004278
2019,17020,7,0.001045
2019,17420,7,0.005155
2019,17660,7,0.010997
2019,17780,7,0.009387
2019,17820,7,0.00497
2019,17900,7,0.001102
2019,18020,7,0.0029
2019,18700,7,-0.003082
2019,19340,7,-0.001631
2019,19460,7,-0.004592
2019,19500,7,-0.006667
2019,19740,7,0.00064
2019,20020,7,-0.002435
2019,20100,7,0.00564
2019,20220,7,-0.006986
2019,20740,7,0.005588
2019,20940,7,-0.006175
2019,21140,7,0.003248
2019,21300,7,-0.002743
2019,21500,7,-0.003931
2019,21660,7,0.000484
2019,21820,7,-0.009842
2019,22020,7,0.007857
2019,22140,7,-0.019988
2019,22380,7,-0.001691
2019,22420,7,-0.002273
2019,22500,7,-0.009459
2019,22520,7,-0.001481
2019,22540,7,0.003892
2019,22660,7,0.004779
2019,23420,7,0.000222
2019,23460,7,-0.006892
2019,23580,7,0.001075
2019,24020,7,-0.001917
2019,24220,7,-0.006111
2019,24300,7,-0.000359
2019,24500,7,-0.010157
2019,24540,7,0.012214
2019,24580,7,0.005055
2019,24660,7,-0.002427
2019,25420,7,0.004579
2019,25500,7,-0.002539
2019,25540,7,-0.001894
2019,25860,7,-0.00573
2019,25980,7,-0.005098
2019,26300,7,-0.003832
2019,26380,7,-0.009233
2019,26620,7,0.010022
2019,26980,7,0.004974
2019,27060,7,-0.001501
2019,27100,7,0.000968
2019,27260,7,0.008875
2019,27340,7,0.005931
2019,27500,7,0.002197
2019,27740,7,-0.000834
2019,27780,7,-0.006985
2019,27860,7,0.00326
2019,27900,7,-0.003333
2019,28100,7,-0.003211
2019,28420,7,0.010777
2019,28660,7,0.007709
2019,28700,7,-0.006803
2019,28740,7,-0.000266
2019,29100,7,0.00075
2019,29340,7,0.000179
2019,29420,7,-0.001383
2019,29460,7,0.013134
2019,29540,7,0.002767
2019,29700,7,-0.000103
2019,29740,7,-0.002579
2019,29820,7,0.006855
2019,29940,7,-0.002065
2019,30140,7,0.007469
2019,30300,7,-0.009072
2019,30340,7,-0.000811
2019,30460,7,0.002965
2019,30620,7,-0.002316
2019,30700,7,0.005106
2019,30780,7,-0.001909
2019,30860,7,0.003324
2019,31020,7,0.005116
2019,31420,7,-0.00607
2019,31700,7,0.001532
2019,31860,7,0.000157
2019,32580,7,0.001048
2019,32780,7,0.002463
2019,32900,7,0.000838
2019,33140,7,0.000423
2019,33340,7,0.000689
2019,33540,7,-0.00065
2019,33700,7,-0.001004
2019,33780,7,0.003831
2019,33860,7,-0.004829
2019,34060,7,-0.008397
2019,34580,7,0.005937
2019,34620,7,-0.002045
2019,34740,7,-0.000446
2019,34940,7,0.00773
2019,35300,7,-0.001816
2019,35660,7,-0.001824
2019,35840,7,0.009822
2019,35980,7,-0.00344
2019,36100,7,0.005372
2019,36220,7,0.013273
2019,36420,7,0.000233
2019,36500,7,0.008738
2019,36540,7,0.004117
2019,36740,7,0.00982
2019,36780,7,0.003465
2019,36980,7,-0.000894
2019,37100,7,-0.005123
2019,37340,7,0.000371
2019,37860,7,0.003942
2019,38060,7,0.0047
2019,38300,7,-0.001968
2019,38340,7,-0.002003
2019,38860,7,0.004083
2019,38900,7,0.00234
2019,38940,7,0.002469
2019,39300,7,-0.00032
2019,39340,7,0.012758
2019,39380,7,-0.006626
2019,39460,7,0.005335
2019,39540,7,0.001969
2019,39580,7,0.01186
2019,39740,7,0.003676
2019,39820,7,-0.004225
2019,39900,7,0.005824
2019,40140,7,0.001928
2019,40420,7,-0.00126
2019,40660,7,-0.005565
2019,40900,7,0.002455
2019,40980,7,-0.00368
2019,41060,7,0.001035
2019,41100,7,0.019848
2019,41140,7,-0.003011
2019,41420,7,0.004021
2019,41500,7,-0.007234
2019,41700,7,0.004816
2019,41740,7,-0.001375
2019,41940,7,-0.001882
2019,42020,7,-0.003343
2019,42100,7,-0.009422
2019,42140,7,-0.008595
2019,42220,7,-0.010111
2019,42340,7,-0.000632
2019,42540,7,-0.000812
2019,42680,7,0.005461
2019,43100,7,0.001736
2019,43620,7,0.013938
2019,43780,7,0.003035
2019,44100,7,-0.005349
2019,44180,7,0.001363
2019,44220,7,-0.000163
2019,44300,7,0.00167
2019,44700,7,0.00314
2019,45060,7,-0.000599
2019,45220,7,-0.004132
2019,45820,7,-0.007303
2019,45940,7,0.002495
2019,46060,7,-0.002768
2019,46140,7,-0.003985
2019,46340,7,-0.000588
2019,46540,7,-0.003283
2019,46660,7,0.000197
2019,46700,7,-0.003187
2019,47220,7,-0.003201
2019,47300,7,-0.001721
2019,47940,7,-0.005292
2019,48300,7,0.002347
2019,48540,7,-0.017657
2019,48660,7,-0.004149
2019,48700,7,-0.003368
2019,49020,7,0.001618
2019,49420,7,-0.003226
2019,49620,7,0.003242
2019,49660,7,-0.003966
2019,49740,7,-0.001033
2019,10180,8,-0.003274
2019,10420,8,0.000554
2019,10580,8,0.00237
2019,10740,8,-0.00738
2019,10780,8,-0.0094
2019,10900,8,0.003663
2019,11020,8,-0.005653
2019,11260,8,-0.007481
2019,11460,8,0.002214
2019,11500,8,-0.006152
2019,11540,8,0.005116
2019,11700,8,-0.000533
2019,12020,8,-0.000249
2019,12100,8,0.001452
2019,12220,8,0.00953
2019,12420,8,0.013682
2019,12540,8,0.000793
2019,12580,8,-0.006644
2019,12620,8,-0.001552
2019,12700,8,-0.002591
2019,12980,8,-0.000218
2019,13020,8,-0.001581
2019,13380,8,0.008184
2019,13460,8,0.016131
2019,13780,8,-0.004005
2019,14260,8,0.0135
2019,14500,8,-0.006117
2019,14740,8,0.003434
2019,14860,8,-0.000441
2019,15180,8,-0.005033
2019,15260,8,-0.002527
2019,15380,8,0.00053
2019,15500,8,0.006292
2019,15540,8,0.005914
2019,15940,8,-0.001175
2019,15980,8,0.008747
2019,16020,8,-0.006323
2019,16180,8,-0.000764
2019,16220,8,-0.012857
2019,16300,8,0.000749
2019,16700,8,0.005521
2019,16860,8,-0.000897
2019,16940,8,-0.004838
2019,17020,8,0.001166
2019,17420,8,0.005969
2019,17660,8,0.01036
2019,17780,8,0.007295
2019,17820,8,0.00493
2019,17900,8,0.000584
2019,18020,8,0.003092
2019,18700,8,-0.003852
2019,19340,8,-0.001115
2019,19460,8,-0.003014
2019,19500,8,-0.005027
2019,19740,8,0.000449
2019,20020,8,-0.002367
2019,20100,8,0.004248
2019,20220,8,-0.006211
2019,20740,8,0.005898
2019,20940,8,-0.006186
2019,21140,8,0.004009
2019,21300,8,-0.005994
2019,21500,8,-0.004646
2019,21660,8,0.00063
2019,21820,8,-0.011802
2019,22020,8,0.008049
2019,22140,8,-0.020365
2019,22380,8,-0.001049
2019,22420,8,-0.001951
2019,22500,8,-0.009625
2019,22520,8,-0.001864
2019,22540,8,0.004954
2019,22660,8,0.004695
2019,23420,8,0.000313
2019,23460,8,-0.006731
2019,23580,8,0.002101
2019,24020,8,-0.0016
2019,24220,8,-0.00544
2019,24300,8,-0.000123
2019,24500,8,-0.009252
2019,24540,8,0.012206
2019,24580,8,0.004908
2019,24660,8,-0.002585
2019,25420,8,0.005676
2019,25500,8,-0.002118
2019,25540,8,-0.001196
2019,25860,8,-0.006693
2019,25980,8,-0.005561
2019,26300,8,-0.001964
2019,26380,8,-0.008944
2019,26620,8,0.00944
2019,26980,8,0.005566
2019,27060,8,-0.000464
2019,27100,8,-0.001183
2019,27260,8,0.008282
2019,27340,8,0.005
2019,27500,8,0.003289
2019,27740,8,-0.001289
2019,27780,8,-0.007114
2019,27860,8,0.003107
2019,27900,8,-0.001768
2019,28100,8,-0.003225
2019,28420,8,0.009746
2019,28660,8,0.008088
2019,28700,8,-0.009079
2019,28740,8,0.000542
2019,29100,8,0.000656
2019,29340,8,-0.001175
2019,29420,8,-0.000611
2019,29460,8,0.014948
2019,29540,8,0.002339
2019,29700,8,-0.000277
2019,29740,8,-0.003035
2019,29820,8,0.007077
2019,29940,8,0.000321
2019,30140,8,0.008779
2019,30300,8,-0.011781
2019,30340,8,-0.000633
2019,30460,8,0.002923
2019,30620,8,-0.003562
2019,30700,8,0.005331
2019,30780,8,-0.001932
2019,30860,8,0.003704
2019,31020,8,0.006762
2019,31420,8,-0.005614
2019,31700,8,0.001868
2019,31860,8,0.001136
2019,32580,8,0.001218
2019,32780,8,0.002883
2019,32900,8,0.001937
2019,33140,8,0.001297
2019,33340,8,0.001186
2019,33540,8,-0.001666
2019,33700,8,-0.002322
2019,33780,8,0.002354
2019,33860,8,-0.004743
2019,34060,8,-0.006998
2019,34580,8,0.006579
2019,34620,8,-0.004448
2019,34740,8,-0.002152
2019,34940,8,0.006247
2019,35300,8,-0.001487
2019,35660,8,-0.002491
2019,35840,8,0.008909
2019,35980,8,-0.004249
2019,36100,8,0.006189
2019,36220,8,0.015528
2019,36420,8,0.000608
2019,36500,8,0.00977
2019,36540,8,0.004703
2019,36740,8,0.009987
2019,36780,8,0.003668
2019,36980,8,-0.000635
2019,37100,8,-0.005126
2019,37340,8,0.001551
2019,37860,8,0.004207
2019,38060,8,0.005416
2019,38300,8,-0.002009
2019,38340,8,-0.002482
2019,38860,8,0.003657
2019,38900,8,0.001411
2019,38940,8,0.004042
2019,39300,8,0.00036
2019,39340,8,0.011772
2019,39380,8,-0.005458
2019,39460,8,0.00614
2019,39540,8,0.002398
2019,39580,8,0.010181
2019,39740,8,0.003456
2019,39820,8,-0.004014
2019,39900,8,0.005349
2019,40140,8,0.002295
2019,40420,8,-0.000659
2019,40660,8,-0.004063
2019,40900,8,0.00272
2019,40980,8,-0.004012
2019,41060,8,-0.00098
2019,41100,8,0.018555
2019,41140,8,-0.00678
2019,41420,8,0.004951
2019,41500,8,-0.006461
2019,41700,8,0.005807
2019,41740,8,-0.001361
2019,41940,8,-0.003236
2019,42020,8,-0.003278
2019,42100,8,-0.009194
2019,42140,8,-0.007892
2019,42220,8,-0.010827
2019,42340,8,-0.000902
2019,42540,8,-0.00019
2019,42680,8,0.006206
2019,43100,8,0.000327
2019,43620,8,0.013253
2019,43780,8,0.002821
2019,44100,8,-0.005278
2019,44180,8,0.002918
2019,44220,8,7e-05
2019,44300,8,0.001458
2019,44700,8,0.00382
2019,45060,8,0.000266
2019,45220,8,-0.004277
2019,45820,8,-0.005963
2019,45940,8,0.003529
2019,46060,8,-0.001871
2019,46140,8,-0.004092
2019,46340,8,0.001356
2019,46540,8,-0.002185
2019,46660,8,-0.000699
2019,46700,8,-0.002513
2019,47220,8,-0.002781
2019,47300,8,-0.001296
2019,47940,8,-0.004475
2019,48300,8,0.002417
2019,48540,8,-0.013945
2019,48660,8,-0.008312
2019,48700,8,-0.001859
2019,49020,8,0.002244
2019,49420,8,-0.002245
2019,49620,8,0.0032
2019,49660,8,-0.003764
2019,49740,8,-0.000377
2019,10180,9,-0.003468
2019,10420,9,0.000416
2019,10580,9,0.002543
2019,10740,9,-0.007382
2019,10780,9,-0.009198
2019,10900,9,0.003138
2019,11020,9,-0.005505
2019,11260,9,-0.006777
2019,11460,9,0.001866
2019,11500,9,-0.006103
2019,11540,9,0.005156
2019,11700,9,-0.000225
2019,12020,9,-0.000484
2019,12100,9,0.002061
2019,12220,9,0.009916
2019,12420,9,0.01415
2019,12540,9,0.000717
2019,12580,9,-0.006635
2019,12620,9,-0.001431
2019,12700,9,-0.00258
2019,12980,9,-0.000446
2019,13020,9,-0.001634
2019,13380,9,0.008183
2019,13460,9,0.016345
2019,13780,9,-0.00383
2019,14260,9,0.013481
2019,14500,9,-0.005764
2019,14740,9,0.003553
2019,14860,9,-0.000357
2019,15180,9,-0.004993
2019,15260,9,-0.00219
2019,15380,9,0.000539
2019,15500,9,0.00586
2019,15540,9,0.005687
2019,15940,9,-0.001144
2019,15980,9,0.008801
2019,16020,9,-0.006488
2019,16180,9,-0.001562
2019,16220,9,-0.011978
2019,16300,9,0.000651
2019,16700,9,0.006022
2019,16860,9,-0.000861
2019,16940,9,-0.004359
2019,17020,9,0.000903
2019,17420,9,0.005535
2019,17660,9,0.010359
2019,17780,9,0.008373
2019,17820,9,0.004847
2019,17900,9,0.000835
2019,18020,9,0.00316
2019,18700,9,-0.003965
2019,19340,9,-0.001097
2019,19460,9,-0.003113
2019,19500,9,-0.004712
2019,19740,9,0.00075
2019,20020,9,-0.002529
2019,20100,9,0.00477
2019,20220,9,-0.006132
2019,20740,9,0.005908
2019,20940,9,-0.006197
2019,21140,9,0.003734
2019,21300,9,-0.005746
2019,21500,9,-0.00442
2019,21660,9,0.000359
2019,21820,9,-0.011309
2019,22020,9,0.008345
2019,22140,9,-0.019509
2019,22380,9,-0.00128
2019,22420,9,-0.002132
2019,22500,9,-0.009396
2019,22520,9,-0.001328
2019,22540,9,0.00462
2019,22660,9,0.004806
2019,23420,9,0.000166
2019,23460,9,-0.006609
2019,23580,9,0.001937
2019,24020,9,-0.00121
2019,24220,9,-0.004911
2019,24300,9,-8.9e-05
2019,24500,9,-0.009047
2019,24540,9,0.011894
2019,24580,9,0.004992
2019,24660,9,-0.00248
2019,25420,9,0.005539
2019,25500,9,-0.002191
2019,25540,9,-0.001178
2019,25860,9,-0.007028
2019,25980,9,-0.00476
2019,26300,9,-0.002494
2019,26380,9,-0.008587
2019,26620,9,0.009425
2019,26980,9,0.005685
2019,27060,9,-0.000518
2019,27100,9,-0.001461
2019,27260,9,0.008244
2019,27340,9,0.004938
2019,27500,9,0.003095
2019,27740,9,-0.001477
2019,27780,9,-0.006735
2019,27860,9,0.003141
2019,27900,9,-0.001847
2019,28100,9,-0.003039
2019,28420,9,0.009793
2019,28660,9,0.007758
2019,28700,9,-0.009294
2019,28740,9,0.000565
2019,29100,9,0.00101
2019,29340,9,-0.000178
2019,29420,9,-0.000914
2019,29460,9,0.013688
2019,29540,9,0.001976
2019,29700,9,-1.4e-05
2019,29740,9,-0.002698
2019,29820,9,0.006696
2019,29940,9,2.1e-05
2019,30140,9,0.008026
2019,30300,9,-0.01189
2019,30340,9,-0.000544
2019,30460,9,0.003022
2019,30620,9,-0.0034
2019,30700,9,0.005725
2019,30780,9,-0.001754
2019,30860,9,0.003143
2019,31020,9,0.006053
2019,31420,9,-0.005881
2019,31700,9,0.001689
2019,31860,9,0.001086
2019,32580,9,0.001325
2019,32780,9,0.002407
2019,32900,9,0.001271
2019,33140,9,0.001334
2019,33340,9,0.001377
2019,33540,9,-0.000887
2019,33700,9,-0.002681
2019,33780,9,0.00174
2019,33860,9,-0.004593
2019,34060,9,-0.007328
2019,34580,9,0.006325
2019,34620,9,-0.004264
2019,34740,9,-0.002229
2019,34940,9,0.006899
2019,35300,9,-0.001582
2019,35660,9,-0.002526
2019,35840,9,0.009108
2019,35980,9,-0.004023
2019,36100,9,0.005879
2019,36220,9,0.014208
2019,36420,9,0.000447
2019,36500,9,0.009214
2019,36540,9,0.00476
2019,36740,9,0.009502
2019,36780,9,0.00379
2019,36980,9,-0.000822
2019,37100,9,-0.004735
2019,37340,9,0.001163
2019,37860,9,0.003951
2019,38060,9,0.005153
2019,38300,9,-0.002
2019,38340,9,-0.00241
2019,38860,9,0.003875
2019,38900,9,0.002092
2019,38940,9,0.003296
2019,39300,9,0.000281
2019,39340,9,0.011944
2019,39380,9,-0.005514
2019,39460,9,0.005736
2019,39540,9,0.002335
2019,39580,9,0.010521
2019,39740,9,0.002867
2019,39820,9,-0.004157
2019,39900,9,0.00566
2019,40140,9,0.002205
2019,40420,9,-0.000543
2019,40660,9,-0.004329
2019,40900,9,0.002736
2019,40980,9,-0.003859
2019,41060,9,-0.001688
2019,41100,9,0.018181
2019,41140,9,-0.006782
2019,41420,9,0.004507
2019,41500,9,-0.006418
2019,41700,9,0.005484
2019,41740,9,-0.001239
2019,41940,9,-0.002571
2019,42020,9,-0.00331
2019,42100,9,-0.008911
2019,42140,9,-0.007962
2019,42220,9,-0.010087
2019,42340,9,-0.000742
2019,42540,9,-0.000401
2019,42680,9,0.005818
2019,43100,9,0.000194
2019,43620,9,0.01366
2019,43780,9,0.002965
2019,44100,9,-0.004869
2019,44180,9,0.00255
2019,44220,9,9.7e-05
2019,44300,9,0.001261
2019,44700,9,0.003508
2019,45060,9,0.000274
2019,45220,9,-0.004178
2019,45820,9,-0.005808
2019,45940,9,0.003261
2019,46060,9,-0.002336
2019,46140,9,-0.003828
2019,46340,9,0.000708
2019,46540,9,-0.002134
2019,46660,9,-0.000133
2019,46700,9,-0.002533
2019,47220,9,-0.002602
2019,47300,9,-0.001283
2019,47940,9,-0.004628
2019,48300,9,0.00265
2019,48540,9,-0.013654
2019,48660,9,-0.008445
2019,48700,9,-0.00192
2019,49020,9,0.002032
2019,49420,9,-0.002164
2019,49620,9,0.002692
2019,49660,9,-0.003612
2019,49740,9,-0.000544
2019,10180,10,-0.003466
2019,10420,10,-0.000492
2019,10580,10,0.001096
2019,10740,10,-0.007814
2019,10780,10,-0.00901
2019,10900,10,0.002886
2019,11020,10,-0.001804
2019,11260,10,-0.007426
2019,11460,10,0.001848
2019,11500,10,-0.005527
2019,11540,10,0.005073
2019,11700,10,0.000729
2019,12020,10,0.000522
2019,12100,10,0.000585
2019,12220,10,0.009699
2019,12420,10,0.014259
2019,12540,10,0.000224
2019,12580,10,-0.006901
2019,12620,10,-0.001662
2019,12700,10,-0.000627
2019,12980,10,0.000156
2019,13020,10,-0.002303
2019,13380,10,0.008216
2019,13460,10,0.015495
2019,13780,10,-0.003011
2019,14260,10,0.013776
2019,14500,10,-0.004883
2019,14740,10,0.00396
2019,14860,10,-0.001363
2019,15180,10,-0.005598
2019,15260,10,-0.001489
2019,15380,10,0.000431
2019,15500,10,0.004852
2019,15540,10,0.005306
2019,15940,10,-0.001787
2019,15980,10,0.00738
2019,16020,10,-0.000524
2019,16180,10,-0.002582
2019,16220,10,-0.010626
2019,16300,10,-0.000842
2019,16700,10,0.006693
2019,16860,10,-0.0005
2019,16940,10,-0.004143
2019,17020,10,-0.000287
2019,17420,10,0.00507
2019,17660,10,0.010787
2019,17780,10,0.008551
2019,17820,10,0.004811
2019,17900,10,0.000837
2019,18020,10,0.002913
2019,18700,10,-0.001993
2019,19340,10,-0.001704
2019,19460,10,-0.003816
2019,19500,10,-0.006549
2019,19740,10,0.001128
2019,20020,10,-0.002334
2019,20100,10,0.004201
2019,20220,10,-0.006193
2019,20740,10,0.005679
2019,20940,10,-0.005981
2019,21140,10,0.003421
2019,21300,10,-0.002442
2019,21500,10,-0.003737
2019,21660,10,0.001043
2019,21820,10,-0.009581
2019,22020,10,0.007642
2019,22140,10,-0.018926
2019,22380,10,-0.001695
2019,22420,10,-0.002742
2019,22500,10,-0.008931
2019,22520,10,-0.001748
2019,22540,10,0.003811
2019,22660,10,0.004537
2019,23420,10,-0.00079
2019,23460,10,-0.006098
2019,23580,10,0.001542
2019,24020,10,-0.001493
2019,24220,10,-0.00409
2019,24300,10,0.000183
2019,24500,10,-0.009223
2019,24540,10,0.011226
2019,24580,10,0.004615
2019,24660,10,-0.00255
2019,25420,10,0.004063
2019,25500,10,-0.002189
2019,25540,10,-0.002591
2019,25860,10,-0.00445
2019,25980,10,-0.004472
2019,26300,10,-0.003377
2019,26380,10,-0.008528
2019,26620,10,0.009036
2019,26980,10,0.003846
2019,27060,10,-0.000516
2019,27100,10,0.000613
2019,27260,10,0.007871
2019,27340,10,0.005455
2019,27500,10,0.002765
2019,27740,10,-7.5e-05
2019,27780,10,-0.006692
2019,27860,10,0.001673
2019,27900,10,-0.002938
2019,28100,10,-0.002997
2019,28420,10,0.010247
2019,28660,10,0.006749
2019,28700,10,-0.005686
2019,28740,10,0.000369
2019,29100,10,0.001222
2019,29340,10,-5.7e-05
2019,29420,10,-0.00173
2019,29460,10,0.012526
2019,29540,10,0.003179
2019,29700,10,-6e-06
2019,29740,10,-0.003337
2019,29820,10,0.00692
2019,29940,10,-0.0017
2019,30140,10,0.006898
2019,30300,10,-0.006857
2019,30340,10,-0.000161
2019,30460,10,0.002956
2019,30620,10,-0.001764
2019,30700,10,0.004485
2019,30780,10,-0.002986
2019,30860,10,0.003941
2019,31020,10,0.006281
2019,31420,10,-0.005697
2019,31700,10,0.001749
2019,31860,10,-9.8e-05
2019,32580,10,0.000489
2019,32780,10,0.001383
2019,32900,10,0.00062
2019,33140,10,0.000927
2019,33340,10,0.000733
2019,33540,10,-0.001012
2019,33700,10,-0.000261
2019,33780,10,0.002955
2019,33860,10,-0.005088
2019,34060,10,-0.006914
2019,34580,10,0.006465
2019,34620,10,-0.002165
2019,34740,10,0.000379
2019,34940,10,0.007215
2019,35300,10,-0.002389
2019,35660,10,-0.001293
2019,35840,10,0.008391
2019,35980,10,-0.003362
2019,36100,10,0.004653
2019,36220,10,0.014544
2019,36420,10,-0.000297
2019,36500,10,0.008885
2019,36540,10,0.00367
2019,36740,10,0.008767
2019,36780,10,0.003505
2019,36980,10,-0.000632
2019,37100,10,-0.005236
2019,37340,10,0.00108
2019,37860,10,0.003909
2019,38060,10,0.004465
2019,38300,10,-0.001436
2019,38340,10,-0.00088
2019,38860,10,0.004128
2019,38900,10,0.002467
2019,38940,10,0.002699
2019,39300,10,2e-05
2019,39340,10,0.010964
2019,39380,10,-0.004727
2019,39460,10,0.004425
2019,39540,10,0.00274
2019,39580,10,0.010613
2019,39740,10,0.003521
2019,39820,10,-0.004733
2019,39900,10,0.005207
2019,40140,10,0.001922
2019,40420,10,-0.001047
2019,40660,10,-0.00484
2019,40900,10,0.001563
2019,40980,10,-0.004225
2019,41060,10,0.000969
2019,41100,10,0.016698
2019,41140,10,-0.002057
2019,41420,10,0.005037
2019,41500,10,-0.007035
2019,41700,10,0.005191
2019,41740,10,-0.00199
2019,41940,10,-0.000679
2019,42020,10,-0.003606
2019,42100,10,-0.008563
2019,42140,10,-0.007671
2019,42220,10,-0.008703
2019,42340,10,-0.000766
2019,42540,10,-0.000917
2019,42680,10,0.005663
2019,43100,10,0.002358
2019,43620,10,0.01196
2019,43780,10,0.003412
2019,44100,10,-0.005101
2019,44180,10,0.001425
2019,44220,10,-0.000118
2019,44300,10,0.002332
2019,44700,10,0.002828
2019,45060,10,-0.000466
2019,45220,10,-0.003776
2019,45820,10,-0.006528
2019,45940,10,0.001298
2019,46060,10,-0.003282
2019,46140,10,-0.004128
2019,46340,10,-0.000168
2019,46540,10,-0.001977
2019,46660,10,-0.000452
2019,46700,10,-0.002278
2019,47220,10,-0.003407
2019,47300,10,-0.002267
2019,47940,10,-0.004854
2019,48300,10,0.003543
2019,48540,10,-0.0151
2019,48660,10,-0.003462
2019,48700,10,-0.002676
2019,49020,10,0.0004
2019,49420,10,-0.001914
2019,49620,10,0.002952
2019,49660,10,-0.004098
2019,49740,10,-0.002646
2019,10180,11,-0.003666
2019,10420,11,-0.000374
2019,10580,11,0.001518
2019,10740,11,-0.00807
2019,10780,11,-0.009374
2019,10900,11,0.002924
2019,11020,11,-0.002359
2019,11260,11,-0.007049
2019,11460,11,0.002002
2019,11500,11,-0.006173
2019,11540,11,0.00536
2019,11700,11,0.000833
2019,12020,11,0.000134
2019,12100,11,0.000558
2019,12220,11,0.010251
2019,12420,11,0.015616
2019,12540,11,-4.6e-05
2019,12580,11,-0.006991
2019,12620,11,-0.001777
2019,12700,11,-0.001141
2019,12980,11,-8.2e-05
2019,13020,11,-0.002578
2019,13380,11,0.008708
2019,13460,11,0.017019
2019,13780,11,-0.003417
2019,14260,11,0.014158
2019,14500,11,-0.00497
2019,14740,11,0.003969
2019,14860,11,-0.001147
2019,15180,11,-0.005903
2019,15260,11,-0.001747
2019,15380,11,0.00041
2019,15500,11,0.004975
2019,15540,11,0.005889
2019,15940,11,-0.001678
2019,15980,11,0.008164
2019,16020,11,-0.001915
2019,16180,11,-0.00288
2019,16220,11,-0.011234
2019,16300,11,-0.000634
2019,16700,11,0.007365
2019,16860,11,-0.00072
2019,16940,11,-0.004078
2019,17020,11,-0.00015
2019,17420,11,0.005133
2019,17660,11,0.011219
2019,17780,11,0.009355
2019,17820,11,0.004795
2019,17900,11,0.000839
2019,18020,11,0.003383
2019,18700,11,-0.002031
2019,19340,11,-0.001278
2019,19460,11,-0.004009
2019,19500,11,-0.006267
2019,19740,11,0.001522
2019,20020,11,-0.002499
2019,20100,11,0.004638
2019,20220,11,-0.006403
2019,20740,11,0.006078
2019,20940,11,-0.006321
2019,21140,11,0.003633
2019,21300,11,-0.003175
2019,21500,11,-0.004102
2019,21660,11,0.001173
2019,21820,11,-0.010096
2019,22020,11,0.008707
2019,22140,11,-0.019664
2019,22380,11,-0.001542
2019,22420,11,-0.002902
2019,22500,11,-0.009422
2019,22520,11,-0.001373
2019,22540,11,0.003957
2019,22660,11,0.005159
2019,23420,11,-0.000835
2019,23460,11,-0.006643
2019,23580,11,0.001722
2019,24020,11,-0.001454
2019,24220,11,-0.003932
2019,24300,11,-0.000164
2019,24500,11,-0.009533
2019,24540,11,0.012215
2019,24580,11,0.004925
2019,24660,11,-0.002826
2019,25420,11,0.004539
2019,25500,11,-0.002074
2019,25540,11,-0.002271
2019,25860,11,-0.005508
2019,25980,11,-0.004955
2019,26300,11,-0.003811
2019,26380,11,-0.008795
2019,26620,11,0.009514
2019,26980,11,0.004566
2019,27060,11,-0.000169
2019,27100,11,0.000126
2019,27260,11,0.008436
2019,27340,11,0.00506
2019,27500,11,0.002825
2019,27740,11,-0.000426
2019,27780,11,-0.006876
2019,27860,11,0.0019
2019,27900,11,-0.003098
2019,28100,11,-0.003145
2019,28420,11,0.010609
2019,28660,11,0.006898
2019,28700,11,-0.006671
2019,28740,11,-0.000181
2019,29100,11,0.001527
2019,29340,11,0.000363
2019,29420,11,-0.002085
2019,29460,11,0.013155
2019,29540,11,0.003023
2019,29700,11,-0.000113
2019,29740,11,-0.003591
2019,29820,11,0.006226
2019,29940,11,-0.001675
2019,30140,11,0.007329
2019,30300,11,-0.00796
2019,30340,11,-0.000415
2019,30460,11,0.003088
2019,30620,11,-0.002195
2019,30700,11,0.004963
2019,30780,11,-0.002907
2019,30860,11,0.003757
2019,31020,11,0.006384
2019,31420,11,-0.006506
2019,31700,11,0.001686
2019,31860,11,6.2e-05
2019,32580,11,0.000589
2019,32780,11,0.001815
2019,32900,11,-3e-06
2019,33140,11,0.00088
2019,33340,11,0.000963
2019,33540,11,-0.000673
2019,33700,11,-0.001375
2019,33780,11,0.002732
2019,33860,11,-0.005144
2019,34060,11,-0.006988
2019,34580,11,0.006705
2019,34620,11,-0.002725
2019,34740,11,-0.000205
2019,34940,11,0.007705
2019,35300,11,-0.002336
2019,35660,11,-0.001396
2019,35840,11,0.009146
2019,35980,11,-0.003755
2019,36100,11,0.004939
2019,36220,11,0.014517
2019,36420,11,-5.4e-05
2019,36500,11,0.009259
2019,36540,11,0.003936
2019,36740,11,0.009483
2019,36780,11,0.003622
2019,36980,11,-0.000641
2019,37100,11,-0.005374
2019,37340,11,0.001085
2019,37860,11,0.003871
2019,38060,11,0.004468
2019,38300,11,-0.001555
2019,38340,11,-0.001489
2019,38860,11,0.004337
2019,38900,11,0.003304
2019,38940,11,0.00287
2019,39300,11,-0.000125
2019,39340,11,0.012087
2019,39380,11,-0.005675
2019,39460,11,0.004869
2019,39540,11,0.002456
2019,39580,11,0.011473
2019,39740,11,0.003421
2019,39820,11,-0.005042
2019,39900,11,0.00544
2019,40140,11,0.001787
2019,40420,11,-0.001314
2019,40660,11,-0.005376
2019,40900,11,0.001619
2019,40980,11,-0.004559
2019,41060,11,0.000235
2019,41100,11,0.017936
2019,41140,11,-0.003551
2019,41420,11,0.005239
2019,41500,11,-0.007469
2019,41700,11,0.005687
2019,41740,11,-0.001962
2019,41940,11,-0.000994
2019,42020,11,-0.003666
2019,42100,11,-0.008813
2019,42140,11,-0.00847
2019,42220,11,-0.009429
2019,42340,11,-0.000566
2019,42540,11,-0.000941
2019,42680,11,0.005875
2019,43100,11,0.001828
2019,43620,11,0.01322
2019,43780,11,0.003372
2019,44100,11,-0.004869
2019,44180,11,0.001443
2019,44220,11,-0.000295
2019,44300,11,0.002401
2019,44700,11,0.002417
2019,45060,11,-0.000501
2019,45220,11,-0.004082
2019,45820,11,-0.006919
2019,45940,11,0.001568
2019,46060,11,-0.003485
2019,46140,11,-0.004298
2019,46340,11,-0.000237
2019,46540,11,-0.002281
2019,46660,11,-0.000591
2019,46700,11,-0.002891
2019,47220,11,-0.003583
2019,47300,11,-0.002206
2019,47940,11,-0.005143
2019,48300,11,0.003776
2019,48540,11,-0.015554
2019,48660,11,-0.004873
2019,48700,11,-0.002533
2019,49020,11,0.000809
2019,49420,11,-0.002425
2019,49620,11,0.003001
2019,49660,11,-0.004164
2019,49740,11,-0.002309
2019,10180,12,-0.003926
2019,10420,12,0.000447
2019,10580,12,0.002503
2019,10740,12,-0.007496
2019,10780,12,-0.009264
2019,10900,12,0.003382
2019,11020,12,-0.005331
2019,11260,12,-0.006797
2019,11460,12,0.001961
2019,11500,12,-0.00628
2019,11540,12,0.005249
2019,11700,12,-0.000765
2019,12020,12,-0.000498
2019,12100,12,0.002439
2019,12220,12,0.010293
2019,12420,12,0.014162
2019,12540,12,0.000676
2019,12580,12,-0.006845
2019,12620,12,-0.001709
2019,12700,12,-0.002519
2019,12980,12,-0.000332
2019,13020,12,-0.001604
2019,13380,12,0.008399
2019,13460,12,0.016799
2019,13780,12,-0.003929
2019,14260,12,0.013925
2019,14500,12,-0.006725
2019,14740,12,0.003313
2019,14860,12,-0.000266
2019,15180,12,-0.00493
2019,15260,12,-0.002515
2019,15380,12,0.000182
2019,15500,12,0.006358
2019,15540,12,0.005484
2019,15940,12,-0.001163
2019,15980,12,0.009159
2019,16020,12,-0.00599
2019,16180,12,-0.002458
2019,16220,12,-0.012987
2019,16300,12,0.000725
2019,16700,12,0.005846
2019,16860,12,-0.001004
2019,16940,12,-0.00441
2019,17020,12,0.001387
2019,17420,12,0.005451
2019,17660,12,0.010663
2019,17780,12,0.008493
2019,17820,12,0.005111
2019,17900,12,0.000927
2019,18020,12,0.003175
2019,18700,12,-0.003734
2019,19340,12,-0.001334
2019,19460,12,-0.00366
2019,19500,12,-0.005167
2019,19740,12,0.000274
2019,20020,12,-0.002664
2019,20100,12,0.005057
2019,20220,12,-0.00645
2019,20740,12,0.005819
2019,20940,12,-0.006362
2019,21140,12,0.003556
2019,21300,12,-0.005599
2019,21500,12,-0.004476
2019,21660,12,0.000588
2019,21820,12,-0.010987
2019,22020,12,0.008012
2019,22140,12,-0.019754
2019,22380,12,-0.001612
2019,22420,12,-0.002186
2019,22500,12,-0.009573
2019,22520,12,-0.001528
2019,22540,12,0.004508
2019,22660,12,0.004413
2019,23420,12,0.0004
2019,23460,12,-0.006625
2019,23580,12,0.001723
2019,24020,12,-0.001448
2019,24220,12,-0.006124
2019,24300,12,-7.3e-05
2019,24500,12,-0.009499
2019,24540,12,0.012195
2019,24580,12,0.005135
2019,24660,12,-0.002294
2019,25420,12,0.005639
2019,25500,12,-0.002276
2019,25540,12,-0.001221
2019,25860,12,-0.007024
2019,25980,12,-0.004676
2019,26300,12,-0.002697
2019,26380,12,-0.008988
2019,26620,12,0.00974
2019,26980,12,0.005895
2019,27060,12,-0.001369
2019,27100,12,-0.001305
2019,27260,12,0.008512
2019,27340,12,0.005112
2019,27500,12,0.002859
2019,27740,12,-0.00156
2019,27780,12,-0.007124
2019,27860,12,0.003687
2019,27900,12,-0.001958
2019,28100,12,-0.003119
2019,28420,12,0.010234
2019,28660,12,0.008067
2019,28700,12,-0.009316
2019,28740,12,0.000511
2019,29100,12,0.000809
2019,29340,12,-0.000124
2019,29420,12,-0.000938
2019,29460,12,0.013776
2019,29540,12,0.002107
2019,29700,12,-2.6e-05
2019,29740,12,-0.002409
2019,29820,12,0.006848
2019,29940,12,-0.000117
2019,30140,12,0.008103
2019,30300,12,-0.012028
2019,30340,12,-0.000639
2019,30460,12,0.003109
2019,30620,12,-0.003491
2019,30700,12,0.005795
2019,30780,12,-0.001447
2019,30860,12,0.003188
2019,31020,12,0.005777
2019,31420,12,-0.005968
2019,31700,12,0.001666
2019,31860,12,0.001065
2019,32580,12,0.001532
2019,32780,12,0.002569
2019,32900,12,0.000998
2019,33140,12,0.001077
2019,33340,12,0.001211
2019,33540,12,-0.000589
2019,33700,12,-0.002779
2019,33780,12,0.002026
2019,33860,12,-0.004548
2019,34060,12,-0.007961
2019,34580,12,0.006267
2019,34620,12,-0.003799
2019,34740,12,-0.002139
2019,34940,12,0.006785
2019,35300,12,-0.0015
2019,35660,12,-0.002783
2019,35840,12,0.00927
2019,35980,12,-0.004015
2019,36100,12,0.005935
2019,36220,12,0.012749
2019,36420,12,0.000536
2019,36500,12,0.009362
2019,36540,12,0.004782
2019,36740,12,0.009764
2019,36780,12,0.003811
2019,36980,12,-0.001011
2019,37100,12,-0.004919
2019,37340,12,0.000744
2019,37860,12,0.003899
2019,38060,12,0.005078
2019,38300,12,-0.002174
2019,38340,12,-0.002614
2019,38860,12,0.003864
2019,38900,12,0.001801
2019,38940,12,0.002953
2019,39300,12,7.4e-05
2019,39340,12,0.012581
2019,39380,12,-0.005819
2019,39460,12,0.005899
2019,39540,12,0.002289
2019,39580,12,0.010969
2019,39740,12,0.00301
2019,39820,12,-0.004015
2019,39900,12,0.005481
2019,40140,12,0.00202
2019,40420,12,-0.000693
2019,40660,12,-0.004486
2019,40900,12,0.002809
2019,40980,12,-0.003534
2019,41060,12,-0.001358
2019,41100,12,0.019329
2019,41140,12,-0.006396
2019,41420,12,0.004366
2019,41500,12,-0.006701
2019,41700,12,0.00533
2019,41740,12,-0.001206
2019,41940,12,-0.002849
2019,42020,12,-0.003398
2019,42100,12,-0.009323
2019,42140,12,-0.008014
2019,42220,12,-0.010434
2019,42340,12,-0.00069
2019,42540,12,-0.000372
2019,42680,12,0.005511
2019,43100,12,0.000261
2019,43620,12,0.014082
2019,43780,12,0.002994
2019,44100,12,-0.005103
2019,44180,12,0.002378
2019,44220,12,1.1e-05
2019,44300,12,0.001227
2019,44700,12,0.003415
2019,45060,12,0.000101
2019,45220,12,-0.004213
2019,45820,12,-0.006132
2019,45940,12,0.003495
2019,46060,12,-0.002283
2019,46140,12,-0.003717
2019,46340,12,0.000626
2019,46540,12,-0.002398
2019,46660,12,0.000281
2019,46700,12,-0.002933
2019,47220,12,-0.002862
2019,47300,12,-0.001392
2019,47940,12,-0.00495
2019,48300,12,0.002422
2019,48540,12,-0.015004
2019,48660,12,-0.007859
2019,48700,12,-0.002489
2019,49020,12,0.002265
2019,49420,12,-0.002288
2019,49620,12,0.002847
2019,49660,12,-0.003723
2019,49740,12,-0.000263
2019,10180,13,-0.004222
2019,10420,13,-0.000208
2019,10580,13,0.001102
2019,10740,13,-0.007648
2019,10780,13,-0.009218
2019,10900,13,0.003682
2019,11020,13,-0.001734
2019,11260,13,-0.007558
2019,11460,13,0.002382
2019,11500,13,-0.006233
2019,11540,13,0.00521
2019,11700,13,-0.00047
2019,12020,13,-0.000109
2019,12100,13,0.000301
2019,12220,13,0.010105
2019,12420,13,0.014656
2019,12540,13,0.001089
2019,12580,13,-0.007047
2019,12620,13,-0.002375
2019,12700,13,-0.001043
2019,12980,13,0.000708
2019,13020,13,-0.001927
2019,13380,13,0.00777
2019,13460,13,0.016754
2019,13780,13,-0.0036
2019,14260,13,0.013267
2019,14500,13,-0.005966
2019,14740,13,0.002675
2019,14860,13,-0.000547
2019,15180,13,-0.005037
2019,15260,13,-0.002182
2019,15380,13,-0.000573
2019,15500,13,0.005683
2019,15540,13,0.00544
2019,15940,13,-0.001605
2019,15980,13,0.009214
2019,16020,13,-0.000843
2019,16180,13,-0.002847
2019,16220,13,-0.012046
2019,16300,13,-0.00039
2019,16700,13,0.006484
2019,16860,13,-0.001199
2019,16940,13,-0.004628
2019,17020,13,0.000252
2019,17420,13,0.00515
2019,17660,13,0.01044
2019,17780,13,0.008163
2019,17820,13,0.004777
2019,17900,13,0.00073
2019,18020,13,0.002928
2019,18700,13,-0.002387
2019,19340,13,-0.001346
2019,19460,13,-0.003934
2019,19500,13,-0.00639
2019,19740,13,0.000648
2019,20020,13,-0.002151
2019,20100,13,0.004444
2019,20220,13,-0.006662
2019,20740,13,0.005476
2019,20940,13,-0.005542
2019,21140,13,0.003466
2019,21300,13,-0.002981
2019,21500,13,-0.003943
2019,21660,13,0.000705
2019,21820,13,-0.010032
2019,22020,13,0.00823
2019,22140,13,-0.019343
2019,22380,13,-0.001551
2019,22420,13,-0.002417
2019,22500,13,-0.009435
2019,22520,13,-0.00185
2019,22540,13,0.004308
2019,22660,13,0.0049
2019,23420,13,-0.000194
2019,23460,13,-0.006711
2019,23580,13,0.001511
2019,24020,13,-0.001799
2019,24220,13,-0.004626
2019,24300,13,-0.000603
2019,24500,13,-0.010033
2019,24540,13,0.012494
2019,24580,13,0.004957
2019,24660,13,-0.002742
2019,25420,13,0.00452
2019,25500,13,-0.002052
2019,25540,13,-0.001855
2019,25860,13,-0.005046
2019,25980,13,-0.005231
2019,26300,13,-0.00302
2019,26380,13,-0.00913
2019,26620,13,0.009464
2019,26980,13,0.004419
2019,27060,13,-5.1e-05
2019,27100,13,0.001225
2019,27260,13,0.008184
2019,27340,13,0.005432
2019,27500,13,0.002586
2019,27740,13,-0.000458
2019,27780,13,-0.006579
2019,27860,13,0.002638
2019,27900,13,-0.003226
2019,28100,13,-0.003232
2019,28420,13,0.010049
2019,28660,13,0.007346
2019,28700,13,-0.006232
2019,28740,13,-0.000439
2019,29100,13,0.000591
2019,29340,13,-0.000554
2019,29420,13,-0.001853
2019,29460,13,0.013625
2019,29540,13,0.003194
2019,29700,13,-0.000281
2019,29740,13,-0.003122
2019,29820,13,0.00685
2019,29940,13,-0.001524
2019,30140,13,0.008042
2019,30300,13,-0.007748
2019,30340,13,-0.000677
2019,30460,13,0.002908
2019,30620,13,-0.002096
2019,30700,13,0.004348
2019,30780,13,-0.002322
2019,30860,13,0.004227
2019,31020,13,0.005747
2019,31420,13,-0.006092
2019,31700,13,0.001729
2019,31860,13,0.000123
2019,32580,13,0.00086
2019,32780,13,0.002334
2019,32900,13,0.0018
2019,33140,13,4.8e-05
2019,33340,13,0.000479
2019,33540,13,-0.001265
2019,33700,13,0.00026
2019,33780,13,0.004005
2019,33860,13,-0.004747
2019,34060,13,-0.007197
2019,34580,13,0.005917
2019,34620,13,-0.002213
2019,34740,13,-5.6e-05
2019,34940,13,0.007791
2019,35300,13,-0.001719
2019,35660,13,-0.001252
2019,35840,13,0.009565
2019,35980,13,-0.003292
2019,36100,13,0.005142
2019,36220,13,0.013615
2019,36420,13,0.00034
2019,36500,13,0.008944
2019,36540,13,0.003688
2019,36740,13,0.009668
2019,36780,13,0.003279
2019,36980,13,-0.000543
2019,37100,13,-0.00528
2019,37340,13,0.001448
2019,37860,13,0.003735
2019,38060,13,0.00537
2019,38300,13,-0.002067
2019,38340,13,-0.002016
2019,38860,13,0.003787
2019,38900,13,0.002101
2019,38940,13,0.003666
2019,39300,13,-0.000147
2019,39340,13,0.011759
2019,39380,13,-0.005906
2019,39460,13,0.006015
2019,39540,13,0.002094
2019,39580,13,0.011025
2019,39740,13,0.004161
2019,39820,13,-0.004415
2019,39900,13,0.005235
2019,40140,13,0.002366
2019,40420,13,-0.001112
2019,40660,13,-0.005209
2019,40900,13,0.002428
2019,40980,13,-0.004115
2019,41060,13,0.001696
2019,41100,13,0.018804
2019,41140,13,-0.003028
2019,41420,13,0.004462
2019,41500,13,-0.006721
2019,41700,13,0.005508
2019,41740,13,-0.001748
2019,41940,13,-0.002661
2019,42020,13,-0.003342
2019,42100,13,-0.00908
2019,42140,13,-0.008189
2019,42220,13,-0.010213
2019,42340,13,-0.001027
2019,42540,13,-0.000604
2019,42680,13,0.006423
2019,43100,13,0.002022
2019,43620,13,0.012679
2019,43780,13,0.002739
2019,44100,13,-0.005188
2019,44180,13,0.001573
2019,44220,13,-0.000328
2019,44300,13,0.00224
2019,44700,13,0.003876
2019,45060,13,-0.000885
2019,45220,13,-0.004096
2019,45820,13,-0.007191
2019,45940,13,0.002256
2019,46060,13,-0.00243
2019,46140,13,-0.004134
2019,46340,13,0.000138
2019,46540,13,-0.003172
2019,46660,13,-0.000861
2019,46700,13,-0.002083
2019,47220,13,-0.003185
2019,47300,13,-0.001808
2019,47940,13,-0.005237
2019,48300,13,0.001905
2019,48540,13,-0.01703
2019,48660,13,-0.003734
2019,48700,13,-0.002945
2019,49020,13,0.001562
2019,49420,13,-0.00367
2019,49620,13,0.003812
2019,49660,13,-0.004102
2019,49740,13,-0.001177
2019,10180,14,-0.004511
2019,10420,14,-0.000766
2019,10580,14,0.000466
2019,10740,14,-0.008461
2019,10780,14,-0.009372
2019,10900,14,0.003065
2019,11020,14,0.000192
2019,11260,14,-0.007685
2019,11460,14,0.001896
2019,11500,14,-0.006055
2019,11540,14,0.005301
2019,11700,14,0.000212
2019,12020,14,0.000117
2019,12100,14,0.001013
2019,12220,14,0.010896
2019,12420,14,0.015444
2019,12540,14,0.000263
2019,12580,14,-0.007329
2019,12620,14,-0.00242
2019,12700,14,0.000147
2019,12980,14,0.000648
2019,13020,14,-0.002456
2019,13380,14,0.008274
2019,13460,14,0.016935
2019,13780,14,-0.003124
2019,14260,14,0.014995
2019,14500,14,-0.006007
2019,14740,14,0.003375
2019,14860,14,-0.001201
2019,15180,14,-0.006058
2019,15260,14,-0.001778
2019,15380,14,-0.000366
2019,15500,14,0.004845
2019,15540,14,0.005385
2019,15940,14,-0.001757
2019,15980,14,0.008168
2019,16020,14,0.002644
2019,16180,14,-0.004027
2019,16220,14,-0.011096
2019,16300,14,-0.001401
2019,16700,14,0.007405
2019,16860,14,-0.000788
2019,16940,14,-0.004129
2019,17020,14,0.000158
2019,17420,14,0.004946
2019,17660,14,0.011475
2019,17780,14,0.009805
2019,17820,14,0.004942
2019,17900,14,0.001091
2019,18020,14,0.002827
2019,18700,14,-0.001913
2019,19340,14,-0.001992
2019,19460,14,-0.00503
2019,19500,14,-0.007858
2019,19740,14,0.001149
2019,20020,14,-0.002375
2019,20100,14,0.005331
2019,20220,14,-0.007044
2019,20740,14,0.005615
2019,20940,14,-0.006205
2019,21140,14,0.003154
2019,21300,14,-0.00073
2019,21500,14,-0.003575
2019,21660,14,0.000916
2019,21820,14,-0.009009
2019,22020,14,0.007664
2019,22140,14,-0.019983
2019,22380,14,-0.00189
2019,22420,14,-0.002707
2019,22500,14,-0.009291
2019,22520,14,-0.001651
2019,22540,14,0.00337
2019,22660,14,0.004828
2019,23420,14,-0.000512
2019,23460,14,-0.006693
2019,23580,14,0.000913
2019,24020,14,-0.002058
2019,24220,14,-0.005356
2019,24300,14,-0.000173
2019,24500,14,-0.01029
2019,24540,14,0.011889
2019,24580,14,0.004839
2019,24660,14,-0.002586
2019,25420,14,0.00367
2019,25500,14,-0.002598
2019,25540,14,-0.00288
2019,25860,14,-0.004283
2019,25980,14,-0.005055
2019,26300,14,-0.004568
2019,26380,14,-0.009222
2019,26620,14,0.009857
2019,26980,14,0.003854
2019,27060,14,-0.001375
2019,27100,14,0.002152
2019,27260,14,0.008781
2019,27340,14,0.006202
2019,27500,14,0.00208
2019,27740,14,5.2e-05
2019,27780,14,-0.007034
2019,27860,14,0.002148
2019,27900,14,-0.004075
2019,28100,14,-0.003231
2019,28420,14,0.011181
2019,28660,14,0.007037
2019,28700,14,-0.004687
2019,28740,14,-0.000384
2019,29100,14,0.001058
2019,29340,14,0.000377
2019,29420,14,-0.001931
2019,29460,14,0.012526
2019,29540,14,0.003509
2019,29700,14,-9.1e-05
2019,29740,14,-0.003199
2019,29820,14,0.006975
2019,29940,14,-0.003224
2019,30140,14,0.006726
2019,30300,14,-0.006048
2019,30340,14,-0.000549
2019,30460,14,0.002963
2019,30620,14,-0.001322
2019,30700,14,0.004469
2019,30780,14,-0.002879
2019,30860,14,0.003754
2019,31020,14,0.005453
2019,31420,14,-0.006113
2019,31700,14,0.001589
2019,31860,14,-0.000604
2019,32580,14,0.000433
2019,32780,14,0.001771
2019,32900,14,0.000242
2019,33140,14,0.000323
2019,33340,14,0.000383
2019,33540,14,-0.000745
2019,33700,14,0.000299
2019,33780,14,0.004462
2019,33860,14,-0.005293
2019,34060,14,-0.008132
2019,34580,14,0.006213
2019,34620,14,-0.00092
2019,34740,14,0.001176
2019,34940,14,0.008078
2019,35300,14,-0.002474
2019,35660,14,-0.001033
2019,35840,14,0.009465
2019,35980,14,-0.003157
2019,36100,14,0.004647
2019,36220,14,0.014122
2019,36420,14,-0.000311
2019,36500,14,0.008629
2019,36540,14,0.003515
2019,36740,14,0.009462
2019,36780,14,0.003351
2019,36980,14,-0.000755
2019,37100,14,-0.005504
2019,37340,14,0.000381
2019,37860,14,0.004006
2019,38060,14,0.004196
2019,38300,14,-0.001517
2019,38340,14,-0.000976
2019,38860,14,0.004385
2019,38900,14,0.002863
2019,38940,14,0.002123
2019,39300,14,-0.000446
2019,39340,14,0.012254
2019,39380,14,-0.006192
2019,39460,14,0.0044
2019,39540,14,0.002276
2019,39580,14,0.012073
2019,39740,14,0.004008
2019,39820,14,-0.00478
2019,39900,14,0.005745
2019,40140,14,0.001716
2019,40420,14,-0.001639
2019,40660,14,-0.006003
2019,40900,14,0.001613
2019,40980,14,-0.004103
2019,41060,14,0.002478
2019,41100,14,0.018861
2019,41140,14,-0.000223
2019,41420,14,0.004538
2019,41500,14,-0.007777
2019,41700,14,0.004748
2019,41740,14,-0.001906
2019,41940,14,-0.000412
2019,42020,14,-0.003604
2019,42100,14,-0.009215
2019,42140,14,-0.008624
2019,42220,14,-0.009204
2019,42340,14,-0.000598
2019,42540,14,-0.001226
2019,42680,14,0.005449
2019,43100,14,0.003074
2019,43620,14,0.013077
2019,43780,14,0.003427
2019,44100,14,-0.005502
2019,44180,14,0.000669
2019,44220,14,-0.000297
2019,44300,14,0.002391
2019,44700,14,0.002549
2019,45060,14,-0.000995
2019,45220,14,-0.003944
2019,45820,14,-0.007793
2019,45940,14,0.001134
2019,46060,14,-0.00358
2019,46140,14,-0.004295
2019,46340,14,-0.00122
2019,46540,14,-0.003088
2019,46660,14,-9.9e-05
2019,46700,14,-0.003127
2019,47220,14,-0.003773
2019,47300,14,-0.002401
2019,47940,14,-0.005443
2019,48300,14,0.003235
2019,48540,14,-0.018392
2019,48660,14,-0.001341
2019,48700,14,-0.003738
2019,49020,14,0.000447
2019,49420,14,-0.002976
2019,49620,14,0.003302
2019,49660,14,-0.004321
2019,49740,14,-0.002607
2019,10180,15,-0.00324
2019,10420,15,-0.000242
2019,10580,15,0.001894
2019,10740,15,-0.007964
2019,10780,15,-0.009348
2019,10900,15,0.00274
2019,11020,15,-0.003582
2019,11260,15,-0.00699
2019,11460,15,0.001868
2019,11500,15,-0.005993
2019,11540,15,0.005277
2019,11700,15,0.001062
2019,12020,15,0.000252
2019,12100,15,0.000756
2019,12220,15,0.009891
2019,12420,15,0.015187
2019,12540,15,-0.000235
2019,12580,15,-0.006888
2019,12620,15,-0.001396
2019,12700,15,-0.001575
2019,12980,15,-0.000467
2019,13020,15,-0.002553
2019,13380,15,0.008834
2019,13460,15,0.016494
2019,13780,15,-0.003421
2019,14260,15,0.01403
2019,14500,15,-0.004655
2019,14740,15,0.004391
2019,14860,15,-0.001287
2019,15180,15,-0.005886
2019,15260,15,-0.001665
2019,15380,15,0.000888
2019,15500,15,0.004976
2019,15540,15,0.005878
2019,15940,15,-0.001667
2019,15980,15,0.007736
2019,16020,15,-0.00367
2019,16180,15,-0.002266
2019,16220,15,-0.011183
2019,16300,15,-0.000378
2019,16700,15,0.00708
2019,16860,15,-0.00055
2019,16940,15,-0.004081
2019,17020,15,-0.000196
2019,17420,15,0.005253
2019,17660,15,0.011122
2019,17780,15,0.009064
2019,17820,15,0.004811
2019,17900,15,0.000764
2019,18020,15,0.003416
2019,18700,15,-0.002315
2019,19340,15,-0.001277
2019,19460,15,-0.003609
2019,19500,15,-0.005786
2019,19740,15,0.001518
2019,20020,15,-0.002615
2019,20100,15,0.004335
2019,20220,15,-0.006125
2019,20740,15,0.006185
2019,20940,15,-0.006481
2019,21140,15,0.003743
2019,21300,15,-0.004091
2019,21500,15,-0.004265
2019,21660,15,0.001184
2019,21820,15,-0.010533
2019,22020,15,0.008613
2019,22140,15,-0.019591
2019,22380,15,-0.001512
2019,22420,15,-0.002905
2019,22500,15,-0.009378
2019,22520,15,-0.001393
2019,22540,15,0.004073
2019,22660,15,0.004985
2019,23420,15,-0.000909
2019,23460,15,-0.006461
2019,23580,15,0.001956
2019,24020,15,-0.001246
2019,24220,15,-0.003768
2019,24300,15,8.4e-05
2019,24500,15,-0.009133
2019,24540,15,0.011877
2019,24580,15,0.004837
2019,24660,15,-0.002784
2019,25420,15,0.004777
2019,25500,15,-0.002066
2019,25540,15,-0.002219
2019,25860,15,-0.005851
2019,25980,15,-0.004731
2019,26300,15,-0.003463
2019,26380,15,-0.008587
2019,26620,15,0.009283
2019,26980,15,0.004712
2019,27060,15,-0.000173
2019,27100,15,-0.000788
2019,27260,15,0.008214
2019,27340,15,0.004786
2019,27500,15,0.003106
2019,27740,15,-0.00061
2019,27780,15,-0.006944
2019,27860,15,0.001776
2019,27900,15,-0.002568
2019,28100,15,-0.003092
2019,28420,15,0.010385
2019,28660,15,0.006887
2019,28700,15,-0.007462
2019,28740,15,0.000281
2019,29100,15,0.001647
2019,29340,15,0.000277
2019,29420,15,-0.001853
2019,29460,15,0.013182
2019,29540,15,0.002755
2019,29700,15,-4.9e-05
2019,29740,15,-0.003636
2019,29820,15,0.006303
2019,29940,15,-0.001042
2019,30140,15,0.007303
2019,30300,15,-0.00887
2019,30340,15,-0.000259
2019,30460,15,0.003111
2019,30620,15,-0.002551
2019,30700,15,0.005207
2019,30780,15,-0.002946
2019,30860,15,0.00362
2019,31020,15,0.006747
2019,31420,15,-0.006358
2019,31700,15,0.001733
2019,31860,15,0.000321
2019,32580,15,0.000633
2019,32780,15,0.001633
2019,32900,15,-8.1e-05
2019,33140,15,0.001318
2019,33340,15,0.00119
2019,33540,15,-0.000723
2019,33700,15,-0.002054
2019,33780,15,0.001887
2019,33860,15,-0.005164
2019,34060,15,-0.006774
2019,34580,15,0.00692
2019,34620,15,-0.003414
2019,34740,15,-0.000729
2019,34940,15,0.007244
2019,35300,15,-0.002399
2019,35660,15,-0.001743
2019,35840,15,0.008688
2019,35980,15,-0.003995
2019,36100,15,0.00505
2019,36220,15,0.014845
2019,36420,15,-0.000118
2019,36500,15,0.009424
2019,36540,15,0.004161
2019,36740,15,0.009251
2019,36780,15,0.003764
2019,36980,15,-0.000695
2019,37100,15,-0.005299
2019,37340,15,0.001188
2019,37860,15,0.003919
2019,38060,15,0.00443
2019,38300,15,-0.001491
2019,38340,15,-0.001452
2019,38860,15,0.004311
2019,38900,15,0.003141
2019,38940,15,0.002898
2019,39300,15,7.4e-05
2019,39340,15,0.011742
2019,39380,15,-0.005129
2019,39460,15,0.00471
2019,39540,15,0.002696
2019,39580,15,0.010982
2019,39740,15,0.003042
2019,39820,15,-0.005052
2019,39900,15,0.005375
2019,40140,15,0.001756
2019,40420,15,-0.001095
2019,40660,15,-0.004911
2019,40900,15,0.001566
2019,40980,15,-0.00458
2019,41060,15,-0.000767
2019,41100,15,0.017181
2019,41140,15,-0.004565
2019,41420,15,0.005461
2019,41500,15,-0.007316
2019,41700,15,0.005777
2019,41740,15,-0.001966
2019,41940,15,-0.000916
2019,42020,15,-0.003745
2019,42100,15,-0.008673
2019,42140,15,-0.008182
2019,42220,15,-0.009227
2019,42340,15,-0.000577
2019,42540,15,-0.000877
2019,42680,15,0.005781
2019,43100,15,0.001368
2019,43620,15,0.013047
2019,43780,15,0.003474
2019,44100,15,-0.004817
2019,44180,15,0.001796
2019,44220,15,-0.000181
2019,44300,15,0.002222
2019,44700,15,0.002354
2019,45060,15,-0.00015
2019,45220,15,-0.004068
2019,45820,15,-0.006356
2019,45940,15,0.001696
2019,46060,15,-0.003493
2019,46140,15,-0.00425
2019,46340,15,0.00012
2019,46540,15,-0.001724
2019,46660,15,-0.000559
2019,46700,15,-0.002791
2019,47220,15,-0.00348
2019,47300,15,-0.002178
2019,47940,15,-0.00491
2019,48300,15,0.004112
2019,48540,15,-0.014114
2019,48660,15,-0.006196
2019,48700,15,-0.002134
2019,49020,15,0.000746
2019,49420,15,-0.001742
2019,49620,15,0.002654
2019,49660,15,-0.004087
2019,49740,15,-0.002397
2019,10180,16,-0.004052
2019,10420,16,0.000106
2019,10580,16,0.001721
2019,10740,16,-0.007599
2019,10780,16,-0.009265
2019,10900,16,0.003693
2019,11020,16,-0.003465
2019,11260,16,-0.007438
2019,11460,16,0.002379
2019,11500,16,-0.006267
2019,11540,16,0.00521
2019,11700,16,-0.000667
2019,12020,16,-0.000134
2019,12100,16,0.000964
2019,12220,16,0.010044
2019,12420,16,0.014346
2019,12540,16,0.000864
2019,12580,16,-0.007047
2019,12620,16,-0.002117
2019,12700,16,-0.001734
2019,12980,16,0.000284
2019,13020,16,-0.001808
2019,13380,16,0.008056
2019,13460,16,0.016756
2019,13780,16,-0.003816
2019,14260,16,0.013447
2019,14500,16,-0.006314
2019,14740,16,0.002921
2019,14860,16,-0.000486
2019,15180,16,-0.004919
2019,15260,16,-0.002402
2019,15380,16,-0.000225
2019,15500,16,0.006112
2019,15540,16,0.005383
2019,15940,16,-0.001483
2019,15980,16,0.00931
2019,16020,16,-0.003341
2019,16180,16,-0.002557
2019,16220,16,-0.01295
2019,16300,16,0.000156
2019,16700,16,0.006063
2019,16860,16,-0.001182
2019,16940,16,-0.004687
2019,17020,16,0.000705
2019,17420,16,0.005294
2019,17660,16,0.010527
2019,17780,16,0.008009
2019,17820,16,0.004971
2019,17900,16,0.000685
2019,18020,16,0.00304
2019,18700,16,-0.002816
2019,19340,16,-0.001393
2019,19460,16,-0.003775
2019,19500,16,-0.00592
2019,19740,16,0.000392
2019,20020,16,-0.002403
2019,20100,16,0.004386
2019,20220,16,-0.006556
2019,20740,16,0.005596
2019,20940,16,-0.005834
2019,21140,16,0.003542
2019,21300,16,-0.004372
2019,21500,16,-0.004262
2019,21660,16,0.000787
2019,21820,16,-0.01061
2019,22020,16,0.008104
2019,22140,16,-0.019596
2019,22380,16,-0.001642
2019,22420,16,-0.002289
2019,22500,16,-0.009619
2019,22520,16,-0.00189
2019,22540,16,0.004435
2019,22660,16,0.004581
2019,23420,16,2.8e-05
2019,23460,16,-0.006626
2019,23580,16,0.001744
2019,24020,16,-0.001687
2019,24220,16,-0.00533
2019,24300,16,-0.000407
2019,24500,16,-0.009919
2019,24540,16,0.012549
2019,24580,16,0.005031
2019,24660,16,-0.002598
2019,25420,16,0.00508
2019,25500,16,-0.002118
2019,25540,16,-0.001617
2019,25860,16,-0.005866
2019,25980,16,-0.005064
2019,26300,16,-0.002718
2019,26380,16,-0.009195
2019,26620,16,0.00949
2019,26980,16,0.005028
2019,27060,16,-0.000578
2019,27100,16,7.6e-05
2019,27260,16,0.00826
2019,27340,16,0.005027
2019,27500,16,0.002798
2019,27740,16,-0.000919
2019,27780,16,-0.006916
2019,27860,16,0.003076
2019,27900,16,-0.002595
2019,28100,16,-0.003262
2019,28420,16,0.010014
2019,28660,16,0.007664
2019,28700,16,-0.007697
2019,28740,16,2.2e-05
2019,29100,16,0.000597
2019,29340,16,-0.000554
2019,29420,16,-0.001489
2019,29460,16,0.013948
2019,29540,16,0.002832
2019,29700,16,-0.000213
2019,29740,16,-0.002978
2019,29820,16,0.007009
2019,29940,16,-0.000687
2019,30140,16,0.008224
2019,30300,16,-0.00961
2019,30340,16,-0.000625
2019,30460,16,0.00304
2019,30620,16,-0.002799
2019,30700,16,0.0049
2019,30780,16,-0.001988
2019,30860,16,0.003947
2019,31020,16,0.005923
2019,31420,16,-0.006102
2019,31700,16,0.001792
2019,31860,16,0.000591
2019,32580,16,0.001175
2019,32780,16,0.002445
2019,32900,16,0.001617
2019,33140,16,0.000401
2019,33340,16,0.000734
2019,33540,16,-0.001078
2019,33700,16,-0.000913
2019,33780,16,0.003137
2019,33860,16,-0.00466
2019,34060,16,-0.007466
2019,34580,16,0.006102
2019,34620,16,-0.002971
2019,34740,16,-0.000892
2019,34940,16,0.007279
2019,35300,16,-0.001626
2019,35660,16,-0.001952
2019,35840,16,0.009409
2019,35980,16,-0.003662
2019,36100,16,0.005525
2019,36220,16,0.012851
2019,36420,16,0.000466
2019,36500,16,0.009251
2019,36540,16,0.00414
2019,36740,16,0.009816
2019,36780,16,0.003485
2019,36980,16,-0.000715
2019,37100,16,-0.005251
2019,37340,16,0.0014
2019,37860,16,0.00377
2019,38060,16,0.005378
2019,38300,16,-0.002144
2019,38340,16,-0.00238
2019,38860,16,0.003767
2019,38900,16,0.001792
2019,38940,16,0.003679
2019,39300,16,1e-06
2019,39340,16,0.012041
2019,39380,16,-0.005683
2019,39460,16,0.006235
2019,39540,16,0.002244
2019,39580,16,0.010844
2019,39740,16,0.003753
2019,39820,16,-0.004279
2019,39900,16,0.005236
2019,40140,16,0.002246
2019,40420,16,-0.000948
2019,40660,16,-0.004781
2019,40900,16,0.002601
2019,40980,16,-0.003866
2019,41060,16,0.000431
2019,41100,16,0.019025
2019,41140,16,-0.004632
2019,41420,16,0.004569
2019,41500,16,-0.006624
2019,41700,16,0.005614
2019,41740,16,-0.00161
2019,41940,16,-0.003005
2019,42020,16,-0.003434
2019,42100,16,-0.009212
2019,42140,16,-0.008034
2019,42220,16,-0.010388
2019,42340,16,-0.000961
2019,42540,16,-0.000451
2019,42680,16,0.006235
2019,43100,16,0.001222
2019,43620,16,0.013117
2019,43780,16,0.002811
2019,44100,16,-0.00524
2019,44180,16,0.002003
2019,44220,16,-0.000249
2019,44300,16,0.001908
2019,44700,16,0.003831
2019,45060,16,-0.000502
2019,45220,16,-0.004165
2019,45820,16,-0.006708
2019,45940,16,0.002842
2019,46060,16,-0.002288
2019,46140,16,-0.003954
2019,46340,16,0.000591
2019,46540,16,-0.002769
2019,46660,16,-0.000579
2019,46700,16,-0.002264
2019,47220,16,-0.003146
2019,47300,16,-0.001697
2019,47940,16,-0.005189
2019,48300,16,0.002006
2019,48540,16,-0.016179
2019,48660,16,-0.005561
2019,48700,16,-0.00277
2019,49020,16,0.001902
2019,49420,16,-0.003125
2019,49620,16,0.003516
2019,49660,16,-0.00401
2019,49740,16,-0.000788
2019,10180,17,-0.00383
2019,10420,17,-0.000462
2019,10580,17,0.001028
2019,10740,17,-0.008149
2019,10780,17,-0.009478
2019,10900,17,0.003284
2019,11020,17,-0.00148
2019,11260,17,-0.007627
2019,11460,17,0.002193
2019,11500,17,-0.006189
2019,11540,17,0.005318
2019,11700,17,0.000493
2019,12020,17,0.000269
2019,12100,17,0.000103
2019,12220,17,0.010168
2019,12420,17,0.015336
2019,12540,17,0.000151
2019,12580,17,-0.007099
2019,12620,17,-0.002088
2019,12700,17,-0.000728
2019,12980,17,0.000326
2019,13020,17,-0.002543
2019,13380,17,0.008526
2019,13460,17,0.016878
2019,13780,17,-0.003423
2019,14260,17,0.014233
2019,14500,17,-0.005389
2019,14740,17,0.003648
2019,14860,17,-0.00121
2019,15180,17,-0.005938
2019,15260,17,-0.001932
2019,15380,17,8.3e-05
2019,15500,17,0.00515
2019,15540,17,0.00587
2019,15940,17,-0.00177
2019,15980,17,0.008164
2019,16020,17,-0.000244
2019,16180,17,-0.002833
2019,16220,17,-0.011598
2019,16300,17,-0.000862
2019,16700,17,0.007129
2019,16860,17,-0.000801
2019,16940,17,-0.004383
2019,17020,17,-5e-05
2019,17420,17,0.005272
2019,17660,17,0.011219
2019,17780,17,0.0088
2019,17820,17,0.004834
2019,17900,17,0.000746
2019,18020,17,0.003186
2019,18700,17,-0.001803
2019,19340,17,-0.001448
2019,19460,17,-0.00423
2019,19500,17,-0.006914
2019,19740,17,0.001247
2019,20020,17,-0.00233
2019,20100,17,0.00446
2019,20220,17,-0.006635
2019,20740,17,0.005906
2019,20940,17,-0.006199
2019,21140,17,0.003639
2019,21300,17,-0.002491
2019,21500,17,-0.004054
2019,21660,17,0.001259
2019,21820,17,-0.009983
2019,22020,17,0.00832
2019,22140,17,-0.020108
2019,22380,17,-0.001515
2019,22420,17,-0.002818
2019,22500,17,-0.009501
2019,22520,17,-0.001779
2019,22540,17,0.004001
2019,22660,17,0.005041
2019,23420,17,-0.000738
2019,23460,17,-0.006737
2019,23580,17,0.001571
2019,24020,17,-0.001847
2019,24220,17,-0.004419
2019,24300,17,-0.000257
2019,24500,17,-0.009885
2019,24540,17,0.012336
2019,24580,17,0.004845
2019,24660,17,-0.002869
2019,25420,17,0.004301
2019,25500,17,-0.002116
2019,25540,17,-0.002464
2019,25860,17,-0.004841
2019,25980,17,-0.005442
2019,26300,17,-0.00371
2019,26380,17,-0.009114
2019,26620,17,0.009575
2019,26980,17,0.004188
2019,27060,17,-0.000285
2019,27100,17,0.000996
2019,27260,17,0.008472
2019,27340,17,0.005424
2019,27500,17,0.002708
2019,27740,17,-0.00012
2019,27780,17,-0.007055
2019,27860,17,0.001864
2019,27900,17,-0.003417
2019,28100,17,-0.003275
2019,28420,17,0.010693
2019,28660,17,0.007045
2019,28700,17,-0.005779
2019,28740,17,-0.000368
2019,29100,17,0.001172
2019,29340,17,-0.000242
2019,29420,17,-0.002014
2019,29460,17,0.013654
2019,29540,17,0.003431
2019,29700,17,-0.00029
2019,29740,17,-0.003713
2019,29820,17,0.006571
2019,29940,17,-0.002012
2019,30140,17,0.007613
2019,30300,17,-0.007021
2019,30340,17,-0.00052
2019,30460,17,0.002967
2019,30620,17,-0.001944
2019,30700,17,0.004457
2019,30780,17,-0.00306
2019,30860,17,0.004185
2019,31020,17,0.006511
2019,31420,17,-0.006285
2019,31700,17,0.001744
2019,31860,17,-0.000171
2019,32580,17,0.000436
2019,32780,17,0.002036
2019,32900,17,0.000509
2019,33140,17,0.000584
2019,33340,17,0.000629
2019,33540,17,-0.001176
2019,33700,17,-0.000472
2019,33780,17,0.003668
2019,33860,17,-0.005267
2019,34060,17,-0.007
2019,34580,17,0.006658
2019,34620,17,-0.002235
2019,34740,17,0.000333
2019,34940,17,0.007528
2019,35300,17,-0.002316
2019,35660,17,-0.001148
2019,35840,17,0.009132
2019,35980,17,-0.003654
2019,36100,17,0.004938
2019,36220,17,0.015146
2019,36420,17,-3.9e-05
2019,36500,17,0.009369
2019,36540,17,0.003673
2019,36740,17,0.009703
2019,36780,17,0.003429
2019,36980,17,-0.000539
2019,37100,17,-0.005653
2019,37340,17,0.001165
2019,37860,17,0.003994
2019,38060,17,0.004598
2019,38300,17,-0.00159
2019,38340,17,-0.001381
2019,38860,17,0.004188
2019,38900,17,0.002823
2019,38940,17,0.003141
2019,39300,17,-0.000208
2019,39340,17,0.011948
2019,39380,17,-0.005799
2019,39460,17,0.005005
2019,39540,17,0.002406
2019,39580,17,0.011428
2019,39740,17,0.004
2019,39820,17,-0.004933
2019,39900,17,0.005255
2019,40140,17,0.00186
2019,40420,17,-0.001486
2019,40660,17,-0.005459
2019,40900,17,0.001586
2019,40980,17,-0.004594
2019,41060,17,0.001461
2019,41100,17,0.018342
2019,41140,17,-0.002449
2019,41420,17,0.005284
2019,41500,17,-0.007572
2019,41700,17,0.005645
2019,41740,17,-0.002074
2019,41940,17,-0.001282
2019,42020,17,-0.00363
2019,42100,17,-0.009063
2019,42140,17,-0.008476
2019,42220,17,-0.009814
2019,42340,17,-0.000719
2019,42540,17,-0.000908
2019,42680,17,0.006056
2019,43100,17,0.00236
2019,43620,17,0.012811
2019,43780,17,0.00325
2019,44100,17,-0.005241
2019,44180,17,0.001369
2019,44220,17,-0.000356
2019,44300,17,0.002592
2019,44700,17,0.002686
2019,45060,17,-0.000751
2019,45220,17,-0.004103
2019,45820,17,-0.007335
2019,45940,17,0.001504
2019,46060,17,-0.003248
2019,46140,17,-0.004483
2019,46340,17,-0.000164
2019,46540,17,-0.00262
2019,46660,17,-0.000882
2019,46700,17,-0.002852
2019,47220,17,-0.003753
2019,47300,17,-0.002298
2019,47940,17,-0.005179
2019,48300,17,0.003408
2019,48540,17,-0.016642
2019,48660,17,-0.003548
2019,48700,17,-0.002847
2019,49020,17,0.000797
2019,49420,17,-0.002779
2019,49620,17,0.00346
2019,49660,17,-0.00433
2019,49740,17,-0.002332
2019,10180,18,-0.004075
2019,10420,18,0.000129
2019,10580,18,0.001869
2019,10740,18,-0.00772
2019,10780,18,-0.009292
2019,10900,18,0.003353
2019,11020,18,-0.003681
2019,11260,18,-0.007071
2019,11460,18,0.001969
2019,11500,18,-0.006249
2019,11540,18,0.005235
2019,11700,18,-0.000551
2019,12020,18,-0.000397
2019,12100,18,0.001932
2019,12220,18,0.010396
2019,12420,18,0.014476
2019,12540,18,0.000625
2019,12580,18,-0.006904
2019,12620,18,-0.001958
2019,12700,18,-0.001765
2019,12980,18,9e-06
2019,13020,18,-0.001815
2019,13380,18,0.008259
2019,13460,18,0.016814
2019,13780,18,-0.003736
2019,14260,18,0.014135
2019,14500,18,-0.006536
2019,14740,18,0.003214
2019,14860,18,-0.000471
2019,15180,18,-0.005252
2019,15260,18,-0.002364
2019,15380,18,-3.2e-05
2019,15500,18,0.005916
2019,15540,18,0.005549
2019,15940,18,-0.001283
2019,15980,18,0.008891
2019,16020,18,-0.003423
2019,16180,18,-0.002725
2019,16220,18,-0.012387
2019,16300,18,0.000125
2019,16700,18,0.006248
2019,16860,18,-0.000971
2019,16940,18,-0.004367
2019,17020,18,0.001098
2019,17420,18,0.005364
2019,17660,18,0.010796
2019,17780,18,0.008716
2019,17820,18,0.004989
2019,17900,18,0.000945
2019,18020,18,0.003051
2019,18700,18,-0.003279
2019,19340,18,-0.001436
2019,19460,18,-0.00401
2019,19500,18,-0.005903
2019,19740,18,0.000536
2019,20020,18,-0.002503
2019,20100,18,0.005136
2019,20220,18,-0.006622
2019,20740,18,0.005735
2019,20940,18,-0.006268
2019,21140,18,0.003482
2019,21300,18,-0.004176
2019,21500,18,-0.004225
2019,21660,18,0.000636
2019,21820,18,-0.010468
2019,22020,18,0.007923
2019,22140,18,-0.019896
2019,22380,18,-0.001557
2019,22420,18,-0.002262
2019,22500,18,-0.009474
2019,22520,18,-0.001563
2019,22540,18,0.004236
2019,22660,18,0.004619
2019,23420,18,0.0002
2019,23460,18,-0.006723
2019,23580,18,0.001475
2019,24020,18,-0.001691
2019,24220,18,-0.005886
2019,24300,18,-0.000182
2019,24500,18,-0.009702
2019,24540,18,0.012128
2019,24580,18,0.005017
2019,24660,18,-0.002416
2019,25420,18,0.005065
2019,25500,18,-0.002341
2019,25540,18,-0.001616
2019,25860,18,-0.00623
2019,25980,18,-0.005003
2019,26300,18,-0.003171
2019,26380,18,-0.009045
2019,26620,18,0.009768
2019,26980,18,0.005303
2019,27060,18,-0.001253
2019,27100,18,-0.000194
2019,27260,18,0.0086
2019,27340,18,0.005458
2019,27500,18,0.002616
2019,27740,18,-0.001091
2019,27780,18,-0.007059
2019,27860,18,0.003243
2019,27900,18,-0.002608
2019,28100,18,-0.003164
2019,28420,18,0.01043
2019,28660,18,0.007795
2019,28700,18,-0.007899
2019,28740,18,0.000131
2019,29100,18,0.000819
2019,29340,18,-0.000131
2019,29420,18,-0.001162
2019,29460,18,0.013579
2019,29540,18,0.002509
2019,29700,18,-0.000112
2019,29740,18,-0.002662
2019,29820,18,0.006797
2019,29940,18,-0.001038
2019,30140,18,0.007827
2019,30300,18,-0.010297
2019,30340,18,-0.000691
2019,30460,18,0.002997
2019,30620,18,-0.002873
2019,30700,18,0.005324
2019,30780,18,-0.001851
2019,30860,18,0.003368
2019,31020,18,0.005703
2019,31420,18,-0.005956
2019,31700,18,0.001628
2019,31860,18,0.000581
2019,32580,18,0.001177
2019,32780,18,0.002497
2019,32900,18,0.000919
2019,33140,18,0.00083
2019,33340,18,0.000951
2019,33540,18,-0.000786
2019,33700,18,-0.001862
2019,33780,18,0.002904
2019,33860,18,-0.004751
2019,34060,18,-0.007893
2019,34580,18,0.006215
2019,34620,18,-0.003019
2019,34740,18,-0.001235
2019,34940,18,0.007085
2019,35300,18,-0.001714
2019,35660,18,-0.002215
2019,35840,18,0.009349
2019,35980,18,-0.003783
2019,36100,18,0.005615
2019,36220,18,0.013543
2019,36420,18,0.000351
2019,36500,18,0.009143
2019,36540,18,0.004388
2019,36740,18,0.009754
2019,36780,18,0.003613
2019,36980,18,-0.00088
2019,37100,18,-0.005082
2019,37340,18,0.000676
2019,37860,18,0.00396
2019,38060,18,0.004847
2019,38300,18,-0.00199
2019,38340,18,-0.002196
2019,38860,18,0.003951
2019,38900,18,0.002071
2019,38940,18,0.002832
2019,39300,18,-8.6e-05
2019,39340,18,0.012453
2019,39380,18,-0.006073
2019,39460,18,0.00552
2019,39540,18,0.002187
2019,39580,18,0.011239
2019,39740,18,0.003392
2019,39820,18,-0.004171
2019,39900,18,0.005541
2019,40140,18,0.001957
2019,40420,18,-0.000999
2019,40660,18,-0.004938
2019,40900,18,0.00249
2019,40980,18,-0.003743
2019,41060,18,-0.000118
2019,41100,18,0.019255
2019,41140,18,-0.004677
2019,41420,18,0.004391
2019,41500,18,-0.006986
2019,41700,18,0.005171
2019,41740,18,-0.001371
2019,41940,18,-0.002286
2019,42020,18,-0.003376
2019,42100,18,-0.009289
2019,42140,18,-0.008241
2019,42220,18,-0.010241
2019,42340,18,-0.000672
2019,42540,18,-0.000584
2019,42680,18,0.005544
2019,43100,18,0.001056
2019,43620,18,0.013757
2019,43780,18,0.003024
2019,44100,18,-0.005215
2019,44180,18,0.001929
2019,44220,18,-7.9e-05
2019,44300,18,0.001549
2019,44700,18,0.003196
2019,45060,18,-0.000222
2019,45220,18,-0.004158
2019,45820,18,-0.006662
2019,45940,18,0.002879
2019,46060,18,-0.002536
2019,46140,18,-0.003936
2019,46340,18,0.000138
2019,46540,18,-0.002709
2019,46660,18,5.1e-05
2019,46700,18,-0.003031
2019,47220,18,-0.003079
2019,47300,18,-0.001606
2019,47940,18,-0.005013
2019,48300,18,0.002548
2019,48540,18,-0.015991
2019,48660,18,-0.006006
2019,48700,18,-0.002782
2019,49020,18,0.001832
2019,49420,18,-0.002625
2019,49620,18,0.003064
2019,49660,18,-0.003868
2019,49740,18,-0.00081
2019,10180,19,-0.003613
2019,10420,19,-0.000337
2019,10580,19,0.001743
2019,10740,19,-0.008013
2019,10780,19,-0.009239
2019,10900,19,0.002828
2019,11020,19,-0.002742
2019,11260,19,-0.006886
2019,11460,19,0.002106
2019,11500,19,-0.006139
2019,11540,19,0.005343
2019,11700,19,0.000956
2019,12020,19,0.000187
2019,12100,19,0.000519
2019,12220,19,0.010191
2019,12420,19,0.015728
2019,12540,19,-0.000131
2019,12580,19,-0.007035
2019,12620,19,-0.001682
2019,12700,19,-0.001308
2019,12980,19,-0.000203
2019,13020,19,-0.002589
2019,13380,19,0.008673
2019,13460,19,0.017085
2019,13780,19,-0.003439
2019,14260,19,0.013856
2019,14500,19,-0.004636
2019,14740,19,0.003996
2019,14860,19,-0.001124
2019,15180,19,-0.005698
2019,15260,19,-0.001634
2019,15380,19,0.000531
2019,15500,19,0.004905
2019,15540,19,0.005682
2019,15940,19,-0.0017
2019,15980,19,0.008437
2019,16020,19,-0.002838
2019,16180,19,-0.002922
2019,16220,19,-0.011401
2019,16300,19,-0.000497
2019,16700,19,0.007432
2019,16860,19,-0.000795
2019,16940,19,-0.004008
2019,17020,19,-0.000357
2019,17420,19,0.004926
2019,17660,19,0.011111
2019,17780,19,0.009492
2019,17820,19,0.00478
2019,17900,19,0.000769
2019,18020,19,0.003455
2019,18700,19,-0.001956
2019,19340,19,-0.00125
2019,19460,19,-0.00385
2019,19500,19,-0.005964
2019,19740,19,0.001642
2019,20020,19,-0.002604
2019,20100,19,0.004407
2019,20220,19,-0.006236
2019,20740,19,0.00606
2019,20940,19,-0.006154
2019,21140,19,0.003582
2019,21300,19,-0.003621
2019,21500,19,-0.004107
2019,21660,19,0.001172
2019,21820,19,-0.010164
2019,22020,19,0.008932
2019,22140,19,-0.019183
2019,22380,19,-0.001677
2019,22420,19,-0.002873
2019,22500,19,-0.009438
2019,22520,19,-0.001252
2019,22540,19,0.003875
2019,22660,19,0.005146
2019,23420,19,-0.000939
2019,23460,19,-0.006481
2019,23580,19,0.001935
2019,24020,19,-0.00121
2019,24220,19,-0.003516
2019,24300,19,-0.000216
2019,24500,19,-0.00948
2019,24540,19,0.012327
2019,24580,19,0.004971
2019,24660,19,-0.002851
2019,25420,19,0.004647
2019,25500,19,-0.002028
2019,25540,19,-0.002202
2019,25860,19,-0.005769
2019,25980,19,-0.004611
2019,26300,19,-0.003768
2019,26380,19,-0.00868
2019,26620,19,0.009305
2019,26980,19,0.004667
2019,27060,19,3.5e-05
2019,27100,19,-0.000233
2019,27260,19,0.008288
2019,27340,19,0.004487
2019,27500,19,0.002921
2019,27740,19,-0.000558
2019,27780,19,-0.006706
2019,27860,19,0.001902
2019,27900,19,-0.002915
2019,28100,19,-0.003128
2019,28420,19,0.01032
2019,28660,19,0.006698
2019,28700,19,-0.007173
2019,28740,19,-6.8e-05
2019,29100,19,0.001634
2019,29340,19,0.000675
2019,29420,19,-0.002247
2019,29460,19,0.012852
2019,29540,19,0.002908
2019,29700,19,-6e-06
2019,29740,19,-0.003658
2019,29820,19,0.006208
2019,29940,19,-0.001345
2019,30140,19,0.007173
2019,30300,19,-0.008249
2019,30340,19,-0.000294
2019,30460,19,0.003225
2019,30620,19,-0.002311
2019,30700,19,0.005143
2019,30780,19,-0.002821
2019,30860,19,0.00364
2019,31020,19,0.00624
2019,31420,19,-0.006749
2019,31700,19,0.001746
2019,31860,19,0.000224
2019,32580,19,0.000725
2019,32780,19,0.001606
2019,32900,19,-4.1e-05
2019,33140,19,0.000815
2019,33340,19,0.001053
2019,33540,19,-0.000389
2019,33700,19,-0.001452
2019,33780,19,0.002259
2019,33860,19,-0.004986
2019,34060,19,-0.006964
2019,34580,19,0.006594
2019,34620,19,-0.002887
2019,34740,19,-0.000269
2019,34940,19,0.007988
2019,35300,19,-0.002335
2019,35660,19,-0.00147
2019,35840,19,0.009252
2019,35980,19,-0.003718
2019,36100,19,0.004885
2019,36220,19,0.013209
2019,36420,19,-2.6e-05
2019,36500,19,0.009097
2019,36540,19,0.003995
2019,36740,19,0.009378
2019,36780,19,0.003664
2019,36980,19,-0.000653
2019,37100,19,-0.005253
2019,37340,19,0.001383
2019,37860,19,0.003668
2019,38060,19,0.004579
2019,38300,19,-0.001569
2019,38340,19,-0.001666
2019,38860,19,0.004377
2019,38900,19,0.00348
2019,38940,19,0.003076
2019,39300,19,-1.8e-05
2019,39340,19,0.012016
2019,39380,19,-0.005383
2019,39460,19,0.005146
2019,39540,19,0.002505
2019,39580,19,0.011335
2019,39740,19,0.003165
2019,39820,19,-0.005144
2019,39900,19,0.00553
2019,40140,19,0.001835
2019,40420,19,-0.001215
2019,40660,19,-0.005271
2019,40900,19,0.001711
2019,40980,19,-0.004463
2019,41060,19,-0.000269
2019,41100,19,0.017574
2019,41140,19,-0.004094
2019,41420,19,0.00521
2019,41500,19,-0.007164
2019,41700,19,0.005846
2019,41740,19,-0.001981
2019,41940,19,-0.001065
2019,42020,19,-0.003727
2019,42100,19,-0.008576
2019,42140,19,-0.008359
2019,42220,19,-0.009077
2019,42340,19,-0.000576
2019,42540,19,-0.000936
2019,42680,19,0.006057
2019,43100,19,0.00156
2019,43620,19,0.013203
2019,43780,19,0.003366
2019,44100,19,-0.004674
2019,44180,19,0.00145
2019,44220,19,-0.000353
2019,44300,19,0.002423
2019,44700,19,0.002539
2019,45060,19,-0.000485
2019,45220,19,-0.004036
2019,45820,19,-0.00666
2019,45940,19,0.001576
2019,46060,19,-0.003561
2019,46140,19,-0.004101
2019,46340,19,-0.000153
2019,46540,19,-0.002089
2019,46660,19,-0.000647
2019,46700,19,-0.002521
2019,47220,19,-0.003528
2019,47300,19,-0.002208
2019,47940,19,-0.005266
2019,48300,19,0.003697
2019,48540,19,-0.015071
2019,48660,19,-0.005352
2019,48700,19,-0.002449
2019,49020,19,0.000819
2019,49420,19,-0.002465
2019,49620,19,0.002871
2019,49660,19,-0.004108
2019,49740,19,-0.002315
2020,10180,0,-0.003137
2020,10420,0,-0.000165
2020,10580,0,0.000837
2020,10740,0,-0.006889
2020,10780,0,-0.009223
2020,10900,0,0.001578
2020,11020,0,-0.002519
2020,11260,0,-0.003614
2020,11460,0,-0.002909
2020,11500,0,-0.007351
2020,11540,0,0.003446
2020,11700,0,-0.001492
2020,12020,0,0.000181
2020,12100,0,0.00323
2020,12220,0,0.003948
2020,12420,0,0.019009
2020,12540,0,0.001358
2020,12580,0,-0.007183
2020,12620,0,0.000243
2020,12700,0,-0.003252
2020,12980,0,6.6e-05
2020,13020,0,-0.003488
2020,13380,0,0.010209
2020,13460,0,0.019624
2020,13780,0,-0.003054
2020,14260,0,0.014013
2020,14500,0,-0.002303
2020,14740,0,0.002675
2020,15180,0,-0.003742
2020,15260,0,-0.00346
2020,15380,0,4.2e-05
2020,15500,0,0.004831
2020,15540,0,0.001852
2020,15940,0,-0.000836
2020,15980,0,0.011631
2020,16020,0,-0.004045
2020,16180,0,-0.000964
2020,16220,0,-0.003491
2020,16300,0,-0.000616
2020,16700,0,0.006873
2020,16860,0,-0.002307
2020,16940,0,-0.003029
2020,17020,0,-0.028734
2020,17420,0,0.00278
2020,17660,0,0.014091
2020,17780,0,0.004789
2020,17820,0,0.00137
2020,17900,0,-3.5e-05
2020,18020,0,0.008331
2020,18700,0,0.000984
2020,19340,0,-0.000961
2020,19460,0,-0.0018
2020,19500,0,-0.002663
2020,19740,0,0.000502
2020,20020,0,0.001198
2020,20100,0,0.003984
2020,20220,0,-0.001551
2020,20740,0,0.005562
2020,20940,0,-0.004628
2020,21140,0,0.002117
2020,21300,0,-0.002061
2020,21500,0,-0.002946
2020,21660,0,0.002867
2020,21820,0,-0.01398
2020,22020,0,0.00696
2020,22140,0,-0.016842
2020,22380,0,-0.004723
2020,22420,0,-0.00187
2020,22500,0,-0.006622
2020,22520,0,-0.001359
2020,22540,0,0.003199
2020,22660,0,0.004575
2020,23420,0,0.001261
2020,23460,0,-0.005741
2020,23580,0,0.003728
2020,24020,0,0.000251
2020,24220,0,-0.007437
2020,24300,0,-0.002327
2020,24500,0,-0.011534
2020,24540,0,0.01419
2020,24580,0,0.004407
2020,24660,0,-0.00304
2020,25420,0,0.006507
2020,25500,0,-0.005587
2020,25860,0,-0.006409
2020,25980,0,0.002776
2020,26300,0,-0.003874
2020,26380,0,-0.008268
2020,26620,0,0.011492
2020,26980,0,0.001012
2020,27060,0,-0.00049
2020,27100,0,-0.000677
2020,27260,0,0.007417
2020,27340,0,-0.000359
2020,27500,0,0.00204
2020,27740,0,-0.000976
2020,27780,0,-0.004299
2020,27860,0,0.001469
2020,27900,0,-0.000361
2020,28100,0,-0.000435
2020,28420,0,0.009446
2020,28660,0,0.008473
2020,28700,0,-0.007538
2020,28740,0,-0.001537
2020,29100,0,0.001377
2020,29340,0,-0.002567
2020,29420,0,-9.5e-05
2020,29460,0,0.009332
2020,29540,0,0.002163
2020,29700,0,-0.000137
2020,29740,0,-0.004689
2020,29820,0,0.002508
2020,29940,0,0.005277
2020,30140,0,0.003534
2020,30300,0,-0.008673
2020,30340,0,0.001372
2020,30460,0,0.001749
2020,30620,0,-0.002335
2020,30700,0,0.004456
2020,30780,0,-0.003382
2020,30860,0,-0.000876
2020,31020,0,0.005975
2020,31420,0,-0.007486
2020,31700,0,0.001964
2020,31860,0,-0.000381
2020,32580,0,0.000808
2020,32780,0,0.001258
2020,32900,0,0.002754
2020,33140,0,0.000182
2020,33340,0,0.001242
2020,33540,0,-0.001976
2020,33700,0,-0.001956
2020,33780,0,0.00043
2020,33860,0,-0.002573
2020,34060,0,-0.008367
2020,34580,0,0.004107
2020,34620,0,-0.000605
2020,34740,0,-0.000659
2020,34940,0,0.008627
2020,35660,0,-0.001713
2020,35840,0,0.010526
2020,36100,0,0.006174
2020,36220,0,0.012848
2020,36420,0,0.001886
2020,36500,0,0.008372
2020,36540,0,0.004274
2020,36740,0,0.005735
2020,36780,0,0.004352
2020,36980,0,-0.000286
2020,37100,0,-0.005613
2020,37340,0,-0.001199
2020,37860,0,0.003703
2020,38060,0,0.0048
2020,38300,0,-0.000587
2020,38340,0,-0.005979
2020,38860,0,0.004053
2020,38900,0,0.003699
2020,38940,0,0.003908
2020,39300,0,-0.001061
2020,39340,0,0.010269
2020,39380,0,-0.005688
2020,39460,0,0.009808
2020,39540,0,0.00055
2020,39580,0,0.011497
2020,39740,0,0.001291
2020,39820,0,-0.002971
2020,39900,0,0.003821
2020,40140,0,0.002275
2020,40420,0,-0.001703
2020,40660,0,-0.004669
2020,40900,0,0.002485
2020,40980,0,-0.000691
2020,41060,0,0.000674
2020,41100,0,0.017349
2020,41140,0,-0.007174
2020,41420,0,0.001205
2020,41500,0,-0.004293
2020,41700,0,0.004021
2020,41740,0,-0.00215
2020,41940,0,-0.003019
2020,42020,0,-0.004102
2020,42100,0,-0.005858
2020,42140,0,-0.006942
2020,42220,0,-0.005322
2020,42340,0,0.002443
2020,42540,0,-0.000597
2020,42680,0,0.004689
2020,43100,0,0.000352
2020,43620,0,0.011236
2020,43780,0,0.001897
2020,44100,0,-0.002284
2020,44180,0,0.002084
2020,44220,0,-0.001759
2020,44300,0,0.00053
2020,44700,0,0.003973
2020,45060,0,-0.000847
2020,45220,0,-0.001054
2020,45820,0,-0.00455
2020,45940,0,6e-05
2020,46060,0,-0.002026
2020,46140,0,-0.001726
2020,46340,0,0.001052
2020,46540,0,-0.002121
2020,46660,0,0.000791
2020,46700,0,-0.001512
2020,47220,0,-0.003122
2020,47300,0,-0.000451
2020,47940,0,-0.005511
2020,48300,0,0.004952
2020,48540,0,-0.0132
2020,48660,0,-0.005256
2020,48700,0,-0.001939
2020,49020,0,-0.000935
2020,49420,0,-0.002089
2020,49620,0,0.002011
2020,49660,0,-0.00256
2020,49740,0,-0.001808
2020,10180,1,-0.003104
2020,10420,1,-0.000292
2020,10580,1,0.000512
2020,10740,1,-0.006725
2020,10780,1,-0.009037
2020,10900,1,0.002172
2020,11020,1,-0.002556
2020,11260,1,-0.004339
2020,11460,1,-0.002837
2020,11500,1,-0.007184
2020,11540,1,0.003481
2020,11700,1,-0.002201
2020,12020,1,0.000217
2020,12100,1,0.003065
2020,12220,1,0.003678
2020,12420,1,0.018152
2020,12540,1,0.002234
2020,12580,1,-0.007167
2020,12620,1,0.000531
2020,12700,1,-0.002603
2020,12980,1,0.000539
2020,13020,1,-0.003258
2020,13380,1,0.0095
2020,13460,1,0.019423
2020,13780,1,-0.002367
2020,14260,1,0.01332
2020,14500,1,-0.003069
2020,14740,1,0.001802
2020,15180,1,-0.00353
2020,15260,1,-0.003587
2020,15380,1,-0.000616
2020,15500,1,0.00507
2020,15540,1,0.001502
2020,15940,1,-0.000919
2020,15980,1,0.012053
2020,16020,1,-0.001461
2020,16180,1,-0.001166
2020,16220,1,-0.003053
2020,16300,1,-0.00081
2020,16700,1,0.00644
2020,16860,1,-0.002507
2020,16940,1,-0.003552
2020,17020,1,-0.029827
2020,17420,1,0.002871
2020,17660,1,0.01348
2020,17780,1,0.004389
2020,17820,1,0.001028
2020,17900,1,-0.000221
2020,18020,1,0.008116
2020,18700,1,0.000558
2020,19340,1,-0.001157
2020,19460,1,-0.001901
2020,19500,1,-0.003012
2020,19740,1,0.000144
2020,20020,1,0.001504
2020,20100,1,0.003952
2020,20220,1,-0.00185
2020,20740,1,0.005095
2020,20940,1,-0.004033
2020,21140,1,0.00192
2020,21300,1,-0.001358
2020,21500,1,-0.002792
2020,21660,1,0.002272
2020,21820,1,-0.013916
2020,22020,1,0.006455
2020,22140,1,-0.016323
2020,22380,1,-0.004693
2020,22420,1,-0.001792
2020,22500,1,-0.006828
2020,22520,1,-0.001767
2020,22540,1,0.003119
2020,22660,1,0.004285
2020,23420,1,0.001699
2020,23460,1,-0.005587
2020,23580,1,0.003441
2020,24020,1,0.000215
2020,24220,1,-0.007625
2020,24300,1,-0.002461
2020,24500,1,-0.011607
2020,24540,1,0.01407
2020,24580,1,0.004355
2020,24660,1,-0.002959
2020,25420,1,0.006141
2020,25500,1,-0.005738
2020,25860,1,-0.005464
2020,25980,1,0.003472
2020,26300,1,-0.003564
2020,26380,1,-0.008258
2020,26620,1,0.011417
2020,26980,1,0.000373
2020,27060,1,-0.000428
2020,27100,1,0.000444
2020,27260,1,0.007038
2020,27340,1,-3.4e-05
2020,27500,1,0.001738
2020,27740,1,-0.000494
2020,27780,1,-0.004448
2020,27860,1,0.001479
2020,27900,1,-0.000497
2020,28100,1,-0.00044
2020,28420,1,0.008483
2020,28660,1,0.008523
2020,28700,1,-0.006339
2020,28740,1,-0.001449
2020,29100,1,0.001013
2020,29340,1,-0.002895
2020,29420,1,8.4e-05
2020,29460,1,0.009432
2020,29540,1,0.002492
2020,29700,1,-0.000127
2020,29740,1,-0.004408
2020,29820,1,0.003974
2020,29940,1,0.004705
2020,30140,1,0.003684
2020,30300,1,-0.007543
2020,30340,1,0.001038
2020,30460,1,0.001437
2020,30620,1,-0.00218
2020,30700,1,0.00374
2020,30780,1,-0.003214
2020,30860,1,-0.000649
2020,31020,1,0.005112
2020,31420,1,-0.007053
2020,31700,1,0.002014
2020,31860,1,-0.000595
2020,32580,1,0.000692
2020,32780,1,0.001362
2020,32900,1,0.004104
2020,33140,1,-0.000124
2020,33340,1,0.000917
2020,33540,1,-0.002444
2020,33700,1,0.000252
2020,33780,1,0.001657
2020,33860,1,-0.002247
2020,34060,1,-0.008697
2020,34580,1,0.003337
2020,34620,1,0.000208
2020,34740,1,-0.000112
2020,34940,1,0.009257
2020,35660,1,-0.001533
2020,35840,1,0.010678
2020,36100,1,0.005776
2020,36220,1,0.012683
2020,36420,1,0.00189
2020,36500,1,0.007743
2020,36540,1,0.003649
2020,36740,1,0.005535
2020,36780,1,0.004529
2020,36980,1,-0.00035
2020,37100,1,-0.005309
2020,37340,1,-0.000849
2020,37860,1,0.003669
2020,38060,1,0.005107
2020,38300,1,-0.00085
2020,38340,1,-0.005706
2020,38860,1,0.003749
2020,38900,1,0.003103
2020,38940,1,0.004377
2020,39300,1,-0.001044
2020,39340,1,0.009634
2020,39380,1,-0.005968
2020,39460,1,0.009922
2020,39540,1,0.000522
2020,39580,1,0.010825
2020,39740,1,0.002049
2020,39820,1,-0.002571
2020,39900,1,0.004242
2020,40140,1,0.003029
2020,40420,1,-0.001693
2020,40660,1,-0.004844
2020,40900,1,0.00287
2020,40980,1,-0.000363
2020,41060,1,0.002373
2020,41100,1,0.017563
2020,41140,1,-0.005343
2020,41420,1,0.000445
2020,41500,1,-0.00356
2020,41700,1,0.003587
2020,41740,1,-0.002012
2020,41940,1,-0.002693
2020,42020,1,-0.003883
2020,42100,1,-0.005698
2020,42140,1,-0.006815
2020,42220,1,-0.005522
2020,42340,1,0.001875
2020,42540,1,-0.000452
2020,42680,1,0.005056
2020,43100,1,0.001164
2020,43620,1,0.010296
2020,43780,1,0.001755
2020,44100,1,-0.002584
2020,44180,1,0.001922
2020,44220,1,-0.001932
2020,44300,1,0.000463
2020,44700,1,0.005126
2020,45060,1,-0.001129
2020,45220,1,-0.001081
2020,45820,1,-0.004882
2020,45940,1,0.00031
2020,46060,1,-0.001555
2020,46140,1,-0.001718
2020,46340,1,0.001098
2020,46540,1,-0.002422
2020,46660,1,0.000729
2020,46700,1,-7.5e-05
2020,47220,1,-0.002841
2020,47300,1,-0.00019
2020,47940,1,-0.00556
2020,48300,1,0.003712
2020,48540,1,-0.013496
2020,48660,1,-0.00353
2020,48700,1,-0.002334
2020,49020,1,-0.000709
2020,49420,1,-0.002996
2020,49620,1,0.002482
2020,49660,1,-0.002635
2020,49740,1,-0.001572
2020,10180,2,-0.003374
2020,10420,2,5e-05
2020,10580,2,0.000823
2020,10740,2,-0.006938
2020,10780,2,-0.009387
2020,10900,2,0.002025
2020,11020,2,-0.002902
2020,11260,2,-0.003757
2020,11460,2,-0.003198
2020,11500,2,-0.007717
2020,11540,2,0.003331
2020,11700,2,-0.002348
2020,12020,2,-1.6e-05
2020,12100,2,0.004171
2020,12220,2,0.0041
2020,12420,2,0.019293
2020,12540,2,0.002353
2020,12580,2,-0.007168
2020,12620,2,0.000307
2020,12700,2,-0.003314
2020,12980,2,0.000266
2020,13020,2,-0.003278
2020,13380,2,0.010104
2020,13460,2,0.020399
2020,13780,2,-0.003232
2020,14260,2,0.014519
2020,14500,2,-0.003506
2020,14740,2,0.002128
2020,15180,2,-0.003761
2020,15260,2,-0.003757
2020,15380,2,-0.000385
2020,15500,2,0.004995
2020,15540,2,0.001685
2020,15940,2,-0.000591
2020,15980,2,0.012581
2020,16020,2,-0.004198
2020,16180,2,-0.000604
2020,16220,2,-0.00345
2020,16300,2,-0.000401
2020,16700,2,0.006655
2020,16860,2,-0.002766
2020,16940,2,-0.003361
2020,17020,2,-0.031218
2020,17420,2,0.00278
2020,17660,2,0.014626
2020,17780,2,0.004412
2020,17820,2,0.000997
2020,17900,2,-0.000115
2020,18020,2,0.008661
2020,18700,2,0.00032
2020,19340,2,-0.001147
2020,19460,2,-0.001904
2020,19500,2,-0.002722
2020,19740,2,-0.000439
2020,20020,2,0.001592
2020,20100,2,0.004482
2020,20220,2,-0.001595
2020,20740,2,0.00545
2020,20940,2,-0.004476
2020,21140,2,0.001963
2020,21300,2,-0.002175
2020,21500,2,-0.003169
2020,21660,2,0.002735
2020,21820,2,-0.015042
2020,22020,2,0.006651
2020,22140,2,-0.017424
2020,22380,2,-0.004793
2020,22420,2,-0.001431
2020,22500,2,-0.00681
2020,22520,2,-0.001537
2020,22540,2,0.003138
2020,22660,2,0.004006
2020,23420,2,0.002174
2020,23460,2,-0.006045
2020,23580,2,0.003975
2020,24020,2,0.000226
2020,24220,2,-0.008733
2020,24300,2,-0.0027
2020,24500,2,-0.012417
2020,24540,2,0.014402
2020,24580,2,0.004497
2020,24660,2,-0.003142
2020,25420,2,0.006927
2020,25500,2,-0.005983
2020,25860,2,-0.007042
2020,25980,2,0.003309
2020,26300,2,-0.003915
2020,26380,2,-0.008577
2020,26620,2,0.012083
2020,26980,2,0.001021
2020,27060,2,-0.000951
2020,27100,2,-0.000472
2020,27260,2,0.007958
2020,27340,2,-0.00103
2020,27500,2,0.00183
2020,27740,2,-0.001135
2020,27780,2,-0.004566
2020,27860,2,0.001886
2020,27900,2,-0.00014
2020,28100,2,-0.000373
2020,28420,2,0.008996
2020,28660,2,0.009059
2020,28700,2,-0.00829
2020,28740,2,-0.00148
2020,29100,2,0.001028
2020,29340,2,-0.003019
2020,29420,2,0.00072
2020,29460,2,0.00998
2020,29540,2,0.002155
2020,29700,2,0.00013
2020,29740,2,-0.004614
2020,29820,2,0.003464
2020,29940,2,0.005817
2020,30140,2,0.003635
2020,30300,2,-0.009576
2020,30340,2,0.001385
2020,30460,2,0.001651
2020,30620,2,-0.002596
2020,30700,2,0.004545
2020,30780,2,-0.003133
2020,30860,2,-0.001571
2020,31020,2,0.005775
2020,31420,2,-0.007566
2020,31700,2,0.002308
2020,31860,2,-0.000236
2020,32580,2,0.001258
2020,32780,2,0.001624
2020,32900,2,0.003818
2020,33140,2,1e-05
2020,33340,2,0.00138
2020,33540,2,-0.002231
2020,33700,2,-0.001538
2020,33780,2,0.000883
2020,33860,2,-0.002279
2020,34060,2,-0.009215
2020,34580,2,0.003624
2020,34620,2,-0.000439
2020,34740,2,-0.00089
2020,34940,2,0.008994
2020,35660,2,-0.001918
2020,35840,2,0.01114
2020,36100,2,0.007103
2020,36220,2,0.012749
2020,36420,2,0.002299
2020,36500,2,0.008375
2020,36540,2,0.004524
2020,36740,2,0.006069
2020,36780,2,0.004408
2020,36980,2,-0.00049
2020,37100,2,-0.005519
2020,37340,2,-0.00155
2020,37860,2,0.004001
2020,38060,2,0.005722
2020,38300,2,-0.000788
2020,38340,2,-0.006523
2020,38860,2,0.004129
2020,38900,2,0.002968
2020,38940,2,0.00411
2020,39300,2,-0.000843
2020,39340,2,0.01063
2020,39380,2,-0.006369
2020,39460,2,0.010595
2020,39540,2,0.000474
2020,39580,2,0.011772
2020,39740,2,0.001415
2020,39820,2,-0.002309
2020,39900,2,0.004264
2020,40140,2,0.002858
2020,40420,2,-0.001579
2020,40660,2,-0.004793
2020,40900,2,0.003191
2020,40980,2,-0.000265
2020,41060,2,0.001151
2020,41100,2,0.018811
2020,41140,2,-0.007683
2020,41420,2,0.000493
2020,41500,2,-0.003857
2020,41700,2,0.003898
2020,41740,2,-0.001931
2020,41940,2,-0.003974
2020,42020,2,-0.004084
2020,42100,2,-0.006311
2020,42140,2,-0.007117
2020,42220,2,-0.00574
2020,42340,2,0.002699
2020,42540,2,-0.000565
2020,42680,2,0.004957
2020,43100,2,0.000106
2020,43620,2,0.011678
2020,43780,2,0.001762
2020,44100,2,-0.002513
2020,44180,2,0.002256
2020,44220,2,-0.001816
2020,44300,2,-2.8e-05
2020,44700,2,0.004959
2020,45060,2,-0.000866
2020,45220,2,-0.000951
2020,45820,2,-0.004579
2020,45940,2,0.000656
2020,46060,2,-0.001388
2020,46140,2,-0.001523
2020,46340,2,0.001369
2020,46540,2,-0.002561
2020,46660,2,0.000965
2020,46700,2,-0.001245
2020,47220,2,-0.002934
2020,47300,2,0.000156
2020,47940,2,-0.005594
2020,48300,2,0.004434
2020,48540,2,-0.014138
2020,48660,2,-0.00539
2020,48700,2,-0.002305
2020,49020,2,-0.000375
2020,49420,2,-0.002876
2020,49620,2,0.002351
2020,49660,2,-0.002436
2020,49740,2,-0.001008
2020,10180,3,-0.003528
2020,10420,3,-0.000346
2020,10580,3,0.000457
2020,10740,3,-0.007149
2020,10780,3,-0.009474
2020,10900,3,0.002153
2020,11020,3,-0.002707
2020,11260,3,-0.004417
2020,11460,3,-0.00288
2020,11500,3,-0.007415
2020,11540,3,0.003505
2020,11700,3,-0.002388
2020,12020,3,0.000225
2020,12100,3,0.003658
2020,12220,3,0.0043
2020,12420,3,0.019416
2020,12540,3,0.002189
2020,12580,3,-0.007523
2020,12620,3,0.000433
2020,12700,3,-0.002601
2020,12980,3,0.000639
2020,13020,3,-0.00339
2020,13380,3,0.009836
2020,13460,3,0.020181
2020,13780,3,-0.002431
2020,14260,3,0.014631
2020,14500,3,-0.003056
2020,14740,3,0.001859
2020,15180,3,-0.003635
2020,15260,3,-0.003699
2020,15380,3,-0.00068
2020,15500,3,0.004757
2020,15540,3,0.0016
2020,15940,3,-0.000803
2020,15980,3,0.012826
2020,16020,3,-0.001135
2020,16180,3,-0.001391
2020,16220,3,-0.003634
2020,16300,3,-0.001112
2020,16700,3,0.006701
2020,16860,3,-0.002877
2020,16940,3,-0.003492
2020,17020,3,-0.028816
2020,17420,3,0.002948
2020,17660,3,0.01465
2020,17780,3,0.004368
2020,17820,3,0.001265
2020,17900,3,-0.000174
2020,18020,3,0.008071
2020,18700,3,0.000498
2020,19340,3,-0.001374
2020,19460,3,-0.002264
2020,19500,3,-0.003374
2020,19740,3,-9.4e-05
2020,20020,3,0.001315
2020,20100,3,0.004163
2020,20220,3,-0.002328
2020,20740,3,0.005375
2020,20940,3,-0.00422
2020,21140,3,0.001799
2020,21300,3,-0.001161
2020,21500,3,-0.002888
2020,21660,3,0.002366
2020,21820,3,-0.014278
2020,22020,3,0.006907
2020,22140,3,-0.017089
2020,22380,3,-0.005049
2020,22420,3,-0.00176
2020,22500,3,-0.007232
2020,22520,3,-0.001996
2020,22540,3,0.002895
2020,22660,3,0.004178
2020,23420,3,0.001743
2020,23460,3,-0.006018
2020,23580,3,0.003583
2020,24020,3,0.000106
2020,24220,3,-0.007969
2020,24300,3,-0.002608
2020,24500,3,-0.012367
2020,24540,3,0.014462
2020,24580,3,0.004469
2020,24660,3,-0.003372
2020,25420,3,0.006183
2020,25500,3,-0.006128
2020,25860,3,-0.005789
2020,25980,3,0.002704
2020,26300,3,-0.004035
2020,26380,3,-0.008519
2020,26620,3,0.011922
2020,26980,3,0.000374
2020,27060,3,-0.000921
2020,27100,3,0.000754
2020,27260,3,0.007696
2020,27340,3,7.9e-05
2020,27500,3,0.001685
2020,27740,3,-0.00055
2020,27780,3,-0.00445
2020,27860,3,0.001449
2020,27900,3,-0.000905
2020,28100,3,-0.000657
2020,28420,3,0.009123
2020,28660,3,0.008777
2020,28700,3,-0.006728
2020,28740,3,-0.001351
2020,29100,3,0.001096
2020,29340,3,-0.00292
2020,29420,3,0.000202
2020,29460,3,0.009455
2020,29540,3,0.002315
2020,29700,3,0.000191
2020,29740,3,-0.004698
2020,29820,3,0.00381
2020,29940,3,0.004988
2020,30140,3,0.003556
2020,30300,3,-0.007672
2020,30340,3,0.000952
2020,30460,3,0.001705
2020,30620,3,-0.002316
2020,30700,3,0.004029
2020,30780,3,-0.003424
2020,30860,3,-0.001226
2020,31020,3,0.004993
2020,31420,3,-0.007722
2020,31700,3,0.001996
2020,31860,3,-0.000678
2020,32580,3,0.000911
2020,32780,3,0.001385
2020,32900,3,0.00359
2020,33140,3,-0.000156
2020,33340,3,0.000916
2020,33540,3,-0.002466
2020,33700,3,2.5e-05
2020,33780,3,0.001768
2020,33860,3,-0.00236
2020,34060,3,-0.009318
2020,34580,3,0.003397
2020,34620,3,0.000387
2020,34740,3,0.000233
2020,34940,3,0.009758
2020,35660,3,-0.001455
2020,35840,3,0.011491
2020,36100,3,0.006292
2020,36220,3,0.013038
2020,36420,3,0.001944
2020,36500,3,0.007982
2020,36540,3,0.003882
2020,36740,3,0.006421
2020,36780,3,0.00447
2020,36980,3,-0.000453
2020,37100,3,-0.005769
2020,37340,3,-0.001348
2020,37860,3,0.003727
2020,38060,3,0.00521
2020,38300,3,-0.000802
2020,38340,3,-0.006006
2020,38860,3,0.003998
2020,38900,3,0.003136
2020,38940,3,0.004247
2020,39300,3,-0.001175
2020,39340,3,0.010259
2020,39380,3,-0.006407
2020,39460,3,0.010442
2020,39540,3,0.000523
2020,39580,3,0.011634
2020,39740,3,0.001972
2020,39820,3,-0.002521
2020,39900,3,0.004578
2020,40140,3,0.002861
2020,40420,3,-0.001925
2020,40660,3,-0.005395
2020,40900,3,0.002722
2020,40980,3,-0.000177
2020,41060,3,0.002405
2020,41100,3,0.018378
2020,41140,3,-0.005282
2020,41420,3,0.0002
2020,41500,3,-0.003817
2020,41700,3,0.003498
2020,41740,3,-0.002162
2020,41940,3,-0.003264
2020,42020,3,-0.004209
2020,42100,3,-0.006329
2020,42140,3,-0.007226
2020,42220,3,-0.00544
2020,42340,3,0.002437
2020,42540,3,-0.000613
2020,42680,3,0.00505
2020,43100,3,0.001092
2020,43620,3,0.01085
2020,43780,3,0.001567
2020,44100,3,-0.002871
2020,44180,3,0.001741
2020,44220,3,-0.002016
2020,44300,3,0.000516
2020,44700,3,0.004864
2020,45060,3,-0.001347
2020,45220,3,-0.000957
2020,45820,3,-0.005295
2020,45940,3,0.00029
2020,46060,3,-0.001567
2020,46140,3,-0.001733
2020,46340,3,0.000633
2020,46540,3,-0.002813
2020,46660,3,0.000748
2020,46700,3,-0.000525
2020,47220,3,-0.00276
2020,47300,3,-8.5e-05
2020,47940,3,-0.006051
2020,48300,3,0.004126
2020,48540,3,-0.014225
2020,48660,3,-0.003407
2020,48700,3,-0.002607
2020,49020,3,-0.000707
2020,49420,3,-0.003097
2020,49620,3,0.002384
2020,49660,3,-0.002757
2020,49740,3,-0.001694
2020,10180,4,-0.003145
2020,10420,4,4.9e-05
2020,10580,4,0.001026
2020,10740,4,-0.007043
2020,10780,4,-0.009368
2020,10900,4,0.002073
2020,11020,4,-0.002853
2020,11260,4,-0.004535
2020,11460,4,-0.002561
2020,11500,4,-0.007443
2020,11540,4,0.003507
2020,11700,4,-0.001878
2020,12020,4,0.000211
2020,12100,4,0.003351
2020,12220,4,0.004114
2020,12420,4,0.018625
2020,12540,4,0.001828
2020,12580,4,-0.007306
2020,12620,4,0.000179
2020,12700,4,-0.003449
2020,12980,4,-9e-06
2020,13020,4,-0.003199
2020,13380,4,0.009982
2020,13460,4,0.01991
2020,13780,4,-0.003406
2020,14260,4,0.01386
2020,14500,4,-0.003129
2020,14740,4,0.002362
2020,15180,4,-0.003787
2020,15260,4,-0.003542
2020,15380,4,-4.3e-05
2020,15500,4,0.005307
2020,15540,4,0.001658
2020,15940,4,-0.000933
2020,15980,4,0.012158
2020,16020,4,-0.005171
2020,16180,4,-0.000256
2020,16220,4,-0.004549
2020,16300,4,-0.000161
2020,16700,4,0.006631
2020,16860,4,-0.002443
2020,16940,4,-0.003702
2020,17020,4,-0.029173
2020,17420,4,0.003005
2020,17660,4,0.013911
2020,17780,4,0.004832
2020,17820,4,0.001305
2020,17900,4,-0.000275
2020,18020,4,0.008182
2020,18700,4,0.000482
2020,19340,4,-0.001197
2020,19460,4,-0.001759
2020,19500,4,-0.002841
2020,19740,4,0.00018
2020,20020,4,0.001198
2020,20100,4,0.003977
2020,20220,4,-0.001515
2020,20740,4,0.005469
2020,20940,4,-0.004397
2020,21140,4,0.002268
2020,21300,4,-0.0029
2020,21500,4,-0.003338
2020,21660,4,0.002599
2020,21820,4,-0.015171
2020,22020,4,0.006858
2020,22140,4,-0.017409
2020,22380,4,-0.004621
2020,22420,4,-0.001473
2020,22500,4,-0.006988
2020,22520,4,-0.001397
2020,22540,4,0.003437
2020,22660,4,0.00436
2020,23420,4,0.001697
2020,23460,4,-0.0057
2020,23580,4,0.003922
2020,24020,4,0.000265
2020,24220,4,-0.008003
2020,24300,4,-0.002384
2020,24500,4,-0.011924
2020,24540,4,0.014509
2020,24580,4,0.004569
2020,24660,4,-0.003089
2020,25420,4,0.006863
2020,25500,4,-0.005667
2020,25860,4,-0.006908
2020,25980,4,0.002803
2020,26300,4,-0.003537
2020,26380,4,-0.008696
2020,26620,4,0.011573
2020,26980,4,0.001353
2020,27060,4,-0.000517
2020,27100,4,-0.000794
2020,27260,4,0.007558
2020,27340,4,-0.000637
2020,27500,4,0.002245
2020,27740,4,-0.001208
2020,27780,4,-0.004764
2020,27860,4,0.001939
2020,27900,4,-3.4e-05
2020,28100,4,-0.000497
2020,28420,4,0.008864
2020,28660,4,0.008876
2020,28700,4,-0.008433
2020,28740,4,-0.001253
2020,29100,4,0.001046
2020,29340,4,-0.002645
2020,29420,4,0.000284
2020,29460,4,0.010418
2020,29540,4,0.002408
2020,29700,4,-0.000212
2020,29740,4,-0.00464
2020,29820,4,0.003952
2020,29940,4,0.005418
2020,30140,4,0.004115
2020,30300,4,-0.0098
2020,30340,4,0.001564
2020,30460,4,0.001715
2020,30620,4,-0.002602
2020,30700,4,0.004572
2020,30780,4,-0.003127
2020,30860,4,-0.000819
2020,31020,4,0.006027
2020,31420,4,-0.007378
2020,31700,4,0.002158
2020,31860,4,-2.2e-05
2020,32580,4,0.000985
2020,32780,4,0.001484
2020,32900,4,0.004098
2020,33140,4,0.00013
2020,33340,4,0.001292
2020,33540,4,-0.002261
2020,33700,4,-0.001444
2020,33780,4,0.000586
2020,33860,4,-0.002607
2020,34060,4,-0.008971
2020,34580,4,0.003983
2020,34620,4,-0.001081
2020,34740,4,-0.001023
2020,34940,4,0.008909
2020,35660,4,-0.002052
2020,35840,4,0.010784
2020,36100,4,0.006627
2020,36220,4,0.012295
2020,36420,4,0.001941
2020,36500,4,0.008493
2020,36540,4,0.004476
2020,36740,4,0.006091
2020,36780,4,0.004409
2020,36980,4,-0.000473
2020,37100,4,-0.005482
2020,37340,4,-0.000435
2020,37860,4,0.003848
2020,38060,4,0.00545
2020,38300,4,-0.000939
2020,38340,4,-0.006261
2020,38860,4,0.003979
2020,38900,4,0.003074
2020,38940,4,0.004744
2020,39300,4,-0.000749
2020,39340,4,0.010304
2020,39380,4,-0.005679
2020,39460,4,0.010341
2020,39540,4,0.000847
2020,39580,4,0.011171
2020,39740,4,0.001563
2020,39820,4,-0.002969
2020,39900,4,0.00437
2020,40140,4,0.002903
2020,40420,4,-0.001458
2020,40660,4,-0.004321
2020,40900,4,0.00309
2020,40980,4,-0.0007
2020,41060,4,0.000672
2020,41100,4,0.018213
2020,41140,4,-0.007906
2020,41420,4,0.001197
2020,41500,4,-0.00396
2020,41700,4,0.00434
2020,41740,4,-0.002109
2020,41940,4,-0.003407
2020,42020,4,-0.004086
2020,42100,4,-0.00601
2020,42140,4,-0.00697
2020,42220,4,-0.005674
2020,42340,4,0.00198
2020,42540,4,-0.00046
2020,42680,4,0.005424
2020,43100,4,0.00016
2020,43620,4,0.01144
2020,43780,4,0.002039
2020,44100,4,-0.00257
2020,44180,4,0.002487
2020,44220,4,-0.001606
2020,44300,4,0.000182
2020,44700,4,0.005025
2020,45060,4,-0.000736
2020,45220,4,-0.001185
2020,45820,4,-0.004394
2020,45940,4,0.000592
2020,46060,4,-0.001718
2020,46140,4,-0.001794
2020,46340,4,0.001601
2020,46540,4,-0.00207
2020,46660,4,0.00063
2020,46700,4,-0.000792
2020,47220,4,-0.003238
2020,47300,4,-0.000258
2020,47940,4,-0.00556
2020,48300,4,0.004042
2020,48540,4,-0.013934
2020,48660,4,-0.005828
2020,48700,4,-0.002117
2020,49020,4,-0.000407
2020,49420,4,-0.002768
2020,49620,4,0.002388
2020,49660,4,-0.002617
2020,49740,4,-0.001333
2020,10180,5,-0.00334
2020,10420,5,0.000265
2020,10580,5,0.001063
2020,10740,5,-0.007059
2020,10780,5,-0.009332
2020,10900,5,0.003109
2020,11020,5,-0.003433
2020,11260,5,-0.005669
2020,11460,5,-0.002319
2020,11500,5,-0.007677
2020,11540,5,0.00352
2020,11700,5,-0.003284
2020,12020,5,-3.7e-05
2020,12100,5,0.003839
2020,12220,5,0.004329
2020,12420,5,0.01796
2020,12540,5,0.003385
2020,12580,5,-0.007284
2020,12620,5,0.000322
2020,12700,5,-0.003267
2020,12980,5,0.000189
2020,13020,5,-0.002652
2020,13380,5,0.009127
2020,13460,5,0.020493
2020,13780,5,-0.003283
2020,14260,5,0.013269
2020,14500,5,-0.0049
2020,14740,5,0.000984
2020,15180,5,-0.003793
2020,15260,5,-0.003886
2020,15380,5,-0.001008
2020,15500,5,0.005922
2020,15540,5,0.001308
2020,15940,5,-0.000961
2020,15980,5,0.013687
2020,16020,5,-0.004488
2020,16180,5,0.000129
2020,16220,5,-0.005171
2020,16300,5,0.000253
2020,16700,5,0.00599
2020,16860,5,-0.003137
2020,16940,5,-0.004839
2020,17020,5,-0.03147
2020,17420,5,0.0032
2020,17660,5,0.013528
2020,17780,5,0.004501
2020,17820,5,0.000814
2020,17900,5,-0.000623
2020,18020,5,0.007976
2020,18700,5,-0.00071
2020,19340,5,-0.001501
2020,19460,5,-0.00202
2020,19500,5,-0.003186
2020,19740,5,-0.000851
2020,20020,5,0.001569
2020,20100,5,0.004448
2020,20220,5,-0.001883
2020,20740,5,0.005075
2020,20940,5,-0.003717
2020,21140,5,0.002086
2020,21300,5,-0.003259
2020,21500,5,-0.003711
2020,21660,5,0.001734
2020,21820,5,-0.016496
2020,22020,5,0.006609
2020,22140,5,-0.017588
2020,22380,5,-0.00456
2020,22420,5,-0.000963
2020,22500,5,-0.007371
2020,22520,5,-0.001873
2020,22540,5,0.003587
2020,22660,5,0.003719
2020,23420,5,0.002841
2020,23460,5,-0.005742
2020,23580,5,0.003947
2020,24020,5,0.000288
2020,24220,5,-0.009239
2020,24300,5,-0.002784
2020,24500,5,-0.012609
2020,24540,5,0.014929
2020,24580,5,0.004789
2020,24660,5,-0.003262
2020,25420,5,0.007206
2020,25500,5,-0.005978
2020,25860,5,-0.007359
2020,25980,5,0.00354
2020,26300,5,-0.003199
2020,26380,5,-0.009083
2020,26620,5,0.011884
2020,26980,5,0.001409
2020,27060,5,-0.000697
2020,27100,5,-0.00017
2020,27260,5,0.007742
2020,27340,5,-0.001034
2020,27500,5,0.001924
2020,27740,5,-0.001276
2020,27780,5,-0.005507
2020,27860,5,0.0028
2020,27900,5,0.000123
2020,28100,5,-0.000564
2020,28420,5,0.007326
2020,28660,5,0.009436
2020,28700,5,-0.00897
2020,28740,5,-0.001118
2020,29100,5,0.000363
2020,29340,5,-0.002931
2020,29420,5,0.000924
2020,29460,5,0.01158
2020,29540,5,0.00271
2020,29700,5,-8.7e-05
2020,29740,5,-0.004164
2020,29820,5,0.006572
2020,29940,5,0.005389
2020,30140,5,0.004824
2020,30300,5,-0.010745
2020,30340,5,0.001361
2020,30460,5,0.001491
2020,30620,5,-0.002899
2020,30700,5,0.004229
2020,30780,5,-0.002562
2020,30860,5,-0.001319
2020,31020,5,0.004904
2020,31420,5,-0.007148
2020,31700,5,0.002414
2020,31860,5,0.000176
2020,32580,5,0.001408
2020,32780,5,0.001941
2020,32900,5,0.006544
2020,33140,5,-0.000307
2020,33340,5,0.001211
2020,33540,5,-0.002935
2020,33700,5,0.000586
2020,33780,5,0.001776
2020,33860,5,-0.002217
2020,34060,5,-0.010236
2020,34580,5,0.002876
2020,34620,5,-0.000894
2020,34740,5,-0.001404
2020,34940,5,0.009936
2020,35660,5,-0.002439
2020,35840,5,0.011604
2020,36100,5,0.007042
2020,36220,5,0.011103
2020,36420,5,0.002196
2020,36500,5,0.00812
2020,36540,5,0.004209
2020,36740,5,0.00659
2020,36780,5,0.004584
2020,36980,5,-0.000921
2020,37100,5,-0.005054
2020,37340,5,-1.7e-05
2020,37860,5,0.003822
2020,38060,5,0.00664
2020,38300,5,-0.001723
2020,38340,5,-0.006582
2020,38860,5,0.003696
2020,38900,5,0.001775
2020,38940,5,0.005719
2020,39300,5,-0.000455
2020,39340,5,0.010198
2020,39380,5,-0.006536
2020,39460,5,0.011265
2020,39540,5,0.001003
2020,39580,5,0.010725
2020,39740,5,0.002325
2020,39820,5,-0.002489
2020,39900,5,0.005386
2020,40140,5,0.004306
2020,40420,5,-0.001159
2020,40660,5,-0.00444
2020,40900,5,0.004264
2020,40980,5,-0.000402
2020,41060,5,0.001844
2020,41100,5,0.020076
2020,41140,5,-0.007636
2020,41420,5,4.7e-05
2020,41500,5,-0.003099
2020,41700,5,0.00409
2020,41740,5,-0.001771
2020,41940,5,-0.003747
2020,42020,5,-0.003835
2020,42100,5,-0.006285
2020,42140,5,-0.007211
2020,42220,5,-0.006014
2020,42340,5,0.00133
2020,42540,5,-0.000263
2020,42680,5,0.006331
2020,43100,5,0.000342
2020,43620,5,0.011263
2020,43780,5,0.001928
2020,44100,5,-0.002899
2020,44180,5,0.002579
2020,44220,5,-0.001664
2020,44300,5,-0.00061
2020,44700,5,0.007172
2020,45060,5,-0.000925
2020,45220,5,-0.001366
2020,45820,5,-0.00465
2020,45940,5,0.001624
2020,46060,5,-0.000859
2020,46140,5,-0.001776
2020,46340,5,0.00212
2020,46540,5,-0.002579
2020,46660,5,0.000688
2020,46700,5,0.000901
2020,47220,5,-0.003095
2020,47300,5,0.000419
2020,47940,5,-0.005731
2020,48300,5,0.001975
2020,48540,5,-0.015413
2020,48660,5,-0.00537
2020,48700,5,-0.002764
2020,49020,5,0.000647
2020,49420,5,-0.004711
2020,49620,5,0.003147
2020,49660,5,-0.002644
2020,49740,5,-0.000247
2020,10180,6,-0.003318
2020,10420,6,0.000305
2020,10580,6,0.001204
2020,10740,6,-0.006933
2020,10780,6,-0.009187
2020,10900,6,0.003029
2020,11020,6,-0.003292
2020,11260,6,-0.00548
2020,11460,6,-0.002039
2020,11500,6,-0.007397
2020,11540,6,0.003627
2020,11700,6,-0.00304
2020,12020,6,7.1e-05
2020,12100,6,0.003868
2020,12220,6,0.004625
2020,12420,6,0.01799
2020,12540,6,0.003207
2020,12580,6,-0.007181
2020,12620,6,0.000366
2020,12700,6,-0.003229
2020,12980,6,0.000142
2020,13020,6,-0.002517
2020,13380,6,0.009141
2020,13460,6,0.020207
2020,13780,6,-0.003149
2020,14260,6,0.013334
2020,14500,6,-0.004486
2020,14740,6,0.00112
2020,15180,6,-0.003623
2020,15260,6,-0.003707
2020,15380,6,-0.000876
2020,15500,6,0.005886
2020,15540,6,0.001508
2020,15940,6,-0.000928
2020,15980,6,0.013565
2020,16020,6,-0.004542
2020,16180,6,-3.4e-05
2020,16220,6,-0.005396
2020,16300,6,0.000296
2020,16700,6,0.006012
2020,16860,6,-0.002997
2020,16940,6,-0.004616
2020,17020,6,-0.029083
2020,17420,6,0.003301
2020,17660,6,0.013548
2020,17780,6,0.004619
2020,17820,6,0.001139
2020,17900,6,-0.000464
2020,18020,6,0.007696
2020,18700,6,-0.000513
2020,19340,6,-0.00139
2020,19460,6,-0.001995
2020,19500,6,-0.003065
2020,19740,6,-0.000663
2020,20020,6,0.001356
2020,20100,6,0.00445
2020,20220,6,-0.001954
2020,20740,6,0.005234
2020,20940,6,-0.003637
2020,21140,6,0.002131
2020,21300,6,-0.00322
2020,21500,6,-0.003613
2020,21660,6,0.001763
2020,21820,6,-0.015989
2020,22020,6,0.006983
2020,22140,6,-0.017159
2020,22380,6,-0.004516
2020,22420,6,-0.001043
2020,22500,6,-0.007227
2020,22520,6,-0.001745
2020,22540,6,0.003681
2020,22660,6,0.003782
2020,23420,6,0.002621
2020,23460,6,-0.00555
2020,23580,6,0.0039
2020,24020,6,0.000389
2020,24220,6,-0.008643
2020,24300,6,-0.002523
2020,24500,6,-0.012225
2020,24540,6,0.014792
2020,24580,6,0.004859
2020,24660,6,-0.003232
2020,25420,6,0.007118
2020,25500,6,-0.005696
2020,25860,6,-0.007186
2020,25980,6,0.003122
2020,26300,6,-0.003096
2020,26380,6,-0.008821
2020,26620,6,0.011778
2020,26980,6,0.001647
2020,27060,6,-0.000604
2020,27100,6,-0.000212
2020,27260,6,0.0077
2020,27340,6,-0.000397
2020,27500,6,0.002059
2020,27740,6,-0.001237
2020,27780,6,-0.005257
2020,27860,6,0.00286
2020,27900,6,6.4e-05
2020,28100,6,-0.000524
2020,28420,6,0.007627
2020,28660,6,0.00933
2020,28700,6,-0.008833
2020,28740,6,-0.000926
2020,29100,6,0.00055
2020,29340,6,-0.002555
2020,29420,6,0.000708
2020,29460,6,0.011322
2020,29540,6,0.002642
2020,29700,6,4.3e-05
2020,29740,6,-0.003935
2020,29820,6,0.006332
2020,29940,6,0.005342
2020,30140,6,0.004932
2020,30300,6,-0.010463
2020,30340,6,0.001471
2020,30460,6,0.001672
2020,30620,6,-0.002774
2020,30700,6,0.00434
2020,30780,6,-0.002477
2020,30860,6,-0.00119
2020,31020,6,0.004783
2020,31420,6,-0.007109
2020,31700,6,0.002271
2020,31860,6,0.000243
2020,32580,6,0.001461
2020,32780,6,0.001863
2020,32900,6,0.006133
2020,33140,6,-0.000121
2020,33340,6,0.001239
2020,33540,6,-0.0027
2020,33700,6,0.000421
2020,33780,6,0.001591
2020,33860,6,-0.002241
2020,34060,6,-0.009965
2020,34580,6,0.003015
2020,34620,6,-0.000923
2020,34740,6,-0.001352
2020,34940,6,0.009946
2020,35660,6,-0.002324
2020,35840,6,0.011563
2020,36100,6,0.006859
2020,36220,6,0.01108
2020,36420,6,0.00209
2020,36500,6,0.008185
2020,36540,6,0.004241
2020,36740,6,0.006839
2020,36780,6,0.004551
2020,36980,6,-0.000919
2020,37100,6,-0.005014
2020,37340,6,-4.4e-05
2020,37860,6,0.003668
2020,38060,6,0.006381
2020,38300,6,-0.001713
2020,38340,6,-0.006274
2020,38860,6,0.003743
2020,38900,6,0.001934
2020,38940,6,0.005548
2020,39300,6,-0.000494
2020,39340,6,0.010233
2020,39380,6,-0.006289
2020,39460,6,0.011047
2020,39540,6,0.001198
2020,39580,6,0.01078
2020,39740,6,0.002288
2020,39820,6,-0.00261
2020,39900,6,0.005344
2020,40140,6,0.004205
2020,40420,6,-0.001073
2020,40660,6,-0.004335
2020,40900,6,0.004051
2020,40980,6,-0.000413
2020,41060,6,0.001513
2020,41100,6,0.0198
2020,41140,6,-0.007441
2020,41420,6,0.000192
2020,41500,6,-0.003221
2020,41700,6,0.004089
2020,41740,6,-0.001779
2020,41940,6,-0.003532
2020,42020,6,-0.003795
2020,42100,6,-0.006241
2020,42140,6,-0.007035
2020,42220,6,-0.005637
2020,42340,6,0.001416
2020,42540,6,-0.000182
2020,42680,6,0.006183
2020,43100,6,0.000391
2020,43620,6,0.011256
2020,43780,6,0.001976
2020,44100,6,-0.002741
2020,44180,6,0.002538
2020,44220,6,-0.001462
2020,44300,6,-0.000426
2020,44700,6,0.006824
2020,45060,6,-0.000898
2020,45220,6,-0.001284
2020,45820,6,-0.004593
2020,45940,6,0.001598
2020,46060,6,-0.000923
2020,46140,6,-0.001781
2020,46340,6,0.001922
2020,46540,6,-0.00244
2020,46660,6,0.000866
2020,46700,6,0.000816
2020,47220,6,-0.00301
2020,47300,6,0.000383
2020,47940,6,-0.005702
2020,48300,6,0.002135
2020,48540,6,-0.015114
2020,48660,6,-0.005306
2020,48700,6,-0.002582
2020,49020,6,0.000721
2020,49420,6,-0.004392
2020,49620,6,0.003034
2020,49660,6,-0.002606
2020,49740,6,-0.000324
2020,10180,7,-0.002898
2020,10420,7,-0.000243
2020,10580,7,0.000658
2020,10740,7,-0.006815
2020,10780,7,-0.009199
2020,10900,7,0.002001
2020,11020,7,-0.0025
2020,11260,7,-0.004532
2020,11460,7,-0.002714
2020,11500,7,-0.007184
2020,11540,7,0.003546
2020,11700,7,-0.001629
2020,12020,7,0.000409
2020,12100,7,0.002581
2020,12220,7,0.00348
2020,12420,7,0.017954
2020,12540,7,0.001666
2020,12580,7,-0.007279
2020,12620,7,0.000387
2020,12700,7,-0.002967
2020,12980,7,0.000285
2020,13020,7,-0.003387
2020,13380,7,0.009851
2020,13460,7,0.019288
2020,13780,7,-0.002828
2020,14260,7,0.013225
2020,14500,7,-0.002842
2020,14740,7,0.002388
2020,15180,7,-0.003636
2020,15260,7,-0.003486
2020,15380,7,-8.2e-05
2020,15500,7,0.0053
2020,15540,7,0.001511
2020,15940,7,-0.00108
2020,15980,7,0.011342
2020,16020,7,-0.003111
2020,16180,7,-0.000766
2020,16220,7,-0.003553
2020,16300,7,-0.000573
2020,16700,7,0.006594
2020,16860,7,-0.002097
2020,16940,7,-0.003543
2020,17020,7,-0.029536
2020,17420,7,0.002942
2020,17660,7,0.013285
2020,17780,7,0.00466
2020,17820,7,0.001173
2020,17900,7,-0.000268
2020,18020,7,0.00822
2020,18700,7,0.000932
2020,19340,7,-0.001142
2020,19460,7,-0.001637
2020,19500,7,-0.002921
2020,19740,7,0.000544
2020,20020,7,0.001321
2020,20100,7,0.003574
2020,20220,7,-0.001453
2020,20740,7,0.00519
2020,20940,7,-0.004301
2020,21140,7,0.002236
2020,21300,7,-0.002047
2020,21500,7,-0.002973
2020,21660,7,0.002602
2020,21820,7,-0.014267
2020,22020,7,0.006372
2020,22140,7,-0.016735
2020,22380,7,-0.0046
2020,22420,7,-0.001839
2020,22500,7,-0.006912
2020,22520,7,-0.001464
2020,22540,7,0.003327
2020,22660,7,0.004553
2020,23420,7,0.001336
2020,23460,7,-0.005485
2020,23580,7,0.003565
2020,24020,7,0.000198
2020,24220,7,-0.007406
2020,24300,7,-0.002279
2020,24500,7,-0.011432
2020,24540,7,0.014128
2020,24580,7,0.004351
2020,24660,7,-0.002805
2020,25420,7,0.006295
2020,25500,7,-0.005553
2020,25860,7,-0.005591
2020,25980,7,0.003257
2020,26300,7,-0.003389
2020,26380,7,-0.008482
2020,26620,7,0.011229
2020,26980,7,0.00063
2020,27060,7,-0.000213
2020,27100,7,-0.000198
2020,27260,7,0.006881
2020,27340,7,-0.000146
2020,27500,7,0.002153
2020,27740,7,-0.000674
2020,27780,7,-0.004528
2020,27860,7,0.001354
2020,27900,7,-0.00018
2020,28100,7,-0.000435
2020,28420,7,0.008818
2020,28660,7,0.008535
2020,28700,7,-0.006766
2020,28740,7,-0.001389
2020,29100,7,0.001098
2020,29340,7,-0.00287
2020,29420,7,-5.8e-05
2020,29460,7,0.009846
2020,29540,7,0.002628
2020,29700,7,-0.000448
2020,29740,7,-0.004676
2020,29820,7,0.00366
2020,29940,7,0.004753
2020,30140,7,0.003867
2020,30300,7,-0.008024
2020,30340,7,0.001339
2020,30460,7,0.00142
2020,30620,7,-0.002255
2020,30700,7,0.003962
2020,30780,7,-0.003342
2020,30860,7,-5.6e-05
2020,31020,7,0.006057
2020,31420,7,-0.00698
2020,31700,7,0.002037
2020,31860,7,-0.000393
2020,32580,7,0.000476
2020,32780,7,0.001279
2020,32900,7,0.003949
2020,33140,7,7.4e-05
2020,33340,7,0.000989
2020,33540,7,-0.002321
2020,33700,7,-0.000566
2020,33780,7,0.00101
2020,33860,7,-0.002562
2020,34060,7,-0.008344
2020,34580,7,0.003973
2020,34620,7,-0.000468
2020,34740,7,-0.000347
2020,34940,7,0.00868
2020,35660,7,-0.001664
2020,35840,7,0.010146
2020,36100,7,0.005803
2020,36220,7,0.012932
2020,36420,7,0.001764
2020,36500,7,0.008132
2020,36540,7,0.003937
2020,36740,7,0.005263
2020,36780,7,0.004517
2020,36980,7,-0.000227
2020,37100,7,-0.005416
2020,37340,7,-0.000274
2020,37860,7,0.003838
2020,38060,7,0.004959
2020,38300,7,-0.00072
2020,38340,7,-0.00579
2020,38860,7,0.003783
2020,38900,7,0.003343
2020,38940,7,0.004575
2020,39300,7,-0.000941
2020,39340,7,0.009641
2020,39380,7,-0.005361
2020,39460,7,0.009702
2020,39540,7,0.000665
2020,39580,7,0.010647
2020,39740,7,0.001871
2020,39820,7,-0.002937
2020,39900,7,0.003924
2020,40140,7,0.002747
2020,40420,7,-0.001658
2020,40660,7,-0.004328
2020,40900,7,0.002729
2020,40980,7,-0.000689
2020,41060,7,0.00165
2020,41100,7,0.017129
2020,41140,7,-0.006345
2020,41420,7,0.001303
2020,41500,7,-0.00384
2020,41700,7,0.004148
2020,41740,7,-0.002208
2020,41940,7,-0.002769
2020,42020,7,-0.004005
2020,42100,7,-0.005568
2020,42140,7,-0.006665
2020,42220,7,-0.005888
2020,42340,7,0.001647
2020,42540,7,-0.000421
2020,42680,7,0.005184
2020,43100,7,0.000877
2020,43620,7,0.010515
2020,43780,7,0.002017
2020,44100,7,-0.002612
2020,44180,7,0.00231
2020,44220,7,-0.001784
2020,44300,7,0.000627
2020,44700,7,0.004822
2020,45060,7,-0.000875
2020,45220,7,-0.00118
2020,45820,7,-0.004533
2020,45940,7,0.000117
2020,46060,7,-0.001867
2020,46140,7,-0.001854
2020,46340,7,0.001461
2020,46540,7,-0.001969
2020,46660,7,0.000477
2020,46700,7,-0.000425
2020,47220,7,-0.003177
2020,47300,7,-0.000535
2020,47940,7,-0.005426
2020,48300,7,0.004091
2020,48540,7,-0.013194
2020,48660,7,-0.004469
2020,48700,7,-0.002046
2020,49020,7,-0.000915
2020,49420,7,-0.00241
2020,49620,7,0.002414
2020,49660,7,-0.002704
2020,49740,7,-0.001825
2020,10180,8,-0.003722
2020,10420,8,-9.9e-05
2020,10580,8,0.000691
2020,10740,8,-0.007231
2020,10780,8,-0.009379
2020,10900,8,0.00253
2020,11020,8,-0.003066
2020,11260,8,-0.004509
2020,11460,8,-0.00273
2020,11500,8,-0.007719
2020,11540,8,0.003424
2020,11700,8,-0.002986
2020,12020,8,-4.7e-05
2020,12100,8,0.004124
2020,12220,8,0.004756
2020,12420,8,0.019636
2020,12540,8,0.002708
2020,12580,8,-0.007349
2020,12620,8,0.000308
2020,12700,8,-0.002712
2020,12980,8,0.000523
2020,13020,8,-0.003171
2020,13380,8,0.00958
2020,13460,8,0.020759
2020,13780,8,-0.002661
2020,14260,8,0.014634
2020,14500,8,-0.0037
2020,14740,8,0.00134
2020,15180,8,-0.003865
2020,15260,8,-0.003811
2020,15380,8,-0.001043
2020,15500,8,0.004778
2020,15540,8,0.00165
2020,15940,8,-0.000655
2020,15980,8,0.01386
2020,16020,8,-0.001783
2020,16180,8,-0.001132
2020,16220,8,-0.004287
2020,16300,8,-0.000779
2020,16700,8,0.006585
2020,16860,8,-0.00343
2020,16940,8,-0.003849
2020,17020,8,-0.029787
2020,17420,8,0.002942
2020,17660,8,0.014836
2020,17780,8,0.004372
2020,17820,8,0.001093
2020,17900,8,-0.000269
2020,18020,8,0.008005
2020,18700,8,-9.1e-05
2020,19340,8,-0.001383
2020,19460,8,-0.002564
2020,19500,8,-0.003458
2020,19740,8,-0.000611
2020,20020,8,0.001446
2020,20100,8,0.004677
2020,20220,8,-0.002534
2020,20740,8,0.005391
2020,20940,8,-0.004094
2020,21140,8,0.001706
2020,21300,8,-0.001627
2020,21500,8,-0.003161
2020,21660,8,0.002143
2020,21820,8,-0.01493
2020,22020,8,0.00712
2020,22140,8,-0.017383
2020,22380,8,-0.004966
2020,22420,8,-0.001367
2020,22500,8,-0.007209
2020,22520,8,-0.002176
2020,22540,8,0.002853
2020,22660,8,0.003915
2020,23420,8,0.002361
2020,23460,8,-0.006225
2020,23580,8,0.003782
2020,24020,8,0.000111
2020,24220,8,-0.008826
2020,24300,8,-0.00293
2020,24500,8,-0.012745
2020,24540,8,0.01488
2020,24580,8,0.004647
2020,24660,8,-0.00366
2020,25420,8,0.00662
2020,25500,8,-0.006277
2020,25860,8,-0.006829
2020,25980,8,0.002559
2020,26300,8,-0.004249
2020,26380,8,-0.008633
2020,26620,8,0.012133
2020,26980,8,0.000821
2020,27060,8,-0.001197
2020,27100,8,0.000682
2020,27260,8,0.008262
2020,27340,8,-0.000805
2020,27500,8,0.001434
2020,27740,8,-0.000872
2020,27780,8,-0.004915
2020,27860,8,0.002115
2020,27900,8,-0.000926
2020,28100,8,-0.000806
2020,28420,8,0.008511
2020,28660,8,0.008962
2020,28700,8,-0.007797
2020,28740,8,-0.001494
2020,29100,8,0.000895
2020,29340,8,-0.002811
2020,29420,8,0.000563
2020,29460,8,0.010028
2020,29540,8,0.002258
2020,29700,8,0.000396
2020,29740,8,-0.004543
2020,29820,8,0.004506
2020,29940,8,0.005286
2020,30140,8,0.0038
2020,30300,8,-0.008963
2020,30340,8,0.00078
2020,30460,8,0.001845
2020,30620,8,-0.002599
2020,30700,8,0.004228
2020,30780,8,-0.003087
2020,30860,8,-0.00212
2020,31020,8,0.004467
2020,31420,8,-0.007952
2020,31700,8,0.002161
2020,31860,8,-0.000444
2020,32580,8,0.001428
2020,32780,8,0.00175
2020,32900,8,0.004128
2020,33140,8,-0.000418
2020,33340,8,0.001101
2020,33540,8,-0.002609
2020,33700,8,3e-06
2020,33780,8,0.002085
2020,33860,8,-0.002164
2020,34060,8,-0.010046
2020,34580,8,0.002958
2020,34620,8,0.000181
2020,34740,8,-0.000272
2020,34940,8,0.010129
2020,35660,8,-0.001754
2020,35840,8,0.012175
2020,36100,8,0.006864
2020,36220,8,0.011724
2020,36420,8,0.002222
2020,36500,8,0.008014
2020,36540,8,0.003983
2020,36740,8,0.00712
2020,36780,8,0.004403
2020,36980,8,-0.000704
2020,37100,8,-0.005638
2020,37340,8,-0.001531
2020,37860,8,0.003627
2020,38060,8,0.005867
2020,38300,8,-0.001111
2020,38340,8,-0.006446
2020,38860,8,0.004006
2020,38900,8,0.002649
2020,38940,8,0.004508
2020,39300,8,-0.000984
2020,39340,8,0.010704
2020,39380,8,-0.007114
2020,39460,8,0.011081
2020,39540,8,0.000521
2020,39580,8,0.011952
2020,39740,8,0.002044
2020,39820,8,-0.00231
2020,39900,8,0.005095
2020,40140,8,0.003264
2020,40420,8,-0.001808
2020,40660,8,-0.005664
2020,40900,8,0.003307
2020,40980,8,-0.000155
2020,41060,8,0.002332
2020,41100,8,0.019661
2020,41140,8,-0.00602
2020,41420,8,-0.000308
2020,41500,8,-0.003702
2020,41700,8,0.003475
2020,41740,8,-0.001871
2020,41940,8,-0.003639
2020,42020,8,-0.004078
2020,42100,8,-0.00662
2020,42140,8,-0.007674
2020,42220,8,-0.005312
2020,42340,8,0.002563
2020,42540,8,-0.000636
2020,42680,8,0.005389
2020,43100,8,0.000705
2020,43620,8,0.011324
2020,43780,8,0.001453
2020,44100,8,-0.002787
2020,44180,8,0.001668
2020,44220,8,-0.002051
2020,44300,8,-2.6e-05
2020,44700,8,0.005493
2020,45060,8,-0.001361
2020,45220,8,-0.001031
2020,45820,8,-0.0054
2020,45940,8,0.000917
2020,46060,8,-0.001215
2020,46140,8,-0.001624
2020,46340,8,0.000817
2020,46540,8,-0.003141
2020,46660,8,0.000776
2020,46700,8,-0.000427
2020,47220,8,-0.002767
2020,47300,8,0.000309
2020,47940,8,-0.006156
2020,48300,8,0.003512
2020,48540,8,-0.015115
2020,48660,8,-0.003967
2020,48700,8,-0.002901
2020,49020,8,-2.8e-05
2020,49420,8,-0.004152
2020,49620,8,0.002618
2020,49660,8,-0.002651
2020,49740,8,-0.000993
2020,10180,9,-0.002843
2020,10420,9,-0.000456
2020,10580,9,0.000521
2020,10740,9,-0.006918
2020,10780,9,-0.009704
2020,10900,9,0.001257
2020,11020,9,-0.002171
2020,11260,9,-0.004036
2020,11460,9,-0.003129
2020,11500,9,-0.007099
2020,11540,9,0.003646
2020,11700,9,-0.000699
2020,12020,9,0.000714
2020,12100,9,0.002446
2020,12220,9,0.00317
2020,12420,9,0.018567
2020,12540,9,0.000755
2020,12580,9,-0.007663
2020,12620,9,0.000405
2020,12700,9,-0.00334
2020,12980,9,0.000197
2020,13020,9,-0.003816
2020,13380,9,0.010785
2020,13460,9,0.019121
2020,13780,9,-0.003066
2020,14260,9,0.014129
2020,14500,9,-0.002006
2020,14740,9,0.003491
2020,15180,9,-0.003488
2020,15260,9,-0.003437
2020,15380,9,0.00066
2020,15500,9,0.005261
2020,15540,9,0.00164
2020,15940,9,-0.001178
2020,15980,9,0.010049
2020,16020,9,-0.004
2020,16180,9,-0.001021
2020,16220,9,-0.003047
2020,16300,9,-0.000867
2020,16700,9,0.006997
2020,16860,9,-0.001389
2020,16940,9,-0.002853
2020,17020,9,-0.028216
2020,17420,9,0.002939
2020,17660,9,0.013861
2020,17780,9,0.004765
2020,17820,9,0.001554
2020,17900,9,-2.7e-05
2020,18020,9,0.008619
2020,18700,9,0.001843
2020,19340,9,-0.001114
2020,19460,9,-0.001252
2020,19500,9,-0.002655
2020,19740,9,0.001058
2020,20020,9,0.001018
2020,20100,9,0.003094
2020,20220,9,-0.001071
2020,20740,9,0.005505
2020,20940,9,-0.004904
2020,21140,9,0.002437
2020,21300,9,-0.001936
2020,21500,9,-0.002855
2020,21660,9,0.003295
2020,21820,9,-0.013968
2020,22020,9,0.006396
2020,22140,9,-0.017089
2020,22380,9,-0.004897
2020,22420,9,-0.002395
2020,22500,9,-0.007025
2020,22520,9,-0.001041
2020,22540,9,0.003458
2020,22660,9,0.004867
2020,23420,9,0.00048
2020,23460,9,-0.005503
2020,23580,9,0.003557
2020,24020,9,0.000178
2020,24220,9,-0.006634
2020,24300,9,-0.001891
2020,24500,9,-0.011356
2020,24540,9,0.013815
2020,24580,9,0.004215
2020,24660,9,-0.002549
2020,25420,9,0.006117
2020,25500,9,-0.005443
2020,25860,9,-0.005008
2020,25980,9,0.003117
2020,26300,9,-0.003356
2020,26380,9,-0.00858
2020,26620,9,0.011375
2020,26980,9,0.000432
2020,27060,9,-0.000109
2020,27100,9,-0.000779
2020,27260,9,0.006597
2020,27340,9,0.000843
2020,27500,9,0.002659
2020,27740,9,-0.000625
2020,27780,9,-0.003912
2020,27860,9,0.000557
2020,27900,9,-1.5e-05
2020,28100,9,-0.000221
2020,28420,9,0.01038
2020,28660,9,0.008597
2020,28700,9,-0.006399
2020,28740,9,-0.001216
2020,29100,9,0.001496
2020,29340,9,-0.003027
2020,29420,9,-0.00044
2020,29460,9,0.009304
2020,29540,9,0.002482
2020,29700,9,-0.000643
2020,29740,9,-0.005083
2020,29820,9,0.002039
2020,29940,9,0.004947
2020,30140,9,0.003543
2020,30300,9,-0.00731
2020,30340,9,0.001826
2020,30460,9,0.001384
2020,30620,9,-0.002108
2020,30700,9,0.00421
2020,30780,9,-0.003897
2020,30860,9,0.00082
2020,31020,9,0.007357
2020,31420,9,-0.007097
2020,31700,9,0.001861
2020,31860,9,-0.000562
2020,32580,9,-1.7e-05
2020,32780,9,0.000804
2020,32900,9,0.002648
2020,33140,9,0.000599
2020,33340,9,0.000961
2020,33540,9,-0.00192
2020,33700,9,-0.001894
2020,33780,9,-0.000123
2020,33860,9,-0.003023
2020,34060,9,-0.007539
2020,34580,9,0.004972
2020,34620,9,-0.000671
2020,34740,9,-9.7e-05
2020,34940,9,0.007941
2020,35660,9,-0.00146
2020,35840,9,0.00939
2020,36100,9,0.005661
2020,36220,9,0.015145
2020,36420,9,0.001502
2020,36500,9,0.00864
2020,36540,9,0.004343
2020,36740,9,0.004641
2020,36780,9,0.004547
2020,36980,9,2.7e-05
2020,37100,9,-0.005894
2020,37340,9,-0.000508
2020,37860,9,0.004128
2020,38060,9,0.004191
2020,38300,9,-0.000251
2020,38340,9,-0.005626
2020,38860,9,0.004031
2020,38900,9,0.004126
2020,38940,9,0.003896
2020,39300,9,-0.001217
2020,39340,9,0.00972
2020,39380,9,-0.004521
2020,39460,9,0.009067
2020,39540,9,0.000681
2020,39580,9,0.010911
2020,39740,9,0.001327
2020,39820,9,-0.00329
2020,39900,9,0.003031
2020,40140,9,0.001899
2020,40420,9,-0.001834
2020,40660,9,-0.00394
2020,40900,9,0.001869
2020,40980,9,-0.000787
2020,41060,9,0.000784
2020,41100,9,0.016
2020,41140,9,-0.006774
2020,41420,9,0.00224
2020,41500,9,-0.004461
2020,41700,9,0.004444
2020,41740,9,-0.002722
2020,41940,9,-0.002991
2020,42020,9,-0.004443
2020,42100,9,-0.005624
2020,42140,9,-0.006247
2020,42220,9,-0.006262
2020,42340,9,0.001968
2020,42540,9,-0.000476
2020,42680,9,0.004523
2020,43100,9,0.000791
2020,43620,9,0.010766
2020,43780,9,0.00221
2020,44100,9,-0.0027
2020,44180,9,0.002596
2020,44220,9,-0.001647
2020,44300,9,0.001236
2020,44700,9,0.003514
2020,45060,9,-0.000742
2020,45220,9,-0.001034
2020,45820,9,-0.00429
2020,45940,9,-0.000735
2020,46060,9,-0.002465
2020,46140,9,-0.002011
2020,46340,9,0.001234
2020,46540,9,-0.001547
2020,46660,9,0.000593
2020,46700,9,-0.001497
2020,47220,9,-0.003342
2020,47300,9,-0.001057
2020,47940,9,-0.005413
2020,48300,9,0.005642
2020,48540,9,-0.012317
2020,48660,9,-0.004894
2020,48700,9,-0.001548
2020,49020,9,-0.001802
2020,49420,9,-0.000599
2020,49620,9,0.001899
2020,49660,9,-0.002838
2020,49740,9,-0.002708
2020,10180,10,-0.003611
2020,10420,10,-0.000213
2020,10580,10,0.000907
2020,10740,10,-0.007277
2020,10780,10,-0.009494
2020,10900,10,0.001517
2020,11020,10,-0.002647
2020,11260,10,-0.003419
2020,11460,10,-0.002857
2020,11500,10,-0.007557
2020,11540,10,0.003535
2020,11700,10,-0.001745
2020,12020,10,2.5e-05
2020,12100,10,0.003925
2020,12220,10,0.004821
2020,12420,10,0.02055
2020,12540,10,0.001359
2020,12580,10,-0.007444
2020,12620,10,0.000185
2020,12700,10,-0.003195
2020,12980,10,8.5e-05
2020,13020,10,-0.003551
2020,13380,10,0.010456
2020,13460,10,0.020492
2020,13780,10,-0.002913
2020,14260,10,0.015186
2020,14500,10,-0.001926
2020,14740,10,0.002564
2020,15180,10,-0.003853
2020,15260,10,-0.00353
2020,15380,10,-0.000193
2020,15500,10,0.004445
2020,15540,10,0.002144
2020,15940,10,-0.000697
2020,15980,10,0.01285
2020,16020,10,-0.003404
2020,16180,10,-0.001439
2020,16220,10,-0.003936
2020,16300,10,-0.000929
2020,16700,10,0.007213
2020,16860,10,-0.002843
2020,16940,10,-0.002921
2020,17020,10,-0.027425
2020,17420,10,0.002851
2020,17660,10,0.015267
2020,17780,10,0.004979
2020,17820,10,0.001706
2020,17900,10,9.9e-05
2020,18020,10,0.008202
2020,18700,10,0.000812
2020,19340,10,-0.001006
2020,19460,10,-0.002286
2020,19500,10,-0.002909
2020,19740,10,0.00042
2020,20020,10,0.000999
2020,20100,10,0.004477
2020,20220,10,-0.002215
2020,20740,10,0.005993
2020,20940,10,-0.004735
2020,21140,10,0.001922
2020,21300,10,-0.001713
2020,21500,10,-0.002934
2020,21660,10,0.002775
2020,21820,10,-0.013958
2020,22020,10,0.007922
2020,22140,10,-0.017247
2020,22380,10,-0.005072
2020,22420,10,-0.001923
2020,22500,10,-0.006811
2020,22520,10,-0.001642
2020,22540,10,0.003052
2020,22660,10,0.004644
2020,23420,10,0.001286
2020,23460,10,-0.006129
2020,23580,10,0.003826
2020,24020,10,0.000275
2020,24220,10,-0.007506
2020,24300,10,-0.002453
2020,24500,10,-0.012078
2020,24540,10,0.014765
2020,24580,10,0.004645
2020,24660,10,-0.003565
2020,25420,10,0.006593
2020,25500,10,-0.005912
2020,25860,10,-0.006936
2020,25980,10,0.002058
2020,26300,10,-0.004454
2020,26380,10,-0.00829
2020,26620,10,0.01204
2020,26980,10,0.001187
2020,27060,10,-0.000839
2020,27100,10,-0.000367
2020,27260,10,0.008145
2020,27340,10,-6.5e-05
2020,27500,10,0.001846
2020,27740,10,-0.001039
2020,27780,10,-0.004271
2020,27860,10,0.001665
2020,27900,10,-0.000951
2020,28100,10,-0.000631
2020,28420,10,0.010026
2020,28660,10,0.008611
2020,28700,10,-0.007942
2020,28740,10,-0.00155
2020,29100,10,0.001586
2020,29340,10,-0.002243
2020,29420,10,-0.000222
2020,29460,10,0.009055
2020,29540,10,0.001874
2020,29700,10,0.00031
2020,29740,10,-0.004728
2020,29820,10,0.002289
2020,29940,10,0.005549
2020,30140,10,0.003432
2020,30300,10,-0.008874
2020,30340,10,0.001187
2020,30460,10,0.002187
2020,30620,10,-0.002402
2020,30700,10,0.004799
2020,30780,10,-0.003489
2020,30860,10,-0.001764
2020,31020,10,0.005275
2020,31420,10,-0.008262
2020,31700,10,0.001837
2020,31860,10,-0.000513
2020,32580,10,0.001157
2020,32780,10,0.00127
2020,32900,10,0.00206
2020,33140,10,0.000126
2020,33340,10,0.001298
2020,33540,10,-0.001937
2020,33700,10,-0.00212
2020,33780,10,0.000601
2020,33860,10,-0.00259
2020,34060,10,-0.009021
2020,34580,10,0.003956
2020,34620,10,-0.000301
2020,34740,10,-0.000477
2020,34940,10,0.009542
2020,35660,10,-0.001654
2020,35840,10,0.011692
2020,36100,10,0.006447
2020,36220,10,0.012825
2020,36420,10,0.001932
2020,36500,10,0.008533
2020,36540,10,0.004374
2020,36740,10,0.006852
2020,36780,10,0.004347
2020,36980,10,-0.000454
2020,37100,10,-0.005981
2020,37340,10,-0.00193
2020,37860,10,0.003486
2020,38060,10,0.004795
2020,38300,10,-0.000667
2020,38340,10,-0.00611
2020,38860,10,0.004327
2020,38900,10,0.003924
2020,38940,10,0.003692
2020,39300,10,-0.001283
2020,39340,10,0.010997
2020,39380,10,-0.006384
2020,39460,10,0.010386
2020,39540,10,0.000567
2020,39580,10,0.012521
2020,39740,10,0.001198
2020,39820,10,-0.00309
2020,39900,10,0.004355
2020,40140,10,0.00221
2020,40420,10,-0.001869
2020,40660,10,-0.005495
2020,40900,10,0.002348
2020,40980,10,-0.000565
2020,41060,10,0.000561
2020,41100,10,0.018276
2020,41140,10,-0.006884
2020,41420,10,0.000687
2020,41500,10,-0.004609
2020,41700,10,0.00372
2020,41740,10,-0.002164
2020,41940,10,-0.003052
2020,42020,10,-0.004303
2020,42100,10,-0.006402
2020,42140,10,-0.007528
2020,42220,10,-0.00465
2020,42340,10,0.003076
2020,42540,10,-0.000768
2020,42680,10,0.004626
2020,43100,10,0.000361
2020,43620,10,0.011839
2020,43780,10,0.001692
2020,44100,10,-0.002272
2020,44180,10,0.001648
2020,44220,10,-0.001853
2020,44300,10,0.000539
2020,44700,10,0.00368
2020,45060,10,-0.001128
2020,45220,10,-0.000974
2020,45820,10,-0.005111
2020,45940,10,0.000115
2020,46060,10,-0.002103
2020,46140,10,-0.001723
2020,46340,10,0.000355
2020,46540,10,-0.002584
2020,46660,10,0.001045
2020,46700,10,-0.001855
2020,47220,10,-0.002974
2020,47300,10,-0.000302
2020,47940,10,-0.006041
2020,48300,10,0.005279
2020,48540,10,-0.013979
2020,48660,10,-0.005074
2020,48700,10,-0.0022
2020,49020,10,-0.000839
2020,49420,10,-0.002428
2020,49620,10,0.00184
2020,49660,10,-0.002634
2020,49740,10,-0.001909
2020,10180,11,-0.003444
2020,10420,11,-0.000156
2020,10580,11,0.000938
2020,10740,11,-0.007257
2020,10780,11,-0.009326
2020,10900,11,0.001897
2020,11020,11,-0.002696
2020,11260,11,-0.00418
2020,11460,11,-0.002453
2020,11500,11,-0.007371
2020,11540,11,0.003579
2020,11700,11,-0.001883
2020,12020,11,0.000129
2020,12100,11,0.003599
2020,12220,11,0.00475
2020,12420,11,0.019792
2020,12540,11,0.001581
2020,12580,11,-0.00742
2020,12620,11,0.000198
2020,12700,11,-0.00299
2020,12980,11,0.000165
2020,13020,11,-0.00333
2020,13380,11,0.010013
2020,13460,11,0.020218
2020,13780,11,-0.002824
2020,14260,11,0.014566
2020,14500,11,-0.002201
2020,14740,11,0.002282
2020,15180,11,-0.003798
2020,15260,11,-0.003444
2020,15380,11,-0.000264
2020,15500,11,0.004669
2020,15540,11,0.001934
2020,15940,11,-0.000816
2020,15980,11,0.012992
2020,16020,11,-0.003142
2020,16180,11,-0.00101
2020,16220,11,-0.004441
2020,16300,11,-0.000761
2020,16700,11,0.006992
2020,16860,11,-0.002838
2020,16940,11,-0.003382
2020,17020,11,-0.027339
2020,17420,11,0.002997
2020,17660,11,0.014656
2020,17780,11,0.005014
2020,17820,11,0.001646
2020,17900,11,-0.000104
2020,18020,11,0.007891
2020,18700,11,0.000541
2020,19340,11,-0.001139
2020,19460,11,-0.002227
2020,19500,11,-0.003116
2020,19740,11,0.000492
2020,20020,11,0.001024
2020,20100,11,0.004268
2020,20220,11,-0.00222
2020,20740,11,0.005769
2020,20940,11,-0.004368
2020,21140,11,0.002016
2020,21300,11,-0.001931
2020,21500,11,-0.002992
2020,21660,11,0.002452
2020,21820,11,-0.014227
2020,22020,11,0.007704
2020,22140,11,-0.017148
2020,22380,11,-0.004859
2020,22420,11,-0.001648
2020,22500,11,-0.006956
2020,22520,11,-0.001729
2020,22540,11,0.003129
2020,22660,11,0.004634
2020,23420,11,0.001459
2020,23460,11,-0.005901
2020,23580,11,0.003811
2020,24020,11,0.000287
2020,24220,11,-0.007487
2020,24300,11,-0.002415
2020,24500,11,-0.011966
2020,24540,11,0.014804
2020,24580,11,0.00467
2020,24660,11,-0.003512
2020,25420,11,0.006533
2020,25500,11,-0.005866
2020,25860,11,-0.006729
2020,25980,11,0.002108
2020,26300,11,-0.004122
2020,26380,11,-0.008366
2020,26620,11,0.011745
2020,26980,11,0.001186
2020,27060,11,-0.000663
2020,27100,11,-6.6e-05
2020,27260,11,0.007951
2020,27340,11,-0.000162
2020,27500,11,0.001924
2020,27740,11,-0.000943
2020,27780,11,-0.004512
2020,27860,11,0.001835
2020,27900,11,-0.000857
2020,28100,11,-0.000703
2020,28420,11,0.009314
2020,28660,11,0.008588
2020,28700,11,-0.007833
2020,28740,11,-0.001357
2020,29100,11,0.001373
2020,29340,11,-0.002215
2020,29420,11,-9.7e-05
2020,29460,11,0.009541
2020,29540,11,0.002163
2020,29700,11,0.0002
2020,29740,11,-0.004651
2020,29820,11,0.003414
2020,29940,11,0.005256
2020,30140,11,0.003742
2020,30300,11,-0.008906
2020,30340,11,0.00116
2020,30460,11,0.002131
2020,30620,11,-0.002397
2020,30700,11,0.004614
2020,30780,11,-0.003311
2020,30860,11,-0.001479
2020,31020,11,0.00507
2020,31420,11,-0.007957
2020,31700,11,0.001923
2020,31860,11,-0.00036
2020,32580,11,0.001116
2020,32780,11,0.001382
2020,32900,11,0.003029
2020,33140,11,2.2e-05
2020,33340,11,0.001213
2020,33540,11,-0.00218
2020,33700,11,-0.001156
2020,33780,11,0.001045
2020,33860,11,-0.002534
2020,34060,11,-0.009175
2020,34580,11,0.003764
2020,34620,11,-0.00036
2020,34740,11,-0.000373
2020,34940,11,0.009774
2020,35660,11,-0.001702
2020,35840,11,0.011699
2020,36100,11,0.006321
2020,36220,11,0.012172
2020,36420,11,0.001872
2020,36500,11,0.008309
2020,36540,11,0.004204
2020,36740,11,0.006899
2020,36780,11,0.004391
2020,36980,11,-0.000454
2020,37100,11,-0.005748
2020,37340,11,-0.001083
2020,37860,11,0.003486
2020,38060,11,0.005027
2020,38300,11,-0.00082
2020,38340,11,-0.005994
2020,38860,11,0.004153
2020,38900,11,0.003593
2020,38940,11,0.004415
2020,39300,11,-0.001066
2020,39340,11,0.010613
2020,39380,11,-0.006188
2020,39460,11,0.010526
2020,39540,11,0.000754
2020,39580,11,0.011915
2020,39740,11,0.00159
2020,39820,11,-0.003115
2020,39900,11,0.004787
2020,40140,11,0.002648
2020,40420,11,-0.001729
2020,40660,11,-0.005269
2020,40900,11,0.002673
2020,40980,11,-0.000577
2020,41060,11,0.001037
2020,41100,11,0.018247
2020,41140,11,-0.006506
2020,41420,11,0.000697
2020,41500,11,-0.004183
2020,41700,11,0.003832
2020,41740,11,-0.002082
2020,41940,11,-0.002781
2020,42020,11,-0.00414
2020,42100,11,-0.006164
2020,42140,11,-0.007425
2020,42220,11,-0.004669
2020,42340,11,0.002532
2020,42540,11,-0.000649
2020,42680,11,0.005204
2020,43100,11,0.000592
2020,43620,11,0.011441
2020,43780,11,0.001782
2020,44100,11,-0.00244
2020,44180,11,0.001786
2020,44220,11,-0.001798
2020,44300,11,0.000489
2020,44700,11,0.004425
2020,45060,11,-0.001089
2020,45220,11,-0.001069
2020,45820,11,-0.005033
2020,45940,11,0.000374
2020,46060,11,-0.001924
2020,46140,11,-0.001754
2020,46340,11,0.00066
2020,46540,11,-0.00246
2020,46660,11,0.00078
2020,46700,11,-0.000969
2020,47220,11,-0.002959
2020,47300,11,-0.000263
2020,47940,11,-0.00597
2020,48300,11,0.004446
2020,48540,11,-0.014094
2020,48660,11,-0.004776
2020,48700,11,-0.002314
2020,49020,11,-0.00061
2020,49420,11,-0.002939
2020,49620,11,0.002143
2020,49660,11,-0.002667
2020,49740,11,-0.001758
2020,10180,12,-0.003313
2020,10420,12,0.000171
2020,10580,12,0.00116
2020,10740,12,-0.007003
2020,10780,12,-0.009217
2020,10900,12,0.003718
2020,11020,12,-0.003363
2020,11260,12,-0.006471
2020,11460,12,-0.001505
2020,11500,12,-0.007451
2020,11540,12,0.003959
2020,11700,12,-0.003349
2020,12020,12,0.000281
2020,12100,12,0.002759
2020,12220,12,0.004734
2020,12420,12,0.017461
2020,12540,12,0.003463
2020,12580,12,-0.007304
2020,12620,12,0.000481
2020,12700,12,-0.002834
2020,12980,12,0.000228
2020,13020,12,-0.002489
2020,13380,12,0.008855
2020,13460,12,0.02045
2020,13780,12,-0.002706
2020,14260,12,0.012475
2020,14500,12,-0.005065
2020,14740,12,0.0005
2020,15180,12,-0.003835
2020,15260,12,-0.003801
2020,15380,12,-0.001385
2020,15500,12,0.006511
2020,15540,12,0.001505
2020,15940,12,-0.001304
2020,15980,12,0.013915
2020,16020,12,-0.002777
2020,16180,12,-0.000714
2020,16220,12,-0.006212
2020,16300,12,0.000293
2020,16700,12,0.005903
2020,16860,12,-0.003124
2020,16940,12,-0.005317
2020,17020,12,-0.028751
2020,17420,12,0.003607
2020,17660,12,0.012914
2020,17780,12,0.004742
2020,17820,12,0.001135
2020,17900,12,-0.000654
2020,18020,12,0.007349
2020,18700,12,-0.000345
2020,19340,12,-0.001424
2020,19460,12,-0.002377
2020,19500,12,-0.003635
2020,19740,12,-0.000588
2020,20020,12,0.001277
2020,20100,12,0.004364
2020,20220,12,-0.002425
2020,20740,12,0.00508
2020,20940,12,-0.003394
2020,21140,12,0.002229
2020,21300,12,-0.003196
2020,21500,12,-0.003788
2020,21660,12,0.001414
2020,21820,12,-0.016057
2020,22020,12,0.007148
2020,22140,12,-0.017008
2020,22380,12,-0.00455
2020,22420,12,-0.001385
2020,22500,12,-0.007619
2020,22520,12,-0.002132
2020,22540,12,0.003856
2020,22660,12,0.003957
2020,23420,12,0.002535
2020,23460,12,-0.005463
2020,23580,12,0.003573
2020,24020,12,0.000284
2020,24220,12,-0.008541
2020,24300,12,-0.002602
2020,24500,12,-0.012015
2020,24540,12,0.015417
2020,24580,12,0.005072
2020,24660,12,-0.003339
2020,25420,12,0.006973
2020,25500,12,-0.005549
2020,25860,12,-0.006516
2020,25980,12,0.002913
2020,26300,12,-0.002993
2020,26380,12,-0.009095
2020,26620,12,0.011664
2020,26980,12,0.001533
2020,27060,12,-0.000314
2020,27100,12,0.000493
2020,27260,12,0.007392
2020,27340,12,4.8e-05
2020,27500,12,0.001965
2020,27740,12,-0.000917
2020,27780,12,-0.005911
2020,27860,12,0.00308
2020,27900,12,-0.000266
2020,28100,12,-0.000838
2020,28420,12,0.007159
2020,28660,12,0.009332
2020,28700,12,-0.007943
2020,28740,12,-0.001157
2020,29100,12,0.000404
2020,29340,12,-0.002473
2020,29420,12,0.000137
2020,29460,12,0.012017
2020,29540,12,0.003214
2020,29700,12,-0.000254
2020,29740,12,-0.003774
2020,29820,12,0.007411
2020,29940,12,0.004419
2020,30140,12,0.005692
2020,30300,12,-0.009681
2020,30340,12,0.001
2020,30460,12,0.001509
2020,30620,12,-0.00275
2020,30700,12,0.003735
2020,30780,12,-0.002403
2020,30860,12,-0.000591
2020,31020,12,0.00433
2020,31420,12,-0.007002
2020,31700,12,0.00211
2020,31860,12,0.000113
2020,32580,12,0.001246
2020,32780,12,0.001983
2020,32900,12,0.006886
2020,33140,12,-0.00048
2020,33340,12,0.000878
2020,33540,12,-0.003063
2020,33700,12,0.001951
2020,33780,12,0.002617
2020,33860,12,-0.002305
2020,34060,12,-0.01023
2020,34580,12,0.002769
2020,34620,12,-0.000749
2020,34740,12,-0.001103
2020,34940,12,0.010406
2020,35660,12,-0.002258
2020,35840,12,0.011647
2020,36100,12,0.00613
2020,36220,12,0.010376
2020,36420,12,0.001913
2020,36500,12,0.008199
2020,36540,12,0.003551
2020,36740,12,0.007079
2020,36780,12,0.004778
2020,36980,12,-0.001061
2020,37100,12,-0.004995
2020,37340,12,0.00056
2020,37860,12,0.003393
2020,38060,12,0.006484
2020,38300,12,-0.002163
2020,38340,12,-0.00611
2020,38860,12,0.003418
2020,38900,12,0.001669
2020,38940,12,0.006076
2020,39300,12,-0.000627
2020,39340,12,0.010101
2020,39380,12,-0.006588
2020,39460,12,0.010981
2020,39540,12,0.001346
2020,39580,12,0.010478
2020,39740,12,0.003233
2020,39820,12,-0.002873
2020,39900,12,0.00545
2020,40140,12,0.004718
2020,40420,12,-0.001249
2020,40660,12,-0.004594
2020,40900,12,0.004227
2020,40980,12,-0.000746
2020,41060,12,0.002716
2020,41100,12,0.020527
2020,41140,12,-0.006189
2020,41420,12,0.000134
2020,41500,12,-0.003322
2020,41700,12,0.004222
2020,41740,12,-0.001845
2020,41940,12,-0.002974
2020,42020,12,-0.003728
2020,42100,12,-0.006249
2020,42140,12,-0.007334
2020,42220,12,-0.006173
2020,42340,12,0.000535
2020,42540,12,-1.2e-05
2020,42680,12,0.006697
2020,43100,12,0.00113
2020,43620,12,0.010681
2020,43780,12,0.001993
2020,44100,12,-0.002903
2020,44180,12,0.00234
2020,44220,12,-0.001618
2020,44300,12,-0.000267
2020,44700,12,0.007548
2020,45060,12,-0.001241
2020,45220,12,-0.001614
2020,45820,12,-0.005224
2020,45940,12,0.001762
2020,46060,12,-0.000929
2020,46140,12,-0.002134
2020,46340,12,0.002027
2020,46540,12,-0.002589
2020,46660,12,0.000544
2020,46700,12,0.001847
2020,47220,12,-0.003328
2020,47300,12,0.000179
2020,47940,12,-0.006019
2020,48300,12,0.001021
2020,48540,12,-0.015847
2020,48660,12,-0.004191
2020,48700,12,-0.002879
2020,49020,12,0.001084
2020,49420,12,-0.005444
2020,49620,12,0.003591
2020,49660,12,-0.002953
2020,49740,12,-0.000353
2020,10180,13,-0.003299
2020,10420,13,9.3e-05
2020,10580,13,0.001133
2020,10740,13,-0.007126
2020,10780,13,-0.009289
2020,10900,13,0.002283
2020,11020,13,-0.002952
2020,11260,13,-0.004825
2020,11460,13,-0.002177
2020,11500,13,-0.007337
2020,11540,13,0.003565
2020,11700,13,-0.002116
2020,12020,13,0.000185
2020,12100,13,0.003528
2020,12220,13,0.004615
2020,12420,13,0.018756
2020,12540,13,0.001983
2020,12580,13,-0.007311
2020,12620,13,0.000152
2020,12700,13,-0.003305
2020,12980,13,-4e-06
2020,13020,13,-0.002997
2020,13380,13,0.009707
2020,13460,13,0.019965
2020,13780,13,-0.003258
2020,14260,13,0.013942
2020,14500,13,-0.00313
2020,14740,13,0.002046
2020,15180,13,-0.003758
2020,15260,13,-0.003485
2020,15380,13,-0.000251
2020,15500,13,0.005228
2020,15540,13,0.001723
2020,15940,13,-0.000921
2020,15980,13,0.012795
2020,16020,13,-0.004794
2020,16180,13,-0.000314
2020,16220,13,-0.00523
2020,16300,13,-0.000149
2020,16700,13,0.00655
2020,16860,13,-0.00272
2020,16940,13,-0.003896
2020,17020,13,-0.027484
2020,17420,13,0.003129
2020,17660,13,0.014011
2020,17780,13,0.004897
2020,17820,13,0.001489
2020,17900,13,-0.000297
2020,18020,13,0.007737
2020,18700,13,0.000212
2020,19340,13,-0.00127
2020,19460,13,-0.002
2020,19500,13,-0.003041
2020,19740,13,0.0001
2020,20020,13,0.001026
2020,20100,13,0.004123
2020,20220,13,-0.001906
2020,20740,13,0.005531
2020,20940,13,-0.004165
2020,21140,13,0.002192
2020,21300,13,-0.002924
2020,21500,13,-0.003382
2020,21660,13,0.002301
2020,21820,13,-0.015145
2020,22020,13,0.007269
2020,22140,13,-0.017293
2020,22380,13,-0.00463
2020,22420,13,-0.001342
2020,22500,13,-0.007084
2020,22520,13,-0.001571
2020,22540,13,0.003411
2020,22660,13,0.004276
2020,23420,13,0.001799
2020,23460,13,-0.005682
2020,23580,13,0.003904
2020,24020,13,0.000296
2020,24220,13,-0.007905
2020,24300,13,-0.002371
2020,24500,13,-0.011958
2020,24540,13,0.014666
2020,24580,13,0.004697
2020,24660,13,-0.003323
2020,25420,13,0.006829
2020,25500,13,-0.005669
2020,25860,13,-0.007062
2020,25980,13,0.002285
2020,26300,13,-0.003579
2020,26380,13,-0.008634
2020,26620,13,0.011559
2020,26980,13,0.001561
2020,27060,13,-0.000613
2020,27100,13,-0.000508
2020,27260,13,0.00776
2020,27340,13,-0.000397
2020,27500,13,0.002176
2020,27740,13,-0.001223
2020,27780,13,-0.004856
2020,27860,13,0.00223
2020,27900,13,-0.000289
2020,28100,13,-0.000648
2020,28420,13,0.008662
2020,28660,13,0.008855
2020,28700,13,-0.0086
2020,28740,13,-0.001098
2020,29100,13,0.001017
2020,29340,13,-0.002336
2020,29420,13,0.000244
2020,29460,13,0.010483
2020,29540,13,0.002376
2020,29700,13,-6e-06
2020,29740,13,-0.004458
2020,29820,13,0.004496
2020,29940,13,0.005329
2020,30140,13,0.004312
2020,30300,13,-0.009917
2020,30340,13,0.001448
2020,30460,13,0.00192
2020,30620,13,-0.002631
2020,30700,13,0.004617
2020,30780,13,-0.002972
2020,30860,13,-0.00114
2020,31020,13,0.005386
2020,31420,13,-0.00753
2020,31700,13,0.002074
2020,31860,13,4.4e-05
2020,32580,13,0.001195
2020,32780,13,0.00155
2020,32900,13,0.004247
2020,33140,13,5.5e-05
2020,33340,13,0.001263
2020,33540,13,-0.002323
2020,33700,13,-0.001
2020,33780,13,0.000889
2020,33860,13,-0.002561
2020,34060,13,-0.009333
2020,34580,13,0.003722
2020,34620,13,-0.001022
2020,34740,13,-0.00096
2020,34940,13,0.009429
2020,35660,13,-0.002061
2020,35840,13,0.011292
2020,36100,13,0.006626
2020,36220,13,0.011619
2020,36420,13,0.001893
2020,36500,13,0.008394
2020,36540,13,0.004387
2020,36740,13,0.006768
2020,36780,13,0.004361
2020,36980,13,-0.000627
2020,37100,13,-0.005458
2020,37340,13,-0.000366
2020,37860,13,0.003623
2020,38060,13,0.005538
2020,38300,13,-0.001151
2020,38340,13,-0.006176
2020,38860,13,0.003961
2020,38900,13,0.002883
2020,38940,13,0.004954
2020,39300,13,-0.000737
2020,39340,13,0.010405
2020,39380,13,-0.005892
2020,39460,13,0.010588
2020,39540,13,0.001019
2020,39580,13,0.011252
2020,39740,13,0.001736
2020,39820,13,-0.003028
2020,39900,13,0.004845
2020,40140,13,0.003133
2020,40420,13,-0.00141
2020,40660,13,-0.004548
2020,40900,13,0.003186
2020,40980,13,-0.000655
2020,41060,13,0.000762
2020,41100,13,0.018615
2020,41140,13,-0.007535
2020,41420,13,0.00089
2020,41500,13,-0.003884
2020,41700,13,0.004203
2020,41740,13,-0.00204
2020,41940,13,-0.003284
2020,42020,13,-0.004045
2020,42100,13,-0.006159
2020,42140,13,-0.007133
2020,42220,13,-0.005249
2020,42340,13,0.001957
2020,42540,13,-0.000444
2020,42680,13,0.005645
2020,43100,13,0.000246
2020,43620,13,0.011442
2020,43780,13,0.001956
2020,44100,13,-0.002603
2020,44180,13,0.002307
2020,44220,13,-0.001545
2020,44300,13,0.000114
2020,44700,13,0.005252
2020,45060,13,-0.000865
2020,45220,13,-0.001195
2020,45820,13,-0.004603
2020,45940,13,0.000844
2020,46060,13,-0.001604
2020,46140,13,-0.001815
2020,46340,13,0.001382
2020,46540,13,-0.00223
2020,46660,13,0.000664
2020,46700,13,-0.000451
2020,47220,13,-0.003128
2020,47300,13,-0.000126
2020,47940,13,-0.005757
2020,48300,13,0.003589
2020,48540,13,-0.01433
2020,48660,13,-0.005576
2020,48700,13,-0.00229
2020,49020,13,-8.1e-05
2020,49420,13,-0.003273
2020,49620,13,0.002457
2020,49660,13,-0.002649
2020,49740,13,-0.001197
2020,10180,14,-0.003537
2020,10420,14,-0.00016
2020,10580,14,0.001095
2020,10740,14,-0.007137
2020,10780,14,-0.009474
2020,10900,14,0.001159
2020,11020,14,-0.002582
2020,11260,14,-0.002642
2020,11460,14,-0.003067
2020,11500,14,-0.007746
2020,11540,14,0.003537
2020,11700,14,-0.001338
2020,12020,14,-6.5e-05
2020,12100,14,0.003655
2020,12220,14,0.004697
2020,12420,14,0.020693
2020,12540,14,0.000908
2020,12580,14,-0.007256
2020,12620,14,9.5e-05
2020,12700,14,-0.003639
2020,12980,14,-0.000291
2020,13020,14,-0.003747
2020,13380,14,0.010884
2020,13460,14,0.020517
2020,13780,14,-0.003249
2020,14260,14,0.015
2020,14500,14,-0.001657
2020,14740,14,0.002962
2020,15180,14,-0.004054
2020,15260,14,-0.003534
2020,15380,14,4.2e-05
2020,15500,14,0.004537
2020,15540,14,0.002438
2020,15940,14,-0.000715
2020,15980,14,0.012224
2020,16020,14,-0.004837
2020,16180,14,-0.001726
2020,16220,14,-0.003704
2020,16300,14,-0.000718
2020,16700,14,0.007391
2020,16860,14,-0.002623
2020,16940,14,-0.002556
2020,17020,14,-0.027727
2020,17420,14,0.00271
2020,17660,14,0.01521
2020,17780,14,0.005167
2020,17820,14,0.001728
2020,17900,14,0.000264
2020,18020,14,0.008525
2020,18700,14,0.001277
2020,19340,14,-0.000674
2020,19460,14,-0.002209
2020,19500,14,-0.0025
2020,19740,14,0.00058
2020,20020,14,0.000942
2020,20100,14,0.004585
2020,20220,14,-0.0019
2020,20740,14,0.006188
2020,20940,14,-0.005176
2020,21140,14,0.002034
2020,21300,14,-0.002117
2020,21500,14,-0.003025
2020,21660,14,0.003193
2020,21820,14,-0.013705
2020,22020,14,0.008106
2020,22140,14,-0.017154
2020,22380,14,-0.005051
2020,22420,14,-0.00227
2020,22500,14,-0.006449
2020,22520,14,-0.001346
2020,22540,14,0.003208
2020,22660,14,0.004841
2020,23420,14,0.000962
2020,23460,14,-0.006157
2020,23580,14,0.003831
2020,24020,14,0.000304
2020,24220,14,-0.007375
2020,24300,14,-0.002413
2020,24500,14,-0.011679
2020,24540,14,0.014772
2020,24580,14,0.004654
2020,24660,14,-0.003454
2020,25420,14,0.006844
2020,25500,14,-0.005606
2020,25860,14,-0.00737
2020,25980,14,0.002067
2020,26300,14,-0.004603
2020,26380,14,-0.008194
2020,26620,14,0.012021
2020,26980,14,0.001545
2020,27060,14,-0.000695
2020,27100,14,-0.00124
2020,27260,14,0.008082
2020,27340,14,-0.000262
2020,27500,14,0.001903
2020,27740,14,-0.001309
2020,27780,14,-0.004267
2020,27860,14,0.001688
2020,27900,14,-0.000775
2020,28100,14,-0.000544
2020,28420,14,0.010509
2020,28660,14,0.008493
2020,28700,14,-0.008339
2020,28740,14,-0.001928
2020,29100,14,0.001811
2020,29340,14,-0.00209
2020,29420,14,-0.000588
2020,29460,14,0.008901
2020,29540,14,0.00173
2020,29700,14,0.000123
2020,29740,14,-0.004699
2020,29820,14,0.001062
2020,29940,14,0.0057
2020,30140,14,0.003436
2020,30300,14,-0.009345
2020,30340,14,0.001277
2020,30460,14,0.002167
2020,30620,14,-0.002459
2020,30700,14,0.004988
2020,30780,14,-0.003528
2020,30860,14,-0.001706
2020,31020,14,0.005829
2020,31420,14,-0.008321
2020,31700,14,0.001733
2020,31860,14,-0.000482
2020,32580,14,0.001123
2020,32780,14,0.001203
2020,32900,14,0.001162
2020,33140,14,0.000244
2020,33340,14,0.001458
2020,33540,14,-0.001602
2020,33700,14,-0.003555
2020,33780,14,-0.000159
2020,33860,14,-0.002734
2020,34060,14,-0.008514
2020,34580,14,0.004357
2020,34620,14,-0.000796
2020,34740,14,-0.001099
2020,34940,14,0.008813
2020,35660,14,-0.001795
2020,35840,14,0.011164
2020,36100,14,0.006342
2020,36220,14,0.012871
2020,36420,14,0.001948
2020,36500,14,0.008931
2020,36540,14,0.004521
2020,36740,14,0.006493
2020,36780,14,0.004302
2020,36980,14,-0.000446
2020,37100,14,-0.006033
2020,37340,14,-0.0024
2020,37860,14,0.003395
2020,38060,14,0.004525
2020,38300,14,-0.000613
2020,38340,14,-0.00622
2020,38860,14,0.004373
2020,38900,14,0.004304
2020,38940,14,0.003072
2020,39300,14,-0.001405
2020,39340,14,0.011299
2020,39380,14,-0.00633
2020,39460,14,0.009935
2020,39540,14,0.000449
2020,39580,14,0.012832
2020,39740,14,0.000797
2020,39820,14,-0.003323
2020,39900,14,0.003601
2020,40140,14,0.001747
2020,40420,14,-0.001892
2020,40660,14,-0.005341
2020,40900,14,0.002109
2020,40980,14,-0.000941
2020,41060,14,-0.000412
2020,41100,14,0.018119
2020,41140,14,-0.008022
2020,41420,14,0.001147
2020,41500,14,-0.005224
2020,41700,14,0.003962
2020,41740,14,-0.002199
2020,41940,14,-0.003083
2020,42020,14,-0.004327
2020,42100,14,-0.006369
2020,42140,14,-0.00757
2020,42220,14,-0.004822
2020,42340,14,0.00324
2020,42540,14,-0.000796
2020,42680,14,0.004121
2020,43100,14,-9.1e-05
2020,43620,14,0.012234
2020,43780,14,0.001788
2020,44100,14,-0.001847
2020,44180,14,0.001684
2020,44220,14,-0.001811
2020,44300,14,0.000527
2020,44700,14,0.002912
2020,45060,14,-0.000978
2020,45220,14,-0.001067
2020,45820,14,-0.004936
2020,45940,14,-8.1e-05
2020,46060,14,-0.00243
2020,46140,14,-0.001785
2020,46340,14,0.000455
2020,46540,14,-0.002389
2020,46660,14,0.001192
2020,46700,14,-0.002807
2020,47220,14,-0.003301
2020,47300,14,-0.000536
2020,47940,14,-0.005872
2020,48300,14,0.005961
2020,48540,14,-0.013634
2020,48660,14,-0.006105
2020,48700,14,-0.001859
2020,49020,14,-0.000934
2020,49420,14,-0.001915
2020,49620,14,0.001607
2020,49660,14,-0.002581
2020,49740,14,-0.00196
2020,10180,15,-0.002985
2020,10420,15,9.7e-05
2020,10580,15,0.001255
2020,10740,15,-0.007031
2020,10780,15,-0.009393
2020,10900,15,0.002816
2020,11020,15,-0.002874
2020,11260,15,-0.005893
2020,11460,15,-0.001521
2020,11500,15,-0.007133
2020,11540,15,0.003991
2020,11700,15,-0.001803
2020,12020,15,0.000713
2020,12100,15,0.002205
2020,12220,15,0.004448
2020,12420,15,0.017675
2020,12540,15,0.00189
2020,12580,15,-0.007428
2020,12620,15,0.000277
2020,12700,15,-0.003278
2020,12980,15,-6.8e-05
2020,13020,15,-0.002894
2020,13380,15,0.009751
2020,13460,15,0.019726
2020,13780,15,-0.00322
2020,14260,15,0.013022
2020,14500,15,-0.003618
2020,14740,15,0.002079
2020,15180,15,-0.003763
2020,15260,15,-0.003411
2020,15380,15,-0.000116
2020,15500,15,0.006242
2020,15540,15,0.001711
2020,15940,15,-0.00137
2020,15980,15,0.012083
2020,16020,15,-0.004876
2020,16180,15,-0.000452
2020,16220,15,-0.006288
2020,16300,15,0.000225
2020,16700,15,0.006419
2020,16860,15,-0.002174
2020,16940,15,-0.004433
2020,17020,15,-0.025992
2020,17420,15,0.003576
2020,17660,15,0.013099
2020,17780,15,0.00512
2020,17820,15,0.001699
2020,17900,15,-0.00042
2020,18020,15,0.00749
2020,18700,15,0.000805
2020,19340,15,-0.001276
2020,19460,15,-0.001851
2020,19500,15,-0.00328
2020,19740,15,0.000427
2020,20020,15,0.000798
2020,20100,15,0.003605
2020,20220,15,-0.001764
2020,20740,15,0.005431
2020,20940,15,-0.004035
2020,21140,15,0.002647
2020,21300,15,-0.00355
2020,21500,15,-0.003658
2020,21660,15,0.00234
2020,21820,15,-0.015449
2020,22020,15,0.007159
2020,22140,15,-0.017223
2020,22380,15,-0.004498
2020,22420,15,-0.001677
2020,22500,15,-0.007463
2020,22520,15,-0.001451
2020,22540,15,0.003927
2020,22660,15,0.004513
2020,23420,15,0.001426
2020,23460,15,-0.005271
2020,23580,15,0.003703
2020,24020,15,0.000268
2020,24220,15,-0.007384
2020,24300,15,-0.002047
2020,24500,15,-0.011409
2020,24540,15,0.01495
2020,24580,15,0.004876
2020,24660,15,-0.003019
2020,25420,15,0.006807
2020,25500,15,-0.005139
2020,25860,15,-0.006178
2020,25980,15,0.002099
2020,26300,15,-0.002935
2020,26380,15,-0.008987
2020,26620,15,0.011261
2020,26980,15,0.00172
2020,27060,15,-7.2e-05
2020,27100,15,-0.000482
2020,27260,15,0.007117
2020,27340,15,0.000465
2020,27500,15,0.002679
2020,27740,15,-0.001012
2020,27780,15,-0.005277
2020,27860,15,0.002302
2020,27900,15,-6e-06
2020,28100,15,-0.000727
2020,28420,15,0.008639
2020,28660,15,0.009008
2020,28700,15,-0.007952
2020,28740,15,-0.000949
2020,29100,15,0.00095
2020,29340,15,-0.002269
2020,29420,15,-0.000277
2020,29460,15,0.011533
2020,29540,15,0.003086
2020,29700,15,-0.000541
2020,29740,15,-0.004328
2020,29820,15,0.005372
2020,29940,15,0.004581
2020,30140,15,0.005326
2020,30300,15,-0.009352
2020,30340,15,0.001567
2020,30460,15,0.001674
2020,30620,15,-0.00258
2020,30700,15,0.004242
2020,30780,15,-0.002893
2020,30860,15,0.000381
2020,31020,15,0.006059
2020,31420,15,-0.007019
2020,31700,15,0.001974
2020,31860,15,0.000223
2020,32580,15,0.000776
2020,32780,15,0.001557
2020,32900,15,0.005081
2020,33140,15,0.00013
2020,33340,15,0.001008
2020,33540,15,-0.002426
2020,33700,15,-0.000188
2020,33780,15,0.001103
2020,33860,15,-0.002859
2020,34060,15,-0.008979
2020,34580,15,0.004179
2020,34620,15,-0.001475
2020,34740,15,-0.000922
2020,34940,15,0.009117
2020,35660,15,-0.00205
2020,35840,15,0.010535
2020,36100,15,0.006004
2020,36220,15,0.011689
2020,36420,15,0.001603
2020,36500,15,0.008787
2020,36540,15,0.00413
2020,36740,15,0.00653
2020,36780,15,0.004603
2020,36980,15,-0.000617
2020,37100,15,-0.005378
2020,37340,15,0.000856
2020,37860,15,0.003655
2020,38060,15,0.005515
2020,38300,15,-0.00143
2020,38340,15,-0.005888
2020,38860,15,0.003685
2020,38900,15,0.002708
2020,38940,15,0.005577
2020,39300,15,-0.00068
2020,39340,15,0.010111
2020,39380,15,-0.00522
2020,39460,15,0.010125
2020,39540,15,0.001461
2020,39580,15,0.010536
2020,39740,15,0.002486
2020,39820,15,-0.003432
2020,39900,15,0.004496
2020,40140,15,0.003475
2020,40420,15,-0.001358
2020,40660,15,-0.003866
2020,40900,15,0.003237
2020,40980,15,-0.001095
2020,41060,15,0.001179
2020,41100,15,0.018654
2020,41140,15,-0.007253
2020,41420,15,0.001754
2020,41500,15,-0.00405
2020,41700,15,0.004902
2020,41740,15,-0.002291
2020,41940,15,-0.003004
2020,42020,15,-0.004041
2020,42100,15,-0.00597
2020,42140,15,-0.006816
2020,42220,15,-0.006234
2020,42340,15,0.000864
2020,42540,15,-8.4e-05
2020,42680,15,0.006162
2020,43100,15,0.00072
2020,43620,15,0.010985
2020,43780,15,0.002318
2020,44100,15,-0.002801
2020,44180,15,0.002742
2020,44220,15,-0.001323
2020,44300,15,0.000481
2020,44700,15,0.005748
2020,45060,15,-0.000827
2020,45220,15,-0.001462
2020,45820,15,-0.004587
2020,45940,15,0.000874
2020,46060,15,-0.00172
2020,46140,15,-0.00222
2020,46340,15,0.001979
2020,46540,15,-0.001763
2020,46660,15,0.000324
2020,46700,15,0.000365
2020,47220,15,-0.003603
2020,47300,15,-0.000538
2020,47940,15,-0.005736
2020,48300,15,0.002874
2020,48540,15,-0.014385
2020,48660,15,-0.005313
2020,48700,15,-0.002119
2020,49020,15,0.000162
2020,49420,15,-0.003306
2020,49620,15,0.002961
2020,49660,15,-0.002958
2020,49740,15,-0.001326
2020,10180,16,-0.003649
2020,10420,16,0.000352
2020,10580,16,0.000905
2020,10740,16,-0.006895
2020,10780,16,-0.009159
2020,10900,16,0.002919
2020,11020,16,-0.003537
2020,11260,16,-0.004679
2020,11460,16,-0.00296
2020,11500,16,-0.007773
2020,11540,16,0.003162
2020,11700,16,-0.003928
2020,12020,16,-0.000454
2020,12100,16,0.005367
2020,12220,16,0.004495
2020,12420,16,0.018644
2020,12540,16,0.004075
2020,12580,16,-0.007025
2020,12620,16,0.00041
2020,12700,16,-0.003145
2020,12980,16,0.000467
2020,13020,16,-0.002514
2020,13380,16,0.008938
2020,13460,16,0.020683
2020,13780,16,-0.003124
2020,14260,16,0.014116
2020,14500,16,-0.005101
2020,14740,16,0.000625
2020,15180,16,-0.003567
2020,15260,16,-0.004026
2020,15380,16,-0.001378
2020,15500,16,0.005232
2020,15540,16,0.001278
2020,15940,16,-0.000432
2020,15980,16,0.01441
2020,16020,16,-0.003842
2020,16180,16,0.000144
2020,16220,16,-0.003963
2020,16300,16,2.3e-05
2020,16700,16,0.005845
2020,16860,16,-0.003639
2020,16940,16,-0.004381
2020,17020,16,-0.032757
2020,17420,16,0.002868
2020,17660,16,0.014356
2020,17780,16,0.003962
2020,17820,16,0.000523
2020,17900,16,-0.000437
2020,18020,16,0.008224
2020,18700,16,-0.001346
2020,19340,16,-0.001515
2020,19460,16,-0.002115
2020,19500,16,-0.002904
2020,19740,16,-0.001649
2020,20020,16,0.001947
2020,20100,16,0.005084
2020,20220,16,-0.002012
2020,20740,16,0.005035
2020,20940,16,-0.0036
2020,21140,16,0.001603
2020,21300,16,-0.002485
2020,21500,16,-0.003443
2020,21660,16,0.001642
2020,21820,16,-0.016254
2020,22020,16,0.006458
2020,22140,16,-0.017361
2020,22380,16,-0.004667
2020,22420,16,-0.000596
2020,22500,16,-0.007014
2020,22520,16,-0.001995
2020,22540,16,0.003162
2020,22660,16,0.003117
2020,23420,16,0.00354
2020,23460,16,-0.006037
2020,23580,16,0.004083
2020,24020,16,0.00034
2020,24220,16,-0.009956
2020,24300,16,-0.003069
2020,24500,16,-0.013169
2020,24540,16,0.014455
2020,24580,16,0.004645
2020,24660,16,-0.003388
2020,25420,16,0.007234
2020,25500,16,-0.006381
2020,25860,16,-0.007844
2020,25980,16,0.004019
2020,26300,16,-0.003551
2020,26380,16,-0.008704
2020,26620,16,0.012328
2020,26980,16,0.001179
2020,27060,16,-0.001311
2020,27100,16,0.00011
2020,27260,16,0.008294
2020,27340,16,-0.001485
2020,27500,16,0.001419
2020,27740,16,-0.001337
2020,27780,16,-0.005036
2020,27860,16,0.002866
2020,27900,16,2.6e-05
2020,28100,16,-0.000354
2020,28420,16,0.007204
2020,28660,16,0.009543
2020,28700,16,-0.009257
2020,28740,16,-0.00109
2020,29100,16,0.000291
2020,29340,16,-0.003167
2020,29420,16,0.001683
2020,29460,16,0.010752
2020,29540,16,0.002139
2020,29700,16,0.000548
2020,29740,16,-0.003976
2020,29820,16,0.006225
2020,29940,16,0.006105
2020,30140,16,0.004068
2020,30300,16,-0.010915
2020,30340,16,0.001298
2020,30460,16,0.001577
2020,30620,16,-0.002903
2020,30700,16,0.004398
2020,30780,16,-0.002419
2020,30860,16,-0.002628
2020,31020,16,0.004153
2020,31420,16,-0.007348
2020,31700,16,0.002585
2020,31860,16,4.9e-05
2020,32580,16,0.001924
2020,32780,16,0.00206
2020,32900,16,0.006305
2020,33140,16,-0.000354
2020,33340,16,0.001417
2020,33540,16,-0.002855
2020,33700,16,0.000417
2020,33780,16,0.001911
2020,33860,16,-0.001733
2020,34060,16,-0.010627
2020,34580,16,0.002221
2020,34620,16,-0.000194
2020,34740,16,-0.001367
2020,34940,16,0.010235
2020,35660,16,-0.002366
2020,35840,16,0.012239
2020,36100,16,0.007773
2020,36220,16,0.011259
2020,36420,16,0.002596
2020,36500,16,0.007693
2020,36540,16,0.004413
2020,36740,16,0.006786
2020,36780,16,0.004426
2020,36980,16,-0.001008
2020,37100,16,-0.004946
2020,37340,16,-0.001317
2020,37860,16,0.003899
2020,38060,16,0.006959
2020,38300,16,-0.001576
2020,38340,16,-0.006784
2020,38860,16,0.003901
2020,38900,16,0.001508
2020,38940,16,0.005046
2020,39300,16,-0.000448
2020,39340,16,0.010423
2020,39380,16,-0.007247
2020,39460,16,0.011701
2020,39540,16,0.000658
2020,39580,16,0.011274
2020,39740,16,0.00188
2020,39820,16,-0.001665
2020,39900,16,0.005659
2020,40140,16,0.004328
2020,40420,16,-0.001095
2020,40660,16,-0.004917
2020,40900,16,0.004442
2020,40980,16,0.000296
2020,41060,16,0.001964
2020,41100,16,0.020459
2020,41140,16,-0.007532
2020,41420,16,-0.001058
2020,41500,16,-0.002673
2020,41700,16,0.003329
2020,41740,16,-0.001445
2020,41940,16,-0.004386
2020,42020,16,-0.003747
2020,42100,16,-0.006579
2020,42140,16,-0.007244
2020,42220,16,-0.00542
2020,42340,16,0.002335
2020,42540,16,-0.000425
2020,42680,16,0.005797
2020,43100,16,5.5e-05
2020,43620,16,0.011544
2020,43780,16,0.001548
2020,44100,16,-0.002792
2020,44180,16,0.002285
2020,44220,16,-0.001769
2020,44300,16,-0.001047
2020,44700,16,0.007144
2020,45060,16,-0.000994
2020,45220,16,-0.000989
2020,45820,16,-0.00464
2020,45940,16,0.001853
2020,46060,16,-0.00034
2020,46140,16,-0.001315
2020,46340,16,0.001701
2020,46540,16,-0.003139
2020,46660,16,0.001229
2020,46700,16,0.000482
2020,47220,16,-0.002468
2020,47300,16,0.001102
2020,47940,16,-0.00568
2020,48300,16,0.002285
2020,48540,16,-0.015469
2020,48660,16,-0.00511
2020,48700,16,-0.002978
2020,49020,16,0.000769
2020,49420,16,-0.004824
2020,49620,16,0.002912
2020,49660,16,-0.002284
2020,49740,16,0.000279
2020,10180,17,-0.003095
2020,10420,17,0.000193
2020,10580,17,0.001001
2020,10740,17,-0.006708
2020,10780,17,-0.009258
2020,10900,17,0.001843
2020,11020,17,-0.002904
2020,11260,17,-0.003587
2020,11460,17,-0.003276
2020,11500,17,-0.007664
2020,11540,17,0.003262
2020,11700,17,-0.002078
2020,12020,17,-7.1e-05
2020,12100,17,0.004004
2020,12220,17,0.003659
2020,12420,17,0.018539
2020,12540,17,0.002234
2020,12580,17,-0.006982
2020,12620,17,0.000261
2020,12700,17,-0.003761
2020,12980,17,-3.9e-05
2020,13020,17,-0.003198
2020,13380,17,0.010112
2020,13460,17,0.01994
2020,13780,17,-0.003655
2020,14260,17,0.013855
2020,14500,17,-0.003563
2020,14740,17,0.002374
2020,15180,17,-0.003723
2020,15260,17,-0.003715
2020,15380,17,-8.6e-05
2020,15500,17,0.00529
2020,15540,17,0.001636
2020,15940,17,-0.000667
2020,15980,17,0.011826
2020,16020,17,-0.006122
2020,16180,17,-9.8e-05
2020,16220,17,-0.003277
2020,16300,17,4.1e-05
2020,16700,17,0.006489
2020,16860,17,-0.002397
2020,16940,17,-0.003349
2020,17020,17,-0.031991
2020,17420,17,0.002699
2020,17660,17,0.01398
2020,17780,17,0.004488
2020,17820,17,0.000872
2020,17900,17,-0.00014
2020,18020,17,0.008838
2020,18700,17,0.000338
2020,19340,17,-0.001012
2020,19460,17,-0.001485
2020,19500,17,-0.002255
2020,19740,17,-0.000346
2020,20020,17,0.00163
2020,20100,17,0.004312
2020,20220,17,-0.001008
2020,20740,17,0.005367
2020,20940,17,-0.004564
2020,21140,17,0.00214
2020,21300,17,-0.002892
2020,21500,17,-0.003296
2020,21660,17,0.002845
2020,21820,17,-0.015265
2020,22020,17,0.006345
2020,22140,17,-0.017271
2020,22380,17,-0.004564
2020,22420,17,-0.001403
2020,22500,17,-0.006538
2020,22520,17,-0.001157
2020,22540,17,0.003428
2020,22660,17,0.004021
2020,23420,17,0.00211
2020,23460,17,-0.00579
2020,23580,17,0.004038
2020,24020,17,0.000326
2020,24220,17,-0.008644
2020,24300,17,-0.002547
2020,24500,17,-0.012027
2020,24540,17,0.01408
2020,24580,17,0.004419
2020,24660,17,-0.002818
2020,25420,17,0.007158
2020,25500,17,-0.005692
2020,25860,17,-0.007349
2020,25980,17,0.003829
2020,26300,17,-0.003524
2020,26380,17,-0.008546
2020,26620,17,0.011818
2020,26980,17,0.001316
2020,27060,17,-0.000664
2020,27100,17,-0.001348
2020,27260,17,0.007586
2020,27340,17,-0.001248
2020,27500,17,0.002074
2020,27740,17,-0.001414
2020,27780,17,-0.004548
2020,27860,17,0.001966
2020,27900,17,0.00044
2020,28100,17,-0.000136
2020,28420,17,0.008802
2020,28660,17,0.009043
2020,28700,17,-0.008836
2020,28740,17,-0.001458
2020,29100,17,0.000968
2020,29340,17,-0.00303
2020,29420,17,0.000752
2020,29460,17,0.010163
2020,29540,17,0.002142
2020,29700,17,-0.000151
2020,29740,17,-0.004493
2020,29820,17,0.003326
2020,29940,17,0.006004
2020,30140,17,0.003761
2020,30300,17,-0.010354
2020,30340,17,0.001754
2020,30460,17,0.001476
2020,30620,17,-0.002666
2020,30700,17,0.004661
2020,30780,17,-0.002999
2020,30860,17,-0.001187
2020,31020,17,0.00634
2020,31420,17,-0.007166
2020,31700,17,0.00236
2020,31860,17,-1e-06
2020,32580,17,0.001154
2020,32780,17,0.001564
2020,32900,17,0.004097
2020,33140,17,0.000207
2020,33340,17,0.00153
2020,33540,17,-0.002103
2020,33700,17,-0.002258
2020,33780,17,0.000143
2020,33860,17,-0.002353
2020,34060,17,-0.008766
2020,34580,17,0.003854
2020,34620,17,-0.001079
2020,34740,17,-0.001586
2020,34940,17,0.00832
2020,35660,17,-0.002204
2020,35840,17,0.010404
2020,36100,17,0.007085
2020,36220,17,0.012751
2020,36420,17,0.00227
2020,36500,17,0.008475
2020,36540,17,0.004744
2020,36740,17,0.005381
2020,36780,17,0.004385
2020,36980,17,-0.000471
2020,37100,17,-0.005268
2020,37340,17,-0.001221
2020,37860,17,0.00408
2020,38060,17,0.005709
2020,38300,17,-0.00083
2020,38340,17,-0.006531
2020,38860,17,0.004044
2020,38900,17,0.002934
2020,38940,17,0.004133
2020,39300,17,-0.00068
2020,39340,17,0.010372
2020,39380,17,-0.005871
2020,39460,17,0.010258
2020,39540,17,0.000539
2020,39580,17,0.011286
2020,39740,17,0.001108
2020,39820,17,-0.002451
2020,39900,17,0.003878
2020,40140,17,0.002847
2020,40420,17,-0.001305
2020,40660,17,-0.004097
2020,40900,17,0.003305
2020,40980,17,-0.000479
2020,41060,17,0.000286
2020,41100,17,0.018277
2020,41140,17,-0.008906
2020,41420,17,0.000941
2020,41500,17,-0.003836
2020,41700,17,0.004184
2020,41740,17,-0.001911
2020,41940,17,-0.003985
2020,42020,17,-0.003978
2020,42100,17,-0.005995
2020,42140,17,-0.006755
2020,42220,17,-0.005942
2020,42340,17,0.002403
2020,42540,17,-0.00047
2020,42680,17,0.004895
2020,43100,17,-0.000329
2020,43620,17,0.011727
2020,43780,17,0.001997
2020,44100,17,-0.002304
2020,44180,17,0.002659
2020,44220,17,-0.001618
2020,44300,17,-0.000214
2020,44700,17,0.004979
2020,45060,17,-0.00053
2020,45220,17,-0.001049
2020,45820,17,-0.003993
2020,45940,17,0.000678
2020,46060,17,-0.001458
2020,46140,17,-0.001532
2020,46340,17,0.001888
2020,46540,17,-0.002125
2020,46660,17,0.001023
2020,46700,17,-0.001362
2020,47220,17,-0.003124
2020,47300,17,5.2e-05
2020,47940,17,-0.005181
2020,48300,17,0.004436
2020,48540,17,-0.013612
2020,48660,17,-0.00651
2020,48700,17,-0.001959
2020,49020,17,-0.000386
2020,49420,17,-0.002443
2020,49620,17,0.002269
2020,49660,17,-0.002322
2020,49740,17,-0.000858
2020,10180,18,-0.003539
2020,10420,18,0.000291
2020,10580,18,0.001221
2020,10740,18,-0.006983
2020,10780,18,-0.009214
2020,10900,18,0.002142
2020,11020,18,-0.003205
2020,11260,18,-0.004057
2020,11460,18,-0.002635
2020,11500,18,-0.007559
2020,11540,18,0.003296
2020,11700,18,-0.002649
2020,12020,18,-0.000241
2020,12100,18,0.004692
2020,12220,18,0.004766
2020,12420,18,0.019115
2020,12540,18,0.00254
2020,12580,18,-0.007066
2020,12620,18,0.000131
2020,12700,18,-0.003625
2020,12980,18,-9.7e-05
2020,13020,18,-0.002822
2020,13380,18,0.009618
2020,13460,18,0.020201
2020,13780,18,-0.003519
2020,14260,18,0.014347
2020,14500,18,-0.003575
2020,14740,18,0.001756
2020,15180,18,-0.003699
2020,15260,18,-0.003666
2020,15380,18,-0.000511
2020,15500,18,0.004984
2020,15540,18,0.001764
2020,15940,18,-0.000591
2020,15980,18,0.013282
2020,16020,18,-0.005814
2020,16180,18,-0.000137
2020,16220,18,-0.004689
2020,16300,18,3.9e-05
2020,16700,18,0.006341
2020,16860,18,-0.003086
2020,16940,18,-0.0037
2020,17020,18,-0.028716
2020,17420,18,0.00288
2020,17660,18,0.014471
2020,17780,18,0.004584
2020,17820,18,0.001233
2020,17900,18,-0.000187
2020,18020,18,0.007977
2020,18700,18,-0.000365
2020,19340,18,-0.001218
2020,19460,18,-0.002016
2020,19500,18,-0.002633
2020,19740,18,-0.000651
2020,20020,18,0.001248
2020,20100,18,0.004697
2020,20220,18,-0.001838
2020,20740,18,0.00555
2020,20940,18,-0.004196
2020,21140,18,0.00191
2020,21300,18,-0.003034
2020,21500,18,-0.003447
2020,21660,18,0.002244
2020,21820,18,-0.015413
2020,22020,18,0.007247
2020,22140,18,-0.017269
2020,22380,18,-0.004673
2020,22420,18,-0.001088
2020,22500,18,-0.006767
2020,22520,18,-0.001522
2020,22540,18,0.003314
2020,22660,18,0.003754
2020,23420,18,0.002371
2020,23460,18,-0.005892
2020,23580,18,0.004072
2020,24020,18,0.000375
2020,24220,18,-0.00864
2020,24300,18,-0.002591
2020,24500,18,-0.012343
2020,24540,18,0.014389
2020,24580,18,0.004661
2020,24660,18,-0.003399
2020,25420,18,0.007167
2020,25500,18,-0.005837
2020,25860,18,-0.008013
2020,25980,18,0.002716
2020,26300,18,-0.003739
2020,26380,18,-0.008477
2020,26620,18,0.011916
2020,26980,18,0.001791
2020,27060,18,-0.001024
2020,27100,18,-0.000938
2020,27260,18,0.008169
2020,27340,18,-0.0009
2020,27500,18,0.001895
2020,27740,18,-0.001598
2020,27780,18,-0.004709
2020,27860,18,0.002569
2020,27900,18,-9.2e-05
2020,28100,18,-0.000449
2020,28420,18,0.008494
2020,28660,18,0.00906
2020,28700,18,-0.009592
2020,28740,18,-0.001135
2020,29100,18,0.000891
2020,29340,18,-0.002442
2020,29420,18,0.000777
2020,29460,18,0.01022
2020,29540,18,0.001902
2020,29700,18,0.000347
2020,29740,18,-0.004194
2020,29820,18,0.004281
2020,29940,18,0.006055
2020,30140,18,0.004025
2020,30300,18,-0.010991
2020,30340,18,0.001567
2020,30460,18,0.00194
2020,30620,18,-0.002825
2020,30700,18,0.004905
2020,30780,18,-0.002729
2020,30860,18,-0.002152
2020,31020,18,0.005006
2020,31420,18,-0.00766
2020,31700,18,0.002193
2020,31860,18,0.000134
2020,32580,18,0.001671
2020,32780,18,0.001672
2020,32900,18,0.004257
2020,33140,18,6.7e-05
2020,33340,18,0.001528
2020,33540,18,-0.002222
2020,33700,18,-0.00171
2020,33780,18,0.00055
2020,33860,18,-0.00229
2020,34060,18,-0.009677
2020,34580,18,0.003294
2020,34620,18,-0.001042
2020,34740,18,-0.001597
2020,34940,18,0.009413
2020,35660,18,-0.002318
2020,35840,18,0.011602
2020,36100,18,0.007311
2020,36220,18,0.011454
2020,36420,18,0.002203
2020,36500,18,0.008298
2020,36540,18,0.004712
2020,36740,18,0.006872
2020,36780,18,0.00422
2020,36980,18,-0.000852
2020,37100,18,-0.005315
2020,37340,18,-0.001326
2020,37860,18,0.003631
2020,38060,18,0.005929
2020,38300,18,-0.001272
2020,38340,18,-0.006516
2020,38860,18,0.004075
2020,38900,18,0.002518
2020,38940,18,0.004445
2020,39300,18,-0.000675
2020,39340,18,0.010724
2020,39380,18,-0.006437
2020,39460,18,0.0109
2020,39540,18,0.000841
2020,39580,18,0.011639
2020,39740,18,0.001241
2020,39820,18,-0.00256
2020,39900,18,0.004903
2020,40140,18,0.00324
2020,40420,18,-0.001215
2020,40660,18,-0.004648
2020,40900,18,0.003489
2020,40980,18,-0.000344
2020,41060,18,0.000164
2020,41100,18,0.019235
2020,41140,18,-0.008542
2020,41420,18,0.000191
2020,41500,18,-0.003735
2020,41700,18,0.003831
2020,41740,18,-0.001792
2020,41940,18,-0.003978
2020,42020,18,-0.003984
2020,42100,18,-0.006464
2020,42140,18,-0.00718
2020,42220,18,-0.004992
2020,42340,18,0.002559
2020,42540,18,-0.000523
2020,42680,18,0.005256
2020,43100,18,-0.000381
2020,43620,18,0.011966
2020,43780,18,0.001767
2020,44100,18,-0.0024
2020,44180,18,0.002276
2020,44220,18,-0.001509
2020,44300,18,-0.000483
2020,44700,18,0.005338
2020,45060,18,-0.000796
2020,45220,18,-0.001048
2020,45820,18,-0.004412
2020,45940,18,0.001195
2020,46060,18,-0.001235
2020,46140,18,-0.00155
2020,46340,18,0.00135
2020,46540,18,-0.002548
2020,46660,18,0.001161
2020,46700,18,-0.000923
2020,47220,18,-0.002881
2020,47300,18,0.000379
2020,47940,18,-0.005652
2020,48300,18,0.003665
2020,48540,18,-0.014557
2020,48660,18,-0.006336
2020,48700,18,-0.002356
2020,49020,18,0.00025
2020,49420,18,-0.00344
2020,49620,18,0.002282
2020,49660,18,-0.002376
2020,49740,18,-0.000553
2020,10180,19,-0.00291
2020,10420,19,-0.000108
2020,10580,19,0.00093
2020,10740,19,-0.006944
2020,10780,19,-0.009189
2020,10900,19,0.001834
2020,11020,19,-0.0025
2020,11260,19,-0.004437
2020,11460,19,-0.002442
2020,11500,19,-0.007114
2020,11540,19,0.003571
2020,11700,19,-0.001317
2020,12020,19,0.000412
2020,12100,19,0.002799
2020,12220,19,0.003881
2020,12420,19,0.018379
2020,12540,19,0.001298
2020,12580,19,-0.007282
2020,12620,19,0.000232
2020,12700,19,-0.003186
2020,12980,19,7.5e-05
2020,13020,19,-0.003325
2020,13380,19,0.010015
2020,13460,19,0.019347
2020,13780,19,-0.003104
2020,14260,19,0.013585
2020,14500,19,-0.00232
2020,14740,19,0.002733
2020,15180,19,-0.003665
2020,15260,19,-0.003308
2020,15380,19,0.000252
2020,15500,19,0.005138
2020,15540,19,0.001689
2020,15940,19,-0.001014
2020,15980,19,0.011517
2020,16020,19,-0.004369
2020,16180,19,-0.000413
2020,16220,19,-0.004186
2020,16300,19,-0.00041
2020,16700,19,0.006791
2020,16860,19,-0.002086
2020,16940,19,-0.003413
2020,17020,19,-0.028057
2020,17420,19,0.003005
2020,17660,19,0.013578
2020,17780,19,0.004987
2020,17820,19,0.001488
2020,17900,19,-0.000206
2020,18020,19,0.008064
2020,18700,19,0.00093
2020,19340,19,-0.001095
2020,19460,19,-0.001609
2020,19500,19,-0.002824
2020,19740,19,0.00082
2020,20020,19,0.001098
2020,20100,19,0.003614
2020,20220,19,-0.001426
2020,20740,19,0.005468
2020,20940,19,-0.00438
2020,21140,19,0.002358
2020,21300,19,-0.002467
2020,21500,19,-0.003031
2020,21660,19,0.002708
2020,21820,19,-0.014337
2020,22020,19,0.006845
2020,22140,19,-0.016941
2020,22380,19,-0.004527
2020,22420,19,-0.001656
2020,22500,19,-0.006844
2020,22520,19,-0.001297
2020,22540,19,0.003398
2020,22660,19,0.004733
2020,23420,19,0.001209
2020,23460,19,-0.005462
2020,23580,19,0.003777
2020,24020,19,0.000289
2020,24220,19,-0.007167
2020,24300,19,-0.002136
2020,24500,19,-0.011376
2020,24540,19,0.01428
2020,24580,19,0.004464
2020,24660,19,-0.002928
2020,25420,19,0.006486
2020,25500,19,-0.005473
2020,25860,19,-0.006157
2020,25980,19,0.002687
2020,26300,19,-0.003458
2020,26380,19,-0.008425
2020,26620,19,0.011203
2020,26980,19,0.00111
2020,27060,19,-0.000209
2020,27100,19,-0.000598
2020,27260,19,0.007186
2020,27340,19,-0.000223
2020,27500,19,0.002361
2020,27740,19,-0.000909
2020,27780,19,-0.00446
2020,27860,19,0.001535
2020,27900,19,-0.000166
2020,28100,19,-0.000473
2020,28420,19,0.009096
2020,28660,19,0.008503
2020,28700,19,-0.007531
2020,28740,19,-0.001224
2020,29100,19,0.001272
2020,29340,19,-0.00248
2020,29420,19,-7e-05
2020,29460,19,0.009906
2020,29540,19,0.00249
2020,29700,19,-0.000326
2020,29740,19,-0.004726
2020,29820,19,0.003444
2020,29940,19,0.005048
2020,30140,19,0.003911
2020,30300,19,-0.008763
2020,30340,19,0.001541
2020,30460,19,0.001749
2020,30620,19,-0.002315
2020,30700,19,0.004427
2020,30780,19,-0.003304
2020,30860,19,-0.000282
2020,31020,19,0.006181
2020,31420,19,-0.007201
2020,31700,19,0.002034
2020,31860,19,-0.000162
2020,32580,19,0.000662
2020,32780,19,0.001283
2020,32900,19,0.003555
2020,33140,19,0.000244
2020,33340,19,0.001187
2020,33540,19,-0.002124
2020,33700,19,-0.001326
2020,33780,19,0.000551
2020,33860,19,-0.002678
2020,34060,19,-0.008353
2020,34580,19,0.004259
2020,34620,19,-0.000879
2020,34740,19,-0.000547
2020,34940,19,0.008738
2020,35660,19,-0.001759
2020,35840,19,0.010399
2020,36100,19,0.006052
2020,36220,19,0.012604
2020,36420,19,0.001741
2020,36500,19,0.008361
2020,36540,19,0.004278
2020,36740,19,0.005748
2020,36780,19,0.004427
2020,36980,19,-0.000212
2020,37100,19,-0.005482
2020,37340,19,-0.000134
2020,37860,19,0.003791
2020,38060,19,0.004894
2020,38300,19,-0.000647
2020,38340,19,-0.005822
2020,38860,19,0.003959
2020,38900,19,0.003576
2020,38940,19,0.004691
2020,39300,19,-0.000836
2020,39340,19,0.009935
2020,39380,19,-0.005168
2020,39460,19,0.009877
2020,39540,19,0.000852
2020,39580,19,0.010914
2020,39740,19,0.001591
2020,39820,19,-0.003196
2020,39900,19,0.004162
2020,40140,19,0.002571
2020,40420,19,-0.001545
2020,40660,19,-0.004241
2020,40900,19,0.002666
2020,40980,19,-0.000791
2020,41060,19,0.00081
2020,41100,19,0.017092
2020,41140,19,-0.007086
2020,41420,19,0.001605
2020,41500,19,-0.004009
2020,41700,19,0.004355
2020,41740,19,-0.002196
2020,41940,19,-0.002731
2020,42020,19,-0.004037
2020,42100,19,-0.005594
2020,42140,19,-0.00674
2020,42220,19,-0.005397
2020,42340,19,0.00188
2020,42540,19,-0.000456
2020,42680,19,0.005297
2020,43100,19,0.000532
2020,43620,19,0.010981
2020,43780,19,0.002121
2020,44100,19,-0.00248
2020,44180,19,0.00239
2020,44220,19,-0.001602
2020,44300,19,0.000649
2020,44700,19,0.004504
2020,45060,19,-0.000709
2020,45220,19,-0.001145
2020,45820,19,-0.004345
2020,45940,19,0.000176
2020,46060,19,-0.002018
2020,46140,19,-0.001819
2020,46340,19,0.001409
2020,46540,19,-0.001785
2020,46660,19,0.000495
2020,46700,19,-0.000782
2020,47220,19,-0.003198
2020,47300,19,-0.000572
2020,47940,19,-0.005429
2020,48300,19,0.004424
2020,48540,19,-0.013152
2020,48660,19,-0.005264
2020,48700,19,-0.001895
2020,49020,19,-0.000863
2020,49420,19,-0.002183
2020,49620,19,0.002237
2020,49660,19,-0.002636
2020,49740,19,-0.001869
2022,10180,0,-0.000485
2022,10420,0,-0.000101
2022,10580,0,0.001989
2022,10740,0,-0.009014
2022,10780,0,-0.007339
2022,10900,0,0.003493
2022,11260,0,-0.000299
2022,11460,0,-0.002929
2022,11500,0,-0.0063
2022,11540,0,0.004561
2022,11700,0,-0.00243
2022,12020,0,-0.002108
2022,12100,0,0.004929
2022,12220,0,0.012386
2022,12420,0,0.022087
2022,12540,0,0.004529
2022,12580,0,-0.008753
2022,12620,0,0.001017
2022,12700,0,0.007283
2022,12980,0,-0.000424
2022,13020,0,-0.002471
2022,13380,0,0.00377
2022,13460,0,0.022396
2022,13780,0,-0.003434
2022,14260,0,0.017078
2022,14500,0,-0.011772
2022,14740,0,-0.003978
2022,15180,0,0.000453
2022,15260,0,-0.005527
2022,15380,0,-0.001777
2022,15500,0,0.000545
2022,15540,0,0.001478
2022,15940,0,0.000896
2022,15980,0,0.018878
2022,16180,0,-0.005085
2022,16220,0,-0.014868
2022,16300,0,-0.004637
2022,16700,0,0.004038
2022,16860,0,-0.003541
2022,16940,0,-0.007782
2022,17020,0,-0.008465
2022,17420,0,0.005081
2022,17660,0,0.023935
2022,17780,0,0.007487
2022,17820,0,-0.001356
2022,17900,0,-0.001051
2022,18020,0,0.004019
2022,18700,0,0.002216
2022,19340,0,-0.001776
2022,19460,0,-0.002298
2022,19500,0,-0.006198
2022,19740,0,-0.007668
2022,20020,0,-0.001321
2022,20100,0,0.004665
2022,20220,0,-0.006066
2022,20740,0,0.008253
2022,20940,0,-0.000559
2022,21140,0,0.001426
2022,21300,0,-0.007141
2022,21500,0,-0.003044
2022,21660,0,-0.001213
2022,21820,0,-0.001544
2022,22020,0,0.006038
2022,22140,0,-0.012554
2022,22380,0,-0.007182
2022,22420,0,-0.001245
2022,22500,0,-0.009614
2022,22520,0,-0.001224
2022,22540,0,0.002704
2022,22660,0,-0.002928
2022,23420,0,0.002052
2022,23460,0,-0.006047
2022,23580,0,0.004522
2022,24020,0,0.00044
2022,24220,0,-0.005116
2022,24300,0,-0.001905
2022,24500,0,-0.008897
2022,24540,0,0.01122
2022,24580,0,0.004833
2022,24660,0,-0.005984
2022,25420,0,0.005927
2022,25500,0,-0.0056
2022,25860,0,-0.008589
2022,25980,0,0.004292
2022,26300,0,-0.002782
2022,26380,0,-0.005235
2022,26620,0,0.012312
2022,26980,0,0.00453
2022,27060,0,-0.000756
2022,27100,0,-0.000274
2022,27260,0,0.00679
2022,27340,0,-0.000713
2022,27500,0,0.004524
2022,27740,0,-0.001127
2022,27780,0,-0.003949
2022,27860,0,0.001289
2022,27900,0,0.002134
2022,28100,0,-0.002708
2022,28420,0,0.00762
2022,28660,0,0.01317
2022,28700,0,-0.007548
2022,28740,0,0.005156
2022,29100,0,-0.000422
2022,29340,0,-0.0345
2022,29420,0,0.003754
2022,29460,0,0.018233
2022,29540,0,0.000847
2022,29700,0,0.000254
2022,29740,0,-0.002911
2022,29820,0,-0.002494
2022,29940,0,0.000621
2022,30140,0,0.001773
2022,30300,0,-0.006036
2022,30340,0,-0.001906
2022,30460,0,-0.002012
2022,30620,0,-0.001599
2022,30700,0,0.002488
2022,30780,0,8.7e-05
2022,30860,0,0.010601
2022,31020,0,0.000851
2022,31420,0,-0.008341
2022,31700,0,-0.000667
2022,31860,0,-0.002248
2022,32580,0,0.004802
2022,32780,0,-0.000113
2022,32900,0,0.008238
2022,33140,0,0.002284
2022,33340,0,-0.001285
2022,33540,0,0.000109
2022,33700,0,-0.002603
2022,33780,0,0.002734
2022,33860,0,-0.002966
2022,34060,0,-0.007722
2022,34580,0,0.001568
2022,34620,0,0.002324
2022,34740,0,0.002651
2022,34940,0,0.012755
2022,35660,0,-0.003483
2022,35840,0,0.01464
2022,36100,0,0.010768
2022,36220,0,-0.017875
2022,36420,0,0.004405
2022,36500,0,0.003618
2022,36540,0,0.001746
2022,36740,0,-0.001386
2022,36780,0,0.001992
2022,36980,0,-0.005425
2022,37100,0,-0.004802
2022,37340,0,0.002717
2022,37860,0,0.001116
2022,38060,0,0.005084
2022,38300,0,-0.004012
2022,38340,0,-0.003006
2022,38860,0,0.004734
2022,38900,0,-0.001068
2022,38940,0,0.013417
2022,39300,0,-0.002236
2022,39340,0,0.016925
2022,39380,0,-0.005939
2022,39460,0,0.022961
2022,39540,0,-0.000864
2022,39580,0,0.009582
2022,39740,0,0.000992
2022,39820,0,-0.001214
2022,39900,0,0.002469
2022,40140,0,0.005669
2022,40420,0,-0.001835
2022,40660,0,-0.007425
2022,40900,0,0.003189
2022,40980,0,0.000202
2022,41060,0,-0.001396
2022,41100,0,0.03062
2022,41140,0,-0.007703
2022,41420,0,0.001275
2022,41500,0,-0.003778
2022,41700,0,0.00755
2022,41740,0,-0.003597
2022,41940,0,-0.015172
2022,42020,0,-0.000482
2022,42100,0,-0.008952
2022,42140,0,-0.007983
2022,42220,0,-0.005226
2022,42340,0,0.002006
2022,42540,0,0.00166
2022,42680,0,0.006328
2022,43100,0,-0.000498
2022,43620,0,0.014485
2022,43780,0,0.000131
2022,44100,0,-0.00274
2022,44180,0,0.005453
2022,44220,0,0.001127
2022,44300,0,-0.001919
2022,44700,0,0.00688
2022,45060,0,-0.002484
2022,45220,0,-0.00455
2022,45820,0,-0.002401
2022,45940,0,0.000983
2022,46060,0,-0.004171
2022,46140,0,0.003277
2022,46340,0,0.004928
2022,46540,0,-0.003813
2022,46660,0,-0.00049
2022,46700,0,-0.002801
2022,47220,0,0.001042
2022,47300,0,0.003942
2022,47940,0,-0.005195
2022,48300,0,0.00615
2022,48540,0,-0.016553
2022,48660,0,-0.001895
2022,48700,0,-0.002364
2022,49020,0,0.00409
2022,49420,0,-0.004475
2022,49620,0,0.003537
2022,49660,0,-0.000535
2022,49740,0,0.001309
2022,10180,1,0.000331
2022,10420,1,-0.00049
2022,10580,1,0.002056
2022,10740,1,-0.009088
2022,10780,1,-0.007625
2022,10900,1,0.003533
2022,11260,1,-0.000624
2022,11460,1,-0.002745
2022,11500,1,-0.006182
2022,11540,1,0.005193
2022,11700,1,-0.001756
2022,12020,1,-0.001885
2022,12100,1,0.006113
2022,12220,1,0.013731
2022,12420,1,0.022728
2022,12540,1,0.004799
2022,12580,1,-0.007572
2022,12620,1,-0.000324
2022,12700,1,0.008486
2022,12980,1,-0.0005
2022,13020,1,-0.002341
2022,13380,1,0.00328
2022,13460,1,0.022063
2022,13780,1,-0.002467
2022,14260,1,0.016793
2022,14500,1,-0.011109
2022,14740,1,-0.002686
2022,15180,1,-0.000416
2022,15260,1,-0.007503
2022,15380,1,-0.00116
2022,15500,1,0.001335
2022,15540,1,0.001223
2022,15940,1,0.00097
2022,15980,1,0.017668
2022,16180,1,-0.00259
2022,16220,1,-0.013735
2022,16300,1,-0.003814
2022,16700,1,0.0042
2022,16860,1,-0.003858
2022,16940,1,-0.00739
2022,17020,1,-0.012413
2022,17420,1,0.003958
2022,17660,1,0.023834
2022,17780,1,0.007452
2022,17820,1,-0.001087
2022,17900,1,-0.001593
2022,18020,1,0.002869
2022,18700,1,0.002335
2022,19340,1,-0.001358
2022,19460,1,-0.002135
2022,19500,1,-0.005889
2022,19740,1,-0.007675
2022,20020,1,-0.00156
2022,20100,1,0.005469
2022,20220,1,-0.004858
2022,20740,1,0.008262
2022,20940,1,-0.001365
2022,21140,1,0.001229
2022,21300,1,-0.007551
2022,21500,1,-0.003714
2022,21660,1,-0.001033
2022,21820,1,-0.003866
2022,22020,1,0.006326
2022,22140,1,-0.013846
2022,22380,1,-0.006296
2022,22420,1,-0.001498
2022,22500,1,-0.010643
2022,22520,1,-0.001466
2022,22540,1,0.002606
2022,22660,1,-0.002797
2022,23420,1,0.002506
2022,23460,1,-0.006441
2022,23580,1,0.003734
2022,24020,1,0.000278
2022,24220,1,-0.003856
2022,24300,1,-0.001826
2022,24500,1,-0.007851
2022,24540,1,0.011203
2022,24580,1,0.005219
2022,24660,1,-0.005348
2022,25420,1,0.00609
2022,25500,1,-0.005287
2022,25860,1,-0.009271
2022,25980,1,0.004282
2022,26300,1,-0.002845
2022,26380,1,-0.005956
2022,26620,1,0.013286
2022,26980,1,0.004268
2022,27060,1,-0.000176
2022,27100,1,-0.000172
2022,27260,1,0.008394
2022,27340,1,0.001015
2022,27500,1,0.003885
2022,27740,1,-0.001429
2022,27780,1,-0.003741
2022,27860,1,0.001331
2022,27900,1,0.002067
2022,28100,1,-0.003717
2022,28420,1,0.007457
2022,28660,1,0.013926
2022,28700,1,-0.007763
2022,28740,1,0.004672
2022,29100,1,0.000409
2022,29340,1,-0.027948
2022,29420,1,0.003439
2022,29460,1,0.017539
2022,29540,1,0.000564
2022,29700,1,-0.001697
2022,29740,1,-0.002861
2022,29820,1,-0.002098
2022,29940,1,-0.000897
2022,30140,1,0.001379
2022,30300,1,-0.006338
2022,30340,1,-0.001612
2022,30460,1,-0.002934
2022,30620,1,-0.00212
2022,30700,1,0.002747
2022,30780,1,5.2e-05
2022,30860,1,0.010397
2022,31020,1,0.000969
2022,31420,1,-0.007348
2022,31700,1,-0.001022
2022,31860,1,-0.001425
2022,32580,1,0.004261
2022,32780,1,0.00057
2022,32900,1,0.008076
2022,33140,1,0.00276
2022,33340,1,-0.001232
2022,33540,1,-0.00118
2022,33700,1,-0.002335
2022,33780,1,0.003657
2022,33860,1,-0.002036
2022,34060,1,-0.007845
2022,34580,1,0.001482
2022,34620,1,0.000508
2022,34740,1,0.002343
2022,34940,1,0.011311
2022,35660,1,-0.003304
2022,35840,1,0.013911
2022,36100,1,0.01197
2022,36220,1,-0.015428
2022,36420,1,0.004474
2022,36500,1,0.004375
2022,36540,1,0.002606
2022,36740,1,0.000592
2022,36780,1,0.001834
2022,36980,1,-0.005263
2022,37100,1,-0.004899
2022,37340,1,0.002934
2022,37860,1,0.002348
2022,38060,1,0.003969
2022,38300,1,-0.003676
2022,38340,1,-0.002851
2022,38860,1,0.004442
2022,38900,1,-0.000335
2022,38940,1,0.012355
2022,39300,1,-0.00165
2022,39340,1,0.017222
2022,39380,1,-0.006695
2022,39460,1,0.021322
2022,39540,1,-0.000723
2022,39580,1,0.010248
2022,39740,1,0.000949
2022,39820,1,-0.000795
2022,39900,1,0.003898
2022,40140,1,0.004623
2022,40420,1,-0.001408
2022,40660,1,-0.007132
2022,40900,1,0.003834
2022,40980,1,-0.00018
2022,41060,1,-0.00203
2022,41100,1,0.029449
2022,41140,1,-0.009398
2022,41420,1,0.000842
2022,41500,1,-0.003062
2022,41700,1,0.006904
2022,41740,1,-0.004089
2022,41940,1,-0.013769
2022,42020,1,-0.001144
2022,42100,1,-0.009065
2022,42140,1,-0.006612
2022,42220,1,-0.006236
2022,42340,1,0.003255
2022,42540,1,0.001674
2022,42680,1,0.005937
2022,43100,1,0.000305
2022,43620,1,0.015484
2022,43780,1,1.9e-05
2022,44100,1,-0.002559
2022,44180,1,0.005322
2022,44220,1,0.001236
2022,44300,1,-0.004258
2022,44700,1,0.007655
2022,45060,1,-0.002223
2022,45220,1,-0.004422
2022,45820,1,-0.002549
2022,45940,1,0.003063
2022,46060,1,-0.004239
2022,46140,1,0.003435
2022,46340,1,0.004197
2022,46540,1,-0.004314
2022,46660,1,6.8e-05
2022,46700,1,-0.001768
2022,47220,1,0.001682
2022,47300,1,0.004345
2022,47940,1,-0.005458
2022,48300,1,0.006086
2022,48540,1,-0.016274
2022,48660,1,-0.0039
2022,48700,1,-0.003091
2022,49020,1,0.004411
2022,49420,1,-0.003725
2022,49620,1,0.003255
2022,49660,1,-0.000503
2022,49740,1,-0.001193
2022,10180,2,-0.000269
2022,10420,2,-0.000249
2022,10580,2,0.00207
2022,10740,2,-0.008996
2022,10780,2,-0.007456
2022,10900,2,0.003413
2022,11260,2,-0.000564
2022,11460,2,-0.002996
2022,11500,2,-0.006341
2022,11540,2,0.004756
2022,11700,2,-0.00211
2022,12020,2,-0.002238
2022,12100,2,0.005513
2022,12220,2,0.012867
2022,12420,2,0.022855
2022,12540,2,0.004543
2022,12580,2,-0.008388
2022,12620,2,0.000609
2022,12700,2,0.007364
2022,12980,2,-0.00027
2022,13020,2,-0.002326
2022,13380,2,0.003641
2022,13460,2,0.022485
2022,13780,2,-0.002884
2022,14260,2,0.01701
2022,14500,2,-0.011484
2022,14740,2,-0.003325
2022,15180,2,0.000147
2022,15260,2,-0.00613
2022,15380,2,-0.001545
2022,15500,2,0.000749
2022,15540,2,0.001318
2022,15940,2,0.00093
2022,15980,2,0.018626
2022,16180,2,-0.004431
2022,16220,2,-0.014381
2022,16300,2,-0.004329
2022,16700,2,0.00425
2022,16860,2,-0.003648
2022,16940,2,-0.007623
2022,17020,2,-0.009569
2022,17420,2,0.004612
2022,17660,2,0.023842
2022,17780,2,0.007494
2022,17820,2,-0.0011
2022,17900,2,-0.00124
2022,18020,2,0.003655
2022,18700,2,0.001724
2022,19340,2,-0.00169
2022,19460,2,-0.002178
2022,19500,2,-0.005878
2022,19740,2,-0.007485
2022,20020,2,-0.001579
2022,20100,2,0.005215
2022,20220,2,-0.005714
2022,20740,2,0.008236
2022,20940,2,-0.000972
2022,21140,2,0.001348
2022,21300,2,-0.007529
2022,21500,2,-0.003158
2022,21660,2,-0.001109
2022,21820,2,-0.002654
2022,22020,2,0.006161
2022,22140,2,-0.012937
2022,22380,2,-0.006492
2022,22420,2,-0.00141
2022,22500,2,-0.010072
2022,22520,2,-0.001284
2022,22540,2,0.002539
2022,22660,2,-0.002889
2022,23420,2,0.00218
2022,23460,2,-0.006161
2022,23580,2,0.004048
2022,24020,2,0.000453
2022,24220,2,-0.004578
2022,24300,2,-0.001859
2022,24500,2,-0.008586
2022,24540,2,0.010915
2022,24580,2,0.004919
2022,24660,2,-0.005721
2022,25420,2,0.005791
2022,25500,2,-0.00549
2022,25860,2,-0.008999
2022,25980,2,0.004088
2022,26300,2,-0.003052
2022,26380,2,-0.005611
2022,26620,2,0.012699
2022,26980,2,0.004204
2022,27060,2,-0.000641
2022,27100,2,-0.00051
2022,27260,2,0.007375
2022,27340,2,-6.4e-05
2022,27500,2,0.004115
2022,27740,2,-0.00126
2022,27780,2,-0.00395
2022,27860,2,0.001365
2022,27900,2,0.001999
2022,28100,2,-0.003006
2022,28420,2,0.00737
2022,28660,2,0.013329
2022,28700,2,-0.007801
2022,28740,2,0.00499
2022,29100,2,-0.000161
2022,29340,2,-0.031259
2022,29420,2,0.00366
2022,29460,2,0.017708
2022,29540,2,0.000687
2022,29700,2,-0.000329
2022,29740,2,-0.002876
2022,29820,2,-0.002328
2022,29940,2,0.000181
2022,30140,2,0.001583
2022,30300,2,-0.006955
2022,30340,2,-0.001793
2022,30460,2,-0.002239
2022,30620,2,-0.001856
2022,30700,2,0.002662
2022,30780,2,4.3e-05
2022,30860,2,0.010183
2022,31020,2,0.000737
2022,31420,2,-0.008213
2022,31700,2,-0.000816
2022,31860,2,-0.001954
2022,32580,2,0.00451
2022,32780,2,0.000185
2022,32900,2,0.007745
2022,33140,2,0.00237
2022,33340,2,-0.001161
2022,33540,2,1.9e-05
2022,33700,2,-0.002494
2022,33780,2,0.002838
2022,33860,2,-0.002686
2022,34060,2,-0.008192
2022,34580,2,0.00143
2022,34620,2,0.00155
2022,34740,2,0.002298
2022,34940,2,0.012504
2022,35660,2,-0.003436
2022,35840,2,0.014444
2022,36100,2,0.011
2022,36220,2,-0.016793
2022,36420,2,0.004302
2022,36500,2,0.003831
2022,36540,2,0.002083
2022,36740,2,-0.000574
2022,36780,2,0.002031
2022,36980,2,-0.005354
2022,37100,2,-0.004688
2022,37340,2,0.002685
2022,37860,2,0.001688
2022,38060,2,0.004964
2022,38300,2,-0.003897
2022,38340,2,-0.002898
2022,38860,2,0.004588
2022,38900,2,-0.000601
2022,38940,2,0.012837
2022,39300,2,-0.002063
2022,39340,2,0.016915
2022,39380,2,-0.006278
2022,39460,2,0.022382
2022,39540,2,-0.000915
2022,39580,2,0.009845
2022,39740,2,0.000824
2022,39820,2,-0.00114
2022,39900,2,0.003082
2022,40140,2,0.005259
2022,40420,2,-0.001584
2022,40660,2,-0.007365
2022,40900,2,0.003444
2022,40980,2,0.000177
2022,41060,2,-0.001742
2022,41100,2,0.029926
2022,41140,2,-0.008275
2022,41420,2,0.00102
2022,41500,2,-0.003501
2022,41700,2,0.007159
2022,41740,2,-0.003545
2022,41940,2,-0.014393
2022,42020,2,-0.000828
2022,42100,2,-0.008865
2022,42140,2,-0.007733
2022,42220,2,-0.005749
2022,42340,2,0.002294
2022,42540,2,0.001582
2022,42680,2,0.005948
2022,43100,2,-0.000435
2022,43620,2,0.01497
2022,43780,2,0.000158
2022,44100,2,-0.002729
2022,44180,2,0.005332
2022,44220,2,0.001149
2022,44300,2,-0.002851
2022,44700,2,0.007034
2022,45060,2,-0.00222
2022,45220,2,-0.004487
2022,45820,2,-0.002422
2022,45940,2,0.001752
2022,46060,2,-0.004114
2022,46140,2,0.003269
2022,46340,2,0.004334
2022,46540,2,-0.003965
2022,46660,2,-0.000259
2022,46700,2,-0.002303
2022,47220,2,0.001495
2022,47300,2,0.004017
2022,47940,2,-0.005341
2022,48300,2,0.006091
2022,48540,2,-0.016587
2022,48660,2,-0.003112
2022,48700,2,-0.0027
2022,49020,2,0.004025
2022,49420,2,-0.004384
2022,49620,2,0.003185
2022,49660,2,-0.000457
2022,49740,2,0.000682
2022,10180,3,-0.00082
2022,10420,3,-4.9e-05
2022,10580,3,0.002263
2022,10740,3,-0.009094
2022,10780,3,-0.007456
2022,10900,3,0.003479
2022,11260,3,-0.000473
2022,11460,3,-0.003298
2022,11500,3,-0.006617
2022,11540,3,0.00459
2022,11700,3,-0.00254
2022,12020,3,-0.002826
2022,12100,3,0.005508
2022,12220,3,0.013186
2022,12420,3,0.023769
2022,12540,3,0.004633
2022,12580,3,-0.009101
2022,12620,3,0.001306
2022,12700,3,0.006528
2022,12980,3,-0.000129
2022,13020,3,-0.002333
2022,13380,3,0.003874
2022,13460,3,0.023601
2022,13780,3,-0.003253
2022,14260,3,0.017471
2022,14500,3,-0.012302
2022,14740,3,-0.003784
2022,15180,3,0.000521
2022,15260,3,-0.005186
2022,15380,3,-0.002109
2022,15500,3,0.000112
2022,15540,3,0.001442
2022,15940,3,0.000973
2022,15980,3,0.020176
2022,16180,3,-0.005718
2022,16220,3,-0.015166
2022,16300,3,-0.004777
2022,16700,3,0.004531
2022,16860,3,-0.003934
2022,16940,3,-0.00801
2022,17020,3,-0.007662
2022,17420,3,0.005014
2022,17660,3,0.02445
2022,17780,3,0.007731
2022,17820,3,-0.001093
2022,17900,3,-0.001051
2022,18020,3,0.004165
2022,18700,3,0.00092
2022,19340,3,-0.001913
2022,19460,3,-0.002515
2022,19500,3,-0.005831
2022,19740,3,-0.00775
2022,20020,3,-0.001552
2022,20100,3,0.005725
2022,20220,3,-0.006499
2022,20740,3,0.008477
2022,20940,3,-0.000531
2022,21140,3,0.001404
2022,21300,3,-0.007803
2022,21500,3,-0.002858
2022,21660,3,-0.001271
2022,21820,3,-0.002024
2022,22020,3,0.006394
2022,22140,3,-0.012423
2022,22380,3,-0.006555
2022,22420,3,-0.001327
2022,22500,3,-0.009972
2022,22520,3,-0.001351
2022,22540,3,0.002492
2022,22660,3,-0.00322
2022,23420,3,0.002179
2022,23460,3,-0.006224
2022,23580,3,0.004189
2022,24020,3,0.00066
2022,24220,3,-0.005161
2022,24300,3,-0.001807
2022,24500,3,-0.009571
2022,24540,3,0.010873
2022,24580,3,0.004889
2022,24660,3,-0.006255
2022,25420,3,0.005792
2022,25500,3,-0.005755
2022,25860,3,-0.009488
2022,25980,3,0.003756
2022,26300,3,-0.003458
2022,26380,3,-0.005383
2022,26620,3,0.012714
2022,26980,3,0.00426
2022,27060,3,-0.001105
2022,27100,3,-0.000841
2022,27260,3,0.007057
2022,27340,3,-0.000745
2022,27500,3,0.004344
2022,27740,3,-0.001327
2022,27780,3,-0.004159
2022,27860,3,0.001641
2022,27900,3,0.00186
2022,28100,3,-0.002402
2022,28420,3,0.00721
2022,28660,3,0.013215
2022,28700,3,-0.008513
2022,28740,3,0.005181
2022,29100,3,-0.000598
2022,29340,3,-0.033764
2022,29420,3,0.003987
2022,29460,3,0.018508
2022,29540,3,0.000674
2022,29700,3,0.000934
2022,29740,3,-0.002673
2022,29820,3,-0.002376
2022,29940,3,0.000965
2022,30140,3,0.001722
2022,30300,3,-0.008067
2022,30340,3,-0.00197
2022,30460,3,-0.001749
2022,30620,3,-0.001801
2022,30700,3,0.002661
2022,30780,3,0.000153
2022,30860,3,0.00978
2022,31020,3,0.000364
2022,31420,3,-0.009164
2022,31700,3,-0.000699
2022,31860,3,-0.002298
2022,32580,3,0.004961
2022,32780,3,2.8e-05
2022,32900,3,0.007531
2022,33140,3,0.002059
2022,33340,3,-0.00099
2022,33540,3,0.000819
2022,33700,3,-0.002712
2022,33780,3,0.002302
2022,33860,3,-0.003008
2022,34060,3,-0.00909
2022,34580,3,0.001241
2022,34620,3,0.002251
2022,34740,3,0.002046
2022,34940,3,0.01401
2022,35660,3,-0.003626
2022,35840,3,0.015395
2022,36100,3,0.010901
2022,36220,3,-0.018333
2022,36420,3,0.004324
2022,36500,3,0.003415
2022,36540,3,0.001853
2022,36740,3,-0.001096
2022,36780,3,0.002255
2022,36980,3,-0.005634
2022,37100,3,-0.004586
2022,37340,3,0.002551
2022,37860,3,0.001338
2022,38060,3,0.006097
2022,38300,3,-0.004277
2022,38340,3,-0.003035
2022,38860,3,0.004819
2022,38900,3,-0.000759
2022,38940,3,0.013493
2022,39300,3,-0.002305
2022,39340,3,0.01709
2022,39380,3,-0.006475
2022,39460,3,0.024027
2022,39540,3,-0.001011
2022,39580,3,0.009842
2022,39740,3,0.000701
2022,39820,3,-0.001325
2022,39900,3,0.00289
2022,40140,3,0.005858
2022,40420,3,-0.001544
2022,40660,3,-0.007918
2022,40900,3,0.00336
2022,40980,3,0.000489
2022,41060,3,-0.001665
2022,41100,3,0.031174
2022,41140,3,-0.00772
2022,41420,3,0.000968
2022,41500,3,-0.003728
2022,41700,3,0.007431
2022,41740,3,-0.00321
2022,41940,3,-0.015244
2022,42020,3,-0.000665
2022,42100,3,-0.008985
2022,42140,3,-0.0086
2022,42220,3,-0.005584
2022,42340,3,0.001715
2022,42540,3,0.001506
2022,42680,3,0.005969
2022,43100,3,-0.001044
2022,43620,3,0.015314
2022,43780,3,0.000172
2022,44100,3,-0.002834
2022,44180,3,0.005334
2022,44220,3,0.001101
2022,44300,3,-0.00195
2022,44700,3,0.006758
2022,45060,3,-0.002339
2022,45220,3,-0.004454
2022,45820,3,-0.002414
2022,45940,3,0.001213
2022,46060,3,-0.003907
2022,46140,3,0.003273
2022,46340,3,0.004261
2022,46540,3,-0.003954
2022,46660,3,-0.000274
2022,46700,3,-0.002545
2022,47220,3,0.001648
2022,47300,3,0.004086
2022,47940,3,-0.005432
2022,48300,3,0.006173
2022,48540,3,-0.017533
2022,48660,3,-0.002932
2022,48700,3,-0.002643
2022,49020,3,0.003933
2022,49420,3,-0.005313
2022,49620,3,0.003247
2022,49660,3,-0.000412
2022,49740,3,0.002439
2022,10180,4,-0.000349
2022,10420,4,-0.000261
2022,10580,4,0.002177
2022,10740,4,-0.009193
2022,10780,4,-0.007719
2022,10900,4,0.003253
2022,11260,4,-0.000976
2022,11460,4,-0.003175
2022,11500,4,-0.006631
2022,11540,4,0.004873
2022,11700,4,-0.001819
2022,12020,4,-0.002443
2022,12100,4,0.005724
2022,12220,4,0.012924
2022,12420,4,0.024371
2022,12540,4,0.004295
2022,12580,4,-0.00877
2022,12620,4,0.000768
2022,12700,4,0.00693
2022,12980,4,0.000106
2022,13020,4,-0.002216
2022,13380,4,0.004035
2022,13460,4,0.023269
2022,13780,4,-0.002479
2022,14260,4,0.017697
2022,14500,4,-0.011358
2022,14740,4,-0.002894
2022,15180,4,0.000143
2022,15260,4,-0.006071
2022,15380,4,-0.001271
2022,15500,4,0.000743
2022,15540,4,0.001242
2022,15940,4,0.000956
2022,15980,4,0.019128
2022,16180,4,-0.005021
2022,16220,4,-0.014573
2022,16300,4,-0.004395
2022,16700,4,0.004703
2022,16860,4,-0.003437
2022,16940,4,-0.007639
2022,17020,4,-0.009059
2022,17420,4,0.004733
2022,17660,4,0.024353
2022,17780,4,0.007757
2022,17820,4,-0.000658
2022,17900,4,-0.001204
2022,18020,4,0.003963
2022,18700,4,0.000961
2022,19340,4,-0.001894
2022,19460,4,-0.001962
2022,19500,4,-0.005731
2022,19740,4,-0.006998
2022,20020,4,-0.002022
2022,20100,4,0.005537
2022,20220,4,-0.005938
2022,20740,4,0.008449
2022,20940,4,-0.001388
2022,21140,4,0.001467
2022,21300,4,-0.008048
2022,21500,4,-0.002964
2022,21660,4,-0.000933
2022,21820,4,-0.003229
2022,22020,4,0.006291
2022,22140,4,-0.013314
2022,22380,4,-0.006032
2022,22420,4,-0.001575
2022,22500,4,-0.010444
2022,22520,4,-0.001166
2022,22540,4,0.00238
2022,22660,4,-0.002712
2022,23420,4,0.002045
2022,23460,4,-0.006191
2022,23580,4,0.003906
2022,24020,4,0.000632
2022,24220,4,-0.004482
2022,24300,4,-0.001874
2022,24500,4,-0.008782
2022,24540,4,0.010798
2022,24580,4,0.00494
2022,24660,4,-0.005667
2022,25420,4,0.005515
2022,25500,4,-0.005613
2022,25860,4,-0.009225
2022,25980,4,0.003922
2022,26300,4,-0.003537
2022,26380,4,-0.006054
2022,26620,4,0.013033
2022,26980,4,0.003867
2022,27060,4,-0.000772
2022,27100,4,-0.000952
2022,27260,4,0.007514
2022,27340,4,-3.3e-05
2022,27500,4,0.00395
2022,27740,4,-0.001204
2022,27780,4,-0.004171
2022,27860,4,0.001411
2022,27900,4,0.001876
2022,28100,4,-0.003077
2022,28420,4,0.007512
2022,28660,4,0.013409
2022,28700,4,-0.008087
2022,28740,4,0.005224
2022,29100,4,-0.000136
2022,29340,4,-0.030346
2022,29420,4,0.003745
2022,29460,4,0.017533
2022,29540,4,0.000715
2022,29700,4,-0.000203
2022,29740,4,-0.003144
2022,29820,4,-0.0023
2022,29940,4,0.000413
2022,30140,4,0.001581
2022,30300,4,-0.008522
2022,30340,4,-0.001776
2022,30460,4,-0.002003
2022,30620,4,-0.00199
2022,30700,4,0.002994
2022,30780,4,-0.00013
2022,30860,4,0.010007
2022,31020,4,0.000708
2022,31420,4,-0.008782
2022,31700,4,-0.000804
2022,31860,4,-0.001966
2022,32580,4,0.004329
2022,32780,4,0.000229
2022,32900,4,0.00708
2022,33140,4,0.002347
2022,33340,4,-0.00101
2022,33540,4,0.00077
2022,33700,4,-0.00251
2022,33780,4,0.002475
2022,33860,4,-0.002989
2022,34060,4,-0.008997
2022,34580,4,0.001476
2022,34620,4,0.001356
2022,34740,4,0.002117
2022,34940,4,0.01304
2022,35660,4,-0.0035
2022,35840,4,0.014771
2022,36100,4,0.010732
2022,36220,4,-0.016282
2022,36420,4,0.004134
2022,36500,4,0.003968
2022,36540,4,0.002259
2022,36740,4,-0.00041
2022,36780,4,0.00234
2022,36980,4,-0.005295
2022,37100,4,-0.004561
2022,37340,4,0.002635
2022,37860,4,0.002066
2022,38060,4,0.005484
2022,38300,4,-0.003801
2022,38340,4,-0.002863
2022,38860,4,0.00468
2022,38900,4,-0.00016
2022,38940,4,0.012754
2022,39300,4,-0.002186
2022,39340,4,0.017108
2022,39380,4,-0.006239
2022,39460,4,0.022688
2022,39540,4,-0.001103
2022,39580,4,0.010204
2022,39740,4,0.000596
2022,39820,4,-0.001402
2022,39900,4,0.003243
2022,40140,4,0.005251
2022,40420,4,-0.001584
2022,40660,4,-0.007464
2022,40900,4,0.003524
2022,40980,4,0.000374
2022,41060,4,-0.001963
2022,41100,4,0.029865
2022,41140,4,-0.008357
2022,41420,4,0.001094
2022,41500,4,-0.003654
2022,41700,4,0.007124
2022,41740,4,-0.003168
2022,41940,4,-0.014002
2022,42020,4,-0.001081
2022,42100,4,-0.008803
2022,42140,4,-0.008442
2022,42220,4,-0.006123
2022,42340,4,0.002048
2022,42540,4,0.001467
2022,42680,4,0.005741
2022,43100,4,-0.000805
2022,43620,4,0.015497
2022,43780,4,0.00041
2022,44100,4,-0.002994
2022,44180,4,0.005394
2022,44220,4,0.001164
2022,44300,4,-0.002969
2022,44700,4,0.006908
2022,45060,4,-0.001817
2022,45220,4,-0.004601
2022,45820,4,-0.002387
2022,45940,4,0.001609
2022,46060,4,-0.004179
2022,46140,4,0.003181
2022,46340,4,0.003906
2022,46540,4,-0.003829
2022,46660,4,-0.000339
2022,46700,4,-0.002188
2022,47220,4,0.001752
2022,47300,4,0.003804
2022,47940,4,-0.005527
2022,48300,4,0.006335
2022,48540,4,-0.016972
2022,48660,4,-0.004071
2022,48700,4,-0.002802
2022,49020,4,0.003654
2022,49420,4,-0.00449
2022,49620,4,0.002737
2022,49660,4,-0.00037
2022,49740,4,0.00088
2022,10180,5,0.000137
2022,10420,5,-0.000486
2022,10580,5,0.002061
2022,10740,5,-0.009339
2022,10780,5,-0.007983
2022,10900,5,0.003357
2022,11260,5,-0.001279
2022,11460,5,-0.002761
2022,11500,5,-0.006367
2022,11540,5,0.00501
2022,11700,5,-0.001457
2022,12020,5,-0.002243
2022,12100,5,0.006549
2022,12220,5,0.013893
2022,12420,5,0.024926
2022,12540,5,0.004377
2022,12580,5,-0.008078
2022,12620,5,-0.000144
2022,12700,5,0.007416
2022,12980,5,-0.000217
2022,13020,5,-0.001987
2022,13380,5,0.003724
2022,13460,5,0.022912
2022,13780,5,-0.002634
2022,14260,5,0.017451
2022,14500,5,-0.011008
2022,14740,5,-0.002059
2022,15180,5,-0.000308
2022,15260,5,-0.007336
2022,15380,5,-0.00093
2022,15500,5,0.00103
2022,15540,5,0.001045
2022,15940,5,0.001055
2022,15980,5,0.018516
2022,16180,5,-0.003163
2022,16220,5,-0.01418
2022,16300,5,-0.00385
2022,16700,5,0.00467
2022,16860,5,-0.003714
2022,16940,5,-0.007586
2022,17020,5,-0.011399
2022,17420,5,0.004004
2022,17660,5,0.024221
2022,17780,5,0.007324
2022,17820,5,-0.000521
2022,17900,5,-0.001672
2022,18020,5,0.002984
2022,18700,5,0.0013
2022,19340,5,-0.00158
2022,19460,5,-0.001752
2022,19500,5,-0.005781
2022,19740,5,-0.007209
2022,20020,5,-0.002103
2022,20100,5,0.006075
2022,20220,5,-0.005116
2022,20740,5,0.008446
2022,20940,5,-0.001466
2022,21140,5,0.001275
2022,21300,5,-0.007544
2022,21500,5,-0.003339
2022,21660,5,-0.000653
2022,21820,5,-0.004486
2022,22020,5,0.006338
2022,22140,5,-0.014271
2022,22380,5,-0.005317
2022,22420,5,-0.001206
2022,22500,5,-0.010636
2022,22520,5,-0.001632
2022,22540,5,0.002123
2022,22660,5,-0.00302
2022,23420,5,0.002364
2022,23460,5,-0.00632
2022,23580,5,0.003303
2022,24020,5,0.000547
2022,24220,5,-0.003762
2022,24300,5,-0.001796
2022,24500,5,-0.008532
2022,24540,5,0.010447
2022,24580,5,0.005109
2022,24660,5,-0.005383
2022,25420,5,0.005674
2022,25500,5,-0.005576
2022,25860,5,-0.009646
2022,25980,5,0.003892
2022,26300,5,-0.003216
2022,26380,5,-0.00659
2022,26620,5,0.01365
2022,26980,5,0.003443
2022,27060,5,-0.000214
2022,27100,5,-0.000519
2022,27260,5,0.008491
2022,27340,5,0.001092
2022,27500,5,0.003868
2022,27740,5,-0.001253
2022,27780,5,-0.004167
2022,27860,5,0.001409
2022,27900,5,0.002028
2022,28100,5,-0.003484
2022,28420,5,0.007255
2022,28660,5,0.013828
2022,28700,5,-0.008226
2022,28740,5,0.005049
2022,29100,5,0.000311
2022,29340,5,-0.026139
2022,29420,5,0.00371
2022,29460,5,0.017186
2022,29540,5,0.000323
2022,29700,5,-0.001537
2022,29740,5,-0.003144
2022,29820,5,-0.002285
2022,29940,5,-0.000625
2022,30140,5,0.001464
2022,30300,5,-0.006653
2022,30340,5,-0.001123
2022,30460,5,-0.002503
2022,30620,5,-0.001831
2022,30700,5,0.003143
2022,30780,5,-0.000247
2022,30860,5,0.009898
2022,31020,5,0.000872
2022,31420,5,-0.008095
2022,31700,5,-0.001106
2022,31860,5,-0.001571
2022,32580,5,0.003943
2022,32780,5,0.000645
2022,32900,5,0.007025
2022,33140,5,0.002476
2022,33340,5,-0.001106
2022,33540,5,-0.00011
2022,33700,5,-0.002461
2022,33780,5,0.002853
2022,33860,5,-0.002513
2022,34060,5,-0.009194
2022,34580,5,0.001253
2022,34620,5,0.000895
2022,34740,5,0.002219
2022,34940,5,0.012172
2022,35660,5,-0.003179
2022,35840,5,0.014304
2022,36100,5,0.011603
2022,36220,5,-0.014737
2022,36420,5,0.004063
2022,36500,5,0.004344
2022,36540,5,0.002927
2022,36740,5,0.000782
2022,36780,5,0.002009
2022,36980,5,-0.005181
2022,37100,5,-0.004975
2022,37340,5,0.002879
2022,37860,5,0.002856
2022,38060,5,0.004959
2022,38300,5,-0.003611
2022,38340,5,-0.002804
2022,38860,5,0.00462
2022,38900,5,0.000188
2022,38940,5,0.012357
2022,39300,5,-0.001799
2022,39340,5,0.017081
2022,39380,5,-0.006547
2022,39460,5,0.02198
2022,39540,5,-0.000902
2022,39580,5,0.010448
2022,39740,5,0.000738
2022,39820,5,-0.001101
2022,39900,5,0.004088
2022,40140,5,0.004708
2022,40420,5,-0.001116
2022,40660,5,-0.007063
2022,40900,5,0.003959
2022,40980,5,-8.2e-05
2022,41060,5,-0.002304
2022,41100,5,0.029029
2022,41140,5,-0.008884
2022,41420,5,0.000945
2022,41500,5,-0.003217
2022,41700,5,0.006742
2022,41740,5,-0.003519
2022,41940,5,-0.013307
2022,42020,5,-0.00164
2022,42100,5,-0.008906
2022,42140,5,-0.007079
2022,42220,5,-0.006226
2022,42340,5,0.002792
2022,42540,5,0.001411
2022,42680,5,0.005454
2022,43100,5,-0.000151
2022,43620,5,0.016104
2022,43780,5,0.000143
2022,44100,5,-0.002759
2022,44180,5,0.005286
2022,44220,5,0.001346
2022,44300,5,-0.004036
2022,44700,5,0.007459
2022,45060,5,-0.002064
2022,45220,5,-0.004253
2022,45820,5,-0.002214
2022,45940,5,0.002879
2022,46060,5,-0.004029
2022,46140,5,0.003244
2022,46340,5,0.003415
2022,46540,5,-0.004066
2022,46660,5,0.000123
2022,46700,5,-0.001451
2022,47220,5,0.002199
2022,47300,5,0.004117
2022,47940,5,-0.005817
2022,48300,5,0.006296
2022,48540,5,-0.016954
2022,48660,5,-0.004043
2022,48700,5,-0.00315
2022,49020,5,0.003687
2022,49420,5,-0.003861
2022,49620,5,0.002761
2022,49660,5,-0.000302
2022,49740,5,-0.00045
2022,10180,6,0.000704
2022,10420,6,-0.000638
2022,10580,6,0.002156
2022,10740,6,-0.008835
2022,10780,6,-0.007535
2022,10900,6,0.003699
2022,11260,6,-0.0005
2022,11460,6,-0.002861
2022,11500,6,-0.006007
2022,11540,6,0.005294
2022,11700,6,-0.001695
2022,12020,6,-0.002114
2022,12100,6,0.007137
2022,12220,6,0.014419
2022,12420,6,0.023024
2022,12540,6,0.005317
2022,12580,6,-0.006746
2022,12620,6,-0.0009
2022,12700,6,0.008994
2022,12980,6,-0.00051
2022,13020,6,-0.002064
2022,13380,6,0.002646
2022,13460,6,0.021978
2022,13780,6,-0.002179
2022,14260,6,0.016125
2022,14500,6,-0.011118
2022,14740,6,-0.002346
2022,15180,6,-0.000642
2022,15260,6,-0.008418
2022,15380,6,-0.001304
2022,15500,6,0.001639
2022,15540,6,0.001068
2022,15940,6,0.001085
2022,15980,6,0.017471
2022,16180,6,-0.00134
2022,16220,6,-0.012988
2022,16300,6,-0.003324
2022,16700,6,0.004051
2022,16860,6,-0.004319
2022,16940,6,-0.007397
2022,17020,6,-0.014507
2022,17420,6,0.003245
2022,17660,6,0.02348
2022,17780,6,0.007235
2022,17820,6,-0.001305
2022,17900,6,-0.001892
2022,18020,6,0.002128
2022,18700,6,0.002163
2022,19340,6,-0.001002
2022,19460,6,-0.002037
2022,19500,6,-0.005444
2022,19740,6,-0.00812
2022,20020,6,-0.001487
2022,20100,6,0.006261
2022,20220,6,-0.004287
2022,20740,6,0.008067
2022,20940,6,-0.001377
2022,21140,6,0.000987
2022,21300,6,-0.007749
2022,21500,6,-0.003917
2022,21660,6,-0.001064
2022,21820,6,-0.004809
2022,22020,6,0.00643
2022,22140,6,-0.01383
2022,22380,6,-0.00554
2022,22420,6,-0.001518
2022,22500,6,-0.01094
2022,22520,6,-0.001622
2022,22540,6,0.002538
2022,22660,6,-0.003195
2022,23420,6,0.002943
2022,23460,6,-0.006497
2022,23580,6,0.003166
2022,24020,6,0.000176
2022,24220,6,-0.003245
2022,24300,6,-0.001775
2022,24500,6,-0.007376
2022,24540,6,0.010621
2022,24580,6,0.00535
2022,24660,6,-0.005105
2022,25420,6,0.006196
2022,25500,6,-0.005069
2022,25860,6,-0.009838
2022,25980,6,0.004288
2022,26300,6,-0.002735
2022,26380,6,-0.00611
2022,26620,6,0.01376
2022,26980,6,0.004058
2022,27060,6,0.000164
2022,27100,6,-0.000205
2022,27260,6,0.009122
2022,27340,6,0.001963
2022,27500,6,0.003445
2022,27740,6,-0.001649
2022,27780,6,-0.003626
2022,27860,6,0.001496
2022,27900,6,0.002153
2022,28100,6,-0.003859
2022,28420,6,0.00668
2022,28660,6,0.014295
2022,28700,6,-0.007898
2022,28740,6,0.004417
2022,29100,6,0.000637
2022,29340,6,-0.02458
2022,29420,6,0.003412
2022,29460,6,0.017
2022,29540,6,0.000227
2022,29700,6,-0.002593
2022,29740,6,-0.002372
2022,29820,6,-0.002073
2022,29940,6,-0.00162
2022,30140,6,0.00118
2022,30300,6,-0.006088
2022,30340,6,-0.001379
2022,30460,6,-0.003525
2022,30620,6,-0.002215
2022,30700,6,0.002663
2022,30780,6,0.000293
2022,30860,6,0.010049
2022,31020,6,0.000612
2022,31420,6,-0.006784
2022,31700,6,-0.001304
2022,31860,6,-0.001114
2022,32580,6,0.004117
2022,32780,6,0.001063
2022,32900,6,0.008115
2022,33140,6,0.002885
2022,33340,6,-0.001188
2022,33540,6,-0.001659
2022,33700,6,-0.002116
2022,33780,6,0.004074
2022,33860,6,-0.001336
2022,34060,6,-0.008002
2022,34580,6,0.001053
2022,34620,6,-0.000134
2022,34740,6,0.001909
2022,34940,6,0.011079
2022,35660,6,-0.003179
2022,35840,6,0.013712
2022,36100,6,0.012585
2022,36220,6,-0.015038
2022,36420,6,0.00453
2022,36500,6,0.004464
2022,36540,6,0.00285
2022,36740,6,0.001402
2022,36780,6,0.001586
2022,36980,6,-0.005401
2022,37100,6,-0.004774
2022,37340,6,0.002866
2022,37860,6,0.002756
2022,38060,6,0.003655
2022,38300,6,-0.003809
2022,38340,6,-0.002609
2022,38860,6,0.004184
2022,38900,6,-4.3e-05
2022,38940,6,0.011835
2022,39300,6,-0.001365
2022,39340,6,0.017212
2022,39380,6,-0.007422
2022,39460,6,0.020808
2022,39540,6,-0.0007
2022,39580,6,0.010299
2022,39740,6,0.000939
2022,39820,6,-0.000352
2022,39900,6,0.004651
2022,40140,6,0.004333
2022,40420,6,-0.000814
2022,40660,6,-0.007035
2022,40900,6,0.004245
2022,40980,6,-0.000271
2022,41060,6,-0.002294
2022,41100,6,0.029098
2022,41140,6,-0.01
2022,41420,6,0.000264
2022,41500,6,-0.002462
2022,41700,6,0.00638
2022,41740,6,-0.004238
2022,41940,6,-0.013244
2022,42020,6,-0.001318
2022,42100,6,-0.008931
2022,42140,6,-0.005718
2022,42220,6,-0.006646
2022,42340,6,0.003807
2022,42540,6,0.001759
2022,42680,6,0.005541
2022,43100,6,0.000625
2022,43620,6,0.015817
2022,43780,6,-0.000196
2022,44100,6,-0.002171
2022,44180,6,0.005211
2022,44220,6,0.001352
2022,44300,6,-0.005557
2022,44700,6,0.008207
2022,45060,6,-0.002288
2022,45220,6,-0.004251
2022,45820,6,-0.0025
2022,45940,6,0.004424
2022,46060,6,-0.003967
2022,46140,6,0.003612
2022,46340,6,0.003778
2022,46540,6,-0.004742
2022,46660,6,0.000627
2022,46700,6,-0.001081
2022,47220,6,0.002471
2022,47300,6,0.004852
2022,47940,6,-0.005545
2022,48300,6,0.005696
2022,48540,6,-0.016376
2022,48660,6,-0.00455
2022,48700,6,-0.003456
2022,49020,6,0.004785
2022,49420,6,-0.003817
2022,49620,6,0.003227
2022,49660,6,-0.000302
2022,49740,6,-0.001683
2022,10180,7,-0.000195
2022,10420,7,-0.000185
2022,10580,7,0.002045
2022,10740,7,-0.009053
2022,10780,7,-0.007534
2022,10900,7,0.003596
2022,11260,7,-0.001016
2022,11460,7,-0.003001
2022,11500,7,-0.006247
2022,11540,7,0.004636
2022,11700,7,-0.002063
2022,12020,7,-0.002057
2022,12100,7,0.005707
2022,12220,7,0.012795
2022,12420,7,0.023278
2022,12540,7,0.00455
2022,12580,7,-0.008582
2022,12620,7,0.000673
2022,12700,7,0.007237
2022,12980,7,-0.00012
2022,13020,7,-0.002214
2022,13380,7,0.003798
2022,13460,7,0.022713
2022,13780,7,-0.003119
2022,14260,7,0.017528
2022,14500,7,-0.011806
2022,14740,7,-0.003098
2022,15180,7,0.000332
2022,15260,7,-0.005944
2022,15380,7,-0.001378
2022,15500,7,0.000685
2022,15540,7,0.001148
2022,15940,7,0.000984
2022,15980,7,0.018878
2022,16180,7,-0.004251
2022,16220,7,-0.015041
2022,16300,7,-0.004338
2022,16700,7,0.004237
2022,16860,7,-0.003535
2022,16940,7,-0.007831
2022,17020,7,-0.009377
2022,17420,7,0.004824
2022,17660,7,0.024227
2022,17780,7,0.007355
2022,17820,7,-0.000993
2022,17900,7,-0.001311
2022,18020,7,0.003614
2022,18700,7,0.001715
2022,19340,7,-0.001895
2022,19460,7,-0.001992
2022,19500,7,-0.006163
2022,19740,7,-0.007648
2022,20020,7,-0.00165
2022,20100,7,0.005095
2022,20220,7,-0.005779
2022,20740,7,0.008248
2022,20940,7,-0.00075
2022,21140,7,0.001458
2022,21300,7,-0.007465
2022,21500,7,-0.003119
2022,21660,7,-0.000839
2022,21820,7,-0.002822
2022,22020,7,0.005874
2022,22140,7,-0.013324
2022,22380,7,-0.006227
2022,22420,7,-0.001033
2022,22500,7,-0.01013
2022,22520,7,-0.001344
2022,22540,7,0.002435
2022,22660,7,-0.003293
2022,23420,7,0.002288
2022,23460,7,-0.006077
2022,23580,7,0.0042
2022,24020,7,0.000415
2022,24220,7,-0.004883
2022,24300,7,-0.001777
2022,24500,7,-0.008923
2022,24540,7,0.010483
2022,24580,7,0.004896
2022,24660,7,-0.005755
2022,25420,7,0.00575
2022,25500,7,-0.005685
2022,25860,7,-0.008867
2022,25980,7,0.003847
2022,26300,7,-0.002851
2022,26380,7,-0.00585
2022,26620,7,0.012767
2022,26980,7,0.003981
2022,27060,7,-0.000695
2022,27100,7,-0.000348
2022,27260,7,0.007489
2022,27340,7,-0.000133
2022,27500,7,0.004343
2022,27740,7,-0.001106
2022,27780,7,-0.004222
2022,27860,7,0.001367
2022,27900,7,0.002139
2022,28100,7,-0.002921
2022,28420,7,0.007376
2022,28660,7,0.013531
2022,28700,7,-0.007823
2022,28740,7,0.005417
2022,29100,7,-0.000271
2022,29340,7,-0.031455
2022,29420,7,0.004052
2022,29460,7,0.017952
2022,29540,7,0.000776
2022,29700,7,-0.000298
2022,29740,7,-0.003011
2022,29820,7,-0.002372
2022,29940,7,0.000418
2022,30140,7,0.001736
2022,30300,7,-0.006372
2022,30340,7,-0.001474
2022,30460,7,-0.002072
2022,30620,7,-0.001642
2022,30700,7,0.002774
2022,30780,7,4.2e-05
2022,30860,7,0.010381
2022,31020,7,0.001055
2022,31420,7,-0.008316
2022,31700,7,-0.000717
2022,31860,7,-0.001951
2022,32580,7,0.004567
2022,32780,7,0.000308
2022,32900,7,0.007894
2022,33140,7,0.002286
2022,33340,7,-0.001158
2022,33540,7,0.000272
2022,33700,7,-0.002289
2022,33780,7,0.002773
2022,33860,7,-0.002882
2022,34060,7,-0.008564
2022,34580,7,0.00163
2022,34620,7,0.0019
2022,34740,7,0.002657
2022,34940,7,0.012763
2022,35660,7,-0.003303
2022,35840,7,0.014654
2022,36100,7,0.011203
2022,36220,7,-0.017817
2022,36420,7,0.004294
2022,36500,7,0.004031
2022,36540,7,0.002243
2022,36740,7,-0.00048
2022,36780,7,0.001995
2022,36980,7,-0.005319
2022,37100,7,-0.004811
2022,37340,7,0.002937
2022,37860,7,0.001915
2022,38060,7,0.005383
2022,38300,7,-0.003842
2022,38340,7,-0.002959
2022,38860,7,0.004707
2022,38900,7,-0.000738
2022,38940,7,0.013173
2022,39300,7,-0.001992
2022,39340,7,0.016938
2022,39380,7,-0.005965
2022,39460,7,0.022712
2022,39540,7,-0.000832
2022,39580,7,0.009745
2022,39740,7,0.000984
2022,39820,7,-0.001059
2022,39900,7,0.003154
2022,40140,7,0.005479
2022,40420,7,-0.00142
2022,40660,7,-0.007157
2022,40900,7,0.003499
2022,40980,7,0.000278
2022,41060,7,-0.001474
2022,41100,7,0.030073
2022,41140,7,-0.007964
2022,41420,7,0.001228
2022,41500,7,-0.003418
2022,41700,7,0.00735
2022,41740,7,-0.00348
2022,41940,7,-0.015189
2022,42020,7,-0.000949
2022,42100,7,-0.009007
2022,42140,7,-0.007687
2022,42220,7,-0.005963
2022,42340,7,0.002221
2022,42540,7,0.001582
2022,42680,7,0.006155
2022,43100,7,-0.000386
2022,43620,7,0.014973
2022,43780,7,0.000237
2022,44100,7,-0.002994
2022,44180,7,0.005597
2022,44220,7,0.001259
2022,44300,7,-0.00269
2022,44700,7,0.007193
2022,45060,7,-0.002215
2022,45220,7,-0.004329
2022,45820,7,-0.002176
2022,45940,7,0.001681
2022,46060,7,-0.003839
2022,46140,7,0.003342
2022,46340,7,0.004514
2022,46540,7,-0.003824
2022,46660,7,-0.000497
2022,46700,7,-0.002246
2022,47220,7,0.00174
2022,47300,7,0.004117
2022,47940,7,-0.005473
2022,48300,7,0.00617
2022,48540,7,-0.016905
2022,48660,7,-0.002465
2022,48700,7,-0.002796
2022,49020,7,0.003919
2022,49420,7,-0.004295
2022,49620,7,0.003316
2022,49660,7,-0.000362
2022,49740,7,0.001023
2022,10180,8,-0.000553
2022,10420,8,-0.000151
2022,10580,8,0.002127
2022,10740,8,-0.009075
2022,10780,8,-0.007454
2022,10900,8,0.00337
2022,11260,8,-0.00038
2022,11460,8,-0.002999
2022,11500,8,-0.006467
2022,11540,8,0.004724
2022,11700,8,-0.002281
2022,12020,8,-0.002439
2022,12100,8,0.005278
2022,12220,8,0.012964
2022,12420,8,0.023021
2022,12540,8,0.00448
2022,12580,8,-0.008721
2022,12620,8,0.000945
2022,12700,8,0.007013
2022,12980,8,-0.000308
2022,13020,8,-0.002388
2022,13380,8,0.003818
2022,13460,8,0.02283
2022,13780,8,-0.003075
2022,14260,8,0.017143
2022,14500,8,-0.011641
2022,14740,8,-0.003606
2022,15180,8,0.000275
2022,15260,8,-0.00569
2022,15380,8,-0.001766
2022,15500,8,0.000475
2022,15540,8,0.001479
2022,15940,8,0.000931
2022,15980,8,0.019173
2022,16180,8,-0.005114
2022,16220,8,-0.014587
2022,16300,8,-0.004558
2022,16700,8,0.004399
2022,16860,8,-0.003707
2022,16940,8,-0.007691
2022,17020,8,-0.008531
2022,17420,8,0.004827
2022,17660,8,0.024025
2022,17780,8,0.007644
2022,17820,8,-0.001072
2022,17900,8,-0.00109
2022,18020,8,0.003974
2022,18700,8,0.001544
2022,19340,8,-0.001731
2022,19460,8,-0.002364
2022,19500,8,-0.005867
2022,19740,8,-0.007446
2022,20020,8,-0.001525
2022,20100,8,0.00533
2022,20220,8,-0.006047
2022,20740,8,0.008394
2022,20940,8,-0.000819
2022,21140,8,0.001385
2022,21300,8,-0.007477
2022,21500,8,-0.003015
2022,21660,8,-0.001222
2022,21820,8,-0.00215
2022,22020,8,0.006354
2022,22140,8,-0.012644
2022,22380,8,-0.006737
2022,22420,8,-0.001421
2022,22500,8,-0.009884
2022,22520,8,-0.001294
2022,22540,8,0.002571
2022,22660,8,-0.002801
2022,23420,8,0.002085
2022,23460,8,-0.006183
2022,23580,8,0.004157
2022,24020,8,0.000595
2022,24220,8,-0.004773
2022,24300,8,-0.001854
2022,24500,8,-0.008955
2022,24540,8,0.011193
2022,24580,8,0.004915
2022,24660,8,-0.00595
2022,25420,8,0.005831
2022,25500,8,-0.00556
2022,25860,8,-0.009112
2022,25980,8,0.004093
2022,26300,8,-0.003224
2022,26380,8,-0.005408
2022,26620,8,0.012635
2022,26980,8,0.004345
2022,27060,8,-0.000803
2022,27100,8,-0.000593
2022,27260,8,0.00712
2022,27340,8,-0.000424
2022,27500,8,0.004275
2022,27740,8,-0.001263
2022,27780,8,-0.003933
2022,27860,8,0.001448
2022,27900,8,0.001927
2022,28100,8,-0.002755
2022,28420,8,0.007483
2022,28660,8,0.013169
2022,28700,8,-0.008025
2022,28740,8,0.004983
2022,29100,8,-0.000299
2022,29340,8,-0.032698
2022,29420,8,0.003676
2022,29460,8,0.018082
2022,29540,8,0.000701
2022,29700,8,0.000283
2022,29740,8,-0.002839
2022,29820,8,-0.002321
2022,29940,8,0.000503
2022,30140,8,0.001652
2022,30300,8,-0.007301
2022,30340,8,-0.001934
2022,30460,8,-0.001986
2022,30620,8,-0.001814
2022,30700,8,0.002663
2022,30780,8,3.5e-05
2022,30860,8,0.010058
2022,31020,8,0.000594
2022,31420,8,-0.008593
2022,31700,8,-0.000748
2022,31860,8,-0.002126
2022,32580,8,0.004695
2022,32780,8,4e-06
2022,32900,8,0.007641
2022,33140,8,0.002274
2022,33340,8,-0.001108
2022,33540,8,0.000276
2022,33700,8,-0.002701
2022,33780,8,0.002596
2022,33860,8,-0.002851
2022,34060,8,-0.008349
2022,34580,8,0.001372
2022,34620,8,0.001899
2022,34740,8,0.002227
2022,34940,8,0.013005
2022,35660,8,-0.00353
2022,35840,8,0.014771
2022,36100,8,0.010844
2022,36220,8,-0.016924
2022,36420,8,0.004312
2022,36500,8,0.003608
2022,36540,8,0.001951
2022,36740,8,-0.000912
2022,36780,8,0.002166
2022,36980,8,-0.005421
2022,37100,8,-0.00468
2022,37340,8,0.002607
2022,37860,8,0.001435
2022,38060,8,0.005307
2022,38300,8,-0.00401
2022,38340,8,-0.002963
2022,38860,8,0.004724
2022,38900,8,-0.000653
2022,38940,8,0.013121
2022,39300,8,-0.002202
2022,39340,8,0.016983
2022,39380,8,-0.006292
2022,39460,8,0.02303
2022,39540,8,-0.000936
2022,39580,8,0.009891
2022,39740,8,0.000771
2022,39820,8,-0.0013
2022,39900,8,0.002874
2022,40140,8,0.005473
2022,40420,8,-0.001704
2022,40660,8,-0.007621
2022,40900,8,0.003346
2022,40980,8,0.000246
2022,41060,8,-0.001745
2022,41100,8,0.030418
2022,41140,8,-0.007998
2022,41420,8,0.001081
2022,41500,8,-0.003716
2022,41700,8,0.007317
2022,41740,8,-0.003426
2022,41940,8,-0.014483
2022,42020,8,-0.000701
2022,42100,8,-0.008884
2022,42140,8,-0.008128
2022,42220,8,-0.005419
2022,42340,8,0.002041
2022,42540,8,0.00155
2022,42680,8,0.005982
2022,43100,8,-0.000678
2022,43620,8,0.015084
2022,43780,8,0.000163
2022,44100,8,-0.002707
2022,44180,8,0.005271
2022,44220,8,0.001107
2022,44300,8,-0.002266
2022,44700,8,0.006806
2022,45060,8,-0.002299
2022,45220,8,-0.004507
2022,45820,8,-0.00247
2022,45940,8,0.001354
2022,46060,8,-0.004159
2022,46140,8,0.003224
2022,46340,8,0.004332
2022,46540,8,-0.003905
2022,46660,8,-0.000233
2022,46700,8,-0.002507
2022,47220,8,0.00132
2022,47300,8,0.003938
2022,47940,8,-0.005312
2022,48300,8,0.006205
2022,48540,8,-0.016801
2022,48660,8,-0.002976
2022,48700,8,-0.002542
2022,49020,8,0.003962
2022,49420,8,-0.004677
2022,49620,8,0.003222
2022,49660,8,-0.000498
2022,49740,8,0.001297
2022,10180,9,0.001694
2022,10420,9,-0.001059
2022,10580,9,0.001478
2022,10740,9,-0.009049
2022,10780,9,-0.007862
2022,10900,9,0.003117
2022,11260,9,-0.000942
2022,11460,9,-0.002076
2022,11500,9,-0.005718
2022,11540,9,0.005494
2022,11700,9,-0.000457
2022,12020,9,-0.000493
2022,12100,9,0.005952
2022,12220,9,0.012299
2022,12420,9,0.021489
2022,12540,9,0.00423
2022,12580,9,-0.006168
2022,12620,9,-0.001937
2022,12700,9,0.0103
2022,12980,9,-0.000731
2022,13020,9,-0.002253
2022,13380,9,0.002969
2022,13460,9,0.019636
2022,13780,9,-0.001637
2022,14260,9,0.015929
2022,14500,9,-0.008731
2022,14740,9,-0.001596
2022,15180,9,-0.001273
2022,15260,9,-0.009998
2022,15380,9,0.000484
2022,15500,9,0.003063
2022,15540,9,0.000895
2022,15940,9,0.00084
2022,15980,9,0.013997
2022,16180,9,-0.000238
2022,16220,9,-0.011903
2022,16300,9,-0.002814
2022,16700,9,0.003584
2022,16860,9,-0.002755
2022,16940,9,-0.006506
2022,17020,9,-0.01694
2022,17420,9,0.003149
2022,17660,9,0.022486
2022,17780,9,0.006898
2022,17820,9,-0.001005
2022,17900,9,-0.002017
2022,18020,9,0.001938
2022,18700,9,0.004237
2022,19340,9,-0.000862
2022,19460,9,-0.00088
2022,19500,9,-0.006018
2022,19740,9,-0.006539
2022,20020,9,-0.001998
2022,20100,9,0.003993
2022,20220,9,-0.003091
2022,20740,9,0.007728
2022,20940,9,-0.002788
2022,21140,9,0.00113
2022,21300,9,-0.006871
2022,21500,9,-0.004192
2022,21660,9,-0.000486
2022,21820,9,-0.005338
2022,22020,9,0.005702
2022,22140,9,-0.01533
2022,22380,9,-0.006034
2022,22420,9,-0.001833
2022,22500,9,-0.010815
2022,22520,9,-0.00113
2022,22540,9,0.002598
2022,22660,9,-0.001789
2022,23420,9,0.002161
2022,23460,9,-0.006143
2022,23580,9,0.003309
2022,24020,9,-0.000228
2022,24220,9,-0.00233
2022,24300,9,-0.002191
2022,24500,9,-0.005382
2022,24540,9,0.011172
2022,24580,9,0.005179
2022,24660,9,-0.003944
2022,25420,9,0.005819
2022,25500,9,-0.004767
2022,25860,9,-0.00788
2022,25980,9,0.005343
2022,26300,9,-0.001984
2022,26380,9,-0.006909
2022,26620,9,0.01333
2022,26980,9,0.003803
2022,27060,9,0.001145
2022,27100,9,0.000342
2022,27260,9,0.008853
2022,27340,9,0.002595
2022,27500,9,0.003229
2022,27740,9,-0.001072
2022,27780,9,-0.003469
2022,27860,9,0.000464
2022,27900,9,0.002527
2022,28100,9,-0.005273
2022,28420,9,0.00802
2022,28660,9,0.01418
2022,28700,9,-0.005656
2022,28740,9,0.004405
2022,29100,9,0.001472
2022,29340,9,-0.021931
2022,29420,9,0.002509
2022,29460,9,0.014967
2022,29540,9,0.000529
2022,29700,9,-0.005081
2022,29740,9,-0.003755
2022,29820,9,-0.002553
2022,29940,9,-0.002765
2022,30140,9,0.001086
2022,30300,9,-0.003423
2022,30340,9,-0.001086
2022,30460,9,-0.004074
2022,30620,9,-0.002065
2022,30700,9,0.002878
2022,30780,9,-0.000469
2022,30860,9,0.011753
2022,31020,9,0.001835
2022,31420,9,-0.005337
2022,31700,9,-0.001451
2022,31860,9,-0.000872
2022,32580,9,0.002815
2022,32780,9,0.000803
2022,32900,9,0.008213
2022,33140,9,0.003471
2022,33340,9,-0.001798
2022,33540,9,-0.002431
2022,33700,9,-0.001947
2022,33780,9,0.004546
2022,33860,9,-0.001718
2022,34060,9,-0.005673
2022,34580,9,0.00186
2022,34620,9,-0.000948
2022,34740,9,0.002993
2022,34940,9,0.007817
2022,35660,9,-0.002868
2022,35840,9,0.011608
2022,36100,9,0.011451
2022,36220,9,-0.011364
2022,36420,9,0.004189
2022,36500,9,0.00536
2022,36540,9,0.003067
2022,36740,9,0.001325
2022,36780,9,0.001331
2022,36980,9,-0.004533
2022,37100,9,-0.005178
2022,37340,9,0.00302
2022,37860,9,0.00318
2022,38060,9,0.001267
2022,38300,9,-0.002666
2022,38340,9,-0.002416
2022,38860,9,0.003907
2022,38900,9,0.000329
2022,38940,9,0.01067
2022,39300,9,-0.001392
2022,39340,9,0.016886
2022,39380,9,-0.005988
2022,39460,9,0.017361
2022,39540,9,-0.000814
2022,39580,9,0.010416
2022,39740,9,0.001086
2022,39820,9,-0.000661
2022,39900,9,0.003963
2022,40140,9,0.003202
2022,40420,9,-0.001652
2022,40660,9,-0.005662
2022,40900,9,0.003977
2022,40980,9,-0.000989
2022,41060,9,-0.002428
2022,41100,9,0.026224
2022,41140,9,-0.010627
2022,41420,9,0.001089
2022,41500,9,-0.002878
2022,41700,9,0.006212
2022,41740,9,-0.004623
2022,41940,9,-0.011269
2022,42020,9,-0.001638
2022,42100,9,-0.008563
2022,42140,9,-0.005063
2022,42220,9,-0.006577
2022,42340,9,0.004342
2022,42540,9,0.001792
2022,42680,9,0.005615
2022,43100,9,0.001528
2022,43620,9,0.014614
2022,43780,9,9.9e-05
2022,44100,9,-0.002298
2022,44180,9,0.005361
2022,44220,9,0.001371
2022,44300,9,-0.006386
2022,44700,9,0.008231
2022,45060,9,-0.001813
2022,45220,9,-0.004804
2022,45820,9,-0.002493
2022,45940,9,0.003859
2022,46060,9,-0.005066
2022,46140,9,0.00328
2022,46340,9,0.004259
2022,46540,9,-0.004183
2022,46660,9,-3.3e-05
2022,46700,9,-0.00132
2022,47220,9,0.001246
2022,47300,9,0.00381
2022,47940,9,-0.005351
2022,48300,9,0.006024
2022,48540,9,-0.013967
2022,48660,9,-0.004284
2022,48700,9,-0.003009
2022,49020,9,0.004245
2022,49420,9,-0.001318
2022,49620,9,0.002728
2022,49660,9,-0.000526
2022,49740,9,-0.005555
2022,10180,10,-0.000296
2022,10420,10,-0.000403
2022,10580,10,0.002378
2022,10740,10,-0.00927
2022,10780,10,-0.007789
2022,10900,10,0.00314
2022,11260,10,-0.000675
2022,11460,10,-0.00302
2022,11500,10,-0.006737
2022,11540,10,0.005295
2022,11700,10,-0.00168
2022,12020,10,-0.00278
2022,12100,10,0.006128
2022,12220,10,0.014374
2022,12420,10,0.024833
2022,12540,10,0.004405
2022,12580,10,-0.008275
2022,12620,10,0.000283
2022,12700,10,0.007102
2022,12980,10,-0.000146
2022,13020,10,-0.002301
2022,13380,10,0.003807
2022,13460,10,0.023411
2022,13780,10,-0.002062
2022,14260,10,0.017276
2022,14500,10,-0.011094
2022,14740,10,-0.002449
2022,15180,10,-0.00041
2022,15260,10,-0.006745
2022,15380,10,-0.001362
2022,15500,10,0.000724
2022,15540,10,0.0014
2022,15940,10,0.000996
2022,15980,10,0.019072
2022,16180,10,-0.004251
2022,16220,10,-0.013775
2022,16300,10,-0.004136
2022,16700,10,0.005108
2022,16860,10,-0.003989
2022,16940,10,-0.007313
2022,17020,10,-0.01025
2022,17420,10,0.004036
2022,17660,10,0.024226
2022,17780,10,0.007977
2022,17820,10,-0.000418
2022,17900,10,-0.00134
2022,18020,10,0.003529
2022,18700,10,0.000608
2022,19340,10,-0.001516
2022,19460,10,-0.002421
2022,19500,10,-0.005292
2022,19740,10,-0.00696
2022,20020,10,-0.002002
2022,20100,10,0.006577
2022,20220,10,-0.005533
2022,20740,10,0.008689
2022,20940,10,-0.00167
2022,21140,10,0.001297
2022,21300,10,-0.008211
2022,21500,10,-0.003252
2022,21660,10,-0.001123
2022,21820,10,-0.004049
2022,22020,10,0.006994
2022,22140,10,-0.013477
2022,22380,10,-0.005773
2022,22420,10,-0.001861
2022,22500,10,-0.010798
2022,22520,10,-0.001454
2022,22540,10,0.002338
2022,22660,10,-0.002416
2022,23420,10,0.002242
2022,23460,10,-0.006603
2022,23580,10,0.003331
2022,24020,10,0.000725
2022,24220,10,-0.003725
2022,24300,10,-0.001759
2022,24500,10,-0.008579
2022,24540,10,0.011293
2022,24580,10,0.00522
2022,24660,10,-0.005612
2022,25420,10,0.005738
2022,25500,10,-0.005385
2022,25860,10,-0.010147
2022,25980,10,0.003698
2022,26300,10,-0.004036
2022,26380,10,-0.006016
2022,26620,10,0.013514
2022,26980,10,0.00399
2022,27060,10,-0.000647
2022,27100,10,-0.001093
2022,27260,10,0.008279
2022,27340,10,0.000659
2022,27500,10,0.003643
2022,27740,10,-0.001586
2022,27780,10,-0.003862
2022,27860,10,0.00169
2022,27900,10,0.001524
2022,28100,10,-0.003337
2022,28420,10,0.00742
2022,28660,10,0.013485
2022,28700,10,-0.00883
2022,28740,10,0.004489
2022,29100,10,0.000291
2022,29340,10,-0.027353
2022,29420,10,0.00337
2022,29460,10,0.017586
2022,29540,10,0.00043
2022,29700,10,-0.000458
2022,29740,10,-0.002835
2022,29820,10,-0.001966
2022,29940,10,-0.000278
2022,30140,10,0.00131
2022,30300,10,-0.009593
2022,30340,10,-0.001912
2022,30460,10,-0.002264
2022,30620,10,-0.002423
2022,30700,10,0.003095
2022,30780,10,-0.000112
2022,30860,10,0.009235
2022,31020,10,0.000341
2022,31420,10,-0.008646
2022,31700,10,-0.000994
2022,31860,10,-0.001598
2022,32580,10,0.004296
2022,32780,10,0.000417
2022,32900,10,0.006592
2022,33140,10,0.002455
2022,33340,10,-0.00081
2022,33540,10,5.3e-05
2022,33700,10,-0.002773
2022,33780,10,0.00275
2022,33860,10,-0.002389
2022,34060,10,-0.00932
2022,34580,10,0.001138
2022,34620,10,0.000436
2022,34740,10,0.001494
2022,34940,10,0.012731
2022,35660,10,-0.003556
2022,35840,10,0.014665
2022,36100,10,0.011381
2022,36220,10,-0.014599
2022,36420,10,0.004207
2022,36500,10,0.003964
2022,36540,10,0.002639
2022,36740,10,0.000612
2022,36780,10,0.002427
2022,36980,10,-0.005278
2022,37100,10,-0.004534
2022,37340,10,0.002517
2022,37860,10,0.002461
2022,38060,10,0.005162
2022,38300,10,-0.003773
2022,38340,10,-0.002889
2022,38860,10,0.004623
2022,38900,10,0.000314
2022,38940,10,0.012208
2022,39300,10,-0.001934
2022,39340,10,0.017283
2022,39380,10,-0.007062
2022,39460,10,0.022421
2022,39540,10,-0.001028
2022,39580,10,0.010754
2022,39740,10,0.00038
2022,39820,10,-0.001341
2022,39900,10,0.004026
2022,40140,10,0.004706
2022,40420,10,-0.001451
2022,40660,10,-0.007803
2022,40900,10,0.003826
2022,40980,10,0.000143
2022,41060,10,-0.002573
2022,41100,10,0.029611
2022,41140,10,-0.009259
2022,41420,10,0.000687
2022,41500,10,-0.003411
2022,41700,10,0.006782
2022,41740,10,-0.003344
2022,41940,10,-0.012919
2022,42020,10,-0.001321
2022,42100,10,-0.008863
2022,42140,10,-0.007932
2022,42220,10,-0.006236
2022,42340,10,0.002606
2022,42540,10,0.001356
2022,42680,10,0.005305
2022,43100,10,-0.000644
2022,43620,10,0.016472
2022,43780,10,0.000225
2022,44100,10,-0.002637
2022,44180,10,0.004942
2022,44220,10,0.001082
2022,44300,10,-0.003688
2022,44700,10,0.006951
2022,45060,10,-0.001828
2022,45220,10,-0.004447
2022,45820,10,-0.002691
2022,45940,10,0.002644
2022,46060,10,-0.004274
2022,46140,10,0.003191
2022,46340,10,0.003147
2022,46540,10,-0.004213
2022,46660,10,0.000274
2022,46700,10,-0.001711
2022,47220,10,0.001873
2022,47300,10,0.004006
2022,47940,10,-0.005607
2022,48300,10,0.00637
2022,48540,10,-0.017007
2022,48660,10,-0.005602
2022,48700,10,-0.003102
2022,49020,10,0.003837
2022,49420,10,-0.004603
2022,49620,10,0.002563
2022,49660,10,-0.000465
2022,49740,10,8.9e-05
2022,10180,11,-0.000193
2022,10420,11,-0.000459
2022,10580,11,0.002274
2022,10740,11,-0.009428
2022,10780,11,-0.007859
2022,10900,11,0.003396
2022,11260,11,-0.000511
2022,11460,11,-0.002855
2022,11500,11,-0.006596
2022,11540,11,0.005209
2022,11700,11,-0.001969
2022,12020,11,-0.002683
2022,12100,11,0.006271
2022,12220,11,0.014933
2022,12420,11,0.02446
2022,12540,11,0.004696
2022,12580,11,-0.008134
2022,12620,11,-3.7e-05
2022,12700,11,0.007534
2022,12980,11,-0.000619
2022,13020,11,-0.002409
2022,13380,11,0.003487
2022,13460,11,0.023319
2022,13780,11,-0.00282
2022,14260,11,0.017104
2022,14500,11,-0.011615
2022,14740,11,-0.002731
2022,15180,11,-0.000475
2022,15260,11,-0.007153
2022,15380,11,-0.001628
2022,15500,11,0.000636
2022,15540,11,0.001398
2022,15940,11,0.00101
2022,15980,11,0.01918
2022,16180,11,-0.003497
2022,16220,11,-0.014196
2022,16300,11,-0.004131
2022,16700,11,0.004798
2022,16860,11,-0.004409
2022,16940,11,-0.007607
2022,17020,11,-0.011314
2022,17420,11,0.003883
2022,17660,11,0.024404
2022,17780,11,0.007716
2022,17820,11,-0.000798
2022,17900,11,-0.001569
2022,18020,11,0.003061
2022,18700,11,0.001304
2022,19340,11,-0.001369
2022,19460,11,-0.002665
2022,19500,11,-0.005698
2022,19740,11,-0.00775
2022,20020,11,-0.001713
2022,20100,11,0.006601
2022,20220,11,-0.005389
2022,20740,11,0.008706
2022,20940,11,-0.001198
2022,21140,11,0.001156
2022,21300,11,-0.007715
2022,21500,11,-0.003568
2022,21660,11,-0.001194
2022,21820,11,-0.003877
2022,22020,11,0.006976
2022,22140,11,-0.013784
2022,22380,11,-0.006086
2022,22420,11,-0.00151
2022,22500,11,-0.010709
2022,22520,11,-0.001832
2022,22540,11,0.002357
2022,22660,11,-0.002962
2022,23420,11,0.002477
2022,23460,11,-0.006782
2022,23580,11,0.003367
2022,24020,11,0.000504
2022,24220,11,-0.003899
2022,24300,11,-0.00178
2022,24500,11,-0.008852
2022,24540,11,0.011354
2022,24580,11,0.005309
2022,24660,11,-0.005857
2022,25420,11,0.006126
2022,25500,11,-0.005537
2022,25860,11,-0.010384
2022,25980,11,0.003709
2022,26300,11,-0.00363
2022,26380,11,-0.005964
2022,26620,11,0.01365
2022,26980,11,0.004149
2022,27060,11,-0.000463
2022,27100,11,-0.000621
2022,27260,11,0.00853
2022,27340,11,0.000779
2022,27500,11,0.003955
2022,27740,11,-0.001682
2022,27780,11,-0.003927
2022,27860,11,0.001698
2022,27900,11,0.001699
2022,28100,11,-0.00335
2022,28420,11,0.007324
2022,28660,11,0.013811
2022,28700,11,-0.008959
2022,28740,11,0.004401
2022,29100,11,0.00027
2022,29340,11,-0.028109
2022,29420,11,0.003464
2022,29460,11,0.018181
2022,29540,11,0.000248
2022,29700,11,-0.000798
2022,29740,11,-0.002705
2022,29820,11,-0.002224
2022,29940,11,-0.000657
2022,30140,11,0.001353
2022,30300,11,-0.007583
2022,30340,11,-0.00171
2022,30460,11,-0.002562
2022,30620,11,-0.002211
2022,30700,11,0.002887
2022,30780,11,-2.5e-05
2022,30860,11,0.009538
2022,31020,11,0.000406
2022,31420,11,-0.008359
2022,31700,11,-0.001134
2022,31860,11,-0.001641
2022,32580,11,0.004497
2022,32780,11,0.000458
2022,32900,11,0.007273
2022,33140,11,0.002405
2022,33340,11,-0.001026
2022,33540,11,-0.000701
2022,33700,11,-0.002873
2022,33780,11,0.003058
2022,33860,11,-0.00221
2022,34060,11,-0.009113
2022,34580,11,0.001001
2022,34620,11,0.000777
2022,34740,11,0.001762
2022,34940,11,0.012571
2022,35660,11,-0.003498
2022,35840,11,0.014734
2022,36100,11,0.012096
2022,36220,11,-0.015709
2022,36420,11,0.004384
2022,36500,11,0.003944
2022,36540,11,0.002699
2022,36740,11,0.000665
2022,36780,11,0.002055
2022,36980,11,-0.005476
2022,37100,11,-0.004964
2022,37340,11,0.002664
2022,37860,11,0.002339
2022,38060,11,0.004934
2022,38300,11,-0.003963
2022,38340,11,-0.003064
2022,38860,11,0.004678
2022,38900,11,-9.6e-05
2022,38940,11,0.012617
2022,39300,11,-0.001831
2022,39340,11,0.017472
2022,39380,11,-0.007318
2022,39460,11,0.022816
2022,39540,11,-0.00087
2022,39580,11,0.010676
2022,39740,11,0.000625
2022,39820,11,-0.001107
2022,39900,11,0.004112
2022,40140,11,0.0048
2022,40420,11,-0.00133
2022,40660,11,-0.007821
2022,40900,11,0.003925
2022,40980,11,-0.000175
2022,41060,11,-0.002499
2022,41100,11,0.030285
2022,41140,11,-0.009358
2022,41420,11,0.00061
2022,41500,11,-0.003302
2022,41700,11,0.006936
2022,41740,11,-0.003818
2022,41940,11,-0.013835
2022,42020,11,-0.001327
2022,42100,11,-0.009239
2022,42140,11,-0.007192
2022,42220,11,-0.006071
2022,42340,11,0.002939
2022,42540,11,0.001401
2022,42680,11,0.0055
2022,43100,11,-0.000251
2022,43620,11,0.01656
2022,43780,11,-0.000126
2022,44100,11,-0.002456
2022,44180,11,0.004968
2022,44220,11,0.001125
2022,44300,11,-0.003714
2022,44700,11,0.007329
2022,45060,11,-0.00243
2022,45220,11,-0.00431
2022,45820,11,-0.002684
2022,45940,11,0.003014
2022,46060,11,-0.004197
2022,46140,11,0.003337
2022,46340,11,0.003461
2022,46540,11,-0.004496
2022,46660,11,0.00038
2022,46700,11,-0.001717
2022,47220,11,0.001834
2022,47300,11,0.004374
2022,47940,11,-0.00575
2022,48300,11,0.006284
2022,48540,11,-0.017313
2022,48660,11,-0.004484
2022,48700,11,-0.003197
2022,49020,11,0.004154
2022,49420,11,-0.004589
2022,49620,11,0.003057
2022,49660,11,-0.000535
2022,49740,11,-0.000102
2022,10180,12,0.000202
2022,10420,12,-0.000576
2022,10580,12,0.002235
2022,10740,12,-0.009337
2022,10780,12,-0.007987
2022,10900,12,0.003319
2022,11260,12,-0.001006
2022,11460,12,-0.002823
2022,11500,12,-0.006488
2022,11540,12,0.005325
2022,11700,12,-0.001417
2022,12020,12,-0.002491
2022,12100,12,0.006855
2022,12220,12,0.01469
2022,12420,12,0.025159
2022,12540,12,0.004581
2022,12580,12,-0.007744
2022,12620,12,-0.000407
2022,12700,12,0.007712
2022,12980,12,-0.000277
2022,13020,12,-0.002061
2022,13380,12,0.003516
2022,13460,12,0.023114
2022,13780,12,-0.002189
2022,14260,12,0.017195
2022,14500,12,-0.010936
2022,14740,12,-0.001912
2022,15180,12,-0.00062
2022,15260,12,-0.00779
2022,15380,12,-0.001044
2022,15500,12,0.001127
2022,15540,12,0.001145
2022,15940,12,0.001076
2022,15980,12,0.018528
2022,16180,12,-0.002792
2022,16220,12,-0.01363
2022,16300,12,-0.003705
2022,16700,12,0.00488
2022,16860,12,-0.004059
2022,16940,12,-0.007413
2022,17020,12,-0.012328
2022,17420,12,0.003607
2022,17660,12,0.024219
2022,17780,12,0.007577
2022,17820,12,-0.000485
2022,17900,12,-0.001726
2022,18020,12,0.002793
2022,18700,12,0.001065
2022,19340,12,-0.001351
2022,19460,12,-0.002032
2022,19500,12,-0.005443
2022,19740,12,-0.007255
2022,20020,12,-0.002075
2022,20100,12,0.006693
2022,20220,12,-0.00491
2022,20740,12,0.00857
2022,20940,12,-0.001717
2022,21140,12,0.001176
2022,21300,12,-0.007918
2022,21500,12,-0.00353
2022,21660,12,-0.00085
2022,21820,12,-0.004983
2022,22020,12,0.006783
2022,22140,12,-0.014272
2022,22380,12,-0.005236
2022,22420,12,-0.001544
2022,22500,12,-0.011003
2022,22520,12,-0.001688
2022,22540,12,0.002195
2022,22660,12,-0.002814
2022,23420,12,0.002516
2022,23460,12,-0.006591
2022,23580,12,0.003018
2022,24020,12,0.000572
2022,24220,12,-0.003326
2022,24300,12,-0.001764
2022,24500,12,-0.00827
2022,24540,12,0.010809
2022,24580,12,0.005307
2022,24660,12,-0.005335
2022,25420,12,0.005828
2022,25500,12,-0.005398
2022,25860,12,-0.010214
2022,25980,12,0.003857
2022,26300,12,-0.003561
2022,26380,12,-0.006534
2022,26620,12,0.013982
2022,26980,12,0.003626
2022,27060,12,-0.00017
2022,27100,12,-0.000714
2022,27260,12,0.008957
2022,27340,12,0.001511
2022,27500,12,0.003579
2022,27740,12,-0.00153
2022,27780,12,-0.003955
2022,27860,12,0.001584
2022,27900,12,0.001825
2022,28100,12,-0.003689
2022,28420,12,0.007174
2022,28660,12,0.013983
2022,28700,12,-0.00862
2022,28740,12,0.004616
2022,29100,12,0.000555
2022,29340,12,-0.02465
2022,29420,12,0.00347
2022,29460,12,0.017211
2022,29540,12,0.000206
2022,29700,12,-0.001716
2022,29740,12,-0.002895
2022,29820,12,-0.002077
2022,29940,12,-0.001023
2022,30140,12,0.001272
2022,30300,12,-0.007797
2022,30340,12,-0.001353
2022,30460,12,-0.002762
2022,30620,12,-0.002215
2022,30700,12,0.003162
2022,30780,12,-0.000153
2022,30860,12,0.009535
2022,31020,12,0.000578
2022,31420,12,-0.008005
2022,31700,12,-0.001221
2022,31860,12,-0.001347
2022,32580,12,0.003972
2022,32780,12,0.000787
2022,32900,12,0.006864
2022,33140,12,0.002613
2022,33340,12,-0.000978
2022,33540,12,-0.000515
2022,33700,12,-0.002551
2022,33780,12,0.00313
2022,33860,12,-0.00209
2022,34060,12,-0.009303
2022,34580,12,0.001065
2022,34620,12,0.000185
2022,34740,12,0.001754
2022,34940,12,0.012062
2022,35660,12,-0.00329
2022,35840,12,0.01431
2022,36100,12,0.011995
2022,36220,12,-0.01401
2022,36420,12,0.00418
2022,36500,12,0.004361
2022,36540,12,0.003063
2022,36740,12,0.001323
2022,36780,12,0.002091
2022,36980,12,-0.005247
2022,37100,12,-0.004842
2022,37340,12,0.002763
2022,37860,12,0.003032
2022,38060,12,0.004705
2022,38300,12,-0.003661
2022,38340,12,-0.002779
2022,38860,12,0.004534
2022,38900,12,0.000461
2022,38940,12,0.012017
2022,39300,12,-0.001673
2022,39340,12,0.017321
2022,39380,12,-0.00716
2022,39460,12,0.021822
2022,39540,12,-0.00091
2022,39580,12,0.010806
2022,39740,12,0.000583
2022,39820,12,-0.001024
2022,39900,12,0.004556
2022,40140,12,0.004419
2022,40420,12,-0.001055
2022,40660,12,-0.007349
2022,40900,12,0.004153
2022,40980,12,-0.000138
2022,41060,12,-0.002658
2022,41100,12,0.029111
2022,41140,12,-0.009603
2022,41420,12,0.000612
2022,41500,12,-0.003043
2022,41700,12,0.006537
2022,41740,12,-0.003641
2022,41940,12,-0.012731
2022,42020,12,-0.001689
2022,42100,12,-0.008939
2022,42140,12,-0.006919
2022,42220,12,-0.006484
2022,42340,12,0.003152
2022,42540,12,0.001412
2022,42680,12,0.005236
2022,43100,12,-8.8e-05
2022,43620,12,0.016662
2022,43780,12,7e-05
2022,44100,12,-0.002545
2022,44180,12,0.005075
2022,44220,12,0.001284
2022,44300,12,-0.004672
2022,44700,12,0.007565
2022,45060,12,-0.001989
2022,45220,12,-0.004282
2022,45820,12,-0.00247
2022,45940,12,0.003563
2022,46060,12,-0.004136
2022,46140,12,0.003306
2022,46340,12,0.003057
2022,46540,12,-0.004373
2022,46660,12,0.000479
2022,46700,12,-0.001199
2022,47220,12,0.002331
2022,47300,12,0.004294
2022,47940,12,-0.00583
2022,48300,12,0.006268
2022,48540,12,-0.017003
2022,48660,12,-0.005256
2022,48700,12,-0.003363
2022,49020,12,0.003938
2022,49420,12,-0.004042
2022,49620,12,0.00265
2022,49660,12,-0.000342
2022,49740,12,-0.000927
2022,10180,13,2.8e-05
2022,10420,13,-0.000509
2022,10580,13,0.002166
2022,10740,13,-0.009232
2022,10780,13,-0.007726
2022,10900,13,0.003113
2022,11260,13,-0.00042
2022,11460,13,-0.002561
2022,11500,13,-0.006444
2022,11540,13,0.005376
2022,11700,13,-0.001531
2022,12020,13,-0.002257
2022,12100,13,0.005805
2022,12220,13,0.014216
2022,12420,13,0.023489
2022,12540,13,0.004333
2022,12580,13,-0.007741
2022,12620,13,-0.000204
2022,12700,13,0.007803
2022,12980,13,-0.000566
2022,13020,13,-0.002408
2022,13380,13,0.0036
2022,13460,13,0.022295
2022,13780,13,-0.002189
2022,14260,13,0.016692
2022,14500,13,-0.010478
2022,14740,13,-0.002431
2022,15180,13,-0.000678
2022,15260,13,-0.007358
2022,15380,13,-0.001105
2022,15500,13,0.001084
2022,15540,13,0.001477
2022,15940,13,0.00095
2022,15980,13,0.01785
2022,16180,13,-0.003284
2022,16220,13,-0.013185
2022,16300,13,-0.003881
2022,16700,13,0.004777
2022,16860,13,-0.003862
2022,16940,13,-0.00701
2022,17020,13,-0.011452
2022,17420,13,0.003788
2022,17660,13,0.023638
2022,17780,13,0.007735
2022,17820,13,-0.000577
2022,17900,13,-0.001429
2022,18020,13,0.00315
2022,18700,13,0.001684
2022,19340,13,-0.001226
2022,19460,13,-0.002357
2022,19500,13,-0.005473
2022,19740,13,-0.006896
2022,20020,13,-0.001779
2022,20100,13,0.006037
2022,20220,13,-0.004945
2022,20740,13,0.008552
2022,20940,13,-0.001741
2022,21140,13,0.001221
2022,21300,13,-0.00752
2022,21500,13,-0.003524
2022,21660,13,-0.001115
2022,21820,13,-0.00393
2022,22020,13,0.006909
2022,22140,13,-0.013668
2022,22380,13,-0.006178
2022,22420,13,-0.001804
2022,22500,13,-0.010513
2022,22520,13,-0.001513
2022,22540,13,0.002466
2022,22660,13,-0.002104
2022,23420,13,0.002209
2022,23460,13,-0.006564
2022,23580,13,0.003354
2022,24020,13,0.000576
2022,24220,13,-0.003366
2022,24300,13,-0.001802
2022,24500,13,-0.007932
2022,24540,13,0.011705
2022,24580,13,0.005254
2022,24660,13,-0.005346
2022,25420,13,0.00594
2022,25500,13,-0.005172
2022,25860,13,-0.009686
2022,25980,13,0.004125
2022,26300,13,-0.003533
2022,26380,13,-0.005893
2022,26620,13,0.013339
2022,26980,13,0.004207
2022,27060,13,-0.000229
2022,27100,13,-0.000563
2022,27260,13,0.00833
2022,27340,13,0.001006
2022,27500,13,0.00372
2022,27740,13,-0.001526
2022,27780,13,-0.003559
2022,27860,13,0.001463
2022,27900,13,0.00168
2022,28100,13,-0.003679
2022,28420,13,0.007687
2022,28660,13,0.013445
2022,28700,13,-0.008225
2022,28740,13,0.004197
2022,29100,13,0.000607
2022,29340,13,-0.026657
2022,29420,13,0.003028
2022,29460,13,0.017303
2022,29540,13,0.000414
2022,29700,13,-0.001245
2022,29740,13,-0.002928
2022,29820,13,-0.001968
2022,29940,13,-0.000909
2022,30140,13,0.001262
2022,30300,13,-0.007752
2022,30340,13,-0.001806
2022,30460,13,-0.002613
2022,30620,13,-0.002312
2022,30700,13,0.00297
2022,30780,13,-0.00019
2022,30860,13,0.009655
2022,31020,13,0.000638
2022,31420,13,-0.007801
2022,31700,13,-0.001069
2022,31860,13,-0.001425
2022,32580,13,0.004095
2022,32780,13,0.000368
2022,32900,13,0.007028
2022,33140,13,0.002678
2022,33340,13,-0.00103
2022,33540,13,-0.000899
2022,33700,13,-0.002795
2022,33780,13,0.003209
2022,33860,13,-0.002116
2022,34060,13,-0.00822
2022,34580,13,0.001247
2022,34620,13,0.000246
2022,34740,13,0.001837
2022,34940,13,0.011438
2022,35660,13,-0.003401
2022,35840,13,0.013895
2022,36100,13,0.011519
2022,36220,13,-0.013346
2022,36420,13,0.004267
2022,36500,13,0.004123
2022,36540,13,0.002717
2022,36740,13,0.000758
2022,36780,13,0.002167
2022,36980,13,-0.005079
2022,37100,13,-0.004783
2022,37340,13,0.002636
2022,37860,13,0.002427
2022,38060,13,0.004117
2022,38300,13,-0.003528
2022,38340,13,-0.002859
2022,38860,13,0.004527
2022,38900,13,0.000219
2022,38940,13,0.011933
2022,39300,13,-0.001767
2022,39340,13,0.017123
2022,39380,13,-0.006875
2022,39460,13,0.021341
2022,39540,13,-0.000844
2022,39580,13,0.010681
2022,39740,13,0.000586
2022,39820,13,-0.001204
2022,39900,13,0.003953
2022,40140,13,0.004315
2022,40420,13,-0.001608
2022,40660,13,-0.00743
2022,40900,13,0.003797
2022,40980,13,-0.000256
2022,41060,13,-0.002571
2022,41100,13,0.028908
2022,41140,13,-0.00949
2022,41420,13,0.000814
2022,41500,13,-0.003351
2022,41700,13,0.006716
2022,41740,13,-0.003773
2022,41940,13,-0.012357
2022,42020,13,-0.001289
2022,42100,13,-0.008836
2022,42140,13,-0.007043
2022,42220,13,-0.005833
2022,42340,13,0.003085
2022,42540,13,0.00144
2022,42680,13,0.005425
2022,43100,13,-5.1e-05
2022,43620,13,0.016076
2022,43780,13,7.2e-05
2022,44100,13,-0.002378
2022,44180,13,0.004856
2022,44220,13,0.001101
2022,44300,13,-0.003916
2022,44700,13,0.007092
2022,45060,13,-0.002039
2022,45220,13,-0.004421
2022,45820,13,-0.002741
2022,45940,13,0.002865
2022,46060,13,-0.004512
2022,46140,13,0.003181
2022,46340,13,0.003415
2022,46540,13,-0.004223
2022,46660,13,0.000366
2022,46700,13,-0.001714
2022,47220,13,0.001398
2022,47300,13,0.003959
2022,47940,13,-0.005444
2022,48300,13,0.006339
2022,48540,13,-0.016131
2022,48660,13,-0.005039
2022,48700,13,-0.002947
2022,49020,13,0.00401
2022,49420,13,-0.003839
2022,49620,13,0.002777
2022,49660,13,-0.0006
2022,49740,13,-0.001234
2022,10180,14,-0.000171
2022,10420,14,-0.000322
2022,10580,14,0.002308
2022,10740,14,-0.009324
2022,10780,14,-0.007727
2022,10900,14,0.003568
2022,11260,14,-0.000543
2022,11460,14,-0.002826
2022,11500,14,-0.006467
2022,11540,14,0.005186
2022,11700,14,-0.002029
2022,12020,14,-0.002478
2022,12100,14,0.006189
2022,12220,14,0.014741
2022,12420,14,0.024096
2022,12540,14,0.004802
2022,12580,14,-0.008201
2022,12620,14,0.000177
2022,12700,14,0.007606
2022,12980,14,-0.00051
2022,13020,14,-0.002387
2022,13380,14,0.003595
2022,13460,14,0.023302
2022,13780,14,-0.002876
2022,14260,14,0.017322
2022,14500,14,-0.011795
2022,14740,14,-0.002812
2022,15180,14,-0.000257
2022,15260,14,-0.006774
2022,15380,14,-0.001599
2022,15500,14,0.000631
2022,15540,14,0.001424
2022,15940,14,0.001056
2022,15980,14,0.019263
2022,16180,14,-0.003506
2022,16220,14,-0.014467
2022,16300,14,-0.004167
2022,16700,14,0.004738
2022,16860,14,-0.004279
2022,16940,14,-0.007637
2022,17020,14,-0.010833
2022,17420,14,0.004167
2022,17660,14,0.024559
2022,17780,14,0.007745
2022,17820,14,-0.000818
2022,17900,14,-0.001463
2022,18020,14,0.003215
2022,18700,14,0.001511
2022,19340,14,-0.001449
2022,19460,14,-0.002624
2022,19500,14,-0.005828
2022,19740,14,-0.007842
2022,20020,14,-0.001557
2022,20100,14,0.006356
2022,20220,14,-0.005456
2022,20740,14,0.008712
2022,20940,14,-0.000954
2022,21140,14,0.001285
2022,21300,14,-0.007637
2022,21500,14,-0.003506
2022,21660,14,-0.001116
2022,21820,14,-0.003551
2022,22020,14,0.006838
2022,22140,14,-0.013668
2022,22380,14,-0.006212
2022,22420,14,-0.001327
2022,22500,14,-0.010596
2022,22520,14,-0.001727
2022,22540,14,0.00248
2022,22660,14,-0.003035
2022,23420,14,0.002562
2022,23460,14,-0.006664
2022,23580,14,0.00369
2022,24020,14,0.000527
2022,24220,14,-0.004167
2022,24300,14,-0.001685
2022,24500,14,-0.008924
2022,24540,14,0.011375
2022,24580,14,0.005325
2022,24660,14,-0.005872
2022,25420,14,0.006208
2022,25500,14,-0.005539
2022,25860,14,-0.010081
2022,25980,14,0.003732
2022,26300,14,-0.003403
2022,26380,14,-0.005801
2022,26620,14,0.013528
2022,26980,14,0.004306
2022,27060,14,-0.000538
2022,27100,14,-0.000429
2022,27260,14,0.008436
2022,27340,14,0.000579
2022,27500,14,0.00418
2022,27740,14,-0.001558
2022,27780,14,-0.003915
2022,27860,14,0.001726
2022,27900,14,0.001816
2022,28100,14,-0.003201
2022,28420,14,0.007451
2022,28660,14,0.013871
2022,28700,14,-0.008804
2022,28740,14,0.004652
2022,29100,14,0.000191
2022,29340,14,-0.029239
2022,29420,14,0.003695
2022,29460,14,0.018514
2022,29540,14,0.000457
2022,29700,14,-0.000503
2022,29740,14,-0.002667
2022,29820,14,-0.002094
2022,29940,14,-0.000346
2022,30140,14,0.001498
2022,30300,14,-0.007341
2022,30340,14,-0.001666
2022,30460,14,-0.002399
2022,30620,14,-0.002095
2022,30700,14,0.002892
2022,30780,14,9.2e-05
2022,30860,14,0.009774
2022,31020,14,0.000641
2022,31420,14,-0.008305
2022,31700,14,-0.000945
2022,31860,14,-0.00162
2022,32580,14,0.004703
2022,32780,14,0.000478
2022,32900,14,0.007625
2022,33140,14,0.002442
2022,33340,14,-0.000982
2022,33540,14,-0.000617
2022,33700,14,-0.002697
2022,33780,14,0.003157
2022,33860,14,-0.002246
2022,34060,14,-0.008959
2022,34580,14,0.001249
2022,34620,14,0.001062
2022,34740,14,0.002048
2022,34940,14,0.012699
2022,35660,14,-0.003431
2022,35840,14,0.014866
2022,36100,14,0.012194
2022,36220,14,-0.016417
2022,36420,14,0.004509
2022,36500,14,0.004036
2022,36540,14,0.00267
2022,36740,14,0.000543
2022,36780,14,0.002101
2022,36980,14,-0.00543
2022,37100,14,-0.00492
2022,37340,14,0.002855
2022,37860,14,0.002274
2022,38060,14,0.005105
2022,38300,14,-0.003924
2022,38340,14,-0.003066
2022,38860,14,0.004775
2022,38900,14,-0.0003
2022,38940,14,0.012934
2022,39300,14,-0.00176
2022,39340,14,0.017501
2022,39380,14,-0.007031
2022,39460,14,0.023014
2022,39540,14,-0.000733
2022,39580,14,0.010544
2022,39740,14,0.000804
2022,39820,14,-0.000999
2022,39900,14,0.004021
2022,40140,14,0.00504
2022,40420,14,-0.001321
2022,40660,14,-0.007717
2022,40900,14,0.003891
2022,40980,14,-1.9e-05
2022,41060,14,-0.002165
2022,41100,14,0.030573
2022,41140,14,-0.009067
2022,41420,14,0.000807
2022,41500,14,-0.003245
2022,41700,14,0.007178
2022,41740,14,-0.003796
2022,41940,14,-0.014367
2022,42020,14,-0.001158
2022,42100,14,-0.009274
2022,42140,14,-0.007197
2022,42220,14,-0.006028
2022,42340,14,0.002906
2022,42540,14,0.00151
2022,42680,14,0.005831
2022,43100,14,-0.000176
2022,43620,14,0.016347
2022,43780,14,-2.1e-05
2022,44100,14,-0.00256
2022,44180,14,0.00518
2022,44220,14,0.001192
2022,44300,14,-0.003379
2022,44700,14,0.007386
2022,45060,14,-0.002391
2022,45220,14,-0.004225
2022,45820,14,-0.002572
2022,45940,14,0.002829
2022,46060,14,-0.004036
2022,46140,14,0.003439
2022,46340,14,0.003842
2022,46540,14,-0.004348
2022,46660,14,0.000228
2022,46700,14,-0.001817
2022,47220,14,0.001818
2022,47300,14,0.004462
2022,47940,14,-0.005639
2022,48300,14,0.006339
2022,48540,14,-0.017272
2022,48660,14,-0.00396
2022,48700,14,-0.003112
2022,49020,14,0.004267
2022,49420,14,-0.004536
2022,49620,14,0.003298
2022,49660,14,-0.000494
2022,49740,14,0.000234
2022,10180,15,-0.000594
2022,10420,15,-0.000231
2022,10580,15,0.002403
2022,10740,15,-0.009528
2022,10780,15,-0.008003
2022,10900,15,0.003251
2022,11260,15,-0.001134
2022,11460,15,-0.00326
2022,11500,15,-0.00695
2022,11540,15,0.005025
2022,11700,15,-0.001817
2022,12020,15,-0.002921
2022,12100,15,0.0061
2022,12220,15,0.014039
2022,12420,15,0.02618
2022,12540,15,0.004274
2022,12580,15,-0.009203
2022,12620,15,0.000912
2022,12700,15,0.006384
2022,12980,15,0.000164
2022,13020,15,-0.00221
2022,13380,15,0.004317
2022,13460,15,0.024507
2022,13780,15,-0.002573
2022,14260,15,0.018355
2022,14500,15,-0.01179
2022,14740,15,-0.002625
2022,15180,15,8.6e-05
2022,15260,15,-0.005954
2022,15380,15,-0.001402
2022,15500,15,0.00035
2022,15540,15,0.001313
2022,15940,15,0.001044
2022,15980,15,0.020365
2022,16180,15,-0.005424
2022,16220,15,-0.015106
2022,16300,15,-0.004555
2022,16700,15,0.005289
2022,16860,15,-0.003779
2022,16940,15,-0.007825
2022,17020,15,-0.008577
2022,17420,15,0.004727
2022,17660,15,0.025181
2022,17780,15,0.008056
2022,17820,15,-0.000278
2022,17900,15,-0.001232
2022,18020,15,0.004086
2022,18700,15,0.000162
2022,19340,15,-0.001957
2022,19460,15,-0.002238
2022,19500,15,-0.005656
2022,19740,15,-0.007039
2022,20020,15,-0.002229
2022,20100,15,0.006478
2022,20220,15,-0.006258
2022,20740,15,0.008901
2022,20940,15,-0.001353
2022,21140,15,0.001503
2022,21300,15,-0.008342
2022,21500,15,-0.002903
2022,21660,15,-0.000898
2022,21820,15,-0.003639
2022,22020,15,0.006788
2022,22140,15,-0.01368
2022,22380,15,-0.005684
2022,22420,15,-0.00152
2022,22500,15,-0.010765
2022,22520,15,-0.001417
2022,22540,15,0.002202
2022,22660,15,-0.002873
2022,23420,15,0.002134
2022,23460,15,-0.006488
2022,23580,15,0.003679
2022,24020,15,0.000823
2022,24220,15,-0.00448
2022,24300,15,-0.001783
2022,24500,15,-0.00954
2022,24540,15,0.01091
2022,24580,15,0.005116
2022,24660,15,-0.005972
2022,25420,15,0.005579
2022,25500,15,-0.005843
2022,25860,15,-0.010101
2022,25980,15,0.003453
2022,26300,15,-0.004124
2022,26380,15,-0.006283
2022,26620,15,0.013582
2022,26980,15,0.003725
2022,27060,15,-0.000958
2022,27100,15,-0.001251
2022,27260,15,0.007939
2022,27340,15,-2.2e-05
2022,27500,15,0.004039
2022,27740,15,-0.001345
2022,27780,15,-0.00439
2022,27860,15,0.001725
2022,27900,15,0.001656
2022,28100,15,-0.002927
2022,28420,15,0.007556
2022,28660,15,0.013618
2022,28700,15,-0.009051
2022,28740,15,0.005218
2022,29100,15,-0.00014
2022,29340,15,-0.029935
2022,29420,15,0.003925
2022,29460,15,0.018172
2022,29540,15,0.000564
2022,29700,15,0.000313
2022,29740,15,-0.003117
2022,29820,15,-0.00229
2022,29940,15,0.000582
2022,30140,15,0.001606
2022,30300,15,-0.009673
2022,30340,15,-0.001728
2022,30460,15,-0.001723
2022,30620,15,-0.002091
2022,30700,15,0.003267
2022,30780,15,-0.000183
2022,30860,15,0.009519
2022,31020,15,0.000486
2022,31420,15,-0.009547
2022,31700,15,-0.000839
2022,31860,15,-0.001993
2022,32580,15,0.004508
2022,32780,15,0.000297
2022,32900,15,0.006539
2022,33140,15,0.002179
2022,33340,15,-0.000798
2022,33540,15,0.001173
2022,33700,15,-0.002772
2022,33780,15,0.002153
2022,33860,15,-0.003108
2022,34060,15,-0.010178
2022,34580,15,0.001285
2022,34620,15,0.00142
2022,34740,15,0.001815
2022,34940,15,0.014036
2022,35660,15,-0.003593
2022,35840,15,0.015528
2022,36100,15,0.01111
2022,36220,15,-0.016566
2022,36420,15,0.004127
2022,36500,15,0.003914
2022,36540,15,0.002546
2022,36740,15,-3.4e-05
2022,36780,15,0.002585
2022,36980,15,-0.005406
2022,37100,15,-0.00463
2022,37340,15,0.002611
2022,37860,15,0.002376
2022,38060,15,0.006317
2022,38300,15,-0.003918
2022,38340,15,-0.003019
2022,38860,15,0.004934
2022,38900,15,0.000128
2022,38940,15,0.013045
2022,39300,15,-0.002218
2022,39340,15,0.017524
2022,39380,15,-0.006656
2022,39460,15,0.023891
2022,39540,15,-0.001157
2022,39580,15,0.010717
2022,39740,15,0.000414
2022,39820,15,-0.001574
2022,39900,15,0.003662
2022,40140,15,0.00539
2022,40420,15,-0.001442
2022,40660,15,-0.007907
2022,40900,15,0.003735
2022,40980,15,0.000448
2022,41060,15,-0.00228
2022,41100,15,0.030629
2022,41140,15,-0.008492
2022,41420,15,0.001016
2022,41500,15,-0.003738
2022,41700,15,0.007237
2022,41740,15,-0.002958
2022,41940,15,-0.014198
2022,42020,15,-0.001332
2022,42100,15,-0.009034
2022,42140,15,-0.008856
2022,42220,15,-0.006299
2022,42340,15,0.001955
2022,42540,15,0.001302
2022,42680,15,0.005536
2022,43100,15,-0.001124
2022,43620,15,0.016592
2022,43780,15,0.000412
2022,44100,15,-0.003056
2022,44180,15,0.005303
2022,44220,15,0.001162
2022,44300,15,-0.002794
2022,44700,15,0.00686
2022,45060,15,-0.001824
2022,45220,15,-0.004484
2022,45820,15,-0.002425
2022,45940,15,0.001785
2022,46060,15,-0.004088
2022,46140,15,0.003196
2022,46340,15,0.003381
2022,46540,15,-0.003937
2022,46660,15,-0.00015
2022,46700,15,-0.002007
2022,47220,15,0.002059
2022,47300,15,0.00392
2022,47940,15,-0.005833
2022,48300,15,0.006625
2022,48540,15,-0.017915
2022,48660,15,-0.004716
2022,48700,15,-0.003009
2022,49020,15,0.003486
2022,49420,15,-0.005001
2022,49620,15,0.002595
2022,49660,15,-0.000336
2022,49740,15,0.001523
2022,10180,16,-0.000727
2022,10420,16,-0.000197
2022,10580,16,0.002495
2022,10740,16,-0.009432
2022,10780,16,-0.007853
2022,10900,16,0.003369
2022,11260,16,-0.000816
2022,11460,16,-0.003295
2022,11500,16,-0.006908
2022,11540,16,0.004994
2022,11700,16,-0.002128
2022,12020,16,-0.003189
2022,12100,16,0.006244
2022,12220,16,0.014615
2022,12420,16,0.025888
2022,12540,16,0.004554
2022,12580,16,-0.009056
2022,12620,16,0.000915
2022,12700,16,0.006344
2022,12980,16,-3.2e-05
2022,13020,16,-0.00226
2022,13380,16,0.004036
2022,13460,16,0.024573
2022,13780,16,-0.002802
2022,14260,16,0.017972
2022,14500,16,-0.012193
2022,14740,16,-0.002876
2022,15180,16,7.6e-05
2022,15260,16,-0.005851
2022,15380,16,-0.001848
2022,15500,16,9.2e-05
2022,15540,16,0.0014
2022,15940,16,0.001069
2022,15980,16,0.020713
2022,16180,16,-0.005258
2022,16220,16,-0.015067
2022,16300,16,-0.004577
2022,16700,16,0.005237
2022,16860,16,-0.004243
2022,16940,16,-0.007909
2022,17020,16,-0.008627
2022,17420,16,0.004542
2022,17660,16,0.025063
2022,17780,16,0.008022
2022,17820,16,-0.000484
2022,17900,16,-0.001259
2022,18020,16,0.003895
2022,18700,16,7e-05
2022,19340,16,-0.001818
2022,19460,16,-0.002625
2022,19500,16,-0.005546
2022,19740,16,-0.007503
2022,20020,16,-0.001965
2022,20100,16,0.006904
2022,20220,16,-0.006296
2022,20740,16,0.008899
2022,20940,16,-0.000995
2022,21140,16,0.001381
2022,21300,16,-0.00828
2022,21500,16,-0.00299
2022,21660,16,-0.001113
2022,21820,16,-0.003437
2022,22020,16,0.006979
2022,22140,16,-0.013294
2022,22380,16,-0.005754
2022,22420,16,-0.001459
2022,22500,16,-0.010675
2022,22520,16,-0.001618
2022,22540,16,0.002229
2022,22660,16,-0.003143
2022,23420,16,0.002332
2022,23460,16,-0.006619
2022,23580,16,0.003583
2022,24020,16,0.000804
2022,24220,16,-0.004534
2022,24300,16,-0.001705
2022,24500,16,-0.00976
2022,24540,16,0.01093
2022,24580,16,0.00517
2022,24660,16,-0.00619
2022,25420,16,0.005784
2022,25500,16,-0.005809
2022,25860,16,-0.010519
2022,25980,16,0.003269
2022,26300,16,-0.004159
2022,26380,16,-0.005959
2022,26620,16,0.013571
2022,26980,16,0.003912
2022,27060,16,-0.001039
2022,27100,16,-0.001206
2022,27260,16,0.008033
2022,27340,16,-3.5e-05
2022,27500,16,0.004075
2022,27740,16,-0.001548
2022,27780,16,-0.004287
2022,27860,16,0.001921
2022,27900,16,0.001563
2022,28100,16,-0.00271
2022,28420,16,0.007236
2022,28660,16,0.013585
2022,28700,16,-0.009444
2022,28740,16,0.004947
2022,29100,16,-0.000219
2022,29340,16,-0.030206
2022,29420,16,0.003941
2022,29460,16,0.018548
2022,29540,16,0.000423
2022,29700,16,0.000617
2022,29740,16,-0.002724
2022,29820,16,-0.00223
2022,29940,16,0.00053
2022,30140,16,0.001561
2022,30300,16,-0.009598
2022,30340,16,-0.001815
2022,30460,16,-0.001784
2022,30620,16,-0.002136
2022,30700,16,0.00309
2022,30780,16,6e-06
2022,30860,16,0.009149
2022,31020,16,0.000198
2022,31420,16,-0.009542
2022,31700,16,-0.000879
2022,31860,16,-0.001988
2022,32580,16,0.00478
2022,32780,16,0.000337
2022,32900,16,0.006676
2022,33140,16,0.002078
2022,33340,16,-0.00074
2022,33540,16,0.000861
2022,33700,16,-0.002873
2022,33780,16,0.002243
2022,33860,16,-0.002828
2022,34060,16,-0.01028
2022,34580,16,0.001034
2022,34620,16,0.001484
2022,34740,16,0.001571
2022,34940,16,0.014291
2022,35660,16,-0.003638
2022,35840,16,0.015701
2022,36100,16,0.011482
2022,36220,16,-0.017173
2022,36420,16,0.00425
2022,36500,16,0.00367
2022,36540,16,0.002484
2022,36740,16,5.6e-05
2022,36780,16,0.00249
2022,36980,16,-0.005578
2022,37100,16,-0.00462
2022,37340,16,0.002544
2022,37860,16,0.002189
2022,38060,16,0.006427
2022,38300,16,-0.004152
2022,38340,16,-0.003084
2022,38860,16,0.004918
2022,38900,16,-4.3e-05
2022,38940,16,0.013145
2022,39300,16,-0.002139
2022,39340,16,0.017507
2022,39380,16,-0.007079
2022,39460,16,0.024277
2022,39540,16,-0.001074
2022,39580,16,0.010636
2022,39740,16,0.000424
2022,39820,16,-0.001421
2022,39900,16,0.003816
2022,40140,16,0.005471
2022,40420,16,-0.001291
2022,40660,16,-0.008164
2022,40900,16,0.003786
2022,40980,16,0.000415
2022,41060,16,-0.002303
2022,41100,16,0.031054
2022,41140,16,-0.008523
2022,41420,16,0.000751
2022,41500,16,-0.003581
2022,41700,16,0.007203
2022,41740,16,-0.003083
2022,41940,16,-0.014513
2022,42020,16,-0.001221
2022,42100,16,-0.009128
2022,42140,16,-0.00858
2022,42220,16,-0.00617
2022,42340,16,0.002051
2022,42540,16,0.001302
2022,42680,16,0.005483
2022,43100,16,-0.001109
2022,43620,16,0.016731
2022,43780,16,0.000199
2022,44100,16,-0.002839
2022,44180,16,0.005136
2022,44220,16,0.001119
2022,44300,16,-0.002721
2022,44700,16,0.006892
2022,45060,16,-0.002102
2022,45220,16,-0.004326
2022,45820,16,-0.002508
2022,45940,16,0.002102
2022,46060,16,-0.003912
2022,46140,16,0.003273
2022,46340,16,0.003319
2022,46540,16,-0.004173
2022,46660,16,9.6e-05
2022,46700,16,-0.001946
2022,47220,16,0.002155
2022,47300,16,0.004201
2022,47940,16,-0.005812
2022,48300,16,0.006456
2022,48540,16,-0.018159
2022,48660,16,-0.004613
2022,48700,16,-0.003092
2022,49020,16,0.003742
2022,49420,16,-0.005415
2022,49620,16,0.002815
2022,49660,16,-0.000361
2022,49740,16,0.001941
2022,10180,17,0.000116
2022,10420,17,-0.000454
2022,10580,17,0.001688
2022,10740,17,-0.009957
2022,10780,17,-0.008631
2022,10900,17,0.003173
2022,11260,17,-0.002451
2022,11460,17,-0.002607
2022,11500,17,-0.006552
2022,11540,17,0.004699
2022,11700,17,-0.000951
2022,12020,17,-0.001642
2022,12100,17,0.00602
2022,12220,17,0.012416
2022,12420,17,0.026463
2022,12540,17,0.003468
2022,12580,17,-0.009274
2022,12620,17,0.000238
2022,12700,17,0.006791
2022,12980,17,0.00014
2022,13020,17,-0.001845
2022,13380,17,0.004789
2022,13460,17,0.023385
2022,13780,17,-0.003137
2022,14260,17,0.019152
2022,14500,17,-0.010688
2022,14740,17,-0.001688
2022,15180,17,7.6e-05
2022,15260,17,-0.006994
2022,15380,17,1.5e-05
2022,15500,17,0.001119
2022,15540,17,0.000764
2022,15940,17,0.001002
2022,15980,17,0.018687
2022,16180,17,-0.004281
2022,16220,17,-0.015637
2022,16300,17,-0.004204
2022,16700,17,0.004811
2022,16860,17,-0.002571
2022,16940,17,-0.007932
2022,17020,17,-0.009838
2022,17420,17,0.004961
2022,17660,17,0.025207
2022,17780,17,0.007182
2022,17820,17,1.5e-05
2022,17900,17,-0.001636
2022,18020,17,0.00367
2022,18700,17,0.001494
2022,19340,17,-0.002262
2022,19460,17,-0.000789
2022,19500,17,-0.006652
2022,19740,17,-0.006379
2022,20020,17,-0.002837
2022,20100,17,0.004867
2022,20220,17,-0.005603
2022,20740,17,0.00863
2022,20940,17,-0.001795
2022,21140,17,0.001647
2022,21300,17,-0.007209
2022,21500,17,-0.00295
2022,21660,17,5.8e-05
2022,21820,17,-0.004419
2022,22020,17,0.005644
2022,22140,17,-0.015557
2022,22380,17,-0.005267
2022,22420,17,-0.000763
2022,22500,17,-0.01053
2022,22520,17,-0.001434
2022,22540,17,0.001822
2022,22660,17,-0.002956
2022,23420,17,0.001766
2022,23460,17,-0.005953
2022,23580,17,0.003777
2022,24020,17,0.000642
2022,24220,17,-0.004372
2022,24300,17,-0.002013
2022,24500,17,-0.009134
2022,24540,17,0.010106
2022,24580,17,0.004839
2022,24660,17,-0.005331
2022,25420,17,0.005149
2022,25500,17,-0.006176
2022,25860,17,-0.008631
2022,25980,17,0.004109
2022,26300,17,-0.002982
2022,26380,17,-0.007587
2022,26620,17,0.013647
2022,26980,17,0.002715
2022,27060,17,-0.000203
2022,27100,17,-0.000423
2022,27260,17,0.007928
2022,27340,17,0.000496
2022,27500,17,0.004377
2022,27740,17,-0.000549
2022,27780,17,-0.004897
2022,27860,17,0.00089
2022,27900,17,0.002408
2022,28100,17,-0.00361
2022,28420,17,0.008152
2022,28660,17,0.013908
2022,28700,17,-0.007554
2022,28740,17,0.006239
2022,29100,17,9.2e-05
2022,29340,17,-0.027992
2022,29420,17,0.00413
2022,29460,17,0.017007
2022,29540,17,0.00061
2022,29700,17,-0.001693
2022,29740,17,-0.004406
2022,29820,17,-0.002805
2022,29940,17,4.8e-05
2022,30140,17,0.001853
2022,30300,17,-0.005405
2022,30340,17,-0.000562
2022,30460,17,-0.001908
2022,30620,17,-0.001205
2022,30700,17,0.003634
2022,30780,17,-0.000891
2022,30860,17,0.011021
2022,31020,17,0.001766
2022,31420,17,-0.008789
2022,31700,17,-0.000952
2022,31860,17,-0.002008
2022,32580,17,0.003449
2022,32780,17,0.000325
2022,32900,17,0.006751
2022,33140,17,0.002364
2022,33340,17,-0.001386
2022,33540,17,0.001199
2022,33700,17,-0.002423
2022,33780,17,0.002056
2022,33860,17,-0.003861
2022,34060,17,-0.009619
2022,34580,17,0.001878
2022,34620,17,0.001947
2022,34740,17,0.003293
2022,34940,17,0.012433
2022,35660,17,-0.003027
2022,35840,17,0.014496
2022,36100,17,0.010645
2022,36220,17,-0.014749
2022,36420,17,0.003637
2022,36500,17,0.004782
2022,36540,17,0.003056
2022,36740,17,-1.5e-05
2022,36780,17,0.002162
2022,36980,17,-0.004895
2022,37100,17,-0.005452
2022,37340,17,0.003202
2022,37860,17,0.003141
2022,38060,17,0.005568
2022,38300,17,-0.003207
2022,38340,17,-0.002902
2022,38860,17,0.004988
2022,38900,17,0.000237
2022,38940,17,0.013011
2022,39300,17,-0.002224
2022,39340,17,0.017168
2022,39380,17,-0.005122
2022,39460,17,0.022418
2022,39540,17,-0.001104
2022,39580,17,0.010482
2022,39740,17,0.000851
2022,39820,17,-0.001693
2022,39900,17,0.00332
2022,40140,17,0.005057
2022,40420,17,-0.001497
2022,40660,17,-0.00648
2022,40900,17,0.003697
2022,40980,17,-2.4e-05
2022,41060,17,-0.002006
2022,41100,17,0.028817
2022,41140,17,-0.007922
2022,41420,17,0.001951
2022,41500,17,-0.003963
2022,41700,17,0.007247
2022,41740,17,-0.003108
2022,41940,17,-0.013794
2022,42020,17,-0.002026
2022,42100,17,-0.008986
2022,42140,17,-0.008111
2022,42220,17,-0.006145
2022,42340,17,0.002038
2022,42540,17,0.001274
2022,42680,17,0.005805
2022,43100,17,-0.000435
2022,43620,17,0.015831
2022,43780,17,0.000587
2022,44100,17,-0.003582
2022,44180,17,0.005885
2022,44220,17,0.001518
2022,44300,17,-0.003131
2022,44700,17,0.007268
2022,45060,17,-0.001798
2022,45220,17,-0.004515
2022,45820,17,-0.001737
2022,45940,17,0.001304
2022,46060,17,-0.004289
2022,46140,17,0.002987
2022,46340,17,0.00377
2022,46540,17,-0.00328
2022,46660,17,-0.000785
2022,46700,17,-0.001909
2022,47220,17,0.001892
2022,47300,17,0.003356
2022,47940,17,-0.006155
2022,48300,17,0.006926
2022,48540,17,-0.017177
2022,48660,17,-0.002661
2022,48700,17,-0.002821
2022,49020,17,0.002679
2022,49420,17,-0.003055
2022,49620,17,0.002451
2022,49660,17,-0.000241
2022,49740,17,-0.000338
2022,10180,18,-0.000124
2022,10420,18,-0.00027
2022,10580,18,0.001776
2022,10740,18,-0.009337
2022,10780,18,-0.007889
2022,10900,18,0.003152
2022,11260,18,-0.001597
2022,11460,18,-0.002731
2022,11500,18,-0.006351
2022,11540,18,0.00451
2022,11700,18,-0.001412
2022,12020,18,-0.001692
2022,12100,18,0.005172
2022,12220,18,0.011696
2022,12420,18,0.024198
2022,12540,18,0.003651
2022,12580,18,-0.009032
2022,12620,18,0.000715
2022,12700,18,0.006708
2022,12980,18,5.8e-05
2022,13020,18,-0.002097
2022,13380,18,0.004462
2022,13460,18,0.022493
2022,13780,18,-0.003094
2022,14260,18,0.018075
2022,14500,18,-0.01077
2022,14740,18,-0.002582
2022,15180,18,0.000313
2022,15260,18,-0.006007
2022,15380,18,-0.00053
2022,15500,18,0.000909
2022,15540,18,0.001042
2022,15940,18,0.000918
2022,15980,18,0.018305
2022,16180,18,-0.004936
2022,16220,18,-0.015109
2022,16300,18,-0.00436
2022,16700,18,0.004445
2022,16860,18,-0.002626
2022,16940,18,-0.007616
2022,17020,18,-0.008629
2022,17420,18,0.005111
2022,17660,18,0.024163
2022,17780,18,0.007238
2022,17820,18,-0.000426
2022,17900,18,-0.001247
2022,18020,18,0.003995
2022,18700,18,0.00174
2022,19340,18,-0.002104
2022,19460,18,-0.001264
2022,19500,18,-0.006353
2022,19740,18,-0.006476
2022,20020,18,-0.002261
2022,20100,18,0.004395
2022,20220,18,-0.005768
2022,20740,18,0.008294
2022,20940,18,-0.00136
2022,21140,18,0.001632
2022,21300,18,-0.007088
2022,21500,18,-0.002781
2022,21660,18,-0.000363
2022,21820,18,-0.002983
2022,22020,18,0.005584
2022,22140,18,-0.013989
2022,22380,18,-0.005958
2022,22420,18,-0.000996
2022,22500,18,-0.009888
2022,22520,18,-0.001139
2022,22540,18,0.002151
2022,22660,18,-0.002725
2022,23420,18,0.00169
2022,23460,18,-0.005769
2022,23580,18,0.004141
2022,24020,18,0.000515
2022,24220,18,-0.004668
2022,24300,18,-0.001957
2022,24500,18,-0.00877
2022,24540,18,0.010311
2022,24580,18,0.004673
2022,24660,18,-0.005409
2022,25420,18,0.005223
2022,25500,18,-0.005818
2022,25860,18,-0.00815
2022,25980,18,0.004026
2022,26300,18,-0.002906
2022,26380,18,-0.006494
2022,26620,18,0.012643
2022,26980,18,0.003363
2022,27060,18,-0.000466
2022,27100,18,-0.000477
2022,27260,18,0.007063
2022,27340,18,-0.000233
2022,27500,18,0.004351
2022,27740,18,-0.000663
2022,27780,18,-0.00449
2022,27860,18,0.00098
2022,27900,18,0.002233
2022,28100,18,-0.003161
2022,28420,18,0.007955
2022,28660,18,0.013212
2022,28700,18,-0.007173
2022,28740,18,0.005773
2022,29100,18,-0.000139
2022,29340,18,-0.030514
2022,29420,18,0.003883
2022,29460,18,0.016973
2022,29540,18,0.000836
2022,29700,18,-0.000723
2022,29740,18,-0.003869
2022,29820,18,-0.002766
2022,29940,18,0.000519
2022,30140,18,0.001838
2022,30300,18,-0.005826
2022,30340,18,-0.001138
2022,30460,18,-0.001729
2022,30620,18,-0.001321
2022,30700,18,0.003149
2022,30780,18,-0.000523
2022,30860,18,0.010775
2022,31020,18,0.001476
2022,31420,18,-0.008553
2022,31700,18,-0.000738
2022,31860,18,-0.002134
2022,32580,18,0.003889
2022,32780,18,6.3e-05
2022,32900,18,0.007095
2022,33140,18,0.002247
2022,33340,18,-0.001302
2022,33540,18,0.001104
2022,33700,18,-0.0024
2022,33780,18,0.002145
2022,33860,18,-0.003644
2022,34060,18,-0.008541
2022,34580,18,0.001867
2022,34620,18,0.00216
2022,34740,18,0.003053
2022,34940,18,0.012349
2022,35660,18,-0.003157
2022,35840,18,0.014231
2022,36100,18,0.010088
2022,36220,18,-0.01608
2022,36420,18,0.003829
2022,36500,18,0.004232
2022,36540,18,0.002376
2022,36740,18,-0.000831
2022,36780,18,0.002141
2022,36980,18,-0.004891
2022,37100,18,-0.004965
2022,37340,18,0.002885
2022,37860,18,0.002202
2022,38060,18,0.005349
2022,38300,18,-0.003339
2022,38340,18,-0.002876
2022,38860,18,0.004803
2022,38900,18,-0.000283
2022,38940,18,0.012877
2022,39300,18,-0.002274
2022,39340,18,0.016681
2022,39380,18,-0.005058
2022,39460,18,0.022085
2022,39540,18,-0.001074
2022,39580,18,0.009886
2022,39740,18,0.00085
2022,39820,18,-0.001581
2022,39900,18,0.002659
2022,40140,18,0.005269
2022,40420,18,-0.001738
2022,40660,18,-0.006635
2022,40900,18,0.003314
2022,40980,18,0.000162
2022,41060,18,-0.001637
2022,41100,18,0.028796
2022,41140,18,-0.007534
2022,41420,18,0.001784
2022,41500,18,-0.003934
2022,41700,18,0.007324
2022,41740,18,-0.003062
2022,41940,18,-0.01417
2022,42020,18,-0.00129
2022,42100,18,-0.008686
2022,42140,18,-0.00823
2022,42220,18,-0.005723
2022,42340,18,0.001798
2022,42540,18,0.00139
2022,42680,18,0.005907
2022,43100,18,-0.000579
2022,43620,18,0.014758
2022,43780,18,0.00054
2022,44100,18,-0.00326
2022,44180,18,0.005651
2022,44220,18,0.001301
2022,44300,18,-0.002321
2022,44700,18,0.006812
2022,45060,18,-0.001856
2022,45220,18,-0.004524
2022,45820,18,-0.001943
2022,45940,18,0.000751
2022,46060,18,-0.004217
2022,46140,18,0.003003
2022,46340,18,0.004271
2022,46540,18,-0.003257
2022,46660,18,-0.000883
2022,46700,18,-0.002384
2022,47220,18,0.001385
2022,47300,18,0.003339
2022,47940,18,-0.005576
2022,48300,18,0.006548
2022,48540,18,-0.016398
2022,48660,18,-0.002267
2022,48700,18,-0.002459
2022,49020,18,0.003045
2022,49420,18,-0.003495
2022,49620,18,0.002726
2022,49660,18,-0.000334
2022,49740,18,0.000437
2022,10180,19,-0.000151
2022,10420,19,-0.000409
2022,10580,19,0.001966
2022,10740,19,-0.009886
2022,10780,19,-0.008479
2022,10900,19,0.003169
2022,11260,19,-0.001866
2022,11460,19,-0.002701
2022,11500,19,-0.006705
2022,11540,19,0.004878
2022,11700,19,-0.001232
2022,12020,19,-0.002235
2022,12100,19,0.006208
2022,12220,19,0.013499
2022,12420,19,0.026707
2022,12540,19,0.003755
2022,12580,19,-0.009147
2022,12620,19,0.000339
2022,12700,19,0.006592
2022,12980,19,-1.4e-05
2022,13020,19,-0.00194
2022,13380,19,0.004577
2022,13460,19,0.023883
2022,13780,19,-0.003049
2022,14260,19,0.018736
2022,14500,19,-0.010987
2022,14740,19,-0.00191
2022,15180,19,-5.3e-05
2022,15260,19,-0.006857
2022,15380,19,-0.000549
2022,15500,19,0.000779
2022,15540,19,0.00103
2022,15940,19,0.001055
2022,15980,19,0.019413
2022,16180,19,-0.00448
2022,16220,19,-0.015272
2022,16300,19,-0.004256
2022,16700,19,0.005102
2022,16860,19,-0.003191
2022,16940,19,-0.007863
2022,17020,19,-0.00966
2022,17420,19,0.004669
2022,17660,19,0.025182
2022,17780,19,0.007471
2022,17820,19,-2e-05
2022,17900,19,-0.001555
2022,18020,19,0.003659
2022,18700,19,0.000963
2022,19340,19,-0.001998
2022,19460,19,-0.001395
2022,19500,19,-0.006201
2022,19740,19,-0.006624
2022,20020,19,-0.00261
2022,20100,19,0.00583
2022,20220,19,-0.005723
2022,20740,19,0.008838
2022,20940,19,-0.001614
2022,21140,19,0.001521
2022,21300,19,-0.007427
2022,21500,19,-0.002972
2022,21660,19,-0.000302
2022,21820,19,-0.00429
2022,22020,19,0.006291
2022,22140,19,-0.014957
2022,22380,19,-0.005292
2022,22420,19,-0.000986
2022,22500,19,-0.010562
2022,22520,19,-0.001601
2022,22540,19,0.001889
2022,22660,19,-0.002911
2022,23420,19,0.001946
2022,23460,19,-0.006231
2022,23580,19,0.003513
2022,24020,19,0.000777
2022,24220,19,-0.004165
2022,24300,19,-0.001906
2022,24500,19,-0.009356
2022,24540,19,0.010494
2022,24580,19,0.005013
2022,24660,19,-0.005589
2022,25420,19,0.005392
2022,25500,19,-0.006038
2022,25860,19,-0.009476
2022,25980,19,0.003868
2022,26300,19,-0.003467
2022,26380,19,-0.007145
2022,26620,19,0.013825
2022,26980,19,0.003034
2022,27060,19,-0.000349
2022,27100,19,-0.000685
2022,27260,19,0.00814
2022,27340,19,0.000542
2022,27500,19,0.004257
2022,27740,19,-0.0009
2022,27780,19,-0.004654
2022,27860,19,0.001272
2022,27900,19,0.002103
2022,28100,19,-0.003357
2022,28420,19,0.007879
2022,28660,19,0.013818
2022,28700,19,-0.008325
2022,28740,19,0.005689
2022,29100,19,0.000123
2022,29340,19,-0.0278
2022,29420,19,0.00397
2022,29460,19,0.017455
2022,29540,19,0.000418
2022,29700,19,-0.001075
2022,29740,19,-0.003863
2022,29820,19,-0.002625
2022,29940,19,4e-06
2022,30140,19,0.001727
2022,30300,19,-0.00666
2022,30340,19,-0.000883
2022,30460,19,-0.001892
2022,30620,19,-0.001488
2022,30700,19,0.003548
2022,30780,19,-0.000675
2022,30860,19,0.010264
2022,31020,19,0.001173
2022,31420,19,-0.009052
2022,31700,19,-0.001013
2022,31860,19,-0.001959
2022,32580,19,0.003793
2022,32780,19,0.000351
2022,32900,19,0.006496
2022,33140,19,0.002287
2022,33340,19,-0.001156
2022,33540,19,0.001016
2022,33700,19,-0.002711
2022,33780,19,0.00207
2022,33860,19,-0.003461
2022,34060,19,-0.009975
2022,34580,19,0.001468
2022,34620,19,0.001722
2022,34740,19,0.00263
2022,34940,19,0.013006
2022,35660,19,-0.003195
2022,35840,19,0.014883
2022,36100,19,0.010996
2022,36220,19,-0.014733
2022,36420,19,0.003791
2022,36500,19,0.004413
2022,36540,19,0.00302
2022,36740,19,0.000223
2022,36780,19,0.002293
2022,36980,19,-0.005083
2022,37100,19,-0.005255
2022,37340,19,0.002953
2022,37860,19,0.002978
2022,38060,19,0.005818
2022,38300,19,-0.003475
2022,38340,19,-0.002942
2022,38860,19,0.005009
2022,38900,19,0.000363
2022,38940,19,0.012956
2022,39300,19,-0.002176
2022,39340,19,0.01733
2022,39380,19,-0.005905
2022,39460,19,0.023056
2022,39540,19,-0.001093
2022,39580,19,0.010736
2022,39740,19,0.000658
2022,39820,19,-0.001654
2022,39900,19,0.003647
2022,40140,19,0.005063
2022,40420,19,-0.00138
2022,40660,19,-0.007061
2022,40900,19,0.003822
2022,40980,19,6e-06
2022,41060,19,-0.002322
2022,41100,19,0.029428
2022,41140,19,-0.00823
2022,41420,19,0.001524
2022,41500,19,-0.003856
2022,41700,19,0.007143
2022,41740,19,-0.003089
2022,41940,19,-0.013546
2022,42020,19,-0.001888
2022,42100,19,-0.009004
2022,42140,19,-0.008134
2022,42220,19,-0.006008
2022,42340,19,0.002142
2022,42540,19,0.001232
2022,42680,19,0.005527
2022,43100,19,-0.000624
2022,43620,19,0.016462
2022,43780,19,0.00041
2022,44100,19,-0.003207
2022,44180,19,0.00552
2022,44220,19,0.001409
2022,44300,19,-0.003088
2022,44700,19,0.007149
2022,45060,19,-0.00194
2022,45220,19,-0.004404
2022,45820,19,-0.001999
2022,45940,19,0.001758
2022,46060,19,-0.004228
2022,46140,19,0.003047
2022,46340,19,0.003352
2022,46540,19,-0.003609
2022,46660,19,-0.000288
2022,46700,19,-0.001775
2022,47220,19,0.002005
2022,47300,19,0.00362
2022,47940,19,-0.00611
2022,48300,19,0.006856
2022,48540,19,-0.017535
2022,48660,19,-0.003506
2022,48700,19,-0.002909
2022,49020,19,0.002957
2022,49420,19,-0.003764
2022,49620,19,0.002483
2022,49660,19,-0.000277
2022,49740,19,0.000197
